workspace,phase,elapsed_s,degree_deg,cmX_cm,setspeed_cm_s,energy_j,theta_dot_rad_s,theta_rad,x_center_cm,mode,cart_velocity_cmd_mps,motor_command_cm_s,cart_joint_effort_cmd_n,cart_force_cmd_n,hinge_assist_torque_nm,note
real_current_proof,SWING_UP,0.276,-179.965177,0.016241,2.800720,0.000022427,0.074757908,-3.140984874,0.000000,6,0.028007201,2.800720148,2.000514391,2.000514391,0.000000000,auto_capture
real_current_proof,SWING_UP,0.326,-179.295438,0.336765,2.807762,0.000241722,0.230246647,-3.129295735,0.000000,6,-0.014425844,-1.442584419,-1.030417442,-1.030417442,0.000000000,auto_capture
real_current_proof,SWING_UP,0.377,-178.582038,0.715727,2.810948,0.000340967,0.234950302,-3.116844549,0.000000,6,0.028109485,2.810948475,2.007820339,2.007820339,0.000000000,auto_capture
real_current_proof,SWING_UP,0.429,-177.848897,1.172918,-3.148760,0.000587765,0.278947118,-3.104048817,0.000000,6,-0.031487602,-3.148760232,-2.249114451,-2.249114451,0.000000000,auto_capture
real_current_proof,SWING_UP,0.480,-177.140699,1.718085,2.222958,0.000719759,0.240436259,-3.091688445,0.000000,6,0.022229578,2.222957778,1.587826984,1.587826984,0.000000000,auto_capture
real_current_proof,SWING_UP,0.532,-176.459773,2.380315,2.830459,0.000948580,0.223472222,-3.079804039,0.000000,6,0.028304590,2.830458987,2.021756419,2.021756419,0.000000000,auto_capture
real_current_proof,SWING_UP,0.583,-175.764722,3.208554,-1.290151,0.001336656,0.257433441,-3.067673106,0.000000,6,0.028058542,2.805854169,2.004181549,2.004181549,0.000000000,auto_capture
real_current_proof,SWING_UP,0.634,-175.094770,4.213738,-7.274539,0.001649805,0.230563770,-3.055980245,0.000000,6,-0.072745390,-7.274539004,-5.196099289,-5.196099289,0.000000000,auto_capture
real_current_proof,SWING_UP,0.685,-175.917391,4.726915,11.971621,0.001992525,-0.499195729,-3.070337687,0.000000,6,0.119716214,11.971621426,8.551158161,8.551158161,0.000000000,auto_capture
real_current_proof,SWING_UP,0.736,-176.456514,5.541349,-2.829745,0.000926355,-0.209854381,-3.079747149,0.000000,6,-0.028297453,-2.829745347,-2.021246676,-2.021246676,0.000000000,auto_capture
real_current_proof,SWING_UP,0.787,-177.282668,6.363708,0.842601,0.000799849,-0.299426931,-3.094166257,0.000000,6,-0.028238183,-2.823818342,-2.017013101,-2.017013101,0.000000000,auto_capture
real_current_proof,SWING_UP,0.838,-178.138751,7.278782,4.944259,0.000644777,-0.330814009,-3.109107729,0.000000,6,0.006977254,0.697725368,0.498375263,0.498375263,0.000000000,auto_capture
real_current_proof,SWING_UP,0.890,-178.979277,8.271901,-2.811649,0.000362772,-0.274091792,-3.123777681,0.000000,6,-0.028116486,-2.811648649,-2.008320464,-2.008320464,0.000000000,auto_capture
real_current_proof,SWING_UP,0.951,179.981967,9.491520,3.898294,0.000452355,-0.336279526,3.141277915,0.000000,6,0.038982941,3.898294127,2.784495805,2.784495805,0.000000000,auto_capture
real_current_proof,SWING_UP,1.003,179.123334,10.502689,2.287428,0.000471875,-0.326321630,3.126291942,0.000000,6,0.022874277,2.287427707,1.633876934,1.633876934,0.000000000,auto_capture
real_current_proof,SWING_UP,1.053,178.261975,11.465964,-2.815755,0.000490659,-0.278449396,3.111258399,0.000000,6,-0.028157551,-2.815755112,-2.011253651,-2.011253651,0.000000000,auto_capture
real_current_proof,SWING_UP,1.105,177.386475,12.338567,-1.721128,0.000785026,-0.306946401,3.095978029,0.000000,6,-0.017211277,-1.721127673,-1.229376909,-1.229376909,0.000000000,auto_capture
real_current_proof,SWING_UP,1.156,176.483009,13.076227,0.048256,0.001153464,-0.321884072,3.080209585,0.000000,6,-0.000997112,-0.099711199,-0.071222285,-0.071222285,0.000000000,auto_capture
real_current_proof,SWING_UP,1.207,175.601759,13.664160,-2.848060,0.001496720,-0.292037804,3.064828875,0.000000,6,-0.016621531,-1.662153117,-1.187252227,-1.187252227,0.000000000,auto_capture
real_current_proof,SWING_UP,1.258,174.715650,14.051535,-2.670313,0.002045966,-0.307499394,3.049363353,0.000000,6,-0.026703128,-2.670312767,-1.907366262,-1.907366262,0.000000000,auto_capture
real_current_proof,SWING_UP,1.309,173.819633,14.197669,-0.767516,0.002692612,-0.320916199,3.033724895,0.000000,6,-0.007675155,-0.767515524,-0.548225374,-0.548225374,0.000000000,auto_capture
real_current_proof,SWING_UP,1.361,172.935360,14.074341,-2.858315,0.003353957,-0.306132363,3.018291425,0.000000,6,-0.015220338,-1.522033754,-1.087166967,-1.087166967,0.000000000,auto_capture
real_current_proof,SWING_UP,1.412,172.062667,13.643239,-2.932366,0.004122242,-0.301218617,3.003060063,0.000000,6,-0.029323656,-2.932365555,-2.094546825,-2.094546825,0.000000000,auto_capture
real_current_proof,SWING_UP,1.464,171.201036,12.866149,-2.959550,0.004968838,-0.296116792,2.988021764,0.000000,6,-0.029595498,-2.959549848,-2.113964177,-2.113964177,0.000000000,auto_capture
real_current_proof,SWING_UP,1.515,170.382417,11.720907,-2.986796,0.005817354,-0.274817448,2.973734167,0.000000,6,-0.029867958,-2.986795768,-2.133425549,-2.133425549,0.000000000,auto_capture
real_current_proof,SWING_UP,1.566,169.667551,10.201330,-3.011048,0.006572642,-0.228764611,2.961257393,0.000000,6,-0.030110481,-3.011048140,-2.150748671,-2.150748671,0.000000000,auto_capture
real_current_proof,SWING_UP,1.617,169.119573,8.307621,-3.029914,0.007160169,-0.162860334,2.951693381,0.000000,6,-0.030299137,-3.029913695,-2.164224068,-2.164224068,0.000000000,auto_capture
real_current_proof,SWING_UP,1.671,168.784537,6.039784,-3.041526,0.007521797,-0.083689234,2.945845891,0.000000,6,-0.030415256,-3.041525583,-2.172518273,-2.172518273,0.000000000,auto_capture
real_current_proof,SWING_UP,1.722,168.538580,3.326181,-3.052642,0.007867989,-0.103722066,2.941553129,0.000000,6,-0.030526419,-3.052641863,-2.180458474,-2.180458474,0.000000000,auto_capture
real_current_proof,SWING_UP,1.773,168.286583,0.110784,-3.064823,0.008247352,-0.137602787,2.937154959,0.000000,6,-0.030600747,-3.060074717,-2.185767655,-2.185767655,0.000000000,auto_capture
real_current_proof,SWING_UP,1.825,168.048962,-3.608853,-9.650372,0.008511591,-0.039646890,2.933007699,0.000000,6,-0.096503722,-9.650372198,-6.893122999,-6.893122999,0.000000000,auto_capture
real_current_proof,SWING_UP,1.876,168.185021,-7.671598,-2.927695,0.008892589,0.380513006,2.935382372,0.000000,6,0.034150120,3.415011952,2.439294251,2.439294251,0.000000000,auto_capture
real_current_proof,SWING_UP,1.927,169.016231,-11.902897,3.033475,0.007271086,0.143864220,2.949889718,0.000000,6,-0.005499119,-0.549911855,-0.392794182,-0.392794182,0.000000000,auto_capture
real_current_proof,SWING_UP,1.978,170.018735,-16.517039,2.944605,0.006338826,0.316088558,2.967386714,0.000000,6,-0.034297455,-3.429745451,-2.449818179,-2.449818179,0.000000000,auto_capture
real_current_proof,SWING_UP,2.030,171.071332,-21.526106,1.326714,0.005296397,0.367907689,2.985758006,0.000000,6,0.013267144,1.326714417,0.947653155,0.947653155,0.000000000,auto_capture
real_current_proof,SWING_UP,2.081,173.990188,-26.019734,33.502328,0.016279361,1.879010534,3.036701642,0.000000,6,0.271969147,27.196914717,19.426367655,19.426367655,0.000000000,auto_capture
real_current_proof,SWING_UP,2.132,-173.598960,-26.224106,63.192997,0.168632754,6.445666975,-3.029873425,0.000000,6,0.591139804,59.113980387,42.224271705,42.224271705,0.000000000,auto_capture
real_current_proof,SWING_UP,2.184,-146.199598,-18.762761,38.156539,0.565981772,11.176521671,-2.551664351,0.000000,6,0.381565386,38.156538573,27.254670409,27.254670409,0.000000000,auto_capture
real_current_proof,SWING_UP,2.235,-115.461468,-7.765502,5.847098,0.626249388,10.031746074,-2.015182774,0.000000,6,0.058470976,5.847097563,4.176498259,4.176498259,0.000000000,auto_capture
real_current_proof,SWING_UP,2.286,-90.190887,2.795776,-26.499386,0.642565316,7.928944383,-1.574127933,0.000000,6,-0.264993856,-26.499385557,-18.928132541,-18.928132541,0.000000000,auto_capture
real_current_proof,SWING_UP,2.337,-70.195052,9.986026,-58.630302,0.698465220,6.578612601,-1.225134771,0.000000,6,-0.586303022,-58.630302207,-41.878787291,-41.878787291,0.000000000,auto_capture
real_current_proof,SWING_UP,2.388,-50.716656,9.989201,-52.284239,0.791615103,6.139314537,-0.885172631,0.000000,6,-0.586978760,-58.697876007,-41.927054291,-41.927054291,-3.000000000,auto_capture
real_current_proof,SWING_UP,2.439,-44.681578,2.429730,-63.699901,0.698043136,2.580537334,-0.779840648,0.000000,6,-0.636999005,-63.699900517,-50.474127181,-50.474127181,-1.789337791,auto_capture
real_current_proof,SWING_UP,2.491,-41.311704,-8.570270,7.787776,0.695382989,1.435257356,-0.721025261,0.000000,6,0.077877759,7.787775883,-23.921561661,-23.921561661,-0.133335988,auto_capture
real_current_proof,SWING_UP,2.542,-38.155424,-19.570270,79.913550,0.705777533,1.097564303,-0.665937777,0.000000,6,0.799135499,79.913549883,2.868011539,2.868011539,0.241710448,auto_capture
real_current_proof,SWING_UP,2.593,-35.778547,-29.747846,133.000000,0.712321226,0.627268466,-0.624453453,0.000000,6,1.330000000,133.000000000,29.421157899,29.421157899,0.869730814,auto_capture
real_current_proof,SWING_UP,2.644,-34.648606,-35.132512,133.000000,0.715392008,0.213564912,-0.604732252,0.000000,6,1.330000000,133.000000000,55.903460499,55.903460499,1.472492897,auto_capture
real_current_proof,SWING_UP,2.695,-33.887224,-31.826758,61.977087,0.718947832,0.447832799,-0.591443631,0.000000,6,0.619770872,61.977087200,35.058374098,35.058374098,1.057798413,auto_capture
real_current_proof,SWING_UP,2.746,-31.941512,-21.942578,-9.914545,0.729907073,1.063121272,-0.557484556,0.000000,6,-0.099145452,-9.914545200,8.355767778,8.355767778,-0.028540366,auto_capture
real_current_proof,SWING_UP,2.797,-29.142527,-11.124819,-80.920447,0.740549693,1.164389637,-0.508633041,0.000000,6,-0.809204466,-80.920446600,-18.017852742,-18.017852742,-0.052211299,auto_capture
real_current_proof,SWING_UP,2.848,-25.493218,-3.141471,-133.000000,0.754847820,1.436433124,-0.444940593,0.000000,6,-1.330000000,-133.000000000,-44.788072062,-44.788072062,-0.963471220,auto_capture
real_current_proof,SWING_UP,2.900,-21.216748,-2.489723,-74.328027,0.764859483,1.290069636,-0.370302117,0.000000,6,-0.743280265,-74.328026519,-39.392011262,-39.392011262,-1.307881578,auto_capture
real_current_proof,SWING_UP,2.952,-18.351443,-9.128379,-1.928774,0.767159534,0.760879715,-0.320293108,0.000000,6,-0.019287737,-1.928773719,-12.500860222,-12.500860222,-0.256528222,auto_capture
real_current_proof,SWING_UP,3.003,-16.925602,-18.463825,69.810677,0.768131423,0.286697516,-0.295407483,0.000000,6,0.698106773,69.810677281,14.145221578,14.145221578,0.285621859,auto_capture
real_current_proof,SWING_UP,3.054,-16.856421,-25.731536,133.000000,0.768045838,-0.162429550,-0.294200046,0.000000,6,1.330000000,133.000000000,40.776306578,40.776306578,1.003433144,auto_capture
real_current_proof,SWING_UP,3.105,-17.966682,-26.220374,90.185154,0.766357323,-0.416021693,-0.313577752,0.000000,6,0.901851538,90.185153800,46.250037698,46.250037698,1.733024148,auto_capture
real_current_proof,SWING_UP,3.157,-18.099724,-18.538766,18.099719,0.765450191,0.129645634,-0.315899786,0.000000,6,0.180997194,18.099719400,19.475447778,19.475447778,0.740266343,auto_capture
real_current_proof,SWING_UP,3.208,-16.704431,-7.587562,-53.482920,0.768863625,0.394588066,-0.291547320,0.000000,6,-0.534829204,-53.482920400,-7.112389862,-7.112389862,0.130663490,auto_capture
real_current_proof,SWING_UP,3.259,-14.453257,2.098470,-124.837968,0.775688104,0.909250182,-0.252256928,0.000000,6,-1.248379678,-124.837967800,-33.615693182,-33.615693182,-0.698029507,auto_capture
real_current_proof,SWING_UP,3.311,-11.079223,6.226223,-109.276681,0.784600105,1.333556672,-0.193368918,0.000000,6,-1.092766810,-109.276681019,-49.547618022,-49.547618022,-1.553583921,auto_capture
real_current_proof,SWING_UP,3.362,-8.386078,2.192746,-37.792978,0.782947101,0.765297524,-0.146364679,0.000000,6,-0.377929778,-37.792977819,-22.996528262,-22.996528262,-0.785382002,auto_capture
real_current_proof,SWING_UP,3.413,-7.235991,-6.379657,34.410456,0.781848573,0.208407387,-0.126291872,0.000000,6,0.344104556,34.410455581,3.821889858,3.821889858,0.045423797,auto_capture
real_current_proof,SWING_UP,3.465,-7.488327,-14.725147,106.559631,0.781766638,-0.279842413,-0.130695961,0.000000,6,1.065596306,106.559630581,30.620154858,30.620154858,0.839835745,auto_capture
real_current_proof,SWING_UP,3.516,-9.007879,-18.078937,117.173161,0.781989037,-0.712140642,-0.157217144,0.000000,6,1.171731606,117.173160583,46.395938258,46.395938258,1.611076457,auto_capture
real_current_proof,SWING_UP,3.567,-9.954250,-13.821325,45.077657,0.779028831,-0.184379606,-0.173734443,0.000000,6,0.450776574,45.077657383,19.617608498,19.617608498,0.816210697,auto_capture
real_current_proof,SWING_UP,3.618,-9.496923,-5.585937,-26.439579,0.779846900,0.325941960,-0.165752581,0.000000,6,-0.264395786,-26.439578617,-6.945936302,-6.945936302,-0.024249393,auto_capture
real_current_proof,SWING_UP,3.669,-7.783441,1.865142,-98.543979,0.783569486,0.772116886,-0.135846665,0.000000,6,-0.985439788,-98.543978817,-33.727570662,-33.727570662,-0.827847024,auto_capture
real_current_proof,SWING_UP,3.721,-4.985585,3.800871,-84.245574,0.787220730,0.988096429,-0.087014865,0.000000,6,-0.842455744,-84.245574417,-38.779720102,-38.779720102,-1.319909691,auto_capture
real_current_proof,SWING_UP,3.772,-3.336677,-1.112095,-12.698423,0.784695449,0.374386141,-0.058236006,0.000000,6,-0.126984232,-12.698423217,-12.205063942,-12.205063942,-0.424309808,auto_capture
real_current_proof,SWING_UP,3.824,-3.127013,-8.649518,60.518908,0.784290283,-0.136511746,-0.054576681,0.000000,6,0.605189084,60.518908383,14.989944938,14.989944938,0.183012015,auto_capture
real_current_proof,SWING_UP,3.876,-4.261228,-13.999938,133.000000,0.785087771,-0.585769685,-0.074372458,0.000000,6,1.330000000,133.000000000,42.198825338,42.198825338,1.160348869,auto_capture
real_current_proof,SWING_UP,3.928,-5.859600,-12.867963,68.972679,0.783038322,-0.268603752,-0.102269310,0.000000,6,0.689726787,68.972678691,26.190280578,26.190280578,0.982931452,auto_capture
real_current_proof,SWING_UP,3.981,-6.049371,-6.621491,-4.379605,0.782717948,0.160503550,-0.105581450,0.000000,6,-0.043796045,-4.379604509,-1.054853182,-1.054853182,0.059938671,auto_capture
real_current_proof,SWING_UP,4.033,-4.904294,-0.013298,-76.610544,0.784725514,0.583552291,-0.085596079,0.000000,6,-0.766105437,-76.610543709,-27.883487742,-27.883487742,-0.676895429,auto_capture
real_current_proof,SWING_UP,4.084,-2.604103,2.145703,-88.481730,0.787073049,0.818271516,-0.045450163,0.000000,6,-0.884817298,-88.481729846,-33.314126462,-33.314126462,-1.172883937,auto_capture
real_current_proof,SWING_UP,4.136,-1.414937,-1.569678,-16.402226,0.784859632,0.211707223,-0.024695301,0.000000,6,-0.164022258,-16.402225846,-6.541739262,-6.541739262,-0.502967911,auto_capture
real_current_proof,SWING_UP,4.187,-1.628295,-6.910985,55.650005,0.784947877,-0.276733873,-0.028419102,0.000000,6,0.556500048,55.650004754,20.220517818,20.220517818,0.528031502,auto_capture
real_current_proof,SWING_UP,4.239,-3.126798,-9.100321,69.640187,0.786201637,-0.704594869,-0.054572914,0.000000,6,0.696401866,69.640186554,36.201819778,36.201819778,1.133637171,auto_capture
real_current_proof,SWING_UP,4.291,-4.063582,-5.501330,-2.586452,0.783914943,-0.159237250,-0.070922885,0.000000,6,-0.025864518,-2.586451846,9.374782658,9.374782658,0.467548253,auto_capture
real_current_proof,SWING_UP,4.343,-3.565270,0.224435,-75.407099,0.784544386,0.354906707,-0.062225705,0.000000,6,-0.754070990,-75.407099046,-17.672886302,-17.672886302,-0.381173617,auto_capture
real_current_proof,SWING_UP,4.394,-1.783138,3.268614,-98.828203,0.787154119,0.797517143,-0.031121637,0.000000,6,-0.988282030,-98.828202994,-36.399435460,-36.399435460,-1.182662517,auto_capture
real_current_proof,SWING_UP,4.446,-0.446818,0.758445,-26.772356,0.785122539,0.289167439,-0.007798445,0.000000,6,-0.267723562,-26.772356194,-9.635835220,-9.635835220,-0.439272568,auto_capture
real_current_proof,SWING_UP,4.498,-0.573083,-3.912807,46.184377,0.784985983,-0.226722140,-0.010002186,0.000000,6,0.461843766,46.184376606,17.462379820,17.462379820,0.392761983,auto_capture
real_current_proof,BALANCE,4.549,-2.021938,-5.945730,58.591019,0.786407624,-0.680429260,-0.035289479,0.000000,7,0.585910187,58.591018742,33.659665340,33.659665340,1.023363754,manual_A_near_upright
real_current_proof,BALANCE,4.601,-2.915560,-2.684946,-14.414498,0.784375844,-0.144718655,-0.050886130,0.000000,7,-0.144144985,-14.414498458,6.543330380,6.543330380,0.384208239,manual_A_near_upright
real_current_proof,BALANCE,4.653,-2.374156,2.207321,-84.000000,0.785005446,0.368196748,-0.041436845,0.000000,7,-0.840000000,-84.000000000,-20.400485740,-20.400485740,-0.464804260,manual_A_near_upright
real_current_proof,BALANCE,4.704,-0.612232,3.966617,-55.362766,0.786679259,0.689503594,-0.010685461,0.000000,7,-0.553627662,-55.362766200,-28.923123079,-28.923123079,-1.071149367,manual_A_near_upright
real_current_proof,BALANCE,4.756,0.225164,0.844175,16.853705,0.784845103,0.109696761,0.003929857,0.000000,7,0.168537054,16.853705400,-2.099862199,-2.099862199,-0.187304387,manual_A_near_upright
real_current_proof,BALANCE,4.808,-0.332075,-3.110328,84.000000,0.785385445,-0.384719246,-0.005795795,0.000000,7,0.840000000,84.000000000,24.831717281,24.831717281,0.632938178,manual_A_near_upright
real_current_proof,BALANCE,4.859,-1.808905,-3.336257,38.362360,0.785025418,-0.324408587,-0.031571343,0.000000,7,0.383623596,38.362359579,19.445270241,19.445270241,0.957758730,manual_A_near_upright
real_current_proof,BALANCE,4.911,-1.957297,0.164400,-33.991134,0.784688540,0.171377814,-0.034161276,0.000000,7,-0.339911342,-33.991134221,-7.428884599,-7.428884599,-0.171720675,manual_A_near_upright
real_current_proof,BALANCE,4.963,-0.801384,2.814875,-69.742410,0.786196544,0.598942043,-0.013986784,0.000000,7,-0.697424098,-69.742409800,-34.423151639,-34.423151639,-0.916346915,manual_A_near_upright
real_current_proof,BALANCE,5.015,0.351438,0.975905,3.281228,0.784941314,0.192805490,0.006133755,0.000000,7,0.032812276,3.281227600,-7.300086319,-7.300086319,-0.326890049,manual_A_near_upright
real_current_proof,BALANCE,5.067,0.068946,-2.678127,75.848214,0.785082547,-0.265909385,0.001203343,0.000000,7,0.758482144,75.848214400,19.653365921,19.653365921,0.340163048,manual_A_near_upright
real_current_proof,BALANCE,5.118,-1.452320,-3.352322,40.966202,0.785857398,-0.543932723,-0.025347765,0.000000,7,0.409662022,40.966202200,25.073483481,25.073483481,0.946335652,manual_A_near_upright
real_current_proof,BALANCE,5.169,-1.934970,0.397894,-30.275116,0.784577411,0.017026732,-0.033771602,0.000000,7,-0.302751162,-30.275116200,-1.387577639,-1.387577639,0.074072034,manual_A_near_upright
real_current_proof,BALANCE,5.220,-1.069851,4.369882,-84.000000,0.785716474,0.496205342,-0.018672426,0.000000,7,-0.840000000,-84.000000000,-28.218186119,-28.218186119,-0.737911270,manual_A_near_upright
real_current_proof,BALANCE,5.272,0.683379,3.966814,-25.946938,0.785463028,0.415613503,0.011927208,0.000000,7,-0.259469378,-25.946937800,-22.752569599,-22.752569599,-1.059579689,manual_A_near_upright
real_current_proof,BALANCE,5.324,1.097645,-0.792075,46.226943,0.784759183,-0.088301656,0.019157525,0.000000,7,0.462269430,46.226943000,4.054871841,4.054871841,0.083810075,manual_A_near_upright
real_current_proof,BALANCE,5.375,0.176734,-5.357496,84.000000,0.785912487,-0.527814841,0.003084582,0.000000,7,0.840000000,84.000000000,30.719570161,30.719570161,0.835250000,manual_A_near_upright
real_current_proof,BALANCE,5.427,-1.649785,-5.146207,33.485265,0.785430671,-0.445345251,-0.028794175,0.000000,7,0.334852654,33.485265416,25.406464961,25.406464961,0.798934925,manual_A_near_upright
real_current_proof,BALANCE,5.479,-2.098455,-0.111477,-38.896265,0.784557676,0.072157111,-0.036624947,0.000000,7,-0.388962648,-38.896264784,-1.478103399,-1.478103399,-0.005576538,manual_A_near_upright
real_current_proof,BALANCE,5.530,-1.206504,5.179811,-84.000000,0.785770403,0.514149422,-0.021057470,0.000000,7,-0.840000000,-84.000000000,-28.395352719,-28.395352719,-0.759466665,manual_A_near_upright
real_current_proof,BALANCE,5.581,0.830123,5.918940,-41.849688,0.786904966,0.732487184,0.014488386,0.000000,7,-0.418496876,-41.849687600,-33.844083799,-33.844083799,-1.373110345,manual_A_near_upright
real_current_proof,BALANCE,5.633,1.769444,0.715585,30.694520,0.784678913,0.128473285,0.030882624,0.000000,7,0.306945198,30.694519800,-6.899092479,-6.899092479,-0.298205128,manual_A_near_upright
real_current_proof,BALANCE,5.685,1.326402,-6.221760,84.000000,0.785213371,-0.360040034,0.023150080,0.000000,7,0.840000000,84.000000000,19.831730601,19.831730601,0.506613815,manual_A_near_upright
real_current_proof,BALANCE,5.736,-0.386424,-10.085635,84.000000,0.787223982,-0.779888834,-0.006744363,0.000000,7,0.840000000,84.000000000,46.665861041,46.665861041,1.268055223,manual_A_near_upright
real_current_proof,BALANCE,5.788,-2.038427,-7.250536,11.470260,0.785082651,-0.364336087,-0.035577259,0.000000,7,0.114702602,11.470260200,19.726243401,19.726243401,0.689669515,manual_A_near_upright
real_current_proof,BALANCE,5.840,-2.230960,-0.399578,-60.809497,0.784549745,0.108596935,-0.038937601,0.000000,7,-0.608094970,-60.809497000,-7.120523559,-7.120523559,0.019639170,manual_A_near_upright
real_current_proof,BALANCE,5.891,-1.080433,5.659374,-84.000000,0.786044398,0.573184676,-0.018857109,0.000000,7,-0.840000000,-84.000000000,-34.017985319,-34.017985319,-0.714013235,manual_A_near_upright
real_current_proof,BALANCE,5.945,1.014878,6.293951,-40.591593,0.785875721,0.533215998,0.017712965,0.000000,7,-0.405915930,-40.591593000,-29.585438759,-29.585438759,-0.906284491,manual_A_near_upright
real_current_proof,BALANCE,5.997,1.711958,1.343088,32.605317,0.784624907,-0.003742700,0.029879305,0.000000,7,0.326053168,32.605316800,-2.398015119,-2.398015119,-0.083649595,manual_A_near_upright
real_current_proof,BALANCE,6.051,1.022215,-4.543689,84.000000,0.785606451,-0.466074082,0.017841019,0.000000,7,0.840000000,84.000000000,25.465830761,25.465830761,0.500315640,manual_A_near_upright
real_current_proof,BALANCE,6.101,-0.869485,-6.485250,55.788909,0.786954252,-0.741524567,-0.015175385,0.000000,7,0.557889094,55.788909400,34.271574735,34.271574735,1.278453231,manual_A_near_upright
real_current_proof,BALANCE,6.153,-1.849364,-2.608749,-16.236990,0.784692227,-0.155416927,-0.032277486,0.000000,7,-0.162369900,-16.236990000,7.519097815,7.519097815,0.539498322,manual_A_near_upright
real_current_proof,BALANCE,6.205,-1.444510,3.142119,-84.000000,0.785183487,0.356436551,-0.025211457,0.000000,7,-0.840000000,-84.000000000,-19.821236505,-19.821236505,-0.494664111,manual_A_near_upright
real_current_proof,BALANCE,6.256,0.266336,5.960028,-69.337645,0.787237615,0.781321667,0.004648442,0.000000,7,-0.693376446,-69.337644600,-35.381049865,-35.381049865,-1.079327075,manual_A_near_upright
real_current_proof,BALANCE,6.308,1.370218,3.115102,2.902553,0.784918886,0.240359841,0.023914824,0.000000,7,0.029025528,2.902552800,-8.548976545,-8.548976545,-0.456320218,manual_A_near_upright
real_current_proof,BALANCE,6.359,1.057719,-1.732845,74.577776,0.785052302,-0.282473212,0.018460675,0.000000,7,0.745777760,74.577776000,18.073249215,18.073249215,0.396575115,manual_A_near_upright
real_current_proof,BALANCE,6.410,-0.555699,-3.806691,55.207804,0.786980076,-0.741372383,-0.009698784,0.000000,7,0.552078044,55.207804400,34.147677455,34.147677455,1.215292165,manual_A_near_upright
real_current_proof,BALANCE,6.462,-1.599608,-0.465200,-16.940984,0.784803591,-0.197804796,-0.027918423,0.000000,7,-0.169409842,-16.940984200,7.349555975,7.349555975,0.400242943,manual_A_near_upright
real_current_proof,BALANCE,6.515,-1.183380,4.657166,-84.000000,0.785121454,0.318255719,-0.020653880,0.000000,7,-0.840000000,-84.000000000,-20.046662225,-20.046662225,-0.275137534,manual_A_near_upright
real_current_proof,BALANCE,6.566,0.540521,6.694904,-56.416446,0.787195095,0.776620358,0.009433872,0.000000,7,-0.564164462,-56.416446183,-36.248509705,-36.248509705,-1.270894189,manual_A_near_upright
real_current_proof,BALANCE,6.618,1.686848,2.817512,15.671337,0.784865366,0.242597856,0.029441046,0.000000,7,0.156713374,15.671337417,-9.473047225,-9.473047225,-0.529289086,manual_A_near_upright
real_current_proof,BALANCE,6.668,1.396801,-3.046287,84.000000,0.784941575,-0.254054809,0.024378771,0.000000,7,0.840000000,84.000000000,16.742119935,16.742119935,0.333351382,manual_A_near_upright
real_current_proof,BALANCE,6.720,-0.207027,-6.510021,78.203756,0.786918651,-0.728219149,-0.003613296,0.000000,7,0.782037557,78.203755677,43.463768135,43.463768135,0.971416678,manual_A_near_upright
real_current_proof,BALANCE,6.771,-1.710279,-3.844502,6.863079,0.785062650,-0.330702263,-0.029849997,0.000000,7,0.068630793,6.863079277,16.965802615,16.965802615,0.614463773,manual_A_near_upright
real_current_proof,BALANCE,6.823,-1.803149,2.291504,-65.925864,0.784687747,0.143222354,-0.031470880,0.000000,7,-0.659258635,-65.925863523,-10.070090425,-10.070090425,-0.134743126,manual_A_near_upright
real_current_proof,BALANCE,6.874,-0.549362,7.143119,-84.000000,0.786245317,0.604845785,-0.009588173,0.000000,7,-0.840000000,-84.000000000,-36.536900145,-36.536900145,-0.938988738,manual_A_near_upright
real_current_proof,BALANCE,6.925,1.183591,6.462318,-26.597259,0.785166051,0.335325885,0.020657566,0.000000,7,-0.265972588,-26.597258800,-20.669017465,-20.669017465,-0.598494115,manual_A_near_upright
real_current_proof,BALANCE,6.977,1.485662,1.664688,45.366300,0.784713383,-0.106408239,0.025929694,0.000000,7,0.453663000,45.366300000,6.060304375,6.060304375,0.092464101,manual_A_near_upright
real_current_proof,BALANCE,7.028,0.447592,-2.512891,84.000000,0.785960655,-0.541439907,0.007811962,0.000000,7,0.840000000,84.000000000,32.874705495,32.874705495,0.842867964,manual_A_near_upright
real_current_proof,BALANCE,7.080,-1.063151,-1.842399,26.122313,0.784986526,-0.252030002,-0.018555493,0.000000,7,0.261223130,26.122313000,16.644541935,16.644541935,0.458914482,manual_A_near_upright
real_current_proof,BALANCE,7.131,-1.186353,2.222412,-46.057694,0.784824548,0.164819251,-0.020705758,0.000000,7,-0.460576942,-46.057694200,-10.165175025,-10.165175025,-0.201593526,manual_A_near_upright
real_current_proof,BALANCE,7.182,0.034477,4.960971,-69.478398,0.786257205,0.603588348,0.000601734,0.000000,7,-0.840000000,-84.000000000,-31.676182985,-31.676182985,-0.831622199,manual_A_near_upright
real_current_proof,BALANCE,7.234,1.259334,2.723483,2.161173,0.784890034,0.214950437,0.021979525,0.000000,7,0.021611730,2.161173000,-10.460937505,-10.460937505,-0.432712829,manual_A_near_upright
real_current_proof,BALANCE,7.285,1.080685,-1.840174,73.142208,0.784954190,-0.236636741,0.018861515,0.000000,7,0.731422076,73.142207600,15.903446775,15.903446775,0.322034241,manual_A_near_upright
real_current_proof,BALANCE,7.336,-0.414713,-4.016311,64.486266,0.786714805,-0.693736940,-0.007238102,0.000000,7,0.644862661,64.486266108,32.154091575,32.154091575,1.131693410,manual_A_near_upright
real_current_proof,BALANCE,7.388,-1.369341,-1.150619,-7.721115,0.784796478,-0.164726357,-0.023899515,0.000000,7,-0.077211153,-7.721115292,5.334207055,5.334207055,0.335260717,manual_A_near_upright
real_current_proof,BALANCE,7.439,-0.892270,3.127537,-79.847451,0.785228071,0.344837891,-0.015573050,0.000000,7,-0.798474507,-79.847450692,-21.455574665,-21.455574665,-0.505021475,manual_A_near_upright
real_current_proof,BALANCE,7.491,0.787753,4.080035,-40.830156,0.786269108,0.613635844,0.013748891,0.000000,7,-0.408301558,-40.830155800,-26.824948025,-26.824948025,-1.023064023,manual_A_near_upright
real_current_proof,BALANCE,7.542,1.398622,0.213295,31.152467,0.784683566,0.010848957,0.024410558,0.000000,7,0.311524668,31.152466800,-0.088545345,-0.088545345,-0.090590006,manual_A_near_upright
real_current_proof,BALANCE,7.593,0.667471,-3.967248,84.000000,0.785583424,-0.450013945,0.011649565,0.000000,7,0.840000000,84.000000000,26.489209495,26.489209495,0.685073618,manual_A_near_upright
real_current_proof,BALANCE,7.647,-0.969071,-4.176901,39.179809,0.785306889,-0.375171181,-0.016913482,0.000000,7,0.549333302,54.933330200,26.558711135,26.558711135,1.014287793,manual_A_near_upright
real_current_proof,BALANCE,7.704,-1.099817,-0.420715,-41.537695,0.784883162,0.197137172,-0.019195423,0.000000,7,-0.415376948,-41.537694800,-9.273383865,-9.273383865,-0.257833207,manual_A_near_upright
real_current_proof,BALANCE,7.757,0.095049,2.256158,-68.959957,0.786441127,0.640637704,0.001658924,0.000000,7,-0.689599568,-68.959956800,-36.715223225,-36.715223225,-0.821456739,manual_A_near_upright
real_current_proof,BALANCE,7.809,1.276037,0.071572,4.508867,0.784855223,0.195278341,0.022271055,0.000000,7,0.045088666,4.508866600,-9.426803105,-9.426803105,-0.387510662,manual_A_near_upright
real_current_proof,BALANCE,7.861,1.024158,-4.369022,77.607167,0.785006776,-0.259548818,0.017874927,0.000000,7,0.776071674,77.607167400,17.723994335,17.723994335,0.310472497,manual_A_near_upright
real_current_proof,BALANCE,7.913,-0.557444,-6.209304,55.002788,0.786788515,-0.708358393,-0.009729232,0.000000,7,0.697718574,69.771857400,39.449475255,39.449475255,1.050598293,manual_A_near_upright
real_current_proof,BALANCE,7.966,-1.567005,-2.674041,-18.379060,0.784802189,-0.192960476,-0.027349405,0.000000,7,-0.183790600,-18.379060000,6.707705935,6.707705935,0.390784976,manual_A_near_upright
real_current_proof,BALANCE,8.017,-1.168295,2.570812,-84.000000,0.785090397,0.304946306,-0.020390586,0.000000,7,-0.840000000,-84.000000000,-19.599860545,-19.599860545,-0.426742331,manual_A_near_upright
real_current_proof,BALANCE,8.068,0.518276,4.781483,-61.636769,0.787101902,0.761241699,0.009045619,0.000000,7,-0.616367692,-61.636769226,-35.556766705,-35.556766705,-1.245123574,manual_A_near_upright
real_current_proof,BALANCE,8.119,1.650942,1.299138,9.403637,0.784857250,0.234594018,0.028814380,0.000000,7,0.094036366,9.403636574,-9.170330265,-9.170330265,-0.461793569,manual_A_near_upright
real_current_proof,BALANCE,8.170,1.342981,-4.270238,81.356765,0.785016712,-0.284824891,0.023439447,0.000000,7,0.813567654,81.356765374,17.555117575,17.555117575,0.385401484,manual_A_near_upright
real_current_proof,BALANCE,8.221,-0.243884,-7.197079,69.878518,0.786874255,-0.720730427,-0.004256586,0.000000,7,0.698785178,69.878517800,41.768006576,41.768006576,1.165938442,manual_A_near_upright
real_current_proof,BALANCE,8.272,-1.698258,-4.124913,-2.517382,0.784971066,-0.293011581,-0.029640198,0.000000,7,-0.025173820,-2.517382000,14.878100936,14.878100936,0.557739124,manual_A_near_upright
real_current_proof,BALANCE,8.323,-1.672897,2.253200,-73.783623,0.784770967,0.185886157,-0.029197558,0.000000,7,-0.737836232,-73.783623200,-11.592217224,-11.592217224,-0.209825178,manual_A_near_upright
real_current_proof,BALANCE,8.374,-0.358500,6.789337,-84.000000,0.786406838,0.635318588,-0.006256999,0.000000,7,-0.840000000,-84.000000000,-38.356264664,-38.356264664,-0.997738744,manual_A_near_upright
real_current_proof,BALANCE,8.426,1.457605,5.526745,-25.985046,0.785165208,0.350778029,0.025439999,0.000000,7,-0.259850458,-25.985045800,-22.134968144,-22.134968144,-0.637564843,manual_A_near_upright
real_current_proof,BALANCE,8.477,1.814121,0.007276,44.596164,0.784620104,-0.064767206,0.031662392,0.000000,7,0.445961642,44.596164200,4.080909856,4.080909856,0.008640354,manual_A_near_upright
real_current_proof,BALANCE,8.528,0.852165,-5.325477,84.000000,0.785798093,-0.510268009,0.014873085,0.000000,7,0.840000000,84.000000000,30.910719096,30.910719096,0.771809558,manual_A_near_upright
real_current_proof,BALANCE,8.580,-1.008705,-5.825758,40.671114,0.785633736,-0.472902073,-0.017605226,0.000000,7,0.406711144,40.671114400,25.425972816,25.425972816,0.809458993,manual_A_near_upright
real_current_proof,BALANCE,8.632,-1.522922,-1.518566,-31.550963,0.784667392,0.038724787,-0.026580011,0.000000,7,-0.315509628,-31.550962800,-1.399370144,-1.399370144,0.017780372,manual_A_near_upright
real_current_proof,BALANCE,8.683,-0.696168,2.996340,-84.000000,0.785698607,0.481552870,-0.012150417,0.000000,7,-0.840000000,-84.000000000,-28.394690184,-28.394690184,-0.734033340,manual_A_near_upright
real_current_proof,BALANCE,8.734,1.022226,3.118997,-39.887824,0.785379718,0.400677220,0.017841202,0.000000,7,-0.398878244,-39.887824409,-22.883472264,-22.883472264,-0.694607157,manual_A_near_upright
real_current_proof,BALANCE,8.786,1.404902,-1.100133,32.369740,0.784715478,-0.091426307,0.024520157,0.000000,7,0.323697400,32.369739991,3.955051656,3.955051656,0.072721620,manual_A_near_upright
real_current_proof,BALANCE,8.838,0.465985,-5.071449,84.000000,0.785873988,-0.521288131,0.008132980,0.000000,7,0.840000000,84.000000000,30.847571856,30.847571856,0.809662068,manual_A_near_upright
real_current_proof,BALANCE,8.888,-0.942043,-4.550162,27.157624,0.784920117,-0.208059167,-0.016441747,0.000000,7,0.412232828,41.223282800,20.282125016,20.282125016,0.625422342,manual_A_near_upright
real_current_proof,BALANCE,8.939,-0.987045,-0.928623,-44.314731,0.784889150,0.191947968,-0.017227179,0.000000,7,-0.443147306,-44.314730600,-11.489137104,-11.489137104,-0.255435211,manual_A_near_upright
real_current_proof,BALANCE,8.990,0.251383,1.116520,-58.515147,0.786381167,0.629472743,0.004387462,0.000000,7,-0.585151475,-58.515147472,-27.310699744,-27.310699744,-0.868291948,manual_A_near_upright
real_current_proof,BALANCE,9.041,0.979252,-1.032857,12.386364,0.784776400,0.091801320,0.017091173,0.000000,7,0.123863643,12.386364328,-0.975852504,-0.975852504,-0.198155629,manual_A_near_upright
real_current_proof,BALANCE,9.102,0.044343,-4.014522,68.640791,0.785832490,-0.508086545,0.000773930,0.000000,7,0.686407905,68.640790528,30.596936016,30.596936016,0.810616681,manual_A_near_upright
real_current_proof,BALANCE,9.153,-0.858828,-2.503200,-3.298291,0.784809669,-0.115921009,-0.014989375,0.000000,7,-0.032982907,-3.298290672,3.876705856,3.876705856,0.230441739,manual_A_near_upright
real_current_proof,BALANCE,9.204,-0.384338,0.172948,-74.699572,0.785248082,0.337975833,-0.006707970,0.000000,7,-0.746995717,-74.699571672,-22.643769944,-22.643769944,-0.418752837,manual_A_near_upright
real_current_proof,BALANCE,9.255,0.621826,-0.192445,-9.668847,0.784792181,0.061826851,0.010852909,0.000000,7,-0.096688469,-9.668846869,-6.419395024,-6.419395024,-0.131481688,manual_A_near_upright
real_current_proof,BALANCE,9.306,0.280521,-2.165241,61.369633,0.785201384,-0.318624966,0.004896013,0.000000,7,0.613696325,61.369632531,19.966325896,19.966325896,0.495111907,manual_A_near_upright
real_current_proof,BALANCE,9.358,-0.580001,-1.564018,-7.686062,0.784783201,-0.028751125,-0.010122925,0.000000,7,-0.076860625,-7.686062482,4.059501456,4.059501456,0.076370575,manual_A_near_upright
real_current_proof,BALANCE,9.409,-0.099517,0.195080,-56.668260,0.785348249,0.370418930,-0.001736904,0.000000,7,-0.657104065,-65.710406482,-17.492397744,-17.492397744,-0.491554152,manual_A_near_upright
real_current_proof,BALANCE,9.461,0.431801,-0.499600,15.599209,0.784792261,-0.029172563,0.007536355,0.000000,7,0.155992093,15.599209318,3.950019616,3.950019616,0.024067036,manual_A_near_upright
real_current_proof,BALANCE,9.513,-0.322336,-1.012024,8.198483,0.785149000,-0.297997460,-0.005625824,0.000000,7,0.081984832,8.198483156,9.313456656,9.313456656,0.493673410,manual_A_near_upright
real_current_proof,BALANCE,9.565,-0.098250,0.038002,-38.824952,0.785085621,0.267487118,-0.001714791,0.000000,7,-0.388249522,-38.824952221,-17.464981784,-17.464981784,-0.422835015,manual_A_near_upright
real_current_proof,BALANCE,9.617,0.167055,-0.400678,33.531972,0.784835717,-0.096675891,0.002915655,0.000000,7,0.335319716,33.531971579,9.410447056,9.410447056,0.145934462,manual_A_near_upright
real_current_proof,BALANCE,9.668,-0.148334,-0.175934,-32.366042,0.784916893,0.171906706,-0.002588915,0.000000,7,-0.323660421,-32.366042089,-6.759024184,-6.759024184,0.007067400,manual_A_near_upright
real_current_proof,BALANCE,9.719,0.050143,-0.168382,11.715748,0.784915667,-0.170159787,0.000875161,0.000000,7,0.117157479,11.715747941,8.368391386,8.368391386,0.269630177,manual_A_near_upright
real_current_proof,BALANCE,9.772,0.129309,-0.106460,5.919592,0.784808392,0.048455247,0.002256872,0.000000,7,0.059195917,5.919591686,3.441301436,3.441301436,-0.084299012,manual_A_near_upright
real_current_proof,BALANCE,9.822,0.081709,-0.105512,1.642140,0.784800655,0.016236007,0.001426087,0.000000,7,0.016421397,1.642139677,1.172956912,1.172956912,-0.030255874,manual_A_near_upright
real_current_proof,BALANCE,9.874,0.035486,-0.099583,0.644722,0.784802815,-0.026882271,0.000619352,0.000000,7,0.006447217,0.644721664,0.460515475,0.460515475,0.041153578,manual_A_near_upright
real_current_proof,BALANCE,9.925,0.013875,-0.094073,0.268438,0.784802301,-0.024045664,0.000242167,0.000000,7,0.002684383,0.268438325,0.191741661,0.191741661,0.037746561,manual_A_near_upright
real_current_proof,BALANCE,9.977,0.008292,-0.089309,0.095883,0.784800509,-0.011329386,0.000144727,0.000000,7,0.000958830,0.095882953,0.068487823,0.068487823,0.017692834,manual_A_near_upright
real_current_proof,BALANCE,10.028,0.007857,-0.084980,0.025082,0.784800050,-0.003674220,0.000137134,0.000000,7,0.000250818,0.025081790,0.017915564,0.017915564,0.005467349,manual_A_near_upright
real_current_proof,BALANCE,10.080,0.008182,-0.080938,0.006290,0.784800001,-0.001091852,0.000142798,0.000000,7,0.000062903,0.006290261,0.004493044,0.004493044,0.001318567,manual_A_near_upright
real_current_proof,BALANCE,10.131,0.008022,-0.077069,-0.001076,0.784799996,-0.000267065,0.000140006,0.000000,7,-0.000010762,-0.001076153,-0.000768681,-0.000768681,0.000007287,manual_A_near_upright
real_current_proof,BALANCE,10.181,0.007588,-0.073387,-0.001519,0.784799997,-0.000145696,0.000132431,0.000000,7,0.000010005,0.001000480,0.000714628,0.000714628,0.000179580,manual_A_near_upright
real_current_proof,BALANCE,10.233,0.007077,-0.069875,-0.001001,0.784799997,-0.000151195,0.000123524,0.000000,7,-0.000010013,-0.001001312,-0.000715223,-0.000715223,-0.000128660,manual_A_near_upright
real_current_proof,BALANCE,10.284,0.006570,-0.066525,-0.000673,0.784799998,-0.000156040,0.000114669,0.000000,7,-0.000006734,-0.000673429,-0.000481021,-0.000481021,-0.000094343,manual_A_near_upright
real_current_proof,BALANCE,10.336,0.006097,-0.063328,-0.000476,0.784799998,-0.000154735,0.000106413,0.000000,7,-0.000004756,-0.000475642,-0.000339744,-0.000339744,-0.000071661,manual_A_near_upright
real_current_proof,BALANCE,10.387,0.005658,-0.060279,-0.000378,0.784799998,-0.000146877,0.000098748,0.000000,7,-0.000003776,-0.000377610,-0.000269721,-0.000269721,-0.000061241,manual_A_near_upright
real_current_proof,BALANCE,10.439,0.005252,-0.057369,-0.000317,0.784799998,-0.000136993,0.000091657,0.000000,7,-0.000003173,-0.000317265,-0.000226618,-0.000226618,-0.000055783,manual_A_near_upright
real_current_proof,BALANCE,10.490,0.004876,-0.054593,-0.000270,0.784799999,-0.000127010,0.000085095,0.000000,7,-0.000002700,-0.000269955,-0.000192825,-0.000192825,-0.000052068,manual_A_near_upright
real_current_proof,BALANCE,10.542,0.004528,-0.051945,-0.000226,0.784799999,-0.000117655,0.000079020,0.000000,7,-0.000002257,-0.000225714,-0.000161224,-0.000161224,-0.000049538,manual_A_near_upright
real_current_proof,BALANCE,10.594,0.004205,-0.049418,-0.000183,0.784799999,-0.000108993,0.000073395,0.000000,7,-0.000001833,-0.000183338,-0.000130956,-0.000130956,-0.000046428,manual_A_near_upright
real_current_proof,BALANCE,10.646,0.003907,-0.047008,-0.000143,0.784799999,-0.000100966,0.000068185,0.000000,7,-0.000001433,-0.000143307,-0.000102362,-0.000102362,-0.000043011,manual_A_near_upright
real_current_proof,BALANCE,10.697,0.003630,-0.044709,-0.000106,0.784799999,-0.000093504,0.000063360,0.000000,7,-0.000001058,-0.000105781,-0.000075558,-0.000075558,-0.000040473,manual_A_near_upright
real_current_proof,BALANCE,10.748,0.003374,-0.042515,-0.000068,0.784799999,-0.000086672,0.000058889,0.000000,7,-0.000000682,-0.000068246,-0.000048747,-0.000048747,-0.000038516,manual_A_near_upright
real_current_proof,BALANCE,10.799,0.003137,-0.040423,-0.000033,0.784799999,-0.000080332,0.000054745,0.000000,7,-0.000000330,-0.000033023,-0.000023588,-0.000023588,-0.000035704,manual_A_near_upright
real_current_proof,BALANCE,10.850,0.002917,-0.038427,-0.000001,0.784800000,-0.000074438,0.000050906,0.000000,7,-0.000000005,-0.000000546,-0.000000390,-0.000000390,-0.000033615,manual_A_near_upright
real_current_proof,BALANCE,10.901,0.002713,-0.036524,0.000031,0.784800000,-0.000069005,0.000047346,0.000000,7,0.000000311,0.000031101,0.000022215,0.000022215,-0.000031631,manual_A_near_upright
real_current_proof,BALANCE,10.953,0.002524,-0.034708,0.000062,0.784800000,-0.000063985,0.000044046,0.000000,7,0.000000615,0.000061540,0.000043957,0.000043957,-0.000029761,manual_A_near_upright
real_current_proof,BALANCE,11.004,0.002348,-0.032976,0.000091,0.784800000,-0.000059333,0.000040986,0.000000,7,0.000000907,0.000090659,0.000064756,0.000064756,-0.000028024,manual_A_near_upright
real_current_proof,BALANCE,11.056,0.002183,-0.031291,0.000119,0.784800000,-0.000054929,0.000038092,0.000000,7,0.000001187,0.000118684,0.000084774,0.000084774,-0.000026694,manual_A_near_upright
real_current_proof,BALANCE,11.106,0.002035,-0.029748,0.000145,0.784800000,-0.000051045,0.000035513,0.000000,7,0.000001447,0.000144736,0.000103383,0.000103383,-0.000024867,manual_A_near_upright
real_current_proof,BALANCE,11.158,0.001895,-0.028245,0.000170,0.784800000,-0.000047383,0.000033070,0.000000,7,0.000001705,0.000170479,0.000121771,0.000121771,-0.000023398,manual_A_near_upright
real_current_proof,BALANCE,11.209,0.001765,-0.026812,0.000195,0.784800000,-0.000043972,0.000030803,0.000000,7,0.000001945,0.000194527,0.000138948,0.000138948,-0.000022054,manual_A_near_upright
real_current_proof,BALANCE,11.261,0.001644,-0.025444,0.000218,0.784800000,-0.000040814,0.000028699,0.000000,7,0.000002176,0.000217631,0.000155451,0.000155451,-0.000021037,manual_A_near_upright
real_current_proof,BALANCE,11.312,0.001532,-0.024141,0.000240,0.784800000,-0.000037902,0.000026745,0.000000,7,0.000002399,0.000239911,0.000171365,0.000171365,-0.000019593,manual_A_near_upright
real_current_proof,BALANCE,11.364,0.001428,-0.022897,0.000261,0.784800000,-0.000035193,0.000024931,0.000000,7,0.000002608,0.000260839,0.000186313,0.000186313,-0.000018702,manual_A_near_upright
real_current_proof,BALANCE,11.414,0.001332,-0.021711,0.000281,0.784800000,-0.000032687,0.000023246,0.000000,7,0.000002810,0.000280956,0.000200683,0.000200683,-0.000017441,manual_A_near_upright
real_current_proof,BALANCE,11.466,0.001242,-0.020580,0.000300,0.784800000,-0.000030366,0.000021681,0.000000,7,0.000003002,0.000300188,0.000214420,0.000214420,-0.000016650,manual_A_near_upright
real_current_proof,BALANCE,11.518,0.001159,-0.019501,0.000319,0.784800000,-0.000028213,0.000020227,0.000000,7,0.000003186,0.000318572,0.000227551,0.000227551,-0.000015540,manual_A_near_upright
real_current_proof,BALANCE,11.569,0.001081,-0.018472,0.000336,0.784800000,-0.000026219,0.000018875,0.000000,7,0.000003359,0.000335940,0.000239957,0.000239957,-0.000014675,manual_A_near_upright
real_current_proof,BALANCE,11.621,0.001009,-0.017491,0.000353,0.784800000,-0.000024387,0.000017619,0.000000,7,0.000003529,0.000352921,0.000252087,0.000252087,-0.000013836,manual_A_near_upright
real_current_proof,BALANCE,11.672,0.000941,-0.016537,0.000369,0.784800000,-0.000022638,0.000016428,0.000000,7,0.000003690,0.000368972,0.000263551,0.000263551,-0.000013063,manual_A_near_upright
real_current_proof,BALANCE,11.723,0.000880,-0.015663,0.000384,0.784800000,-0.000021089,0.000015364,0.000000,7,0.000003842,0.000384155,0.000274396,0.000274396,-0.000012350,manual_A_near_upright
real_current_proof,BALANCE,11.773,0.000822,-0.014812,0.000399,0.784800000,-0.000019621,0.000014353,0.000000,7,0.000003986,0.000398560,0.000284686,0.000284686,-0.000011667,manual_A_near_upright
real_current_proof,BALANCE,11.825,0.000769,-0.014001,0.000413,0.784800000,-0.000018252,0.000013413,0.000000,7,0.000004127,0.000412708,0.000294791,0.000294791,-0.000011036,manual_A_near_upright
real_current_proof,BALANCE,11.876,0.000718,-0.013227,0.000426,0.784800000,-0.000016996,0.000012538,0.000000,7,0.000004260,0.000426037,0.000304312,0.000304312,-0.000010421,manual_A_near_upright
real_current_proof,BALANCE,11.927,0.000672,-0.012489,0.000438,0.784800000,-0.000015822,0.000011723,0.000000,7,0.000004383,0.000438301,0.000313072,0.000313072,-0.000009854,manual_A_near_upright
real_current_proof,BALANCE,11.978,0.000628,-0.011786,0.000450,0.784800000,-0.000014736,0.000010965,0.000000,7,0.000004503,0.000450345,0.000321675,0.000321675,-0.000009316,manual_A_near_upright
real_current_proof,BALANCE,12.028,0.000588,-0.011115,0.000462,0.784800000,-0.000013726,0.000010258,0.000000,7,0.000004620,0.000461980,0.000329986,0.000329986,-0.000008915,manual_A_near_upright
real_current_proof,BALANCE,12.079,0.000550,-0.010475,0.000473,0.784800000,-0.000012783,0.000009600,0.000000,7,0.000004729,0.000472851,0.000337751,0.000337751,-0.000008346,manual_A_near_upright
real_current_proof,BALANCE,12.130,0.000514,-0.009853,0.000484,0.784800000,-0.000011899,0.000008975,0.000000,7,0.000004835,0.000483526,0.000345376,0.000345376,-0.000007986,manual_A_near_upright
real_current_proof,BALANCE,12.181,0.000482,-0.009283,0.000493,0.784800000,-0.000011112,0.000008415,0.000000,7,0.000004934,0.000493431,0.000352451,0.000352451,-0.000007466,manual_A_near_upright
real_current_proof,BALANCE,12.232,0.000452,-0.008728,0.000503,0.784800000,-0.000010359,0.000007882,0.000000,7,0.000005029,0.000502873,0.000359195,0.000359195,-0.000007071,manual_A_near_upright
real_current_proof,BALANCE,12.283,0.000423,-0.008199,0.000512,0.784800000,-0.000009662,0.000007385,0.000000,7,0.000005120,0.000512050,0.000365750,0.000365750,-0.000006696,manual_A_near_upright
real_current_proof,BALANCE,12.334,0.000397,-0.007695,0.000520,0.784800000,-0.000009008,0.000006921,0.000000,7,0.000005190,0.000519037,0.000370741,0.000370741,-0.000006412,manual_A_near_upright
real_current_proof,BALANCE,12.386,0.000372,-0.007214,0.000529,0.784800000,-0.000008411,0.000006489,0.000000,7,0.000005290,0.000528998,0.000377855,0.000377855,-0.000006008,manual_A_near_upright
real_current_proof,BALANCE,12.438,0.000349,-0.006755,0.000537,0.784800000,-0.000007855,0.000006085,0.000000,7,0.000005368,0.000536822,0.000383444,0.000383444,-0.000005688,manual_A_near_upright
real_current_proof,BALANCE,12.488,0.000327,-0.006318,0.000544,0.784800000,-0.000007328,0.000005708,0.000000,7,0.000005443,0.000544346,0.000388819,0.000388819,-0.000005455,manual_A_near_upright
real_current_proof,BALANCE,12.539,0.000307,-0.005901,0.000552,0.784800000,-0.000006844,0.000005356,0.000000,7,0.000005503,0.000550255,0.000393039,0.000393039,-0.000005173,manual_A_near_upright
real_current_proof,BALANCE,12.591,0.000288,-0.005496,0.000559,0.784800000,-0.000006389,0.000005021,0.000000,7,0.000005572,0.000557203,0.000398002,0.000398002,-0.000004900,manual_A_near_upright
real_current_proof,BALANCE,12.642,0.000270,-0.005117,0.000565,0.784800000,-0.000005971,0.000004714,0.000000,7,0.000005651,0.000565139,0.000403671,0.000403671,-0.000004588,manual_A_near_upright
real_current_proof,BALANCE,12.693,0.000254,-0.004763,0.000571,0.784800000,-0.000005588,0.000004432,0.000000,7,0.000005713,0.000571309,0.000408078,0.000408078,-0.000004356,manual_A_near_upright
real_current_proof,BALANCE,12.744,0.000239,-0.004418,0.000577,0.784800000,-0.000005225,0.000004164,0.000000,7,0.000005761,0.000576142,0.000411530,0.000411530,-0.000004175,manual_A_near_upright
real_current_proof,BALANCE,12.794,0.000224,-0.004090,0.000583,0.784800000,-0.000004886,0.000003913,0.000000,7,0.000005829,0.000582917,0.000416369,0.000416369,-0.000003957,manual_A_near_upright
real_current_proof,BALANCE,12.846,0.000211,-0.003776,0.000588,0.784800000,-0.000004572,0.000003678,0.000000,7,0.000005883,0.000588340,0.000420243,0.000420243,-0.000003717,manual_A_near_upright
real_current_proof,BALANCE,12.898,0.000198,-0.003478,0.000594,0.784800000,-0.000004279,0.000003458,0.000000,7,0.000005935,0.000593516,0.000423940,0.000423940,-0.000003527,manual_A_near_upright
real_current_proof,BALANCE,12.949,0.000186,-0.003193,0.000598,0.784800000,-0.000004005,0.000003252,0.000000,7,0.000005985,0.000598456,0.000427469,0.000427469,-0.000003348,manual_A_near_upright
real_current_proof,BALANCE,13.000,0.000175,-0.002921,0.000603,0.784800000,-0.000003751,0.000003059,0.000000,7,0.000006032,0.000603216,0.000430869,0.000430869,-0.000003177,manual_A_near_upright
real_current_proof,BALANCE,13.052,0.000165,-0.002662,0.000608,0.784800000,-0.000003512,0.000002879,0.000000,7,0.000006078,0.000607788,0.000434134,0.000434134,-0.000003017,manual_A_near_upright
real_current_proof,BALANCE,13.104,0.000155,-0.002415,0.000612,0.784800000,-0.000003290,0.000002710,0.000000,7,0.000006120,0.000612038,0.000437170,0.000437170,-0.000002864,manual_A_near_upright
real_current_proof,BALANCE,13.156,0.000146,-0.002180,0.000616,0.784800000,-0.000003087,0.000002551,0.000000,7,0.000006161,0.000616091,0.000440065,0.000440065,-0.000002749,manual_A_near_upright
real_current_proof,BALANCE,13.206,0.000138,-0.001956,0.000620,0.784800000,-0.000002894,0.000002403,0.000000,7,0.000006200,0.000620001,0.000442858,0.000442858,-0.000002578,manual_A_near_upright
real_current_proof,BALANCE,13.258,0.000130,-0.001742,0.000624,0.784800000,-0.000002713,0.000002263,0.000000,7,0.000006238,0.000623767,0.000445548,0.000445548,-0.000002476,manual_A_near_upright
real_current_proof,BALANCE,13.310,0.000122,-0.001538,0.000627,0.784800000,-0.000002546,0.000002133,0.000000,7,0.000006273,0.000627317,0.000448083,0.000448083,-0.000002325,manual_A_near_upright
real_current_proof,BALANCE,13.361,0.000115,-0.001343,0.000631,0.784800000,-0.000002388,0.000002010,0.000000,7,0.000006299,0.000629940,0.000449957,0.000449957,-0.000002235,manual_A_near_upright
real_current_proof,BALANCE,13.413,0.000109,-0.001158,0.000634,0.784800000,-0.000002243,0.000001895,0.000000,7,0.000006338,0.000633795,0.000452711,0.000452711,-0.000002097,manual_A_near_upright
real_current_proof,BALANCE,13.464,0.000102,-0.000981,0.000637,0.784800000,-0.000002105,0.000001787,0.000000,7,0.000006369,0.000636905,0.000454932,0.000454932,-0.000001993,manual_A_near_upright
real_current_proof,BALANCE,13.516,0.000097,-0.000812,0.000640,0.784800000,-0.000001976,0.000001686,0.000000,7,0.000006399,0.000639879,0.000457057,0.000457057,-0.000001916,manual_A_near_upright
real_current_proof,BALANCE,13.567,0.000091,-0.000652,0.000643,0.784800000,-0.000001854,0.000001591,0.000000,7,0.000006426,0.000642596,0.000458997,0.000458997,-0.000001805,manual_A_near_upright
real_current_proof,BALANCE,13.618,0.000086,-0.000499,0.000645,0.784800000,-0.000001744,0.000001501,0.000000,7,0.000006454,0.000645361,0.000460972,0.000460972,-0.000001713,manual_A_near_upright
real_current_proof,BALANCE,13.670,0.000081,-0.000352,0.000648,0.784800000,-0.000001639,0.000001417,0.000000,7,0.000006478,0.000647836,0.000462740,0.000462740,-0.000001629,manual_A_near_upright
real_current_proof,BALANCE,13.723,0.000077,-0.000213,0.000650,0.784800000,-0.000001541,0.000001338,0.000000,7,0.000006502,0.000650246,0.000464462,0.000464462,-0.000001549,manual_A_near_upright
real_current_proof,BALANCE,13.775,0.000072,-0.000080,0.000653,0.784800000,-0.000001450,0.000001264,0.000000,7,0.000006526,0.000652637,0.000466169,0.000466169,-0.000001472,manual_A_near_upright
real_current_proof,BALANCE,13.826,0.000068,0.000046,0.000655,0.784800000,-0.000001364,0.000001194,0.000000,7,0.000006548,0.000654815,0.000467725,0.000467725,-0.000001399,manual_A_near_upright
real_current_proof,BALANCE,13.878,0.000065,0.000167,0.000657,0.784800000,-0.000001284,0.000001128,0.000000,7,0.000006569,0.000656884,0.000469203,0.000469203,-0.000001330,manual_A_near_upright
real_current_proof,BALANCE,13.930,0.000061,0.000282,0.000659,0.784800000,-0.000001209,0.000001066,0.000000,7,0.000006585,0.000658528,0.000470377,0.000470377,-0.000001279,manual_A_near_upright
real_current_proof,BALANCE,13.982,0.000058,0.000391,0.000661,0.784800000,-0.000001137,0.000001008,0.000000,7,0.000006604,0.000660387,0.000471705,0.000471705,-0.000001219,manual_A_near_upright
real_current_proof,BALANCE,14.034,0.000055,0.000496,0.000663,0.784800000,-0.000001071,0.000000953,0.000000,7,0.000006627,0.000662664,0.000473331,0.000473331,-0.000001146,manual_A_near_upright
real_current_proof,BALANCE,14.086,0.000052,0.000596,0.000664,0.784800000,-0.000001009,0.000000901,0.000000,7,0.000006644,0.000664433,0.000474595,0.000474595,-0.000001089,manual_A_near_upright
real_current_proof,BALANCE,14.139,0.000049,0.000691,0.000666,0.784800000,-0.000000951,0.000000853,0.000000,7,0.000006660,0.000666028,0.000475734,0.000475734,-0.000001037,manual_A_near_upright
real_current_proof,BALANCE,14.191,0.000046,0.000781,0.000668,0.784800000,-0.000000896,0.000000807,0.000000,7,0.000006676,0.000667595,0.000476853,0.000476853,-0.000000987,manual_A_near_upright
real_current_proof,BALANCE,14.242,0.000044,0.000868,0.000669,0.784800000,-0.000000845,0.000000764,0.000000,7,0.000006691,0.000669112,0.000477937,0.000477937,-0.000000939,manual_A_near_upright
real_current_proof,BALANCE,14.294,0.000041,0.000950,0.000671,0.784800000,-0.000000797,0.000000723,0.000000,7,0.000006705,0.000670525,0.000478946,0.000478946,-0.000000894,manual_A_near_upright
real_current_proof,BALANCE,14.352,0.000039,0.001028,0.000672,0.784800000,-0.000000752,0.000000684,0.000000,7,0.000006719,0.000671943,0.000479959,0.000479959,-0.000000850,manual_A_near_upright
real_current_proof,BALANCE,14.402,0.000037,0.001103,0.000673,0.784800000,-0.000000709,0.000000648,0.000000,7,0.000006732,0.000673224,0.000480874,0.000480874,-0.000000811,manual_A_near_upright
real_current_proof,BALANCE,14.453,0.000035,0.001174,0.000674,0.784800000,-0.000000669,0.000000614,0.000000,7,0.000006745,0.000674465,0.000481760,0.000481760,-0.000000780,manual_A_near_upright
real_current_proof,BALANCE,14.504,0.000033,0.001242,0.000676,0.784800000,-0.000000631,0.000000582,0.000000,7,0.000006756,0.000675639,0.000482599,0.000482599,-0.000000735,manual_A_near_upright
real_current_proof,BALANCE,14.555,0.000032,0.001307,0.000677,0.784800000,-0.000000595,0.000000551,0.000000,7,0.000006768,0.000676783,0.000483416,0.000483416,-0.000000701,manual_A_near_upright
real_current_proof,BALANCE,14.605,0.000030,0.001370,0.000678,0.784800000,-0.000000562,0.000000522,0.000000,7,0.000006779,0.000677896,0.000484211,0.000484211,-0.000000674,manual_A_near_upright
real_current_proof,BALANCE,14.657,0.000028,0.001428,0.000679,0.784800000,-0.000000532,0.000000495,0.000000,7,0.000006789,0.000678893,0.000484923,0.000484923,-0.000000634,manual_A_near_upright
real_current_proof,BALANCE,14.708,0.000027,0.001484,0.000680,0.784800000,-0.000000503,0.000000469,0.000000,7,0.000006799,0.000679888,0.000485634,0.000485634,-0.000000604,manual_A_near_upright
real_current_proof,BALANCE,14.759,0.000025,0.001539,0.000681,0.784800000,-0.000000475,0.000000445,0.000000,7,0.000006809,0.000680854,0.000486324,0.000486324,-0.000000574,manual_A_near_upright
real_current_proof,BALANCE,14.811,0.000024,0.001589,0.000682,0.784800000,-0.000000449,0.000000422,0.000000,7,0.000006817,0.000681714,0.000486939,0.000486939,-0.000000553,manual_A_near_upright
real_current_proof,BALANCE,14.862,0.000023,0.001637,0.000683,0.784800000,-0.000000424,0.000000400,0.000000,7,0.000006826,0.000682554,0.000487538,0.000487538,-0.000000523,manual_A_near_upright
real_current_proof,BALANCE,14.913,0.000022,0.001683,0.000683,0.784800000,-0.000000401,0.000000380,0.000000,7,0.000006834,0.000683373,0.000488124,0.000488124,-0.000000498,manual_A_near_upright
real_current_proof,BALANCE,14.965,0.000021,0.001728,0.000684,0.784800000,-0.000000379,0.000000360,0.000000,7,0.000006841,0.000684146,0.000488676,0.000488676,-0.000000479,manual_A_near_upright
real_current_proof,BALANCE,15.016,0.000020,0.001770,0.000685,0.784800000,-0.000000358,0.000000342,0.000000,7,0.000006849,0.000684890,0.000489207,0.000489207,-0.000000453,manual_A_near_upright
real_current_proof,BALANCE,15.067,0.000019,0.001810,0.000686,0.784800000,-0.000000339,0.000000325,0.000000,7,0.000006856,0.000685593,0.000489709,0.000489709,-0.000000436,manual_A_near_upright
real_current_proof,BALANCE,15.119,0.000018,0.001848,0.000686,0.784800000,-0.000000321,0.000000308,0.000000,7,0.000006863,0.000686263,0.000490188,0.000490188,-0.000000411,manual_A_near_upright
real_current_proof,BALANCE,15.171,0.000017,0.001885,0.000687,0.784800000,-0.000000304,0.000000293,0.000000,7,0.000006869,0.000686918,0.000490656,0.000490656,-0.000000392,manual_A_near_upright
real_current_proof,BALANCE,15.223,0.000016,0.001919,0.000688,0.784800000,-0.000000288,0.000000278,0.000000,7,0.000006875,0.000687515,0.000491082,0.000491082,-0.000000374,manual_A_near_upright
real_current_proof,BALANCE,15.275,0.000015,0.001952,0.000688,0.784800000,-0.000000273,0.000000264,0.000000,7,0.000006881,0.000688098,0.000491499,0.000491499,-0.000000356,manual_A_near_upright
real_current_proof,BALANCE,15.327,0.000014,0.001984,0.000689,0.784800000,-0.000000258,0.000000251,0.000000,7,0.000006886,0.000688649,0.000491892,0.000491892,-0.000000343,manual_A_near_upright
real_current_proof,BALANCE,15.379,0.000014,0.002014,0.000689,0.784800000,-0.000000245,0.000000238,0.000000,7,0.000006892,0.000689185,0.000492275,0.000492275,-0.000000324,manual_A_near_upright
real_current_proof,BALANCE,15.430,0.000013,0.002043,0.000690,0.784800000,-0.000000232,0.000000226,0.000000,7,0.000006897,0.000689693,0.000492638,0.000492638,-0.000000308,manual_A_near_upright
real_current_proof,BALANCE,15.481,0.000012,0.002070,0.000690,0.784800000,-0.000000219,0.000000215,0.000000,7,0.000006902,0.000690178,0.000492984,0.000492984,-0.000000295,manual_A_near_upright
real_current_proof,BALANCE,15.533,0.000012,0.002096,0.000691,0.784800000,-0.000000208,0.000000205,0.000000,7,0.000006906,0.000690640,0.000493314,0.000493314,-0.000000281,manual_A_near_upright
real_current_proof,BALANCE,15.585,0.000011,0.002121,0.000691,0.784800000,-0.000000197,0.000000195,0.000000,7,0.000006911,0.000691062,0.000493616,0.000493616,-0.000000268,manual_A_near_upright
real_current_proof,BALANCE,15.636,0.000011,0.002145,0.000691,0.784800000,-0.000000187,0.000000185,0.000000,7,0.000006915,0.000691480,0.000493915,0.000493915,-0.000000255,manual_A_near_upright
real_current_proof,BALANCE,15.687,0.000010,0.002167,0.000692,0.784800000,-0.000000178,0.000000176,0.000000,7,0.000006918,0.000691804,0.000494146,0.000494146,-0.000000246,manual_A_near_upright
real_current_proof,BALANCE,15.740,0.000010,0.002189,0.000692,0.784800000,-0.000000168,0.000000167,0.000000,7,0.000006922,0.000692179,0.000494414,0.000494414,-0.000000235,manual_A_near_upright
real_current_proof,BALANCE,15.792,0.000009,0.002209,0.000693,0.784800000,-0.000000160,0.000000159,0.000000,7,0.000006925,0.000692549,0.000494678,0.000494678,-0.000000224,manual_A_near_upright
real_current_proof,BALANCE,15.844,0.000009,0.002229,0.000693,0.784800000,-0.000000152,0.000000151,0.000000,7,0.000006929,0.000692901,0.000494929,0.000494929,-0.000000213,manual_A_near_upright
real_current_proof,BALANCE,15.895,0.000008,0.002247,0.000693,0.784800000,-0.000000144,0.000000144,0.000000,7,0.000006933,0.000693284,0.000495203,0.000495203,-0.000000202,manual_A_near_upright
real_current_proof,BALANCE,15.948,0.000008,0.002265,0.000694,0.784800000,-0.000000137,0.000000137,0.000000,7,0.000006936,0.000693610,0.000495435,0.000495435,-0.000000193,manual_A_near_upright
real_current_proof,BALANCE,15.999,0.000007,0.002282,0.000694,0.784800000,-0.000000129,0.000000130,0.000000,7,0.000006939,0.000693910,0.000495650,0.000495650,-0.000000184,manual_A_near_upright
real_current_proof,BALANCE,16.058,0.000007,0.002298,0.000694,0.784800000,-0.000000123,0.000000124,0.000000,7,0.000006941,0.000694112,0.000495794,0.000495794,-0.000000178,manual_A_near_upright
real_current_proof,BALANCE,16.114,0.000007,0.002313,0.000694,0.784800000,-0.000000116,0.000000118,0.000000,7,0.000006944,0.000694442,0.000496030,0.000496030,-0.000000169,manual_A_near_upright
real_current_proof,BALANCE,16.174,0.000006,0.002331,0.000695,0.784800000,-0.000000109,0.000000111,0.000000,7,0.000006948,0.000694769,0.000496264,0.000496264,-0.000000160,manual_A_near_upright
real_current_proof,BALANCE,16.224,0.000006,0.002344,0.000695,0.784800000,-0.000000104,0.000000106,0.000000,7,0.000006950,0.000695016,0.000496440,0.000496440,-0.000000152,manual_A_near_upright
real_current_proof,BALANCE,16.275,0.000006,0.002358,0.000695,0.784800000,-0.000000099,0.000000101,0.000000,7,0.000006952,0.000695248,0.000496606,0.000496606,-0.000000145,manual_A_near_upright
real_current_proof,BALANCE,16.326,0.000006,0.002370,0.000695,0.784800000,-0.000000094,0.000000096,0.000000,7,0.000006955,0.000695470,0.000496764,0.000496764,-0.000000139,manual_A_near_upright
real_current_proof,BALANCE,16.378,0.000005,0.002382,0.000696,0.784800000,-0.000000089,0.000000092,0.000000,7,0.000006957,0.000695683,0.000496917,0.000496917,-0.000000132,manual_A_near_upright
real_current_proof,BALANCE,16.429,0.000005,0.002393,0.000696,0.784800000,-0.000000085,0.000000087,0.000000,7,0.000006958,0.000695842,0.000497030,0.000497030,-0.000000128,manual_A_near_upright
real_current_proof,BALANCE,16.480,0.000005,0.002404,0.000696,0.784800000,-0.000000080,0.000000083,0.000000,7,0.000006961,0.000696073,0.000497195,0.000497195,-0.000000121,manual_A_near_upright
real_current_proof,BALANCE,16.531,0.000005,0.002414,0.000696,0.784800000,-0.000000076,0.000000079,0.000000,7,0.000006963,0.000696263,0.000497331,0.000497331,-0.000000116,manual_A_near_upright
real_current_proof,BALANCE,16.583,0.000004,0.002424,0.000696,0.784800000,-0.000000073,0.000000076,0.000000,7,0.000006964,0.000696433,0.000497452,0.000497452,-0.000000111,manual_A_near_upright
real_current_proof,BALANCE,16.633,0.000004,0.002434,0.000697,0.784800000,-0.000000069,0.000000072,0.000000,7,0.000006966,0.000696599,0.000497571,0.000497571,-0.000000106,manual_A_near_upright
real_current_proof,BALANCE,16.694,0.000004,0.002444,0.000697,0.784800000,-0.000000065,0.000000068,0.000000,7,0.000006968,0.000696788,0.000497706,0.000497706,-0.000000101,manual_A_near_upright
real_current_proof,BALANCE,16.745,0.000004,0.002453,0.000697,0.784800000,-0.000000062,0.000000065,0.000000,7,0.000006969,0.000696935,0.000497811,0.000497811,-0.000000096,manual_A_near_upright
real_current_proof,BALANCE,16.803,0.000004,0.002461,0.000697,0.784800000,-0.000000058,0.000000062,0.000000,7,0.000006971,0.000697100,0.000497929,0.000497929,-0.000000093,manual_A_near_upright
real_current_proof,BALANCE,16.855,0.000003,0.002468,0.000697,0.784800000,-0.000000055,0.000000059,0.000000,7,0.000006972,0.000697224,0.000498017,0.000498017,-0.000000090,manual_A_near_upright
real_current_proof,BALANCE,16.906,0.000003,0.002475,0.000697,0.784800000,-0.000000053,0.000000056,0.000000,7,0.000006973,0.000697349,0.000498106,0.000498106,-0.000000085,manual_A_near_upright
real_current_proof,BALANCE,16.957,0.000003,0.002482,0.000697,0.784800000,-0.000000051,0.000000054,0.000000,7,0.000006975,0.000697477,0.000498198,0.000498198,-0.000000081,manual_A_near_upright
real_current_proof,BALANCE,17.008,0.000003,0.002489,0.000698,0.784800000,-0.000000048,0.000000051,0.000000,7,0.000006976,0.000697593,0.000498281,0.000498281,-0.000000077,manual_A_near_upright
real_current_proof,BALANCE,17.059,0.000003,0.002495,0.000698,0.784800000,-0.000000046,0.000000049,0.000000,7,0.000006977,0.000697709,0.000498364,0.000498364,-0.000000074,manual_A_near_upright
real_current_proof,BALANCE,17.111,0.000003,0.002501,0.000698,0.784800000,-0.000000043,0.000000047,0.000000,7,0.000006978,0.000697812,0.000498437,0.000498437,-0.000000071,manual_A_near_upright
real_current_proof,BALANCE,17.162,0.000003,0.002507,0.000698,0.784800000,-0.000000041,0.000000045,0.000000,7,0.000006979,0.000697912,0.000498508,0.000498508,-0.000000068,manual_A_near_upright
real_current_proof,BALANCE,17.213,0.000002,0.002512,0.000698,0.784800000,-0.000000039,0.000000043,0.000000,7,0.000006980,0.000698008,0.000498577,0.000498577,-0.000000065,manual_A_near_upright
real_current_proof,BALANCE,17.264,0.000002,0.002517,0.000698,0.784800000,-0.000000037,0.000000041,0.000000,7,0.000006981,0.000698105,0.000498646,0.000498646,-0.000000063,manual_A_near_upright
real_current_proof,BALANCE,17.315,0.000002,0.002522,0.000698,0.784800000,-0.000000035,0.000000039,0.000000,7,0.000006982,0.000698197,0.000498712,0.000498712,-0.000000060,manual_A_near_upright
real_current_proof,BALANCE,17.367,0.000002,0.002527,0.000698,0.784800000,-0.000000034,0.000000037,0.000000,7,0.000006983,0.000698282,0.000498773,0.000498773,-0.000000058,manual_A_near_upright
real_current_proof,BALANCE,17.418,0.000002,0.002531,0.000698,0.784800000,-0.000000032,0.000000036,0.000000,7,0.000006984,0.000698359,0.000498828,0.000498828,-0.000000056,manual_A_near_upright
real_current_proof,BALANCE,17.469,0.000002,0.002535,0.000698,0.784800000,-0.000000031,0.000000034,0.000000,7,0.000006984,0.000698440,0.000498885,0.000498885,-0.000000054,manual_A_near_upright
real_current_proof,BALANCE,17.521,0.000002,0.002539,0.000699,0.784800000,-0.000000029,0.000000033,0.000000,7,0.000006985,0.000698510,0.000498936,0.000498936,-0.000000051,manual_A_near_upright
real_current_proof,BALANCE,17.572,0.000002,0.002543,0.000699,0.784800000,-0.000000028,0.000000031,0.000000,7,0.000006986,0.000698563,0.000498974,0.000498974,-0.000000050,manual_A_near_upright
real_current_proof,BALANCE,17.623,0.000002,0.002547,0.000699,0.784800000,-0.000000026,0.000000030,0.000000,7,0.000006986,0.000698642,0.000499030,0.000499030,-0.000000047,manual_A_near_upright
real_current_proof,BALANCE,17.674,0.000002,0.002550,0.000699,0.784800000,-0.000000025,0.000000029,0.000000,7,0.000006987,0.000698711,0.000499079,0.000499079,-0.000000046,manual_A_near_upright
real_current_proof,BALANCE,17.726,0.000002,0.002554,0.000699,0.784800000,-0.000000024,0.000000027,0.000000,7,0.000006988,0.000698769,0.000499121,0.000499121,-0.000000044,manual_A_near_upright
real_current_proof,BALANCE,17.777,0.000001,0.002557,0.000699,0.784800000,-0.000000023,0.000000026,0.000000,7,0.000006988,0.000698825,0.000499161,0.000499161,-0.000000042,manual_A_near_upright
real_current_proof,BALANCE,17.828,0.000001,0.002560,0.000699,0.784800000,-0.000000022,0.000000025,0.000000,7,0.000006989,0.000698887,0.000499205,0.000499205,-0.000000040,manual_A_near_upright
real_current_proof,BALANCE,17.879,0.000001,0.002562,0.000699,0.784800000,-0.000000021,0.000000024,0.000000,7,0.000006989,0.000698940,0.000499243,0.000499243,-0.000000039,manual_A_near_upright
real_current_proof,BALANCE,17.931,0.000001,0.002565,0.000699,0.784800000,-0.000000020,0.000000023,0.000000,7,0.000006990,0.000698990,0.000499278,0.000499278,-0.000000038,manual_A_near_upright
real_current_proof,BALANCE,17.982,0.000001,0.002568,0.000699,0.784800000,-0.000000019,0.000000022,0.000000,7,0.000006990,0.000699034,0.000499310,0.000499310,-0.000000036,manual_A_near_upright
real_current_proof,BALANCE,18.033,0.000001,0.002570,0.000699,0.784800000,-0.000000018,0.000000021,0.000000,7,0.000006991,0.000699075,0.000499339,0.000499339,-0.000000035,manual_A_near_upright
real_current_proof,BALANCE,18.085,0.000001,0.002572,0.000699,0.784800000,-0.000000017,0.000000020,0.000000,7,0.000006991,0.000699112,0.000499366,0.000499366,-0.000000034,manual_A_near_upright
real_current_proof,BALANCE,18.136,0.000001,0.002575,0.000699,0.784800000,-0.000000016,0.000000019,0.000000,7,0.000006992,0.000699155,0.000499396,0.000499396,-0.000000033,manual_A_near_upright
real_current_proof,BALANCE,18.187,0.000001,0.002577,0.000699,0.784800000,-0.000000015,0.000000019,0.000000,7,0.000006992,0.000699201,0.000499429,0.000499429,-0.000000032,manual_A_near_upright
real_current_proof,BALANCE,18.238,0.000001,0.002579,0.000699,0.784800000,-0.000000015,0.000000018,0.000000,7,0.000006992,0.000699244,0.000499460,0.000499460,-0.000000031,manual_A_near_upright
real_current_proof,BALANCE,18.289,0.000001,0.002580,0.000699,0.784800000,-0.000000014,0.000000017,0.000000,7,0.000006993,0.000699277,0.000499484,0.000499484,-0.000000030,manual_A_near_upright
real_current_proof,BALANCE,18.340,0.000001,0.002582,0.000699,0.784800000,-0.000000013,0.000000017,0.000000,7,0.000006993,0.000699311,0.000499508,0.000499508,-0.000000029,manual_A_near_upright
real_current_proof,BALANCE,18.391,0.000001,0.002584,0.000699,0.784800000,-0.000000013,0.000000016,0.000000,7,0.000006993,0.000699349,0.000499535,0.000499535,-0.000000027,manual_A_near_upright
real_current_proof,BALANCE,18.442,0.000001,0.002585,0.000699,0.784800000,-0.000000012,0.000000015,0.000000,7,0.000006994,0.000699381,0.000499558,0.000499558,-0.000000027,manual_A_near_upright
real_current_proof,BALANCE,18.493,0.000001,0.002587,0.000699,0.784800000,-0.000000012,0.000000015,0.000000,7,0.000006994,0.000699410,0.000499579,0.000499579,-0.000000026,manual_A_near_upright
real_current_proof,BALANCE,18.545,0.000001,0.002588,0.000699,0.784800000,-0.000000011,0.000000014,0.000000,7,0.000006994,0.000699437,0.000499598,0.000499598,-0.000000025,manual_A_near_upright
real_current_proof,BALANCE,18.596,0.000001,0.002590,0.000699,0.784800000,-0.000000011,0.000000014,0.000000,7,0.000006995,0.000699458,0.000499613,0.000499613,-0.000000024,manual_A_near_upright
real_current_proof,BALANCE,18.646,0.000001,0.002591,0.000699,0.784800000,-0.000000010,0.000000013,0.000000,7,0.000006995,0.000699486,0.000499633,0.000499633,-0.000000023,manual_A_near_upright
real_current_proof,BALANCE,18.698,0.000001,0.002592,0.000700,0.784800000,-0.000000010,0.000000013,0.000000,7,0.000006995,0.000699504,0.000499646,0.000499646,-0.000000023,manual_A_near_upright
real_current_proof,BALANCE,18.749,0.000001,0.002593,0.000700,0.784800000,-0.000000009,0.000000012,0.000000,7,0.000006995,0.000699535,0.000499668,0.000499668,-0.000000022,manual_A_near_upright
real_current_proof,BALANCE,18.800,0.000001,0.002594,0.000700,0.784800000,-0.000000008,0.000000012,0.000000,7,0.000006996,0.000699556,0.000499683,0.000499683,-0.000000022,manual_A_near_upright
real_current_proof,BALANCE,18.851,0.000001,0.002595,0.000700,0.784800000,-0.000000008,0.000000011,0.000000,7,0.000006996,0.000699581,0.000499701,0.000499701,-0.000000021,manual_A_near_upright
real_current_proof,BALANCE,18.902,0.000001,0.002596,0.000700,0.784800000,-0.000000008,0.000000011,0.000000,7,0.000006996,0.000699602,0.000499716,0.000499716,-0.000000020,manual_A_near_upright
real_current_proof,BALANCE,18.953,0.000001,0.002597,0.000700,0.784800000,-0.000000007,0.000000011,0.000000,7,0.000006996,0.000699618,0.000499727,0.000499727,-0.000000020,manual_A_near_upright
real_current_proof,BALANCE,19.004,0.000001,0.002598,0.000700,0.784800000,-0.000000007,0.000000010,0.000000,7,0.000006996,0.000699636,0.000499740,0.000499740,-0.000000019,manual_A_near_upright
real_current_proof,BALANCE,19.055,0.000001,0.002599,0.000700,0.784800000,-0.000000007,0.000000010,0.000000,7,0.000006997,0.000699663,0.000499759,0.000499759,-0.000000018,manual_A_near_upright
real_current_proof,BALANCE,19.107,0.000001,0.002600,0.000700,0.784800000,-0.000000007,0.000000010,0.000000,7,0.000006997,0.000699671,0.000499765,0.000499765,-0.000000018,manual_A_near_upright
real_current_proof,BALANCE,19.158,0.000001,0.002600,0.000700,0.784800000,-0.000000006,0.000000009,0.000000,7,0.000006997,0.000699686,0.000499776,0.000499776,-0.000000017,manual_A_near_upright
real_current_proof,BALANCE,19.209,0.000001,0.002601,0.000700,0.784800000,-0.000000006,0.000000009,0.000000,7,0.000006997,0.000699703,0.000499788,0.000499788,-0.000000017,manual_A_near_upright
real_current_proof,BALANCE,19.260,0.000000,0.002602,0.000700,0.784800000,-0.000000006,0.000000009,0.000000,7,0.000006997,0.000699719,0.000499799,0.000499799,-0.000000017,manual_A_near_upright
real_current_proof,BALANCE,19.311,0.000000,0.002602,0.000700,0.784800000,-0.000000005,0.000000008,0.000000,7,0.000006997,0.000699726,0.000499804,0.000499804,-0.000000017,manual_A_near_upright
real_current_proof,BALANCE,19.362,0.000000,0.002603,0.000700,0.784800000,-0.000000005,0.000000008,0.000000,7,0.000006997,0.000699740,0.000499814,0.000499814,-0.000000016,manual_A_near_upright
real_current_proof,BALANCE,19.414,0.000000,0.002603,0.000700,0.784800000,-0.000000005,0.000000008,0.000000,7,0.000006997,0.000699749,0.000499821,0.000499821,-0.000000016,manual_A_near_upright
real_current_proof,BALANCE,19.466,0.000000,0.002604,0.000700,0.784800000,-0.000000004,0.000000008,0.000000,7,0.000006998,0.000699765,0.000499832,0.000499832,-0.000000016,manual_A_near_upright
real_current_proof,BALANCE,19.517,0.000000,0.002604,0.000700,0.784800000,-0.000000004,0.000000007,0.000000,7,0.000006998,0.000699770,0.000499836,0.000499836,-0.000000015,manual_A_near_upright
real_current_proof,BALANCE,19.570,0.000000,0.002605,0.000700,0.784800000,-0.000000004,0.000000007,0.000000,7,0.000006998,0.000699788,0.000499849,0.000499849,-0.000000015,manual_A_near_upright
real_current_proof,BALANCE,19.621,0.000000,0.002605,0.000700,0.784800000,-0.000000004,0.000000007,0.000000,7,0.000006998,0.000699796,0.000499854,0.000499854,-0.000000015,manual_A_near_upright
real_current_proof,BALANCE,19.673,0.000000,0.002606,0.000700,0.784800000,-0.000000004,0.000000007,0.000000,7,0.000006998,0.000699805,0.000499861,0.000499861,-0.000000014,manual_A_near_upright
real_current_proof,BALANCE,19.724,0.000000,0.002606,0.000700,0.784800000,-0.000000004,0.000000007,0.000000,7,0.000006998,0.000699814,0.000499867,0.000499867,-0.000000014,manual_A_near_upright
real_current_proof,BALANCE,19.775,0.000000,0.002606,0.000700,0.784800000,-0.000000003,0.000000006,0.000000,7,0.000006998,0.000699824,0.000499874,0.000499874,-0.000000014,manual_A_near_upright
real_current_proof,BALANCE,19.827,0.000000,0.002607,0.000700,0.784800000,-0.000000003,0.000000006,0.000000,7,0.000006998,0.000699831,0.000499880,0.000499880,-0.000000014,manual_A_near_upright
real_current_proof,BALANCE,19.879,0.000000,0.002607,0.000700,0.784800000,-0.000000003,0.000000006,0.000000,7,0.000006998,0.000699841,0.000499887,0.000499887,-0.000000013,manual_A_near_upright
real_current_proof,BALANCE,19.931,0.000000,0.002607,0.000700,0.784800000,-0.000000003,0.000000006,0.000000,7,0.000006999,0.000699852,0.000499894,0.000499894,-0.000000013,manual_A_near_upright
real_current_proof,BALANCE,19.982,0.000000,0.002607,0.000700,0.784800000,-0.000000003,0.000000006,0.000000,7,0.000006999,0.000699857,0.000499898,0.000499898,-0.000000013,manual_A_near_upright
real_current_proof,BALANCE,20.033,0.000000,0.002607,0.000700,0.784800000,-0.000000003,0.000000006,0.000000,7,0.000006999,0.000699870,0.000499907,0.000499907,-0.000000013,manual_A_near_upright
real_current_proof,BALANCE,20.084,0.000000,0.002608,0.000700,0.784800000,-0.000000003,0.000000006,0.000000,7,0.000006999,0.000699874,0.000499910,0.000499910,-0.000000013,manual_A_near_upright
real_current_proof,BALANCE,20.136,0.000000,0.002608,0.000700,0.784800000,-0.000000002,0.000000005,0.000000,7,0.000006999,0.000699879,0.000499914,0.000499914,-0.000000012,manual_A_near_upright
real_current_proof,BALANCE,20.188,0.000000,0.002608,0.000700,0.784800000,-0.000000002,0.000000005,0.000000,7,0.000006999,0.000699888,0.000499920,0.000499920,-0.000000012,manual_A_near_upright
real_current_proof,BALANCE,20.239,0.000000,0.002608,0.000700,0.784800000,-0.000000002,0.000000005,0.000000,7,0.000006999,0.000699891,0.000499922,0.000499922,-0.000000012,manual_A_near_upright
real_current_proof,BALANCE,20.291,0.000000,0.002608,0.000700,0.784800000,-0.000000002,0.000000005,0.000000,7,0.000006999,0.000699896,0.000499926,0.000499926,-0.000000012,manual_A_near_upright
real_current_proof,BALANCE,20.342,0.000000,0.002608,0.000700,0.784800000,-0.000000002,0.000000005,0.000000,7,0.000006999,0.000699898,0.000499927,0.000499927,-0.000000012,manual_A_near_upright
real_current_proof,BALANCE,20.393,0.000000,0.002608,0.000700,0.784800000,-0.000000002,0.000000005,0.000000,7,0.000006999,0.000699902,0.000499930,0.000499930,-0.000000011,manual_A_near_upright
real_current_proof,BALANCE,20.445,0.000000,0.002609,0.000700,0.784800000,-0.000000002,0.000000005,0.000000,7,0.000006999,0.000699908,0.000499934,0.000499934,-0.000000011,manual_A_near_upright
real_current_proof,BALANCE,20.496,0.000000,0.002609,0.000700,0.784800000,-0.000000002,0.000000005,0.000000,7,0.000006999,0.000699913,0.000499938,0.000499938,-0.000000011,manual_A_near_upright
real_current_proof,BALANCE,20.547,0.000000,0.002609,0.000700,0.784800000,-0.000000002,0.000000005,0.000000,7,0.000006999,0.000699919,0.000499940,0.000499940,-0.000000011,manual_A_near_upright
real_current_proof,BALANCE,20.599,0.000000,0.002609,0.000700,0.784800000,-0.000000001,0.000000005,0.000000,7,0.000006999,0.000699918,0.000499942,0.000499942,-0.000000011,manual_A_near_upright
real_current_proof,BALANCE,20.650,0.000000,0.002609,0.000700,0.784800000,-0.000000001,0.000000004,0.000000,7,0.000006999,0.000699928,0.000499949,0.000499949,-0.000000011,manual_A_near_upright
real_current_proof,BALANCE,20.701,0.000000,0.002609,0.000700,0.784800000,-0.000000001,0.000000004,0.000000,7,0.000006999,0.000699933,0.000499952,0.000499952,-0.000000011,manual_A_near_upright
real_current_proof,BALANCE,20.752,0.000000,0.002609,0.000700,0.784800000,-0.000000001,0.000000004,0.000000,7,0.000006999,0.000699939,0.000499957,0.000499957,-0.000000011,manual_A_near_upright
real_current_proof,BALANCE,20.803,0.000000,0.002609,0.000700,0.784800000,-0.000000001,0.000000004,0.000000,7,0.000006999,0.000699945,0.000499960,0.000499960,-0.000000011,manual_A_near_upright
real_current_proof,BALANCE,20.855,0.000000,0.002609,0.000700,0.784800000,-0.000000002,0.000000004,0.000000,7,0.000006995,0.000699519,0.000499656,0.000499656,-0.000000009,manual_A_near_upright
real_current_proof,BALANCE,20.906,0.000000,0.002609,0.000699,0.784800000,-0.000000002,0.000000004,0.000000,7,0.000006991,0.000699051,0.000499322,0.000499322,-0.000000009,manual_A_near_upright
real_current_proof,BALANCE,20.958,0.000000,0.002609,0.000699,0.784800000,-0.000000002,0.000000004,0.000000,7,0.000006986,0.000698582,0.000498987,0.000498987,-0.000000009,manual_A_near_upright
real_current_proof,BALANCE,21.009,0.000000,0.002609,0.000698,0.784800000,-0.000000002,0.000000004,0.000000,7,0.000006981,0.000698117,0.000498655,0.000498655,-0.000000009,manual_A_near_upright
real_current_proof,BALANCE,21.060,0.000000,0.002609,0.000698,0.784800000,-0.000000001,0.000000004,0.000000,7,0.000006977,0.000697653,0.000498324,0.000498324,-0.000000009,manual_A_near_upright
real_current_proof,BALANCE,21.111,0.000000,0.002609,0.000697,0.784800000,-0.000000001,0.000000004,0.000000,7,0.000006972,0.000697188,0.000497991,0.000497991,-0.000000009,manual_A_near_upright
real_current_proof,BALANCE,21.163,0.000000,0.002609,0.000697,0.784800000,-0.000000001,0.000000004,0.000000,7,0.000006967,0.000696716,0.000497654,0.000497654,-0.000000009,manual_A_near_upright
real_current_proof,BALANCE,21.214,0.000000,0.002609,0.000696,0.784800000,-0.000000001,0.000000004,0.000000,7,0.000006962,0.000696248,0.000497320,0.000497320,-0.000000009,manual_A_near_upright
real_current_proof,BALANCE,21.265,0.000000,0.002609,0.000696,0.784800000,-0.000000001,0.000000004,0.000000,7,0.000006958,0.000695783,0.000496988,0.000496988,-0.000000009,manual_A_near_upright
real_current_proof,BALANCE,21.316,0.000000,0.002609,0.000695,0.784800000,-0.000000001,0.000000003,0.000000,7,0.000006953,0.000695318,0.000496656,0.000496656,-0.000000009,manual_A_near_upright
real_current_proof,BALANCE,21.368,0.000000,0.002609,0.000695,0.784800000,-0.000000001,0.000000003,0.000000,7,0.000006948,0.000694849,0.000496321,0.000496321,-0.000000009,manual_A_near_upright
real_current_proof,BALANCE,21.418,0.000000,0.002609,0.000694,0.784800000,-0.000000001,0.000000003,0.000000,7,0.000006944,0.000694390,0.000495993,0.000495993,-0.000000009,manual_A_near_upright
real_current_proof,BALANCE,21.469,0.000000,0.002609,0.000694,0.784800000,-0.000000001,0.000000003,0.000000,7,0.000006939,0.000693926,0.000495661,0.000495661,-0.000000009,manual_A_near_upright
real_current_proof,BALANCE,21.521,0.000000,0.002609,0.000693,0.784800000,-0.000000001,0.000000003,0.000000,7,0.000006934,0.000693449,0.000495321,0.000495321,-0.000000009,manual_A_near_upright
real_current_proof,BALANCE,21.573,0.000000,0.002609,0.000693,0.784800000,-0.000000001,0.000000003,0.000000,7,0.000006930,0.000692980,0.000494986,0.000494986,-0.000000009,manual_A_near_upright
real_current_proof,BALANCE,21.624,0.000000,0.002609,0.000693,0.784800000,-0.000000001,0.000000003,0.000000,7,0.000006925,0.000692514,0.000494653,0.000494653,-0.000000009,manual_A_near_upright
real_current_proof,BALANCE,21.675,0.000000,0.002609,0.000692,0.784800000,-0.000000001,0.000000003,0.000000,7,0.000006920,0.000692046,0.000494318,0.000494318,-0.000000009,manual_A_near_upright
real_current_proof,BALANCE,21.726,0.000000,0.002609,0.000692,0.784800000,-0.000000001,0.000000003,0.000000,7,0.000006916,0.000691577,0.000493984,0.000493984,-0.000000009,manual_A_near_upright
real_current_proof,BALANCE,21.778,0.000000,0.002609,0.000691,0.784800000,-0.000000001,0.000000003,0.000000,7,0.000006911,0.000691109,0.000493649,0.000493649,-0.000000009,manual_A_near_upright
real_current_proof,BALANCE,21.829,0.000000,0.002609,0.000691,0.784800000,-0.000000000,0.000000003,0.000000,7,0.000006906,0.000690643,0.000493316,0.000493316,-0.000000009,manual_A_near_upright
real_current_proof,BALANCE,21.880,0.000000,0.002609,0.000690,0.784800000,-0.000000000,0.000000003,0.000000,7,0.000006902,0.000690175,0.000492982,0.000492982,-0.000000009,manual_A_near_upright
real_current_proof,BALANCE,21.932,0.000000,0.002609,0.000690,0.784800000,-0.000000000,0.000000003,0.000000,7,0.000006897,0.000689707,0.000492648,0.000492648,-0.000000009,manual_A_near_upright
real_current_proof,BALANCE,21.983,0.000000,0.002609,0.000689,0.784800000,-0.000000000,0.000000003,0.000000,7,0.000006893,0.000689332,0.000492380,0.000492380,-0.000000009,manual_A_near_upright
real_current_proof,BALANCE,22.034,0.000000,0.002609,0.000689,0.784800000,-0.000000000,0.000000003,0.000000,7,0.000006888,0.000688773,0.000491981,0.000491981,-0.000000009,manual_A_near_upright
real_current_proof,BALANCE,22.084,0.000000,0.002609,0.000688,0.784800000,-0.000000000,0.000000003,0.000000,7,0.000006883,0.000688316,0.000491655,0.000491655,-0.000000009,manual_A_near_upright
real_current_proof,BALANCE,22.135,0.000000,0.002609,0.000688,0.784800000,-0.000000000,0.000000003,0.000000,7,0.000006878,0.000687848,0.000491320,0.000491320,-0.000000009,manual_A_near_upright
real_current_proof,BALANCE,22.187,0.000000,0.002609,0.000687,0.784800000,-0.000000000,0.000000003,0.000000,7,0.000006874,0.000687377,0.000490984,0.000490984,-0.000000009,manual_A_near_upright
real_current_proof,BALANCE,22.238,0.000000,0.002609,0.000687,0.784800000,-0.000000000,0.000000003,0.000000,7,0.000006869,0.000686908,0.000490648,0.000490648,-0.000000009,manual_A_near_upright
real_current_proof,BALANCE,22.290,0.000000,0.002609,0.000686,0.784800000,-0.000000000,0.000000003,0.000000,7,0.000006864,0.000686438,0.000490313,0.000490313,-0.000000009,manual_A_near_upright
real_current_proof,BALANCE,22.340,0.000000,0.002609,0.000686,0.784800000,-0.000000000,0.000000003,0.000000,7,0.000006860,0.000685976,0.000489983,0.000489983,-0.000000009,manual_A_near_upright
real_current_proof,BALANCE,22.391,0.000000,0.002609,0.000686,0.784800000,-0.000000000,0.000000003,0.000000,7,0.000006855,0.000685511,0.000489651,0.000489651,-0.000000008,manual_A_near_upright
real_current_proof,BALANCE,22.443,0.000000,0.002609,0.000685,0.784800000,-0.000000000,0.000000003,0.000000,7,0.000006850,0.000685040,0.000489314,0.000489314,-0.000000008,manual_A_near_upright
real_current_proof,BALANCE,22.494,0.000000,0.002609,0.000685,0.784800000,-0.000000000,0.000000003,0.000000,7,0.000006846,0.000684575,0.000488982,0.000488982,-0.000000008,manual_A_near_upright
real_current_proof,BALANCE,22.545,0.000000,0.002609,0.000684,0.784800000,-0.000000000,0.000000003,0.000000,7,0.000006842,0.000684197,0.000488712,0.000488712,-0.000000008,manual_A_near_upright
real_current_proof,BALANCE,22.597,0.000000,0.002609,0.000684,0.784800000,-0.000000000,0.000000003,0.000000,7,0.000006836,0.000683638,0.000488313,0.000488313,-0.000000008,manual_A_near_upright
real_current_proof,BALANCE,22.648,0.000000,0.002609,0.000683,0.784800000,-0.000000000,0.000000003,0.000000,7,0.000006832,0.000683169,0.000487978,0.000487978,-0.000000008,manual_A_near_upright
real_current_proof,BALANCE,22.699,0.000000,0.002609,0.000683,0.784800000,-0.000000000,0.000000003,0.000000,7,0.000006827,0.000682703,0.000487645,0.000487645,-0.000000008,manual_A_near_upright
real_current_proof,BALANCE,22.750,0.000000,0.002609,0.000682,0.784800000,-0.000000000,0.000000003,0.000000,7,0.000006822,0.000682241,0.000487315,0.000487315,-0.000000008,manual_A_near_upright
real_current_proof,BALANCE,22.801,0.000000,0.002609,0.000682,0.784800000,-0.000000000,0.000000003,0.000000,7,0.000006818,0.000681772,0.000486980,0.000486980,-0.000000008,manual_A_near_upright
real_current_proof,BALANCE,22.852,0.000000,0.002609,0.000681,0.784800000,-0.000000000,0.000000003,0.000000,7,0.000006813,0.000681305,0.000486646,0.000486646,-0.000000008,manual_A_near_upright
real_current_proof,BALANCE,22.903,0.000000,0.002609,0.000681,0.784800000,-0.000000000,0.000000003,0.000000,7,0.000006808,0.000680840,0.000486314,0.000486314,-0.000000008,manual_A_near_upright
real_current_proof,BALANCE,22.954,0.000000,0.002609,0.000680,0.784800000,-0.000000000,0.000000003,0.000000,7,0.000006804,0.000680374,0.000485982,0.000485982,-0.000000008,manual_A_near_upright
real_current_proof,BALANCE,23.005,0.000000,0.002609,0.000680,0.784800000,-0.000000000,0.000000003,0.000000,7,0.000006799,0.000679907,0.000485648,0.000485648,-0.000000008,manual_A_near_upright
real_current_proof,BALANCE,23.057,0.000000,0.002609,0.000679,0.784800000,-0.000000000,0.000000003,0.000000,7,0.000006794,0.000679436,0.000485311,0.000485311,-0.000000008,manual_A_near_upright
real_current_proof,BALANCE,23.108,0.000000,0.002609,0.000679,0.784800000,-0.000000000,0.000000003,0.000000,7,0.000006790,0.000678970,0.000484978,0.000484978,-0.000000008,manual_A_near_upright
real_current_proof,BALANCE,23.159,0.000000,0.002609,0.000679,0.784800000,-0.000000000,0.000000003,0.000000,7,0.000006785,0.000678505,0.000484646,0.000484646,-0.000000008,manual_A_near_upright
real_current_proof,BALANCE,23.210,0.000000,0.002609,0.000678,0.784800000,-0.000000000,0.000000003,0.000000,7,0.000006780,0.000678040,0.000484314,0.000484314,-0.000000008,manual_A_near_upright
real_current_proof,BALANCE,23.261,0.000000,0.002609,0.000678,0.784800000,-0.000000000,0.000000003,0.000000,7,0.000006776,0.000677573,0.000483981,0.000483981,-0.000000008,manual_A_near_upright
real_current_proof,BALANCE,23.312,0.000000,0.002609,0.000677,0.784800000,-0.000000000,0.000000003,0.000000,7,0.000006771,0.000677103,0.000483645,0.000483645,-0.000000008,manual_A_near_upright
real_current_proof,BALANCE,23.364,0.000000,0.002609,0.000677,0.784800000,-0.000000000,0.000000003,0.000000,7,0.000006766,0.000676632,0.000483308,0.000483308,-0.000000008,manual_A_near_upright
real_current_proof,BALANCE,23.415,0.000000,0.002609,0.000676,0.784800000,-0.000000000,0.000000003,0.000000,7,0.000006762,0.000676167,0.000482977,0.000482977,-0.000000008,manual_A_near_upright
real_current_proof,BALANCE,23.466,0.000000,0.002609,0.000676,0.784800000,-0.000000000,0.000000003,0.000000,7,0.000006757,0.000675701,0.000482644,0.000482644,-0.000000008,manual_A_near_upright
real_current_proof,BALANCE,23.518,0.000000,0.002609,0.000675,0.784800000,-0.000000000,0.000000003,0.000000,7,0.000006752,0.000675230,0.000482307,0.000482307,-0.000000008,manual_A_near_upright
real_current_proof,BALANCE,23.569,0.000000,0.002609,0.000675,0.784800000,-0.000000000,0.000000003,0.000000,7,0.000006748,0.000674761,0.000481972,0.000481972,-0.000000008,manual_A_near_upright
real_current_proof,BALANCE,23.619,0.000000,0.002609,0.000674,0.784800000,-0.000000000,0.000000003,0.000000,7,0.000006743,0.000674303,0.000481645,0.000481645,-0.000000008,manual_A_near_upright
real_current_proof,BALANCE,23.670,0.000000,0.002609,0.000674,0.784800000,-0.000000000,0.000000003,0.000000,7,0.000006738,0.000673837,0.000481312,0.000481312,-0.000000008,manual_A_near_upright
real_current_proof,BALANCE,23.721,0.000000,0.002609,0.000673,0.784800000,-0.000000000,0.000000003,0.000000,7,0.000006734,0.000673371,0.000480979,0.000480979,-0.000000008,manual_A_near_upright
real_current_proof,BALANCE,23.773,0.000000,0.002609,0.000673,0.784800000,-0.000000000,0.000000003,0.000000,7,0.000006729,0.000672899,0.000480642,0.000480642,-0.000000008,manual_A_near_upright
real_current_proof,BALANCE,23.824,0.000000,0.002609,0.000672,0.784800000,-0.000000000,0.000000003,0.000000,7,0.000006724,0.000672430,0.000480307,0.000480307,-0.000000008,manual_A_near_upright
real_current_proof,BALANCE,23.876,0.000000,0.002609,0.000672,0.784800000,-0.000000000,0.000000003,0.000000,7,0.000006720,0.000671959,0.000479971,0.000479971,-0.000000008,manual_A_near_upright
real_current_proof,BALANCE,23.927,0.000000,0.002609,0.000671,0.784800000,-0.000000000,0.000000003,0.000000,7,0.000006715,0.000671493,0.000479638,0.000479638,-0.000000008,manual_A_near_upright
real_current_proof,BALANCE,23.978,0.000000,0.002609,0.000671,0.784800000,-0.000000000,0.000000003,0.000000,7,0.000006710,0.000671027,0.000479305,0.000479305,-0.000000008,manual_A_near_upright
real_current_proof,BALANCE,24.029,0.000000,0.002609,0.000671,0.784800000,-0.000000000,0.000000003,0.000000,7,0.000006706,0.000670561,0.000478972,0.000478972,-0.000000008,manual_A_near_upright
real_current_proof,BALANCE,24.081,0.000000,0.002609,0.000670,0.784800000,-0.000000000,0.000000003,0.000000,7,0.000006701,0.000670091,0.000478636,0.000478636,-0.000000008,manual_A_near_upright
real_current_proof,BALANCE,24.132,0.000000,0.002609,0.000670,0.784800000,-0.000000000,0.000000003,0.000000,7,0.000006696,0.000669628,0.000478306,0.000478306,-0.000000008,manual_A_near_upright
real_current_proof,BALANCE,24.183,0.000000,0.002609,0.000669,0.784800000,-0.000000000,0.000000003,0.000000,7,0.000006692,0.000669158,0.000477970,0.000477970,-0.000000008,manual_A_near_upright
real_current_proof,BALANCE,24.234,0.000000,0.002609,0.000669,0.784800000,-0.000000000,0.000000003,0.000000,7,0.000006687,0.000668690,0.000477636,0.000477636,-0.000000008,manual_A_near_upright
real_current_proof,BALANCE,24.285,0.000000,0.002609,0.000668,0.784800000,-0.000000000,0.000000003,0.000000,7,0.000006682,0.000668224,0.000477303,0.000477303,-0.000000008,manual_A_near_upright
real_current_proof,BALANCE,24.336,0.000000,0.002609,0.000668,0.784800000,-0.000000000,0.000000003,0.000000,7,0.000006678,0.000667759,0.000476971,0.000476971,-0.000000008,manual_A_near_upright
real_current_proof,BALANCE,24.387,0.000000,0.002609,0.000667,0.784800000,-0.000000000,0.000000003,0.000000,7,0.000006673,0.000667290,0.000476636,0.000476636,-0.000000008,manual_A_near_upright
real_current_proof,BALANCE,24.438,0.000000,0.002609,0.000667,0.784800000,-0.000000000,0.000000003,0.000000,7,0.000006668,0.000666826,0.000476304,0.000476304,-0.000000008,manual_A_near_upright
real_current_proof,BALANCE,24.490,0.000000,0.002609,0.000666,0.784800000,-0.000000000,0.000000003,0.000000,7,0.000006664,0.000666354,0.000475967,0.000475967,-0.000000008,manual_A_near_upright
real_current_proof,BALANCE,24.541,0.000000,0.002609,0.000666,0.784800000,-0.000000000,0.000000003,0.000000,7,0.000006659,0.000665888,0.000475634,0.000475634,-0.000000008,manual_A_near_upright
real_current_proof,BALANCE,24.592,0.000000,0.002609,0.000665,0.784800000,-0.000000000,0.000000003,0.000000,7,0.000006654,0.000665422,0.000475301,0.000475301,-0.000000008,manual_A_near_upright
real_current_proof,BALANCE,24.642,0.000000,0.002609,0.000665,0.784800000,-0.000000000,0.000000003,0.000000,7,0.000006650,0.000664963,0.000474973,0.000474973,-0.000000008,manual_A_near_upright
real_current_proof,BALANCE,24.694,0.000000,0.002609,0.000664,0.784800000,-0.000000000,0.000000003,0.000000,7,0.000006645,0.000664491,0.000474636,0.000474636,-0.000000008,manual_A_near_upright
real_current_proof,BALANCE,24.745,0.000000,0.002609,0.000664,0.784800000,-0.000000000,0.000000003,0.000000,7,0.000006640,0.000664026,0.000474304,0.000474304,-0.000000008,manual_A_near_upright
real_current_proof,BALANCE,24.797,0.000000,0.002609,0.000664,0.784800000,-0.000000000,0.000000003,0.000000,7,0.000006636,0.000663551,0.000473965,0.000473965,-0.000000008,manual_A_near_upright
real_current_proof,BALANCE,24.848,0.000000,0.002609,0.000663,0.784800000,-0.000000000,0.000000003,0.000000,7,0.000006631,0.000663083,0.000473631,0.000473631,-0.000000008,manual_A_near_upright
real_current_proof,BALANCE,24.899,0.000000,0.002609,0.000663,0.784800000,-0.000000000,0.000000003,0.000000,7,0.000006626,0.000662619,0.000473299,0.000473299,-0.000000008,manual_A_near_upright
real_current_proof,BALANCE,24.950,0.000000,0.002609,0.000662,0.784800000,-0.000000000,0.000000003,0.000000,7,0.000006622,0.000662153,0.000472967,0.000472967,-0.000000008,manual_A_near_upright
real_current_proof,BALANCE,25.001,0.000000,0.002609,0.000662,0.784800000,-0.000000000,0.000000003,0.000000,7,0.000006617,0.000661685,0.000472632,0.000472632,-0.000000008,manual_A_near_upright
real_current_proof,BALANCE,25.053,0.000000,0.002609,0.000661,0.784800000,-0.000000000,0.000000003,0.000000,7,0.000006612,0.000661213,0.000472295,0.000472295,-0.000000008,manual_A_near_upright
real_current_proof,BALANCE,25.104,0.000000,0.002609,0.000661,0.784800000,-0.000000000,0.000000003,0.000000,7,0.000006607,0.000660745,0.000471961,0.000471961,-0.000000008,manual_A_near_upright
real_current_proof,BALANCE,25.156,0.000000,0.002609,0.000660,0.784800000,-0.000000000,0.000000003,0.000000,7,0.000006603,0.000660274,0.000471625,0.000471625,-0.000000008,manual_A_near_upright
real_current_proof,BALANCE,25.207,0.000000,0.002609,0.000660,0.784800000,-0.000000000,0.000000003,0.000000,7,0.000006598,0.000659807,0.000471291,0.000471291,-0.000000008,manual_A_near_upright
real_current_proof,BALANCE,25.257,0.000000,0.002609,0.000659,0.784800000,-0.000000000,0.000000003,0.000000,7,0.000006593,0.000659347,0.000470962,0.000470962,-0.000000008,manual_A_near_upright
real_current_proof,BALANCE,25.309,0.000000,0.002609,0.000659,0.784800000,-0.000000000,0.000000003,0.000000,7,0.000006589,0.000658876,0.000470626,0.000470626,-0.000000008,manual_A_near_upright
real_current_proof,BALANCE,25.361,0.000000,0.002609,0.000658,0.784800000,-0.000000000,0.000000003,0.000000,7,0.000006584,0.000658400,0.000470286,0.000470286,-0.000000008,manual_A_near_upright
real_current_proof,BALANCE,25.413,0.000000,0.002609,0.000658,0.784800000,-0.000000000,0.000000003,0.000000,7,0.000006579,0.000657925,0.000469947,0.000469947,-0.000000008,manual_A_near_upright
real_current_proof,BALANCE,25.464,0.000000,0.002609,0.000657,0.784800000,-0.000000000,0.000000003,0.000000,7,0.000006575,0.000657460,0.000469614,0.000469614,-0.000000008,manual_A_near_upright
real_current_proof,BALANCE,25.524,0.000000,0.002609,0.000657,0.784800000,-0.000000000,0.000000003,0.000000,7,0.000006569,0.000656917,0.000469227,0.000469227,-0.000000008,manual_A_near_upright
real_current_proof,BALANCE,25.584,0.000000,0.002609,0.000656,0.784800000,-0.000000000,0.000000003,0.000000,7,0.000006564,0.000656367,0.000468834,0.000468834,-0.000000008,manual_A_near_upright
real_current_proof,BALANCE,25.636,0.000000,0.002609,0.000656,0.784800000,-0.000000000,0.000000003,0.000000,7,0.000006559,0.000655895,0.000468496,0.000468496,-0.000000008,manual_A_near_upright
real_current_proof,BALANCE,25.689,0.000000,0.002609,0.000655,0.784800000,-0.000000000,0.000000003,0.000000,7,0.000006554,0.000655403,0.000468145,0.000468145,-0.000000008,manual_A_near_upright
real_current_proof,BALANCE,25.740,0.000000,0.002609,0.000655,0.784800000,-0.000000000,0.000000003,0.000000,7,0.000006549,0.000654945,0.000467818,0.000467818,-0.000000008,manual_A_near_upright
real_current_proof,BALANCE,25.791,0.000000,0.002609,0.000654,0.784800000,-0.000000000,0.000000003,0.000000,7,0.000006545,0.000654481,0.000467486,0.000467486,-0.000000008,manual_A_near_upright
real_current_proof,BALANCE,25.841,0.000000,0.002609,0.000654,0.784800000,-0.000000000,0.000000003,0.000000,7,0.000006541,0.000654110,0.000467222,0.000467222,-0.000000008,manual_A_near_upright
real_current_proof,BALANCE,25.892,0.000000,0.002609,0.000654,0.784800000,-0.000000000,0.000000003,0.000000,7,0.000006536,0.000653552,0.000466823,0.000466823,-0.000000008,manual_A_near_upright
real_current_proof,BALANCE,25.943,0.000000,0.002609,0.000653,0.784800000,-0.000000000,0.000000003,0.000000,7,0.000006531,0.000653088,0.000466491,0.000466491,-0.000000008,manual_A_near_upright
real_current_proof,BALANCE,25.995,0.000000,0.002609,0.000653,0.784800000,-0.000000000,0.000000003,0.000000,7,0.000006526,0.000652615,0.000466153,0.000466153,-0.000000008,manual_A_near_upright
real_current_proof,BALANCE,26.047,0.000000,0.002609,0.000652,0.784800000,-0.000000000,0.000000003,0.000000,7,0.000006521,0.000652140,0.000465814,0.000465814,-0.000000008,manual_A_near_upright
real_current_proof,BALANCE,26.098,0.000000,0.002609,0.000652,0.784800000,-0.000000000,0.000000003,0.000000,7,0.000006518,0.000651768,0.000465548,0.000465548,-0.000000008,manual_A_near_upright
real_current_proof,BALANCE,26.148,0.000000,0.002609,0.000651,0.784800000,-0.000000000,0.000000003,0.000000,7,0.000006512,0.000651216,0.000465154,0.000465154,-0.000000008,manual_A_near_upright
real_current_proof,BALANCE,26.199,0.000000,0.002609,0.000651,0.784800000,-0.000000000,0.000000003,0.000000,7,0.000006508,0.000650838,0.000464885,0.000464885,-0.000000008,manual_A_near_upright
real_current_proof,BALANCE,26.251,0.000000,0.002609,0.000650,0.784800000,-0.000000000,0.000000003,0.000000,7,0.000006503,0.000650278,0.000464484,0.000464484,-0.000000008,manual_A_near_upright
real_current_proof,BALANCE,26.302,0.000000,0.002609,0.000650,0.784800000,-0.000000000,0.000000003,0.000000,7,0.000006498,0.000649808,0.000464148,0.000464148,-0.000000008,manual_A_near_upright
real_current_proof,BALANCE,26.353,0.000000,0.002609,0.000649,0.784800000,-0.000000000,0.000000003,0.000000,7,0.000006493,0.000649341,0.000463815,0.000463815,-0.000000008,manual_A_near_upright
real_current_proof,BALANCE,26.405,0.000000,0.002609,0.000649,0.784800000,-0.000000000,0.000000003,0.000000,7,0.000006489,0.000648875,0.000463482,0.000463482,-0.000000008,manual_A_near_upright
real_current_proof,BALANCE,26.456,0.000000,0.002609,0.000648,0.784800000,-0.000000000,0.000000003,0.000000,7,0.000006485,0.000648494,0.000463210,0.000463210,-0.000000008,manual_A_near_upright
real_current_proof,BALANCE,26.507,0.000000,0.002609,0.000648,0.784800000,-0.000000000,0.000000003,0.000000,7,0.000006479,0.000647939,0.000462814,0.000462814,-0.000000008,manual_A_near_upright
real_current_proof,BALANCE,26.559,0.000000,0.002609,0.000647,0.784800000,-0.000000000,0.000000003,0.000000,7,0.000006476,0.000647561,0.000462544,0.000462544,-0.000000008,manual_A_near_upright
real_current_proof,BALANCE,26.610,0.000000,0.002609,0.000647,0.784800000,-0.000000000,0.000000003,0.000000,7,0.000006470,0.000646999,0.000462142,0.000462142,-0.000000008,manual_A_near_upright
real_current_proof,BALANCE,26.661,0.000000,0.002609,0.000647,0.784800000,-0.000000000,0.000000003,0.000000,7,0.000006466,0.000646623,0.000461874,0.000461874,-0.000000008,manual_A_near_upright
real_current_proof,BALANCE,26.712,0.000000,0.002609,0.000646,0.784800000,-0.000000000,0.000000003,0.000000,7,0.000006462,0.000646158,0.000461541,0.000461541,-0.000000008,manual_A_near_upright
real_current_proof,BALANCE,26.764,0.000000,0.002609,0.000646,0.784800000,-0.000000000,0.000000003,0.000000,7,0.000006456,0.000645593,0.000461138,0.000461138,-0.000000008,manual_A_near_upright
real_current_proof,BALANCE,26.816,0.000000,0.002609,0.000645,0.784800000,-0.000000000,0.000000003,0.000000,7,0.000006451,0.000645114,0.000460796,0.000460796,-0.000000008,manual_A_near_upright
real_current_proof,BALANCE,26.868,0.000000,0.002609,0.000645,0.784800000,-0.000000000,0.000000003,0.000000,7,0.000006446,0.000644645,0.000460461,0.000460461,-0.000000008,manual_A_near_upright
real_current_proof,BALANCE,26.920,0.000000,0.002609,0.000644,0.784800000,-0.000000000,0.000000003,0.000000,7,0.000006442,0.000644174,0.000460124,0.000460124,-0.000000008,manual_A_near_upright
real_current_proof,BALANCE,26.971,0.000000,0.002609,0.000644,0.784800000,-0.000000000,0.000000003,0.000000,7,0.000006437,0.000643702,0.000459787,0.000459787,-0.000000008,manual_A_near_upright
real_current_proof,BALANCE,27.022,0.000000,0.002609,0.000643,0.784800000,-0.000000000,0.000000003,0.000000,7,0.000006432,0.000643237,0.000459455,0.000459455,-0.000000008,manual_A_near_upright
real_current_proof,BALANCE,27.074,0.000000,0.002609,0.000643,0.784800000,-0.000000000,0.000000003,0.000000,7,0.000006428,0.000642767,0.000459119,0.000459119,-0.000000008,manual_A_near_upright
real_current_proof,BALANCE,27.125,0.000000,0.002609,0.000642,0.784800000,-0.000000000,0.000000003,0.000000,7,0.000006423,0.000642295,0.000458782,0.000458782,-0.000000008,manual_A_near_upright
real_current_proof,BALANCE,27.177,0.000000,0.002609,0.000642,0.784800000,-0.000000000,0.000000003,0.000000,7,0.000006418,0.000641822,0.000458444,0.000458444,-0.000000008,manual_A_near_upright
real_current_proof,BALANCE,27.228,0.000000,0.002609,0.000641,0.784800000,-0.000000000,0.000000003,0.000000,7,0.000006414,0.000641356,0.000458112,0.000458112,-0.000000008,manual_A_near_upright
real_current_proof,BALANCE,27.280,0.000000,0.002609,0.000641,0.784800000,-0.000000000,0.000000003,0.000000,7,0.000006409,0.000640887,0.000457776,0.000457776,-0.000000008,manual_A_near_upright
real_current_proof,BALANCE,27.331,0.000000,0.002609,0.000640,0.784800000,-0.000000000,0.000000003,0.000000,7,0.000006404,0.000640415,0.000457439,0.000457439,-0.000000008,manual_A_near_upright
real_current_proof,BALANCE,27.382,0.000000,0.002609,0.000640,0.784800000,-0.000000000,0.000000003,0.000000,7,0.000006399,0.000639949,0.000457106,0.000457106,-0.000000008,manual_A_near_upright
real_current_proof,BALANCE,27.434,0.000000,0.002609,0.000639,0.784800000,-0.000000000,0.000000003,0.000000,7,0.000006395,0.000639476,0.000456768,0.000456768,-0.000000008,manual_A_near_upright
real_current_proof,BALANCE,27.485,0.000000,0.002609,0.000639,0.784800000,-0.000000000,0.000000003,0.000000,7,0.000006390,0.000639010,0.000456436,0.000456436,-0.000000008,manual_A_near_upright
real_current_proof,BALANCE,27.536,0.000000,0.002609,0.000639,0.784800000,-0.000000000,0.000000003,0.000000,7,0.000006385,0.000638540,0.000456100,0.000456100,-0.000000008,manual_A_near_upright
real_current_proof,BALANCE,27.588,0.000000,0.002609,0.000638,0.784800000,-0.000000000,0.000000003,0.000000,7,0.000006381,0.000638069,0.000455764,0.000455764,-0.000000008,manual_A_near_upright
real_current_proof,BALANCE,27.640,0.000000,0.002609,0.000638,0.784800000,-0.000000000,0.000000003,0.000000,7,0.000006376,0.000637601,0.000455429,0.000455429,-0.000000008,manual_A_near_upright
real_current_proof,BALANCE,27.691,0.000000,0.002609,0.000637,0.784800000,-0.000000000,0.000000003,0.000000,7,0.000006371,0.000637128,0.000455092,0.000455092,-0.000000008,manual_A_near_upright
real_current_proof,BALANCE,27.743,0.000000,0.002609,0.000637,0.784800000,-0.000000000,0.000000003,0.000000,7,0.000006367,0.000636659,0.000454756,0.000454756,-0.000000008,manual_A_near_upright
real_current_proof,BALANCE,27.794,0.000000,0.002609,0.000636,0.784800000,-0.000000000,0.000000003,0.000000,7,0.000006362,0.000636185,0.000454418,0.000454418,-0.000000008,manual_A_near_upright
real_current_proof,BALANCE,27.846,0.000000,0.002609,0.000636,0.784800000,-0.000000000,0.000000003,0.000000,7,0.000006357,0.000635719,0.000454085,0.000454085,-0.000000008,manual_A_near_upright
real_current_proof,BALANCE,27.897,0.000000,0.002609,0.000635,0.784800000,-0.000000000,0.000000003,0.000000,7,0.000006352,0.000635248,0.000453749,0.000453749,-0.000000008,manual_A_near_upright
real_current_proof,BALANCE,27.948,0.000000,0.002609,0.000635,0.784800000,-0.000000000,0.000000003,0.000000,7,0.000006348,0.000634783,0.000453416,0.000453416,-0.000000008,manual_A_near_upright
real_current_proof,BALANCE,27.999,0.000000,0.002609,0.000634,0.784800000,-0.000000000,0.000000003,0.000000,7,0.000006343,0.000634318,0.000453084,0.000453084,-0.000000008,manual_A_near_upright
real_current_proof,BALANCE,28.050,0.000000,0.002609,0.000634,0.784800000,-0.000000000,0.000000003,0.000000,7,0.000006339,0.000633851,0.000452751,0.000452751,-0.000000008,manual_A_near_upright
real_current_proof,BALANCE,28.102,0.000000,0.002609,0.000633,0.784800000,-0.000000000,0.000000003,0.000000,7,0.000006334,0.000633382,0.000452416,0.000452416,-0.000000008,manual_A_near_upright
real_current_proof,BALANCE,28.154,0.000000,0.002609,0.000633,0.784800000,-0.000000000,0.000000003,0.000000,7,0.000006329,0.000632906,0.000452076,0.000452076,-0.000000008,manual_A_near_upright
real_current_proof,BALANCE,28.205,0.000000,0.002609,0.000632,0.784800000,-0.000000000,0.000000003,0.000000,7,0.000006324,0.000632437,0.000451741,0.000451741,-0.000000008,manual_A_near_upright
real_current_proof,BALANCE,28.255,0.000000,0.002609,0.000632,0.784800000,-0.000000000,0.000000003,0.000000,7,0.000006320,0.000631976,0.000451411,0.000451411,-0.000000008,manual_A_near_upright
real_current_proof,BALANCE,28.308,0.000000,0.002609,0.000631,0.784800000,-0.000000000,0.000000003,0.000000,7,0.000006315,0.000631499,0.000451071,0.000451071,-0.000000008,manual_A_near_upright
real_current_proof,BALANCE,28.359,0.000000,0.002609,0.000631,0.784800000,-0.000000000,0.000000003,0.000000,7,0.000006310,0.000631033,0.000450738,0.000450738,-0.000000008,manual_A_near_upright
real_current_proof,BALANCE,28.410,0.000000,0.002609,0.000631,0.784800000,-0.000000000,0.000000003,0.000000,7,0.000006306,0.000630567,0.000450405,0.000450405,-0.000000008,manual_A_near_upright
real_current_proof,BALANCE,28.461,0.000000,0.002609,0.000630,0.784800000,-0.000000000,0.000000003,0.000000,7,0.000006301,0.000630100,0.000450072,0.000450072,-0.000000008,manual_A_near_upright
real_current_proof,BALANCE,28.513,0.000000,0.002609,0.000630,0.784800000,-0.000000000,0.000000003,0.000000,7,0.000006296,0.000629626,0.000449733,0.000449733,-0.000000008,manual_A_near_upright
real_current_proof,BALANCE,28.564,0.000000,0.002609,0.000629,0.784800000,-0.000000000,0.000000003,0.000000,7,0.000006292,0.000629158,0.000449399,0.000449399,-0.000000008,manual_A_near_upright
real_current_proof,BALANCE,28.616,0.000000,0.002609,0.000629,0.784800000,-0.000000000,0.000000003,0.000000,7,0.000006287,0.000628687,0.000449062,0.000449062,-0.000000008,manual_A_near_upright
real_current_proof,BALANCE,28.667,0.000000,0.002609,0.000628,0.784800000,-0.000000000,0.000000003,0.000000,7,0.000006282,0.000628215,0.000448725,0.000448725,-0.000000008,manual_A_near_upright
real_current_proof,BALANCE,28.719,0.000000,0.002609,0.000628,0.784800000,-0.000000000,0.000000003,0.000000,7,0.000006277,0.000627743,0.000448388,0.000448388,-0.000000008,manual_A_near_upright
real_current_proof,BALANCE,28.771,0.000000,0.002609,0.000627,0.784800000,-0.000000000,0.000000003,0.000000,7,0.000006273,0.000627274,0.000448053,0.000448053,-0.000000008,manual_A_near_upright
real_current_proof,BALANCE,28.822,0.000000,0.002609,0.000627,0.784800000,-0.000000000,0.000000003,0.000000,7,0.000006268,0.000626802,0.000447716,0.000447716,-0.000000008,manual_A_near_upright
real_current_proof,BALANCE,28.873,0.000000,0.002609,0.000626,0.784800000,-0.000000000,0.000000003,0.000000,7,0.000006263,0.000626335,0.000447382,0.000447382,-0.000000008,manual_A_near_upright
real_current_proof,BALANCE,28.925,0.000000,0.002609,0.000626,0.784800000,-0.000000000,0.000000003,0.000000,7,0.000006259,0.000625869,0.000447050,0.000447050,-0.000000008,manual_A_near_upright
real_current_proof,BALANCE,28.976,0.000000,0.002609,0.000625,0.784800000,-0.000000000,0.000000003,0.000000,7,0.000006254,0.000625398,0.000446713,0.000446713,-0.000000008,manual_A_near_upright
real_current_proof,BALANCE,29.027,0.000000,0.002609,0.000625,0.784800000,-0.000000000,0.000000003,0.000000,7,0.000006249,0.000624932,0.000446380,0.000446380,-0.000000008,manual_A_near_upright
real_current_proof,BALANCE,29.079,0.000000,0.002609,0.000624,0.784800000,-0.000000000,0.000000003,0.000000,7,0.000006245,0.000624460,0.000446043,0.000446043,-0.000000008,manual_A_near_upright
real_current_proof,BALANCE,29.129,0.000000,0.002609,0.000624,0.784800000,-0.000000000,0.000000003,0.000000,7,0.000006240,0.000624001,0.000445715,0.000445715,-0.000000008,manual_A_near_upright
real_current_proof,BALANCE,29.181,0.000000,0.002609,0.000624,0.784800000,-0.000000000,0.000000003,0.000000,7,0.000006235,0.000623525,0.000445375,0.000445375,-0.000000008,manual_A_near_upright
real_current_proof,BALANCE,29.233,0.000000,0.002609,0.000623,0.784800000,-0.000000000,0.000000003,0.000000,7,0.000006231,0.000623053,0.000445038,0.000445038,-0.000000008,manual_A_near_upright
real_current_proof,BALANCE,29.284,0.000000,0.002609,0.000623,0.784800000,-0.000000000,0.000000003,0.000000,7,0.000006227,0.000622679,0.000444771,0.000444771,-0.000000008,manual_A_near_upright
real_current_proof,BALANCE,29.336,0.000000,0.002609,0.000622,0.784800000,-0.000000000,0.000000003,0.000000,7,0.000006221,0.000622117,0.000444369,0.000444369,-0.000000008,manual_A_near_upright
real_current_proof,BALANCE,29.387,0.000000,0.002609,0.000622,0.784800000,-0.000000000,0.000000003,0.000000,7,0.000006216,0.000621647,0.000444033,0.000444033,-0.000000008,manual_A_near_upright
real_current_proof,BALANCE,29.439,0.000000,0.002609,0.000621,0.784800000,-0.000000000,0.000000003,0.000000,7,0.000006212,0.000621173,0.000443695,0.000443695,-0.000000008,manual_A_near_upright
real_current_proof,BALANCE,29.490,0.000000,0.002609,0.000621,0.784800000,-0.000000000,0.000000003,0.000000,7,0.000006207,0.000620704,0.000443360,0.000443360,-0.000000008,manual_A_near_upright
real_current_proof,BALANCE,29.542,0.000000,0.002609,0.000620,0.784800000,-0.000000000,0.000000003,0.000000,7,0.000006202,0.000620235,0.000443025,0.000443025,-0.000000008,manual_A_near_upright
real_current_proof,BALANCE,29.593,0.000000,0.002609,0.000620,0.784800000,-0.000000000,0.000000003,0.000000,7,0.000006198,0.000619762,0.000442687,0.000442687,-0.000000008,manual_A_near_upright
real_current_proof,BALANCE,29.644,0.000000,0.002609,0.000619,0.784800000,-0.000000000,0.000000003,0.000000,7,0.000006193,0.000619296,0.000442355,0.000442355,-0.000000008,manual_A_near_upright
real_current_proof,BALANCE,29.695,0.000000,0.002609,0.000619,0.784800000,-0.000000000,0.000000003,0.000000,7,0.000006188,0.000618833,0.000442024,0.000442024,-0.000000008,manual_A_near_upright
real_current_proof,BALANCE,29.747,0.000000,0.002609,0.000618,0.784800000,-0.000000000,0.000000003,0.000000,7,0.000006184,0.000618361,0.000441687,0.000441687,-0.000000008,manual_A_near_upright
real_current_proof,BALANCE,29.798,0.000000,0.002609,0.000618,0.784800000,-0.000000000,0.000000003,0.000000,7,0.000006179,0.000617892,0.000441352,0.000441352,-0.000000008,manual_A_near_upright
real_current_proof,BALANCE,29.855,0.000000,0.002609,0.000617,0.784800000,-0.000000000,0.000000003,0.000000,7,0.000006174,0.000617376,0.000440983,0.000440983,-0.000000008,manual_A_near_upright
real_current_proof,BALANCE,29.907,0.000000,0.002609,0.000617,0.784800000,-0.000000000,0.000000003,0.000000,7,0.000006169,0.000616904,0.000440646,0.000440646,-0.000000008,manual_A_near_upright
real_current_proof,BALANCE,29.958,0.000000,0.002609,0.000616,0.784800000,-0.000000000,0.000000003,0.000000,7,0.000006164,0.000616435,0.000440311,0.000440311,-0.000000008,manual_A_near_upright
real_current_proof,BALANCE,30.009,0.000000,0.002609,0.000616,0.784800000,-0.000000000,0.000000003,0.000000,7,0.000006160,0.000615969,0.000439978,0.000439978,-0.000000008,manual_A_near_upright
real_current_proof,BALANCE,30.060,0.000000,0.002609,0.000615,0.784800000,-0.000000000,0.000000003,0.000000,7,0.000006155,0.000615497,0.000439641,0.000439641,-0.000000008,manual_A_near_upright
real_current_proof,BALANCE,30.113,0.000000,0.002609,0.000615,0.784800000,-0.000000000,0.000000003,0.000000,7,0.000006150,0.000615022,0.000439301,0.000439301,-0.000000008,manual_A_near_upright
real_current_proof,BALANCE,30.165,0.000000,0.002609,0.000615,0.784800000,-0.000000000,0.000000003,0.000000,7,0.000006145,0.000614546,0.000438962,0.000438962,-0.000000008,manual_A_near_upright
real_current_proof,BALANCE,30.216,0.000000,0.002609,0.000614,0.784800000,-0.000000000,0.000000003,0.000000,7,0.000006141,0.000614076,0.000438626,0.000438626,-0.000000008,manual_A_near_upright
real_current_proof,BALANCE,30.269,0.000000,0.002609,0.000614,0.784800000,-0.000000000,0.000000003,0.000000,7,0.000006136,0.000613601,0.000438286,0.000438286,-0.000000008,manual_A_near_upright
real_current_proof,BALANCE,30.320,0.000000,0.002609,0.000613,0.784800000,-0.000000000,0.000000003,0.000000,7,0.000006131,0.000613130,0.000437950,0.000437950,-0.000000008,manual_A_near_upright
real_current_proof,BALANCE,30.372,0.000000,0.002609,0.000613,0.784800000,-0.000000000,0.000000003,0.000000,7,0.000006127,0.000612658,0.000437613,0.000437613,-0.000000008,manual_A_near_upright
real_current_proof,BALANCE,30.424,0.000000,0.002609,0.000612,0.784800000,-0.000000000,0.000000003,0.000000,7,0.000006122,0.000612184,0.000437274,0.000437274,-0.000000008,manual_A_near_upright
real_current_proof,BALANCE,30.475,0.000000,0.002609,0.000612,0.784800000,-0.000000000,0.000000003,0.000000,7,0.000006117,0.000611714,0.000436939,0.000436939,-0.000000008,manual_A_near_upright
real_current_proof,BALANCE,30.526,0.000000,0.002609,0.000611,0.784800000,-0.000000000,0.000000003,0.000000,7,0.000006112,0.000611249,0.000436606,0.000436606,-0.000000008,manual_A_near_upright
real_current_proof,BALANCE,30.576,0.000000,0.002609,0.000611,0.784800000,-0.000000000,0.000000003,0.000000,7,0.000006108,0.000610787,0.000436276,0.000436276,-0.000000008,manual_A_near_upright
real_current_proof,BALANCE,30.628,0.000000,0.002609,0.000610,0.784800000,-0.000000000,0.000000003,0.000000,7,0.000006103,0.000610316,0.000435940,0.000435940,-0.000000008,manual_A_near_upright
real_current_proof,BALANCE,30.679,0.000000,0.002609,0.000610,0.784800000,-0.000000000,0.000000003,0.000000,7,0.000006098,0.000609850,0.000435607,0.000435607,-0.000000008,manual_A_near_upright
real_current_proof,BALANCE,30.731,0.000000,0.002609,0.000609,0.784800000,-0.000000000,0.000000003,0.000000,7,0.000006094,0.000609380,0.000435271,0.000435271,-0.000000008,manual_A_near_upright
real_current_proof,BALANCE,30.782,0.000000,0.002609,0.000609,0.784800000,-0.000000000,0.000000003,0.000000,7,0.000006089,0.000608911,0.000434936,0.000434936,-0.000000008,manual_A_near_upright
real_current_proof,BALANCE,30.833,0.000000,0.002609,0.000608,0.784800000,-0.000000000,0.000000003,0.000000,7,0.000006084,0.000608442,0.000434602,0.000434602,-0.000000008,manual_A_near_upright
real_current_proof,BALANCE,30.885,0.000000,0.002609,0.000608,0.784800000,-0.000000000,0.000000003,0.000000,7,0.000006080,0.000607974,0.000434267,0.000434267,-0.000000008,manual_A_near_upright
real_current_proof,BALANCE,30.936,0.000000,0.002609,0.000608,0.784800000,-0.000000000,0.000000003,0.000000,7,0.000006075,0.000607508,0.000433935,0.000433935,-0.000000007,manual_A_near_upright
real_current_proof,BALANCE,30.986,0.000000,0.002609,0.000607,0.784800000,-0.000000000,0.000000003,0.000000,7,0.000006070,0.000607045,0.000433603,0.000433603,-0.000000007,manual_A_near_upright
real_current_proof,BALANCE,31.038,0.000000,0.002609,0.000607,0.784800000,-0.000000000,0.000000003,0.000000,7,0.000006066,0.000606575,0.000433268,0.000433268,-0.000000007,manual_A_near_upright
real_current_proof,BALANCE,31.088,0.000000,0.002609,0.000606,0.784800000,-0.000000000,0.000000003,0.000000,7,0.000006062,0.000606204,0.000433003,0.000433003,-0.000000007,manual_A_near_upright
real_current_proof,BALANCE,31.140,0.000000,0.002609,0.000606,0.784800000,-0.000000000,0.000000003,0.000000,7,0.000006056,0.000605644,0.000432603,0.000432603,-0.000000007,manual_A_near_upright
real_current_proof,BALANCE,31.190,0.000000,0.002609,0.000605,0.784800000,-0.000000000,0.000000003,0.000000,7,0.000006052,0.000605182,0.000432273,0.000432273,-0.000000007,manual_A_near_upright
real_current_proof,BALANCE,31.242,0.000000,0.002609,0.000605,0.784800000,-0.000000000,0.000000003,0.000000,7,0.000006048,0.000604804,0.000432003,0.000432003,-0.000000007,manual_A_near_upright
real_current_proof,BALANCE,31.294,0.000000,0.002609,0.000604,0.784800000,-0.000000000,0.000000003,0.000000,7,0.000006042,0.000604239,0.000431600,0.000431600,-0.000000007,manual_A_near_upright
real_current_proof,BALANCE,31.345,0.000000,0.002609,0.000604,0.784800000,-0.000000000,0.000000003,0.000000,7,0.000006038,0.000603769,0.000431264,0.000431264,-0.000000007,manual_A_near_upright
real_current_proof,BALANCE,31.397,0.000000,0.002609,0.000603,0.784800000,-0.000000000,0.000000003,0.000000,7,0.000006033,0.000603299,0.000430928,0.000430928,-0.000000007,manual_A_near_upright
real_current_proof,BALANCE,31.448,0.000000,0.002609,0.000603,0.784800000,-0.000000000,0.000000002,0.000000,7,0.000006028,0.000602829,0.000430592,0.000430592,-0.000000007,manual_A_near_upright
real_current_proof,BALANCE,31.499,0.000000,0.002609,0.000602,0.784800000,-0.000000000,0.000000002,0.000000,7,0.000006024,0.000602364,0.000430260,0.000430260,-0.000000007,manual_A_near_upright
real_current_proof,BALANCE,31.550,0.000000,0.002609,0.000602,0.784800000,-0.000000000,0.000000002,0.000000,7,0.000006019,0.000601898,0.000429927,0.000429927,-0.000000007,manual_A_near_upright
real_current_proof,BALANCE,31.601,0.000000,0.002609,0.000601,0.784800000,-0.000000000,0.000000002,0.000000,7,0.000006014,0.000601433,0.000429595,0.000429595,-0.000000007,manual_A_near_upright
real_current_proof,BALANCE,31.652,0.000000,0.002609,0.000601,0.784800000,-0.000000000,0.000000002,0.000000,7,0.000006010,0.000600972,0.000429265,0.000429265,-0.000000007,manual_A_near_upright
real_current_proof,BALANCE,31.703,0.000000,0.002609,0.000601,0.784800000,-0.000000000,0.000000002,0.000000,7,0.000006005,0.000600501,0.000428929,0.000428929,-0.000000007,manual_A_near_upright
real_current_proof,BALANCE,31.754,0.000000,0.002609,0.000600,0.784800000,-0.000000000,0.000000002,0.000000,7,0.000006000,0.000600036,0.000428597,0.000428597,-0.000000007,manual_A_near_upright
real_current_proof,BALANCE,31.805,0.000000,0.002609,0.000600,0.784800000,-0.000000000,0.000000002,0.000000,7,0.000005996,0.000599571,0.000428265,0.000428265,-0.000000007,manual_A_near_upright
real_current_proof,BALANCE,31.856,0.000000,0.002609,0.000599,0.784800000,-0.000000000,0.000000002,0.000000,7,0.000005991,0.000599101,0.000427929,0.000427929,-0.000000007,manual_A_near_upright
real_current_proof,BALANCE,31.908,0.000000,0.002609,0.000599,0.784800000,-0.000000000,0.000000002,0.000000,7,0.000005986,0.000598633,0.000427595,0.000427595,-0.000000007,manual_A_near_upright
real_current_proof,BALANCE,31.960,0.000000,0.002609,0.000598,0.784800000,-0.000000000,0.000000002,0.000000,7,0.000005982,0.000598160,0.000427257,0.000427257,-0.000000007,manual_A_near_upright
real_current_proof,BALANCE,32.011,0.000000,0.002609,0.000598,0.784800000,-0.000000000,0.000000002,0.000000,7,0.000005977,0.000597689,0.000426921,0.000426921,-0.000000007,manual_A_near_upright
real_current_proof,BALANCE,32.062,0.000000,0.002609,0.000597,0.784800000,-0.000000000,0.000000002,0.000000,7,0.000005972,0.000597222,0.000426587,0.000426587,-0.000000007,manual_A_near_upright
real_current_proof,BALANCE,32.113,0.000000,0.002609,0.000597,0.784800000,-0.000000000,0.000000002,0.000000,7,0.000005968,0.000596758,0.000426256,0.000426256,-0.000000007,manual_A_near_upright
real_current_proof,BALANCE,32.165,0.000000,0.002609,0.000596,0.784800000,-0.000000000,0.000000002,0.000000,7,0.000005963,0.000596285,0.000425918,0.000425918,-0.000000007,manual_A_near_upright
real_current_proof,BALANCE,32.217,0.000000,0.002609,0.000596,0.784800000,-0.000000000,0.000000002,0.000000,7,0.000005958,0.000595810,0.000425579,0.000425579,-0.000000007,manual_A_near_upright
real_current_proof,BALANCE,32.268,0.000000,0.002609,0.000595,0.784800000,-0.000000000,0.000000002,0.000000,7,0.000005953,0.000595344,0.000425246,0.000425246,-0.000000007,manual_A_near_upright
real_current_proof,BALANCE,32.320,0.000000,0.002609,0.000595,0.784800000,-0.000000000,0.000000002,0.000000,7,0.000005949,0.000594874,0.000424910,0.000424910,-0.000000007,manual_A_near_upright
real_current_proof,BALANCE,32.371,0.000000,0.002609,0.000594,0.784800000,-0.000000000,0.000000002,0.000000,7,0.000005944,0.000594402,0.000424573,0.000424573,-0.000000007,manual_A_near_upright
real_current_proof,BALANCE,32.423,0.000000,0.002609,0.000594,0.784800000,-0.000000000,0.000000002,0.000000,7,0.000005939,0.000593930,0.000424236,0.000424236,-0.000000007,manual_A_near_upright
real_current_proof,BALANCE,32.475,0.000000,0.002609,0.000593,0.784800000,-0.000000000,0.000000002,0.000000,7,0.000005935,0.000593458,0.000423899,0.000423899,-0.000000007,manual_A_near_upright
real_current_proof,BALANCE,32.526,0.000000,0.002609,0.000593,0.784800000,-0.000000000,0.000000002,0.000000,7,0.000005930,0.000592993,0.000423566,0.000423566,-0.000000007,manual_A_near_upright
real_current_proof,BALANCE,32.577,0.000000,0.002609,0.000593,0.784800000,-0.000000000,0.000000002,0.000000,7,0.000005925,0.000592521,0.000423230,0.000423230,-0.000000007,manual_A_near_upright
real_current_proof,BALANCE,32.628,0.000000,0.002609,0.000592,0.784800000,-0.000000000,0.000000002,0.000000,7,0.000005921,0.000592147,0.000422962,0.000422962,-0.000000007,manual_A_near_upright
real_current_proof,BALANCE,32.679,0.000000,0.002609,0.000592,0.784800000,-0.000000000,0.000000002,0.000000,7,0.000005917,0.000591681,0.000422629,0.000422629,-0.000000007,manual_A_near_upright
real_current_proof,BALANCE,32.731,0.000000,0.002609,0.000591,0.784800000,-0.000000000,0.000000002,0.000000,7,0.000005911,0.000591115,0.000422225,0.000422225,-0.000000007,manual_A_near_upright
real_current_proof,BALANCE,32.784,0.000000,0.002609,0.000591,0.784800000,-0.000000000,0.000000002,0.000000,7,0.000005906,0.000590639,0.000421885,0.000421885,-0.000000007,manual_A_near_upright
real_current_proof,BALANCE,32.837,0.000000,0.002609,0.000590,0.784800000,-0.000000000,0.000000002,0.000000,7,0.000005902,0.000590153,0.000421538,0.000421538,-0.000000007,manual_A_near_upright
real_current_proof,BALANCE,32.890,0.000000,0.002609,0.000590,0.784800000,-0.000000000,0.000000002,0.000000,7,0.000005897,0.000589669,0.000421192,0.000421192,-0.000000007,manual_A_near_upright
real_current_proof,BALANCE,32.943,0.000000,0.002609,0.000589,0.784800000,-0.000000000,0.000000002,0.000000,7,0.000005892,0.000589183,0.000420845,0.000420845,-0.000000007,manual_A_near_upright
real_current_proof,BALANCE,32.996,0.000000,0.002609,0.000589,0.784800000,-0.000000000,0.000000002,0.000000,7,0.000005887,0.000588710,0.000420507,0.000420507,-0.000000007,manual_A_near_upright
real_current_proof,BALANCE,33.047,0.000000,0.002609,0.000588,0.784800000,-0.000000000,0.000000002,0.000000,7,0.000005882,0.000588230,0.000420165,0.000420165,-0.000000007,manual_A_near_upright
real_current_proof,BALANCE,33.100,0.000000,0.002609,0.000588,0.784800000,-0.000000000,0.000000002,0.000000,7,0.000005878,0.000587754,0.000419824,0.000419824,-0.000000007,manual_A_near_upright
real_current_proof,BALANCE,33.157,0.000000,0.002609,0.000587,0.784800000,-0.000000000,0.000000002,0.000000,7,0.000005872,0.000587232,0.000419451,0.000419451,-0.000000007,manual_A_near_upright
real_current_proof,BALANCE,33.217,0.000000,0.002609,0.000587,0.784800000,-0.000000000,0.000000002,0.000000,7,0.000005867,0.000586681,0.000419058,0.000419058,-0.000000007,manual_A_near_upright
real_current_proof,BALANCE,33.267,0.000000,0.002609,0.000586,0.784800000,-0.000000000,0.000000002,0.000000,7,0.000005862,0.000586222,0.000418730,0.000418730,-0.000000007,manual_A_near_upright
real_current_proof,BALANCE,33.319,0.000000,0.002609,0.000586,0.784800000,-0.000000000,0.000000002,0.000000,7,0.000005857,0.000585748,0.000418391,0.000418391,-0.000000007,manual_A_near_upright
real_current_proof,BALANCE,33.372,0.000000,0.002609,0.000585,0.784800000,-0.000000000,0.000000002,0.000000,7,0.000005853,0.000585269,0.000418049,0.000418049,-0.000000007,manual_A_near_upright
real_current_proof,BALANCE,33.429,0.000000,0.002609,0.000585,0.784800000,-0.000000000,0.000000002,0.000000,7,0.000005847,0.000584746,0.000417676,0.000417676,-0.000000007,manual_A_near_upright
real_current_proof,BALANCE,33.482,0.000000,0.002609,0.000584,0.784800000,-0.000000000,0.000000002,0.000000,7,0.000005844,0.000584366,0.000417404,0.000417404,-0.000000007,manual_A_near_upright
real_current_proof,BALANCE,33.533,0.000000,0.002609,0.000584,0.784800000,-0.000000000,0.000000002,0.000000,7,0.000005838,0.000583797,0.000416998,0.000416998,-0.000000007,manual_A_near_upright
real_current_proof,BALANCE,33.584,0.000000,0.002609,0.000583,0.784800000,-0.000000000,0.000000002,0.000000,7,0.000005833,0.000583328,0.000416663,0.000416663,-0.000000007,manual_A_near_upright
real_current_proof,BALANCE,33.636,0.000000,0.002609,0.000583,0.784800000,-0.000000000,0.000000002,0.000000,7,0.000005829,0.000582860,0.000416329,0.000416329,-0.000000007,manual_A_near_upright
real_current_proof,BALANCE,33.687,0.000000,0.002609,0.000582,0.784800000,-0.000000000,0.000000002,0.000000,7,0.000005824,0.000582388,0.000415992,0.000415992,-0.000000007,manual_A_near_upright
real_current_proof,BALANCE,33.739,0.000000,0.002609,0.000582,0.784800000,-0.000000000,0.000000002,0.000000,7,0.000005819,0.000581915,0.000415653,0.000415653,-0.000000007,manual_A_near_upright
real_current_proof,BALANCE,33.791,0.000000,0.002609,0.000581,0.784800000,-0.000000000,0.000000002,0.000000,7,0.000005814,0.000581441,0.000415315,0.000415315,-0.000000007,manual_A_near_upright
real_current_proof,BALANCE,33.843,0.000000,0.002609,0.000581,0.784800000,-0.000000000,0.000000002,0.000000,7,0.000005810,0.000580966,0.000414976,0.000414976,-0.000000007,manual_A_near_upright
real_current_proof,BALANCE,33.895,0.000000,0.002609,0.000580,0.784800000,-0.000000000,0.000000002,0.000000,7,0.000005805,0.000580495,0.000414639,0.000414639,-0.000000007,manual_A_near_upright
real_current_proof,BALANCE,33.947,0.000000,0.002609,0.000580,0.784800000,-0.000000000,0.000000002,0.000000,7,0.000005800,0.000580023,0.000414302,0.000414302,-0.000000007,manual_A_near_upright
real_current_proof,BALANCE,33.999,0.000000,0.002609,0.000580,0.784800000,-0.000000000,0.000000002,0.000000,7,0.000005795,0.000579546,0.000413961,0.000413961,-0.000000007,manual_A_near_upright
real_current_proof,BALANCE,34.050,0.000000,0.002609,0.000579,0.784800000,-0.000000000,0.000000002,0.000000,7,0.000005791,0.000579075,0.000413625,0.000413625,-0.000000007,manual_A_near_upright
real_current_proof,BALANCE,34.101,0.000000,0.002609,0.000579,0.784800000,-0.000000000,0.000000002,0.000000,7,0.000005786,0.000578607,0.000413291,0.000413291,-0.000000007,manual_A_near_upright
real_current_proof,BALANCE,34.153,0.000000,0.002609,0.000578,0.784800000,-0.000000000,0.000000002,0.000000,7,0.000005781,0.000578136,0.000412955,0.000412955,-0.000000007,manual_A_near_upright
real_current_proof,BALANCE,34.204,0.000000,0.002609,0.000578,0.784800000,-0.000000000,0.000000002,0.000000,7,0.000005778,0.000577759,0.000412685,0.000412685,-0.000000007,manual_A_near_upright
real_current_proof,BALANCE,34.256,0.000000,0.002609,0.000577,0.784800000,-0.000000000,0.000000002,0.000000,7,0.000005772,0.000577193,0.000412281,0.000412281,-0.000000007,manual_A_near_upright
real_current_proof,BALANCE,34.308,0.000000,0.002609,0.000577,0.784800000,-0.000000000,0.000000002,0.000000,7,0.000005767,0.000576719,0.000411942,0.000411942,-0.000000007,manual_A_near_upright
real_current_proof,BALANCE,34.359,0.000000,0.002609,0.000576,0.784800000,-0.000000000,0.000000002,0.000000,7,0.000005763,0.000576253,0.000411609,0.000411609,-0.000000007,manual_A_near_upright
real_current_proof,BALANCE,34.411,0.000000,0.002609,0.000576,0.784800000,-0.000000000,0.000000002,0.000000,7,0.000005758,0.000575783,0.000411273,0.000411273,-0.000000007,manual_A_near_upright
real_current_proof,BALANCE,34.462,0.000000,0.002609,0.000575,0.784800000,-0.000000000,0.000000002,0.000000,7,0.000005753,0.000575310,0.000410936,0.000410936,-0.000000007,manual_A_near_upright
real_current_proof,BALANCE,34.514,0.000000,0.002609,0.000575,0.784800000,-0.000000000,0.000000002,0.000000,7,0.000005748,0.000574837,0.000410598,0.000410598,-0.000000007,manual_A_near_upright
real_current_proof,BALANCE,34.567,0.000000,0.002609,0.000574,0.784800000,-0.000000000,0.000000002,0.000000,7,0.000005744,0.000574356,0.000410254,0.000410254,-0.000000007,manual_A_near_upright
real_current_proof,BALANCE,34.618,0.000000,0.002609,0.000574,0.784800000,-0.000000000,0.000000002,0.000000,7,0.000005739,0.000573886,0.000409919,0.000409919,-0.000000007,manual_A_near_upright
real_current_proof,BALANCE,34.670,0.000000,0.002609,0.000573,0.784800000,-0.000000000,0.000000002,0.000000,7,0.000005734,0.000573414,0.000409582,0.000409582,-0.000000007,manual_A_near_upright
real_current_proof,BALANCE,34.721,0.000000,0.002609,0.000573,0.784800000,-0.000000000,0.000000002,0.000000,7,0.000005730,0.000573039,0.000409313,0.000409313,-0.000000007,manual_A_near_upright
real_current_proof,BALANCE,34.780,0.000000,0.002609,0.000572,0.784800000,-0.000000000,0.000000002,0.000000,7,0.000005725,0.000572526,0.000408947,0.000408947,-0.000000007,manual_A_near_upright
real_current_proof,BALANCE,34.831,0.000000,0.002609,0.000572,0.784800000,-0.000000000,0.000000002,0.000000,7,0.000005719,0.000571945,0.000408532,0.000408532,-0.000000007,manual_A_near_upright
real_current_proof,BALANCE,34.882,0.000000,0.002609,0.000571,0.784800000,-0.000000000,0.000000002,0.000000,7,0.000005715,0.000571480,0.000408200,0.000408200,-0.000000007,manual_A_near_upright
real_current_proof,BALANCE,34.933,0.000000,0.002609,0.000571,0.784800000,-0.000000000,0.000000002,0.000000,7,0.000005710,0.000571017,0.000407869,0.000407869,-0.000000007,manual_A_near_upright
real_current_proof,BALANCE,34.985,0.000000,0.002609,0.000571,0.784800000,-0.000000000,0.000000002,0.000000,7,0.000005705,0.000570540,0.000407529,0.000407529,-0.000000007,manual_A_near_upright
real_current_proof,BALANCE,35.037,0.000000,0.002609,0.000570,0.784800000,-0.000000000,0.000000002,0.000000,7,0.000005701,0.000570066,0.000407190,0.000407190,-0.000000007,manual_A_near_upright
real_current_proof,BALANCE,35.089,0.000000,0.002609,0.000570,0.784800000,-0.000000000,0.000000002,0.000000,7,0.000005696,0.000569594,0.000406853,0.000406853,-0.000000007,manual_A_near_upright
real_current_proof,BALANCE,35.139,0.000000,0.002609,0.000569,0.784800000,-0.000000000,0.000000002,0.000000,7,0.000005691,0.000569132,0.000406523,0.000406523,-0.000000007,manual_A_near_upright
real_current_proof,BALANCE,35.191,0.000000,0.002609,0.000569,0.784800000,-0.000000000,0.000000002,0.000000,7,0.000005687,0.000568662,0.000406187,0.000406187,-0.000000007,manual_A_near_upright
real_current_proof,BALANCE,35.243,0.000000,0.002609,0.000568,0.784800000,-0.000000000,0.000000002,0.000000,7,0.000005682,0.000568181,0.000405844,0.000405844,-0.000000007,manual_A_near_upright
real_current_proof,BALANCE,35.295,0.000000,0.002609,0.000568,0.784800000,-0.000000000,0.000000002,0.000000,7,0.000005677,0.000567713,0.000405509,0.000405509,-0.000000007,manual_A_near_upright
real_current_proof,BALANCE,35.347,0.000000,0.002609,0.000567,0.784800000,-0.000000000,0.000000002,0.000000,7,0.000005672,0.000567240,0.000405171,0.000405171,-0.000000007,manual_A_near_upright
real_current_proof,BALANCE,35.397,0.000000,0.002609,0.000567,0.784800000,-0.000000000,0.000000002,0.000000,7,0.000005668,0.000566776,0.000404840,0.000404840,-0.000000007,manual_A_near_upright
real_current_proof,BALANCE,35.449,0.000000,0.002609,0.000566,0.784800000,-0.000000000,0.000000002,0.000000,7,0.000005663,0.000566300,0.000404500,0.000404500,-0.000000007,manual_A_near_upright
real_current_proof,BALANCE,35.502,0.000000,0.002609,0.000566,0.784800000,-0.000000000,0.000000002,0.000000,7,0.000005658,0.000565817,0.000404155,0.000404155,-0.000000007,manual_A_near_upright
real_current_proof,BALANCE,35.554,0.000000,0.002609,0.000565,0.784800000,-0.000000000,0.000000002,0.000000,7,0.000005653,0.000565343,0.000403816,0.000403816,-0.000000007,manual_A_near_upright
real_current_proof,BALANCE,35.607,0.000000,0.002609,0.000565,0.784800000,-0.000000000,0.000000002,0.000000,7,0.000005649,0.000564862,0.000403473,0.000403473,-0.000000007,manual_A_near_upright
real_current_proof,BALANCE,35.659,0.000000,0.002609,0.000564,0.784800000,-0.000000000,0.000000002,0.000000,7,0.000005644,0.000564390,0.000403136,0.000403136,-0.000000007,manual_A_near_upright
real_current_proof,BALANCE,35.709,0.000000,0.002609,0.000564,0.784800000,-0.000000000,0.000000002,0.000000,7,0.000005639,0.000563925,0.000402803,0.000402803,-0.000000007,manual_A_near_upright
real_current_proof,BALANCE,35.761,0.000000,0.002609,0.000563,0.784800000,-0.000000000,0.000000002,0.000000,7,0.000005635,0.000563455,0.000402468,0.000402468,-0.000000007,manual_A_near_upright
real_current_proof,BALANCE,35.812,0.000000,0.002609,0.000563,0.784800000,-0.000000000,0.000000002,0.000000,7,0.000005630,0.000562987,0.000402134,0.000402134,-0.000000007,manual_A_near_upright
real_current_proof,BALANCE,35.863,0.000000,0.002609,0.000563,0.784800000,-0.000000000,0.000000002,0.000000,7,0.000005625,0.000562521,0.000401801,0.000401801,-0.000000007,manual_A_near_upright
real_current_proof,BALANCE,35.916,0.000000,0.002609,0.000562,0.784800000,-0.000000000,0.000000002,0.000000,7,0.000005620,0.000562042,0.000401459,0.000401459,-0.000000007,manual_A_near_upright
real_current_proof,BALANCE,35.967,0.000000,0.002609,0.000562,0.784800000,-0.000000000,0.000000002,0.000000,7,0.000005616,0.000561574,0.000401124,0.000401124,-0.000000007,manual_A_near_upright
real_current_proof,BALANCE,36.019,0.000000,0.002609,0.000561,0.784800000,-0.000000000,0.000000002,0.000000,7,0.000005611,0.000561104,0.000400788,0.000400788,-0.000000007,manual_A_near_upright
real_current_proof,BALANCE,36.071,0.000000,0.002609,0.000561,0.784800000,-0.000000000,0.000000002,0.000000,7,0.000005606,0.000560625,0.000400447,0.000400447,-0.000000007,manual_A_near_upright
real_current_proof,BALANCE,36.122,0.000000,0.002609,0.000560,0.784800000,-0.000000000,0.000000002,0.000000,7,0.000005602,0.000560156,0.000400111,0.000400111,-0.000000007,manual_A_near_upright
real_current_proof,BALANCE,36.182,0.000000,0.002609,0.000560,0.784800000,-0.000000000,0.000000002,0.000000,7,0.000005597,0.000559701,0.000399786,0.000399786,-0.000000007,manual_A_near_upright
real_current_proof,BALANCE,36.234,0.000000,0.002609,0.000559,0.784800000,-0.000000000,0.000000002,0.000000,7,0.000005591,0.000559136,0.000399383,0.000399383,-0.000000007,manual_A_near_upright
real_current_proof,BALANCE,36.286,0.000000,0.002609,0.000559,0.784800000,-0.000000000,0.000000002,0.000000,7,0.000005587,0.000558665,0.000399047,0.000399047,-0.000000007,manual_A_near_upright
real_current_proof,BALANCE,36.337,0.000000,0.002609,0.000558,0.784800000,-0.000000000,0.000000002,0.000000,7,0.000005582,0.000558196,0.000398711,0.000398711,-0.000000007,manual_A_near_upright
real_current_proof,BALANCE,36.388,0.000000,0.002609,0.000558,0.784800000,-0.000000000,0.000000002,0.000000,7,0.000005577,0.000557735,0.000398382,0.000398382,-0.000000007,manual_A_near_upright
real_current_proof,BALANCE,36.438,0.000000,0.002609,0.000557,0.784800000,-0.000000000,0.000000002,0.000000,7,0.000005573,0.000557273,0.000398052,0.000398052,-0.000000007,manual_A_near_upright
real_current_proof,BALANCE,36.491,0.000000,0.002609,0.000557,0.784800000,-0.000000000,0.000000002,0.000000,7,0.000005568,0.000556790,0.000397707,0.000397707,-0.000000007,manual_A_near_upright
real_current_proof,BALANCE,36.543,0.000000,0.002609,0.000556,0.784800000,-0.000000000,0.000000002,0.000000,7,0.000005563,0.000556313,0.000397366,0.000397366,-0.000000007,manual_A_near_upright
real_current_proof,BALANCE,36.595,0.000000,0.002609,0.000556,0.784800000,-0.000000000,0.000000002,0.000000,7,0.000005558,0.000555836,0.000397026,0.000397026,-0.000000007,manual_A_near_upright
real_current_proof,BALANCE,36.647,0.000000,0.002609,0.000555,0.784800000,-0.000000000,0.000000002,0.000000,7,0.000005554,0.000555366,0.000396690,0.000396690,-0.000000007,manual_A_near_upright
real_current_proof,BALANCE,36.699,0.000000,0.002609,0.000555,0.784800000,-0.000000000,0.000000002,0.000000,7,0.000005549,0.000554894,0.000396353,0.000396353,-0.000000007,manual_A_near_upright
real_current_proof,BALANCE,36.750,0.000000,0.002609,0.000554,0.784800000,-0.000000000,0.000000002,0.000000,7,0.000005544,0.000554424,0.000396017,0.000396017,-0.000000007,manual_A_near_upright
real_current_proof,BALANCE,36.801,0.000000,0.002609,0.000554,0.784800000,-0.000000000,0.000000002,0.000000,7,0.000005540,0.000553954,0.000395682,0.000395682,-0.000000007,manual_A_near_upright
real_current_proof,BALANCE,36.853,0.000000,0.002609,0.000553,0.784800000,-0.000000000,0.000000002,0.000000,7,0.000005535,0.000553483,0.000395345,0.000395345,-0.000000007,manual_A_near_upright
real_current_proof,BALANCE,36.905,0.000000,0.002609,0.000553,0.784800000,-0.000000000,0.000000002,0.000000,7,0.000005530,0.000553012,0.000395008,0.000395008,-0.000000007,manual_A_near_upright
real_current_proof,BALANCE,36.958,0.000000,0.002609,0.000553,0.784800000,-0.000000000,0.000000002,0.000000,7,0.000005525,0.000552529,0.000394664,0.000394664,-0.000000007,manual_A_near_upright
real_current_proof,BALANCE,37.009,0.000000,0.002609,0.000552,0.784800000,-0.000000000,0.000000002,0.000000,7,0.000005521,0.000552058,0.000394327,0.000394327,-0.000000007,manual_A_near_upright
real_current_proof,BALANCE,37.061,0.000000,0.002609,0.000552,0.784800000,-0.000000000,0.000000002,0.000000,7,0.000005516,0.000551585,0.000393989,0.000393989,-0.000000007,manual_A_near_upright
real_current_proof,BALANCE,37.113,0.000000,0.002609,0.000551,0.784800000,-0.000000000,0.000000002,0.000000,7,0.000005511,0.000551117,0.000393655,0.000393655,-0.000000007,manual_A_near_upright
real_current_proof,BALANCE,37.164,0.000000,0.002609,0.000551,0.784800000,-0.000000000,0.000000002,0.000000,7,0.000005506,0.000550645,0.000393318,0.000393318,-0.000000007,manual_A_near_upright
real_current_proof,BALANCE,37.216,0.000000,0.002609,0.000550,0.784800000,-0.000000000,0.000000002,0.000000,7,0.000005502,0.000550174,0.000392981,0.000392981,-0.000000007,manual_A_near_upright
real_current_proof,BALANCE,37.267,0.000000,0.002609,0.000550,0.784800000,-0.000000000,0.000000002,0.000000,7,0.000005497,0.000549705,0.000392646,0.000392646,-0.000000007,manual_A_near_upright
real_current_proof,BALANCE,37.318,0.000000,0.002609,0.000549,0.784800000,-0.000000000,0.000000002,0.000000,7,0.000005492,0.000549236,0.000392312,0.000392312,-0.000000007,manual_A_near_upright
real_current_proof,BALANCE,37.370,0.000000,0.002609,0.000549,0.784800000,-0.000000000,0.000000002,0.000000,7,0.000005488,0.000548762,0.000391973,0.000391973,-0.000000007,manual_A_near_upright
real_current_proof,BALANCE,37.422,0.000000,0.002609,0.000548,0.784800000,-0.000000000,0.000000002,0.000000,7,0.000005483,0.000548291,0.000391637,0.000391637,-0.000000007,manual_A_near_upright
real_current_proof,BALANCE,37.473,0.000000,0.002609,0.000548,0.784800000,-0.000000000,0.000000002,0.000000,7,0.000005478,0.000547823,0.000391302,0.000391302,-0.000000007,manual_A_near_upright
real_current_proof,BALANCE,37.525,0.000000,0.002609,0.000547,0.784800000,-0.000000000,0.000000002,0.000000,7,0.000005473,0.000547348,0.000390963,0.000390963,-0.000000007,manual_A_near_upright
real_current_proof,BALANCE,37.577,0.000000,0.002609,0.000547,0.784800000,-0.000000000,0.000000002,0.000000,7,0.000005469,0.000546876,0.000390626,0.000390626,-0.000000007,manual_A_near_upright
real_current_proof,BALANCE,37.629,0.000000,0.002609,0.000546,0.784800000,-0.000000000,0.000000002,0.000000,7,0.000005464,0.000546406,0.000390290,0.000390290,-0.000000007,manual_A_near_upright
real_current_proof,BALANCE,37.680,0.000000,0.002609,0.000546,0.784800000,-0.000000000,0.000000002,0.000000,7,0.000005459,0.000545935,0.000389953,0.000389953,-0.000000007,manual_A_near_upright
real_current_proof,BALANCE,37.731,0.000000,0.002609,0.000545,0.784800000,-0.000000000,0.000000002,0.000000,7,0.000005455,0.000545472,0.000389623,0.000389623,-0.000000007,manual_A_near_upright
real_current_proof,BALANCE,37.782,0.000000,0.002609,0.000545,0.784800000,-0.000000000,0.000000002,0.000000,7,0.000005450,0.000545006,0.000389290,0.000389290,-0.000000007,manual_A_near_upright
real_current_proof,BALANCE,37.833,0.000000,0.002609,0.000545,0.784800000,-0.000000000,0.000000002,0.000000,7,0.000005445,0.000544536,0.000388955,0.000388955,-0.000000007,manual_A_near_upright
real_current_proof,BALANCE,37.885,0.000000,0.002609,0.000544,0.784800000,-0.000000000,0.000000002,0.000000,7,0.000005441,0.000544062,0.000388616,0.000388616,-0.000000007,manual_A_near_upright
real_current_proof,BALANCE,37.937,0.000000,0.002609,0.000544,0.784800000,-0.000000000,0.000000002,0.000000,7,0.000005436,0.000543592,0.000388280,0.000388280,-0.000000007,manual_A_near_upright
real_current_proof,BALANCE,37.989,0.000000,0.002609,0.000543,0.784800000,-0.000000000,0.000000002,0.000000,7,0.000005431,0.000543114,0.000387938,0.000387938,-0.000000007,manual_A_near_upright
real_current_proof,BALANCE,38.041,0.000000,0.002609,0.000543,0.784800000,-0.000000000,0.000000002,0.000000,7,0.000005426,0.000542641,0.000387601,0.000387601,-0.000000007,manual_A_near_upright
real_current_proof,BALANCE,38.093,0.000000,0.002609,0.000542,0.784800000,-0.000000000,0.000000002,0.000000,7,0.000005422,0.000542164,0.000387260,0.000387260,-0.000000007,manual_A_near_upright
real_current_proof,BALANCE,38.146,0.000000,0.002609,0.000542,0.784800000,-0.000000000,0.000000002,0.000000,7,0.000005417,0.000541680,0.000386915,0.000386915,-0.000000007,manual_A_near_upright
real_current_proof,BALANCE,38.204,0.000000,0.002609,0.000541,0.784800000,-0.000000000,0.000000002,0.000000,7,0.000005413,0.000541259,0.000386613,0.000386613,-0.000000007,manual_A_near_upright
real_current_proof,BALANCE,38.263,0.000000,0.002609,0.000541,0.784800000,-0.000000000,0.000000002,0.000000,7,0.000005406,0.000540609,0.000386149,0.000386149,-0.000000007,manual_A_near_upright
real_current_proof,BALANCE,38.314,0.000000,0.002609,0.000540,0.784800000,-0.000000000,0.000000002,0.000000,7,0.000005401,0.000540143,0.000385816,0.000385816,-0.000000007,manual_A_near_upright
real_current_proof,BALANCE,38.365,0.000000,0.002609,0.000540,0.784800000,-0.000000000,0.000000002,0.000000,7,0.000005397,0.000539680,0.000385486,0.000385486,-0.000000007,manual_A_near_upright
real_current_proof,BALANCE,38.417,0.000000,0.002609,0.000539,0.784800000,-0.000000000,0.000000002,0.000000,7,0.000005392,0.000539212,0.000385152,0.000385152,-0.000000007,manual_A_near_upright
real_current_proof,BALANCE,38.468,0.000000,0.002609,0.000539,0.784800000,-0.000000000,0.000000002,0.000000,7,0.000005387,0.000538742,0.000384816,0.000384816,-0.000000007,manual_A_near_upright
real_current_proof,BALANCE,38.520,0.000000,0.002609,0.000538,0.784800000,-0.000000000,0.000000002,0.000000,7,0.000005383,0.000538269,0.000384478,0.000384478,-0.000000007,manual_A_near_upright
real_current_proof,BALANCE,38.572,0.000000,0.002609,0.000538,0.784800000,-0.000000000,0.000000002,0.000000,7,0.000005378,0.000537793,0.000384138,0.000384138,-0.000000007,manual_A_near_upright
real_current_proof,BALANCE,38.624,0.000000,0.002609,0.000537,0.784800000,-0.000000000,0.000000002,0.000000,7,0.000005373,0.000537320,0.000383800,0.000383800,-0.000000007,manual_A_near_upright
real_current_proof,BALANCE,38.676,0.000000,0.002609,0.000537,0.784800000,-0.000000000,0.000000002,0.000000,7,0.000005368,0.000536845,0.000383461,0.000383461,-0.000000007,manual_A_near_upright
real_current_proof,BALANCE,38.728,0.000000,0.002609,0.000536,0.784800000,-0.000000000,0.000000002,0.000000,7,0.000005364,0.000536370,0.000383121,0.000383121,-0.000000007,manual_A_near_upright
real_current_proof,BALANCE,38.779,0.000000,0.002609,0.000536,0.784800000,-0.000000000,0.000000002,0.000000,7,0.000005359,0.000535902,0.000382787,0.000382787,-0.000000007,manual_A_near_upright
real_current_proof,BALANCE,38.830,0.000000,0.002609,0.000535,0.784800000,-0.000000000,0.000000002,0.000000,7,0.000005354,0.000535432,0.000382451,0.000382451,-0.000000007,manual_A_near_upright
real_current_proof,BALANCE,38.882,0.000000,0.002609,0.000535,0.784800000,-0.000000000,0.000000002,0.000000,7,0.000005350,0.000534960,0.000382114,0.000382114,-0.000000007,manual_A_near_upright
real_current_proof,BALANCE,38.934,0.000000,0.002609,0.000534,0.784800000,-0.000000000,0.000000002,0.000000,7,0.000005345,0.000534491,0.000381779,0.000381779,-0.000000007,manual_A_near_upright
real_current_proof,BALANCE,38.985,0.000000,0.002609,0.000534,0.784800000,-0.000000000,0.000000002,0.000000,7,0.000005340,0.000534022,0.000381444,0.000381444,-0.000000007,manual_A_near_upright
real_current_proof,BALANCE,39.036,0.000000,0.002609,0.000534,0.784800000,-0.000000000,0.000000002,0.000000,7,0.000005336,0.000533552,0.000381108,0.000381108,-0.000000007,manual_A_near_upright
real_current_proof,BALANCE,39.088,0.000000,0.002609,0.000533,0.784800000,-0.000000000,0.000000002,0.000000,7,0.000005331,0.000533080,0.000380771,0.000380771,-0.000000007,manual_A_near_upright
real_current_proof,BALANCE,39.141,0.000000,0.002609,0.000533,0.784800000,-0.000000000,0.000000002,0.000000,7,0.000005326,0.000532597,0.000380427,0.000380427,-0.000000007,manual_A_near_upright
real_current_proof,BALANCE,39.192,0.000000,0.002609,0.000532,0.784800000,-0.000000000,0.000000002,0.000000,7,0.000005321,0.000532133,0.000380095,0.000380095,-0.000000007,manual_A_near_upright
real_current_proof,BALANCE,39.243,0.000000,0.002609,0.000532,0.784800000,-0.000000000,0.000000002,0.000000,7,0.000005317,0.000531664,0.000379760,0.000379760,-0.000000007,manual_A_near_upright
real_current_proof,BALANCE,39.296,0.000000,0.002609,0.000531,0.784800000,-0.000000000,0.000000002,0.000000,7,0.000005312,0.000531187,0.000379419,0.000379419,-0.000000007,manual_A_near_upright
real_current_proof,BALANCE,39.347,0.000000,0.002609,0.000531,0.784800000,-0.000000000,0.000000002,0.000000,7,0.000005307,0.000530714,0.000379081,0.000379081,-0.000000007,manual_A_near_upright
real_current_proof,BALANCE,39.400,0.000000,0.002609,0.000530,0.784800000,-0.000000000,0.000000002,0.000000,7,0.000005302,0.000530232,0.000378737,0.000378737,-0.000000007,manual_A_near_upright
real_current_proof,BALANCE,39.452,0.000000,0.002609,0.000530,0.784800000,-0.000000000,0.000000002,0.000000,7,0.000005298,0.000529755,0.000378396,0.000378396,-0.000000007,manual_A_near_upright
real_current_proof,BALANCE,39.503,0.000000,0.002609,0.000529,0.784800000,-0.000000000,0.000000002,0.000000,7,0.000005293,0.000529289,0.000378064,0.000378064,-0.000000007,manual_A_near_upright
real_current_proof,BALANCE,39.556,0.000000,0.002609,0.000529,0.784800000,-0.000000000,0.000000002,0.000000,7,0.000005289,0.000528907,0.000377791,0.000377791,-0.000000007,manual_A_near_upright
real_current_proof,BALANCE,39.611,0.000000,0.002609,0.000528,0.784800000,-0.000000000,0.000000002,0.000000,7,0.000005283,0.000528308,0.000377363,0.000377363,-0.000000007,manual_A_near_upright
real_current_proof,BALANCE,39.663,0.000000,0.002609,0.000528,0.784800000,-0.000000000,0.000000002,0.000000,7,0.000005278,0.000527830,0.000377022,0.000377022,-0.000000007,manual_A_near_upright
real_current_proof,BALANCE,39.713,0.000000,0.002609,0.000527,0.784800000,-0.000000000,0.000000002,0.000000,7,0.000005274,0.000527372,0.000376694,0.000376694,-0.000000007,manual_A_near_upright
real_current_proof,BALANCE,39.765,0.000000,0.002609,0.000527,0.784800000,-0.000000000,0.000000002,0.000000,7,0.000005269,0.000526901,0.000376358,0.000376358,-0.000000007,manual_A_near_upright
real_current_proof,BALANCE,39.817,0.000000,0.002609,0.000526,0.784800000,-0.000000000,0.000000002,0.000000,7,0.000005264,0.000526427,0.000376019,0.000376019,-0.000000006,manual_A_near_upright
real_current_proof,BALANCE,39.868,0.000000,0.002609,0.000526,0.784800000,-0.000000000,0.000000002,0.000000,7,0.000005260,0.000525956,0.000375683,0.000375683,-0.000000006,manual_A_near_upright
real_current_proof,BALANCE,39.920,0.000000,0.002609,0.000525,0.784800000,-0.000000000,0.000000002,0.000000,7,0.000005255,0.000525481,0.000375343,0.000375343,-0.000000006,manual_A_near_upright
real_current_proof,BALANCE,39.972,0.000000,0.002609,0.000525,0.784800000,-0.000000000,0.000000002,0.000000,7,0.000005250,0.000525009,0.000375006,0.000375006,-0.000000006,manual_A_near_upright
real_current_proof,BALANCE,40.023,0.000000,0.002609,0.000525,0.784800000,-0.000000000,0.000000002,0.000000,7,0.000005246,0.000524635,0.000374739,0.000374739,-0.000000006,manual_A_near_upright
real_current_proof,BALANCE,40.074,0.000000,0.002609,0.000524,0.784800000,-0.000000000,0.000000002,0.000000,7,0.000005241,0.000524077,0.000374341,0.000374341,-0.000000006,manual_A_near_upright
real_current_proof,BALANCE,40.125,0.000000,0.002609,0.000524,0.784800000,-0.000000000,0.000000002,0.000000,7,0.000005236,0.000523609,0.000374006,0.000374006,-0.000000006,manual_A_near_upright
real_current_proof,BALANCE,40.177,0.000000,0.002609,0.000523,0.784800000,-0.000000000,0.000000002,0.000000,7,0.000005231,0.000523143,0.000373673,0.000373673,-0.000000006,manual_A_near_upright
real_current_proof,BALANCE,40.228,0.000000,0.002609,0.000523,0.784800000,-0.000000000,0.000000002,0.000000,7,0.000005228,0.000522763,0.000373402,0.000373402,-0.000000006,manual_A_near_upright
real_current_proof,BALANCE,40.279,0.000000,0.002609,0.000522,0.784800000,-0.000000000,0.000000002,0.000000,7,0.000005222,0.000522202,0.000373001,0.000373001,-0.000000006,manual_A_near_upright
real_current_proof,BALANCE,40.332,0.000000,0.002609,0.000522,0.784800000,-0.000000000,0.000000002,0.000000,7,0.000005217,0.000521727,0.000372662,0.000372662,-0.000000006,manual_A_near_upright
real_current_proof,BALANCE,40.383,0.000000,0.002609,0.000521,0.784800000,-0.000000000,0.000000002,0.000000,7,0.000005213,0.000521256,0.000372325,0.000372325,-0.000000006,manual_A_near_upright
real_current_proof,BALANCE,40.434,0.000000,0.002609,0.000521,0.784800000,-0.000000000,0.000000002,0.000000,7,0.000005209,0.000520880,0.000372057,0.000372057,-0.000000006,manual_A_near_upright
real_current_proof,BALANCE,40.485,0.000000,0.002609,0.000520,0.784800000,-0.000000000,0.000000002,0.000000,7,0.000005203,0.000520323,0.000371659,0.000371659,-0.000000006,manual_A_near_upright
real_current_proof,BALANCE,40.538,0.000000,0.002609,0.000520,0.784800000,-0.000000000,0.000000002,0.000000,7,0.000005198,0.000519849,0.000371321,0.000371321,-0.000000006,manual_A_near_upright
real_current_proof,BALANCE,40.589,0.000000,0.002609,0.000519,0.784800000,-0.000000000,0.000000002,0.000000,7,0.000005194,0.000519375,0.000370982,0.000370982,-0.000000006,manual_A_near_upright
real_current_proof,BALANCE,40.641,0.000000,0.002609,0.000519,0.784800000,-0.000000000,0.000000002,0.000000,7,0.000005189,0.000518905,0.000370646,0.000370646,-0.000000006,manual_A_near_upright
real_current_proof,BALANCE,40.693,0.000000,0.002609,0.000518,0.784800000,-0.000000000,0.000000002,0.000000,7,0.000005184,0.000518430,0.000370307,0.000370307,-0.000000006,manual_A_near_upright
real_current_proof,BALANCE,40.745,0.000000,0.002609,0.000518,0.784800000,-0.000000000,0.000000002,0.000000,7,0.000005180,0.000517959,0.000369970,0.000369970,-0.000000006,manual_A_near_upright
real_current_proof,BALANCE,40.796,0.000000,0.002609,0.000517,0.784800000,-0.000000000,0.000000002,0.000000,7,0.000005175,0.000517487,0.000369634,0.000369634,-0.000000006,manual_A_near_upright
real_current_proof,BALANCE,40.849,0.000000,0.002609,0.000517,0.784800000,-0.000000000,0.000000002,0.000000,7,0.000005170,0.000517003,0.000369288,0.000369288,-0.000000006,manual_A_near_upright
real_current_proof,BALANCE,40.901,0.000000,0.002609,0.000517,0.784800000,-0.000000000,0.000000002,0.000000,7,0.000005165,0.000516527,0.000368948,0.000368948,-0.000000006,manual_A_near_upright
real_current_proof,BALANCE,40.953,0.000000,0.002609,0.000516,0.784800000,-0.000000000,0.000000002,0.000000,7,0.000005161,0.000516051,0.000368608,0.000368608,-0.000000006,manual_A_near_upright
real_current_proof,BALANCE,41.005,0.000000,0.002609,0.000516,0.784800000,-0.000000000,0.000000002,0.000000,7,0.000005156,0.000515573,0.000368267,0.000368267,-0.000000006,manual_A_near_upright
real_current_proof,BALANCE,41.058,0.000000,0.002609,0.000515,0.784800000,-0.000000000,0.000000002,0.000000,7,0.000005151,0.000515098,0.000367927,0.000367927,-0.000000006,manual_A_near_upright
real_current_proof,BALANCE,41.109,0.000000,0.002609,0.000515,0.784800000,-0.000000000,0.000000002,0.000000,7,0.000005146,0.000514632,0.000367594,0.000367594,-0.000000006,manual_A_near_upright
real_current_proof,BALANCE,41.160,0.000000,0.002609,0.000514,0.784800000,-0.000000000,0.000000002,0.000000,7,0.000005142,0.000514159,0.000367256,0.000367256,-0.000000006,manual_A_near_upright
real_current_proof,BALANCE,41.212,0.000000,0.002609,0.000514,0.784800000,-0.000000000,0.000000002,0.000000,7,0.000005137,0.000513686,0.000366919,0.000366919,-0.000000006,manual_A_near_upright
real_current_proof,BALANCE,41.264,0.000000,0.002609,0.000513,0.784800000,-0.000000000,0.000000002,0.000000,7,0.000005133,0.000513309,0.000366649,0.000366649,-0.000000006,manual_A_near_upright
real_current_proof,BALANCE,41.316,0.000000,0.002609,0.000513,0.784800000,-0.000000000,0.000000002,0.000000,7,0.000005127,0.000512741,0.000366244,0.000366244,-0.000000006,manual_A_near_upright
real_current_proof,BALANCE,41.369,0.000000,0.002609,0.000512,0.784800000,-0.000000000,0.000000002,0.000000,7,0.000005123,0.000512260,0.000365900,0.000365900,-0.000000006,manual_A_near_upright
real_current_proof,BALANCE,41.419,0.000000,0.002609,0.000512,0.784800000,-0.000000000,0.000000002,0.000000,7,0.000005118,0.000511797,0.000365569,0.000365569,-0.000000006,manual_A_near_upright
real_current_proof,BALANCE,41.470,0.000000,0.002609,0.000511,0.784800000,-0.000000000,0.000000002,0.000000,7,0.000005113,0.000511335,0.000365239,0.000365239,-0.000000006,manual_A_near_upright
real_current_proof,BALANCE,41.520,0.000000,0.002609,0.000511,0.784800000,-0.000000000,0.000000002,0.000000,7,0.000005110,0.000510964,0.000364974,0.000364974,-0.000000006,manual_A_near_upright
real_current_proof,BALANCE,41.571,0.000000,0.002609,0.000510,0.784800000,-0.000000000,0.000000002,0.000000,7,0.000005104,0.000510408,0.000364577,0.000364577,-0.000000006,manual_A_near_upright
real_current_proof,BALANCE,41.623,0.000000,0.002609,0.000510,0.784800000,-0.000000000,0.000000002,0.000000,7,0.000005099,0.000509938,0.000364241,0.000364241,-0.000000006,manual_A_near_upright
real_current_proof,BALANCE,41.675,0.000000,0.002609,0.000509,0.784800000,-0.000000000,0.000000002,0.000000,7,0.000005095,0.000509463,0.000363902,0.000363902,-0.000000006,manual_A_near_upright
real_current_proof,BALANCE,41.728,0.000000,0.002609,0.000509,0.784800000,-0.000000000,0.000000002,0.000000,7,0.000005090,0.000508983,0.000363559,0.000363559,-0.000000006,manual_A_near_upright
real_current_proof,BALANCE,41.780,0.000000,0.002609,0.000509,0.784800000,-0.000000000,0.000000002,0.000000,7,0.000005085,0.000508501,0.000363215,0.000363215,-0.000000006,manual_A_near_upright
real_current_proof,BALANCE,41.831,0.000000,0.002609,0.000508,0.784800000,-0.000000000,0.000000002,0.000000,7,0.000005080,0.000508036,0.000362883,0.000362883,-0.000000006,manual_A_near_upright
real_current_proof,BALANCE,41.882,0.000000,0.002609,0.000508,0.784800000,-0.000000000,0.000000002,0.000000,7,0.000005076,0.000507572,0.000362551,0.000362551,-0.000000006,manual_A_near_upright
real_current_proof,BALANCE,41.933,0.000000,0.002609,0.000507,0.784800000,-0.000000000,0.000000002,0.000000,7,0.000005071,0.000507108,0.000362220,0.000362220,-0.000000006,manual_A_near_upright
real_current_proof,BALANCE,41.984,0.000000,0.002609,0.000507,0.784800000,-0.000000000,0.000000002,0.000000,7,0.000005066,0.000506640,0.000361886,0.000361886,-0.000000006,manual_A_near_upright
real_current_proof,BALANCE,42.035,0.000000,0.002609,0.000506,0.784800000,-0.000000000,0.000000002,0.000000,7,0.000005062,0.000506174,0.000361553,0.000361553,-0.000000006,manual_A_near_upright
real_current_proof,BALANCE,42.086,0.000000,0.002609,0.000506,0.784800000,-0.000000000,0.000000002,0.000000,7,0.000005057,0.000505708,0.000361220,0.000361220,-0.000000006,manual_A_near_upright
real_current_proof,BALANCE,42.137,0.000000,0.002609,0.000505,0.784800000,-0.000000000,0.000000002,0.000000,7,0.000005052,0.000505241,0.000360886,0.000360886,-0.000000006,manual_A_near_upright
real_current_proof,BALANCE,42.189,0.000000,0.002609,0.000505,0.784800000,-0.000000000,0.000000002,0.000000,7,0.000005048,0.000504767,0.000360548,0.000360548,-0.000000006,manual_A_near_upright
real_current_proof,BALANCE,42.241,0.000000,0.002609,0.000504,0.784800000,-0.000000000,0.000000002,0.000000,7,0.000005043,0.000504293,0.000360209,0.000360209,-0.000000006,manual_A_near_upright
real_current_proof,BALANCE,42.292,0.000000,0.002609,0.000504,0.784800000,-0.000000000,0.000000002,0.000000,7,0.000005039,0.000503918,0.000359941,0.000359941,-0.000000006,manual_A_near_upright
real_current_proof,BALANCE,42.344,0.000000,0.002609,0.000503,0.784800000,-0.000000000,0.000000002,0.000000,7,0.000005034,0.000503357,0.000359541,0.000359541,-0.000000006,manual_A_near_upright
real_current_proof,BALANCE,42.395,0.000000,0.002609,0.000503,0.784800000,-0.000000000,0.000000002,0.000000,7,0.000005029,0.000502886,0.000359204,0.000359204,-0.000000006,manual_A_near_upright
real_current_proof,BALANCE,42.446,0.000000,0.002609,0.000502,0.784800000,-0.000000000,0.000000002,0.000000,7,0.000005024,0.000502421,0.000358872,0.000358872,-0.000000006,manual_A_near_upright
real_current_proof,BALANCE,42.498,0.000000,0.002609,0.000502,0.784800000,-0.000000000,0.000000002,0.000000,7,0.000005019,0.000501948,0.000358534,0.000358534,-0.000000006,manual_A_near_upright
