workspace,phase,elapsed_s,degree_deg,cmX_cm,setspeed_cm_s,energy_j,theta_dot_rad_s,theta_rad,x_center_cm,mode,cart_velocity_cmd_mps,motor_command_cm_s,cart_joint_effort_cmd_n,cart_force_cmd_n,hinge_assist_torque_nm,note
pendulum_pid_ws,SWING_UP,0.283,-179.410042,0.293660,13.638804,0.000086378,-0.128039401,-3.131295940,0.000000,6,0.136388042,13.638804200,107.396477972,107.396477972,0.000000000,auto_capture
pendulum_pid_ws,SWING_UP,0.342,-177.871891,1.187733,-2.358372,0.017729751,2.089205076,-3.104450148,0.000000,6,-0.023583716,-2.358371610,-145.000000000,-145.000000000,0.000000000,auto_capture
pendulum_pid_ws,SWING_UP,0.393,-177.400894,1.813194,24.538212,0.009961567,-1.545792331,-3.096229691,0.000000,6,0.245382117,24.538211705,145.000000000,145.000000000,0.000000000,auto_capture
pendulum_pid_ws,SWING_UP,0.445,-176.363474,2.855704,9.964958,0.022193663,2.313199296,-3.078123305,0.000000,6,0.099649579,9.964957906,-145.000000000,-145.000000000,0.000000000,auto_capture
pendulum_pid_ws,SWING_UP,0.496,-174.918746,4.317943,-5.500283,0.012247952,1.635990370,-3.052908037,0.000000,6,-0.055002835,-5.500283495,-145.000000000,-145.000000000,0.000000000,auto_capture
pendulum_pid_ws,SWING_UP,0.547,-177.077640,4.167808,8.788959,0.021554884,-2.293718689,-3.090587843,0.000000,6,0.087889593,8.788959306,145.000000000,145.000000000,0.000000000,auto_capture
pendulum_pid_ws,SWING_UP,0.598,-177.206043,5.029593,23.241108,0.004115712,-0.955151832,-3.092828898,0.000000,6,0.232411075,23.241107502,103.952117458,103.952117458,0.000000000,auto_capture
pendulum_pid_ws,SWING_UP,0.650,-176.384357,6.531840,9.766514,0.023020776,2.357950505,-3.078487784,0.000000,6,0.097665135,9.766513500,-145.000000000,-145.000000000,0.000000000,auto_capture
pendulum_pid_ws,SWING_UP,0.709,-176.219407,8.177861,10.076894,0.022580982,-2.330614947,-3.075608864,0.000000,6,-0.043470181,-4.347018092,-145.000000000,-145.000000000,0.000000000,auto_capture
pendulum_pid_ws,SWING_UP,0.760,-178.279200,8.596889,25.051107,0.025049436,-2.493615487,-3.111559027,0.000000,6,0.250511073,25.051107311,145.000000000,145.000000000,0.000000000,auto_capture
pendulum_pid_ws,SWING_UP,0.812,-177.608550,10.252776,10.859911,0.018948273,2.156763753,-3.099853975,0.000000,6,0.108599107,10.859910713,-145.000000000,-145.000000000,0.000000000,auto_capture
pendulum_pid_ws,SWING_UP,0.863,-176.647189,12.147458,-4.013045,0.006897114,1.247543263,-3.083075065,0.000000,6,0.107047641,10.704764117,-145.000000000,-145.000000000,0.000000000,auto_capture
pendulum_pid_ws,SWING_UP,0.914,-178.561788,12.727308,11.235741,0.025480863,-2.517798940,-3.116491119,0.000000,6,0.112357407,11.235740722,145.000000000,145.000000000,0.000000000,auto_capture
pendulum_pid_ws,SWING_UP,0.964,179.477343,13.224711,25.903433,0.013630456,-1.844866509,3.132470569,0.000000,6,0.259034329,25.903432915,145.000000000,145.000000000,0.000000000,auto_capture
pendulum_pid_ws,SWING_UP,1.015,-179.899764,14.885847,12.342336,0.017793213,2.109064496,-3.139843197,0.000000,6,0.261003093,26.100309312,145.000000000,145.000000000,0.000000000,auto_capture
pendulum_pid_ws,SWING_UP,1.068,-178.568476,16.871350,-3.110143,0.019991048,2.228709157,-3.116607845,0.000000,6,0.116771831,11.677183112,-145.000000000,-145.000000000,0.000000000,auto_capture
pendulum_pid_ws,SWING_UP,1.119,-179.403116,17.940399,10.997174,0.026344505,-2.565307619,-3.131175069,0.000000,6,0.109971737,10.997173711,145.000000000,145.000000000,0.000000000,auto_capture
pendulum_pid_ws,SWING_UP,1.171,178.953898,18.577047,24.809274,0.012148129,-1.738010886,3.123334738,0.000000,6,0.248092741,24.809274111,145.000000000,145.000000000,0.000000000,auto_capture
pendulum_pid_ws,SWING_UP,1.222,-178.719342,21.119877,10.370971,0.019994192,2.230256393,-3.119240949,0.000000,6,0.103709705,10.370970512,-145.000000000,-145.000000000,0.000000000,auto_capture
pendulum_pid_ws,SWING_UP,1.273,-177.848031,23.078222,-4.548892,0.011326583,1.662065047,-3.104033711,0.000000,6,-0.045488925,-4.548892489,-145.000000000,-145.000000000,0.000000000,auto_capture
pendulum_pid_ws,SWING_UP,1.325,-178.989229,24.130472,9.338534,0.020976072,-2.286646743,-3.123951368,0.000000,6,0.093385335,9.338533521,145.000000000,145.000000000,0.000000000,auto_capture
pendulum_pid_ws,SWING_UP,1.376,179.630988,25.066205,23.689830,0.011065341,-1.662618605,3.135152185,0.000000,6,0.236898299,23.689829921,145.000000000,145.000000000,0.000000000,auto_capture
pendulum_pid_ws,SWING_UP,1.427,-179.311303,27.158055,8.930910,0.020091121,2.239574418,-3.129572616,0.000000,6,0.089309095,8.930909523,-145.000000000,-145.000000000,0.000000000,auto_capture
pendulum_pid_ws,SWING_UP,1.477,-179.457043,28.691649,-5.634529,0.002769145,0.829386171,-3.132116274,0.000000,6,-0.056345295,-5.634529482,-29.787799656,-29.787799656,0.000000000,auto_capture
pendulum_pid_ws,SWING_UP,1.528,179.171441,29.517934,-28.888354,0.004910992,-1.103399609,3.127131578,0.000000,6,-0.288883541,-28.888354141,-20.634538672,-20.634538672,0.000000000,auto_capture
pendulum_pid_ws,SWING_UP,1.579,176.502741,29.425129,-29.199414,0.002899012,-0.736249307,3.080553964,0.000000,6,-0.291994137,-29.199413714,-20.856724081,-20.856724081,0.000000000,auto_capture
pendulum_pid_ws,SWING_UP,1.630,175.755731,30.019969,-17.956809,0.023572550,-2.371520033,3.067516181,0.000000,6,-0.179568089,-17.956808867,145.000000000,145.000000000,0.000000000,auto_capture
pendulum_pid_ws,SWING_UP,1.681,173.444735,29.595303,-25.815250,0.004984685,-0.777697502,3.027181697,0.000000,6,-0.258152504,-25.815250405,-18.439464575,-18.439464575,0.000000000,auto_capture
pendulum_pid_ws,SWING_UP,1.732,172.479304,29.401954,-8.679989,0.011551036,-1.429639231,3.010331752,0.000000,6,-0.086799890,-8.679989000,145.000000000,145.000000000,0.000000000,auto_capture
pendulum_pid_ws,SWING_UP,1.783,172.114777,29.156092,-25.412485,0.003977173,-0.258352142,3.003969546,0.000000,6,-0.254124854,-25.412485352,-18.151775251,-18.151775251,0.000000000,auto_capture
pendulum_pid_ws,SWING_UP,1.835,172.509656,28.980620,-19.121119,0.007255343,-0.988298252,3.010861497,0.000000,6,-0.191211193,-19.121119298,-13.657942356,-13.657942356,0.000000000,auto_capture
pendulum_pid_ws,SWING_UP,1.886,171.976535,28.014936,-7.703475,0.023895854,-2.239120726,3.001556778,0.000000,6,-0.077034753,-7.703475308,145.000000000,145.000000000,0.000000000,auto_capture
pendulum_pid_ws,SWING_UP,1.937,169.543973,25.732078,-11.913278,0.009599310,-0.877966883,2.959100553,0.000000,6,-0.119132777,-11.913277710,-8.509484079,-8.509484079,0.000000000,auto_capture
pendulum_pid_ws,SWING_UP,1.988,170.226822,24.418910,-12.038908,0.006372419,-0.411613378,2.971018514,0.000000,6,-0.120389079,-12.038907882,-8.599219916,-8.599219916,0.000000000,auto_capture
pendulum_pid_ws,SWING_UP,2.040,168.753308,21.539088,-6.208965,0.008928338,0.590106286,2.945300850,0.000000,6,-0.062089654,-6.208965388,-122.970956608,-122.970956608,0.000000000,auto_capture
pendulum_pid_ws,SWING_UP,2.090,166.995366,17.922933,-10.905719,0.034440772,-2.468625381,2.914618968,0.000000,6,-0.109057186,-10.905718574,145.000000000,145.000000000,0.000000000,auto_capture
pendulum_pid_ws,SWING_UP,2.141,166.451655,14.297926,3.589477,0.017574391,-1.289856493,2.905129429,0.000000,6,0.035894768,3.589476822,134.834086612,134.834086612,0.000000000,auto_capture
pendulum_pid_ws,SWING_UP,2.192,168.171253,11.371764,-10.394097,0.032597505,2.462963617,2.935142068,0.000000,6,0.041123740,4.112374025,140.879090159,140.879090159,0.000000000,auto_capture
pendulum_pid_ws,SWING_UP,2.243,170.150290,8.255199,-24.905087,0.017308007,1.697348869,2.969682777,0.000000,6,-0.249050872,-24.905087176,-145.000000000,-145.000000000,0.000000000,auto_capture
pendulum_pid_ws,SWING_UP,2.294,169.706221,3.654472,-10.744061,0.020675690,-1.894715974,2.961932317,0.000000,6,-0.247240742,-24.724074171,-145.000000000,-145.000000000,0.000000000,auto_capture
pendulum_pid_ws,SWING_UP,2.345,170.196610,-0.784625,3.941573,0.007883939,-0.733833378,2.970491215,0.000000,6,-0.105259196,-10.525919568,145.000000000,145.000000000,0.000000000,auto_capture
pendulum_pid_ws,SWING_UP,2.398,171.468281,-5.096175,-10.208288,0.023653048,2.197197323,2.992686067,0.000000,6,-0.102082876,-10.208287561,-145.000000000,-145.000000000,0.000000000,auto_capture
pendulum_pid_ws,SWING_UP,2.449,172.615242,-9.755143,-25.303986,0.009879795,1.286952823,3.012704312,0.000000,6,-0.100795366,-10.079536559,-145.000000000,-145.000000000,0.000000000,auto_capture
pendulum_pid_ws,SWING_UP,2.500,171.905074,-15.585734,-11.604842,0.019127827,-1.950513072,3.000309543,0.000000,6,-0.116048422,-11.604842169,145.000000000,145.000000000,0.000000000,auto_capture
pendulum_pid_ws,SWING_UP,2.551,171.572204,-21.474508,2.970698,0.010002707,-1.200553639,2.994499867,0.000000,6,0.029706978,2.970697831,134.770770911,134.770770911,0.000000000,auto_capture
pendulum_pid_ws,SWING_UP,2.602,172.976594,-26.714088,17.498195,0.008593939,1.188431820,3.019011102,0.000000,6,0.174981954,17.498195432,34.698966079,34.698966079,0.000000000,auto_capture
pendulum_pid_ws,SWING_UP,2.654,174.846599,-31.844846,60.857584,0.008959074,1.357654869,3.051648841,0.000000,6,0.608575842,60.857584233,47.572603457,47.572603457,0.000000000,auto_capture
pendulum_pid_ws,SWING_UP,2.705,-172.701458,-31.538298,34.881149,0.131246891,5.658346466,-3.014209071,0.000000,6,0.348811487,34.881148659,24.915106185,24.915106185,0.000000000,auto_capture
pendulum_pid_ws,SWING_UP,2.756,-167.915131,-33.387561,46.694501,0.011498379,0.836993054,-2.930671893,0.000000,6,0.466945010,46.694501036,33.353215026,33.353215026,0.000000000,auto_capture
pendulum_pid_ws,SWING_UP,2.808,-156.427677,-30.802876,20.903334,0.125940170,4.826923155,-2.730177997,0.000000,6,0.209033342,20.903334237,-145.000000000,-145.000000000,0.000000000,auto_capture
pendulum_pid_ws,SWING_UP,2.859,-155.508990,-31.915411,30.137328,0.038947647,0.954198332,-2.714143894,0.000000,6,0.301373279,30.137327896,21.526662783,21.526662783,0.000000000,auto_capture
pendulum_pid_ws,SWING_UP,2.909,-153.087184,-30.914341,43.418425,0.048592603,-1.234324980,-2.671875398,0.000000,6,0.434184249,43.418424893,118.701307565,118.701307565,0.000000000,auto_capture
pendulum_pid_ws,SWING_UP,2.961,-153.062604,-29.878510,25.820378,0.043083073,0.356536807,-2.671446396,0.000000,6,0.258203782,25.820378236,13.776658690,13.776658690,0.000000000,auto_capture
pendulum_pid_ws,SWING_UP,3.012,-151.561605,-26.841149,4.818225,0.063819158,2.029046096,-2.645249025,0.000000,6,0.048182251,4.818225102,-145.000000000,-145.000000000,0.000000000,auto_capture
pendulum_pid_ws,SWING_UP,3.064,-151.398695,-23.228105,5.378176,0.048584687,-0.418607432,-2.642405713,0.000000,6,0.053781755,5.378175527,3.841553948,3.841553948,0.000000000,auto_capture
pendulum_pid_ws,SWING_UP,3.115,-152.673366,-19.215647,19.400801,0.048336338,-1.066072462,-2.664652922,0.000000,6,0.194008009,19.400800930,99.478299908,99.478299908,0.000000000,auto_capture
pendulum_pid_ws,SWING_UP,3.166,-152.388362,-13.166523,5.162923,0.046730911,0.714188569,-2.659678660,0.000000,6,0.051629227,5.162922737,-66.208402198,-66.208402198,0.000000000,auto_capture
pendulum_pid_ws,SWING_UP,3.217,-152.215622,-5.957022,19.456487,0.045257107,-0.064354771,-2.656663771,0.000000,6,0.194564873,19.456487347,48.154654159,48.154654159,0.000000000,auto_capture
pendulum_pid_ws,SWING_UP,3.269,-153.261159,1.820849,33.986021,0.042564826,-0.388637075,-2.674911841,0.000000,6,0.339860205,33.986020546,48.264431167,48.264431167,0.000000000,auto_capture
pendulum_pid_ws,SWING_UP,3.320,-152.967818,11.505557,48.709706,0.042918796,-0.111399255,-2.669792071,0.000000,6,0.487097058,48.709705755,48.249998121,48.249998121,0.000000000,auto_capture
pendulum_pid_ws,SWING_UP,3.371,-153.693720,21.855098,62.531218,0.040767150,-0.179837820,-2.682461454,0.000000,6,0.625312184,62.531218359,48.337730901,48.337730901,0.000000000,auto_capture
pendulum_pid_ws,SWING_UP,3.422,-156.417206,32.188763,48.768475,0.036362139,-0.947369159,-2.729995245,0.000000,6,0.487684750,48.768474961,-60.842885781,-60.842885781,0.000000000,auto_capture
pendulum_pid_ws,SWING_UP,3.474,-170.963172,36.842893,-22.943444,0.269277103,-8.130290156,-2.983870255,0.000000,6,-0.229434436,-22.943443639,-33.932918317,-33.932918317,0.000000000,auto_capture
pendulum_pid_ws,SWING_UP,3.525,160.981870,32.772762,-37.819174,0.459568629,-10.466012547,2.809663663,0.000000,6,-0.378191741,-37.819174060,-27.013695757,-27.013695757,0.000000000,auto_capture
pendulum_pid_ws,SWING_UP,3.576,141.008717,29.437003,-5.866304,0.089426700,-0.709990046,2.461066392,0.000000,6,-0.058663041,-5.866304102,-40.480539698,-40.480539698,0.000000000,auto_capture
pendulum_pid_ws,SWING_UP,3.627,139.064357,33.799235,-48.666601,0.111275218,-1.956542439,2.427130896,0.000000,6,-0.486666006,-48.666600609,-34.761857578,-34.761857578,0.000000000,auto_capture
pendulum_pid_ws,SWING_UP,3.679,131.054276,31.445337,-34.659901,0.172090872,-3.058138992,2.287328606,0.000000,6,-0.346599012,-34.659901205,-24.757072289,-24.757072289,0.000000000,auto_capture
pendulum_pid_ws,SWING_UP,3.731,129.550098,30.267215,-49.345816,0.143268618,0.427307062,2.261075759,0.000000,6,-0.493458158,-49.345815799,-44.158262254,-44.158262254,0.000000000,auto_capture
pendulum_pid_ws,SWING_UP,3.782,129.640745,27.418297,-61.668467,0.142124934,0.127531537,2.262657852,0.000000,6,-0.616684668,-61.668466756,-44.204895671,-44.204895671,0.000000000,auto_capture
pendulum_pid_ws,SWING_UP,3.833,130.381407,22.166949,-61.371649,0.139588420,0.594492466,2.275584842,0.000000,6,-0.613716486,-61.371648551,-44.308321320,-44.308321320,0.000000000,auto_capture
pendulum_pid_ws,SWING_UP,3.884,131.223567,14.201353,-62.284909,0.137371259,0.943719113,2.290283301,0.000000,6,-0.622849089,-62.284908882,-55.970748225,-55.970748225,0.000000000,auto_capture
pendulum_pid_ws,SWING_UP,3.935,132.008157,3.578322,-62.501119,0.131364323,0.627033785,2.303976976,0.000000,6,-0.625011191,-62.501119150,-44.643656535,-44.643656535,0.000000000,auto_capture
pendulum_pid_ws,SWING_UP,3.986,135.697011,-7.421678,-127.232192,0.123215930,1.705832877,2.368359635,0.000000,6,-1.272321919,-127.232191939,-108.638981640,-108.638981640,0.000000000,auto_capture
pendulum_pid_ws,SWING_UP,4.038,141.984589,-18.421678,-198.491503,0.108106618,2.492842108,2.478098568,0.000000,6,-1.984915031,-198.491503137,-145.000000000,-145.000000000,0.000000000,auto_capture
pendulum_pid_ws,SWING_UP,4.089,150.009163,-29.421678,-203.000000,0.087858108,2.971441142,2.618153806,0.000000,6,-2.030000000,-203.000000000,-145.000000000,-145.000000000,0.000000000,auto_capture
pendulum_pid_ws,SWING_UP,4.140,167.166304,-35.829086,-131.043458,0.343166156,9.129123297,2.917602400,0.000000,6,-1.310434580,-131.043458003,39.072408885,39.072408885,0.000000000,auto_capture
pendulum_pid_ws,SWING_UP,4.192,-161.597386,-32.913746,-59.302404,0.546682238,11.474052619,-2.820406452,0.000000,6,-0.593024040,-59.302404003,27.253367781,27.253367781,0.000000000,auto_capture
pendulum_pid_ws,SWING_UP,4.243,-139.021127,-30.779238,-102.164227,0.106553795,1.612198997,-2.426376403,0.000000,6,-1.021642272,-102.164227201,-109.248301426,-109.248301426,0.000000000,auto_capture
pendulum_pid_ws,SWING_UP,4.294,-137.638581,-38.262323,-30.167990,0.122804370,2.255678871,-2.402246410,0.000000,6,-0.301679896,-30.167989600,53.711083525,53.711083525,0.000000000,auto_capture
pendulum_pid_ws,SWING_UP,4.345,-126.850776,-36.472001,46.623362,0.227779900,4.204614195,-2.213963704,0.000000,6,0.466233623,46.623362322,33.302401658,33.302401658,0.000000000,auto_capture
pendulum_pid_ws,SWING_UP,4.397,-115.641594,-29.158645,8.178311,0.252842908,2.750009576,-2.018326568,0.000000,6,0.081783113,8.178311292,-86.961334012,-86.961334012,0.000000000,auto_capture
pendulum_pid_ws,SWING_UP,4.448,-109.931220,-30.589588,-55.011492,0.262566535,0.991526821,-1.918661747,0.000000,6,-0.550114924,-55.011492383,-39.293923131,-39.293923131,4.143785568,auto_capture
pendulum_pid_ws,SWING_UP,4.499,-102.883369,-35.524352,16.832460,0.323560967,2.159472276,-1.795653532,0.000000,6,0.024966492,2.496649218,46.571301050,46.571301050,3.327263563,auto_capture
pendulum_pid_ws,SWING_UP,4.549,-95.434131,-32.779471,37.835142,0.395617872,3.177211215,-1.665639811,0.000000,6,0.401806572,40.180657173,28.700469409,28.700469409,-0.081739582,auto_capture
pendulum_pid_ws,SWING_UP,4.601,-89.682797,-26.810306,3.710913,0.405027685,1.616730796,-1.565260083,0.000000,6,0.037109134,3.710913393,2.650652423,2.650652423,1.441730374,auto_capture
pendulum_pid_ws,SWING_UP,4.653,-84.435065,-20.776939,44.782498,0.441756589,1.681076238,-1.473669889,0.000000,6,0.447824985,44.782498481,31.987498915,31.987498915,0.975894652,auto_capture
pendulum_pid_ws,SWING_UP,4.705,-79.065387,-10.345647,42.320303,0.484888986,2.124569017,-1.379951336,0.000000,6,0.423203026,42.320302558,30.228787541,30.228787541,-0.407131099,auto_capture
pendulum_pid_ws,SWING_UP,4.756,-74.155106,0.654353,40.931069,0.509225386,1.556181254,-1.294250753,0.000000,6,0.409310687,40.931068706,29.236477647,29.236477647,-0.321864702,auto_capture
pendulum_pid_ws,SWING_UP,4.807,-69.806276,11.654353,39.449641,0.535176818,1.352972780,-1.218349348,0.000000,6,0.394496414,39.449641381,28.178315272,28.178315272,0.895253110,auto_capture
pendulum_pid_ws,SWING_UP,4.858,-65.423814,22.654353,37.685577,0.566079443,1.618576736,-1.141860956,0.000000,6,0.376855772,37.685577159,26.918269400,26.918269400,-0.002256917,auto_capture
pendulum_pid_ws,SWING_UP,4.909,-61.101514,33.386387,8.386033,0.597302831,1.953963872,-1.066422590,0.000000,6,0.083860327,8.386032727,-76.683760224,-76.683760224,-1.063676487,auto_capture
pendulum_pid_ws,SWING_UP,4.960,-56.345986,35.896553,-45.253796,0.620613474,1.639711010,-0.983422975,0.000000,6,-0.480901754,-48.090175371,-34.350125265,-34.350125265,-0.637657861,auto_capture
pendulum_pid_ws,SWING_UP,5.012,-52.524345,31.454995,-34.682888,0.636090690,1.111867879,-0.916722751,0.000000,6,-0.346828877,-34.682887675,-24.773491197,-24.773491197,0.448374443,auto_capture
pendulum_pid_ws,SWING_UP,5.062,-49.679975,24.796423,32.736024,0.652785013,1.272804056,-0.867079129,0.000000,6,0.327360237,32.736023749,23.382874106,23.382874106,-0.106660694,auto_capture
pendulum_pid_ws,SWING_UP,5.114,-47.118154,22.124162,32.218760,0.661846367,0.778233590,-0.822366927,0.000000,6,0.322187599,32.218759870,23.013399907,23.013399907,0.928286936,auto_capture
pendulum_pid_ws,SWING_UP,5.165,-44.983125,23.581092,31.687168,0.671158711,0.549614018,-0.785103646,0.000000,6,0.316871684,31.687168404,22.633691717,22.633691717,1.350278751,auto_capture
pendulum_pid_ws,SWING_UP,5.216,-42.640104,29.061620,30.899019,0.684965392,0.988291177,-0.744210214,0.000000,6,0.308990194,30.899019392,22.070728137,22.070728137,0.158415901,auto_capture
pendulum_pid_ws,SWING_UP,5.268,-38.860298,35.606750,-26.896696,0.701769651,0.976776056,-0.678240146,0.000000,6,-0.268966959,-26.896695856,-47.581616095,-47.581616095,-0.038246037,auto_capture
pendulum_pid_ws,SWING_UP,5.319,-36.313242,34.110148,-41.002152,0.709970001,0.586822392,-0.633785638,0.000000,6,-0.410021523,-41.002152327,-29.287251662,-29.287251662,0.746497429,auto_capture
pendulum_pid_ws,SWING_UP,5.369,-33.790179,27.784295,7.269807,0.721580280,0.875294707,-0.589749886,0.000000,6,0.072698066,7.269806553,20.577766379,20.577766379,-0.095557685,auto_capture
pendulum_pid_ws,SWING_UP,5.421,-32.159599,23.511200,28.586787,0.725470742,0.468290472,-0.561290893,0.000000,6,0.285867874,28.586787411,20.419133865,20.419133865,0.784491904,auto_capture
pendulum_pid_ws,SWING_UP,5.473,-31.042200,22.911386,28.394115,0.728845955,0.246197303,-0.541788605,0.000000,6,0.283941147,28.394114688,20.281510492,20.281510492,1.251207730,auto_capture
pendulum_pid_ws,SWING_UP,5.524,-29.589810,25.912486,28.017117,0.735450143,0.675623182,-0.516439607,0.000000,6,0.280171172,28.017117195,20.012226568,20.012226568,0.134399027,auto_capture
pendulum_pid_ws,SWING_UP,5.575,-28.400047,32.505756,13.499278,0.737890894,0.281490084,-0.495674328,0.000000,6,0.134992781,13.499278129,-68.524254071,-68.524254071,1.009716512,auto_capture
pendulum_pid_ws,SWING_UP,5.627,-25.372675,37.253237,-29.745570,0.764629513,2.102410159,-0.442836722,0.000000,6,-0.297455697,-29.745569676,-16.746518026,-16.746518026,-3.540139528,auto_capture
pendulum_pid_ws,SWING_UP,5.678,-23.039257,37.163156,-23.739037,0.753501019,0.003530292,-0.402110885,0.000000,6,-0.237390372,-23.739037249,-16.956455178,-16.956455178,1.358704308,auto_capture
pendulum_pid_ws,SWING_UP,5.729,-22.362269,34.314459,-20.940709,0.755547304,-0.253499681,-0.390295229,0.000000,6,-0.209407095,-20.940709467,-14.957649619,-14.957649619,1.935403013,auto_capture
pendulum_pid_ws,SWING_UP,5.780,-19.771992,29.041140,0.667170,0.773328164,1.707455700,-0.345086369,0.000000,6,0.006671696,0.667169623,0.476549731,0.476549731,-0.253721602,auto_capture
pendulum_pid_ws,SWING_UP,5.831,-19.003784,23.055279,-4.084725,0.764901788,-0.610069167,-0.331678607,0.000000,6,-0.040847251,-4.084725056,-2.917660755,-2.917660755,2.591873266,auto_capture
pendulum_pid_ws,SWING_UP,5.883,-18.224696,16.947847,11.089493,0.765306614,0.218198924,-0.318080959,0.000000,6,0.110894928,11.089492767,39.217664108,39.217664108,0.557797843,manual_A_near_upright
pendulum_pid_ws,SWING_UP,5.934,-17.733545,13.861433,27.219124,0.768275690,0.728223259,-0.309508741,0.000000,6,0.272191236,27.219123555,3.706399146,3.706399146,-0.695406103,manual_A_near_upright
pendulum_pid_ws,SWING_UP,5.985,-16.950735,15.329403,0.931917,0.768535368,0.442400799,-0.295846136,0.000000,6,0.009319167,0.931916748,0.665654820,0.665654820,-0.055885055,manual_A_near_upright
pendulum_pid_ws,SWING_UP,6.037,-16.037556,17.966097,0.542235,0.769928991,0.316575077,-0.279908156,0.000000,6,0.005422350,0.542234960,0.387310686,0.387310686,0.191907546,manual_A_near_upright
pendulum_pid_ws,SWING_UP,6.087,-15.070733,20.633897,-1.160284,0.771684144,0.308430725,-0.263033919,0.000000,6,-0.011602843,-1.160284301,-0.828774501,-0.828774501,0.154081585,manual_A_near_upright
pendulum_pid_ws,SWING_UP,6.138,-14.113827,22.996965,-2.672962,0.773370366,0.322361460,-0.246332754,0.000000,6,-0.026729623,-2.672962324,-1.909258803,-1.909258803,0.063863859,manual_A_near_upright
pendulum_pid_ws,SWING_UP,6.189,-13.204729,24.994237,-2.786499,0.774807443,0.309224476,-0.230466003,0.000000,6,-0.027864987,-2.786498689,-1.990356206,-1.990356206,0.041445668,manual_A_near_upright
pendulum_pid_ws,SWING_UP,6.241,-12.359510,26.644889,-2.420589,0.776035609,0.287208887,-0.215714135,0.000000,6,-0.024205890,-2.420589026,-1.728992161,-1.728992161,0.044126730,manual_A_near_upright
pendulum_pid_ws,SWING_UP,6.291,-11.572810,27.988610,-2.080269,0.777107587,0.266860550,-0.201983633,0.000000,6,-0.021501859,-2.150185914,-1.535847082,-1.535847082,0.045575234,manual_A_near_upright
pendulum_pid_ws,SWING_UP,6.343,-10.839515,29.064324,-1.800937,0.778045872,0.248574035,-0.189185226,0.000000,6,-0.018009375,-1.800937479,-1.286383913,-1.286383913,0.046220942,manual_A_near_upright
pendulum_pid_ws,SWING_UP,6.393,-10.155535,29.907208,-1.575407,0.778867451,0.231993179,-0.177247518,0.000000,6,-0.015754069,-1.575406891,-1.125290636,-1.125290636,0.045857934,manual_A_near_upright
pendulum_pid_ws,SWING_UP,6.445,-9.517141,30.547132,-1.378854,0.779586752,0.216607655,-0.166105453,0.000000,6,-0.013788540,-1.378854037,-0.984895741,-0.984895741,0.044900169,manual_A_near_upright
pendulum_pid_ws,SWING_UP,6.496,-8.921029,31.009832,-3.642857,0.780216856,0.202307088,-0.155701333,0.000000,6,-0.036428566,-3.642856616,-2.602040440,-2.602040440,0.043847521,manual_A_near_upright
pendulum_pid_ws,SWING_UP,6.547,-8.191108,31.107443,-8.525581,0.781782568,0.496410541,-0.142961806,0.000000,6,-0.085255806,-8.525580637,-6.089700455,-6.089700455,-0.705315159,manual_A_near_upright
pendulum_pid_ws,SWING_UP,6.599,-7.778675,30.574100,-3.847456,0.781553485,0.301760793,-0.135763497,0.000000,6,-0.038474557,-3.847455655,-2.748182611,-2.748182611,-0.262630013,manual_A_near_upright
pendulum_pid_ws,SWING_UP,6.650,-7.354844,30.578691,-0.754845,0.781689105,0.171486696,-0.128366237,0.000000,6,-0.007548454,-0.754845351,-0.539175250,-0.539175250,0.024877137,manual_A_near_upright
pendulum_pid_ws,SWING_UP,6.700,-6.926683,30.598430,0.026612,0.782013351,0.139074276,-0.120893429,0.000000,6,0.000266123,0.026612303,0.019008788,0.019008788,0.011401995,manual_A_near_upright
pendulum_pid_ws,SWING_UP,6.751,-6.505249,30.554220,-0.311861,0.782350707,0.138908726,-0.113538018,0.000000,6,-0.004214888,-0.421488763,-0.301063402,-0.301063402,0.047731482,manual_A_near_upright
pendulum_pid_ws,SWING_UP,6.802,-6.105094,30.441749,-0.462496,0.782647374,0.134975552,-0.106553989,0.000000,6,-0.004624959,-0.462495936,-0.330354240,-0.330354240,0.038342237,manual_A_near_upright
pendulum_pid_ws,SWING_UP,6.854,-5.730649,30.267666,-0.448242,0.782903931,0.127503986,-0.100018691,0.000000,6,-0.004482419,-0.448241914,-0.320172796,-0.320172796,0.034053984,manual_A_near_upright
pendulum_pid_ws,SWING_UP,6.905,-5.380614,30.039909,-0.378017,0.783127750,0.119124973,-0.093909427,0.000000,6,-0.003780166,-0.378016620,-0.270011872,-0.270011872,0.033392117,manual_A_near_upright
pendulum_pid_ws,BALANCE,6.956,-5.224361,30.153103,0.951946,0.783238431,0.130909500,-0.091182303,29.561748,7,0.009519458,0.951945814,0.679961296,0.679961296,-0.004162971,manual_A_near_upright
pendulum_pid_ws,BALANCE,7.007,-4.917885,30.847024,-1.021823,0.783415636,0.122702622,-0.085833291,29.037401,7,-0.010218233,-1.021823267,-0.729873762,-0.729873762,-0.002653102,manual_A_near_upright
pendulum_pid_ws,BALANCE,7.059,-4.520762,31.411075,-1.972642,0.783645279,0.128549092,-0.078902184,28.520081,7,-0.019726419,-1.972641870,-1.409029907,-1.409029907,-0.040250394,manual_A_near_upright
pendulum_pid_ws,BALANCE,7.109,-3.823838,30.737906,-13.451616,0.784595414,0.408953314,-0.066738559,28.014907,7,-0.134516158,-13.451615801,4.080171536,4.080171536,0.005353987,manual_A_near_upright
pendulum_pid_ws,BALANCE,7.160,-3.945828,29.669579,0.123228,0.784164210,0.271279833,-0.068867683,27.522438,7,0.001232280,0.123227994,-2.779945271,-2.779945271,-0.416921475,manual_A_near_upright
pendulum_pid_ws,BALANCE,7.211,-3.788056,30.046885,-0.833560,0.783981488,0.098461698,-0.066114057,27.031473,7,-0.008335604,-0.833560372,-0.595400266,-0.595400266,-0.011520283,manual_A_near_upright
pendulum_pid_ws,BALANCE,7.262,-3.585776,30.504512,0.165604,0.784048325,0.064287805,-0.062583591,26.552166,7,0.001656036,0.165603598,0.118288284,0.118288284,0.058493478,manual_A_near_upright
pendulum_pid_ws,BALANCE,7.314,-3.367812,30.905511,-0.147770,0.784140670,0.067729194,-0.058779404,26.079558,7,-0.001477703,-0.147770332,-0.105550237,-0.105550237,0.037299906,manual_A_near_upright
pendulum_pid_ws,BALANCE,7.365,-3.109873,31.188207,-1.100620,0.784250645,0.084436345,-0.054277531,25.614393,7,-0.011006196,-1.100619578,-0.786156841,-0.786156841,-0.018103625,manual_A_near_upright
pendulum_pid_ws,BALANCE,7.416,-3.003019,30.740771,17.852177,0.784517205,-0.253011106,-0.052412573,25.159704,7,0.178521770,17.852177026,12.751555019,12.751555019,0.785429403,manual_A_near_upright
pendulum_pid_ws,BALANCE,7.468,-2.817562,30.814651,0.378363,0.784337975,0.055544273,-0.049175737,24.706566,7,0.003783626,0.378362620,0.270259014,0.270259014,0.303694417,manual_A_near_upright
pendulum_pid_ws,BALANCE,7.519,-2.613062,31.010996,-2.526569,0.784419439,0.082848523,-0.045606529,24.266894,7,-0.025265691,-2.526569100,-1.804692214,-1.804692214,-0.043774256,manual_A_near_upright
pendulum_pid_ws,BALANCE,7.571,-2.120983,30.855861,-0.514734,0.784767984,0.243318075,-0.037018139,23.832178,7,-0.005147339,-0.514733922,-0.367667087,-0.367667087,-0.458101707,manual_A_near_upright
pendulum_pid_ws,BALANCE,7.622,-2.256208,30.514549,2.430589,0.784495942,0.005906378,-0.039378263,23.406463,7,0.024305887,2.430588657,1.736134755,1.736134755,0.119710785,manual_A_near_upright
pendulum_pid_ws,BALANCE,7.674,-2.173501,30.572512,1.525184,0.784517849,0.006236704,-0.037934747,22.986774,7,0.015251837,1.525183735,1.089416954,1.089416954,0.114010050,manual_A_near_upright
pendulum_pid_ws,BALANCE,7.725,-2.038827,30.630317,0.354780,0.784555419,0.030940502,-0.035584251,22.575974,7,0.003547801,0.354780123,0.253414374,0.253414374,0.046729249,manual_A_near_upright
pendulum_pid_ws,BALANCE,7.776,-1.907142,30.653253,-0.276703,0.784590216,0.043521156,-0.033285909,22.174732,7,-0.002767032,-0.276703220,-0.197645157,-0.197645157,0.008721316,manual_A_near_upright
pendulum_pid_ws,BALANCE,7.827,-1.786541,30.641845,-0.308899,0.784616289,0.041924154,-0.031181014,21.782864,7,-0.003088992,-0.308899161,-0.220642258,-0.220642258,0.005397478,manual_A_near_upright
pendulum_pid_ws,BALANCE,7.879,-1.674903,30.599207,-0.251261,0.784638242,0.038378535,-0.029232568,21.389543,7,-0.002512611,-0.251261053,-0.179472181,-0.179472181,0.007282246,manual_A_near_upright
pendulum_pid_ws,BALANCE,7.930,-1.570808,30.527891,-0.207066,0.784657556,0.035409605,-0.027415779,21.012609,7,-0.002070658,-0.207065840,-0.147904171,-0.147904171,0.008230596,manual_A_near_upright
pendulum_pid_ws,BALANCE,7.980,-1.473404,30.430527,-0.183684,0.784674629,0.033048829,-0.025715760,20.644376,7,-0.001836836,-0.183683643,-0.131202602,-0.131202602,0.007885470,manual_A_near_upright
pendulum_pid_ws,BALANCE,8.031,-1.382118,30.309524,-0.169340,0.784689674,0.030970518,-0.024122517,20.278249,7,-0.001739443,-0.173944259,-0.124245899,-0.124245899,0.007658559,manual_A_near_upright
pendulum_pid_ws,BALANCE,8.082,-1.296616,30.166931,-0.156848,0.784702901,0.029049967,-0.022630222,19.918159,7,-0.001568484,-0.156848425,-0.112034589,-0.112034589,0.007222835,manual_A_near_upright
pendulum_pid_ws,BALANCE,8.134,-1.216524,30.004610,-0.143674,0.784714518,0.027220107,-0.021232357,19.563057,7,-0.001436745,-0.143674474,-0.102624624,-0.102624624,0.006861757,manual_A_near_upright
pendulum_pid_ws,BALANCE,8.185,-1.141520,29.824311,-0.131119,0.784724723,0.025490484,-0.019923281,19.212053,7,-0.001311189,-0.131118937,-0.093656384,-0.093656384,0.006561992,manual_A_near_upright
pendulum_pid_ws,BALANCE,8.236,-1.071286,29.627675,-0.117447,0.784733690,0.023866426,-0.018697476,18.873618,7,-0.001174466,-0.117446591,-0.083890422,-0.083890422,0.006291994,manual_A_near_upright
pendulum_pid_ws,BALANCE,8.287,-1.005508,29.416364,-0.106006,0.784741574,0.022350418,-0.017549425,18.539191,7,-0.001060060,-0.106006001,-0.075718572,-0.075718572,0.006027039,manual_A_near_upright
pendulum_pid_ws,BALANCE,8.338,-0.943889,29.191791,-0.095214,0.784748505,0.020923621,-0.016473966,18.208708,7,-0.000952138,-0.095213808,-0.068009863,-0.068009863,0.005794794,manual_A_near_upright
pendulum_pid_ws,BALANCE,8.389,-0.886190,28.955277,-0.086539,0.784754602,0.019604646,-0.015466928,17.883331,7,-0.000883332,-0.088333243,-0.063095174,-0.063095174,0.005573254,manual_A_near_upright
pendulum_pid_ws,BALANCE,8.440,-0.832141,28.708058,-0.076046,0.784759963,0.018352867,-0.014523597,17.568683,7,-0.000760458,-0.076045755,-0.054318396,-0.054318396,0.005333348,manual_A_near_upright
pendulum_pid_ws,BALANCE,8.491,-0.781532,28.451389,-0.068998,0.784764680,0.017202011,-0.013640313,17.257409,7,-0.000689982,-0.068998162,-0.049284402,-0.049284402,0.005092237,manual_A_near_upright
pendulum_pid_ws,BALANCE,8.542,-0.734113,28.186321,-0.061186,0.784768830,0.016116947,-0.012812685,16.953040,7,-0.000611856,-0.061185573,-0.043703980,-0.043703980,0.004882454,manual_A_near_upright
pendulum_pid_ws,BALANCE,8.593,-0.689678,27.913815,-0.054585,0.784772486,0.015110119,-0.012037157,16.652647,7,-0.000545851,-0.054585131,-0.038989379,-0.038989379,0.004725911,manual_A_near_upright
pendulum_pid_ws,BALANCE,8.643,-0.648072,27.634761,-0.046381,0.784775698,0.014133012,-0.011310989,16.360950,7,-0.000463809,-0.046380924,-0.033129232,-0.033129232,0.004538134,manual_A_near_upright
pendulum_pid_ws,BALANCE,8.695,-0.608323,27.344341,-0.039962,0.784778584,0.013232433,-0.010617240,16.068429,7,-0.000399624,-0.039962359,-0.028544542,-0.028544542,0.004340775,manual_A_near_upright
pendulum_pid_ws,BALANCE,8.745,-0.572542,27.060535,-0.036128,0.784781026,0.012427243,-0.009992737,15.787332,7,-0.000361278,-0.036127757,-0.025805541,-0.025805541,0.004149924,manual_A_near_upright
pendulum_pid_ws,BALANCE,8.796,-0.538318,26.766784,-0.030471,0.784783222,0.011636409,-0.009395423,15.508990,7,-0.000304708,-0.030470765,-0.021764832,-0.021764832,0.004017057,manual_A_near_upright
pendulum_pid_ws,BALANCE,8.847,-0.506237,26.469526,-0.025591,0.784785159,0.010903314,-0.008835495,15.234640,7,-0.000255913,-0.025591264,-0.018279474,-0.018279474,0.003872730,manual_A_near_upright
pendulum_pid_ws,BALANCE,8.898,-0.476167,26.169333,-0.021350,0.784786866,0.010212653,-0.008310680,14.962946,7,-0.000213495,-0.021349518,-0.015249656,-0.015249656,0.003745944,manual_A_near_upright
pendulum_pid_ws,BALANCE,8.948,-0.448005,25.866770,-0.015749,0.784788370,0.009561219,-0.007819157,14.701911,7,-0.000157493,-0.015749325,-0.011249518,-0.011249518,0.003638210,manual_A_near_upright
pendulum_pid_ws,BALANCE,8.999,-0.421602,25.562451,-0.012475,0.784789699,0.008971062,-0.007358345,14.442365,7,-0.000139236,-0.013923597,-0.009945426,-0.009945426,0.003511140,manual_A_near_upright
pendulum_pid_ws,BALANCE,9.050,-0.396858,25.256822,-0.009888,0.784790871,0.008418349,-0.006926485,14.186148,7,-0.000098878,-0.009887807,-0.007062719,-0.007062719,0.003346011,manual_A_near_upright
pendulum_pid_ws,BALANCE,9.101,-0.373662,24.950302,-0.007001,0.784791904,0.007891645,-0.006521632,13.933811,7,-0.000070008,-0.007000793,-0.005000566,-0.005000566,0.003233601,manual_A_near_upright
pendulum_pid_ws,BALANCE,9.152,-0.351920,24.643279,-0.003609,0.784792817,0.007394382,-0.006142160,13.687512,7,-0.000036087,-0.003608708,-0.002577648,-0.002577648,0.003136826,manual_A_near_upright
pendulum_pid_ws,BALANCE,9.203,-0.331549,24.336173,-0.000599,0.784793622,0.006925547,-0.005786615,13.446155,7,-0.000005990,-0.000598972,-0.000427837,-0.000427837,0.003053180,manual_A_near_upright
pendulum_pid_ws,BALANCE,9.254,-0.312439,24.029340,0.001805,0.784794334,0.006492062,-0.005453090,13.207412,7,0.000018053,0.001805340,0.001289528,0.001289528,0.002959557,manual_A_near_upright
pendulum_pid_ws,BALANCE,9.304,-0.294537,23.723074,0.004653,0.784794963,0.006084735,-0.005140639,12.975587,7,0.000046528,0.004652841,0.003323458,0.003323458,0.002874808,manual_A_near_upright
pendulum_pid_ws,BALANCE,9.356,-0.277726,23.417687,0.005516,0.784795521,0.005713659,-0.004847236,12.742084,7,0.000055161,0.005516139,0.003940099,0.003940099,0.002767819,manual_A_near_upright
pendulum_pid_ws,BALANCE,9.407,-0.261974,23.113349,0.008257,0.784796013,0.005348449,-0.004572311,12.515962,7,0.000078225,0.007822484,0.005587489,0.005587489,0.002714706,manual_A_near_upright
pendulum_pid_ws,BALANCE,9.459,-0.247194,22.810340,0.009548,0.784796449,0.005016787,-0.004314345,12.291086,7,0.000095483,0.009548337,0.006820241,0.006820241,0.002628485,manual_A_near_upright
pendulum_pid_ws,BALANCE,9.510,-0.233335,22.508851,0.011135,0.784796835,0.004710411,-0.004072465,12.071701,7,0.000111351,0.011135071,0.007953622,0.007953622,0.002541396,manual_A_near_upright
pendulum_pid_ws,BALANCE,9.562,-0.220342,22.209107,0.012663,0.784797176,0.004411856,-0.003845699,11.855570,7,0.000126625,0.012662509,0.009044649,0.009044649,0.002486923,manual_A_near_upright
pendulum_pid_ws,BALANCE,9.612,-0.208161,21.911324,0.015054,0.784797479,0.004133984,-0.003633088,11.646925,7,0.000150538,0.015053835,0.010752739,0.010752739,0.002430949,manual_A_near_upright
pendulum_pid_ws,BALANCE,9.663,-0.196748,21.615723,0.016747,0.784797746,0.003868466,-0.003433896,11.441330,7,0.000167469,0.016746862,0.011962045,0.011962045,0.002390928,manual_A_near_upright
pendulum_pid_ws,BALANCE,9.715,-0.186031,21.322492,0.016896,0.784797985,0.003639186,-0.003246853,11.237125,7,0.000168957,0.016895714,0.012068367,0.012068367,0.002305253,manual_A_near_upright
pendulum_pid_ws,BALANCE,9.766,-0.175969,21.031706,0.017108,0.784798196,0.003427051,-0.003071234,11.036026,7,0.000169431,0.016943087,0.012102205,0.012102205,0.002242636,manual_A_near_upright
pendulum_pid_ws,BALANCE,9.818,-0.166527,20.743453,0.018220,0.784798384,0.003215136,-0.002906447,10.839222,7,0.000182199,0.018219944,0.013014246,0.013014246,0.002165596,manual_A_near_upright
pendulum_pid_ws,BALANCE,9.868,-0.157678,20.457882,0.019577,0.784798550,0.003013738,-0.002752008,10.647858,7,0.000195582,0.019558208,0.013970149,0.013970149,0.002145699,manual_A_near_upright
pendulum_pid_ws,BALANCE,9.919,-0.149369,20.175130,0.020336,0.784798698,0.002826111,-0.002606988,10.458453,7,0.000199654,0.019965399,0.014260999,0.014260999,0.002076508,manual_A_near_upright
pendulum_pid_ws,BALANCE,9.971,-0.141578,19.895273,0.021191,0.784798830,0.002648186,-0.002471005,10.272996,7,0.000211913,0.021191293,0.015136638,0.015136638,0.002045770,manual_A_near_upright
pendulum_pid_ws,BALANCE,10.022,-0.134259,19.618398,0.021630,0.784798947,0.002484298,-0.002343258,10.089817,7,0.000213164,0.021316440,0.015226028,0.015226028,0.001993095,manual_A_near_upright
pendulum_pid_ws,BALANCE,10.072,-0.127402,19.344571,0.022961,0.784799052,0.002323604,-0.002223579,9.912889,7,0.000229282,0.022928173,0.016377267,0.016377267,0.001981757,manual_A_near_upright
pendulum_pid_ws,BALANCE,10.124,-0.120952,19.073923,0.021832,0.784799145,0.002200907,-0.002111010,9.735795,7,0.000218322,0.021832189,0.015594421,0.015594421,0.001895257,manual_A_near_upright
pendulum_pid_ws,BALANCE,10.175,-0.114888,18.806410,0.022460,0.784799228,0.002062739,-0.002005167,9.562188,7,0.000224603,0.022460271,0.016043051,0.016043051,0.001866996,manual_A_near_upright
pendulum_pid_ws,BALANCE,10.227,-0.109194,18.542080,0.022557,0.784799302,0.001937950,-0.001905796,9.391328,7,0.000225572,0.022557195,0.016112282,0.016112282,0.001828625,manual_A_near_upright
pendulum_pid_ws,BALANCE,10.277,-0.103842,18.280959,0.023427,0.784799369,0.001816905,-0.001812390,9.224637,7,0.000232769,0.023276905,0.016626361,0.016626361,0.001802018,manual_A_near_upright
pendulum_pid_ws,BALANCE,10.329,-0.098824,18.023092,0.023749,0.784799428,0.001706797,-0.001724808,9.060992,7,0.000237485,0.023748519,0.016963228,0.016963228,0.001768032,manual_A_near_upright
pendulum_pid_ws,BALANCE,10.380,-0.094103,17.768520,0.023660,0.784799481,0.001604881,-0.001642409,8.898884,7,0.000237139,0.023713857,0.016938470,0.016938470,0.001741542,manual_A_near_upright
pendulum_pid_ws,BALANCE,10.431,-0.089670,17.517247,0.024018,0.784799529,0.001506605,-0.001565029,8.740894,7,0.000240180,0.024017969,0.017155692,0.017155692,0.001705247,manual_A_near_upright
pendulum_pid_ws,BALANCE,10.482,-0.085501,17.269307,0.024091,0.784799571,0.001418015,-0.001492280,8.585512,7,0.000240910,0.024090974,0.017207839,0.017207839,0.001670516,manual_A_near_upright
pendulum_pid_ws,BALANCE,10.533,-0.081586,17.024711,0.023936,0.784799609,0.001335086,-0.001423939,8.432639,7,0.000239894,0.023989375,0.017135268,0.017135268,0.001649826,manual_A_near_upright
pendulum_pid_ws,BALANCE,10.585,-0.077902,16.783455,0.024225,0.784799644,0.001252734,-0.001359645,8.282768,7,0.000242253,0.024225297,0.017303783,0.017303783,0.001616232,manual_A_near_upright
pendulum_pid_ws,BALANCE,10.636,-0.074436,16.545552,0.024017,0.784799674,0.001183862,-0.001299158,8.135661,7,0.000240166,0.024016643,0.017154745,0.017154745,0.001575866,manual_A_near_upright
pendulum_pid_ws,BALANCE,10.687,-0.071183,16.311002,0.024241,0.784799702,0.001106036,-0.001242386,7.991167,7,0.000242406,0.024240584,0.017314703,0.017314703,0.001569625,manual_A_near_upright
pendulum_pid_ws,BALANCE,10.738,-0.068118,16.079809,0.023951,0.784799727,0.001042436,-0.001188876,7.848709,7,0.000240183,0.024018345,0.017155961,0.017155961,0.001541066,manual_A_near_upright
pendulum_pid_ws,BALANCE,10.789,-0.065234,15.851944,0.023879,0.784799750,0.000981283,-0.001138550,7.709200,7,0.000238788,0.023878796,0.017056283,0.017056283,0.001515993,manual_A_near_upright
pendulum_pid_ws,BALANCE,10.841,-0.062514,15.627393,0.023760,0.784799770,0.000925164,-0.001091082,7.571784,7,0.000237599,0.023759874,0.016971339,0.016971339,0.001489285,manual_A_near_upright
pendulum_pid_ws,BALANCE,10.891,-0.059963,15.406141,0.024374,0.784799788,0.000867353,-0.001046547,7.439117,7,0.000243740,0.024374004,0.017410003,0.017410003,0.001476613,manual_A_near_upright
pendulum_pid_ws,BALANCE,10.942,-0.057565,15.188232,0.023649,0.784799805,0.000819678,-0.001004701,7.307067,7,0.000236494,0.023649421,0.016892444,0.016892444,0.001448756,manual_A_near_upright
pendulum_pid_ws,BALANCE,10.993,-0.055295,14.973616,0.023630,0.784799820,0.000774827,-0.000965071,7.177801,7,0.000236297,0.023629745,0.016878389,0.016878389,0.001421657,manual_A_near_upright
pendulum_pid_ws,BALANCE,11.044,-0.053164,14.762262,0.023099,0.784799833,0.000729775,-0.000927891,7.050049,7,0.000230990,0.023098996,0.016499283,0.016499283,0.001403368,manual_A_near_upright
pendulum_pid_ws,BALANCE,11.095,-0.051365,14.595351,0.014893,0.784799845,0.000806487,-0.000896494,6.926873,7,0.000128866,0.012886590,0.009204707,0.009204707,0.001076296,manual_A_near_upright
pendulum_pid_ws,BALANCE,11.150,-0.049344,14.388807,0.021145,0.784799856,0.000672564,-0.000861223,6.793194,7,0.000169489,0.016948884,0.012106345,0.012106345,0.001119553,manual_A_near_upright
pendulum_pid_ws,BALANCE,11.201,-0.047808,14.225528,0.011169,0.784799866,0.000772389,-0.000834406,6.673064,7,0.000134333,0.013433320,0.009595228,0.009595228,0.001142884,manual_A_near_upright
pendulum_pid_ws,BALANCE,11.257,-0.045948,14.023579,0.016208,0.784799876,0.000704184,-0.000801937,6.544602,7,0.000162085,0.016208482,0.011577487,0.011577487,0.001036544,manual_A_near_upright
pendulum_pid_ws,BALANCE,11.316,-0.044282,13.824257,0.016086,0.784799884,0.000618103,-0.000772865,6.410618,7,0.000160860,0.016085959,0.011599490,0.011599490,0.001127914,manual_A_near_upright
pendulum_pid_ws,BALANCE,11.368,-0.042723,13.627623,0.022604,0.784799892,0.000518733,-0.000745663,6.293806,7,0.000203739,0.020373911,0.014552794,0.014552794,0.001209506,manual_A_near_upright
pendulum_pid_ws,BALANCE,11.421,-0.041319,13.433990,0.021662,0.784799899,0.000492515,-0.000721153,6.177983,7,0.000213229,0.021322899,0.015230642,0.015230642,0.001226672,manual_A_near_upright
pendulum_pid_ws,BALANCE,11.471,-0.040014,13.243479,0.023929,0.784799905,0.000437320,-0.000698372,6.070310,7,0.000239290,0.023928983,0.017092131,0.017092131,0.001324896,manual_A_near_upright
pendulum_pid_ws,BALANCE,11.522,-0.038786,13.056183,0.023457,0.784799911,0.000415329,-0.000676943,5.963371,7,0.000234571,0.023457099,0.016755071,0.016755071,0.001304818,manual_A_near_upright
pendulum_pid_ws,BALANCE,11.573,-0.037618,12.872081,0.022723,0.784799916,0.000398663,-0.000656555,5.857847,7,0.000227233,0.022723297,0.016230927,0.016230927,0.001275494,manual_A_near_upright
pendulum_pid_ws,BALANCE,11.624,-0.036508,12.691105,0.022086,0.784799921,0.000379467,-0.000637187,5.753499,7,0.000220860,0.022086039,0.015775742,0.015775742,0.001255714,manual_A_near_upright
pendulum_pid_ws,BALANCE,11.675,-0.035456,12.513190,0.022269,0.784799925,0.000355018,-0.000618830,5.652305,7,0.000222692,0.022269191,0.015906565,0.015906565,0.001251978,manual_A_near_upright
pendulum_pid_ws,BALANCE,11.725,-0.034461,12.338319,0.021748,0.784799929,0.000340501,-0.000601461,5.552571,7,0.000217481,0.021748097,0.015534355,0.015534355,0.001227766,manual_A_near_upright
pendulum_pid_ws,BALANCE,11.776,-0.033514,12.166442,0.021281,0.784799933,0.000324577,-0.000584928,5.454096,7,0.000212812,0.021281194,0.015200853,0.015200853,0.001209769,manual_A_near_upright
pendulum_pid_ws,BALANCE,11.827,-0.032614,11.997500,0.020930,0.784799937,0.000309189,-0.000569215,5.357325,7,0.000209304,0.020930389,0.014950278,0.014950278,0.001193278,manual_A_near_upright
pendulum_pid_ws,BALANCE,11.878,-0.031761,11.831445,0.020601,0.784799940,0.000293372,-0.000554339,5.262297,7,0.000206010,0.020600993,0.014714995,0.014714995,0.001180660,manual_A_near_upright
pendulum_pid_ws,BALANCE,11.930,-0.030951,11.668232,0.020254,0.784799943,0.000275983,-0.000540191,5.168348,7,0.000202539,0.020253868,0.014467048,0.014467048,0.001174291,manual_A_near_upright
pendulum_pid_ws,BALANCE,11.981,-0.030178,11.507806,0.019908,0.784799946,0.000261371,-0.000526703,5.075971,7,0.000199083,0.019908256,0.014220183,0.014220183,0.001163497,manual_A_near_upright
pendulum_pid_ws,BALANCE,12.033,-0.029442,11.350119,0.019475,0.784799948,0.000251367,-0.000513856,4.985311,7,0.000194748,0.019474805,0.013910575,0.013910575,0.001143829,manual_A_near_upright
pendulum_pid_ws,BALANCE,12.084,-0.028744,11.195126,0.019222,0.784799951,0.000236640,-0.000501684,4.896234,7,0.000192218,0.019221776,0.013729840,0.013729840,0.001137788,manual_A_near_upright
pendulum_pid_ws,BALANCE,12.135,-0.028066,11.039776,0.019271,0.784799953,0.000229059,-0.000489848,4.808635,7,0.000192707,0.019270663,0.013764760,0.013764760,0.001115740,manual_A_near_upright
pendulum_pid_ws,BALANCE,12.186,-0.027444,10.893084,0.018768,0.784799955,0.000214278,-0.000478987,4.723303,7,0.000187682,0.018768228,0.013405877,0.013405877,0.001114289,manual_A_near_upright
pendulum_pid_ws,BALANCE,12.238,-0.026845,10.745942,0.018257,0.784799957,0.000203659,-0.000468542,4.638413,7,0.000182566,0.018256586,0.013040419,0.013040419,0.001104259,manual_A_near_upright
pendulum_pid_ws,BALANCE,12.289,-0.026274,10.601329,0.018222,0.784799959,0.000191261,-0.000458567,4.555921,7,0.000182225,0.018222458,0.013016041,0.013016041,0.001100104,manual_A_near_upright
pendulum_pid_ws,BALANCE,12.340,-0.025727,10.456425,0.018430,0.784799961,0.000184453,-0.000449025,4.475893,7,0.000184295,0.018429542,0.013163958,0.013163958,0.001083996,manual_A_near_upright
pendulum_pid_ws,BALANCE,12.391,-0.025221,10.319667,0.017421,0.784799962,0.000175849,-0.000440195,4.396525,7,0.000174214,0.017421436,0.012443883,0.012443883,0.001074624,manual_A_near_upright
pendulum_pid_ws,BALANCE,12.442,-0.024727,10.182524,0.017308,0.784799964,0.000167057,-0.000431569,4.318718,7,0.000173084,0.017308362,0.012363116,0.012363116,0.001066399,manual_A_near_upright
pendulum_pid_ws,BALANCE,12.493,-0.024252,10.047772,0.016866,0.784799965,0.000163252,-0.000423270,4.241837,7,0.000168659,0.016865922,0.012047087,0.012047087,0.001047313,manual_A_near_upright
pendulum_pid_ws,BALANCE,12.545,-0.023800,9.915370,0.016480,0.784799966,0.000158014,-0.000415388,4.166473,7,0.000164796,0.016479595,0.011771139,0.011771139,0.001033087,manual_A_near_upright
pendulum_pid_ws,BALANCE,12.595,-0.023367,9.785281,0.016286,0.784799967,0.000150706,-0.000407832,4.092512,7,0.000163201,0.016320100,0.011657214,0.011657214,0.001030286,manual_A_near_upright
pendulum_pid_ws,BALANCE,12.646,-0.022957,9.657468,0.016178,0.784799969,0.000140716,-0.000400667,4.020031,7,0.000162617,0.016261712,0.011615509,0.011615509,0.001022670,manual_A_near_upright
pendulum_pid_ws,BALANCE,12.698,-0.022560,9.531903,0.015838,0.784799970,0.000135345,-0.000393753,3.948469,7,0.000158382,0.015838240,0.011313029,0.011313029,0.001013934,manual_A_near_upright
pendulum_pid_ws,BALANCE,12.749,-0.022180,9.408530,0.015717,0.784799971,0.000128745,-0.000387109,3.878341,7,0.000157166,0.015716625,0.011226161,0.011226161,0.001007182,manual_A_near_upright
pendulum_pid_ws,BALANCE,12.800,-0.021822,9.287323,0.015536,0.784799972,0.000122264,-0.000380872,3.809892,7,0.000155360,0.015535980,0.011097129,0.011097129,0.001001531,manual_A_near_upright
pendulum_pid_ws,BALANCE,12.851,-0.021478,9.168266,0.015178,0.784799972,0.000117998,-0.000374870,3.742506,7,0.000151781,0.015178056,0.010841468,0.010841468,0.000991362,manual_A_near_upright
pendulum_pid_ws,BALANCE,12.910,-0.021093,9.028203,0.014854,0.784799973,0.000109962,-0.000368141,3.664182,7,0.000152939,0.015293940,0.010924243,0.010924243,0.000984636,manual_A_near_upright
pendulum_pid_ws,BALANCE,12.962,-0.020776,8.913786,0.014480,0.784799974,0.000107471,-0.000362603,3.599293,7,0.000145514,0.014551427,0.010393877,0.010393877,0.000972420,manual_A_near_upright
pendulum_pid_ws,BALANCE,13.013,-0.020471,8.801387,0.014153,0.784799975,0.000103961,-0.000357289,3.535408,7,0.000141534,0.014153361,0.010109544,0.010109544,0.000965276,manual_A_near_upright
pendulum_pid_ws,BALANCE,13.064,-0.020175,8.690964,0.013982,0.784799976,0.000099377,-0.000352129,3.472558,7,0.000139820,0.013981977,0.009987126,0.009987126,0.000958733,manual_A_near_upright
pendulum_pid_ws,BALANCE,13.115,-0.019893,8.582480,0.013736,0.784799976,0.000095295,-0.000347199,3.410781,7,0.000137360,0.013736009,0.009811435,0.009811435,0.000951769,manual_A_near_upright
pendulum_pid_ws,BALANCE,13.166,-0.019621,8.475908,0.013329,0.784799977,0.000094544,-0.000342444,3.350038,7,0.000133286,0.013328587,0.009520419,0.009520419,0.000937406,manual_A_near_upright
pendulum_pid_ws,BALANCE,13.217,-0.019360,8.371213,0.013156,0.784799978,0.000091164,-0.000337890,3.290757,7,0.000131563,0.013156255,0.009397325,0.009397325,0.000930032,manual_A_near_upright
pendulum_pid_ws,BALANCE,13.269,-0.019110,8.268373,0.012702,0.784799978,0.000088503,-0.000333539,3.231979,7,0.000127022,0.012702232,0.009073023,0.009073023,0.000921626,manual_A_near_upright
pendulum_pid_ws,BALANCE,13.319,-0.018868,8.167345,0.012722,0.784799979,0.000083257,-0.000329301,3.174834,7,0.000127221,0.012722142,0.009087244,0.009087244,0.000919807,manual_A_near_upright
pendulum_pid_ws,BALANCE,13.370,-0.018635,8.068102,0.012603,0.784799979,0.000078960,-0.000325248,3.118677,7,0.000125886,0.012588631,0.008991879,0.008991879,0.000914449,manual_A_near_upright
pendulum_pid_ws,BALANCE,13.422,-0.018413,7.970623,0.012279,0.784799980,0.000077272,-0.000321369,3.063444,7,0.000122789,0.012278950,0.008770678,0.008770678,0.000907203,manual_A_near_upright
pendulum_pid_ws,BALANCE,13.472,-0.018199,7.874878,0.012183,0.784799980,0.000073146,-0.000317634,3.009516,7,0.000121552,0.012155246,0.008682319,0.008682319,0.000906192,manual_A_near_upright
pendulum_pid_ws,BALANCE,13.523,-0.017991,7.780841,0.011850,0.784799981,0.000071342,-0.000313996,2.956090,7,0.000118499,0.011849858,0.008464184,0.008464184,0.000896162,manual_A_near_upright
pendulum_pid_ws,BALANCE,13.573,-0.017791,7.688478,0.011708,0.784799981,0.000068031,-0.000310507,2.904009,7,0.000117661,0.011766091,0.008404351,0.008404351,0.000891247,manual_A_near_upright
pendulum_pid_ws,BALANCE,13.625,-0.017596,7.597762,0.011261,0.784799982,0.000066751,-0.000307110,2.852081,7,0.000112610,0.011260974,0.008043553,0.008043553,0.000883972,manual_A_near_upright
pendulum_pid_ws,BALANCE,13.676,-0.017405,7.508650,0.011089,0.784799982,0.000066529,-0.000303771,2.801598,7,0.000112002,0.011200247,0.008000177,0.008000177,0.000877815,manual_A_near_upright
pendulum_pid_ws,BALANCE,13.727,-0.017221,7.421111,0.011039,0.784799982,0.000063844,-0.000300557,2.752131,7,0.000110391,0.011039106,0.007885076,0.007885076,0.000868671,manual_A_near_upright
pendulum_pid_ws,BALANCE,13.778,-0.017046,7.335129,0.010703,0.784799983,0.000061549,-0.000297507,2.703110,7,0.000107030,0.010703018,0.007645013,0.007645013,0.000863805,manual_A_near_upright
pendulum_pid_ws,BALANCE,13.830,-0.016873,7.250673,0.010431,0.784799983,0.000060118,-0.000294495,2.654819,7,0.000104306,0.010430634,0.007450453,0.007450453,0.000857001,manual_A_near_upright
pendulum_pid_ws,BALANCE,13.880,-0.016708,7.167705,0.010479,0.784799983,0.000054771,-0.000291609,2.607840,7,0.000105174,0.010517387,0.007512419,0.007512419,0.000857305,manual_A_near_upright
pendulum_pid_ws,BALANCE,13.933,-0.016546,7.086212,0.009883,0.784799984,0.000057175,-0.000288783,2.560844,7,0.000098830,0.009882952,0.007059251,0.007059251,0.000844642,manual_A_near_upright
pendulum_pid_ws,BALANCE,13.983,-0.016390,7.006153,0.009996,0.784799984,0.000053614,-0.000286057,2.515757,7,0.000099964,0.009996385,0.007140275,0.007140275,0.000843918,manual_A_near_upright
pendulum_pid_ws,BALANCE,14.034,-0.016240,6.927517,0.009811,0.784799984,0.000052540,-0.000283436,2.471253,7,0.000098114,0.009811352,0.007008108,0.007008108,0.000837586,manual_A_near_upright
pendulum_pid_ws,BALANCE,14.085,-0.016094,6.850283,0.009642,0.784799985,0.000050737,-0.000280901,2.427509,7,0.000096420,0.009641967,0.006887120,0.006887120,0.000833294,manual_A_near_upright
pendulum_pid_ws,BALANCE,14.136,-0.015954,6.774429,0.009513,0.784799985,0.000049016,-0.000278449,2.384730,7,0.000095131,0.009513147,0.006795105,0.006795105,0.000829087,manual_A_near_upright
pendulum_pid_ws,BALANCE,14.187,-0.015819,6.699933,0.009416,0.784799985,0.000045531,-0.000276087,2.342691,7,0.000094157,0.009415690,0.006725493,0.006725493,0.000829422,manual_A_near_upright
pendulum_pid_ws,BALANCE,14.237,-0.015686,6.626776,0.009183,0.784799985,0.000045364,-0.000273773,2.301349,7,0.000091770,0.009177034,0.006555024,0.006555024,0.000820558,manual_A_near_upright
pendulum_pid_ws,BALANCE,14.289,-0.015557,6.554927,0.008918,0.784799986,0.000044621,-0.000271512,2.260475,7,0.000089177,0.008917659,0.006369757,0.006369757,0.000816052,manual_A_near_upright
pendulum_pid_ws,BALANCE,14.339,-0.015430,6.484359,0.008800,0.784799986,0.000043228,-0.000269303,2.220527,7,0.000087954,0.008795417,0.006282440,0.006282440,0.000811112,manual_A_near_upright
pendulum_pid_ws,BALANCE,14.390,-0.015308,6.415052,0.008569,0.784799986,0.000042502,-0.000267181,2.181225,7,0.000085694,0.008569352,0.006120966,0.006120966,0.000806409,manual_A_near_upright
pendulum_pid_ws,BALANCE,14.442,-0.015186,6.346980,0.008190,0.784799986,0.000043021,-0.000265041,2.141917,7,0.000082610,0.008261005,0.005900718,0.005900718,0.000798839,manual_A_near_upright
pendulum_pid_ws,BALANCE,14.493,-0.015067,6.280102,0.008194,0.784799986,0.000040982,-0.000262967,2.103909,7,0.000082519,0.008251866,0.005894190,0.005894190,0.000798160,manual_A_near_upright
pendulum_pid_ws,BALANCE,14.545,-0.014951,6.214404,0.007961,0.784799987,0.000040082,-0.000260940,2.066051,7,0.000079608,0.007960832,0.005686309,0.005686309,0.000790999,manual_A_near_upright
pendulum_pid_ws,BALANCE,14.596,-0.014838,6.149860,0.007836,0.784799987,0.000038250,-0.000258971,2.028987,7,0.000078362,0.007836229,0.005597306,0.005597306,0.000788701,manual_A_near_upright
pendulum_pid_ws,BALANCE,14.648,-0.014727,6.086450,0.007651,0.784799987,0.000038613,-0.000257030,1.992552,7,0.000076507,0.007650730,0.005464807,0.005464807,0.000781232,manual_A_near_upright
pendulum_pid_ws,BALANCE,14.700,-0.014621,6.024151,0.007562,0.784799987,0.000036478,-0.000255180,1.956862,7,0.000075616,0.007561609,0.005401150,0.005401150,0.000780064,manual_A_near_upright
pendulum_pid_ws,BALANCE,14.751,-0.014518,5.962952,0.007415,0.784799987,0.000035362,-0.000253390,1.921805,7,0.000074148,0.007414755,0.005296253,0.005296253,0.000776655,manual_A_near_upright
pendulum_pid_ws,BALANCE,14.802,-0.014419,5.902835,0.007426,0.784799988,0.000034027,-0.000251654,1.887874,7,0.000074262,0.007426237,0.005304455,0.005304455,0.000773958,manual_A_near_upright
pendulum_pid_ws,BALANCE,14.853,-0.014325,5.843795,0.007268,0.784799988,0.000032813,-0.000250021,1.854520,7,0.000072682,0.007268169,0.005191549,0.005191549,0.000771318,manual_A_near_upright
pendulum_pid_ws,BALANCE,14.904,-0.014231,5.785816,0.007154,0.784799988,0.000031981,-0.000248383,1.821696,7,0.000071539,0.007153864,0.005109903,0.005109903,0.000767747,manual_A_near_upright
pendulum_pid_ws,BALANCE,14.954,-0.014145,5.728880,0.007056,0.784799988,0.000029061,-0.000246875,1.789615,7,0.000070683,0.007068324,0.005048803,0.005048803,0.000771628,manual_A_near_upright
pendulum_pid_ws,BALANCE,15.005,-0.014054,5.672971,0.006866,0.784799988,0.000030305,-0.000245293,1.757944,7,0.000068657,0.006865655,0.004904039,0.004904039,0.000761263,manual_A_near_upright
pendulum_pid_ws,BALANCE,15.057,-0.013967,5.618064,0.006616,0.784799988,0.000030952,-0.000243770,1.726692,7,0.000066157,0.006615689,0.004725492,0.004725492,0.000754535,manual_A_near_upright
pendulum_pid_ws,BALANCE,15.107,-0.013882,5.564138,0.006586,0.784799988,0.000029211,-0.000242285,1.696234,7,0.000065863,0.006586335,0.004704525,0.004704525,0.000753662,manual_A_near_upright
pendulum_pid_ws,BALANCE,15.158,-0.013799,5.511181,0.006459,0.784799989,0.000028821,-0.000240839,1.666291,7,0.000064591,0.006459109,0.004613649,0.004613649,0.000749684,manual_A_near_upright
pendulum_pid_ws,BALANCE,15.209,-0.013718,5.459176,0.006255,0.784799989,0.000028318,-0.000239432,1.636700,7,0.000062546,0.006254634,0.004467595,0.004467595,0.000745935,manual_A_near_upright
pendulum_pid_ws,BALANCE,15.260,-0.013638,5.408102,0.006147,0.784799989,0.000028129,-0.000238032,1.607737,7,0.000061470,0.006146982,0.004390701,0.004390701,0.000741799,manual_A_near_upright
pendulum_pid_ws,BALANCE,15.311,-0.013559,5.357940,0.006071,0.784799989,0.000027372,-0.000236658,1.579288,7,0.000060709,0.006070917,0.004336369,0.004336369,0.000738944,manual_A_near_upright
pendulum_pid_ws,BALANCE,15.363,-0.013484,5.308675,0.005873,0.784799989,0.000026593,-0.000235334,1.551100,7,0.000058734,0.005873377,0.004195270,0.004195270,0.000736313,manual_A_near_upright
pendulum_pid_ws,BALANCE,15.414,-0.013408,5.260287,0.005835,0.784799989,0.000024809,-0.000234011,1.523491,7,0.000058347,0.005834682,0.004167630,0.004167630,0.000733303,manual_A_near_upright
pendulum_pid_ws,BALANCE,15.466,-0.013332,5.212749,0.005895,0.784799989,0.000020586,-0.000232691,1.496034,7,0.000058951,0.005895138,0.004210813,0.004210813,0.000741744,manual_A_near_upright
pendulum_pid_ws,BALANCE,15.517,-0.013261,5.166054,0.005581,0.784799989,0.000023644,-0.000231455,1.469391,7,0.000055809,0.005580869,0.003986335,0.003986335,0.000730199,manual_A_near_upright
pendulum_pid_ws,BALANCE,15.569,-0.013189,5.120193,0.005320,0.784799990,0.000026038,-0.000230195,1.443060,7,0.000053198,0.005319840,0.003799886,0.003799886,0.000720172,manual_A_near_upright
pendulum_pid_ws,BALANCE,15.620,-0.013119,5.075139,0.005346,0.784799990,0.000023758,-0.000228967,1.417282,7,0.000053461,0.005346133,0.003818666,0.003818666,0.000720269,manual_A_near_upright
pendulum_pid_ws,BALANCE,15.671,-0.013051,5.030882,0.005311,0.784799990,0.000022048,-0.000227785,1.391974,7,0.000053107,0.005310750,0.003793393,0.003793393,0.000721556,manual_A_near_upright
pendulum_pid_ws,BALANCE,15.722,-0.012988,4.987417,0.005090,0.784799990,0.000022425,-0.000226687,1.367207,7,0.000050901,0.005090058,0.003635756,0.003635756,0.000719139,manual_A_near_upright
pendulum_pid_ws,BALANCE,15.774,-0.012923,4.944732,0.004958,0.784799990,0.000023144,-0.000225546,1.342846,7,0.000049578,0.004957832,0.003541309,0.003541309,0.000711311,manual_A_near_upright
pendulum_pid_ws,BALANCE,15.825,-0.012860,4.902802,0.004978,0.784799990,0.000021298,-0.000224446,1.319013,7,0.000049785,0.004978453,0.003556038,0.003556038,0.000711957,manual_A_near_upright
pendulum_pid_ws,BALANCE,15.876,-0.012798,4.861622,0.004804,0.784799990,0.000021363,-0.000223369,1.295389,7,0.000048038,0.004803842,0.003431315,0.003431315,0.000708184,manual_A_near_upright
pendulum_pid_ws,BALANCE,15.927,-0.012738,4.821175,0.004741,0.784799990,0.000020690,-0.000222318,1.272336,7,0.000047412,0.004741166,0.003386547,0.003386547,0.000706224,manual_A_near_upright
pendulum_pid_ws,BALANCE,15.979,-0.012679,4.781451,0.004584,0.784799990,0.000020681,-0.000221297,1.249578,7,0.000045839,0.004583864,0.003274189,0.003274189,0.000702776,manual_A_near_upright
pendulum_pid_ws,BALANCE,16.030,-0.012622,4.742434,0.004611,0.784799990,0.000018897,-0.000220302,1.227488,7,0.000046109,0.004610914,0.003293510,0.003293510,0.000703676,manual_A_near_upright
pendulum_pid_ws,BALANCE,16.081,-0.012567,4.704118,0.004530,0.784799991,0.000018423,-0.000219329,1.205758,7,0.000045303,0.004530275,0.003235911,0.003235911,0.000701504,manual_A_near_upright
pendulum_pid_ws,BALANCE,16.132,-0.012512,4.666492,0.004423,0.784799991,0.000018309,-0.000218384,1.184417,7,0.000044231,0.004423147,0.003159391,0.003159391,0.000698562,manual_A_near_upright
pendulum_pid_ws,BALANCE,16.183,-0.012458,4.629543,0.004207,0.784799991,0.000018897,-0.000217434,1.163114,7,0.000042069,0.004206926,0.003004947,0.003004947,0.000693924,manual_A_near_upright
pendulum_pid_ws,BALANCE,16.235,-0.012405,4.593252,0.004113,0.784799991,0.000018861,-0.000216504,1.142369,7,0.000041134,0.004113441,0.002938172,0.002938172,0.000694139,manual_A_near_upright
pendulum_pid_ws,BALANCE,16.286,-0.012352,4.557607,0.004089,0.784799991,0.000018474,-0.000215581,1.122123,7,0.000040888,0.004088840,0.002920600,0.002920600,0.000688638,manual_A_near_upright
pendulum_pid_ws,BALANCE,16.337,-0.012302,4.522600,0.004038,0.784799991,0.000017336,-0.000214702,1.102217,7,0.000040384,0.004038409,0.002884578,0.002884578,0.000688381,manual_A_near_upright
pendulum_pid_ws,BALANCE,16.387,-0.012253,4.488223,0.004068,0.784799991,0.000016007,-0.000213854,1.082935,7,0.000040677,0.004067664,0.002905474,0.002905474,0.000688686,manual_A_near_upright
pendulum_pid_ws,BALANCE,16.439,-0.012205,4.454471,0.003782,0.784799991,0.000017430,-0.000213011,1.063462,7,0.000037817,0.003781684,0.002701203,0.002701203,0.000682836,manual_A_near_upright
pendulum_pid_ws,BALANCE,16.490,-0.012155,4.421320,0.003720,0.784799991,0.000016871,-0.000212150,1.044404,7,0.000037204,0.003720373,0.002657409,0.002657409,0.000680819,manual_A_near_upright
pendulum_pid_ws,BALANCE,16.541,-0.012108,4.388758,0.003750,0.784799991,0.000015986,-0.000211323,1.026001,7,0.000037496,0.003749555,0.002678254,0.002678254,0.000680131,manual_A_near_upright
pendulum_pid_ws,BALANCE,16.593,-0.012062,4.356782,0.003566,0.784799991,0.000016248,-0.000210528,1.007616,7,0.000035658,0.003565777,0.002546983,0.002546983,0.000676800,manual_A_near_upright
pendulum_pid_ws,BALANCE,16.644,-0.012016,4.325377,0.003510,0.784799991,0.000015741,-0.000209721,0.989595,7,0.000035104,0.003510404,0.002507431,0.002507431,0.000675271,manual_A_near_upright
pendulum_pid_ws,BALANCE,16.695,-0.011973,4.294533,0.003493,0.784799991,0.000014798,-0.000208972,0.972171,7,0.000035558,0.003555777,0.002539841,0.002539841,0.000676907,manual_A_near_upright
pendulum_pid_ws,BALANCE,16.746,-0.011930,4.264248,0.003458,0.784799991,0.000014187,-0.000208226,0.955069,7,0.000034582,0.003458165,0.002470118,0.002470118,0.000673919,manual_A_near_upright
pendulum_pid_ws,BALANCE,16.796,-0.011888,4.234512,0.003331,0.784799992,0.000014647,-0.000207489,0.938146,7,0.000033578,0.003357794,0.002398424,0.002398424,0.000670517,manual_A_near_upright
pendulum_pid_ws,BALANCE,16.848,-0.011846,4.205312,0.003243,0.784799992,0.000014360,-0.000206756,0.921445,7,0.000032435,0.003243492,0.002316780,0.002316780,0.000668506,manual_A_near_upright
pendulum_pid_ws,BALANCE,16.899,-0.011805,4.176636,0.003143,0.784799992,0.000014309,-0.000206033,0.904973,7,0.000031669,0.003166910,0.002262078,0.002262078,0.000666808,manual_A_near_upright
pendulum_pid_ws,BALANCE,16.950,-0.011763,4.148470,0.003124,0.784799992,0.000013958,-0.000205311,0.888903,7,0.000031002,0.003100196,0.002214426,0.002214426,0.000664040,manual_A_near_upright
pendulum_pid_ws,BALANCE,17.001,-0.011725,4.120811,0.003019,0.784799992,0.000013969,-0.000204636,0.873139,7,0.000030495,0.003049475,0.002178197,0.002178197,0.000663000,manual_A_near_upright
pendulum_pid_ws,BALANCE,17.052,-0.011687,4.093652,0.002971,0.784799992,0.000013477,-0.000203970,0.857727,7,0.000030020,0.003001976,0.002144268,0.002144268,0.000662189,manual_A_near_upright
pendulum_pid_ws,BALANCE,17.102,-0.011649,4.066984,0.002932,0.784799992,0.000012562,-0.000203321,0.842582,7,0.000029813,0.002981312,0.002129509,0.002129509,0.000661402,manual_A_near_upright
pendulum_pid_ws,BALANCE,17.154,-0.011612,4.040799,0.002866,0.784799992,0.000012487,-0.000202672,0.827686,7,0.000028658,0.002865787,0.002046991,0.002046991,0.000659116,manual_A_near_upright
pendulum_pid_ws,BALANCE,17.205,-0.011576,4.015087,0.002797,0.784799992,0.000012220,-0.000202033,0.813007,7,0.000027970,0.002796980,0.001997843,0.001997843,0.000657585,manual_A_near_upright
pendulum_pid_ws,BALANCE,17.256,-0.011539,3.989837,0.002693,0.784799992,0.000012473,-0.000201400,0.798514,7,0.000026931,0.002693058,0.001923613,0.001923613,0.000654827,manual_A_near_upright
pendulum_pid_ws,BALANCE,17.307,-0.011503,3.965040,0.002648,0.784799992,0.000012513,-0.000200768,0.784334,7,0.000026506,0.002650613,0.001893295,0.001893295,0.000653798,manual_A_near_upright
pendulum_pid_ws,BALANCE,17.358,-0.011469,3.940688,0.002576,0.784799992,0.000012416,-0.000200165,0.770429,7,0.000025755,0.002575550,0.001839678,0.001839678,0.000650761,manual_A_near_upright
pendulum_pid_ws,BALANCE,17.409,-0.011435,3.916776,0.002511,0.784799992,0.000012067,-0.000199576,0.756763,7,0.000025452,0.002545152,0.001817966,0.001817966,0.000650635,manual_A_near_upright
pendulum_pid_ws,BALANCE,17.460,-0.011402,3.893295,0.002449,0.784799992,0.000011804,-0.000199000,0.743359,7,0.000024486,0.002448579,0.001748985,0.001748985,0.000650321,manual_A_near_upright
pendulum_pid_ws,BALANCE,17.512,-0.011368,3.870236,0.002373,0.784799992,0.000011990,-0.000198403,0.730045,7,0.000023726,0.002372627,0.001694734,0.001694734,0.000645795,manual_A_near_upright
pendulum_pid_ws,BALANCE,17.563,-0.011335,3.847589,0.002373,0.784799992,0.000010958,-0.000197842,0.717118,7,0.000023732,0.002373193,0.001695138,0.001695138,0.000646362,manual_A_near_upright
pendulum_pid_ws,BALANCE,17.614,-0.011303,3.825348,0.002312,0.784799992,0.000010730,-0.000197281,0.704318,7,0.000023116,0.002311562,0.001651116,0.001651116,0.000645005,manual_A_near_upright
pendulum_pid_ws,BALANCE,17.665,-0.011272,3.803507,0.002235,0.784799992,0.000011199,-0.000196737,0.691811,7,0.000022352,0.002235172,0.001596551,0.001596551,0.000642029,manual_A_near_upright
pendulum_pid_ws,BALANCE,17.716,-0.011242,3.782059,0.002178,0.784799992,0.000011060,-0.000196207,0.679530,7,0.000021781,0.002178129,0.001555807,0.001555807,0.000640558,manual_A_near_upright
pendulum_pid_ws,BALANCE,17.767,-0.011213,3.760998,0.002119,0.784799992,0.000010777,-0.000195697,0.667509,7,0.000021775,0.002177547,0.001555391,0.001555391,0.000641815,manual_A_near_upright
pendulum_pid_ws,BALANCE,17.818,-0.011183,3.740318,0.002068,0.784799993,0.000010664,-0.000195172,0.655608,7,0.000020812,0.002081172,0.001486552,0.001486552,0.000638908,manual_A_near_upright
pendulum_pid_ws,BALANCE,17.869,-0.011154,3.720008,0.002113,0.784799993,0.000009521,-0.000194666,0.644082,7,0.000021132,0.002113215,0.001509440,0.001509440,0.000639014,manual_A_near_upright
pendulum_pid_ws,BALANCE,17.921,-0.011125,3.700065,0.001978,0.784799993,0.000009980,-0.000194175,0.632532,7,0.000019779,0.001977876,0.001412768,0.001412768,0.000636243,manual_A_near_upright
pendulum_pid_ws,BALANCE,17.972,-0.011097,3.680480,0.001930,0.784799993,0.000009683,-0.000193678,0.621184,7,0.000019303,0.001930332,0.001378809,0.001378809,0.000635266,manual_A_near_upright
pendulum_pid_ws,BALANCE,18.023,-0.011070,3.661246,0.001907,0.784799993,0.000009555,-0.000193205,0.610219,7,0.000019291,0.001929101,0.001377929,0.001377929,0.000634999,manual_A_near_upright
pendulum_pid_ws,BALANCE,18.074,-0.011044,3.642360,0.001857,0.784799993,0.000009182,-0.000192749,0.599423,7,0.000019019,0.001901924,0.001358517,0.001358517,0.000634186,manual_A_near_upright
pendulum_pid_ws,BALANCE,18.125,-0.011017,3.623816,0.001785,0.784799993,0.000009381,-0.000192281,0.588700,7,0.000017848,0.001784830,0.001274879,0.001274879,0.000631241,manual_A_near_upright
pendulum_pid_ws,BALANCE,18.176,-0.010991,3.605604,0.001805,0.784799993,0.000008861,-0.000191824,0.578337,7,0.000018046,0.001804634,0.001289024,0.001289024,0.000630937,manual_A_near_upright
pendulum_pid_ws,BALANCE,18.227,-0.010966,3.587722,0.001719,0.784799993,0.000008925,-0.000191387,0.568025,7,0.000017190,0.001718993,0.001227852,0.001227852,0.000629297,manual_A_near_upright
pendulum_pid_ws,BALANCE,18.278,-0.010941,3.570163,0.001724,0.784799993,0.000008269,-0.000190955,0.558012,7,0.000017236,0.001723583,0.001231131,0.001231131,0.000629401,manual_A_near_upright
pendulum_pid_ws,BALANCE,18.329,-0.010917,3.552922,0.001677,0.784799993,0.000008161,-0.000190533,0.548131,7,0.000016774,0.001677394,0.001198139,0.001198139,0.000628224,manual_A_near_upright
pendulum_pid_ws,BALANCE,18.380,-0.010893,3.535994,0.001605,0.784799993,0.000008304,-0.000190122,0.538410,7,0.000016050,0.001604976,0.001146411,0.001146411,0.000626485,manual_A_near_upright
pendulum_pid_ws,BALANCE,18.432,-0.010869,3.519373,0.001548,0.784799993,0.000008164,-0.000189707,0.528791,7,0.000015479,0.001547868,0.001105620,0.001105620,0.000625411,manual_A_near_upright
pendulum_pid_ws,BALANCE,18.483,-0.010846,3.503050,0.001526,0.784799993,0.000007624,-0.000189297,0.519323,7,0.000015255,0.001525527,0.001089662,0.001089662,0.000625313,manual_A_near_upright
pendulum_pid_ws,BALANCE,18.534,-0.010823,3.486703,0.001540,0.784799993,0.000007785,-0.000188900,0.510159,7,0.000015405,0.001540463,0.001100330,0.001100330,0.000623576,manual_A_near_upright
pendulum_pid_ws,BALANCE,18.585,-0.010801,3.470973,0.001502,0.784799993,0.000007361,-0.000188513,0.501129,7,0.000015022,0.001502209,0.001073006,0.001073006,0.000623280,manual_A_near_upright
pendulum_pid_ws,BALANCE,18.635,-0.010780,3.455834,0.001427,0.784799993,0.000007198,-0.000188139,0.492307,7,0.000014272,0.001427219,0.001019442,0.001019442,0.000622395,manual_A_near_upright
pendulum_pid_ws,BALANCE,18.686,-0.010758,3.440663,0.001404,0.784799993,0.000006981,-0.000187764,0.483609,7,0.000014044,0.001404418,0.001003156,0.001003156,0.000621641,manual_A_near_upright
pendulum_pid_ws,BALANCE,18.738,-0.010737,3.425768,0.001349,0.784799993,0.000007055,-0.000187403,0.475062,7,0.000013490,0.001349019,0.000963585,0.000963585,0.000620239,manual_A_near_upright
pendulum_pid_ws,BALANCE,18.797,-0.010714,3.408254,0.001314,0.784799993,0.000006785,-0.000186989,0.465115,7,0.000013422,0.001342158,0.000958684,0.000958684,0.000619831,manual_A_near_upright
pendulum_pid_ws,BALANCE,18.848,-0.010693,3.393954,0.001267,0.784799993,0.000006899,-0.000186635,0.456916,7,0.000012674,0.001267351,0.000905251,0.000905251,0.000618002,manual_A_near_upright
pendulum_pid_ws,BALANCE,18.899,-0.010674,3.379916,0.001204,0.784799993,0.000007391,-0.000186288,0.448857,7,0.000012037,0.001203718,0.000859799,0.000859799,0.000615642,manual_A_near_upright
pendulum_pid_ws,BALANCE,18.949,-0.010654,3.366133,0.001212,0.784799993,0.000006799,-0.000185955,0.441044,7,0.000012123,0.001212333,0.000865952,0.000865952,0.000615929,manual_A_near_upright
pendulum_pid_ws,BALANCE,19.000,-0.010636,3.352604,0.001126,0.784799993,0.000006973,-0.000185625,0.433210,7,0.000011258,0.001125823,0.000804160,0.000804160,0.000614390,manual_A_near_upright
pendulum_pid_ws,BALANCE,19.051,-0.010617,3.339322,0.001100,0.784799993,0.000006841,-0.000185295,0.425579,7,0.000010999,0.001099914,0.000785653,0.000785653,0.000613584,manual_A_near_upright
pendulum_pid_ws,BALANCE,19.101,-0.010598,3.326282,0.001102,0.784799993,0.000006355,-0.000184972,0.418126,7,0.000011023,0.001102287,0.000787348,0.000787348,0.000613652,manual_A_near_upright
pendulum_pid_ws,BALANCE,19.153,-0.010580,3.313480,0.001049,0.784799993,0.000006501,-0.000184649,0.410721,7,0.000010486,0.001048550,0.000748964,0.000748964,0.000612205,manual_A_near_upright
pendulum_pid_ws,BALANCE,19.203,-0.010562,3.300911,0.001031,0.784799993,0.000005980,-0.000184342,0.403493,7,0.000010409,0.001040941,0.000743529,0.000743529,0.000612162,manual_A_near_upright
pendulum_pid_ws,BALANCE,19.253,-0.010545,3.288573,0.000981,0.784799993,0.000006328,-0.000184038,0.396398,7,0.000009807,0.000980707,0.000700505,0.000700505,0.000610542,manual_A_near_upright
pendulum_pid_ws,BALANCE,19.304,-0.010527,3.276459,0.000977,0.784799993,0.000006051,-0.000183727,0.389433,7,0.000009770,0.000977010,0.000697865,0.000697865,0.000610149,manual_A_near_upright
pendulum_pid_ws,BALANCE,19.355,-0.010510,3.264566,0.000901,0.784799993,0.000006152,-0.000183429,0.382467,7,0.000009010,0.000900955,0.000643539,0.000643539,0.000608894,manual_A_near_upright
pendulum_pid_ws,BALANCE,19.406,-0.010493,3.252888,0.000893,0.784799993,0.000005986,-0.000183131,0.375717,7,0.000008926,0.000892633,0.000637595,0.000637595,0.000608279,manual_A_near_upright
pendulum_pid_ws,BALANCE,19.457,-0.010477,3.241423,0.000860,0.784799993,0.000005791,-0.000182853,0.369112,7,0.000008603,0.000860291,0.000614494,0.000614494,0.000607803,manual_A_near_upright
pendulum_pid_ws,BALANCE,19.507,-0.010463,3.232402,0.000444,0.784799993,0.000005662,-0.000182622,0.362693,7,0.000004439,0.000443876,0.000317054,0.000317054,0.000607326,manual_A_near_upright
pendulum_pid_ws,BALANCE,19.567,-0.010437,3.221281,0.000615,0.784799993,0.000005531,-0.000182160,0.355457,7,0.000006154,0.000615382,0.000439559,0.000439559,0.000606069,manual_A_near_upright
pendulum_pid_ws,BALANCE,19.626,-0.010412,3.210309,0.000486,0.784799994,0.000007684,-0.000181719,0.347830,7,0.000004626,0.000462580,0.000330414,0.000330414,0.000598066,manual_A_near_upright
pendulum_pid_ws,BALANCE,19.689,-0.010390,3.199491,0.000384,0.784799994,0.000008094,-0.000181331,0.340343,7,0.000003876,0.000387645,0.000276889,0.000276889,0.000592587,manual_A_near_upright
pendulum_pid_ws,BALANCE,19.742,-0.010372,3.188826,0.000882,0.784799994,0.000001677,-0.000181031,0.334016,7,0.000008825,0.000882475,0.000630339,0.000630339,0.000611482,manual_A_near_upright
pendulum_pid_ws,BALANCE,19.792,-0.010361,3.178345,0.000855,0.784799994,0.000003068,-0.000180837,0.328164,7,0.000008550,0.000855038,0.000610741,0.000610741,0.000607482,manual_A_near_upright
pendulum_pid_ws,BALANCE,19.843,-0.010351,3.168063,0.000810,0.784799994,0.000003275,-0.000180654,0.322429,7,0.000008095,0.000809548,0.000578248,0.000578248,0.000606363,manual_A_near_upright
pendulum_pid_ws,BALANCE,19.896,-0.010337,3.157978,0.000604,0.784799994,0.000005816,-0.000180419,0.316392,7,0.000006039,0.000603860,0.000431329,0.000431329,0.000599467,manual_A_near_upright
pendulum_pid_ws,BALANCE,19.950,-0.010325,3.147877,0.000692,0.784799994,0.000003990,-0.000180204,0.310583,7,0.000006920,0.000692021,0.000494300,0.000494300,0.000603116,manual_A_near_upright
pendulum_pid_ws,BALANCE,20.010,-0.010312,3.136431,0.000663,0.784799994,0.000004013,-0.000179981,0.304077,7,0.000006630,0.000663014,0.000473581,0.000473581,0.000602303,manual_A_near_upright
pendulum_pid_ws,BALANCE,20.061,-0.010301,3.126929,0.000650,0.784799994,0.000004023,-0.000179784,0.298691,7,0.000006497,0.000649666,0.000464047,0.000464047,0.000601610,manual_A_near_upright
pendulum_pid_ws,BALANCE,20.111,-0.010290,3.117606,0.000627,0.784799994,0.000004021,-0.000179592,0.293409,7,0.000006270,0.000627037,0.000447883,0.000447883,0.000600964,manual_A_near_upright
pendulum_pid_ws,BALANCE,20.163,-0.010279,3.108461,0.000595,0.784799994,0.000003899,-0.000179403,0.288188,7,0.000005949,0.000594935,0.000424953,0.000424953,0.000600610,manual_A_near_upright
pendulum_pid_ws,BALANCE,20.213,-0.010268,3.099488,0.000582,0.784799994,0.000003762,-0.000179213,0.283096,7,0.000005843,0.000584303,0.000417360,0.000417360,0.000600477,manual_A_near_upright
pendulum_pid_ws,BALANCE,20.265,-0.010257,3.090685,0.000558,0.784799994,0.000003734,-0.000179022,0.278071,7,0.000005579,0.000557887,0.000398490,0.000398490,0.000599713,manual_A_near_upright
pendulum_pid_ws,BALANCE,20.315,-0.010247,3.082048,0.000546,0.784799994,0.000003573,-0.000178836,0.273169,7,0.000005464,0.000546435,0.000390311,0.000390311,0.000599467,manual_A_near_upright
pendulum_pid_ws,BALANCE,20.367,-0.010236,3.073574,0.000496,0.784799994,0.000003830,-0.000178647,0.268284,7,0.000004958,0.000495792,0.000354137,0.000354137,0.000598208,manual_A_near_upright
pendulum_pid_ws,BALANCE,20.419,-0.010224,3.065260,0.000457,0.784799994,0.000003757,-0.000178451,0.263401,7,0.000004571,0.000457111,0.000326508,0.000326508,0.000597089,manual_A_near_upright
pendulum_pid_ws,BALANCE,20.471,-0.010214,3.057099,0.000451,0.784799994,0.000003704,-0.000178263,0.258717,7,0.000004511,0.000451145,0.000322246,0.000322246,0.000597203,manual_A_near_upright
pendulum_pid_ws,BALANCE,20.522,-0.010203,3.049090,0.000416,0.784799994,0.000003791,-0.000178074,0.254052,7,0.000004162,0.000416160,0.000297257,0.000297257,0.000596352,manual_A_near_upright
pendulum_pid_ws,BALANCE,20.574,-0.010192,3.041230,0.000410,0.784799994,0.000003594,-0.000177891,0.249522,7,0.000004103,0.000410283,0.000293060,0.000293060,0.000596203,manual_A_near_upright
pendulum_pid_ws,BALANCE,20.625,-0.010182,3.033518,0.000379,0.784799994,0.000003502,-0.000177714,0.245042,7,0.000003794,0.000379437,0.000271026,0.000271026,0.000595823,manual_A_near_upright
pendulum_pid_ws,BALANCE,20.676,-0.010172,3.025950,0.000377,0.784799994,0.000003508,-0.000177532,0.240700,7,0.000003813,0.000381281,0.000272343,0.000272343,0.000595514,manual_A_near_upright
pendulum_pid_ws,BALANCE,20.728,-0.010162,3.018525,0.000352,0.784799994,0.000003439,-0.000177361,0.236416,7,0.000003519,0.000351853,0.000251323,0.000251323,0.000594772,manual_A_near_upright
pendulum_pid_ws,BALANCE,20.780,-0.010152,3.011240,0.000283,0.784799994,0.000003791,-0.000177186,0.232098,7,0.000002832,0.000283248,0.000202320,0.000202320,0.000593336,manual_A_near_upright
pendulum_pid_ws,BALANCE,20.833,-0.010141,3.004088,0.000290,0.784799994,0.000003584,-0.000176999,0.227888,7,0.000002904,0.000290361,0.000207400,0.000207400,0.000593197,manual_A_near_upright
pendulum_pid_ws,BALANCE,20.883,-0.010132,2.997068,0.000302,0.784799994,0.000003240,-0.000176832,0.223850,7,0.000003021,0.000302073,0.000215767,0.000215767,0.000593453,manual_A_near_upright
pendulum_pid_ws,BALANCE,20.935,-0.010122,2.990180,0.000256,0.784799994,0.000003547,-0.000176660,0.219786,7,0.000002557,0.000255654,0.000182610,0.000182610,0.000592131,manual_A_near_upright
pendulum_pid_ws,BALANCE,20.988,-0.010113,2.983420,0.000229,0.784799994,0.000003188,-0.000176499,0.215783,7,0.000002295,0.000229467,0.000163905,0.000163905,0.000592446,manual_A_near_upright
pendulum_pid_ws,BALANCE,21.039,-0.010103,2.976786,0.000246,0.784799994,0.000003105,-0.000176331,0.211957,7,0.000002459,0.000245932,0.000175666,0.000175666,0.000592072,manual_A_near_upright
pendulum_pid_ws,BALANCE,21.090,-0.010094,2.970276,0.000240,0.784799994,0.000002935,-0.000176179,0.208217,7,0.000002398,0.000239782,0.000171273,0.000171273,0.000591962,manual_A_near_upright
pendulum_pid_ws,BALANCE,21.141,-0.010086,2.963891,0.000218,0.784799994,0.000003036,-0.000176027,0.204542,7,0.000002183,0.000218327,0.000155948,0.000155948,0.000591206,manual_A_near_upright
pendulum_pid_ws,BALANCE,21.201,-0.010076,2.956390,0.000206,0.784799994,0.000002980,-0.000175856,0.200284,7,0.000002058,0.000205838,0.000147027,0.000147027,0.000590758,manual_A_near_upright
pendulum_pid_ws,BALANCE,21.251,-0.010067,2.950273,0.000176,0.784799994,0.000002885,-0.000175710,0.196718,7,0.000001796,0.000179607,0.000128291,0.000128291,0.000590345,manual_A_near_upright
pendulum_pid_ws,BALANCE,21.302,-0.010059,2.944271,0.000166,0.784799994,0.000002901,-0.000175561,0.193249,7,0.000001615,0.000161519,0.000115371,0.000115371,0.000589806,manual_A_near_upright
pendulum_pid_ws,BALANCE,21.353,-0.010051,2.938385,0.000129,0.784799994,0.000003097,-0.000175420,0.189831,7,0.000001291,0.000129057,0.000092184,0.000092184,0.000588996,manual_A_near_upright
pendulum_pid_ws,BALANCE,21.405,-0.010042,2.932611,0.000099,0.784799994,0.000003186,-0.000175273,0.186417,7,0.000000986,0.000098564,0.000070403,0.000070403,0.000588282,manual_A_near_upright
pendulum_pid_ws,BALANCE,21.457,-0.010034,2.926944,0.000092,0.784799994,0.000003099,-0.000175118,0.183043,7,0.000000919,0.000091911,0.000065651,0.000065651,0.000587963,manual_A_near_upright
pendulum_pid_ws,BALANCE,21.513,-0.010024,2.921382,-0.000032,0.784799994,0.000004413,-0.000174955,0.179496,7,-0.000000322,-0.000032169,-0.000022978,-0.000022978,0.000584257,manual_A_near_upright
pendulum_pid_ws,BALANCE,21.569,-0.010014,2.915807,0.000006,0.784799994,0.000003618,-0.000174780,0.176001,7,0.000000117,0.000011657,0.000008326,0.000008326,0.000585797,manual_A_near_upright
pendulum_pid_ws,BALANCE,21.626,-0.010004,2.910543,-0.000090,0.784799994,0.000004911,-0.000174610,0.172557,7,-0.000000898,-0.000089848,-0.000064177,-0.000064177,0.000581886,manual_A_near_upright
pendulum_pid_ws,BALANCE,21.683,-0.009995,2.905259,-0.000063,0.784799994,0.000003740,-0.000174447,0.169101,7,-0.000000661,-0.000066098,-0.000047213,-0.000047213,0.000584466,manual_A_near_upright
pendulum_pid_ws,BALANCE,21.744,-0.009986,2.900064,-0.000118,0.784799994,0.000003360,-0.000174296,0.165581,7,-0.000001175,-0.000117536,-0.000083954,-0.000083954,0.000585412,manual_A_near_upright
pendulum_pid_ws,BALANCE,21.795,-0.009978,2.894954,0.000062,0.784799994,0.000001867,-0.000174140,0.162603,7,0.000000620,0.000061997,0.000044284,0.000044284,0.000587596,manual_A_near_upright
pendulum_pid_ws,BALANCE,21.845,-0.009972,2.889938,0.000060,0.784799994,0.000001933,-0.000174040,0.159772,7,0.000000598,0.000059793,0.000042709,0.000042709,0.000587094,manual_A_near_upright
pendulum_pid_ws,BALANCE,21.898,-0.009966,2.885021,0.000012,0.784799994,0.000002133,-0.000173933,0.156860,7,0.000000116,0.000011612,0.000008294,0.000008294,0.000586254,manual_A_near_upright
pendulum_pid_ws,BALANCE,21.948,-0.009960,2.880200,0.000019,0.784799994,0.000002036,-0.000173828,0.154105,7,0.000000193,0.000019343,0.000013816,0.000013816,0.000586440,manual_A_near_upright
pendulum_pid_ws,BALANCE,21.998,-0.009954,2.875474,0.000010,0.784799994,0.000002022,-0.000173727,0.151409,7,0.000000103,0.000010343,0.000007388,0.000007388,0.000586084,manual_A_near_upright
pendulum_pid_ws,BALANCE,22.049,-0.009948,2.870841,-0.000011,0.784799994,0.000002036,-0.000173627,0.148731,7,-0.000000069,-0.000006871,-0.000004908,-0.000004908,0.000585557,manual_A_near_upright
pendulum_pid_ws,BALANCE,22.100,-0.009942,2.866301,-0.000024,0.784799994,0.000002014,-0.000173527,0.146115,7,-0.000000236,-0.000023551,-0.000016822,-0.000016822,0.000585160,manual_A_near_upright
pendulum_pid_ws,BALANCE,22.151,-0.009936,2.861850,-0.000045,0.784799994,0.000002102,-0.000173424,0.143517,7,-0.000000449,-0.000044857,-0.000032041,-0.000032041,0.000584598,manual_A_near_upright
pendulum_pid_ws,BALANCE,22.202,-0.009931,2.857486,-0.000055,0.784799994,0.000002033,-0.000173323,0.140976,7,-0.000000551,-0.000055124,-0.000039375,-0.000039375,0.000584419,manual_A_near_upright
pendulum_pid_ws,BALANCE,22.252,-0.009925,2.853209,-0.000056,0.784799994,0.000001944,-0.000173223,0.138512,7,-0.000000558,-0.000055760,-0.000039828,-0.000039828,0.000584290,manual_A_near_upright
pendulum_pid_ws,BALANCE,22.312,-0.009918,2.848188,-0.000067,0.784799994,0.000001891,-0.000173109,0.135629,7,-0.000000643,-0.000064333,-0.000045952,-0.000045952,0.000584111,manual_A_near_upright
pendulum_pid_ws,BALANCE,22.363,-0.009913,2.844096,-0.000095,0.784799994,0.000002012,-0.000173013,0.133235,7,-0.000000948,-0.000094824,-0.000067731,-0.000067731,0.000583648,manual_A_near_upright
pendulum_pid_ws,BALANCE,22.414,-0.009907,2.840084,-0.000095,0.784799994,0.000001796,-0.000172911,0.130865,7,-0.000000952,-0.000095230,-0.000068021,-0.000068021,0.000583588,manual_A_near_upright
pendulum_pid_ws,BALANCE,22.465,-0.009902,2.836151,-0.000118,0.784799994,0.000001978,-0.000172815,0.128558,7,-0.000001176,-0.000117645,-0.000084032,-0.000084032,0.000582823,manual_A_near_upright
pendulum_pid_ws,BALANCE,22.515,-0.009896,2.832296,-0.000118,0.784799994,0.000001863,-0.000172719,0.126312,7,-0.000001184,-0.000118422,-0.000084587,-0.000084587,0.000582772,manual_A_near_upright
pendulum_pid_ws,BALANCE,22.565,-0.009891,2.828518,-0.000133,0.784799994,0.000001836,-0.000172627,0.124102,7,-0.000001330,-0.000133031,-0.000095022,-0.000095022,0.000582526,manual_A_near_upright
pendulum_pid_ws,BALANCE,22.617,-0.009885,2.824815,-0.000153,0.784799994,0.000001853,-0.000172530,0.121876,7,-0.000001528,-0.000152752,-0.000109109,-0.000109109,0.000582156,manual_A_near_upright
pendulum_pid_ws,BALANCE,22.669,-0.009880,2.821184,-0.000172,0.784799994,0.000001964,-0.000172433,0.119691,7,-0.000001717,-0.000171747,-0.000122676,-0.000122676,0.000581560,manual_A_near_upright
pendulum_pid_ws,BALANCE,22.719,-0.009874,2.817623,-0.000171,0.784799994,0.000001847,-0.000172339,0.117574,7,-0.000001714,-0.000171400,-0.000122428,-0.000122428,0.000581571,manual_A_near_upright
pendulum_pid_ws,BALANCE,22.770,-0.009869,2.814132,-0.000179,0.784799994,0.000001802,-0.000172247,0.115495,7,-0.000001790,-0.000179041,-0.000127887,-0.000127887,0.000581202,manual_A_near_upright
pendulum_pid_ws,BALANCE,22.822,-0.009864,2.810711,-0.000197,0.784799994,0.000001897,-0.000172156,0.113447,7,-0.000001966,-0.000196620,-0.000140443,-0.000140443,0.000580778,manual_A_near_upright
pendulum_pid_ws,BALANCE,22.872,-0.009859,2.807356,-0.000198,0.784799994,0.000001666,-0.000172069,0.111436,7,-0.000001985,-0.000198483,-0.000141774,-0.000141774,0.000580884,manual_A_near_upright
pendulum_pid_ws,BALANCE,22.932,-0.009852,2.804067,-0.000315,0.784799994,0.000002990,-0.000171948,0.109129,7,-0.000003226,-0.000322570,-0.000230407,-0.000230407,0.000576943,manual_A_near_upright
pendulum_pid_ws,BALANCE,22.984,-0.009846,2.800833,-0.000226,0.784799994,0.000001799,-0.000171851,0.107155,7,-0.000002264,-0.000226423,-0.000161731,-0.000161731,0.000578914,manual_A_near_upright
pendulum_pid_ws,BALANCE,23.035,-0.009842,2.797660,-0.000217,0.784799994,0.000001507,-0.000171774,0.105269,7,-0.000002173,-0.000217296,-0.000155212,-0.000155212,0.000580416,manual_A_near_upright
pendulum_pid_ws,BALANCE,23.085,-0.009837,2.794551,-0.000227,0.784799994,0.000001511,-0.000171696,0.103409,7,-0.000002272,-0.000227190,-0.000162278,-0.000162278,0.000580141,manual_A_near_upright
pendulum_pid_ws,BALANCE,23.136,-0.009833,2.791505,-0.000233,0.784799994,0.000001470,-0.000171618,0.101586,7,-0.000002326,-0.000232629,-0.000166164,-0.000166164,0.000579970,manual_A_near_upright
pendulum_pid_ws,BALANCE,23.187,-0.009829,2.788519,-0.000245,0.784799994,0.000001496,-0.000171541,0.099793,7,-0.000002486,-0.000248613,-0.000177581,-0.000177581,0.000579477,manual_A_near_upright
pendulum_pid_ws,BALANCE,23.238,-0.009824,2.785594,-0.000258,0.784799994,0.000001543,-0.000171465,0.098022,7,-0.000002582,-0.000258189,-0.000184421,-0.000184421,0.000579276,manual_A_near_upright
pendulum_pid_ws,BALANCE,23.290,-0.009820,2.782727,-0.000271,0.784799994,0.000001545,-0.000171389,0.096271,7,-0.000002714,-0.000271350,-0.000193822,-0.000193822,0.000579018,manual_A_near_upright
pendulum_pid_ws,BALANCE,23.340,-0.009816,2.779917,-0.000276,0.784799994,0.000001491,-0.000171315,0.094570,7,-0.000002762,-0.000276163,-0.000197259,-0.000197259,0.000578890,manual_A_near_upright
pendulum_pid_ws,BALANCE,23.392,-0.009811,2.777163,-0.000287,0.784799994,0.000001508,-0.000171240,0.092885,7,-0.000002873,-0.000287317,-0.000205226,-0.000205226,0.000578597,manual_A_near_upright
pendulum_pid_ws,BALANCE,23.443,-0.009807,2.774464,-0.000295,0.784799994,0.000001511,-0.000171165,0.091225,7,-0.000002946,-0.000294605,-0.000210432,-0.000210432,0.000578335,manual_A_near_upright
pendulum_pid_ws,BALANCE,23.494,-0.009803,2.771819,-0.000300,0.784799994,0.000001445,-0.000171094,0.089609,7,-0.000002998,-0.000299763,-0.000214117,-0.000214117,0.000578252,manual_A_near_upright
pendulum_pid_ws,BALANCE,23.545,-0.009799,2.769228,-0.000310,0.784799994,0.000001429,-0.000171024,0.088013,7,-0.000003073,-0.000307264,-0.000219474,-0.000219474,0.000578092,manual_A_near_upright
pendulum_pid_ws,BALANCE,23.597,-0.009795,2.766688,-0.000313,0.784799994,0.000001355,-0.000170954,0.086451,7,-0.000003131,-0.000313055,-0.000223611,-0.000223611,0.000577993,manual_A_near_upright
pendulum_pid_ws,BALANCE,23.647,-0.009791,2.764199,-0.000318,0.784799994,0.000001309,-0.000170886,0.084921,7,-0.000003177,-0.000317663,-0.000226902,-0.000226902,0.000577871,manual_A_near_upright
pendulum_pid_ws,BALANCE,23.698,-0.009787,2.761761,-0.000328,0.784799994,0.000001318,-0.000170819,0.083409,7,-0.000003279,-0.000327888,-0.000234206,-0.000234206,0.000577621,manual_A_near_upright
pendulum_pid_ws,BALANCE,23.749,-0.009783,2.759371,-0.000332,0.784799994,0.000001269,-0.000170753,0.081935,7,-0.000003321,-0.000332097,-0.000237212,-0.000237212,0.000577514,manual_A_near_upright
pendulum_pid_ws,BALANCE,23.800,-0.009780,2.757031,-0.000341,0.784799994,0.000001283,-0.000170688,0.080482,7,-0.000003399,-0.000339862,-0.000242759,-0.000242759,0.000577274,manual_A_near_upright
pendulum_pid_ws,BALANCE,23.851,-0.009776,2.754737,-0.000348,0.784799994,0.000001266,-0.000170625,0.079056,7,-0.000003469,-0.000346909,-0.000247792,-0.000247792,0.000577099,manual_A_near_upright
pendulum_pid_ws,BALANCE,23.902,-0.009772,2.752491,-0.000353,0.784799994,0.000001248,-0.000170562,0.077663,7,-0.000003535,-0.000353508,-0.000252506,-0.000252506,0.000576937,manual_A_near_upright
pendulum_pid_ws,BALANCE,23.953,-0.009769,2.750290,-0.000360,0.784799994,0.000001228,-0.000170500,0.076286,7,-0.000003605,-0.000360498,-0.000257498,-0.000257498,0.000576752,manual_A_near_upright
pendulum_pid_ws,BALANCE,24.004,-0.009765,2.748134,-0.000366,0.784799994,0.000001216,-0.000170440,0.074937,7,-0.000003665,-0.000366460,-0.000261757,-0.000261757,0.000576577,manual_A_near_upright
pendulum_pid_ws,BALANCE,24.056,-0.009762,2.746022,-0.000373,0.784799994,0.000001207,-0.000170379,0.073606,7,-0.000003734,-0.000373419,-0.000266728,-0.000266728,0.000576393,manual_A_near_upright
pendulum_pid_ws,BALANCE,24.106,-0.009759,2.743953,-0.000380,0.784799994,0.000001176,-0.000170320,0.072296,7,-0.000003811,-0.000381054,-0.000272182,-0.000272182,0.000576187,manual_A_near_upright
pendulum_pid_ws,BALANCE,24.157,-0.009755,2.741927,-0.000383,0.784799994,0.000001129,-0.000170262,0.071021,7,-0.000003844,-0.000384400,-0.000274572,-0.000274572,0.000576134,manual_A_near_upright
pendulum_pid_ws,BALANCE,24.208,-0.009752,2.739942,-0.000394,0.784799994,0.000001146,-0.000170205,0.069748,7,-0.000003933,-0.000393348,-0.000280963,-0.000280963,0.000575942,manual_A_near_upright
pendulum_pid_ws,BALANCE,24.260,-0.009749,2.737997,-0.000394,0.784799994,0.000001044,-0.000170147,0.068502,7,-0.000003937,-0.000393690,-0.000281207,-0.000281207,0.000575994,manual_A_near_upright
pendulum_pid_ws,BALANCE,24.311,-0.009746,2.736093,-0.000404,0.784799994,0.000001079,-0.000170093,0.067280,7,-0.000004040,-0.000404002,-0.000288573,-0.000288573,0.000575726,manual_A_near_upright
pendulum_pid_ws,BALANCE,24.363,-0.009742,2.734227,-0.000410,0.784799994,0.000001081,-0.000170038,0.066082,7,-0.000004096,-0.000409580,-0.000292557,-0.000292557,0.000575536,manual_A_near_upright
pendulum_pid_ws,BALANCE,24.413,-0.009739,2.732400,-0.000411,0.784799994,0.000001005,-0.000169985,0.064913,7,-0.000004104,-0.000410409,-0.000293149,-0.000293149,0.000575515,manual_A_near_upright
pendulum_pid_ws,BALANCE,24.465,-0.009736,2.730611,-0.000421,0.784799994,0.000001006,-0.000169933,0.063747,7,-0.000004205,-0.000420535,-0.000300382,-0.000300382,0.000575360,manual_A_near_upright
pendulum_pid_ws,BALANCE,24.518,-0.009733,2.728859,-0.000428,0.784799994,0.000001020,-0.000169879,0.062589,7,-0.000004278,-0.000427824,-0.000305588,-0.000305588,0.000575142,manual_A_near_upright
pendulum_pid_ws,BALANCE,24.568,-0.009730,2.727142,-0.000426,0.784799994,0.000000981,-0.000169829,0.061491,7,-0.000004262,-0.000426185,-0.000304418,-0.000304418,0.000575065,manual_A_near_upright
pendulum_pid_ws,BALANCE,24.620,-0.009728,2.725462,-0.000436,0.784799994,0.000001004,-0.000169780,0.060391,7,-0.000004361,-0.000436112,-0.000311509,-0.000311509,0.000574879,manual_A_near_upright
pendulum_pid_ws,BALANCE,24.671,-0.009725,2.723816,-0.000440,0.784799994,0.000000950,-0.000169732,0.059310,7,-0.000004403,-0.000440283,-0.000314488,-0.000314488,0.000574806,manual_A_near_upright
pendulum_pid_ws,BALANCE,24.723,-0.009722,2.722205,-0.000445,0.784799994,0.000000940,-0.000169683,0.058246,7,-0.000004451,-0.000445113,-0.000317938,-0.000317938,0.000574667,manual_A_near_upright
pendulum_pid_ws,BALANCE,24.773,-0.009720,2.720628,-0.000448,0.784799994,0.000000897,-0.000169638,0.057220,7,-0.000004476,-0.000447571,-0.000319693,-0.000319693,0.000574616,manual_A_near_upright
pendulum_pid_ws,BALANCE,24.824,-0.009717,2.719084,-0.000453,0.784799994,0.000000914,-0.000169593,0.056213,7,-0.000004529,-0.000452930,-0.000323522,-0.000323522,0.000574421,manual_A_near_upright
pendulum_pid_ws,BALANCE,24.875,-0.009714,2.717574,-0.000458,0.784799994,0.000000901,-0.000169548,0.055220,7,-0.000004576,-0.000457629,-0.000326878,-0.000326878,0.000574303,manual_A_near_upright
pendulum_pid_ws,BALANCE,24.926,-0.009712,2.716095,-0.000460,0.784799994,0.000000847,-0.000169505,0.054244,7,-0.000004605,-0.000460472,-0.000328908,-0.000328908,0.000574297,manual_A_near_upright
pendulum_pid_ws,BALANCE,24.977,-0.009709,2.714648,-0.000468,0.784799994,0.000000885,-0.000169461,0.053276,7,-0.000004672,-0.000467201,-0.000333715,-0.000333715,0.000574082,manual_A_near_upright
pendulum_pid_ws,BALANCE,25.031,-0.009707,2.713204,-0.000480,0.784799994,0.000000997,-0.000169415,0.052283,7,-0.000004803,-0.000480253,-0.000343038,-0.000343038,0.000573619,manual_A_near_upright
pendulum_pid_ws,BALANCE,25.082,-0.009704,2.711845,-0.000481,0.784799994,0.000000948,-0.000169372,0.051352,7,-0.000004813,-0.000481317,-0.000343798,-0.000343798,0.000573590,manual_A_near_upright
pendulum_pid_ws,BALANCE,25.134,-0.009702,2.710487,-0.000479,0.784799994,0.000000791,-0.000169331,0.050428,7,-0.000004782,-0.000478226,-0.000341590,-0.000341590,0.000573815,manual_A_near_upright
pendulum_pid_ws,BALANCE,25.184,-0.009700,2.709159,-0.000480,0.784799994,0.000000793,-0.000169292,0.049545,7,-0.000004805,-0.000480498,-0.000343213,-0.000343213,0.000573688,manual_A_near_upright
pendulum_pid_ws,BALANCE,25.235,-0.009697,2.707860,-0.000486,0.784799994,0.000000789,-0.000169253,0.048667,7,-0.000004864,-0.000486360,-0.000347400,-0.000347400,0.000573568,manual_A_near_upright
pendulum_pid_ws,BALANCE,25.286,-0.009695,2.706589,-0.000492,0.784799994,0.000000773,-0.000169215,0.047799,7,-0.000004917,-0.000491719,-0.000351228,-0.000351228,0.000573475,manual_A_near_upright
pendulum_pid_ws,BALANCE,25.337,-0.009693,2.705345,-0.000492,0.784799994,0.000000734,-0.000169177,0.046958,7,-0.000004920,-0.000491956,-0.000351397,-0.000351397,0.000573440,manual_A_near_upright
pendulum_pid_ws,BALANCE,25.388,-0.009691,2.704130,-0.000497,0.784799994,0.000000724,-0.000169140,0.046119,7,-0.000004978,-0.000497792,-0.000355566,-0.000355566,0.000573269,manual_A_near_upright
pendulum_pid_ws,BALANCE,25.439,-0.009689,2.702940,-0.000500,0.784799994,0.000000703,-0.000169103,0.045302,7,-0.000005002,-0.000500237,-0.000357312,-0.000357312,0.000573262,manual_A_near_upright
pendulum_pid_ws,BALANCE,25.491,-0.009687,2.701777,-0.000504,0.784799994,0.000000697,-0.000169068,0.044499,7,-0.000005040,-0.000503960,-0.000359971,-0.000359971,0.000573156,manual_A_near_upright
pendulum_pid_ws,BALANCE,25.541,-0.009685,2.700640,-0.000507,0.784799994,0.000000690,-0.000169033,0.043715,7,-0.000005072,-0.000507233,-0.000362309,-0.000362309,0.000573055,manual_A_near_upright
pendulum_pid_ws,BALANCE,25.592,-0.009683,2.699529,-0.000512,0.784799994,0.000000683,-0.000168999,0.042941,7,-0.000005115,-0.000511549,-0.000365392,-0.000365392,0.000572957,manual_A_near_upright
pendulum_pid_ws,BALANCE,25.643,-0.009681,2.698442,-0.000515,0.784799994,0.000000675,-0.000168964,0.042182,7,-0.000005145,-0.000514530,-0.000367521,-0.000367521,0.000572867,manual_A_near_upright
pendulum_pid_ws,BALANCE,25.693,-0.009679,2.697380,-0.000518,0.784799994,0.000000658,-0.000168931,0.041436,7,-0.000005175,-0.000517500,-0.000369643,-0.000369643,0.000572788,manual_A_near_upright
pendulum_pid_ws,BALANCE,25.744,-0.009677,2.696342,-0.000520,0.784799994,0.000000640,-0.000168899,0.040707,7,-0.000005204,-0.000520419,-0.000371728,-0.000371728,0.000572722,manual_A_near_upright
pendulum_pid_ws,BALANCE,25.795,-0.009675,2.695327,-0.000524,0.784799994,0.000000629,-0.000168867,0.039990,7,-0.000005236,-0.000523637,-0.000374027,-0.000374027,0.000572638,manual_A_near_upright
pendulum_pid_ws,BALANCE,25.846,-0.009674,2.694336,-0.000530,0.784799994,0.000000647,-0.000168835,0.039277,7,-0.000005295,-0.000529536,-0.000378240,-0.000378240,0.000572536,manual_A_near_upright
pendulum_pid_ws,BALANCE,25.897,-0.009672,2.693367,-0.000530,0.784799994,0.000000610,-0.000168804,0.038586,7,-0.000005302,-0.000530158,-0.000378685,-0.000378685,0.000572470,manual_A_near_upright
pendulum_pid_ws,BALANCE,25.948,-0.009670,2.692420,-0.000534,0.784799994,0.000000605,-0.000168774,0.037903,7,-0.000005342,-0.000534210,-0.000381579,-0.000381579,0.000572409,manual_A_near_upright
pendulum_pid_ws,BALANCE,25.999,-0.009668,2.691496,-0.000537,0.784799994,0.000000601,-0.000168744,0.037231,7,-0.000005373,-0.000537253,-0.000383752,-0.000383752,0.000572287,manual_A_near_upright
pendulum_pid_ws,BALANCE,26.050,-0.009667,2.690592,-0.000540,0.784799994,0.000000589,-0.000168714,0.036570,7,-0.000005402,-0.000540222,-0.000385873,-0.000385873,0.000572214,manual_A_near_upright
pendulum_pid_ws,BALANCE,26.101,-0.009665,2.689710,-0.000543,0.784799994,0.000000580,-0.000168685,0.035923,7,-0.000005432,-0.000543250,-0.000388036,-0.000388036,0.000572137,manual_A_near_upright
pendulum_pid_ws,BALANCE,26.152,-0.009663,2.688849,-0.000547,0.784799994,0.000000588,-0.000168657,0.035287,7,-0.000005467,-0.000546662,-0.000390473,-0.000390473,0.000572022,manual_A_near_upright
pendulum_pid_ws,BALANCE,26.203,-0.009662,2.688008,-0.000550,0.784799994,0.000000566,-0.000168629,0.034660,7,-0.000005483,-0.000548321,-0.000391658,-0.000391658,0.000572011,manual_A_near_upright
pendulum_pid_ws,BALANCE,26.255,-0.009660,2.687186,-0.000552,0.784799994,0.000000545,-0.000168601,0.034041,7,-0.000005518,-0.000551831,-0.000394165,-0.000394165,0.000571936,manual_A_near_upright
pendulum_pid_ws,BALANCE,26.308,-0.009659,2.686384,-0.000559,0.784799994,0.000000563,-0.000168573,0.033411,7,-0.000005585,-0.000558532,-0.000398951,-0.000398951,0.000571797,manual_A_near_upright
pendulum_pid_ws,BALANCE,26.360,-0.009657,2.685601,-0.000558,0.784799994,0.000000547,-0.000168546,0.032814,7,-0.000005583,-0.000558292,-0.000398780,-0.000398780,0.000571742,manual_A_near_upright
pendulum_pid_ws,BALANCE,26.410,-0.009655,2.684837,-0.000558,0.784799994,0.000000489,-0.000168520,0.032231,7,-0.000005578,-0.000557787,-0.000398419,-0.000398419,0.000571795,manual_A_near_upright
pendulum_pid_ws,BALANCE,26.462,-0.009654,2.684091,-0.000562,0.784799994,0.000000508,-0.000168494,0.031655,7,-0.000005622,-0.000562152,-0.000401537,-0.000401537,0.000571663,manual_A_near_upright
pendulum_pid_ws,BALANCE,26.513,-0.009653,2.683363,-0.000564,0.784799994,0.000000495,-0.000168470,0.031092,7,-0.000005639,-0.000563881,-0.000402772,-0.000402772,0.000571630,manual_A_near_upright
pendulum_pid_ws,BALANCE,26.564,-0.009651,2.682653,-0.000567,0.784799994,0.000000480,-0.000168445,0.030535,7,-0.000005668,-0.000566823,-0.000404873,-0.000404873,0.000571572,manual_A_near_upright
pendulum_pid_ws,BALANCE,26.615,-0.009650,2.681961,-0.000568,0.784799994,0.000000464,-0.000168421,0.029995,7,-0.000005682,-0.000568237,-0.000405884,-0.000405884,0.000571510,manual_A_near_upright
pendulum_pid_ws,BALANCE,26.667,-0.009648,2.681285,-0.000572,0.784799994,0.000000468,-0.000168398,0.029456,7,-0.000005716,-0.000571603,-0.000408288,-0.000408288,0.000571428,manual_A_near_upright
pendulum_pid_ws,BALANCE,26.718,-0.009647,2.680627,-0.000574,0.784799994,0.000000469,-0.000168374,0.028930,7,-0.000005743,-0.000574264,-0.000410189,-0.000410189,0.000571348,manual_A_near_upright
pendulum_pid_ws,BALANCE,26.770,-0.009646,2.679985,-0.000576,0.784799994,0.000000455,-0.000168352,0.028411,7,-0.000005765,-0.000576468,-0.000411763,-0.000411763,0.000571318,manual_A_near_upright
pendulum_pid_ws,BALANCE,26.821,-0.009645,2.679360,-0.000578,0.784799994,0.000000433,-0.000168329,0.027907,7,-0.000005768,-0.000576839,-0.000412028,-0.000412028,0.000571261,manual_A_near_upright
pendulum_pid_ws,BALANCE,26.872,-0.009643,2.678750,-0.000580,0.784799994,0.000000429,-0.000168308,0.027412,7,-0.000005802,-0.000580226,-0.000414447,-0.000414447,0.000571217,manual_A_near_upright
pendulum_pid_ws,BALANCE,26.923,-0.009642,2.678157,-0.000582,0.784799994,0.000000430,-0.000168286,0.026926,7,-0.000005820,-0.000581991,-0.000415708,-0.000415708,0.000571172,manual_A_near_upright
pendulum_pid_ws,BALANCE,26.974,-0.009641,2.677579,-0.000584,0.784799994,0.000000417,-0.000168265,0.026448,7,-0.000005842,-0.000584192,-0.000417280,-0.000417280,0.000571096,manual_A_near_upright
pendulum_pid_ws,BALANCE,27.025,-0.009640,2.677016,-0.000586,0.784799994,0.000000407,-0.000168245,0.025978,7,-0.000005862,-0.000586187,-0.000418705,-0.000418705,0.000571042,manual_A_near_upright
pendulum_pid_ws,BALANCE,27.076,-0.009639,2.676468,-0.000588,0.784799994,0.000000395,-0.000168225,0.025517,7,-0.000005879,-0.000587924,-0.000419946,-0.000419946,0.000571000,manual_A_near_upright
pendulum_pid_ws,BALANCE,27.128,-0.009637,2.675934,-0.000591,0.784799994,0.000000399,-0.000168205,0.025059,7,-0.000005908,-0.000590838,-0.000422027,-0.000422027,0.000570939,manual_A_near_upright
pendulum_pid_ws,BALANCE,27.179,-0.009636,2.675415,-0.000592,0.784799994,0.000000391,-0.000168185,0.024615,7,-0.000005922,-0.000592239,-0.000423028,-0.000423028,0.000570906,manual_A_near_upright
pendulum_pid_ws,BALANCE,27.230,-0.009635,2.674910,-0.000594,0.784799994,0.000000386,-0.000168166,0.024179,7,-0.000005942,-0.000594195,-0.000424425,-0.000424425,0.000570850,manual_A_near_upright
pendulum_pid_ws,BALANCE,27.281,-0.009634,2.674419,-0.000596,0.784799994,0.000000377,-0.000168147,0.023747,7,-0.000005961,-0.000596108,-0.000425792,-0.000425792,0.000570800,manual_A_near_upright
pendulum_pid_ws,BALANCE,27.333,-0.009633,2.673942,-0.000598,0.784799994,0.000000368,-0.000168129,0.023322,7,-0.000005980,-0.000597980,-0.000427129,-0.000427129,0.000570760,manual_A_near_upright
pendulum_pid_ws,BALANCE,27.384,-0.009632,2.673478,-0.000600,0.784799994,0.000000364,-0.000168111,0.022906,7,-0.000005997,-0.000599727,-0.000428376,-0.000428376,0.000570720,manual_A_near_upright
pendulum_pid_ws,BALANCE,27.435,-0.009631,2.673027,-0.000601,0.784799994,0.000000350,-0.000168093,0.022499,7,-0.000006013,-0.000601308,-0.000429506,-0.000429506,0.000570677,manual_A_near_upright
pendulum_pid_ws,BALANCE,27.486,-0.009630,2.672589,-0.000603,0.784799994,0.000000344,-0.000168075,0.022099,7,-0.000006030,-0.000602956,-0.000430683,-0.000430683,0.000570631,manual_A_near_upright
pendulum_pid_ws,BALANCE,27.538,-0.009629,2.672163,-0.000605,0.784799994,0.000000341,-0.000168058,0.021704,7,-0.000006049,-0.000604936,-0.000432097,-0.000432097,0.000570585,manual_A_near_upright
pendulum_pid_ws,BALANCE,27.589,-0.009628,2.671750,-0.000606,0.784799994,0.000000334,-0.000168041,0.021319,7,-0.000006064,-0.000606398,-0.000433141,-0.000433141,0.000570541,manual_A_near_upright
pendulum_pid_ws,BALANCE,27.640,-0.009627,2.671350,-0.000608,0.784799994,0.000000328,-0.000168025,0.020936,7,-0.000006083,-0.000608259,-0.000434470,-0.000434470,0.000570494,manual_A_near_upright
pendulum_pid_ws,BALANCE,27.692,-0.009626,2.670961,-0.000610,0.784799994,0.000000317,-0.000168009,0.020564,7,-0.000006093,-0.000609264,-0.000435189,-0.000435189,0.000570475,manual_A_near_upright
pendulum_pid_ws,BALANCE,27.743,-0.009625,2.670584,-0.000612,0.784799994,0.000000318,-0.000167993,0.020196,7,-0.000006118,-0.000611799,-0.000436999,-0.000436999,0.000570411,manual_A_near_upright
pendulum_pid_ws,BALANCE,27.795,-0.009624,2.670218,-0.000613,0.784799994,0.000000312,-0.000167977,0.019835,7,-0.000006132,-0.000613222,-0.000438016,-0.000438016,0.000570372,manual_A_near_upright
pendulum_pid_ws,BALANCE,27.846,-0.009623,2.669864,-0.000615,0.784799994,0.000000305,-0.000167961,0.019480,7,-0.000006144,-0.000614401,-0.000438858,-0.000438858,0.000570344,manual_A_near_upright
pendulum_pid_ws,BALANCE,27.897,-0.009623,2.669522,-0.000616,0.784799994,0.000000298,-0.000167946,0.019136,7,-0.000006157,-0.000615678,-0.000439770,-0.000439770,0.000570308,manual_A_near_upright
pendulum_pid_ws,BALANCE,27.948,-0.009622,2.669190,-0.000618,0.784799994,0.000000294,-0.000167932,0.018794,7,-0.000006173,-0.000617326,-0.000440947,-0.000440947,0.000570267,manual_A_near_upright
pendulum_pid_ws,BALANCE,27.999,-0.009621,2.668869,-0.000619,0.784799994,0.000000288,-0.000167917,0.018460,7,-0.000006187,-0.000618728,-0.000441948,-0.000441948,0.000570233,manual_A_near_upright
pendulum_pid_ws,BALANCE,28.051,-0.009620,2.668558,-0.000620,0.784799994,0.000000284,-0.000167903,0.018132,7,-0.000006202,-0.000620191,-0.000442994,-0.000442994,0.000570200,manual_A_near_upright
pendulum_pid_ws,BALANCE,28.102,-0.009619,2.668258,-0.000622,0.784799994,0.000000279,-0.000167889,0.017811,7,-0.000006215,-0.000621468,-0.000443905,-0.000443905,0.000570165,manual_A_near_upright
pendulum_pid_ws,BALANCE,28.153,-0.009619,2.667968,-0.000623,0.784799994,0.000000273,-0.000167875,0.017496,7,-0.000006229,-0.000622854,-0.000444896,-0.000444896,0.000570129,manual_A_near_upright
pendulum_pid_ws,BALANCE,28.204,-0.009618,2.667688,-0.000625,0.784799994,0.000000268,-0.000167862,0.017183,7,-0.000006246,-0.000624601,-0.000446144,-0.000446144,0.000570086,manual_A_near_upright
pendulum_pid_ws,BALANCE,28.255,-0.009617,2.667418,-0.000626,0.784799994,0.000000263,-0.000167848,0.016879,7,-0.000006259,-0.000625880,-0.000447057,-0.000447057,0.000570052,manual_A_near_upright
pendulum_pid_ws,BALANCE,28.307,-0.009616,2.667158,-0.000627,0.784799994,0.000000260,-0.000167835,0.016577,7,-0.000006273,-0.000627299,-0.000448071,-0.000448071,0.000570016,manual_A_near_upright
pendulum_pid_ws,BALANCE,28.358,-0.009616,2.666907,-0.000629,0.784799994,0.000000254,-0.000167822,0.016283,7,-0.000006285,-0.000628504,-0.000448931,-0.000448931,0.000569986,manual_A_near_upright
pendulum_pid_ws,BALANCE,28.408,-0.009615,2.666665,-0.000630,0.784799994,0.000000250,-0.000167810,0.015994,7,-0.000006295,-0.000629474,-0.000449624,-0.000449624,0.000569961,manual_A_near_upright
pendulum_pid_ws,BALANCE,28.460,-0.009614,2.666433,-0.000631,0.784799994,0.000000245,-0.000167797,0.015708,7,-0.000006310,-0.000630996,-0.000450711,-0.000450711,0.000569922,manual_A_near_upright
pendulum_pid_ws,BALANCE,28.511,-0.009613,2.666209,-0.000632,0.784799994,0.000000241,-0.000167785,0.015430,7,-0.000006322,-0.000632176,-0.000451554,-0.000451554,0.000569892,manual_A_near_upright
pendulum_pid_ws,BALANCE,28.562,-0.009613,2.665995,-0.000633,0.784799994,0.000000236,-0.000167773,0.015156,7,-0.000006334,-0.000633373,-0.000452409,-0.000452409,0.000569862,manual_A_near_upright
pendulum_pid_ws,BALANCE,28.613,-0.009612,2.665789,-0.000635,0.784799994,0.000000232,-0.000167762,0.014888,7,-0.000006343,-0.000634314,-0.000453082,-0.000453082,0.000569838,manual_A_near_upright
pendulum_pid_ws,BALANCE,28.664,-0.009611,2.665591,-0.000636,0.784799994,0.000000229,-0.000167750,0.014624,7,-0.000006355,-0.000635491,-0.000453922,-0.000453922,0.000569808,manual_A_near_upright
pendulum_pid_ws,BALANCE,28.716,-0.009611,2.665402,-0.000637,0.784799994,0.000000224,-0.000167739,0.014363,7,-0.000006368,-0.000636803,-0.000454859,-0.000454859,0.000569776,manual_A_near_upright
pendulum_pid_ws,BALANCE,28.767,-0.009610,2.665221,-0.000638,0.784799994,0.000000220,-0.000167728,0.014107,7,-0.000006377,-0.000637712,-0.000455508,-0.000455508,0.000569752,manual_A_near_upright
pendulum_pid_ws,BALANCE,28.818,-0.009609,2.665049,-0.000639,0.784799994,0.000000216,-0.000167717,0.013857,7,-0.000006390,-0.000639026,-0.000456447,-0.000456447,0.000569719,manual_A_near_upright
pendulum_pid_ws,BALANCE,28.869,-0.009609,2.664884,-0.000640,0.784799994,0.000000212,-0.000167706,0.013610,7,-0.000006399,-0.000639901,-0.000457072,-0.000457072,0.000569696,manual_A_near_upright
pendulum_pid_ws,BALANCE,28.921,-0.009608,2.664727,-0.000641,0.784799994,0.000000207,-0.000167696,0.013367,7,-0.000006410,-0.000641046,-0.000457890,-0.000457890,0.000569669,manual_A_near_upright
pendulum_pid_ws,BALANCE,28.972,-0.009608,2.664577,-0.000642,0.784799994,0.000000205,-0.000167686,0.013129,7,-0.000006421,-0.000642127,-0.000458662,-0.000458662,0.000569646,manual_A_near_upright
pendulum_pid_ws,BALANCE,29.023,-0.009607,2.664435,-0.000643,0.784799994,0.000000201,-0.000167675,0.012894,7,-0.000006429,-0.000642937,-0.000459241,-0.000459241,0.000569620,manual_A_near_upright
pendulum_pid_ws,BALANCE,29.074,-0.009607,2.664301,-0.000644,0.784799994,0.000000198,-0.000167665,0.012666,7,-0.000006440,-0.000643959,-0.000459971,-0.000459971,0.000569592,manual_A_near_upright
pendulum_pid_ws,BALANCE,29.126,-0.009606,2.664173,-0.000645,0.784799994,0.000000191,-0.000167656,0.012440,7,-0.000006450,-0.000644966,-0.000460690,-0.000460690,0.000569570,manual_A_near_upright
pendulum_pid_ws,BALANCE,29.177,-0.009605,2.664053,-0.000646,0.784799994,0.000000190,-0.000167646,0.012220,7,-0.000006462,-0.000646170,-0.000461550,-0.000461550,0.000569540,manual_A_near_upright
pendulum_pid_ws,BALANCE,29.228,-0.009605,2.663940,-0.000647,0.784799994,0.000000185,-0.000167637,0.012001,7,-0.000006467,-0.000646654,-0.000461896,-0.000461896,0.000569528,manual_A_near_upright
pendulum_pid_ws,BALANCE,29.279,-0.009604,2.663834,-0.000648,0.784799994,0.000000182,-0.000167628,0.011787,7,-0.000006477,-0.000647658,-0.000462613,-0.000462613,0.000569497,manual_A_near_upright
pendulum_pid_ws,BALANCE,29.331,-0.009604,2.663734,-0.000649,0.784799994,0.000000181,-0.000167618,0.011576,7,-0.000006489,-0.000648874,-0.000463481,-0.000463481,0.000569468,manual_A_near_upright
pendulum_pid_ws,BALANCE,29.381,-0.009603,2.663641,-0.000650,0.784799994,0.000000180,-0.000167610,0.011371,7,-0.000006498,-0.000649759,-0.000464113,-0.000464113,0.000569446,manual_A_near_upright
pendulum_pid_ws,BALANCE,29.433,-0.009603,2.663555,-0.000651,0.784799994,0.000000178,-0.000167601,0.011170,7,-0.000006508,-0.000650846,-0.000464890,-0.000464890,0.000569415,manual_A_near_upright
pendulum_pid_ws,BALANCE,29.483,-0.009602,2.663475,-0.000651,0.784799994,0.000000170,-0.000167592,0.010972,7,-0.000006515,-0.000651471,-0.000465336,-0.000465336,0.000569405,manual_A_near_upright
pendulum_pid_ws,BALANCE,29.535,-0.009602,2.663401,-0.000652,0.784799994,0.000000167,-0.000167584,0.010777,7,-0.000006523,-0.000652281,-0.000465915,-0.000465915,0.000569383,manual_A_near_upright
pendulum_pid_ws,BALANCE,29.586,-0.009601,2.663333,-0.000653,0.784799994,0.000000166,-0.000167575,0.010586,7,-0.000006533,-0.000653277,-0.000466626,-0.000466626,0.000569359,manual_A_near_upright
pendulum_pid_ws,BALANCE,29.637,-0.009601,2.663271,-0.000654,0.784799994,0.000000163,-0.000167567,0.010398,7,-0.000006540,-0.000654013,-0.000467152,-0.000467152,0.000569337,manual_A_near_upright
pendulum_pid_ws,BALANCE,29.688,-0.009600,2.663216,-0.000655,0.784799994,0.000000160,-0.000167559,0.010214,7,-0.000006547,-0.000654747,-0.000467676,-0.000467676,0.000569321,manual_A_near_upright
pendulum_pid_ws,BALANCE,29.739,-0.009600,2.663166,-0.000656,0.784799994,0.000000156,-0.000167551,0.010033,7,-0.000006557,-0.000655650,-0.000468322,-0.000468322,0.000569300,manual_A_near_upright
pendulum_pid_ws,BALANCE,29.790,-0.009600,2.663121,-0.000656,0.784799994,0.000000154,-0.000167544,0.009854,7,-0.000006561,-0.000656062,-0.000468616,-0.000468616,0.000569280,manual_A_near_upright
pendulum_pid_ws,BALANCE,29.840,-0.009599,2.663083,-0.000657,0.784799994,0.000000151,-0.000167536,0.009680,7,-0.000006571,-0.000657146,-0.000469390,-0.000469390,0.000569259,manual_A_near_upright
pendulum_pid_ws,BALANCE,29.891,-0.009599,2.663050,-0.000658,0.784799994,0.000000149,-0.000167528,0.009509,7,-0.000006580,-0.000657951,-0.000469965,-0.000469965,0.000569241,manual_A_near_upright
pendulum_pid_ws,BALANCE,29.942,-0.009598,2.663022,-0.000659,0.784799994,0.000000145,-0.000167521,0.009341,7,-0.000006585,-0.000658543,-0.000470388,-0.000470388,0.000569230,manual_A_near_upright
pendulum_pid_ws,BALANCE,29.993,-0.009598,2.663000,-0.000659,0.784799994,0.000000142,-0.000167514,0.009177,7,-0.000006592,-0.000659212,-0.000470866,-0.000470866,0.000569211,manual_A_near_upright
pendulum_pid_ws,BALANCE,30.044,-0.009597,2.662982,-0.000660,0.784799994,0.000000139,-0.000167507,0.009014,7,-0.000006598,-0.000659844,-0.000471317,-0.000471317,0.000569189,manual_A_near_upright
pendulum_pid_ws,BALANCE,30.095,-0.009597,2.662970,-0.000661,0.784799994,0.000000135,-0.000167500,0.008855,7,-0.000006606,-0.000660569,-0.000471835,-0.000471835,0.000569175,manual_A_near_upright
pendulum_pid_ws,BALANCE,30.146,-0.009597,2.662963,-0.000661,0.784799994,0.000000132,-0.000167493,0.008697,7,-0.000006611,-0.000661145,-0.000472247,-0.000472247,0.000569159,manual_A_near_upright
pendulum_pid_ws,BALANCE,30.197,-0.009596,2.662961,-0.000665,0.784799994,0.000000224,-0.000167486,0.008543,7,-0.000006621,-0.000662086,-0.000472919,-0.000472919,0.000569137,manual_A_near_upright
pendulum_pid_ws,BALANCE,30.248,-0.009595,2.662961,-0.000642,0.784799994,0.000000643,-0.000167461,0.008391,7,-0.000006423,-0.000642300,-0.000458786,-0.000458786,0.000567825,manual_A_near_upright
pendulum_pid_ws,BALANCE,30.299,-0.009594,2.662961,-0.000593,0.784799994,0.000000410,-0.000167440,0.008243,7,-0.000005928,-0.000592792,-0.000423423,-0.000423423,0.000568312,manual_A_near_upright
pendulum_pid_ws,BALANCE,30.350,-0.009593,2.662961,-0.000546,0.784799995,0.000000283,-0.000167422,0.008097,7,-0.000005459,-0.000545908,-0.000389935,-0.000389935,0.000568557,manual_A_near_upright
pendulum_pid_ws,BALANCE,30.402,-0.009592,2.662961,-0.000508,0.784799995,0.000000407,-0.000167403,0.007953,7,-0.000005075,-0.000507539,-0.000362528,-0.000362528,0.000568196,manual_A_near_upright
pendulum_pid_ws,BALANCE,30.452,-0.009590,2.662961,-0.000462,0.784799995,0.000000353,-0.000167386,0.007812,7,-0.000004618,-0.000461781,-0.000329843,-0.000329843,0.000568265,manual_A_near_upright
pendulum_pid_ws,BALANCE,30.503,-0.009590,2.662961,-0.000415,0.784799995,0.000000289,-0.000167370,0.007675,7,-0.000004147,-0.000414669,-0.000296192,-0.000296192,0.000568363,manual_A_near_upright
