workspace,phase,elapsed_s,degree_deg,cmX_cm,setspeed_cm_s,energy_j,theta_dot_rad_s,theta_rad,x_center_cm,mode,cart_velocity_cmd_mps,motor_command_cm_s,cart_joint_effort_cmd_n,cart_force_cmd_n,hinge_assist_torque_nm,note
pid,SWING_UP,3.011,-179.985577,0.006725,6.471049,0.000004278,0.032654333,-3.141340923,0.000000,6,0.064710492,6.471049200,4.622178000,4.622178000,0.000000000,auto_capture
pid,SWING_UP,3.031,-179.781483,0.102373,1.097745,0.000232438,0.239574494,-3.137778808,0.000000,6,0.010977453,1.097745294,0.784103782,0.784103782,0.000000000,auto_capture
pid,SWING_UP,3.052,-179.450436,0.259971,-4.438623,0.000322816,0.276027700,-3.132000957,0.000000,6,-0.044386230,-4.438623010,-3.170445007,-3.170445007,0.000000000,auto_capture
pid,SWING_UP,3.073,-179.245496,0.363746,1.920783,0.000118666,0.145467860,-3.128424081,0.000000,6,0.019207830,1.920782966,1.371987833,1.371987833,0.000000000,auto_capture
pid,SWING_UP,3.094,-179.053975,0.467195,3.362185,0.000214018,0.200331695,-3.125081407,0.000000,6,0.033621851,3.362185074,2.401560767,2.401560767,0.000000000,auto_capture
pid,SWING_UP,3.115,-178.725714,0.642029,-3.136743,0.000457560,0.300214675,-3.119352171,0.000000,6,-0.031367427,-3.136742746,-2.240530533,-2.240530533,0.000000000,auto_capture
pid,SWING_UP,3.136,-178.461737,0.796994,-0.360333,0.000276955,0.184080169,-3.114744898,0.000000,6,-0.003603331,-0.360333108,-0.257380792,-0.257380792,0.000000000,auto_capture
pid,SWING_UP,3.156,-178.311495,0.910263,4.204496,0.000252027,0.142866696,-3.112122684,0.000000,6,0.042044959,4.204495892,3.003211351,3.003211351,0.000000000,auto_capture
pid,SWING_UP,3.177,-178.049956,1.087861,-0.834430,0.000495076,0.258760495,-3.107557959,0.000000,6,-0.008344295,-0.834429516,-0.596021083,-0.596021083,0.000000000,auto_capture
pid,SWING_UP,3.198,-177.774088,1.286766,-0.897286,0.000458844,0.201717311,-3.102743161,0.000000,6,-0.008972855,-0.897285541,-0.640918244,-0.640918244,0.000000000,auto_capture
pid,SWING_UP,3.219,-177.629442,1.440549,4.207120,0.000399120,0.125807691,-3.100218618,0.000000,6,0.042071199,4.207119872,3.005085623,3.005085623,0.000000000,auto_capture
pid,SWING_UP,3.240,-177.399650,1.651043,1.004740,0.000633931,0.239725948,-3.096207978,0.000000,6,0.010047401,1.004740137,0.717671527,0.717671527,0.000000000,auto_capture
pid,SWING_UP,3.260,-177.099049,1.913625,-2.998376,0.000736408,0.241637088,-3.090961504,0.000000,6,-0.029983764,-2.998376354,-2.141697396,-2.141697396,0.000000000,auto_capture
pid,SWING_UP,3.281,-176.936647,2.132591,3.403256,0.000612698,0.113995912,-3.088127052,0.000000,6,0.034032561,3.403256113,2.430897224,2.430897224,0.000000000,auto_capture
pid,SWING_UP,3.302,-176.770625,2.374852,3.170035,0.000748668,0.177159980,-3.085229425,0.000000,6,0.031700345,3.170034506,2.264310362,2.264310362,0.000000000,auto_capture
pid,SWING_UP,3.323,-176.500154,2.688997,-3.250033,0.000956758,0.237127225,-3.080508815,0.000000,6,-0.032500333,-3.250033301,-2.321452358,-2.321452358,0.000000000,auto_capture
pid,SWING_UP,3.344,-176.321668,2.985195,3.086936,0.000868023,0.122126924,-3.077393644,0.000000,6,0.030869364,3.086936415,2.204954582,2.204954582,0.000000000,auto_capture
pid,SWING_UP,3.364,-176.155796,3.301365,2.315619,0.001002659,0.173042654,-3.074498640,0.000000,6,0.023156193,2.315619328,1.654013806,1.654013806,0.000000000,auto_capture
pid,SWING_UP,3.386,-175.917085,3.678845,-0.926057,0.001154021,0.198829773,-3.070332345,0.000000,6,-0.009260567,-0.926056742,-0.661469101,-0.661469101,0.000000000,auto_capture
pid,SWING_UP,3.406,-175.753585,4.050035,-0.956645,0.001149310,0.134258093,-3.067478728,0.000000,6,-0.009566451,-0.956645146,-0.683317962,-0.683317962,0.000000000,auto_capture
pid,SWING_UP,3.427,-175.658321,4.419066,-7.365140,0.001130924,0.034872021,-3.065816067,0.000000,6,-0.073651399,-7.365139855,-5.260814182,-5.260814182,0.000000000,auto_capture
pid,SWING_UP,3.448,-175.860952,4.678423,-4.223007,0.001289698,-0.257996948,-3.069352637,0.000000,6,-0.042230068,-4.223006841,-3.016433458,-3.016433458,0.000000000,auto_capture
pid,SWING_UP,3.469,-176.341497,4.834714,2.227972,0.001656907,-0.462934453,-3.077739724,0.000000,6,0.022279725,2.227972464,1.591408903,1.591408903,0.000000000,auto_capture
pid,SWING_UP,3.489,-176.869076,4.991762,8.611944,0.001313008,-0.426405709,-3.086947728,0.000000,6,0.086119442,8.611944211,6.151388722,6.151388722,0.000000000,auto_capture
pid,SWING_UP,3.510,-177.152629,5.282336,2.199276,0.000609639,-0.176907646,-3.091896652,0.000000,6,0.021992764,2.199276411,1.570911722,1.570911722,0.000000000,auto_capture
pid,SWING_UP,3.531,-177.280997,5.664050,-4.208864,0.000496899,-0.117402560,-3.094137093,0.000000,6,-0.042088641,-4.208864149,-3.006331535,-3.006331535,0.000000000,auto_capture
pid,SWING_UP,3.552,-177.571453,6.011354,-0.988800,0.000727352,-0.306151379,-3.099206514,0.000000,6,-0.009887999,-0.988799875,-0.706285625,-0.706285625,0.000000000,auto_capture
pid,SWING_UP,3.573,-177.983021,6.270488,5.312246,0.000808243,-0.375874891,-3.106389736,0.000000,6,0.053122463,5.312246260,3.794461614,3.794461614,0.000000000,auto_capture
pid,SWING_UP,3.593,-178.310599,6.604279,-1.102185,0.000419736,-0.249585661,-3.112107045,0.000000,6,-0.011021855,-1.102185456,-0.787275326,-0.787275326,0.000000000,auto_capture
pid,SWING_UP,3.614,-178.623700,6.955098,-1.489393,0.000500120,-0.311013279,-3.117571680,0.000000,6,-0.014893935,-1.489393464,-1.063852474,-1.063852474,0.000000000,auto_capture
pid,SWING_UP,3.635,-179.065652,7.253546,4.959693,0.000650984,-0.386913742,-3.125285208,0.000000,6,0.049596929,4.959692871,3.542637765,3.542637765,0.000000000,auto_capture
pid,SWING_UP,3.656,-179.410894,7.601697,-1.424064,0.000305790,-0.266949816,-3.131310817,0.000000,6,-0.014240639,-1.424063893,-1.017188495,-1.017188495,0.000000000,auto_capture
pid,SWING_UP,3.677,-179.740977,7.959577,-1.127399,0.000421882,-0.323214974,-3.137071849,0.000000,6,-0.011273991,-1.127399132,-0.805285094,-0.805285094,0.000000000,auto_capture
pid,SWING_UP,3.698,179.823771,8.268467,3.802769,0.000555448,-0.372018712,3.138516879,0.000000,6,0.038027693,3.802769294,2.716263781,2.716263781,0.000000000,auto_capture
pid,SWING_UP,3.718,179.493518,8.623393,-2.523488,0.000287714,-0.260951287,3.132752878,0.000000,6,-0.025234879,-2.523487875,-1.802491339,-1.802491339,0.000000000,auto_capture
pid,SWING_UP,3.739,179.156087,8.970148,-1.080621,0.000481375,-0.331213980,3.126863593,0.000000,6,-0.010806210,-1.080621046,-0.771872176,-0.771872176,0.000000000,auto_capture
pid,SWING_UP,3.760,178.723523,9.265023,2.373233,0.000632068,-0.365612536,3.119313928,0.000000,6,0.023732333,2.373233287,1.695166633,1.695166633,0.000000000,auto_capture
pid,SWING_UP,3.780,178.383165,9.592465,-3.992820,0.000475571,-0.282552686,3.113373567,0.000000,6,-0.039928196,-3.992819637,-2.852014026,-2.852014026,0.000000000,auto_capture
pid,SWING_UP,3.801,177.993414,9.884288,0.051266,0.000801772,-0.374551569,3.106571120,0.000000,6,0.000512659,0.051265899,-2.316494240,-2.316494240,0.000000000,auto_capture
pid,SWING_UP,3.832,177.385936,10.281170,-3.014199,0.000776186,-0.303255697,3.095968623,0.000000,6,-0.030141993,-3.014199314,-2.152999510,-2.152999510,0.000000000,auto_capture
pid,SWING_UP,3.853,177.005208,10.533186,-0.436364,0.001055145,-0.360291242,3.089323674,0.000000,6,-0.004363642,-0.436364215,-0.311688725,-0.311688725,0.000000000,auto_capture
pid,SWING_UP,3.873,176.588074,10.745869,-0.410013,0.001138676,-0.332840714,3.082043318,0.000000,6,-0.004100130,-0.410012967,-0.292866405,-0.292866405,0.000000000,auto_capture
pid,SWING_UP,3.894,176.252055,10.971477,-4.221651,0.001213707,-0.305969204,3.076178670,0.000000,6,-0.042216512,-4.221651246,-3.015465176,-3.015465176,0.000000000,auto_capture
pid,SWING_UP,3.915,175.828885,11.129031,2.074318,0.001618550,-0.380522411,3.068792958,0.000000,6,0.020743184,2.074318433,1.481656024,1.481656024,0.000000000,auto_capture
pid,SWING_UP,3.935,175.458870,11.281064,-4.228509,0.001598130,-0.302609284,3.062334977,0.000000,6,-0.042285089,-4.228508937,-3.020363527,-3.020363527,0.000000000,auto_capture
pid,SWING_UP,3.957,175.071074,11.392039,0.772799,0.001957501,-0.355817315,3.055566670,0.000000,6,0.007727986,0.772798558,0.551998970,0.551998970,0.000000000,auto_capture
pid,SWING_UP,3.978,174.700043,11.475349,-4.032144,0.002059464,-0.308975325,3.049090957,0.000000,6,-0.040321440,-4.032143987,-2.880102848,-2.880102848,0.000000000,auto_capture
pid,SWING_UP,3.999,174.315541,11.514363,-0.040180,0.002405381,-0.344870766,3.042380135,0.000000,6,-0.000401799,-0.040179921,-0.028699944,-0.028699944,0.000000000,auto_capture
pid,SWING_UP,4.019,173.953371,11.523161,-3.665168,0.002563108,-0.308216227,3.036059062,0.000000,6,-0.036651676,-3.665167620,-2.617976871,-2.617976871,0.000000000,auto_capture
pid,SWING_UP,4.040,173.576023,11.481717,-0.475532,0.002914344,-0.335610344,3.029473107,0.000000,6,-0.004755324,-0.475532447,-0.339666034,-0.339666034,0.000000000,auto_capture
pid,SWING_UP,4.060,173.225380,11.407048,-4.114884,0.003094435,-0.297759674,3.023353227,0.000000,6,-0.041148838,-4.114883790,-2.939202707,-2.939202707,0.000000000,auto_capture
pid,SWING_UP,4.080,172.857063,11.275948,-0.890619,0.003466600,-0.324498308,3.016924886,0.000000,6,-0.017186750,-1.718675006,-1.227625004,-1.227625004,0.000000000,auto_capture
pid,SWING_UP,4.102,172.516685,11.107284,-3.692488,0.003686623,-0.293464245,3.010984169,0.000000,6,-0.036924880,-3.692487953,-2.637491395,-2.637491395,0.000000000,auto_capture
pid,SWING_UP,4.122,172.163007,10.879350,-1.660385,0.004043994,-0.307807395,3.004811319,0.000000,6,-0.016603849,-1.660384898,-1.185989213,-1.185989213,0.000000000,auto_capture
pid,SWING_UP,4.143,171.834285,10.607702,-3.414758,0.004304529,-0.285544388,2.999074041,0.000000,6,-0.034147579,-3.414757932,-2.439112809,-2.439112809,0.000000000,auto_capture
pid,SWING_UP,4.163,171.497611,10.274588,-2.267903,0.004649695,-0.290302008,2.993197972,0.000000,6,-0.022679025,-2.267902533,-1.619930381,-1.619930381,0.000000000,auto_capture
pid,SWING_UP,4.184,171.184911,9.892745,-3.496549,0.004930514,-0.271803025,2.987740322,0.000000,6,-0.034965495,-3.496549455,-2.497535325,-2.497535325,0.000000000,auto_capture
pid,SWING_UP,4.205,170.865685,9.445633,-2.307333,0.005280192,-0.275740319,2.982168781,0.000000,6,-0.023073327,-2.307332708,-1.648094791,-1.648094791,0.000000000,auto_capture
pid,SWING_UP,4.225,170.572599,8.946483,-3.819696,0.005556254,-0.253217381,2.977053464,0.000000,6,-0.038196957,-3.819695700,-2.728354071,-2.728354071,0.000000000,auto_capture
pid,SWING_UP,4.246,170.273847,8.378257,-2.328342,0.005908020,-0.258767577,2.971839266,0.000000,6,-0.023283424,-2.328342369,-1.663101692,-1.663101692,0.000000000,auto_capture
pid,SWING_UP,4.267,170.001448,7.754041,-3.862866,0.006179979,-0.234660796,2.967084998,0.000000,6,-0.038628663,-3.862866294,-2.759190210,-2.759190210,0.000000000,auto_capture
pid,SWING_UP,4.287,169.728470,7.059230,-2.815007,0.006508896,-0.234627398,2.962320627,0.000000,6,-0.028150068,-2.815006828,-2.010719163,-2.010719163,0.000000000,auto_capture
pid,SWING_UP,4.308,169.480781,6.304210,-3.918207,0.006776696,-0.213256579,2.957997648,0.000000,6,-0.039182066,-3.918206648,-2.798719034,-2.798719034,0.000000000,auto_capture
pid,SWING_UP,4.329,169.234954,5.476184,-3.016286,0.007082845,-0.210444167,2.953707153,0.000000,6,-0.030162856,-3.016285648,-2.154489749,-2.154489749,0.000000000,auto_capture
pid,SWING_UP,4.349,169.014539,4.584654,-3.963961,0.007333599,-0.189137498,2.949860182,0.000000,6,-0.039639613,-3.963961330,-2.831400950,-2.831400950,0.000000000,auto_capture
pid,SWING_UP,4.370,168.798974,3.618360,-3.186433,0.007609577,-0.183721505,2.946097865,0.000000,6,-0.031864334,-3.186433437,-2.276023884,-2.276023884,0.000000000,auto_capture
pid,SWING_UP,4.390,168.608073,2.585260,-3.855936,0.007837793,-0.163650388,2.942766014,0.000000,6,-0.038559356,-3.855935569,-2.754239692,-2.754239692,0.000000000,auto_capture
pid,SWING_UP,4.411,168.425744,1.476419,-3.334703,0.008074540,-0.154338858,2.939583778,0.000000,6,-0.033347032,-3.334703227,-2.381930876,-2.381930876,0.000000000,auto_capture
pid,SWING_UP,4.432,168.268365,0.298412,-3.890545,0.008268704,-0.133921922,2.936836991,0.000000,6,-0.038905452,-3.890545188,-2.778960849,-2.778960849,0.000000000,auto_capture
pid,SWING_UP,4.453,168.115633,-1.020896,-3.497997,0.008469710,-0.121138549,2.934171314,0.000000,6,-0.034979969,-3.497996872,-2.498569194,-2.498569194,0.000000000,auto_capture
pid,SWING_UP,4.484,167.945990,-2.973912,-3.526789,0.008689366,-0.096706289,2.931210493,0.000000,6,-0.035267887,-3.526788730,-2.519134807,-2.519134807,0.000000000,auto_capture
pid,SWING_UP,4.504,167.850961,-4.413338,-0.305655,0.008811095,-0.075326403,2.929551923,0.000000,6,-0.003056554,-0.305655398,-0.218325284,-0.218325284,0.000000000,auto_capture
pid,SWING_UP,4.525,167.869616,-5.883207,4.356772,0.008788173,0.081611874,2.929877521,0.000000,6,0.043567717,4.356771684,3.111979775,3.111979775,0.000000000,auto_capture
pid,SWING_UP,4.546,168.231874,-7.272726,1.146283,0.008927643,0.412246066,2.936200109,0.000000,6,0.011462828,1.146282755,0.818773397,0.818773397,0.000000000,auto_capture
pid,SWING_UP,4.566,168.898530,-8.596556,-5.256920,0.008857761,0.615439806,2.947835453,0.000000,6,-0.052569202,-5.256920204,-3.754943003,-3.754943003,0.000000000,auto_capture
pid,SWING_UP,4.587,169.571294,-9.991247,-10.882625,0.007666755,0.544210945,2.959577395,0.000000,6,-0.108826249,-10.882624881,-7.773303487,-7.773303487,0.000000000,auto_capture
pid,SWING_UP,4.608,169.985749,-11.578062,-4.341815,0.006331422,0.297079469,2.966811007,0.000000,6,-0.043418146,-4.341814605,-3.101296146,-3.101296146,0.000000000,auto_capture
pid,SWING_UP,4.629,170.254286,-13.301795,2.093397,0.005897580,0.242253597,2.971497857,0.000000,6,0.020933969,2.093396947,1.495283534,1.495283534,0.000000000,auto_capture
pid,SWING_UP,4.651,170.705804,-15.102416,7.540473,0.005988315,0.457416484,2.979378330,0.000000,6,0.075404733,7.540473314,5.386052367,5.386052367,0.000000000,auto_capture
pid,SWING_UP,4.671,171.515114,-16.600778,13.825687,0.007334466,0.871719158,2.993503455,0.000000,6,0.138256873,13.825687326,9.875490947,9.875490947,0.000000000,auto_capture
pid,SWING_UP,4.692,173.052143,-17.907076,20.148912,0.012481164,1.549163815,3.020329679,0.000000,6,0.201489116,20.148911619,14.392079728,14.392079728,0.000000000,auto_capture
pid,SWING_UP,4.712,175.565831,-18.793845,26.454905,0.025490626,2.465568063,3.064201803,0.000000,6,0.264549055,26.454905467,18.896361048,18.896361048,0.000000000,auto_capture
pid,SWING_UP,4.733,179.315229,-19.119689,32.833070,0.051955134,3.603023368,3.129641152,0.000000,6,0.328330696,32.833069566,23.452192547,23.452192547,0.000000000,auto_capture
pid,SWING_UP,4.754,-175.161142,-18.705110,39.389196,0.101799319,5.010008931,-3.057138642,0.000000,6,0.393891961,39.389196066,28.135140047,28.135140047,0.000000000,auto_capture
pid,SWING_UP,4.775,-168.574073,-17.530156,45.765446,0.173490285,6.436488896,-2.942172610,0.000000,6,0.457654456,45.765445638,32.689604027,32.689604027,0.000000000,auto_capture
pid,SWING_UP,4.795,-159.892198,-15.347369,52.173403,0.280748220,8.012965099,-2.790645310,0.000000,6,0.521734029,52.173402886,37.266716347,37.266716347,0.000000000,auto_capture
pid,SWING_UP,4.817,-148.889741,-11.910296,45.621708,0.421349749,9.551343556,-2.598616197,0.000000,6,0.456217079,45.621707889,32.586934207,32.586934207,0.000000000,auto_capture
pid,SWING_UP,4.837,-137.803990,-7.916305,39.387776,0.523149657,10.264742247,-2.405133340,0.000000,6,0.393877765,39.387776493,28.134126067,28.134126067,0.000000000,auto_capture
pid,SWING_UP,4.858,-126.452823,-3.516305,32.984379,0.537737888,9.727365305,-2.207018105,0.000000,6,0.329843795,32.984379493,23.560271067,23.560271067,0.000000000,auto_capture
pid,SWING_UP,4.878,-115.879467,0.883695,26.592663,0.547208042,9.028877992,-2.022478228,0.000000,6,0.265926634,26.592663394,18.994759567,18.994759567,0.000000000,auto_capture
pid,SWING_UP,4.899,-106.156603,5.283695,20.205658,0.557012377,8.273497560,-1.852782252,0.000000,6,0.202056582,20.205658153,14.432612967,14.432612967,0.000000000,auto_capture
pid,SWING_UP,4.920,-97.327473,9.683695,13.838938,0.566566685,7.486879505,-1.698684854,0.000000,6,0.138389378,13.838937794,9.884955567,9.884955567,0.000000000,auto_capture
pid,SWING_UP,4.940,-89.038473,14.303695,7.463033,0.575861073,6.649740601,-1.554014518,0.000000,6,0.074630326,7.463032566,5.330737547,5.330737547,0.000000000,auto_capture
pid,SWING_UP,4.961,-82.403908,18.483695,1.187369,0.583386067,5.897355151,-1.438219517,0.000000,6,0.011873693,1.187369326,0.848120947,0.848120947,0.000000000,auto_capture
pid,SWING_UP,4.981,-76.289722,22.876584,-5.098447,0.590573300,5.127612206,-1.331506841,0.000000,6,-0.050984471,-5.098447135,-3.641747953,-3.641747953,0.000000000,auto_capture
pid,SWING_UP,5.001,-71.000700,27.186928,-11.274879,0.598762619,4.433232588,-1.239195978,0.000000,6,-0.112748789,-11.274878934,-8.053484953,-8.053484953,0.000000000,auto_capture
pid,SWING_UP,5.022,-66.410965,31.297283,-17.560308,0.609000034,3.859141494,-1.159090001,0.000000,6,-0.175603082,-17.560308238,-12.543077313,-12.543077313,0.000000000,auto_capture
pid,SWING_UP,5.042,-62.349580,35.080792,-23.974375,0.621966827,3.444688558,-1.088205454,0.000000,6,-0.239743747,-23.974374666,-17.124553333,-17.124553333,0.000000000,auto_capture
pid,SWING_UP,5.063,-58.612508,38.407194,-30.283681,0.638085513,3.213816036,-1.022981240,0.000000,6,-0.302836814,-30.283681362,-21.631200973,-21.631200973,0.000000000,auto_capture
pid,SWING_UP,5.084,-52.285661,38.796179,-36.748149,0.778287241,6.038342883,-0.912556942,0.000000,6,-0.367481486,-36.748148602,-26.248677573,-26.248677573,0.000000000,auto_capture
pid,SWING_UP,5.105,-45.035056,37.853880,-43.179252,0.835965097,6.447212834,-0.786009999,0.000000,6,-0.431792521,-43.179252050,-30.842322893,-30.842322893,0.000000000,auto_capture
pid,SWING_UP,5.125,-37.148520,36.053521,-28.000000,0.902697927,7.027206978,-0.648363995,0.000000,6,-0.280000000,-28.000000000,-20.000000000,-20.000000000,0.000000000,auto_capture
pid,SWING_UP,5.147,-28.704823,33.582948,-28.000000,0.962506948,7.515494927,-0.500993669,0.000000,6,-0.280000000,-28.000000000,-20.000000000,-20.000000000,0.000000000,auto_capture
pid,SWING_UP,5.167,-19.554468,30.479006,-2.492610,1.030163775,8.185290786,-0.341289842,0.000000,6,-0.280000000,-28.000000000,-20.000000000,-20.000000000,0.000000000,auto_capture
pid,SWING_UP,5.188,-10.282437,27.122685,49.704410,1.019526495,7.762546571,-0.179462382,0.000000,6,0.497044100,49.704409996,48.379880796,48.379880796,0.000000000,auto_capture
pid,SWING_UP,5.209,-3.582570,24.870517,101.401715,0.875954107,4.793770463,-0.062527644,0.000000,6,1.014017150,101.401714994,93.873509195,93.873509195,0.000000000,auto_capture
pid,SWING_UP,5.230,-2.523607,25.205178,102.369195,0.787236622,-0.839223735,-0.044045255,0.000000,6,1.023691950,102.369194994,94.724891595,94.724891595,0.000000000,auto_capture
pid,SWING_UP,5.251,-8.310185,28.721156,50.452587,0.936093916,-6.233259001,-0.145040082,0.000000,6,0.504525875,50.452587495,49.038276996,49.038276996,0.000000000,auto_capture
pid,SWING_UP,5.271,-16.042409,33.121156,-1.663418,0.952803348,-6.769128798,-0.279992850,0.000000,6,-0.016634175,-1.663417504,3.176192596,3.176192596,0.000000000,auto_capture
pid,SWING_UP,5.292,-23.820440,37.464498,-53.584565,0.930070413,-6.683875254,-0.415745108,0.000000,6,-0.535845650,-53.584565001,-42.514417201,-42.514417201,0.000000000,auto_capture
pid,SWING_UP,5.313,-26.094487,38.810476,-49.464144,0.745579841,0.440797719,-0.455434710,0.000000,6,-0.494641436,-49.464143586,-35.331531133,-35.331531133,0.000000000,auto_capture
pid,SWING_UP,5.334,-23.980954,37.683761,-28.000000,0.769262836,2.140943971,-0.418546612,0.000000,6,-0.280000000,-28.000000000,-20.000000000,-20.000000000,0.000000000,auto_capture
pid,SWING_UP,5.354,-20.879261,35.866366,-28.000000,0.793037495,2.915690864,-0.364411844,0.000000,6,-0.280000000,-28.000000000,-20.000000000,-20.000000000,0.000000000,auto_capture
pid,SWING_UP,5.375,-16.871525,33.432102,-28.000000,0.823458146,3.726521538,-0.294463668,0.000000,6,-0.280000000,-28.000000000,-20.000000000,-20.000000000,0.000000000,auto_capture
pid,SWING_UP,5.396,-11.868266,30.374721,-1.950990,0.861748857,4.618906090,-0.207140312,0.000000,6,-0.019509900,-1.950990006,2.923128794,2.923128794,0.000000000,auto_capture
pid,SWING_UP,5.417,-6.564792,27.065501,49.905030,0.857620492,4.341468002,-0.114577239,0.000000,6,0.499050300,49.905029993,48.556426394,48.556426394,0.000000000,auto_capture
pid,SWING_UP,5.437,-3.709383,24.836750,56.299924,0.792638858,1.471472173,-0.064740951,0.000000,6,0.562999244,56.299924352,49.016149396,49.016149396,0.000000000,auto_capture
pid,SWING_UP,5.458,-4.728232,24.384858,4.188284,0.792258690,-1.482739867,-0.082523224,0.000000,6,0.041882844,4.188284354,3.157906198,3.157906198,0.000000000,auto_capture
pid,SWING_UP,5.479,-6.900169,24.446095,-47.015066,0.794128604,-1.744330917,-0.120430663,0.000000,6,-0.470150656,-47.015065649,-41.901041806,-41.901041806,0.000000000,auto_capture
pid,SWING_UP,5.499,-7.252747,23.613835,-47.979403,0.782563032,0.475043427,-0.126584321,0.000000,6,-0.479794032,-47.979403154,-33.940492002,-33.940492002,0.000000000,auto_capture
pid,SWING_UP,5.520,-4.959017,21.486705,4.059952,0.804472961,2.299010615,-0.086551177,0.000000,6,0.040599519,4.059951851,11.854140402,11.854140402,0.000000000,auto_capture
pid,SWING_UP,5.541,-2.692925,19.326476,40.500348,0.794107072,1.560481101,-0.047000408,0.000000,6,0.405003475,40.500347508,28.928819649,28.928819649,0.000000000,auto_capture
pid,SWING_UP,5.562,-2.310011,18.018625,-10.807240,0.784487279,0.039230709,-0.040317301,0.000000,6,-0.108072400,-10.807239993,-16.221857352,-16.221857352,0.000000000,auto_capture
pid,SWING_UP,5.582,-1.896005,16.679793,-7.327351,0.786388932,0.671520870,-0.033091524,0.000000,6,-0.073273511,-7.327351118,-5.233822227,-5.233822227,0.000000000,auto_capture
pid,SWING_UP,5.604,-0.618883,14.863957,7.005665,0.788782246,1.000641951,-0.010801549,0.000000,6,0.105553933,10.555393294,7.539566638,7.539566638,0.000000000,auto_capture
pid,SWING_UP,5.625,0.243948,13.348371,-4.916836,0.787128421,0.763540755,0.004257699,0.000000,6,-0.049168359,-4.916835877,-3.512025627,-3.512025627,0.000000000,auto_capture
pid,SWING_UP,5.645,1.210020,11.724012,1.824714,0.787848193,0.885394821,0.021118831,0.000000,6,0.018247143,1.824714278,1.303367342,1.303367342,0.000000000,auto_capture
pid,SWING_UP,5.666,2.215107,10.085387,1.877784,0.787406711,0.851458766,0.038660907,0.000000,6,0.018777842,1.877784166,1.341274404,1.341274404,0.000000000,auto_capture
pid,SWING_UP,5.687,3.138155,8.495905,1.174519,0.786760216,0.798223806,0.054771134,0.000000,6,0.011745188,1.174518827,0.838942019,0.838942019,0.000000000,auto_capture
pid,SWING_UP,5.708,4.039522,6.934034,2.473853,0.786254246,0.779276405,0.070502966,0.000000,6,0.024738534,2.473853371,1.767038122,1.767038122,0.000000000,auto_capture
pid,SWING_UP,5.728,4.893990,5.417860,2.612505,0.785508364,0.731258502,0.085416232,0.000000,6,0.026125051,2.612505064,1.866075046,1.866075046,0.000000000,auto_capture
pid,SWING_UP,5.749,5.691993,3.957986,2.957160,0.784735571,0.683798775,0.099344026,0.000000,6,0.029571599,2.957159919,2.112257085,2.112257085,0.000000000,auto_capture
pid,SWING_UP,5.770,6.435436,2.559301,3.383834,0.783938936,0.634730621,0.112319550,0.000000,6,0.033838341,3.383834062,2.417024330,2.417024330,0.000000000,auto_capture
pid,SWING_UP,5.791,7.117477,1.230434,3.637619,0.783120147,0.579634942,0.124223407,0.000000,6,0.036376192,3.637619230,2.598299450,2.598299450,0.000000000,auto_capture
pid,SWING_UP,5.812,7.734709,-0.021972,3.904879,0.782324381,0.523090451,0.134996140,0.000000,6,0.039048789,3.904878935,2.789199240,2.789199240,0.000000000,auto_capture
pid,SWING_UP,5.833,8.285999,-1.192763,4.137229,0.781568496,0.464958625,0.144617959,0.000000,6,0.041372291,4.137229111,2.955163651,2.955163651,0.000000000,auto_capture
pid,SWING_UP,5.854,8.769599,-2.276940,4.325738,0.780870575,0.405573561,0.153058372,0.000000,6,0.043257383,4.325738252,3.089813037,3.089813037,0.000000000,auto_capture
pid,SWING_UP,5.875,9.184579,-3.270343,4.481059,0.780246928,0.345610137,0.160301137,0.000000,6,0.044810592,4.481059152,3.200756537,3.200756537,0.000000000,auto_capture
pid,SWING_UP,5.895,9.530663,-4.169595,4.604041,0.779709581,0.285405968,0.166341448,0.000000,6,0.046040406,4.604040579,3.288600414,3.288600414,0.000000000,auto_capture
pid,SWING_UP,5.916,9.807821,-4.971913,4.704860,0.779268230,0.225438980,0.171178771,0.000000,6,0.047048605,4.704860467,3.360614619,3.360614619,0.000000000,auto_capture
pid,SWING_UP,5.937,10.016621,-5.675284,4.775176,0.778928706,0.165775415,0.174823008,0.000000,6,0.047751759,4.775175940,3.410839957,3.410839957,0.000000000,auto_capture
pid,SWING_UP,5.958,10.157361,-6.278056,4.815092,0.778695432,0.106618602,0.177279400,0.000000,6,0.048150921,4.815092086,3.439351490,3.439351490,0.000000000,auto_capture
pid,SWING_UP,5.978,10.230961,-6.779355,4.829941,0.778570049,0.048212042,0.178563949,0.000000,6,0.048299410,4.829941048,3.449957891,3.449957891,0.000000000,auto_capture
pid,SWING_UP,5.999,10.238274,-7.178763,4.817198,0.778552203,-0.009370970,0.178691592,0.000000,6,0.048171981,4.817198078,3.440855770,3.440855770,0.000000000,auto_capture
pid,SWING_UP,6.020,10.180447,-7.476477,4.781407,0.778639437,-0.065934690,0.177682319,0.000000,6,0.047814071,4.781407111,3.415290793,3.415290793,0.000000000,auto_capture
pid,SWING_UP,6.041,10.058594,-7.673152,4.715029,0.778827751,-0.121525892,0.175555589,0.000000,6,0.047150289,4.715028889,3.367877778,3.367877778,0.000000000,auto_capture
pid,SWING_UP,6.061,9.874125,-7.770044,4.630327,0.779110981,-0.175822077,0.172335992,0.000000,6,0.046303269,4.630326857,3.307376326,3.307376326,0.000000000,auto_capture
pid,SWING_UP,6.082,9.628362,-7.768821,4.516803,0.779482058,-0.228940122,0.168046617,0.000000,6,0.045168027,4.516802665,3.226287618,3.226287618,0.000000000,auto_capture
pid,SWING_UP,6.103,9.323061,-7.671797,4.388740,0.779931421,-0.280531975,0.162718109,0.000000,6,0.043887405,4.388740452,3.134814609,3.134814609,0.000000000,auto_capture
pid,SWING_UP,6.124,8.959638,-7.481551,4.231018,0.780449679,-0.330767304,0.156375184,0.000000,6,0.042310180,4.231018028,3.022155734,3.022155734,0.000000000,auto_capture
pid,SWING_UP,6.144,8.540181,-7.201394,4.057944,0.781024445,-0.379272904,0.149054285,0.000000,6,0.040579442,4.057944216,2.898531583,2.898531583,0.000000000,auto_capture
pid,SWING_UP,6.165,8.066263,-6.834792,3.843681,0.781645088,-0.426414385,0.140782851,0.000000,6,0.038436812,3.843681218,2.745486584,2.745486584,0.000000000,auto_capture
pid,SWING_UP,6.186,7.540115,-6.385900,3.622664,0.782295711,-0.471355170,0.131599825,0.000000,6,0.036226637,3.622663667,2.587616905,2.587616905,0.000000000,auto_capture
pid,SWING_UP,6.207,6.964307,-5.859402,3.395405,0.782961821,-0.514051645,0.121550094,0.000000,6,0.033954049,3.395404916,2.425289226,2.425289226,0.000000000,auto_capture
pid,SWING_UP,6.227,6.340850,-5.260061,3.120704,0.783632016,-0.555098283,0.110668711,0.000000,6,0.031207039,3.120703895,2.229074211,2.229074211,0.000000000,auto_capture
pid,SWING_UP,6.249,5.672762,-4.593443,2.838964,0.784286356,-0.593310076,0.099008381,0.000000,6,0.028389636,2.838963626,2.027831161,2.027831161,0.000000000,auto_capture
pid,SWING_UP,6.269,4.963047,-3.865410,2.526844,0.784910692,-0.628871293,0.086621516,0.000000,6,0.025268444,2.526844443,1.804888888,1.804888888,0.000000000,auto_capture
pid,SWING_UP,6.290,4.215207,-3.082348,2.195926,0.785487390,-0.661216840,0.073569244,0.000000,6,0.021959257,2.195925695,1.568518354,1.568518354,0.000000000,auto_capture
pid,SWING_UP,6.311,3.433028,-2.251034,1.829187,0.786002098,-0.690338538,0.059917639,0.000000,6,0.018291870,1.829187037,1.306562170,1.306562170,0.000000000,auto_capture
pid,SWING_UP,6.331,2.620584,-1.378617,1.446811,0.786436831,-0.715401998,0.045737821,0.000000,6,0.014468107,1.446810719,1.033436228,1.033436228,0.000000000,auto_capture
pid,SWING_UP,6.352,1.784026,-0.473430,1.090961,0.786771501,-0.735137066,0.031137125,0.000000,6,0.010909607,1.090960654,0.779257610,0.779257610,0.000000000,auto_capture
pid,SWING_UP,6.373,0.927646,0.456887,0.659075,0.787005682,-0.751184222,0.016190481,0.000000,6,0.006590747,0.659074706,0.470767647,0.470767647,0.000000000,auto_capture
pid,SWING_UP,6.394,0.057876,1.403546,0.227208,0.787119116,-0.761465130,0.001010126,0.000000,6,0.002272080,0.227208014,0.162291439,0.162291439,0.000000000,auto_capture
pid,SWING_UP,6.415,-0.814969,2.355841,-1.268422,0.787056091,-0.757592383,-0.014223895,0.000000,6,-0.012684218,-1.268421778,-0.906015556,-0.906015556,0.000000000,auto_capture
pid,SWING_UP,6.436,-1.650578,3.288986,-1.362688,0.786689525,-0.716299601,-0.028808016,0.000000,6,-0.013626881,-1.362688078,-0.973348627,-0.973348627,0.000000000,auto_capture
pid,SWING_UP,6.457,-2.436965,4.191474,-1.681891,0.786271810,-0.675776251,-0.042533059,0.000000,6,-0.016818911,-1.681891056,-1.201350754,-1.201350754,0.000000000,auto_capture
pid,SWING_UP,6.478,-3.177778,5.059403,-2.125768,0.785804936,-0.634096638,-0.055462694,0.000000,6,-0.021257681,-2.125768080,-1.518405772,-1.518405772,0.000000000,auto_capture
pid,SWING_UP,6.498,-3.864602,5.883546,-2.381712,0.785280446,-0.585815799,-0.067450033,0.000000,6,-0.023817122,-2.381712248,-1.701223034,-1.701223034,0.000000000,auto_capture
pid,SWING_UP,6.519,-4.494701,6.657651,-2.662049,0.784742469,-0.536017954,-0.078447326,0.000000,6,-0.026620489,-2.662048942,-1.901463530,-1.901463530,0.000000000,auto_capture
pid,SWING_UP,6.540,-5.065865,7.376081,-2.892500,0.784203342,-0.483765264,-0.088416026,0.000000,6,-0.028924997,-2.892499717,-2.066071226,-2.066071226,0.000000000,auto_capture
pid,SWING_UP,6.560,-5.575536,8.033423,-3.087754,0.783682945,-0.429941572,-0.097311467,0.000000,6,-0.030877540,-3.087753960,-2.205538543,-2.205538543,0.000000000,auto_capture
pid,SWING_UP,6.581,-6.023074,8.625567,-3.273278,0.783197776,-0.375477767,-0.105122480,0.000000,6,-0.032732776,-3.273277574,-2.338055410,-2.338055410,0.000000000,auto_capture
pid,SWING_UP,6.602,-6.407664,9.148742,-3.429044,0.782759229,-0.320371820,-0.111834838,0.000000,6,-0.034290444,-3.429044429,-2.449317450,-2.449317450,0.000000000,auto_capture
pid,SWING_UP,6.622,-6.728480,9.599603,-3.534232,0.782377330,-0.264561743,-0.117434122,0.000000,6,-0.035342324,-3.534232397,-2.524451712,-2.524451712,0.000000000,auto_capture
pid,SWING_UP,6.643,-6.985584,9.975655,-3.630131,0.782062129,-0.209164598,-0.121921448,0.000000,6,-0.036301309,-3.630130875,-2.592950625,-2.592950625,0.000000000,auto_capture
pid,SWING_UP,6.664,-7.179257,10.274951,-3.693053,0.781818186,-0.153783858,-0.125301671,0.000000,6,-0.036930531,-3.693053074,-2.637895053,-2.637895053,0.000000000,auto_capture
pid,SWING_UP,6.685,-7.309831,10.496010,-3.727226,0.781649975,-0.098939602,-0.127580618,0.000000,6,-0.037272256,-3.727225587,-2.662303990,-2.662303990,0.000000000,auto_capture
pid,SWING_UP,6.706,-7.378255,10.638087,-3.737564,0.781558982,-0.044902329,-0.128774836,0.000000,6,-0.037375639,-3.737563931,-2.669688522,-2.669688522,0.000000000,auto_capture
pid,SWING_UP,6.727,-7.385454,10.700862,-3.720663,0.781544854,0.008243618,-0.128900488,0.000000,6,-0.037206625,-3.720662543,-2.657616102,-2.657616102,0.000000000,auto_capture
pid,SWING_UP,6.748,-7.332723,10.684627,-3.684918,0.781605338,0.060204976,-0.127980163,0.000000,6,-0.036849177,-3.684917654,-2.632084039,-2.632084039,0.000000000,auto_capture
pid,SWING_UP,6.769,-7.221378,10.590106,-3.621233,0.781736738,0.111025742,-0.126036822,0.000000,6,-0.036212330,-3.621232995,-2.586594997,-2.586594997,0.000000000,auto_capture
pid,SWING_UP,6.789,-7.052859,10.418502,-3.531247,0.781933931,0.160550466,-0.123095615,0.000000,6,-0.035312471,-3.531247103,-2.522319359,-2.522319359,0.000000000,auto_capture
pid,SWING_UP,6.810,-6.828963,10.171590,-3.429210,0.782189947,0.208457396,-0.119187883,0.000000,6,-0.034292102,-3.429210222,-2.449435873,-2.449435873,0.000000000,auto_capture
pid,SWING_UP,6.831,-6.551349,9.851474,-3.296909,0.782497579,0.254926182,-0.114342612,0.000000,6,-0.032969085,-3.296908502,-2.354934644,-2.354934644,0.000000000,auto_capture
pid,SWING_UP,6.852,-6.221824,9.460708,-3.140624,0.782847886,0.299674139,-0.108591313,0.000000,6,-0.032197789,-3.219778906,-2.299842076,-2.299842076,0.000000000,auto_capture
pid,SWING_UP,6.873,-5.842910,9.002550,-2.976203,0.783229935,0.342254405,-0.101978022,0.000000,6,-0.029762031,-2.976203075,-2.125859340,-2.125859340,0.000000000,auto_capture
pid,SWING_UP,6.894,-5.416695,8.480400,-2.778670,0.783634477,0.382994376,-0.094539168,0.000000,6,-0.027786701,-2.778670121,-1.984764372,-1.984764372,0.000000000,auto_capture
pid,SWING_UP,6.915,-4.945862,7.898272,-2.575252,0.784048440,0.421158931,-0.086321571,0.000000,6,-0.025752525,-2.575252453,-1.839466038,-1.839466038,0.000000000,auto_capture
pid,SWING_UP,6.936,-4.433031,7.260464,-2.336453,0.784461965,0.457133619,-0.077370979,0.000000,6,-0.023364531,-2.336453141,-1.668895101,-1.668895101,0.000000000,auto_capture
pid,SWING_UP,6.957,-3.881344,6.571814,-2.085807,0.784861222,0.490214663,-0.067742240,0.000000,6,-0.020858065,-2.085806515,-1.489861796,-1.489861796,0.000000000,auto_capture
pid,SWING_UP,6.978,-3.294218,5.837559,-1.815463,0.785234500,0.520310834,-0.057494947,0.000000,6,-0.018154635,-1.815463491,-1.296759636,-1.296759636,0.000000000,auto_capture
pid,SWING_UP,6.999,-2.675361,5.063324,-1.520449,0.785570261,0.547257109,-0.046693850,0.000000,6,-0.015204488,-1.520448790,-1.086034850,-1.086034850,0.000000000,auto_capture
pid,SWING_UP,7.019,-2.028278,4.254866,-1.201752,0.785856990,0.570709144,-0.035400130,0.000000,6,-0.012017522,-1.201752220,-0.970193920,-0.970193920,0.000000000,auto_capture
pid,SWING_UP,7.040,-1.358020,3.418865,-0.887828,0.786081149,0.589780803,-0.023701929,0.000000,6,-0.008878282,-0.887828249,-0.634163035,-0.634163035,0.000000000,auto_capture
pid,SWING_UP,7.060,-0.669231,2.561983,-0.546239,0.786236432,0.604813897,-0.011680286,0.000000,6,-0.005462393,-0.546239253,-0.390170895,-0.390170895,0.000000000,auto_capture
pid,SWING_UP,7.081,0.032602,1.691420,-0.158141,0.786312441,0.614919667,0.000569013,0.000000,6,-0.001581412,-0.158141220,-0.112958014,-0.112958014,0.000000000,auto_capture
pid,SWING_UP,7.102,0.738988,0.815885,0.934655,0.786275696,0.614071224,0.012897775,0.000000,6,0.009346549,0.934654939,0.667610671,0.667610671,0.000000000,auto_capture
pid,SWING_UP,7.123,1.420955,-0.046278,0.993237,0.786053723,0.586172058,0.024800347,0.000000,6,0.009932371,0.993237079,0.709455056,0.709455056,0.000000000,auto_capture
pid,SWING_UP,7.143,2.069507,-0.886076,1.282079,0.785794509,0.559117686,0.036119717,0.000000,6,0.012820786,1.282078645,0.915770461,0.915770461,0.000000000,auto_capture
pid,SWING_UP,7.164,2.687418,-1.700218,1.686519,0.785494484,0.530576886,0.046904297,0.000000,6,0.016865189,1.686518876,1.204656340,1.204656340,0.000000000,auto_capture
pid,SWING_UP,7.185,3.265676,-2.480115,1.871306,0.785140798,0.494471426,0.056996805,0.000000,6,0.018713059,1.871305924,1.336647088,1.336647088,0.000000000,auto_capture
pid,SWING_UP,7.206,3.801915,-3.220509,2.148105,0.784774799,0.457813381,0.066355934,0.000000,6,0.021481046,2.148104594,1.534360424,1.534360424,0.000000000,auto_capture
pid,SWING_UP,7.227,4.294103,-3.916575,2.380877,0.784398177,0.418241864,0.074946244,0.000000,6,0.023808770,2.380876996,1.700626426,1.700626426,0.000000000,auto_capture
pid,SWING_UP,7.248,4.738399,-4.562924,2.552262,0.784024329,0.375983540,0.082700669,0.000000,6,0.025522617,2.552261682,1.823044059,1.823044059,0.000000000,auto_capture
pid,SWING_UP,7.269,5.133479,-5.155654,2.724603,0.783668880,0.332721771,0.089596116,0.000000,6,0.027246031,2.724603074,1.946145053,1.946145053,0.000000000,auto_capture
pid,SWING_UP,7.289,5.477880,-5.691127,2.868544,0.783340280,0.288236490,0.095607036,0.000000,6,0.027978958,2.797895789,1.998496992,1.998496992,0.000000000,auto_capture
pid,SWING_UP,7.310,5.770653,-6.166288,2.987641,0.783047555,0.242953140,0.100716897,0.000000,6,0.029876409,2.987640920,2.134029228,2.134029228,0.000000000,auto_capture
pid,SWING_UP,7.330,6.011011,-6.578506,3.078320,0.782797902,0.197104423,0.104911942,0.000000,6,0.030783196,3.078319607,2.198799719,2.198799719,0.000000000,auto_capture
pid,SWING_UP,7.351,6.198687,-6.925754,3.148309,0.782597156,0.151118638,0.108187506,0.000000,6,0.031483094,3.148309368,2.248792406,2.248792406,0.000000000,auto_capture
pid,SWING_UP,7.372,6.333670,-7.206488,3.193353,0.782449131,0.105147438,0.110543398,0.000000,6,0.031933529,3.193352943,2.280966388,2.280966388,0.000000000,auto_capture
pid,SWING_UP,7.393,6.416166,-7.419633,3.215938,0.782356320,0.059467020,0.111983221,0.000000,6,0.032159384,3.215938413,2.297098866,2.297098866,0.000000000,auto_capture
pid,SWING_UP,7.414,6.446741,-7.564650,3.218469,0.782319537,0.014303983,0.112516859,0.000000,6,0.032184687,3.218468660,2.298906186,2.298906186,0.000000000,auto_capture
pid,SWING_UP,7.435,6.426055,-7.641407,3.196956,0.782338258,-0.030242139,0.112155825,0.000000,6,0.031969558,3.196955784,2.283539846,2.283539846,0.000000000,auto_capture
pid,SWING_UP,7.456,6.355006,-7.650245,3.155295,0.782410621,-0.073926873,0.110915785,0.000000,6,0.031552947,3.155294656,2.253781897,2.253781897,0.000000000,auto_capture
pid,SWING_UP,7.476,6.234754,-7.591985,3.094432,0.782533423,-0.116578844,0.108816993,0.000000,6,0.030944319,3.094431871,2.210308479,2.210308479,0.000000000,auto_capture
pid,SWING_UP,7.497,6.056869,-7.459909,3.004616,0.782712121,-0.160181982,0.105712314,0.000000,6,0.030046164,3.004616395,2.146154568,2.146154568,0.000000000,auto_capture
pid,SWING_UP,7.518,5.851847,-7.279441,2.912424,0.782912352,-0.198245448,0.102134001,0.000000,6,0.029124240,2.912424039,2.080302885,2.080302885,0.000000000,auto_capture
pid,SWING_UP,7.540,5.578194,-7.014758,2.779445,0.783170197,-0.238966870,0.097357857,0.000000,6,0.027794452,2.779445171,1.985317980,1.985317980,0.000000000,auto_capture
pid,SWING_UP,7.560,5.289742,-6.718584,2.652550,0.783429193,-0.274015415,0.092323406,0.000000,6,0.026525500,2.652549952,1.894678537,1.894678537,0.000000000,auto_capture
pid,SWING_UP,7.581,4.946265,-6.351481,2.494131,0.783721312,-0.309277426,0.086328604,0.000000,6,0.024941307,2.494130741,1.781521958,1.781521958,0.000000000,auto_capture
pid,SWING_UP,7.601,4.563786,-5.930659,2.305773,0.784025827,-0.342776422,0.079653100,0.000000,6,0.023057727,2.305772712,1.646980508,1.646980508,0.000000000,auto_capture
pid,SWING_UP,7.622,4.144983,-5.459846,2.116144,0.784332419,-0.373765717,0.072343600,0.000000,6,0.021161441,2.116144138,1.511531527,1.511531527,0.000000000,auto_capture
pid,SWING_UP,7.645,3.669154,-4.916096,1.894277,0.784647972,-0.403827918,0.064038825,0.000000,6,0.018942768,1.894276794,1.353054853,1.353054853,0.000000000,auto_capture
pid,SWING_UP,7.665,3.184516,-4.355653,1.667416,0.784932786,-0.429745464,0.055580292,0.000000,6,0.016674159,1.667415920,1.191011372,1.191011372,0.000000000,auto_capture
pid,SWING_UP,7.686,2.672597,-3.758516,1.427291,0.785193189,-0.452771006,0.046645610,0.000000,6,0.014272906,1.427290614,1.019493295,1.019493295,0.000000000,auto_capture
pid,SWING_UP,7.706,2.137082,-3.129808,1.184237,0.785419960,-0.472463339,0.037299120,0.000000,6,0.011842365,1.184236531,0.845883237,0.845883237,0.000000000,auto_capture
pid,SWING_UP,7.727,1.609453,-2.507930,0.913911,0.785600208,-0.488623563,0.028090252,0.000000,6,0.009139112,0.913911176,0.652793697,0.652793697,0.000000000,auto_capture
pid,SWING_UP,7.747,1.009260,-1.798658,0.622056,0.785748161,-0.502254243,0.017614905,0.000000,6,0.006220558,0.622055839,0.444325599,0.444325599,0.000000000,auto_capture
pid,SWING_UP,7.768,0.455517,-1.142873,0.362534,0.785830444,-0.510598890,0.007950270,0.000000,6,0.003625342,0.362534187,0.258952991,0.258952991,0.000000000,auto_capture
pid,SWING_UP,7.788,-0.134740,-0.443677,-0.122961,0.785865187,-0.516302228,-0.002351651,0.000000,6,-0.001229612,-0.122961241,-0.087829458,-0.087829458,0.000000000,auto_capture
pid,SWING_UP,7.809,-0.751679,0.290872,-0.773988,0.785798745,-0.508063333,-0.013119266,0.000000,6,-0.007739876,-0.773987552,-0.552848251,-0.552848251,0.000000000,auto_capture
pid,SWING_UP,7.829,-1.286883,0.942409,-0.832756,0.785644440,-0.485647157,-0.022460352,0.000000,6,-0.008327557,-0.832755728,-0.594825520,-0.594825520,0.000000000,auto_capture
pid,SWING_UP,7.850,-1.825687,1.610504,-1.166282,0.785463281,-0.464346854,-0.031864255,0.000000,6,-0.011662820,-1.166282034,-0.833058595,-0.833058595,0.000000000,auto_capture
pid,SWING_UP,7.872,-2.361760,2.287156,-1.445565,0.785230824,-0.437077145,-0.041220494,0.000000,6,-0.014455649,-1.445564881,-1.032546344,-1.032546344,0.000000000,auto_capture
pid,SWING_UP,7.902,-3.040162,3.166545,-1.732124,0.784865228,-0.392902883,-0.053060840,0.000000,6,-0.017321239,-1.732123862,-1.237231330,-1.237231330,0.000000000,auto_capture
pid,SWING_UP,7.923,-3.463595,3.729796,-1.938680,0.784602142,-0.360175373,-0.060451142,0.000000,6,-0.019386802,-1.938680206,-1.384771576,-1.384771576,0.000000000,auto_capture
pid,SWING_UP,7.943,-3.847226,4.252544,-2.099050,0.784338261,-0.325012923,-0.067146762,0.000000,6,-0.020990502,-2.099050184,-1.499321560,-1.499321560,0.000000000,auto_capture
pid,SWING_UP,7.964,-4.205623,4.754020,-2.259966,0.784072265,-0.286742874,-0.073401967,0.000000,6,-0.022599662,-2.259966216,-1.614261583,-1.614261583,0.000000000,auto_capture
pid,SWING_UP,7.985,-4.502777,5.182946,-2.381066,0.783836590,-0.248857740,-0.078588292,0.000000,6,-0.023810662,-2.381066226,-1.700761590,-1.700761590,0.000000000,auto_capture
pid,SWING_UP,8.005,-4.744392,5.544003,-2.486277,0.783635664,-0.212239586,-0.082805266,0.000000,6,-0.024862766,-2.486276629,-1.775911878,-1.775911878,0.000000000,auto_capture
pid,SWING_UP,8.026,-4.955132,5.872967,-2.573805,0.783453263,-0.173061872,-0.086483366,0.000000,6,-0.025738046,-2.573804553,-1.838431824,-1.838431824,0.000000000,auto_capture
pid,SWING_UP,8.047,-5.120558,6.147620,-2.635305,0.783305197,-0.133439333,-0.089370601,0.000000,6,-0.026353050,-2.635304990,-1.882360707,-1.882360707,0.000000000,auto_capture
pid,SWING_UP,8.067,-5.240523,6.366547,-2.678801,0.783194966,-0.093780469,-0.091464382,0.000000,6,-0.026788008,-2.678800806,-1.913429147,-1.913429147,0.000000000,auto_capture
pid,SWING_UP,8.088,-5.315129,6.528766,-2.701850,0.783124558,-0.054246847,-0.092766508,0.000000,6,-0.027018498,-2.701849771,-1.929892693,-1.929892693,0.000000000,auto_capture
pid,SWING_UP,8.109,-5.344677,6.633701,-2.704487,0.783094894,-0.015036228,-0.093282205,0.000000,6,-0.027044866,-2.704486631,-1.931776165,-1.931776165,0.000000000,auto_capture
pid,SWING_UP,8.130,-5.329721,6.681211,-2.688682,0.783105751,0.023630338,-0.093021182,0.000000,6,-0.026886822,-2.688682191,-1.920487279,-1.920487279,0.000000000,auto_capture
pid,SWING_UP,8.151,-5.271021,6.671560,-2.653799,0.783155829,0.061592533,-0.091996670,0.000000,6,-0.026537992,-2.653799243,-1.895570888,-1.895570888,0.000000000,auto_capture
pid,SWING_UP,8.172,-5.169536,6.605415,-2.600328,0.783242843,0.098679897,-0.090225422,0.000000,6,-0.026003277,-2.600327740,-1.857376957,-1.857376957,0.000000000,auto_capture
pid,SWING_UP,8.193,-5.026377,6.483811,-2.527257,0.783363636,0.134743238,-0.087726835,0.000000,6,-0.025272574,-2.527257376,-1.805183840,-1.805183840,0.000000000,auto_capture
pid,SWING_UP,8.214,-4.842947,6.308215,-2.441589,0.783513992,0.169496033,-0.084525366,0.000000,6,-0.024415887,-2.441588730,-1.743991950,-1.743991950,0.000000000,auto_capture
pid,SWING_UP,8.235,-4.620783,6.080443,-2.332659,0.783689434,0.203004377,-0.080647879,0.000000,6,-0.023326589,-2.332658915,-1.666184939,-1.666184939,0.000000000,auto_capture
pid,SWING_UP,8.256,-4.361527,5.802629,-2.213050,0.783884238,0.234846465,-0.076123006,0.000000,6,-0.022130497,-2.213049697,-1.580749784,-1.580749784,0.000000000,auto_capture
pid,SWING_UP,8.276,-4.067063,5.477286,-2.071750,0.784092932,0.265097033,-0.070983638,0.000000,6,-0.020717497,-2.071749691,-1.479821208,-1.479821208,0.000000000,auto_capture
pid,SWING_UP,8.297,-3.739566,5.107311,-1.914645,0.784309021,0.293475922,-0.065267733,0.000000,6,-0.019146448,-1.914644757,-1.367603398,-1.367603398,0.000000000,auto_capture
pid,SWING_UP,8.318,-3.381316,4.695883,-1.750908,0.784525516,0.319624446,-0.059015095,0.000000,6,-0.017509082,-1.750908234,-1.250648739,-1.250648739,0.000000000,auto_capture
pid,SWING_UP,8.339,-2.994891,4.246541,-1.567513,0.784736421,0.343642717,-0.052270701,0.000000,6,-0.015675127,-1.567512699,-1.119651928,-1.119651928,0.000000000,auto_capture
pid,SWING_UP,8.360,-2.582725,3.762960,-1.364043,0.784935320,0.365348836,-0.045077048,0.000000,6,-0.013640428,-1.364042794,-0.974316282,-0.974316282,0.000000000,auto_capture
pid,SWING_UP,8.381,-2.148248,3.249460,-1.163241,0.785114382,0.384111922,-0.037493993,0.000000,6,-0.011632413,-1.163241309,-0.830886649,-0.830886649,0.000000000,auto_capture
pid,SWING_UP,8.402,-1.694352,2.710280,-0.937965,0.785269399,0.400301288,-0.029572028,0.000000,6,-0.009379647,-0.937964702,-0.669974787,-0.669974787,0.000000000,auto_capture
pid,SWING_UP,8.423,-1.224488,2.150057,-0.706800,0.785393813,0.413346506,-0.021371345,0.000000,6,-0.007068004,-0.706800430,-0.504857450,-0.504857450,0.000000000,auto_capture
pid,SWING_UP,8.444,-0.742367,1.573676,-0.466208,0.785483264,0.423143411,-0.012956747,0.000000,6,-0.004662080,-0.466208021,-0.333005729,-0.333005729,0.000000000,auto_capture
pid,SWING_UP,8.465,-0.227011,0.956537,-0.190698,0.785536552,0.430009400,-0.003962092,0.000000,6,-0.001906976,-0.190697636,-0.136212597,-0.136212597,0.000000000,auto_capture
pid,SWING_UP,8.495,0.489622,0.096097,0.522176,0.785522686,0.429247339,0.008545507,0.000000,6,0.005221761,0.522176125,0.372982946,0.372982946,0.000000000,auto_capture
pid,SWING_UP,8.515,0.968648,-0.489372,0.644854,0.785426253,0.413016055,0.016906096,0.000000,6,0.006448538,0.644853822,0.460609873,0.460609873,0.000000000,auto_capture
pid,SWING_UP,8.536,1.427714,-1.060977,0.877583,0.785305318,0.395959869,0.024918319,0.000000,6,0.008775833,0.877583292,0.626845209,0.626845209,0.000000000,auto_capture
pid,SWING_UP,8.556,1.865481,-1.614864,1.119469,0.785158067,0.376176506,0.032558790,0.000000,6,0.011194691,1.119469075,0.722251071,0.722251071,0.000000000,auto_capture
pid,SWING_UP,8.578,2.277595,-2.145904,1.317930,0.784988469,0.353008749,0.039751530,0.000000,6,0.013179296,1.317929570,0.941378264,0.941378264,0.000000000,auto_capture
pid,SWING_UP,8.598,2.661017,-2.649738,1.493393,0.784805329,0.327282781,0.046443514,0.000000,6,0.014933926,1.493392592,1.066708994,1.066708994,0.000000000,auto_capture
pid,SWING_UP,8.619,3.029968,-3.145179,1.663998,0.784606995,0.298144676,0.052882914,0.000000,6,0.016639980,1.663997986,1.188569990,1.188569990,0.000000000,auto_capture
pid,SWING_UP,8.640,3.347181,-3.581387,1.805525,0.784419076,0.268551690,0.058419323,0.000000,6,0.018055249,1.805524884,1.289660631,1.289660631,0.000000000,auto_capture
pid,SWING_UP,8.661,3.616093,-3.960686,1.927244,0.784247599,0.239189466,0.063112731,0.000000,6,0.018715832,1.871583163,1.336845117,1.336845117,0.000000000,auto_capture
pid,SWING_UP,8.682,3.875191,-4.337289,2.045972,0.784071964,0.205629180,0.067634845,0.000000,6,0.020459722,2.045972161,1.461408686,1.461408686,0.000000000,auto_capture
pid,SWING_UP,8.702,4.073926,-4.637166,2.127439,0.783929955,0.174258651,0.071103415,0.000000,6,0.021274393,2.127439270,1.519599478,1.519599478,0.000000000,auto_capture
pid,SWING_UP,8.723,4.253496,-4.921433,2.205764,0.783796625,0.139128958,0.074237514,0.000000,6,0.022057638,2.205763797,1.575545570,1.575545570,0.000000000,auto_capture
pid,SWING_UP,8.744,4.379072,-5.134392,2.253015,0.783700141,0.106853362,0.076429220,0.000000,6,0.022530148,2.253014817,1.609296298,1.609296298,0.000000000,auto_capture
pid,SWING_UP,8.765,4.477004,-5.319682,2.292408,0.783622952,0.071176726,0.078138458,0.000000,6,0.022924080,2.292408009,1.637434292,1.637434292,0.000000000,auto_capture
pid,SWING_UP,8.785,4.528547,-5.441204,2.306694,0.783581014,0.038858931,0.079038052,0.000000,6,0.023066938,2.306693806,1.647638433,1.647638433,0.000000000,auto_capture
pid,SWING_UP,8.806,4.544874,-5.524112,2.307290,0.783566178,0.003496455,0.079323018,0.000000,6,0.023072898,2.307289787,1.649712487,1.649712487,0.000000000,auto_capture
pid,SWING_UP,8.827,4.523293,-5.552549,2.290696,0.783580972,-0.028103027,0.078946362,0.000000,6,0.022906964,2.290696427,1.636211734,1.636211734,0.000000000,auto_capture
pid,SWING_UP,8.848,4.463891,-5.534963,2.256603,0.783624447,-0.060745713,0.077909603,0.000000,6,0.022566034,2.256603445,1.625165358,1.625165358,0.000000000,auto_capture
pid,SWING_UP,8.869,4.367741,-5.469294,2.206605,0.783694681,-0.092591646,0.076231459,0.000000,6,0.022066049,2.206604892,1.576146352,1.576146352,0.000000000,auto_capture
pid,SWING_UP,8.890,4.228331,-5.349661,2.134385,0.783794476,-0.125033353,0.073798296,0.000000,6,0.021343849,2.134384906,1.524560647,1.524560647,0.000000000,auto_capture
pid,SWING_UP,8.920,3.973843,-5.102073,2.011451,0.783969049,-0.167675313,0.069356638,0.000000,6,0.020114509,2.011450892,1.436750637,1.436750637,0.000000000,auto_capture
pid,SWING_UP,8.941,3.758389,-4.878066,1.904001,0.784109013,-0.195533497,0.065596254,0.000000,6,0.019040009,1.904000870,1.360000621,1.360000621,0.000000000,auto_capture
pid,SWING_UP,8.962,3.512353,-4.613047,1.786979,0.784259661,-0.221776838,0.061302127,0.000000,6,0.017869791,1.786979128,1.276413663,1.276413663,0.000000000,auto_capture
pid,SWING_UP,8.983,3.237582,-4.309441,1.653838,0.784416543,-0.246393620,0.056506464,0.000000,6,0.016538376,1.653837619,1.181312585,1.181312585,0.000000000,auto_capture
pid,SWING_UP,9.003,2.936149,-3.969984,1.511796,0.784574484,-0.269077758,0.051245465,0.000000,6,0.015738087,1.573808734,1.124149096,1.124149096,0.000000000,auto_capture
pid,SWING_UP,9.023,2.610368,-3.597714,1.352038,0.784728922,-0.289869702,0.045559515,0.000000,6,0.013520384,1.352038424,0.965741732,0.965741732,0.000000000,auto_capture
pid,SWING_UP,9.044,2.244490,-3.174969,1.168634,0.784881919,-0.309421256,0.039173747,0.000000,6,0.011686339,1.168633876,0.834738483,0.834738483,0.000000000,auto_capture
pid,SWING_UP,9.065,1.895320,-2.767886,1.009143,0.785006671,-0.324555509,0.033079577,0.000000,6,0.010091435,1.009143487,0.720816777,0.720816777,0.000000000,auto_capture
pid,SWING_UP,9.086,1.511532,-2.317615,0.808387,0.785121847,-0.338521736,0.026381205,0.000000,6,0.008083872,0.808387161,0.577419401,0.577419401,0.000000000,auto_capture
pid,SWING_UP,9.107,1.114139,-1.848966,0.611859,0.785214532,-0.349541589,0.019445386,0.000000,6,0.006118588,0.611858848,0.437042034,0.437042034,0.000000000,auto_capture
pid,SWING_UP,9.128,0.706504,-1.366172,0.408156,0.785282039,-0.357725600,0.012330817,0.000000,6,0.004081559,0.408155899,0.291539928,0.291539928,0.000000000,auto_capture
pid,SWING_UP,9.148,0.291867,-0.873492,0.194416,0.785321998,-0.363004509,0.005094038,0.000000,6,0.003017222,0.301722188,0.215515849,0.215515849,0.000000000,auto_capture
pid,SWING_UP,9.170,-0.126185,-0.375410,-0.125333,0.785332231,-0.365096885,-0.002202337,0.000000,6,-0.001253331,-0.125333116,-0.089523655,-0.089523655,0.000000000,auto_capture
pid,SWING_UP,9.191,-0.541200,0.122218,-0.490292,0.785299562,-0.359536776,-0.009445713,0.000000,6,-0.004902920,-0.490292012,-0.350208580,-0.350208580,0.000000000,auto_capture
pid,SWING_UP,9.211,-0.941702,0.611177,-0.589675,0.785224174,-0.345388732,-0.016435807,0.000000,6,-0.005896749,-0.589674903,-0.421196359,-0.421196359,0.000000000,auto_capture
pid,SWING_UP,9.232,-1.325579,1.087671,-0.805164,0.785133292,-0.331023342,-0.023135713,0.000000,6,-0.008051642,-0.805164205,-0.575117289,-0.575117289,0.000000000,auto_capture
pid,SWING_UP,9.254,-1.690784,1.548046,-0.989360,0.785022422,-0.313554572,-0.029509745,0.000000,6,-0.009893600,-0.989360024,-0.706685731,-0.706685731,0.000000000,auto_capture
pid,SWING_UP,9.275,-2.033778,1.988064,-1.158041,0.784897799,-0.293675069,-0.035496122,0.000000,6,-0.011580406,-1.158040561,-0.827171829,-0.827171829,0.000000000,auto_capture
pid,SWING_UP,9.296,-2.352133,2.404142,-1.307761,0.784764489,-0.271615214,-0.041052465,0.000000,6,-0.013077613,-1.307761327,-0.934115234,-0.934115234,0.000000000,auto_capture
pid,SWING_UP,9.317,-2.643753,2.793009,-1.446122,0.784628018,-0.247827296,-0.046142199,0.000000,6,-0.014461216,-1.446121631,-1.032944022,-1.032944022,0.000000000,auto_capture
pid,SWING_UP,9.337,-2.906940,3.151751,-1.571928,0.784493214,-0.222567991,-0.050735669,0.000000,6,-0.015719277,-1.571927697,-1.122805498,-1.122805498,0.000000000,auto_capture
pid,SWING_UP,9.358,-3.139774,3.477540,-1.666084,0.784364203,-0.195728581,-0.054799386,0.000000,6,-0.016660837,-1.666083694,-1.190059781,-1.190059781,0.000000000,auto_capture
pid,SWING_UP,9.379,-3.341421,3.768253,-1.767694,0.784246275,-0.168358306,-0.058318804,0.000000,6,-0.017676941,-1.767694090,-1.262638636,-1.262638636,0.000000000,auto_capture
pid,SWING_UP,9.400,-3.510730,4.021826,-1.835986,0.784141846,-0.139860322,-0.061273792,0.000000,6,-0.018359857,-1.835985662,-1.311418330,-1.311418330,0.000000000,auto_capture
pid,SWING_UP,9.422,-3.647025,4.236639,-1.893728,0.784054556,-0.110929471,-0.063652588,0.000000,6,-0.018937280,-1.893727952,-1.352662823,-1.352662823,0.000000000,auto_capture
pid,SWING_UP,9.448,-3.741157,4.395786,-1.940757,0.783992507,-0.084719297,-0.065295515,0.000000,6,-0.019407573,-1.940757321,-1.386255229,-1.386255229,0.000000000,auto_capture
pid,SWING_UP,9.475,-3.816618,4.539565,-1.971943,0.783941353,-0.053887723,-0.066612547,0.000000,6,-0.019719430,-1.971943032,-1.408530737,-1.408530737,0.000000000,auto_capture
pid,SWING_UP,9.501,-3.854764,4.637387,-1.971861,0.783914348,-0.022841165,-0.067278316,0.000000,6,-0.019718611,-1.971861109,-1.408472220,-1.408472220,0.000000000,auto_capture
pid,SWING_UP,9.527,-3.857402,4.686032,-1.968951,0.783911138,0.004803973,-0.067324357,0.000000,6,-0.019689506,-1.968950632,-1.406393308,-1.406393308,0.000000000,auto_capture
pid,SWING_UP,9.556,-3.823282,4.695166,-1.946067,0.783931984,0.036358800,-0.066728856,0.000000,6,-0.019460672,-1.946067239,-1.390048028,-1.390048028,0.000000000,auto_capture
pid,SWING_UP,9.580,-3.762211,4.662600,-1.910271,0.783970271,0.063064360,-0.065662976,0.000000,6,-0.019102711,-1.910271090,-1.364479350,-1.364479350,0.000000000,auto_capture
pid,SWING_UP,9.610,-3.608182,4.536498,-1.833371,0.784065096,0.103597505,-0.062974649,0.000000,6,-0.018333713,-1.833371261,-1.309550901,-1.309550901,0.000000000,auto_capture
pid,SWING_UP,9.637,-3.467880,4.403184,-1.764209,0.784148507,0.129464414,-0.060525925,0.000000,6,-0.018004212,-1.800421199,-1.286015142,-1.286015142,0.000000000,auto_capture
pid,SWING_UP,9.658,-3.298668,4.231970,-1.673112,0.784245155,0.154354309,-0.057572611,0.000000,6,-0.016731115,-1.673111506,-1.195079647,-1.195079647,0.000000000,auto_capture
pid,SWING_UP,9.678,-3.102312,4.024720,-1.583677,0.784351159,0.177641474,-0.054145556,0.000000,6,-0.015836771,-1.583677107,-1.131197934,-1.131197934,0.000000000,auto_capture
pid,SWING_UP,9.699,-2.880279,3.783353,-1.472146,0.784463800,0.199695978,-0.050270359,0.000000,6,-0.014721463,-1.472146250,-1.051533036,-1.051533036,0.000000000,auto_capture
pid,SWING_UP,9.719,-2.634397,3.510136,-1.354567,0.784578992,0.220055311,-0.045978907,0.000000,6,-0.013545672,-1.354567212,-0.967548008,-0.967548008,0.000000000,auto_capture
pid,SWING_UP,9.740,-2.366417,3.207474,-1.218152,0.784693547,0.238843279,-0.041301762,0.000000,6,-0.012181518,-1.218151842,-0.870108459,-0.870108459,0.000000000,auto_capture
pid,SWING_UP,9.760,-2.078583,2.878157,-1.078689,0.784803156,0.255610274,-0.036278119,0.000000,6,-0.010786886,-1.078688634,-0.770491881,-0.770491881,0.000000000,auto_capture
pid,SWING_UP,9.780,-1.773373,2.525233,-0.937623,0.784904100,0.270203682,-0.030951199,0.000000,6,-0.009376226,-0.937622555,-0.669730396,-0.669730396,0.000000000,auto_capture
pid,SWING_UP,9.801,-1.452975,2.151740,-0.775226,0.784993993,0.282913775,-0.025359206,0.000000,6,-0.007752255,-0.775225504,-0.553732503,-0.553732503,0.000000000,auto_capture
pid,SWING_UP,9.822,-1.119848,1.760956,-0.600860,0.785069434,0.293420101,-0.019545040,0.000000,6,-0.006008596,-0.600859595,-0.429185425,-0.429185425,0.000000000,auto_capture
pid,SWING_UP,9.843,-0.776839,1.356436,-0.429222,0.785127077,0.301307069,-0.013558401,0.000000,6,-0.004292225,-0.429222471,-0.306587480,-0.306587480,0.000000000,auto_capture
pid,SWING_UP,9.864,-0.426985,0.941905,-0.258454,0.785164933,0.306524482,-0.007452287,0.000000,6,-0.002584541,-0.258454124,-0.184610089,-0.184610089,0.000000000,auto_capture
pid,SWING_UP,9.885,-0.073185,0.521082,-0.074198,0.785182324,0.309290992,-0.001277325,0.000000,6,-0.000741977,-0.074197740,-0.052998386,-0.052998386,0.000000000,auto_capture
pid,SWING_UP,9.906,0.281109,0.097981,0.270955,0.785175769,0.308420131,0.004906284,0.000000,6,0.002709548,0.270954776,0.193539126,0.193539126,0.000000000,auto_capture
pid,SWING_UP,9.927,0.628335,-0.321443,0.447447,0.785136509,0.300043458,0.010966516,0.000000,6,0.004474474,0.447447351,0.319605251,0.319605251,0.000000000,auto_capture
pid,SWING_UP,9.947,0.962423,-0.731945,0.577903,0.785077068,0.288281620,0.016797447,0.000000,6,0.005779027,0.577902675,0.412787625,0.412787625,0.000000000,auto_capture
pid,SWING_UP,9.968,1.282412,-1.130733,0.766989,0.785005306,0.275495715,0.022382312,0.000000,6,0.007669893,0.766989292,0.547849494,0.547849494,0.000000000,auto_capture
pid,SWING_UP,9.989,1.585309,-1.514157,0.910334,0.784919678,0.259746462,0.027668858,0.000000,6,0.009103336,0.910333563,0.650238259,0.650238259,0.000000000,auto_capture
pid,SWING_UP,10.010,1.868432,-1.878813,1.044394,0.784825783,0.242079538,0.032610295,0.000000,6,0.010443940,1.044393983,0.745995702,0.745995702,0.000000000,auto_capture
pid,SWING_UP,10.031,2.130049,-2.221865,1.174857,0.784727516,0.222850643,0.037176360,0.000000,6,0.011748571,1.174857128,0.839183663,0.839183663,0.000000000,auto_capture
pid,SWING_UP,10.052,2.368200,-2.540510,1.282512,0.784627930,0.201910683,0.041332882,0.000000,6,0.012825119,1.282511865,0.916079904,0.916079904,0.000000000,auto_capture
pid,SWING_UP,10.072,2.581311,-2.832275,1.383435,0.784531195,0.179832235,0.045052376,0.000000,6,0.013834345,1.383434539,0.988167528,0.988167528,0.000000000,auto_capture
pid,SWING_UP,10.094,2.776970,-3.107440,1.476820,0.784435995,0.155557871,0.048467265,0.000000,6,0.014768198,1.476819753,1.054871252,1.054871252,0.000000000,auto_capture
pid,SWING_UP,10.114,2.927947,-3.326965,1.538386,0.784358070,0.132593713,0.051102314,0.000000,6,0.015383863,1.538386261,1.098847329,1.098847329,0.000000000,auto_capture
pid,SWING_UP,10.135,3.065376,-3.535467,1.602139,0.784284148,0.106778418,0.053500896,0.000000,6,0.016021395,1.602139493,1.144385352,1.144385352,0.000000000,auto_capture
pid,SWING_UP,10.156,3.162487,-3.692000,1.641810,0.784229905,0.082902864,0.055195803,0.000000,6,0.016418103,1.641810294,1.172721639,1.172721639,0.000000000,auto_capture
pid,SWING_UP,10.177,3.239459,-3.828509,1.675821,0.784185687,0.056369152,0.056539231,0.000000,6,0.016758206,1.675820624,1.197014732,1.197014732,0.000000000,auto_capture
pid,SWING_UP,10.198,3.281436,-3.918312,1.688714,0.784160773,0.032194232,0.057271856,0.000000,6,0.016887141,1.688714141,1.206224386,1.206224386,0.000000000,auto_capture
pid,SWING_UP,10.218,3.297309,-3.977866,1.691933,0.784150581,0.006923132,0.057548891,0.000000,6,0.016919331,1.691933053,1.208523610,1.208523610,0.000000000,auto_capture
pid,SWING_UP,10.239,3.284437,-4.001453,1.681222,0.784156758,-0.018084330,0.057324246,0.000000,6,0.016812224,1.681222368,1.200873120,1.200873120,0.000000000,auto_capture
pid,SWING_UP,10.260,3.243250,-3.989238,1.657959,0.784178785,-0.042649347,0.056605394,0.000000,6,0.016579588,1.657958801,1.184256286,1.184256286,0.000000000,auto_capture
pid,SWING_UP,10.280,3.174378,-3.941675,1.621011,0.784215679,-0.066647088,0.055403347,0.000000,6,0.016210106,1.621010553,1.157864681,1.157864681,0.000000000,auto_capture
pid,SWING_UP,10.311,3.014810,-3.799869,1.539592,0.784298781,-0.102314636,0.052618358,0.000000,6,0.015395916,1.539591620,1.099708300,1.099708300,0.000000000,auto_capture
pid,SWING_UP,10.331,2.886687,-3.673522,1.475603,0.784362676,-0.123083379,0.050382198,0.000000,6,0.014756034,1.475603417,1.054002441,1.054002441,0.000000000,auto_capture
pid,SWING_UP,10.351,2.719631,-3.500632,1.387771,0.784442105,-0.144977985,0.047466513,0.000000,6,0.013877709,1.387770925,0.991264947,0.991264947,0.000000000,auto_capture
pid,SWING_UP,10.372,2.546897,-3.315725,1.307710,0.784519220,-0.163431141,0.044451736,0.000000,6,0.013077104,1.307710387,0.934078848,0.934078848,0.000000000,auto_capture
pid,SWING_UP,10.392,2.344248,-3.093593,1.201764,0.784603744,-0.181756417,0.040914841,0.000000,6,0.012017636,1.201763591,0.858402565,0.858402565,0.000000000,auto_capture
pid,SWING_UP,10.413,2.110309,-2.832264,1.085689,0.784692700,-0.199268224,0.036831834,0.000000,6,0.010856889,1.085688861,0.775492043,0.775492043,0.000000000,auto_capture
pid,SWING_UP,10.434,1.881877,-2.573285,0.978378,0.784770607,-0.213451750,0.032844958,0.000000,6,0.009783781,0.978378052,0.698841466,0.698841466,0.000000000,auto_capture
pid,SWING_UP,10.455,1.625852,-2.279842,0.842828,0.784848090,-0.226971824,0.028376477,0.000000,6,0.008428278,0.842827833,0.602019880,0.602019880,0.000000000,auto_capture
pid,SWING_UP,10.476,1.356025,-1.967704,0.709171,0.784917498,-0.238427393,0.023667093,0.000000,6,0.007091711,0.709171100,0.506550786,0.506550786,0.000000000,auto_capture
pid,SWING_UP,10.496,1.074752,-1.639760,0.571865,0.784976670,-0.247842083,0.018757958,0.000000,6,0.005718650,0.571865013,0.408475010,0.408475010,0.000000000,auto_capture
pid,SWING_UP,10.517,0.784338,-1.298962,0.420889,0.785024030,-0.255341033,0.013689273,0.000000,6,0.004208892,0.420889155,0.300635111,0.300635111,0.000000000,auto_capture
pid,SWING_UP,10.537,0.487210,-0.948393,0.269835,0.785057375,-0.260558078,0.008503417,0.000000,6,0.002698352,0.269835235,0.192739453,0.192739453,0.000000000,auto_capture
pid,SWING_UP,10.558,0.186059,-0.591313,0.120934,0.785075420,-0.263385979,0.003247345,0.000000,6,0.001209337,0.120933738,0.086381241,0.086381241,0.000000000,auto_capture
pid,SWING_UP,10.579,-0.116601,-0.230939,-0.114746,0.785078347,-0.264177661,-0.002035075,0.000000,6,-0.001147465,-0.114746490,-0.081961779,-0.081961779,0.000000000,auto_capture
pid,SWING_UP,10.599,-0.416506,0.128672,-0.336379,0.785059593,-0.259788707,-0.007269405,0.000000,6,-0.003363791,-0.336379052,-0.240270752,-0.240270752,0.000000000,auto_capture
pid,SWING_UP,10.620,-0.706533,0.482129,-0.425175,0.785020975,-0.250404225,-0.012331330,0.000000,6,-0.004251754,-0.425175437,-0.303696741,-0.303696741,0.000000000,auto_capture
pid,SWING_UP,10.641,-0.985430,0.826817,-0.588194,0.784973451,-0.240565032,-0.017198994,0.000000,6,-0.005881935,-0.588193540,-0.420138243,-0.420138243,0.000000000,auto_capture
pid,SWING_UP,10.662,-1.251074,1.159788,-0.720843,0.784914818,-0.228231645,-0.021835364,0.000000,6,-0.006564880,-0.656488032,-0.468920023,-0.468920023,0.000000000,auto_capture
pid,SWING_UP,10.682,-1.500956,1.477993,-0.838269,0.784848478,-0.213959744,-0.026196617,0.000000,6,-0.008382694,-0.838269434,-0.598763881,-0.598763881,0.000000000,auto_capture
pid,SWING_UP,10.703,-1.733136,1.778745,-0.950560,0.784777577,-0.198170277,-0.030248927,0.000000,6,-0.009505598,-0.950559823,-0.678971302,-0.678971302,0.000000000,auto_capture
pid,SWING_UP,10.724,-1.946231,2.059730,-1.059406,0.784704816,-0.181091739,-0.033968138,0.000000,6,-0.010594055,-1.059405527,-0.756718234,-0.756718234,0.000000000,auto_capture
pid,SWING_UP,10.744,-2.138567,2.318621,-1.152384,0.784632550,-0.162677180,-0.037325031,0.000000,6,-0.011523843,-1.152384258,-0.823131613,-0.823131613,0.000000000,auto_capture
pid,SWING_UP,10.766,-2.308900,2.553428,-1.232437,0.784563441,-0.143187952,-0.040297914,0.000000,6,-0.012324365,-1.232436542,-0.880311816,-0.880311816,0.000000000,auto_capture
pid,SWING_UP,10.787,-2.456147,2.762379,-1.299802,0.784499852,-0.122825393,-0.042867845,0.000000,6,-0.012998018,-1.299801751,-0.928429822,-0.928429822,0.000000000,auto_capture
pid,SWING_UP,10.808,-2.579499,2.943986,-1.355811,0.784443856,-0.101809129,-0.045020754,0.000000,6,-0.013558112,-1.355811221,-0.968436587,-0.968436587,0.000000000,auto_capture
pid,SWING_UP,10.828,-2.678337,3.097008,-1.399295,0.784397136,-0.080294144,-0.046745796,0.000000,6,-0.013992948,-1.399294774,-0.999496267,-0.999496267,0.000000000,auto_capture
pid,SWING_UP,10.849,-2.752235,3.220460,-1.430566,0.784361042,-0.058458704,-0.048035563,0.000000,6,-0.014305658,-1.430565844,-1.021832746,-1.021832746,0.000000000,auto_capture
pid,SWING_UP,10.871,-2.800931,3.313602,-1.448119,0.784336528,-0.036437632,-0.048885464,0.000000,6,-0.014481186,-1.448118621,-1.034370444,-1.034370444,0.000000000,auto_capture
pid,SWING_UP,10.891,-2.824454,3.376005,-1.456813,0.784324152,-0.014494552,-0.049296020,0.000000,6,-0.014568125,-1.456812529,-1.040580378,-1.040580378,0.000000000,auto_capture
pid,SWING_UP,10.912,-2.822919,3.407450,-1.451884,0.784324044,0.007322188,-0.049269226,0.000000,6,-0.014518837,-1.451883702,-1.037059787,-1.037059787,0.000000000,auto_capture
pid,SWING_UP,10.933,-2.796627,3.407979,-1.435901,0.784335977,0.028814063,-0.048810357,0.000000,6,-0.014359009,-1.435900870,-1.025643478,-1.025643478,0.000000000,auto_capture
pid,SWING_UP,10.954,-2.746110,3.377913,-1.409588,0.784359317,0.049831426,-0.047928663,0.000000,6,-0.014095876,-1.409587605,-1.006848289,-1.006848289,0.000000000,auto_capture
pid,SWING_UP,10.975,-2.671929,3.317756,-1.370018,0.784393160,0.070291629,-0.046633958,0.000000,6,-0.013700184,-1.370018396,-0.978584568,-0.978584568,0.000000000,auto_capture
pid,SWING_UP,10.995,-2.574930,3.228309,-1.319789,0.784436218,0.090021248,-0.044941004,0.000000,6,-0.013197892,-1.319789192,-0.942706566,-0.942706566,0.000000000,auto_capture
pid,SWING_UP,11.016,-2.456007,3.110557,-1.258588,0.784486985,0.108899207,-0.042865412,0.000000,6,-0.012585879,-1.258587851,-0.898991322,-0.898991322,0.000000000,auto_capture
pid,SWING_UP,11.037,-2.316223,2.965716,-1.186492,0.784543723,0.126804087,-0.040425719,0.000000,6,-0.011864915,-1.186491525,-0.847493947,-0.847493947,0.000000000,auto_capture
pid,SWING_UP,11.058,-2.156928,2.795287,-1.110753,0.784604321,0.143474168,-0.037645499,0.000000,6,-0.011107534,-1.110753388,-0.793395277,-0.793395277,0.000000000,auto_capture
pid,SWING_UP,11.079,-1.979493,2.600917,-1.019677,0.784667024,0.159049320,-0.034548678,0.000000,6,-0.010196774,-1.019677440,-0.728341028,-0.728341028,0.000000000,auto_capture
pid,SWING_UP,11.099,-1.785202,2.384343,-0.917618,0.784729704,0.173319908,-0.031157646,0.000000,6,-0.009176180,-0.917617972,-0.655441408,-0.655441408,0.000000000,auto_capture
pid,SWING_UP,11.121,-1.576027,2.147746,-0.818978,0.784789802,0.185905158,-0.027506859,0.000000,6,-0.008189781,-0.818978149,-0.584984392,-0.584984392,0.000000000,auto_capture
pid,SWING_UP,11.141,-1.353441,1.893182,-0.700339,0.784846056,0.197186776,-0.023621998,0.000000,6,-0.007003387,-0.700338661,-0.500241901,-0.500241901,0.000000000,auto_capture
pid,SWING_UP,11.162,-1.119515,1.623086,-0.589065,0.784895691,0.206515056,-0.019539223,0.000000,6,-0.005890649,-0.589064939,-0.420760671,-0.420760671,0.000000000,auto_capture
pid,SWING_UP,11.183,-0.876197,1.339919,-0.459792,0.784937898,0.214348469,-0.015292528,0.000000,6,-0.004597918,-0.459791760,-0.328422686,-0.328422686,0.000000000,auto_capture
pid,SWING_UP,11.204,-0.625443,1.046219,-0.329691,0.784970660,0.220249160,-0.010916034,0.000000,6,-0.003296907,-0.329690710,-0.235493364,-0.235493364,0.000000000,auto_capture
pid,SWING_UP,11.225,-0.369700,0.744815,-0.206021,0.784992566,0.224016931,-0.006452483,0.000000,6,-0.002060205,-0.206020505,-0.147157503,-0.147157503,0.000000000,auto_capture
pid,SWING_UP,11.245,-0.111128,0.438443,-0.070298,0.785003566,0.226000270,-0.001939557,0.000000,6,-0.000702977,-0.070297689,-0.050212635,-0.050212635,0.000000000,manual_A_near_upright
pid,BALANCE,11.266,0.150875,0.128581,-0.097128,0.785014299,0.232195911,0.002633270,0.283229,7,-0.000971281,-0.097128053,-0.069377180,-0.069377180,0.000000000,manual_A_near_upright
pid,BALANCE,11.287,0.424119,-0.186645,0.556733,0.785013840,0.236955008,0.007402267,0.281161,7,0.005567330,0.556732989,0.397666421,0.397666421,0.000000000,manual_A_near_upright
pid,BALANCE,11.307,0.682816,-0.493372,0.337997,0.784968328,0.221468223,0.011917385,0.279136,7,0.004394311,0.439431066,0.313879333,0.313879333,0.000000000,manual_A_near_upright
pid,BALANCE,11.328,0.929231,-0.790814,0.542111,0.784930394,0.213306591,0.016218145,0.277103,7,0.005421110,0.542110998,0.387222141,0.387222141,0.000000000,manual_A_near_upright
pid,BALANCE,11.349,1.165616,-1.078289,0.714251,0.784883164,0.202708611,0.020343844,0.275100,7,0.007142511,0.714251148,0.510179391,0.510179391,0.000000000,manual_A_near_upright
pid,BALANCE,11.370,1.385825,-1.351262,0.762603,0.784826836,0.188156377,0.024187201,0.273105,7,0.007626031,0.762603105,0.544716504,0.544716504,0.000000000,manual_A_near_upright
pid,BALANCE,11.391,1.589722,-1.608090,0.886518,0.784770036,0.173973666,0.027745883,0.271129,7,0.008865178,0.886517821,0.633227015,0.633227015,0.000000000,manual_A_near_upright
pid,BALANCE,11.411,1.775897,-1.846647,0.969885,0.784711236,0.157885708,0.030995255,0.269165,7,0.009698847,0.969884650,0.692774750,0.692774750,0.000000000,manual_A_near_upright
pid,BALANCE,11.432,1.942723,-2.064820,1.049562,0.784653834,0.140871394,0.033906918,0.267190,7,0.010495618,1.049561800,0.749687000,0.749687000,0.000000000,manual_A_near_upright
pid,BALANCE,11.453,2.089366,-2.260989,1.118684,0.784599594,0.122953658,0.036466318,0.265226,7,0.011186845,1.118684494,0.799060353,0.799060353,0.000000000,manual_A_near_upright
pid,BALANCE,11.474,2.214895,-2.433628,1.180102,0.784550414,0.104372785,0.038657212,0.263301,7,0.011801016,1.180101636,0.842929740,0.842929740,0.000000000,manual_A_near_upright
pid,BALANCE,11.495,2.318580,-2.581442,1.226126,0.784507747,0.085137725,0.040466863,0.261404,7,0.012261258,1.226125767,0.875804119,0.875804119,0.000000000,manual_A_near_upright
pid,BALANCE,11.515,2.399860,-2.703360,1.260899,0.784473001,0.065502693,0.041885466,0.259535,7,0.012608992,1.260899236,0.900642311,0.900642311,0.000000000,manual_A_near_upright
pid,BALANCE,11.536,2.458409,-2.798576,1.284173,0.784447166,0.045613465,0.042907324,0.257630,7,0.012841728,1.284172806,0.917266290,0.917266290,0.000000000,manual_A_near_upright
pid,BALANCE,11.557,2.494142,-2.866550,1.299207,0.784430911,0.025694233,0.043530982,0.255761,7,0.012992071,1.299207139,0.928005099,0.928005099,0.000000000,manual_A_near_upright
pid,BALANCE,11.578,2.507035,-2.906924,1.301232,0.784424552,0.005790115,0.043756008,0.253898,7,0.013012323,1.301232296,0.929451640,0.929451640,0.000000000,manual_A_near_upright
pid,BALANCE,11.599,2.497285,-2.919602,1.293041,0.784428106,-0.013901990,0.043585848,0.252038,7,0.012930410,1.293041028,0.923600734,0.923600734,0.000000000,manual_A_near_upright
pid,BALANCE,11.620,2.465277,-2.904733,1.276319,0.784441235,-0.033209307,0.043027193,0.250231,7,0.012763194,1.276319410,0.911656721,0.911656721,0.000000000,manual_A_near_upright
pid,BALANCE,11.640,2.411449,-2.862644,1.245167,0.784463379,-0.052133580,0.042087728,0.248391,7,0.012451665,1.245166525,0.889404660,0.889404660,0.000000000,manual_A_near_upright
pid,BALANCE,11.661,2.336435,-2.793904,1.205113,0.784493628,-0.070428450,0.040778491,0.246576,7,0.012051127,1.205112693,0.875822976,0.875822976,0.000000000,manual_A_near_upright
pid,BALANCE,11.683,2.241067,-2.699326,1.156080,0.784530834,-0.087982154,0.039114003,0.244762,7,0.011560798,1.156079751,0.825771251,0.825771251,0.000000000,manual_A_near_upright
pid,BALANCE,11.703,2.126290,-2.579917,1.099327,0.784573631,-0.104652619,0.037110769,0.242976,7,0.011274908,1.127490796,0.805350568,0.805350568,0.000000000,manual_A_near_upright
pid,BALANCE,11.724,1.993134,-2.436859,1.028454,0.784620644,-0.120463085,0.034786750,0.241233,7,0.010284537,1.028453652,0.734609752,0.734609752,0.000000000,manual_A_near_upright
pid,BALANCE,11.745,1.842881,-2.271585,0.957340,0.784669971,-0.135029223,0.032164349,0.239474,7,0.009573400,0.957340020,0.683814300,0.683814300,0.000000000,manual_A_near_upright
pid,BALANCE,11.766,1.676709,-2.085602,0.866811,0.784720373,-0.148647560,0.029264099,0.237719,7,0.008668113,0.866811250,0.619150893,0.619150893,0.000000000,manual_A_near_upright
pid,BALANCE,11.787,1.496097,-1.880668,0.776017,0.784769690,-0.160823858,0.026111820,0.235969,7,0.007760168,0.776016847,0.554297748,0.554297748,0.000000000,manual_A_near_upright
pid,BALANCE,11.807,1.302712,-1.658739,0.678929,0.784816365,-0.171600761,0.022736614,0.234268,7,0.006789286,0.678928607,0.484949005,0.484949005,0.000000000,manual_A_near_upright
pid,BALANCE,11.828,1.098148,-1.421826,0.573653,0.784858889,-0.180942139,0.019166299,0.232547,7,0.005736526,0.573652569,0.409751835,0.409751835,0.000000000,manual_A_near_upright
pid,BALANCE,11.849,0.884201,-1.172122,0.464528,0.784895681,-0.188683626,0.015432214,0.230843,7,0.004645284,0.464528394,0.331805996,0.331805996,0.000000000,manual_A_near_upright
pid,BALANCE,11.870,0.662806,-0.911953,0.355842,0.784925339,-0.194676011,0.011568139,0.229151,7,0.003558416,0.355841645,0.254172603,0.254172603,0.000000000,manual_A_near_upright
pid,BALANCE,11.891,0.435819,-0.643670,0.232887,0.784947333,-0.199176154,0.007606473,0.227487,7,0.002328869,0.232886940,0.166347814,0.166347814,0.000000000,manual_A_near_upright
pid,BALANCE,11.912,0.205321,-0.369774,0.116255,0.784960225,-0.201708071,0.003583523,0.225867,7,0.001162551,0.116255148,0.083039391,0.083039391,0.000000000,manual_A_near_upright
pid,BALANCE,11.932,-0.026556,-0.092822,-0.012324,0.784963796,-0.202384365,-0.000463495,0.224228,7,-0.000123242,-0.012324168,-0.008802977,-0.008802977,0.000000000,manual_A_near_upright
pid,BALANCE,11.962,-0.371067,0.322125,-0.259820,0.784948582,-0.197996990,-0.006476340,0.221878,7,-0.002598197,-0.259819715,-0.185585511,-0.185585511,0.000000000,manual_A_near_upright
pid,BALANCE,11.983,-0.592262,0.593199,-0.338665,0.784925117,-0.191102778,-0.010336929,0.220252,7,-0.003386654,-0.338665450,-0.241903893,-0.241903893,0.000000000,manual_A_near_upright
pid,BALANCE,12.004,-0.805317,0.857382,-0.471744,0.784896319,-0.183765067,-0.014055430,0.218623,7,-0.004717439,-0.471743873,-0.336959910,-0.336959910,0.000000000,manual_A_near_upright
pid,BALANCE,12.025,-1.008229,1.112248,-0.571265,0.784860723,-0.174266278,-0.017596918,0.217035,7,-0.005712655,-0.571265483,-0.408046773,-0.408046773,0.000000000,manual_A_near_upright
pid,BALANCE,12.046,-1.198924,1.355392,-0.661918,0.784820770,-0.163306126,-0.020925173,0.215466,7,-0.006619176,-0.661917602,-0.472798287,-0.472798287,0.000000000,manual_A_near_upright
pid,BALANCE,12.067,-1.376088,1.584843,-0.751312,0.784778265,-0.151190072,-0.024017263,0.213868,7,-0.007513123,-0.751312322,-0.536651659,-0.536651659,0.000000000,manual_A_near_upright
pid,BALANCE,12.088,-1.538484,1.798749,-0.834253,0.784734675,-0.137957423,-0.026851616,0.212309,7,-0.008342530,-0.834252974,-0.595894981,-0.595894981,0.000000000,manual_A_near_upright
pid,BALANCE,12.109,-1.684741,1.995294,-0.902482,0.784691484,-0.123600860,-0.029404284,0.210754,7,-0.009024817,-0.902481685,-0.644629775,-0.644629775,0.000000000,manual_A_near_upright
pid,BALANCE,12.130,-1.813883,2.172948,-0.965065,0.784650435,-0.108465569,-0.031658231,0.209216,7,-0.009650647,-0.965064651,-0.689331893,-0.689331893,0.000000000,manual_A_near_upright
pid,BALANCE,12.151,-1.925022,2.330337,-1.015889,0.784612829,-0.092578579,-0.033597970,0.207692,7,-0.010158889,-1.015888876,-0.725634911,-0.725634911,0.000000000,manual_A_near_upright
pid,BALANCE,12.172,-2.017533,2.466329,-1.059879,0.784579971,-0.076190383,-0.035212592,0.206165,7,-0.010598788,-1.059878769,-0.741484912,-0.741484912,0.000000000,manual_A_near_upright
pid,BALANCE,12.193,-2.090934,2.579983,-1.094416,0.784552841,-0.059391124,-0.036493679,0.204667,7,-0.010944159,-1.094415859,-0.781725614,-0.781725614,0.000000000,manual_A_near_upright
pid,BALANCE,12.213,-2.144787,2.670507,-1.116657,0.784532248,-0.042267587,-0.037433591,0.203187,7,-0.011166570,-1.116657023,-0.797612159,-0.797612159,0.000000000,manual_A_near_upright
pid,BALANCE,12.234,-2.178902,2.737358,-1.130202,0.784518795,-0.025032836,-0.038029007,0.201727,7,-0.011302025,-1.130202461,-0.807287472,-0.807287472,0.000000000,manual_A_near_upright
pid,BALANCE,12.254,-2.193274,2.780213,-1.134638,0.784512778,-0.007808943,-0.038279860,0.200282,7,-0.011346383,-1.134638348,-0.810455963,-0.810455963,0.000000000,manual_A_near_upright
pid,BALANCE,12.275,-2.188000,2.798932,-1.129396,0.784514260,0.009288886,-0.038187804,0.198815,7,-0.011293956,-1.129395605,-0.806711146,-0.806711146,0.000000000,manual_A_near_upright
pid,BALANCE,12.296,-2.163350,2.793594,-1.116280,0.784523048,0.026098426,-0.037757587,0.197387,7,-0.011162801,-1.116280108,-0.797342935,-0.797342935,0.000000000,manual_A_near_upright
pid,BALANCE,12.316,-2.119735,2.764472,-1.092397,0.784538733,0.042564291,-0.036996357,0.195971,7,-0.010923973,-1.092397283,-0.780283773,-0.780283773,0.000000000,manual_A_near_upright
pid,BALANCE,12.337,-2.057600,2.711994,-1.057860,0.784560716,0.058567440,-0.035911902,0.194536,7,-0.010578603,-1.057860313,-0.755614509,-0.755614509,0.000000000,manual_A_near_upright
pid,BALANCE,12.358,-1.977671,2.636841,-1.016973,0.784588119,0.073910972,-0.034516868,0.193112,7,-0.010169726,-1.016972583,-0.726408988,-0.726408988,0.000000000,manual_A_near_upright
pid,BALANCE,12.379,-1.880731,2.539851,-0.966693,0.784619985,0.088554300,-0.032824941,0.191720,7,-0.009666933,-0.966693261,-0.690495186,-0.690495186,0.000000000,manual_A_near_upright
pid,BALANCE,12.399,-1.767717,2.422053,-0.911115,0.784655130,0.102314619,-0.030852485,0.190345,7,-0.009111146,-0.911114583,-0.650796131,-0.650796131,0.000000000,manual_A_near_upright
pid,BALANCE,12.420,-1.639719,2.284659,-0.847407,0.784692369,0.115161938,-0.028618503,0.188963,7,-0.008474070,-0.847407047,-0.605290748,-0.605290748,0.000000000,manual_A_near_upright
pid,BALANCE,12.441,-1.497679,2.128922,-0.768832,0.784730609,0.127140203,-0.026139422,0.187589,7,-0.007688324,-0.768832419,-0.549166014,-0.549166014,0.000000000,manual_A_near_upright
pid,BALANCE,12.462,-1.343055,1.956434,-0.694459,0.784768127,0.137775222,-0.023440736,0.186214,7,-0.006944591,-0.694459062,-0.496042187,-0.496042187,0.000000000,manual_A_near_upright
pid,BALANCE,12.482,-1.177072,1.768773,-0.606200,0.784804065,0.147366776,-0.020543790,0.184902,7,-0.006062000,-0.606199979,-0.432999985,-0.432999985,0.000000000,manual_A_near_upright
pid,BALANCE,12.503,-1.001326,1.567769,-0.519975,0.784836819,0.155517170,-0.017476428,0.183547,7,-0.005199746,-0.519974648,-0.371410463,-0.371410463,0.000000000,manual_A_near_upright
pid,BALANCE,12.524,-0.817189,1.355227,-0.421438,0.784865665,0.162462076,-0.014262643,0.182229,7,-0.004214375,-0.421437523,-0.301026802,-0.301026802,0.000000000,manual_A_near_upright
pid,BALANCE,12.544,-0.626477,1.133216,-0.327755,0.784889164,0.167794646,-0.010934084,0.180922,7,-0.003277553,-0.327755293,-0.234110923,-0.234110923,0.000000000,manual_A_near_upright
pid,BALANCE,12.565,-0.430773,0.903755,-0.224791,0.784906927,0.171768136,-0.007518410,0.179607,7,-0.002247907,-0.224790734,-0.160564810,-0.160564810,0.000000000,manual_A_near_upright
pid,BALANCE,12.586,-0.231814,0.668971,-0.121416,0.784918119,0.174162422,-0.004045920,0.178314,7,-0.001214159,-0.121415855,-0.086725611,-0.086725611,0.000000000,manual_A_near_upright
pid,BALANCE,12.606,-0.031490,0.431094,-0.021608,0.784922269,0.174877059,-0.000549606,0.177033,7,-0.000216079,-0.021607918,-0.015434227,-0.015434227,0.000000000,manual_A_near_upright
pid,BALANCE,12.627,0.168262,0.192394,0.136886,0.784919112,0.173784698,0.002936724,0.175734,7,0.001368865,0.136886462,0.097776044,0.097776044,0.000000000,manual_A_near_upright
pid,BALANCE,12.648,0.364116,-0.044207,0.234101,0.784907049,0.169538303,0.006355016,0.174437,7,0.002341008,0.234100793,0.167214852,0.167214852,0.000000000,manual_A_near_upright
pid,BALANCE,12.669,0.553714,-0.276248,0.327559,0.784888959,0.163770068,0.009664130,0.173165,7,0.003275594,0.327559380,0.233970986,0.233970986,0.000000000,manual_A_near_upright
pid,BALANCE,12.690,0.735707,-0.501776,0.425515,0.784865935,0.156750824,0.012840506,0.171890,7,0.004255153,0.425515262,0.303939473,0.303939473,0.000000000,manual_A_near_upright
pid,BALANCE,12.711,0.908368,-0.718706,0.507332,0.784838512,0.148176866,0.015854020,0.170660,7,0.005073321,0.507332062,0.362380045,0.362380045,0.000000000,manual_A_near_upright
pid,BALANCE,12.732,1.070304,-0.925162,0.592795,0.784808367,0.138590855,0.018680336,0.169417,7,0.005927952,0.592795185,0.423425132,0.423425132,0.000000000,manual_A_near_upright
pid,BALANCE,12.752,1.220272,-1.119410,0.664893,0.784776301,0.127762568,0.021297757,0.168185,7,0.006648925,0.664892522,0.474923230,0.474923230,0.000000000,manual_A_near_upright
pid,BALANCE,12.773,1.357025,-1.299787,0.734066,0.784743818,0.116052527,0.023684556,0.166958,7,0.007340659,0.734065921,0.524332801,0.524332801,0.000000000,manual_A_near_upright
pid,BALANCE,12.795,1.479667,-1.464882,0.795242,0.784711988,0.103481473,0.025825070,0.165732,7,0.007952420,0.795242036,0.568030025,0.568030025,0.000000000,manual_A_near_upright
pid,BALANCE,12.815,1.587220,-1.613335,0.845220,0.784681934,0.090125516,0.027702221,0.164528,7,0.008452199,0.845219887,0.603728491,0.603728491,0.000000000,manual_A_near_upright
pid,BALANCE,12.836,1.678937,-1.743994,0.885957,0.784654744,0.076160871,0.029302971,0.163338,7,0.008859566,0.885956628,0.632826163,0.632826163,0.000000000,manual_A_near_upright
pid,BALANCE,12.857,1.754338,-1.855938,0.922789,0.784631361,0.061823667,0.030618971,0.162135,7,0.009227891,0.922789142,0.659135102,0.659135102,0.000000000,manual_A_near_upright
pid,BALANCE,12.878,1.813046,-1.948403,0.951977,0.784612456,0.047166043,0.031643621,0.160961,7,0.009519774,0.951977378,0.679983842,0.679983842,0.000000000,manual_A_near_upright
pid,BALANCE,12.898,1.854692,-2.020740,0.968654,0.784598581,0.032213937,0.032370480,0.159801,7,0.009686540,0.968654020,0.691895728,0.691895728,0.000000000,manual_A_near_upright
pid,BALANCE,12.919,1.879123,-2.072519,0.977930,0.784590162,0.017194513,0.032796884,0.158633,7,0.009779298,0.977929817,0.698521298,0.698521298,0.000000000,manual_A_near_upright
pid,BALANCE,12.940,1.886391,-2.103522,0.979873,0.784587364,0.002229544,0.032923735,0.157495,7,0.009798728,0.979872831,0.700143247,0.700143247,0.000000000,manual_A_near_upright
pid,BALANCE,12.960,1.876587,-2.113665,0.971915,0.784590186,-0.012623185,0.032752628,0.156358,7,0.009719152,0.971915159,0.694225113,0.694225113,0.000000000,manual_A_near_upright
pid,BALANCE,12.981,1.850007,-2.103080,0.958356,0.784598419,-0.027166389,0.032288711,0.155212,7,0.009583560,0.958356015,0.684540011,0.684540011,0.000000000,manual_A_near_upright
pid,BALANCE,13.002,1.807021,-2.072049,0.934366,0.784611714,-0.041391355,0.031538468,0.154093,7,0.009476627,0.947662725,0.676901946,0.676901946,0.000000000,manual_A_near_upright
pid,BALANCE,13.023,1.748147,-2.021037,0.904697,0.784629514,-0.055103211,0.030510928,0.152958,7,0.009046971,0.904697060,0.646212186,0.646212186,0.000000000,manual_A_near_upright
pid,BALANCE,13.043,1.673954,-1.950643,0.863054,0.784651215,-0.068326800,0.029216010,0.151876,7,0.008630542,0.863054183,0.616467274,0.616467274,0.000000000,manual_A_near_upright
pid,BALANCE,13.064,1.585203,-1.861665,0.817503,0.784675948,-0.080811351,0.027667015,0.150771,7,0.008175028,0.817502811,0.583930580,0.583930580,0.000000000,manual_A_near_upright
pid,BALANCE,13.085,1.482783,-1.755063,0.765032,0.784702851,-0.092531220,0.025879448,0.149681,7,0.007650315,0.765031546,0.546451104,0.546451104,0.000000000,manual_A_near_upright
pid,BALANCE,13.106,1.367613,-1.631908,0.705152,0.784730999,-0.103414501,0.023869354,0.148607,7,0.007051519,0.705151926,0.503679947,0.503679947,0.000000000,manual_A_near_upright
pid,BALANCE,13.126,1.240759,-1.493431,0.640176,0.784759378,-0.113339568,0.021655332,0.147531,7,0.006401763,0.640176299,0.457268785,0.457268785,0.000000000,manual_A_near_upright
pid,BALANCE,13.147,1.103371,-1.340988,0.569584,0.784787019,-0.122247063,0.019257456,0.146467,7,0.005695838,0.569583830,0.406845593,0.406845593,0.000000000,manual_A_near_upright
pid,BALANCE,13.168,0.956782,-1.176095,0.499319,0.784812843,-0.129955182,0.016698990,0.145402,7,0.004993191,0.499319111,0.356656508,0.356656508,0.000000000,manual_A_near_upright
pid,BALANCE,13.188,0.802161,-1.000263,0.414898,0.784836300,-0.136708464,0.014000346,0.144345,7,0.004148984,0.414898381,0.296355986,0.296355986,0.000000000,manual_A_near_upright
pid,BALANCE,13.209,0.640797,-0.815116,0.329212,0.784856320,-0.142180421,0.011184022,0.143304,7,0.003292123,0.329212302,0.235151645,0.235151645,0.000000000,manual_A_near_upright
pid,BALANCE,13.230,0.474348,-0.622505,0.245913,0.784872127,-0.146266013,0.008278930,0.142253,7,0.002459126,0.245912615,0.175651868,0.175651868,0.000000000,manual_A_near_upright
pid,BALANCE,13.251,0.304230,-0.424208,0.156118,0.784883415,-0.149119276,0.005309823,0.141220,7,0.001561184,0.156118424,0.111513160,0.111513160,0.000000000,manual_A_near_upright
pid,BALANCE,13.272,0.131983,-0.222091,0.066140,0.784889665,-0.150587387,0.002303546,0.140187,7,0.000661395,0.066139532,0.047242523,0.047242523,0.000000000,manual_A_near_upright
pid,BALANCE,13.292,-0.040786,-0.018075,-0.037902,0.784890700,-0.150664935,-0.000711846,0.139175,7,-0.000379020,-0.037902035,-0.027072882,-0.027072882,0.000000000,manual_A_near_upright
pid,BALANCE,13.313,-0.212107,0.185740,-0.157784,0.784885774,-0.148713700,-0.003701973,0.138158,7,-0.001577845,-0.157784462,-0.112703187,-0.112703187,0.000000000,manual_A_near_upright
pid,BALANCE,13.334,-0.379063,0.386812,-0.227130,0.784874789,-0.144375099,-0.006615891,0.137147,7,-0.002271303,-0.227130322,-0.162235944,-0.162235944,0.000000000,manual_A_near_upright
pid,BALANCE,13.355,-0.540270,0.583335,-0.313312,0.784860031,-0.139172601,-0.009429496,0.136152,7,-0.003133123,-0.313312253,-0.223794467,-0.223794467,0.000000000,manual_A_near_upright
pid,BALANCE,13.376,-0.694571,0.773638,-0.395881,0.784841661,-0.132752888,-0.012122559,0.135166,7,-0.003958812,-0.395881181,-0.282772272,-0.282772272,0.000000000,manual_A_near_upright
pid,BALANCE,13.396,-0.840375,0.955893,-0.463558,0.784820288,-0.124995326,-0.014667318,0.134200,7,-0.004635575,-0.463557511,-0.331112508,-0.331112508,0.000000000,manual_A_near_upright
pid,BALANCE,13.417,-0.976489,1.128507,-0.531746,0.784797150,-0.116337035,-0.017042942,0.133220,7,-0.005317464,-0.531746379,-0.379818842,-0.379818842,0.000000000,manual_A_near_upright
pid,BALANCE,13.438,-1.102074,1.290114,-0.601564,0.784773123,-0.106900382,-0.019234825,0.132256,7,-0.006015645,-0.601564464,-0.429688903,-0.429688903,0.000000000,manual_A_near_upright
pid,BALANCE,13.458,-1.215961,1.439263,-0.654812,0.784748827,-0.096425124,-0.021222530,0.131291,7,-0.006295260,-0.629525983,-0.449661417,-0.449661417,0.000000000,manual_A_near_upright
pid,BALANCE,13.480,-1.317272,1.574712,-0.704133,0.784725402,-0.085298464,-0.022990736,0.130345,7,-0.007041329,-0.704132943,-0.502952102,-0.502952102,0.000000000,manual_A_near_upright
pid,BALANCE,13.500,-1.405358,1.695409,-0.747716,0.784703631,-0.073594465,-0.024528123,0.129394,7,-0.007477160,-0.747715952,-0.534082823,-0.534082823,0.000000000,manual_A_near_upright
pid,BALANCE,13.521,-1.479579,1.800395,-0.782409,0.784684233,-0.061365692,-0.025823524,0.128450,7,-0.007824088,-0.782408821,-0.558863443,-0.558863443,0.000000000,manual_A_near_upright
pid,BALANCE,13.542,-1.539473,1.888884,-0.810499,0.784667881,-0.048775303,-0.026868877,0.127511,7,-0.008104986,-0.810498616,-0.578927583,-0.578927583,0.000000000,manual_A_near_upright
pid,BALANCE,13.562,-1.584709,1.960249,-0.831092,0.784655080,-0.035918214,-0.027658392,0.126600,7,-0.008310925,-0.831092454,-0.593637467,-0.593637467,0.000000000,manual_A_near_upright
pid,BALANCE,13.583,-1.615066,2.014013,-0.844062,0.784646212,-0.022900869,-0.028188220,0.125677,7,-0.008440619,-0.844061917,-0.602901369,-0.602901369,0.000000000,manual_A_near_upright
pid,BALANCE,13.604,-1.630456,2.049862,-0.849611,0.784641517,-0.009836538,-0.028456825,0.124771,7,-0.008496105,-0.849610546,-0.606864676,-0.606864676,0.000000000,manual_A_near_upright
pid,BALANCE,13.625,-1.630911,2.067640,-0.847728,0.784641081,0.003171437,-0.028464770,0.123862,7,-0.008477281,-0.847728107,-0.605520076,-0.605520076,0.000000000,manual_A_near_upright
pid,BALANCE,13.646,-1.616591,2.067353,-0.839442,0.784644844,0.016001145,-0.028214835,0.122947,7,-0.008394424,-0.839442366,-0.599601690,-0.599601690,0.000000000,manual_A_near_upright
pid,BALANCE,13.668,-1.585974,2.047797,-0.822913,0.784653089,0.029193265,-0.027680460,0.122024,7,-0.008229129,-0.822912869,-0.587794907,-0.587794907,0.000000000,manual_A_near_upright
pid,BALANCE,13.688,-1.542344,2.011151,-0.799938,0.784664689,0.041390800,-0.026918988,0.121135,7,-0.007999379,-0.799937906,-0.580056689,-0.580056689,0.000000000,manual_A_near_upright
pid,BALANCE,13.709,-1.488278,1.960481,-0.771070,0.784678685,0.052576449,-0.025975353,0.120272,7,-0.007710702,-0.771070170,-0.550764407,-0.550764407,0.000000000,manual_A_near_upright
pid,BALANCE,13.730,-1.414788,1.887121,-0.731599,0.784696956,0.064379208,-0.024692709,0.119389,7,-0.007315991,-0.731599078,-0.522570770,-0.522570770,0.000000000,manual_A_near_upright
pid,BALANCE,13.750,-1.336627,1.805789,-0.693876,0.784715361,0.074384795,-0.023328536,0.118544,7,-0.006938763,-0.693876304,-0.495625931,-0.495625931,0.000000000,manual_A_near_upright
pid,BALANCE,13.771,-1.243022,1.705624,-0.641411,0.784736132,0.084370207,-0.021694832,0.117685,7,-0.006414110,-0.641411043,-0.458150745,-0.458150745,0.000000000,manual_A_near_upright
pid,BALANCE,13.791,-1.138670,1.591521,-0.587392,0.784757469,0.093483705,-0.019873533,0.116830,7,-0.005873921,-0.587392102,-0.419565787,-0.419565787,0.000000000,manual_A_near_upright
pid,BALANCE,13.812,-1.024622,1.464642,-0.529612,0.784778638,0.101712277,-0.017883020,0.115987,7,-0.005296123,-0.529612323,-0.378294517,-0.378294517,0.000000000,manual_A_near_upright
pid,BALANCE,13.833,-0.901884,1.326192,-0.467089,0.784798927,0.109017404,-0.015740840,0.115149,7,-0.004670886,-0.467088551,-0.333634679,-0.333634679,0.000000000,manual_A_near_upright
pid,BALANCE,13.854,-0.771683,1.177549,-0.403329,0.784817568,0.115279600,-0.013468413,0.114309,7,-0.004033293,-0.403329274,-0.288092338,-0.288092338,0.000000000,manual_A_near_upright
pid,BALANCE,13.875,-0.635001,1.020030,-0.327157,0.784834158,0.120682821,-0.011082856,0.113471,7,-0.003271570,-0.327156992,-0.233683565,-0.233683565,0.000000000,manual_A_near_upright
pid,BALANCE,13.896,-0.493182,0.855168,-0.257973,0.784847746,0.124782793,-0.008607654,0.112633,7,-0.002579729,-0.257972865,-0.184266332,-0.184266332,0.000000000,manual_A_near_upright
pid,BALANCE,13.917,-0.347554,0.684534,-0.182366,0.784858152,0.127839276,-0.006065967,0.111808,7,-0.001823659,-0.182365882,-0.130261344,-0.130261344,0.000000000,manual_A_near_upright
pid,BALANCE,13.938,-0.199310,0.509664,-0.100583,0.784865041,0.129821901,-0.003478620,0.110990,7,-0.001005827,-0.100582714,-0.071844796,-0.071844796,0.000000000,manual_A_near_upright
pid,BALANCE,13.959,-0.042339,0.323289,-0.019211,0.784868015,0.130500734,-0.000738951,0.110180,7,-0.000192105,-0.019210515,-0.013721796,-0.013721796,0.000000000,manual_A_near_upright
pid,BALANCE,13.989,0.173203,0.065027,0.128265,0.784864652,0.128884520,0.003022962,0.109015,7,0.001282649,0.128264863,0.091617759,0.091617759,0.000000000,manual_A_near_upright
pid,BALANCE,14.010,0.325237,-0.119573,0.193897,0.784856295,0.125116611,0.005676459,0.108219,7,0.001938968,0.193896797,0.138497712,0.138497712,0.000000000,manual_A_near_upright
pid,BALANCE,14.030,0.458051,-0.282895,0.260409,0.784845879,0.120849222,0.007994505,0.107447,7,0.002604089,0.260408915,0.186006368,0.186006368,0.000000000,manual_A_near_upright
pid,BALANCE,14.051,0.592278,-0.449731,0.338679,0.784832446,0.115554137,0.010337197,0.106675,7,0.003386791,0.338679088,0.241913634,0.241913634,0.000000000,manual_A_near_upright
pid,BALANCE,14.072,0.719333,-0.609750,0.398973,0.784816574,0.108971461,0.012554728,0.105904,7,0.003989733,0.398973291,0.284980922,0.284980922,0.000000000,manual_A_near_upright
pid,BALANCE,14.092,0.838127,-0.761543,0.457705,0.784799265,0.101546697,0.014628076,0.105150,7,0.004577046,0.457704601,0.326931858,0.326931858,0.000000000,manual_A_near_upright
pid,BALANCE,14.112,0.947767,-0.903843,0.514765,0.784781187,0.093368900,0.016541652,0.104398,7,0.005147651,0.514765117,0.367689369,0.367689369,0.000000000,manual_A_near_upright
pid,BALANCE,14.133,1.047417,-1.035469,0.565142,0.784762946,0.084427735,0.018280877,0.103638,7,0.005651423,0.565142311,0.403673079,0.403673079,0.000000000,manual_A_near_upright
pid,BALANCE,14.154,1.136231,-1.155300,0.607644,0.784745227,0.074806285,0.019830965,0.102891,7,0.006076440,0.607644004,0.434031431,0.434031431,0.000000000,manual_A_near_upright
pid,BALANCE,14.175,1.213592,-1.262393,0.645890,0.784728714,0.064680556,0.021181180,0.102148,7,0.006458901,0.645890124,0.461350088,0.461350088,0.000000000,manual_A_near_upright
pid,BALANCE,14.196,1.281910,-1.360223,0.678650,0.784713266,0.053561307,0.022373545,0.101399,7,0.006786504,0.678650370,0.484750264,0.484750264,0.000000000,manual_A_near_upright
pid,BALANCE,14.216,1.334199,-1.438732,0.702107,0.784700873,0.042594076,0.023286165,0.100668,7,0.007021075,0.702107484,0.501505346,0.501505346,0.000000000,manual_A_near_upright
pid,BALANCE,14.236,1.372070,-1.499560,0.719742,0.784691581,0.031975131,0.023947135,0.099960,7,0.007197425,0.719742478,0.514101770,0.514101770,0.000000000,manual_A_near_upright
pid,BALANCE,14.257,1.399329,-1.548710,0.732684,0.784684686,0.020669962,0.024422895,0.099237,7,0.007326843,0.732684260,0.523345900,0.523345900,0.000000000,manual_A_near_upright
pid,BALANCE,14.278,1.413932,-1.583587,0.737821,0.784680826,0.008717306,0.024677777,0.098515,7,0.007378211,0.737821053,0.527015038,0.527015038,0.000000000,manual_A_near_upright
pid,BALANCE,14.298,1.414771,-1.600226,0.736591,0.784680397,-0.002055684,0.024692413,0.097834,7,0.007365913,0.736591338,0.526136670,0.526136670,0.000000000,manual_A_near_upright
pid,BALANCE,14.318,1.403095,-1.602438,0.729714,0.784683049,-0.013251077,0.024488622,0.097126,7,0.007297135,0.729713523,0.521223945,0.521223945,0.000000000,manual_A_near_upright
pid,BALANCE,14.339,1.378778,-1.589090,0.716972,0.784688734,-0.024216244,0.024064224,0.096431,7,0.007169720,0.716971971,0.512122837,0.512122837,0.000000000,manual_A_near_upright
pid,BALANCE,14.360,1.342107,-1.560427,0.696323,0.784697227,-0.034912901,0.023424185,0.095719,7,0.006963229,0.696322852,0.497373465,0.497373465,0.000000000,manual_A_near_upright
pid,BALANCE,14.381,1.290768,-1.514281,0.668501,0.784708787,-0.045710131,0.022528152,0.095009,7,0.006685007,0.668500695,0.477500496,0.477500496,0.000000000,manual_A_near_upright
pid,BALANCE,14.401,1.233521,-1.458880,0.639867,0.784721162,-0.054992680,0.021529001,0.094343,7,0.006398669,0.639866920,0.457047800,0.457047800,0.000000000,manual_A_near_upright
pid,BALANCE,14.422,1.162733,-1.387164,0.602616,0.784735721,-0.064262561,0.020293512,0.093661,7,0.006026163,0.602616253,0.430440180,0.430440180,0.000000000,manual_A_near_upright
pid,BALANCE,14.442,1.081877,-1.302478,0.561765,0.784751294,-0.072879273,0.018882308,0.092985,7,0.005617645,0.561764523,0.401260374,0.401260374,0.000000000,manual_A_near_upright
pid,BALANCE,14.463,0.991653,-1.205659,0.512369,0.784767397,-0.080883043,0.017307617,0.092315,7,0.005123690,0.512369040,0.365977885,0.365977885,0.000000000,manual_A_near_upright
pid,BALANCE,14.484,0.892876,-1.097664,0.459978,0.784783400,-0.088098989,0.015583633,0.091643,7,0.004599775,0.459977539,0.328555385,0.328555385,0.000000000,manual_A_near_upright
pid,BALANCE,14.505,0.786564,-0.979608,0.406223,0.784798705,-0.094446936,0.013728138,0.090968,7,0.004338223,0.433822288,0.309873063,0.309873063,0.000000000,manual_A_near_upright
pid,BALANCE,14.526,0.673656,-0.852624,0.346892,0.784812853,-0.099969422,0.011757507,0.090302,7,0.003468915,0.346891539,0.247779671,0.247779671,0.000000000,manual_A_near_upright
pid,BALANCE,14.547,0.555185,-0.717939,0.285270,0.784825309,-0.104559273,0.009689799,0.089640,7,0.002852697,0.285269653,0.203764038,0.203764038,0.000000000,manual_A_near_upright
pid,BALANCE,14.567,0.432254,-0.576855,0.221358,0.784835649,-0.108185320,0.007544259,0.089004,7,0.002213578,0.221357850,0.158112750,0.158112750,0.000000000,manual_A_near_upright
pid,BALANCE,14.588,0.305986,-0.430716,0.155359,0.784843531,-0.110822338,0.005340458,0.088372,7,0.001553585,0.155358523,0.110970374,0.110970374,0.000000000,manual_A_near_upright
pid,BALANCE,14.609,0.177543,-0.280918,0.088224,0.784848684,-0.112436735,0.003098710,0.087726,7,0.000882235,0.088223524,0.063016803,0.063016803,0.000000000,manual_A_near_upright
pid,BALANCE,14.629,0.048110,-0.128881,0.020267,0.784850950,-0.113014160,0.000839682,0.087092,7,0.000202668,0.020266797,0.014476283,0.014476283,0.000000000,manual_A_near_upright
pid,BALANCE,14.650,-0.081094,0.023944,-0.066498,0.784850232,-0.112499819,-0.001415361,0.086460,7,-0.000664980,-0.066497954,-0.047498539,-0.047498539,0.000000000,manual_A_near_upright
pid,BALANCE,14.671,-0.208382,0.175883,-0.135486,0.784846075,-0.110306829,-0.003636947,0.085826,7,-0.001354864,-0.135486387,-0.096775991,-0.096775991,0.000000000,manual_A_near_upright
pid,BALANCE,14.692,-0.331989,0.325232,-0.189888,0.784839076,-0.106845301,-0.005794309,0.085199,7,-0.001898877,-0.189887665,-0.135634046,-0.135634046,0.000000000,manual_A_near_upright
pid,BALANCE,14.713,-0.451082,0.470741,-0.256891,0.784830066,-0.102746389,-0.007872870,0.084583,7,-0.002568908,-0.256890766,-0.183493405,-0.183493405,0.000000000,manual_A_near_upright
pid,BALANCE,14.734,-0.564696,0.611123,-0.314830,0.784819056,-0.097613519,-0.009855796,0.083967,7,-0.003148298,-0.314829794,-0.224878424,-0.224878424,0.000000000,manual_A_near_upright
pid,BALANCE,14.754,-0.671591,0.745000,-0.365651,0.784806591,-0.091579065,-0.011721474,0.083356,7,-0.003656507,-0.365650716,-0.261179083,-0.261179083,0.000000000,manual_A_near_upright
pid,BALANCE,14.775,-0.771069,0.871282,-0.418673,0.784793307,-0.084911861,-0.013457692,0.082743,7,-0.004186733,-0.418673299,-0.299052357,-0.299052357,0.000000000,manual_A_near_upright
pid,BALANCE,14.797,-0.862347,0.988892,-0.467770,0.784779621,-0.077563652,-0.015050790,0.082134,7,-0.004677699,-0.467769910,-0.334121364,-0.334121364,0.000000000,manual_A_near_upright
pid,BALANCE,14.817,-0.944596,1.096782,-0.507143,0.784765998,-0.069503987,-0.016486307,0.081540,7,-0.005071435,-0.507143457,-0.362245326,-0.362245326,0.000000000,manual_A_near_upright
pid,BALANCE,14.839,-1.020553,1.198625,-0.544875,0.784752404,-0.060518044,-0.017812002,0.080927,7,-0.005448755,-0.544875457,-0.389196755,-0.389196755,0.000000000,manual_A_near_upright
pid,BALANCE,14.859,-1.079621,1.279939,-0.573721,0.784741140,-0.051962587,-0.018842945,0.080349,7,-0.005737213,-0.573721250,-0.409800893,-0.409800893,0.000000000,manual_A_near_upright
pid,BALANCE,14.880,-1.131419,1.353738,-0.598215,0.784730756,-0.042603071,-0.019746980,0.079763,7,-0.005982150,-0.598215007,-0.427296433,-0.427296433,0.000000000,manual_A_near_upright
pid,BALANCE,14.901,-1.172277,1.414910,-0.617554,0.784722222,-0.032983545,-0.020460101,0.079179,7,-0.006175538,-0.617553841,-0.441109887,-0.441109887,0.000000000,manual_A_near_upright
pid,BALANCE,14.922,-1.201935,1.463006,-0.630724,0.784715810,-0.023172181,-0.020977724,0.078605,7,-0.006307244,-0.630724385,-0.450517418,-0.450517418,0.000000000,manual_A_near_upright
pid,BALANCE,14.942,-1.220897,1.499099,-0.639195,0.784711571,-0.012785310,-0.021308674,0.078032,7,-0.006391951,-0.639195077,-0.456567912,-0.456567912,0.000000000,manual_A_near_upright
pid,BALANCE,14.963,-1.227255,1.518851,-0.640928,0.784710032,-0.003363499,-0.021419646,0.077479,7,-0.006409284,-0.640928391,-0.457805994,-0.457805994,0.000000000,manual_A_near_upright
pid,BALANCE,14.984,-1.222413,1.526347,-0.637175,0.784710890,0.006965222,-0.021335124,0.076908,7,-0.006371753,-0.637175349,-0.455125249,-0.455125249,0.000000000,manual_A_near_upright
pid,BALANCE,15.005,-1.206403,1.519565,-0.629814,0.784714123,0.016607266,-0.021055703,0.076345,7,-0.006298141,-0.629814098,-0.449867213,-0.449867213,0.000000000,manual_A_near_upright
pid,BALANCE,15.026,-1.179492,1.499363,-0.614657,0.784719574,0.026065498,-0.020586024,0.075792,7,-0.006146566,-0.614656629,-0.439040449,-0.439040449,0.000000000,manual_A_near_upright
pid,BALANCE,15.047,-1.141984,1.466022,-0.593722,0.784727023,0.035223672,-0.019931386,0.075241,7,-0.005937218,-0.593721755,-0.424086968,-0.424086968,0.000000000,manual_A_near_upright
pid,BALANCE,15.067,-1.096929,1.422551,-0.570700,0.784735671,0.043537311,-0.019145025,0.074709,7,-0.005706998,-0.570699804,-0.407642717,-0.407642717,0.000000000,manual_A_near_upright
pid,BALANCE,15.088,-1.040051,1.364861,-0.539336,0.784746126,0.051898098,-0.018152313,0.074167,7,-0.005393360,-0.539336043,-0.385240030,-0.385240030,0.000000000,manual_A_near_upright
pid,BALANCE,15.108,-0.974014,1.295527,-0.504121,0.784757569,0.059724298,-0.016999749,0.073631,7,-0.005041206,-0.504120560,-0.360086114,-0.360086114,0.000000000,manual_A_near_upright
pid,BALANCE,15.129,-0.899514,1.215285,-0.465799,0.784769570,0.066946141,-0.015699473,0.073098,7,-0.004657989,-0.465798879,-0.332713485,-0.332713485,0.000000000,manual_A_near_upright
pid,BALANCE,15.150,-0.812951,1.120171,-0.421353,0.784782311,0.073839150,-0.014188673,0.072563,7,-0.004213526,-0.421352636,-0.300966169,-0.300966169,0.000000000,manual_A_near_upright
pid,BALANCE,15.171,-0.728065,1.025403,-0.379421,0.784793528,0.079385329,-0.012707128,0.072042,7,-0.003794211,-0.379421135,-0.271015097,-0.271015097,0.000000000,manual_A_near_upright
pid,BALANCE,15.191,-0.627757,0.912009,-0.324251,0.784805244,0.084847161,-0.010956423,0.071514,7,-0.003242511,-0.324251084,-0.231607917,-0.231607917,0.000000000,manual_A_near_upright
pid,BALANCE,15.212,-0.532038,0.802598,-0.275986,0.784814733,0.088952555,-0.009285816,0.071005,7,-0.002759865,-0.275986484,-0.197133203,-0.197133203,0.000000000,manual_A_near_upright
pid,BALANCE,15.233,-0.427004,0.681464,-0.217891,0.784823382,0.092573405,-0.007452622,0.070481,7,-0.002178913,-0.217891264,-0.155636617,-0.155636617,0.000000000,manual_A_near_upright
pid,BALANCE,15.254,-0.318606,0.555378,-0.162280,0.784830220,0.095245245,-0.005560720,0.069967,7,-0.001622795,-0.162279508,-0.115913934,-0.115913934,0.000000000,manual_A_near_upright
pid,BALANCE,15.275,-0.207872,0.425547,-0.104549,0.784835094,0.097052712,-0.003628059,0.069455,7,-0.001045491,-0.104549073,-0.074677909,-0.074677909,0.000000000,manual_A_near_upright
pid,BALANCE,15.295,-0.090173,0.286520,-0.042023,0.784837933,0.098003544,-0.001573810,0.068945,7,-0.000420228,-0.042022818,-0.053468622,-0.053468622,0.000000000,manual_A_near_upright
pid,BALANCE,15.316,0.016524,0.159561,0.014856,0.784838339,0.097921959,0.000288399,0.068449,7,0.000148558,0.014855794,0.010611282,0.010611282,0.000000000,manual_A_near_upright
pid,BALANCE,15.337,0.128005,0.025954,0.092057,0.784836547,0.096858941,0.002234105,0.067950,7,0.000920565,0.092056534,0.065754667,0.065754667,0.000000000,manual_A_near_upright
pid,BALANCE,15.358,0.237004,-0.106105,0.140977,0.784832232,0.094324909,0.004136493,0.067463,7,0.001409770,0.140976952,0.100697823,0.100697823,0.000000000,manual_A_near_upright
pid,BALANCE,15.379,0.342475,-0.235371,0.195716,0.784826189,0.091102409,0.005977309,0.066970,7,0.001957164,0.195716392,0.139797423,0.139797423,0.000000000,manual_A_near_upright
pid,BALANCE,15.399,0.443657,-0.360750,0.250528,0.784818594,0.087117282,0.007743274,0.066486,7,0.002505277,0.250527677,0.178948341,0.178948341,0.000000000,manual_A_near_upright
pid,BALANCE,15.420,0.539535,-0.481058,0.296891,0.784809667,0.082256755,0.009416665,0.066005,7,0.002968911,0.296891088,0.212065063,0.212065063,0.000000000,manual_A_near_upright
pid,BALANCE,15.441,0.629292,-0.595233,0.343609,0.784799910,0.076775652,0.010983217,0.065522,7,0.003436093,0.343609342,0.245435244,0.245435244,0.000000000,manual_A_near_upright
pid,BALANCE,15.462,0.712272,-0.702328,0.387189,0.784789654,0.070666585,0.012431488,0.065048,7,0.003871892,0.387189206,0.276563719,0.276563719,0.000000000,manual_A_near_upright
pid,BALANCE,15.483,0.791257,-0.806108,0.424491,0.784778739,0.063556365,0.013810046,0.064570,7,0.004244914,0.424491417,0.303208155,0.303208155,0.000000000,manual_A_near_upright
pid,BALANCE,15.503,0.854961,-0.891563,0.455930,0.784769168,0.056686844,0.014921889,0.064115,7,0.004559296,0.455929638,0.325664027,0.325664027,0.000000000,manual_A_near_upright
pid,BALANCE,15.523,0.913673,-0.972193,0.487760,0.784759754,0.049105378,0.015946606,0.063651,7,0.004877604,0.487760435,0.348400310,0.348400310,0.000000000,manual_A_near_upright
pid,BALANCE,15.544,0.965551,-1.045829,0.511566,0.784750900,0.040673704,0.016852036,0.063183,7,0.005115662,0.511566234,0.365404453,0.365404453,0.000000000,manual_A_near_upright
pid,BALANCE,15.565,1.003523,-1.102202,0.529136,0.784744115,0.032793216,0.017514785,0.062731,7,0.005291359,0.529135921,0.377954229,0.377954229,0.000000000,manual_A_near_upright
pid,BALANCE,15.586,1.034103,-1.150626,0.544528,0.784738460,0.024339880,0.018048494,0.062268,7,0.005445280,0.544528018,0.388948584,0.388948584,0.000000000,manual_A_near_upright
pid,BALANCE,15.607,1.054850,-1.187513,0.553433,0.784734490,0.015731556,0.018410602,0.061816,7,0.005534326,0.553432642,0.395309030,0.395309030,0.000000000,manual_A_near_upright
pid,BALANCE,15.627,1.065697,-1.212647,0.557891,0.784732326,0.007086158,0.018599928,0.061375,7,0.005578913,0.557891295,0.398493782,0.398493782,0.000000000,manual_A_near_upright
pid,BALANCE,15.648,1.066643,-1.225910,0.557036,0.784732014,-0.001543332,0.018616438,0.060927,7,0.005570365,0.557036477,0.397883198,0.397883198,0.000000000,manual_A_near_upright
pid,BALANCE,15.670,1.057781,-1.227296,0.552134,0.784733534,-0.010057413,0.018461757,0.060482,7,0.005521339,0.552133887,0.394381348,0.394381348,0.000000000,manual_A_near_upright
pid,BALANCE,15.690,1.039316,-1.216918,0.542702,0.784736798,-0.018397382,0.018139485,0.060049,7,0.005427022,0.542702207,0.387644434,0.387644434,0.000000000,manual_A_near_upright
pid,BALANCE,15.710,1.011433,-1.194948,0.526276,0.784741680,-0.026548303,0.017652843,0.059615,7,0.005262758,0.526275829,0.375911306,0.375911306,0.000000000,manual_A_near_upright
pid,BALANCE,15.731,0.974478,-1.161696,0.506626,0.784747972,-0.034368170,0.017007856,0.059180,7,0.005066255,0.506625506,0.361875362,0.361875362,0.000000000,manual_A_near_upright
pid,BALANCE,15.753,0.926386,-1.115096,0.482185,0.784755822,-0.042163967,0.016168493,0.058736,7,0.004821853,0.482185316,0.344418083,0.344418083,0.000000000,manual_A_near_upright
pid,BALANCE,15.773,0.875096,-1.063077,0.454775,0.784763775,-0.048842672,0.015273307,0.058316,7,0.004547754,0.454775369,0.324839550,0.324839550,0.000000000,manual_A_near_upright
pid,BALANCE,15.794,0.813597,-0.998750,0.420647,0.784772727,-0.055425323,0.014199947,0.057895,7,0.004206470,0.420646953,0.300462109,0.300462109,0.000000000,manual_A_near_upright
pid,BALANCE,15.815,0.745083,-0.925311,0.386685,0.784781898,-0.061392993,0.013004146,0.057468,7,0.003866848,0.386684779,0.276203414,0.276203414,0.000000000,manual_A_near_upright
pid,BALANCE,15.836,0.670128,-0.843465,0.345521,0.784791038,-0.066852646,0.011695948,0.057053,7,0.003455207,0.345520739,0.246800528,0.246800528,0.000000000,manual_A_near_upright
pid,BALANCE,15.857,0.589484,-0.754049,0.303957,0.784799753,-0.071625998,0.010288433,0.056633,7,0.003039572,0.303957243,0.217112317,0.217112317,0.000000000,manual_A_near_upright
pid,BALANCE,15.878,0.503921,-0.657949,0.259323,0.784807768,-0.075736952,0.008795089,0.056215,7,0.002593227,0.259322702,0.185230501,0.185230501,0.000000000,manual_A_near_upright
pid,BALANCE,15.898,0.414223,-0.556096,0.212075,0.784814802,-0.079147104,0.007229551,0.055809,7,0.002120748,0.212074754,0.151481967,0.151481967,0.000000000,manual_A_near_upright
pid,BALANCE,15.919,0.321236,-0.449481,0.163521,0.784820603,-0.081808885,0.005606633,0.055409,7,0.001635206,0.163520633,0.116800452,0.116800452,0.000000000,manual_A_near_upright
pid,BALANCE,15.939,0.225901,-0.339165,0.117021,0.784824933,-0.083640152,0.003942714,0.055011,7,0.001170214,0.117021416,0.083586726,0.083586726,0.000000000,manual_A_near_upright
pid,BALANCE,15.961,0.128957,-0.226135,0.061481,0.784827813,-0.084863505,0.002250719,0.054606,7,0.000614807,0.061480652,0.043914752,0.043914752,0.000000000,manual_A_near_upright
pid,BALANCE,15.982,0.031355,-0.111492,0.011007,0.784828962,-0.085177038,0.000547248,0.054209,7,0.000110075,0.011007494,0.007862496,0.007862496,0.000000000,manual_A_near_upright
pid,BALANCE,16.003,-0.065914,0.003636,-0.050539,0.784828413,-0.084664644,-0.001150417,0.053809,7,-0.000505390,-0.050539037,-0.036099312,-0.036099312,0.000000000,manual_A_near_upright
pid,BALANCE,16.024,-0.166428,0.123724,-0.104345,0.784825849,-0.082922309,-0.002904721,0.053411,7,-0.001043447,-0.104344727,-0.074531948,-0.074531948,0.000000000,manual_A_near_upright
pid,BALANCE,16.044,-0.254785,0.230504,-0.144717,0.784822029,-0.080480854,-0.004446831,0.053025,7,-0.001447172,-0.144717219,-0.103369442,-0.103369442,0.000000000,manual_A_near_upright
pid,BALANCE,16.065,-0.348935,0.345459,-0.198763,0.784816599,-0.077259144,-0.006090063,0.052637,7,-0.001987632,-0.198763203,-0.141973717,-0.141973717,0.000000000,manual_A_near_upright
pid,BALANCE,16.086,-0.434248,0.450871,-0.238524,0.784810217,-0.073292475,-0.007579066,0.052254,7,-0.002385243,-0.238524253,-0.170374466,-0.170374466,0.000000000,manual_A_near_upright
pid,BALANCE,16.107,-0.510646,0.546442,-0.277407,0.784803468,-0.069015107,-0.008912460,0.051880,7,-0.002774067,-0.277406650,-0.198147607,-0.198147607,0.000000000,manual_A_near_upright
pid,BALANCE,16.128,-0.585653,0.641441,-0.319705,0.784795901,-0.064031399,-0.010221565,0.051501,7,-0.003197045,-0.319704521,-0.228360372,-0.228360372,0.000000000,manual_A_near_upright
pid,BALANCE,16.148,-0.657674,0.734075,-0.354269,0.784787651,-0.058097751,-0.011478571,0.051124,7,-0.003542688,-0.354268801,-0.253049143,-0.253049143,0.000000000,manual_A_near_upright
pid,BALANCE,16.169,-0.719186,0.814692,-0.383390,0.784779891,-0.051970113,-0.012552164,0.050760,7,-0.003833896,-0.383389590,-0.273849707,-0.273849707,0.000000000,manual_A_near_upright
pid,BALANCE,16.189,-0.770877,0.883824,-0.410537,0.784772888,-0.045836235,-0.013454342,0.050399,7,-0.004105371,-0.410537105,-0.293240789,-0.293240789,0.000000000,manual_A_near_upright
pid,BALANCE,16.210,-0.817793,0.948176,-0.435173,0.784766128,-0.039045409,-0.014273180,0.050036,7,-0.004351733,-0.435173334,-0.310838096,-0.310838096,0.000000000,manual_A_near_upright
pid,BALANCE,16.231,-0.856662,1.003378,-0.453850,0.784760221,-0.031938727,-0.014951577,0.049673,7,-0.004538505,-0.453850488,-0.324178920,-0.324178920,0.000000000,manual_A_near_upright
pid,BALANCE,16.252,-0.887198,1.048994,-0.468135,0.784755382,-0.024619358,-0.015484522,0.049309,7,-0.004681351,-0.468135140,-0.334382243,-0.334382243,0.000000000,manual_A_near_upright
pid,BALANCE,16.273,-0.910107,1.086221,-0.478975,0.784751625,-0.016792303,-0.015884370,0.048942,7,-0.004789748,-0.478974768,-0.342124834,-0.342124834,0.000000000,manual_A_near_upright
pid,BALANCE,16.293,-0.922641,1.110253,-0.483935,0.784749495,-0.009622762,-0.016103116,0.048595,7,-0.004839351,-0.483935086,-0.345667918,-0.345667918,0.000000000,manual_A_near_upright
pid,BALANCE,16.314,-0.927402,1.125510,-0.485627,0.784748615,-0.002082616,-0.016186215,0.048240,7,-0.004856270,-0.485627014,-0.346876439,-0.346876439,0.000000000,manual_A_near_upright
pid,BALANCE,16.335,-0.923554,1.130419,-0.482507,0.784749141,0.005412435,-0.016119054,0.047898,7,-0.004825072,-0.482507216,-0.344648011,-0.344648011,0.000000000,manual_A_near_upright
pid,BALANCE,16.355,-0.911241,1.125038,-0.477034,0.784751024,0.012750611,-0.015904148,0.047554,7,-0.004770335,-0.477033548,-0.340738249,-0.340738249,0.000000000,manual_A_near_upright
pid,BALANCE,16.376,-0.890624,1.109488,-0.465063,0.784754187,0.019958647,-0.015544327,0.047211,7,-0.004650634,-0.465063362,-0.332188116,-0.332188116,0.000000000,manual_A_near_upright
pid,BALANCE,16.396,-0.861939,1.083983,-0.449491,0.784758496,0.026915969,-0.015043671,0.046877,7,-0.004494915,-0.449491459,-0.321065328,-0.321065328,0.000000000,manual_A_near_upright
pid,BALANCE,16.417,-0.823517,1.046846,-0.428709,0.784764067,0.033905151,-0.014373082,0.046535,7,-0.004287086,-0.428708581,-0.306220415,-0.306220415,0.000000000,manual_A_near_upright
pid,BALANCE,16.437,-0.781780,1.004475,-0.407029,0.784769835,0.039881424,-0.013644642,0.046203,7,-0.004070294,-0.407029395,-0.290735282,-0.290735282,0.000000000,manual_A_near_upright
pid,BALANCE,16.458,-0.731111,0.951329,-0.379257,0.784776448,0.045807939,-0.012760291,0.045868,7,-0.003792568,-0.379256775,-0.270897696,-0.270897696,0.000000000,manual_A_near_upright
pid,BALANCE,16.479,-0.674040,0.889968,-0.349360,0.784783356,0.051257010,-0.011764216,0.045531,7,-0.003493602,-0.349360153,-0.249542966,-0.249542966,0.000000000,manual_A_near_upright
pid,BALANCE,16.500,-0.611136,0.821021,-0.316392,0.784790316,0.056209670,-0.010666342,0.045197,7,-0.003163916,-0.316391644,-0.225994031,-0.225994031,0.000000000,manual_A_near_upright
pid,BALANCE,16.521,-0.542995,0.745171,-0.280419,0.784797082,0.060628603,-0.009477044,0.044872,7,-0.002804188,-0.280418813,-0.200299152,-0.200299152,0.000000000,manual_A_near_upright
pid,BALANCE,16.541,-0.470269,0.663167,-0.242337,0.784803406,0.064465335,-0.008207749,0.044545,7,-0.002423372,-0.242337190,-0.173097993,-0.173097993,0.000000000,manual_A_near_upright
pid,BALANCE,16.562,-0.393650,0.575808,-0.202134,0.784809069,0.067694523,-0.006870481,0.044228,7,-0.002021342,-0.202134183,-0.144381560,-0.144381560,0.000000000,manual_A_near_upright
pid,BALANCE,16.583,-0.309794,0.479242,-0.157893,0.784814091,0.070404259,-0.005406931,0.043898,7,-0.001578930,-0.157893018,-0.112780727,-0.112780727,0.000000000,manual_A_near_upright
pid,BALANCE,16.604,-0.231679,0.388460,-0.119891,0.784817622,0.072162216,-0.004043567,0.043581,7,-0.001198906,-0.119890561,-0.085636115,-0.085636115,0.000000000,manual_A_near_upright
pid,BALANCE,16.625,-0.147833,0.290258,-0.072950,0.784820292,0.073481944,-0.002580171,0.043265,7,-0.000729501,-0.072950060,-0.052107186,-0.052107186,0.000000000,manual_A_near_upright
pid,BALANCE,16.645,-0.063058,0.190244,-0.027695,0.784821705,0.074064460,-0.001100577,0.042952,7,-0.000276955,-0.027695497,-0.019782498,-0.019782498,0.000000000,manual_A_near_upright
pid,BALANCE,16.667,0.021756,0.089410,0.019362,0.784821825,0.073913541,0.000379712,0.042635,7,0.000193622,0.019362156,0.013830111,0.013830111,0.000000000,manual_A_near_upright
pid,BALANCE,16.687,0.109918,-0.016276,0.073415,0.784820521,0.072874546,0.001918431,0.042322,7,0.000734148,0.073414760,0.052439114,0.052439114,0.000000000,manual_A_near_upright
pid,BALANCE,16.708,0.187810,-0.110674,0.108015,0.784818062,0.071011108,0.003277895,0.042024,7,0.000896344,0.089634413,0.064024581,0.064024581,0.000000000,manual_A_near_upright
pid,BALANCE,16.728,0.267239,-0.207930,0.151192,0.784814552,0.068592928,0.004664202,0.041717,7,0.001511921,0.151192103,0.107994360,0.107994360,0.000000000,manual_A_near_upright
pid,BALANCE,16.749,0.343355,-0.302157,0.190612,0.784810125,0.065518237,0.005992670,0.041414,7,0.001906121,0.190612092,0.136151495,0.136151495,0.000000000,manual_A_near_upright
pid,BALANCE,16.771,0.415460,-0.392493,0.228484,0.784805001,0.061880717,0.007251145,0.041106,7,0.002284838,0.228483802,0.163202715,0.163202715,0.000000000,manual_A_near_upright
pid,BALANCE,16.791,0.482965,-0.478152,0.263739,0.784799380,0.057708498,0.008429326,0.040817,7,0.002637390,0.263739049,0.188385035,0.188385035,0.000000000,manual_A_near_upright
pid,BALANCE,16.812,0.545247,-0.558362,0.294791,0.784793477,0.053020184,0.009516352,0.040520,7,0.002947909,0.294790901,0.210564929,0.210564929,0.000000000,manual_A_near_upright
pid,BALANCE,16.832,0.601760,-0.632418,0.321457,0.784787525,0.047871071,0.010502698,0.040228,7,0.003214573,0.321457302,0.229612359,0.229612359,0.000000000,manual_A_near_upright
pid,BALANCE,16.853,0.652127,-0.699732,0.348343,0.784781779,0.042412035,0.011381765,0.039935,7,0.003483434,0.348343399,0.248816713,0.248816713,0.000000000,manual_A_near_upright
pid,BALANCE,16.874,0.695915,-0.759730,0.370142,0.784776412,0.036591724,0.012146002,0.039645,7,0.003701419,0.370141884,0.264387060,0.264387060,0.000000000,manual_A_near_upright
pid,BALANCE,16.895,0.732811,-0.811938,0.388599,0.784771628,0.030505429,0.012789960,0.039351,7,0.003885986,0.388598632,0.277570452,0.277570452,0.000000000,manual_A_near_upright
pid,BALANCE,16.916,0.762560,-0.855953,0.403395,0.784767591,0.024208684,0.013309178,0.039067,7,0.004033950,0.403395027,0.288139305,0.288139305,0.000000000,manual_A_near_upright
pid,BALANCE,16.937,0.784939,-0.891438,0.413416,0.784764435,0.017737166,0.013699776,0.038780,7,0.004134162,0.413416206,0.295297290,0.295297290,0.000000000,manual_A_near_upright
pid,BALANCE,16.958,0.800373,-0.919252,0.420382,0.784762186,0.010856236,0.013969142,0.038494,7,0.004203816,0.420381605,0.300272575,0.300272575,0.000000000,manual_A_near_upright
pid,BALANCE,16.978,0.807171,-0.935930,0.423182,0.784761146,0.004596816,0.014087799,0.038218,7,0.004231820,0.423181978,0.302272842,0.302272842,0.000000000,manual_A_near_upright
pid,BALANCE,16.999,0.806978,-0.944697,0.422251,0.784761096,-0.001971099,0.014084428,0.037939,7,0.004222506,0.422250555,0.301607539,0.301607539,0.000000000,manual_A_near_upright
pid,BALANCE,17.020,0.799327,-0.944458,0.418475,0.784762100,-0.008439268,0.013950894,0.037667,7,0.004184752,0.418475197,0.298910855,0.298910855,0.000000000,manual_A_near_upright
pid,BALANCE,17.041,0.784384,-0.935309,0.411046,0.784764102,-0.014774714,0.013690086,0.037394,7,0.004110465,0.411046453,0.293604609,0.293604609,0.000000000,manual_A_near_upright
pid,BALANCE,17.061,0.762290,-0.917387,0.398122,0.784767029,-0.020960841,0.013304471,0.037124,7,0.003981218,0.398121766,0.284372690,0.284372690,0.000000000,manual_A_near_upright
pid,BALANCE,17.082,0.733320,-0.890939,0.382760,0.784770752,-0.026885179,0.012798851,0.036853,7,0.003827598,0.382759821,0.273399872,0.273399872,0.000000000,manual_A_near_upright
pid,BALANCE,17.103,0.697789,-0.856283,0.363245,0.784775134,-0.032537020,0.012178714,0.036585,7,0.003632450,0.363244967,0.259460691,0.259460691,0.000000000,manual_A_near_upright
pid,BALANCE,17.123,0.656050,-0.813797,0.340633,0.784780007,-0.037849490,0.011450231,0.036322,7,0.003406327,0.340632704,0.243309074,0.243309074,0.000000000,manual_A_near_upright
pid,BALANCE,17.144,0.608552,-0.763949,0.315814,0.784785182,-0.042765548,0.010621239,0.036060,7,0.003158140,0.315813976,0.225581412,0.225581412,0.000000000,manual_A_near_upright
pid,BALANCE,17.165,0.555759,-0.707256,0.287806,0.784790478,-0.047270055,0.009699818,0.035797,7,0.002878056,0.287805642,0.205575459,0.205575459,0.000000000,manual_A_near_upright
pid,BALANCE,17.186,0.495187,-0.640993,0.255638,0.784795956,-0.051505588,0.008642638,0.035531,7,0.002556380,0.255637995,0.182598568,0.182598568,0.000000000,manual_A_near_upright
pid,BALANCE,17.207,0.436407,-0.575712,0.226310,0.784800644,-0.054832993,0.007616740,0.035275,7,0.002263105,0.226310484,0.161650345,0.161650345,0.000000000,manual_A_near_upright
pid,BALANCE,17.228,0.370970,-0.502164,0.190058,0.784805184,-0.057897355,0.006474656,0.035019,7,0.001900580,0.190057988,0.135755706,0.135755706,0.000000000,manual_A_near_upright
pid,BALANCE,17.249,0.299021,-0.420392,0.152423,0.784809286,-0.060477122,0.005218898,0.034760,7,0.001524229,0.152422860,0.108873471,0.108873471,0.000000000,manual_A_near_upright
pid,BALANCE,17.269,0.231731,-0.343142,0.119001,0.784812283,-0.062234316,0.004044465,0.034517,7,0.001190009,0.119000875,0.085000625,0.085000625,0.000000000,manual_A_near_upright
pid,BALANCE,17.290,0.159270,-0.259225,0.081349,0.784814637,-0.063547184,0.002779787,0.034263,7,0.000813494,0.081349419,0.058106728,0.058106728,0.000000000,manual_A_near_upright
pid,BALANCE,17.311,0.085785,-0.173423,0.042446,0.784816087,-0.064277571,0.001497226,0.034011,7,0.000424463,0.042446308,0.030318792,0.030318792,0.000000000,manual_A_near_upright
pid,BALANCE,17.332,0.011969,-0.086558,0.003643,0.784816580,-0.064398336,0.000208892,0.033763,7,0.000036433,0.003643334,0.002602381,0.002602381,0.000000000,manual_A_near_upright
pid,BALANCE,17.353,-0.061528,0.000561,-0.045265,0.784816127,-0.063940758,-0.001073865,0.033515,7,-0.000452647,-0.045264711,-0.032331936,-0.032331936,0.000000000,manual_A_near_upright
pid,BALANCE,17.374,-0.133751,0.086985,-0.080859,0.784814595,-0.062577608,-0.002334404,0.033267,7,-0.000808589,-0.080858868,-0.057756334,-0.057756334,0.000000000,manual_A_near_upright
pid,BALANCE,17.395,-0.203906,0.171844,-0.115964,0.784812231,-0.060655472,-0.003558833,0.033024,7,-0.001159641,-0.115964086,-0.082831490,-0.082831490,0.000000000,manual_A_near_upright
pid,BALANCE,17.416,-0.271455,0.254396,-0.151165,0.784809152,-0.058215744,-0.004737776,0.032784,7,-0.001511652,-0.151165204,-0.107975146,-0.107975146,0.000000000,manual_A_near_upright
pid,BALANCE,17.437,-0.335755,0.333868,-0.184071,0.784805472,-0.055247371,-0.005860035,0.032544,7,-0.001840712,-0.184071151,-0.131479394,-0.131479394,0.000000000,manual_A_near_upright
pid,BALANCE,17.457,-0.396264,0.409552,-0.215566,0.784801352,-0.051809943,-0.006916112,0.032308,7,-0.002155658,-0.215565838,-0.153975599,-0.153975599,0.000000000,manual_A_near_upright
pid,BALANCE,17.479,-0.455151,0.484209,-0.246322,0.784796731,-0.047727927,-0.007943884,0.032068,7,-0.002463217,-0.246321706,-0.175944076,-0.175944076,0.000000000,manual_A_near_upright
pid,BALANCE,17.499,-0.503841,0.546898,-0.270220,0.784792440,-0.043623459,-0.008793683,0.031842,7,-0.002702198,-0.270219757,-0.193014112,-0.193014112,0.000000000,manual_A_near_upright
pid,BALANCE,17.520,-0.552209,0.610244,-0.296766,0.784787790,-0.038778042,-0.009637872,0.031606,7,-0.002967658,-0.296765791,-0.211975565,-0.211975565,0.000000000,manual_A_near_upright
pid,BALANCE,17.540,-0.590625,0.661671,-0.313487,0.784783777,-0.034006659,-0.010308344,0.031383,7,-0.003134875,-0.313487455,-0.223919611,-0.223919611,0.000000000,manual_A_near_upright
pid,BALANCE,17.561,-0.625301,0.709341,-0.331780,0.784779952,-0.028811662,-0.010913565,0.031158,7,-0.003317804,-0.331780424,-0.236986017,-0.236986017,0.000000000,manual_A_near_upright
pid,BALANCE,17.581,-0.653825,0.750010,-0.345646,0.784776638,-0.023381439,-0.011411402,0.030936,7,-0.003456462,-0.345646228,-0.246890163,-0.246890163,0.000000000,manual_A_near_upright
pid,BALANCE,17.602,-0.675992,0.783359,-0.356450,0.784773956,-0.017797793,-0.011798280,0.030711,7,-0.003564505,-0.356450499,-0.254607499,-0.254607499,0.000000000,manual_A_near_upright
pid,BALANCE,17.623,-0.691683,0.809155,-0.364683,0.784771995,-0.012122948,-0.012072153,0.030485,7,-0.003646827,-0.364682694,-0.260487639,-0.260487639,0.000000000,manual_A_near_upright
pid,BALANCE,17.644,-0.700797,0.827214,-0.368168,0.784770810,-0.006365027,-0.012231206,0.030264,7,-0.003681675,-0.368167515,-0.262976796,-0.262976796,0.000000000,manual_A_near_upright
pid,BALANCE,17.665,-0.703307,0.837432,-0.368669,0.784770439,-0.000611565,-0.012275028,0.030037,7,-0.003686686,-0.368668625,-0.263334732,-0.263334732,0.000000000,manual_A_near_upright
pid,BALANCE,17.686,-0.698892,0.839700,-0.365852,0.784770923,0.005369292,-0.012197973,0.029823,7,-0.003658522,-0.365852211,-0.261323008,-0.261323008,0.000000000,manual_A_near_upright
pid,BALANCE,17.715,-0.681191,0.828719,-0.357401,0.784772987,0.013411959,-0.011889034,0.029516,7,-0.003574006,-0.357400645,-0.255286175,-0.255286175,0.000000000,manual_A_near_upright
pid,BALANCE,17.736,-0.661335,0.811776,-0.346262,0.784775273,0.018791244,-0.011542480,0.029301,7,-0.003462623,-0.346262277,-0.247330198,-0.247330198,0.000000000,manual_A_near_upright
pid,BALANCE,17.756,-0.635475,0.787417,-0.331409,0.784778163,0.023968433,-0.011091129,0.029092,7,-0.003314086,-0.331408552,-0.236720394,-0.236720394,0.000000000,manual_A_near_upright
pid,BALANCE,17.777,-0.603912,0.755933,-0.314746,0.784781536,0.028863967,-0.010540249,0.028883,7,-0.003147458,-0.314745789,-0.224818421,-0.224818421,0.000000000,manual_A_near_upright
pid,BALANCE,17.798,-0.566981,0.717671,-0.295068,0.784785267,0.033465789,-0.009895688,0.028675,7,-0.002950683,-0.295068251,-0.210763037,-0.210763037,0.000000000,manual_A_near_upright
pid,BALANCE,17.818,-0.525050,0.673032,-0.272661,0.784789219,0.037732589,-0.009163844,0.028468,7,-0.002726615,-0.272661470,-0.194758193,-0.194758193,0.000000000,manual_A_near_upright
pid,BALANCE,17.839,-0.478540,0.622479,-0.248109,0.784793243,0.041620871,-0.008352099,0.028260,7,-0.002481091,-0.248109145,-0.177220818,-0.177220818,0.000000000,manual_A_near_upright
pid,BALANCE,17.860,-0.427908,0.566522,-0.221339,0.784797194,0.045104023,-0.007468408,0.028057,7,-0.002213390,-0.221338989,-0.158099278,-0.158099278,0.000000000,manual_A_near_upright
pid,BALANCE,17.880,-0.373660,0.505728,-0.193973,0.784800919,0.048124522,-0.006521599,0.027854,7,-0.001939733,-0.193973260,-0.138552329,-0.138552329,0.000000000,manual_A_near_upright
pid,BALANCE,17.900,-0.316297,0.440684,-0.162374,0.784804319,0.050738864,-0.005520419,0.027656,7,-0.001786536,-0.178653603,-0.127609716,-0.127609716,0.000000000,manual_A_near_upright
pid,BALANCE,17.922,-0.256348,0.372019,-0.130631,0.784807242,0.052843365,-0.004474124,0.027454,7,-0.001306315,-0.130631499,-0.093308213,-0.093308213,0.000000000,manual_A_near_upright
pid,BALANCE,17.943,-0.191284,0.296768,-0.096715,0.784809695,0.054502777,-0.003338539,0.027250,7,-0.000967150,-0.096714957,-0.069082112,-0.069082112,0.000000000,manual_A_near_upright
pid,BALANCE,17.963,-0.131120,0.226565,-0.067073,0.784811284,0.055479631,-0.002288477,0.027055,7,-0.000670735,-0.067073459,-0.047909614,-0.047909614,0.000000000,manual_A_near_upright
pid,BALANCE,17.984,-0.067001,0.151161,-0.032059,0.784812307,0.056070080,-0.001169391,0.026860,7,-0.000320589,-0.032058936,-0.022899240,-0.022899240,0.000000000,manual_A_near_upright
pid,BALANCE,18.005,-0.002650,0.074910,0.002808,0.784812600,0.056126436,-0.000046257,0.026666,7,0.000028084,0.002808411,0.002006008,0.002006008,0.000000000,manual_A_near_upright
pid,BALANCE,18.026,0.064475,-0.005260,0.044765,0.784812098,0.055556815,0.001125305,0.026471,7,0.000447651,0.044765107,0.031975076,0.031975076,0.000000000,manual_A_near_upright
pid,BALANCE,18.046,0.124009,-0.077095,0.071236,0.784810880,0.054311504,0.002164359,0.026282,7,0.000712358,0.071235804,0.050882717,0.050882717,0.000000000,manual_A_near_upright
pid,BALANCE,18.067,0.187877,-0.154970,0.106329,0.784808941,0.052561209,0.003279064,0.026086,7,0.001063294,0.106329398,0.075949570,0.075949570,0.000000000,manual_A_near_upright
pid,BALANCE,18.088,0.243493,-0.223459,0.135796,0.784806657,0.050497889,0.004249750,0.025899,7,0.001357959,0.135795948,0.096997106,0.096997106,0.000000000,manual_A_near_upright
pid,BALANCE,18.108,0.299225,-0.292859,0.164648,0.784803817,0.047875901,0.005222462,0.025714,7,0.001646482,0.164648180,0.117605843,0.117605843,0.000000000,manual_A_near_upright
pid,BALANCE,18.129,0.351606,-0.358888,0.191816,0.784800653,0.044837329,0.006136684,0.025529,7,0.001918163,0.191816286,0.137011633,0.137011633,0.000000000,manual_A_near_upright
pid,BALANCE,18.149,0.400149,-0.420948,0.215760,0.784797283,0.041390823,0.006983924,0.025347,7,0.002157597,0.215759664,0.154114046,0.154114046,0.000000000,manual_A_near_upright
pid,BALANCE,18.170,0.444505,-0.478527,0.239732,0.784793859,0.037642947,0.007758082,0.025163,7,0.002397315,0.239731512,0.171236794,0.171236794,0.000000000,manual_A_near_upright
pid,BALANCE,18.192,0.486129,-0.533601,0.260193,0.784790321,0.033333353,0.008484557,0.024975,7,0.002601932,0.260193247,0.185852319,0.185852319,0.000000000,manual_A_near_upright
pid,BALANCE,18.212,0.520708,-0.580460,0.276890,0.784787149,0.028954555,0.009088066,0.024793,7,0.002768901,0.276890128,0.197778663,0.197778663,0.000000000,manual_A_near_upright
pid,BALANCE,18.233,0.548760,-0.619578,0.291237,0.784784425,0.024608914,0.009577670,0.024616,7,0.002912366,0.291236572,0.208026123,0.208026123,0.000000000,manual_A_near_upright
pid,BALANCE,18.254,0.573034,-0.654762,0.303417,0.784781952,0.019857042,0.010001330,0.024437,7,0.003034173,0.303417324,0.216726660,0.216726660,0.000000000,manual_A_near_upright
pid,BALANCE,18.274,0.591730,-0.683525,0.312238,0.784779969,0.014961737,0.010327637,0.024261,7,0.003122385,0.312238480,0.223027486,0.223027486,0.000000000,manual_A_near_upright
pid,BALANCE,18.295,0.604751,-0.705670,0.318516,0.784778541,0.009985084,0.010554890,0.024085,7,0.003185160,0.318516009,0.227511435,0.227511435,0.000000000,manual_A_near_upright
pid,BALANCE,18.316,0.612016,-0.721045,0.321447,0.784777712,0.004957034,0.010681702,0.023910,7,0.003214473,0.321447271,0.229605194,0.229605194,0.000000000,manual_A_near_upright
pid,BALANCE,18.336,0.613449,-0.729820,0.321546,0.784777509,-0.000313588,0.010706708,0.023737,7,0.003215457,0.321545714,0.229675510,0.229675510,0.000000000,manual_A_near_upright
pid,BALANCE,18.357,0.608955,-0.731145,0.318973,0.784777949,-0.005279136,0.010628265,0.023564,7,0.003189725,0.318972544,0.227837531,0.227837531,0.000000000,manual_A_near_upright
pid,BALANCE,18.378,0.599507,-0.726106,0.315248,0.784778911,-0.009885262,0.010463374,0.023397,7,0.003152477,0.315247683,0.225176917,0.225176917,0.000000000,manual_A_near_upright
pid,BALANCE,18.398,0.584206,-0.714258,0.306242,0.784780461,-0.014653059,0.010196314,0.023227,7,0.003062418,0.306241752,0.218744108,0.218744108,0.000000000,manual_A_near_upright
pid,BALANCE,18.419,0.563586,-0.695863,0.295052,0.784782497,-0.019236231,0.009836439,0.023056,7,0.003008628,0.300862838,0.214902027,0.214902027,0.000000000,manual_A_near_upright
pid,BALANCE,18.441,0.537893,-0.671151,0.281416,0.784784937,-0.023603817,0.009388010,0.022887,7,0.002814164,0.281416393,0.201011709,0.201011709,0.000000000,manual_A_near_upright
pid,BALANCE,18.461,0.507395,-0.640401,0.265087,0.784787688,-0.027726311,0.008855706,0.022719,7,0.002650868,0.265086844,0.189347746,0.189347746,0.000000000,manual_A_near_upright
pid,BALANCE,18.482,0.472407,-0.603949,0.246548,0.784790647,-0.031561830,0.008245053,0.022555,7,0.002465484,0.246548436,0.176106026,0.176106026,0.000000000,manual_A_near_upright
pid,BALANCE,18.503,0.433284,-0.562181,0.225890,0.784793702,-0.035080524,0.007562237,0.022390,7,0.002258903,0.225890256,0.161350183,0.161350183,0.000000000,manual_A_near_upright
pid,BALANCE,18.524,0.390414,-0.515526,0.203256,0.784796744,-0.038253352,0.006814010,0.022227,7,0.002032564,0.203256445,0.145183175,0.145183175,0.000000000,manual_A_near_upright
pid,BALANCE,18.545,0.344216,-0.464459,0.178924,0.784799660,-0.041052561,0.006007702,0.022063,7,0.001789238,0.178923819,0.127802728,0.127802728,0.000000000,manual_A_near_upright
pid,BALANCE,18.566,0.295100,-0.409471,0.151161,0.784802362,-0.043493850,0.005150460,0.021903,7,0.001511608,0.151160842,0.107972030,0.107972030,0.000000000,manual_A_near_upright
pid,BALANCE,18.587,0.240942,-0.348128,0.123019,0.784804832,-0.045556584,0.004205223,0.021742,7,0.001230190,0.123019008,0.087870720,0.087870720,0.000000000,manual_A_near_upright
pid,BALANCE,18.607,0.190164,-0.290005,0.097678,0.784806671,-0.046991124,0.003318991,0.021587,7,0.000976777,0.097677723,0.069769802,0.069769802,0.000000000,manual_A_near_upright
pid,BALANCE,18.628,0.135325,-0.226685,0.067799,0.784808167,-0.048117135,0.002361871,0.021431,7,0.000677989,0.067798854,0.048427753,0.048427753,0.000000000,manual_A_near_upright
pid,BALANCE,18.648,0.079638,-0.161803,0.039994,0.784809122,-0.048735731,0.001389947,0.021277,7,0.000399942,0.039994237,0.028567312,0.028567312,0.000000000,manual_A_near_upright
pid,BALANCE,18.670,0.020739,-0.092635,0.006360,0.784809570,-0.048978901,0.000361958,0.021118,7,0.000063598,0.006359825,0.004542732,0.004542732,0.000000000,manual_A_near_upright
pid,BALANCE,18.690,-0.035149,-0.026455,-0.024103,0.784809384,-0.048625841,-0.000613473,0.020967,7,-0.000241031,-0.024103149,-0.017216535,-0.017216535,0.000000000,manual_A_near_upright
pid,BALANCE,18.720,-0.114534,0.068639,-0.065533,0.784808127,-0.047198955,-0.001999002,0.020750,7,-0.000655330,-0.065532982,-0.046809273,-0.046809273,0.000000000,manual_A_near_upright
pid,BALANCE,18.741,-0.170021,0.135917,-0.095800,0.784806598,-0.045621296,-0.002967432,0.020597,7,-0.000958000,-0.095799997,-0.068428570,-0.068428570,0.000000000,manual_A_near_upright
pid,BALANCE,18.761,-0.220693,0.198026,-0.120927,0.784804708,-0.043642224,-0.003851820,0.020451,7,-0.001209273,-0.120927282,-0.086376630,-0.086376630,0.000000000,manual_A_near_upright
pid,BALANCE,18.782,-0.266460,0.254733,-0.144886,0.784802623,-0.041430597,-0.004650608,0.020306,7,-0.001448856,-0.144885649,-0.103489749,-0.103489749,0.000000000,manual_A_near_upright
pid,BALANCE,18.802,-0.311771,0.311508,-0.170102,0.784800206,-0.038780439,-0.005441422,0.020159,7,-0.001701022,-0.170102215,-0.121501582,-0.121501582,0.000000000,manual_A_near_upright
pid,BALANCE,18.823,-0.353719,0.364778,-0.190396,0.784797629,-0.035730002,-0.006173565,0.020014,7,-0.001903962,-0.190396231,-0.135997308,-0.135997308,0.000000000,manual_A_near_upright
pid,BALANCE,18.844,-0.391931,0.414065,-0.210056,0.784795021,-0.032408040,-0.006840483,0.019869,7,-0.002100556,-0.210055601,-0.150039715,-0.150039715,0.000000000,manual_A_near_upright
pid,BALANCE,18.864,-0.426120,0.458958,-0.228123,0.784792473,-0.028830605,-0.007437197,0.019727,7,-0.002281227,-0.228122685,-0.162944775,-0.162944775,0.000000000,manual_A_near_upright
pid,BALANCE,18.885,-0.456007,0.499075,-0.243234,0.784790074,-0.025007609,-0.007958825,0.019585,7,-0.002432339,-0.243233871,-0.173738479,-0.173738479,0.000000000,manual_A_near_upright
pid,BALANCE,18.906,-0.481339,0.534075,-0.255592,0.784787914,-0.020984524,-0.008400949,0.019444,7,-0.002555917,-0.255591651,-0.182565465,-0.182565465,0.000000000,manual_A_near_upright
pid,BALANCE,18.926,-0.501937,0.563680,-0.265874,0.784786074,-0.016815991,-0.008760450,0.019303,7,-0.002658745,-0.265874466,-0.189910333,-0.189910333,0.000000000,manual_A_near_upright
pid,BALANCE,18.947,-0.517654,0.587661,-0.273246,0.784784612,-0.012525197,-0.009034769,0.019162,7,-0.002732459,-0.273245925,-0.195175660,-0.195175660,0.000000000,manual_A_near_upright
pid,BALANCE,18.968,-0.528794,0.606595,-0.278452,0.784783541,-0.007947271,-0.009229193,0.019023,7,-0.002784520,-0.278451959,-0.198894256,-0.198894256,0.000000000,manual_A_near_upright
pid,BALANCE,18.988,-0.534098,0.618104,-0.280664,0.784783008,-0.003771010,-0.009321770,0.018887,7,-0.002806644,-0.280664388,-0.200474563,-0.200474563,0.000000000,manual_A_near_upright
pid,BALANCE,19.009,-0.534672,0.624542,-0.280334,0.784782917,0.000836803,-0.009331786,0.018749,7,-0.002803343,-0.280334330,-0.200238807,-0.200238807,0.000000000,manual_A_near_upright
pid,BALANCE,19.030,-0.530456,0.624680,-0.278562,0.784783281,0.004944369,-0.009258201,0.018614,7,-0.002785618,-0.278561774,-0.198972696,-0.198972696,0.000000000,manual_A_near_upright
pid,BALANCE,19.050,-0.521262,0.619048,-0.274251,0.784784098,0.009186432,-0.009097737,0.018482,7,-0.002742508,-0.274250767,-0.195893405,-0.195893405,0.000000000,manual_A_near_upright
pid,BALANCE,19.071,-0.506442,0.606839,-0.265133,0.784785406,0.013550228,-0.008839074,0.018349,7,-0.002651330,-0.265132988,-0.189380705,-0.189380705,0.000000000,manual_A_near_upright
pid,BALANCE,19.091,-0.488654,0.590394,-0.256341,0.784786928,0.017314669,-0.008528621,0.018220,7,-0.002563408,-0.256340827,-0.183100590,-0.183100590,0.000000000,manual_A_near_upright
pid,BALANCE,19.112,-0.465631,0.567737,-0.243300,0.784788827,0.021123990,-0.008126798,0.018088,7,-0.002433000,-0.243299954,-0.173785681,-0.173785681,0.000000000,manual_A_near_upright
pid,BALANCE,19.133,-0.436963,0.538314,-0.227990,0.784791062,0.024866436,-0.007626435,0.017956,7,-0.002279897,-0.227989655,-0.162849754,-0.162849754,0.000000000,manual_A_near_upright
pid,BALANCE,19.153,-0.407364,0.507024,-0.212943,0.784793218,0.027998432,-0.007109841,0.017828,7,-0.002129428,-0.212942774,-0.152101982,-0.152101982,0.000000000,manual_A_near_upright
pid,BALANCE,19.174,-0.372704,0.469603,-0.193645,0.784795555,0.031053356,-0.006504908,0.017699,7,-0.001936448,-0.193644838,-0.138317742,-0.138317742,0.000000000,manual_A_near_upright
pid,BALANCE,19.195,-0.332861,0.425796,-0.173194,0.784797974,0.033895564,-0.005809524,0.017569,7,-0.001731938,-0.173193817,-0.123709869,-0.123709869,0.000000000,manual_A_near_upright
pid,BALANCE,19.215,-0.294118,0.382574,-0.152785,0.784800062,0.036164831,-0.005133331,0.017442,7,-0.001527855,-0.152785493,-0.109132495,-0.109132495,0.000000000,manual_A_near_upright
pid,BALANCE,19.237,-0.250922,0.333817,-0.129605,0.784802080,0.038219389,-0.004379407,0.017312,7,-0.001296048,-0.129604820,-0.092574872,-0.092574872,0.000000000,manual_A_near_upright
pid,BALANCE,19.258,-0.205684,0.282202,-0.105174,0.784803843,0.039909991,-0.003589871,0.017185,7,-0.001051742,-0.105174188,-0.075124420,-0.075124420,0.000000000,manual_A_near_upright
pid,BALANCE,19.279,-0.158827,0.228225,-0.080272,0.784805286,0.041210351,-0.002772057,0.017058,7,-0.000802717,-0.080271667,-0.057336905,-0.057336905,0.000000000,manual_A_near_upright
pid,BALANCE,19.300,-0.110816,0.172417,-0.055206,0.784806359,0.042109372,-0.001934104,0.016935,7,-0.000552057,-0.055205731,-0.039432665,-0.039432665,0.000000000,manual_A_near_upright
pid,BALANCE,19.321,-0.062135,0.115330,-0.031203,0.784807022,0.042580554,-0.001084466,0.016809,7,-0.000312028,-0.031202844,-0.022287746,-0.022287746,0.000000000,manual_A_near_upright
pid,BALANCE,19.342,-0.010739,0.054576,-0.002799,0.784807289,0.042706945,-0.000187438,0.016684,7,-0.000027990,-0.002798987,-0.001999276,-0.001999276,0.000000000,manual_A_near_upright
pid,BALANCE,19.362,0.035540,-0.000572,0.024288,0.784807114,0.042396147,0.000620288,0.016566,7,0.000242882,0.024288231,0.017348737,0.017348737,0.000000000,manual_A_near_upright
pid,BALANCE,19.383,0.085900,-0.061112,0.051860,0.784806471,0.041568061,0.001499232,0.016444,7,0.000518603,0.051860313,0.037043080,0.037043080,0.000000000,manual_A_near_upright
pid,BALANCE,19.404,0.130229,-0.114960,0.072836,0.784805510,0.040384380,0.002272930,0.016328,7,0.000728358,0.072835824,0.052025588,0.052025588,0.000000000,manual_A_near_upright
pid,BALANCE,19.424,0.175276,-0.170213,0.097475,0.784804202,0.038852635,0.003059148,0.016210,7,0.000974754,0.097475447,0.069625319,0.069625319,0.000000000,manual_A_near_upright
pid,BALANCE,19.445,0.218248,-0.223494,0.119918,0.784802614,0.036948946,0.003809151,0.016094,7,0.001199184,0.119918449,0.085656035,0.085656035,0.000000000,manual_A_near_upright
pid,BALANCE,19.466,0.260723,-0.276792,0.141647,0.784800723,0.034590199,0.004550482,0.015976,7,0.001416470,0.141647037,0.101176455,0.101176455,0.000000000,manual_A_near_upright
pid,BALANCE,19.486,0.296442,-0.322230,0.158900,0.784798882,0.032149801,0.005173887,0.015864,7,0.001588998,0.158899811,0.113499865,0.113499865,0.000000000,manual_A_near_upright
pid,BALANCE,19.507,0.331006,-0.366820,0.178491,0.784796904,0.029378391,0.005777144,0.015749,7,0.001784907,0.178490695,0.127493353,0.127493353,0.000000000,manual_A_near_upright
pid,BALANCE,19.527,0.362139,-0.407693,0.193586,0.784794930,0.026305384,0.006320526,0.015637,7,0.001935859,0.193585851,0.138275608,0.138275608,0.000000000,manual_A_near_upright
pid,BALANCE,19.548,0.389581,-0.444500,0.207514,0.784793052,0.023035587,0.006799472,0.015525,7,0.002075143,0.207514300,0.148224500,0.148224500,0.000000000,manual_A_near_upright
pid,BALANCE,19.568,0.413121,-0.476939,0.218999,0.784791333,0.019575957,0.007210327,0.015412,7,0.002136121,0.213612147,0.152580105,0.152580105,0.000000000,manual_A_near_upright
pid,BALANCE,19.589,0.432581,-0.504747,0.229197,0.784789839,0.015986498,0.007549960,0.015299,7,0.002291967,0.229196653,0.163711895,0.163711895,0.000000000,manual_A_near_upright
pid,BALANCE,19.610,0.448484,-0.528734,0.237252,0.784788564,0.012091169,0.007827524,0.015187,7,0.002372523,0.237252281,0.169465915,0.169465915,0.000000000,manual_A_near_upright
pid,BALANCE,19.631,0.459180,-0.546423,0.241712,0.784787673,0.008282670,0.008014196,0.015077,7,0.002417123,0.241712272,0.172651623,0.172651623,0.000000000,manual_A_near_upright
pid,BALANCE,19.652,0.465279,-0.558465,0.244683,0.784787148,0.004643127,0.008120646,0.014970,7,0.002446826,0.244682631,0.174773308,0.174773308,0.000000000,manual_A_near_upright
pid,BALANCE,19.673,0.467409,-0.566059,0.245441,0.784786946,0.000802094,0.008157823,0.014860,7,0.002454413,0.245441289,0.175315207,0.175315207,0.000000000,manual_A_near_upright
pid,BALANCE,19.693,0.465150,-0.568414,0.243606,0.784787105,-0.003017766,0.008118394,0.014754,7,0.002436058,0.243605843,0.174004173,0.174004173,0.000000000,manual_A_near_upright
pid,BALANCE,19.714,0.458597,-0.565571,0.241671,0.784787612,-0.006733809,0.008004036,0.014646,7,0.002416714,0.241671414,0.172622438,0.172622438,0.000000000,manual_A_near_upright
pid,BALANCE,19.735,0.447822,-0.557589,0.235139,0.784788448,-0.010407447,0.007815971,0.014539,7,0.002351391,0.235139114,0.167956510,0.167956510,0.000000000,manual_A_near_upright
pid,BALANCE,19.756,0.432939,-0.544576,0.226999,0.784789575,-0.013943494,0.007556208,0.014432,7,0.002269989,0.226998885,0.162142060,0.162142060,0.000000000,manual_A_near_upright
pid,BALANCE,19.776,0.414140,-0.526708,0.217100,0.784790949,-0.017317196,0.007228112,0.014327,7,0.002170999,0.217099936,0.155071383,0.155071383,0.000000000,manual_A_near_upright
pid,BALANCE,19.798,0.391611,-0.504180,0.204308,0.784792520,-0.020525042,0.006834897,0.014221,7,0.002043077,0.204307692,0.145934065,0.145934065,0.000000000,manual_A_near_upright
pid,BALANCE,19.819,0.365591,-0.477244,0.190424,0.784794222,-0.023503268,0.006380769,0.014118,7,0.001904236,0.190423598,0.136016856,0.136016856,0.000000000,manual_A_near_upright
pid,BALANCE,19.840,0.336359,-0.446193,0.174965,0.784795993,-0.026240741,0.005870571,0.014014,7,0.001749654,0.174965395,0.124975282,0.124975282,0.000000000,manual_A_near_upright
pid,BALANCE,19.860,0.304200,-0.411345,0.157725,0.784797769,-0.028720910,0.005309292,0.013913,7,0.001577246,0.157724572,0.112660409,0.112660409,0.000000000,manual_A_near_upright
pid,BALANCE,19.881,0.267635,-0.371060,0.138216,0.784799567,-0.031017473,0.004671106,0.013812,7,0.001382156,0.138215561,0.098725400,0.098725400,0.000000000,manual_A_near_upright
pid,BALANCE,19.901,0.232424,-0.331726,0.120518,0.784801072,-0.032787819,0.004056559,0.013714,7,0.001205178,0.120517763,0.086084117,0.086084117,0.000000000,manual_A_near_upright
pid,BALANCE,19.922,0.193490,-0.287745,0.098822,0.784802492,-0.034385030,0.003377043,0.013615,7,0.000988224,0.098822425,0.070587447,0.070587447,0.000000000,manual_A_near_upright
pid,BALANCE,19.942,0.153033,-0.241558,0.078593,0.784803671,-0.035603281,0.002670936,0.013518,7,0.000785927,0.078592700,0.056137643,0.056137643,0.000000000,manual_A_near_upright
pid,BALANCE,19.963,0.111439,-0.193616,0.055781,0.784804594,-0.036524185,0.001944981,0.013421,7,0.000557808,0.055780820,0.039843443,0.039843443,0.000000000,manual_A_near_upright
pid,BALANCE,19.984,0.069090,-0.144377,0.034135,0.784805210,-0.037064194,0.001205855,0.013324,7,0.000341352,0.034135222,0.024382301,0.024382301,0.000000000,manual_A_near_upright
pid,BALANCE,20.004,0.026417,-0.094329,0.011954,0.784805512,-0.037261912,0.000461068,0.013228,7,0.000119540,0.011954048,0.008538606,0.008538606,0.000000000,manual_A_near_upright
pid,BALANCE,20.025,-0.016209,-0.043936,-0.012244,0.784805497,-0.037123076,-0.000282899,0.013132,7,-0.000122436,-0.012243630,-0.008745450,-0.008745450,0.000000000,manual_A_near_upright
pid,BALANCE,20.045,-0.058355,0.006308,-0.036482,0.784805153,-0.036593898,-0.001018484,0.013040,7,-0.000364823,-0.036482266,-0.026058762,-0.026058762,0.000000000,manual_A_near_upright
pid,BALANCE,20.066,-0.099540,0.055887,-0.056429,0.784804490,-0.035644669,-0.001737303,0.012946,7,-0.000564291,-0.056429051,-0.040306465,-0.040306465,0.000000000,manual_A_near_upright
pid,BALANCE,20.086,-0.141332,0.106723,-0.078234,0.784803521,-0.034332500,-0.002466708,0.012851,7,-0.000782342,-0.078234227,-0.055881591,-0.055881591,0.000000000,manual_A_near_upright
pid,BALANCE,20.107,-0.179402,0.153521,-0.098413,0.784802372,-0.032771420,-0.003131162,0.012760,7,-0.000984133,-0.098413264,-0.070295189,-0.070295189,0.000000000,manual_A_near_upright
pid,BALANCE,20.127,-0.213691,0.196122,-0.116250,0.784801117,-0.031009963,-0.003729614,0.012669,7,-0.001162501,-0.116250074,-0.083035767,-0.083035767,0.000000000,manual_A_near_upright
pid,BALANCE,20.148,-0.247503,0.238624,-0.134322,0.784799680,-0.028901528,-0.004319745,0.012578,7,-0.001343224,-0.134322403,-0.095944573,-0.095944573,0.000000000,manual_A_near_upright
pid,BALANCE,20.168,-0.278657,0.278339,-0.149599,0.784798171,-0.026515109,-0.004863489,0.012487,7,-0.001495993,-0.149599331,-0.106856665,-0.106856665,0.000000000,manual_A_near_upright
pid,BALANCE,20.189,-0.306920,0.314933,-0.164478,0.784796660,-0.023928227,-0.005356766,0.012397,7,-0.001644780,-0.164478042,-0.117484316,-0.117484316,0.000000000,manual_A_near_upright
pid,BALANCE,20.210,-0.333198,0.349638,-0.177400,0.784795126,-0.020981783,-0.005815410,0.012307,7,-0.001774005,-0.177400483,-0.126714631,-0.126714631,0.000000000,manual_A_near_upright
pid,BALANCE,20.231,-0.354788,0.378863,-0.188474,0.784793775,-0.018014734,-0.006192220,0.012218,7,-0.001884741,-0.188474077,-0.134624341,-0.134624341,0.000000000,manual_A_near_upright
pid,BALANCE,20.261,-0.380533,0.415179,-0.201312,0.784792054,-0.013307126,-0.006641558,0.012088,7,-0.002013117,-0.201311730,-0.143794093,-0.143794093,0.000000000,manual_A_near_upright
pid,BALANCE,20.282,-0.393081,0.434094,-0.207437,0.784791169,-0.010044665,-0.006860557,0.012001,7,-0.002074366,-0.207436591,-0.148168994,-0.148168994,0.000000000,manual_A_near_upright
pid,BALANCE,20.302,-0.401487,0.447982,-0.211504,0.784790556,-0.006887848,-0.007007263,0.011916,7,-0.002115037,-0.211503656,-0.151074040,-0.151074040,0.000000000,manual_A_near_upright
pid,BALANCE,20.323,-0.406599,0.458214,-0.213969,0.784790169,-0.003535548,-0.007096483,0.011829,7,-0.002139693,-0.213969335,-0.152835239,-0.152835239,0.000000000,manual_A_near_upright
pid,BALANCE,20.343,-0.407854,0.463884,-0.214022,0.784790058,-0.000172316,-0.007118397,0.011745,7,-0.002140218,-0.214021762,-0.152872687,-0.152872687,0.000000000,manual_A_near_upright
pid,BALANCE,20.364,-0.405283,0.464983,-0.212653,0.784790223,0.003151380,-0.007073524,0.011660,7,-0.002126533,-0.212653334,-0.151895238,-0.151895238,0.000000000,manual_A_near_upright
pid,BALANCE,20.384,-0.398977,0.461551,-0.210615,0.784790650,0.006391966,-0.006963461,0.011577,7,-0.002106151,-0.210615100,-0.150439357,-0.150439357,0.000000000,manual_A_near_upright
pid,BALANCE,20.405,-0.388389,0.453129,-0.204074,0.784791365,0.009749960,-0.006778661,0.011493,7,-0.002040738,-0.204073763,-0.145766974,-0.145766974,0.000000000,manual_A_near_upright
pid,BALANCE,20.426,-0.374660,0.440635,-0.196894,0.784792267,0.012810270,-0.006539057,0.011410,7,-0.001968944,-0.196894379,-0.140638842,-0.140638842,0.000000000,manual_A_near_upright
pid,BALANCE,20.456,-0.348772,0.415090,-0.183008,0.784793885,0.016995487,-0.006087221,0.011290,7,-0.001830079,-0.183007895,-0.130719925,-0.130719925,0.000000000,manual_A_near_upright
pid,BALANCE,20.477,-0.327052,0.392623,-0.171160,0.784795155,0.019671882,-0.005708136,0.011209,7,-0.001711597,-0.171159673,-0.122256909,-0.122256909,0.000000000,manual_A_near_upright
pid,BALANCE,20.498,-0.302436,0.366470,-0.157777,0.784796495,0.022146887,-0.005278513,0.011126,7,-0.001577766,-0.157776554,-0.112697539,-0.112697539,0.000000000,manual_A_near_upright
pid,BALANCE,20.518,-0.275160,0.336898,-0.143162,0.784797855,0.024394311,-0.004802447,0.011046,7,-0.001431619,-0.143161894,-0.102258496,-0.102258496,0.000000000,manual_A_near_upright
pid,BALANCE,20.539,-0.245524,0.304222,-0.127553,0.784799184,0.026394716,-0.004285200,0.010966,7,-0.001358584,-0.135858376,-0.097041697,-0.097041697,0.000000000,manual_A_near_upright
pid,BALANCE,20.560,-0.213789,0.268756,-0.110161,0.784800438,0.028149644,-0.003731327,0.010886,7,-0.001101606,-0.110160589,-0.078686135,-0.078686135,0.000000000,manual_A_near_upright
pid,BALANCE,20.581,-0.180288,0.230863,-0.092725,0.784801565,0.029611932,-0.003146615,0.010806,7,-0.000927248,-0.092724776,-0.066231983,-0.066231983,0.000000000,manual_A_near_upright
pid,BALANCE,20.601,-0.145342,0.190916,-0.074178,0.784802531,0.030795682,-0.002536693,0.010729,7,-0.000741778,-0.074177843,-0.052984174,-0.052984174,0.000000000,manual_A_near_upright
pid,BALANCE,20.622,-0.109283,0.149301,-0.055051,0.784803302,0.031683754,-0.001907344,0.010651,7,-0.000550513,-0.055051307,-0.039322362,-0.039322362,0.000000000,manual_A_near_upright
pid,BALANCE,20.643,-0.072460,0.106425,-0.035653,0.784803851,0.032266766,-0.001264658,0.010574,7,-0.000356535,-0.035653456,-0.025466754,-0.025466754,0.000000000,manual_A_near_upright
pid,BALANCE,20.664,-0.035221,0.062698,-0.015974,0.784804163,0.032544802,-0.000614728,0.010498,7,-0.000159745,-0.015974496,-0.011410354,-0.011410354,0.000000000,manual_A_near_upright
pid,BALANCE,20.685,0.003941,0.016326,0.005087,0.784804226,0.032507266,0.000068776,0.010419,7,0.000050865,0.005086522,0.003633230,0.003633230,0.000000000,manual_A_near_upright
pid,BALANCE,20.705,0.039065,-0.025622,0.024460,0.784804041,0.032141542,0.000681806,0.010345,7,0.000244596,0.024459620,0.017471157,0.017471157,0.000000000,manual_A_near_upright
pid,BALANCE,20.726,0.077147,-0.071522,0.044923,0.784803591,0.031410565,0.001346468,0.010269,7,0.000449233,0.044923262,0.032088044,0.032088044,0.000000000,manual_A_near_upright
pid,BALANCE,20.747,0.110586,-0.112231,0.061311,0.784802976,0.030440758,0.001930084,0.010197,7,0.000613109,0.061310900,0.043793500,0.043793500,0.000000000,manual_A_near_upright
pid,BALANCE,20.767,0.144463,-0.153875,0.080087,0.784802163,0.029197197,0.002521362,0.010123,7,0.000800866,0.080086579,0.057204699,0.057204699,0.000000000,manual_A_near_upright
pid,BALANCE,20.788,0.176650,-0.193888,0.095397,0.784801190,0.027637727,0.003083123,0.010050,7,0.000953970,0.095397001,0.068140715,0.068140715,0.000000000,manual_A_near_upright
pid,BALANCE,20.809,0.206872,-0.231915,0.111344,0.784800119,0.025870136,0.003610599,0.009977,7,0.001113438,0.111343842,0.079531316,0.079531316,0.000000000,manual_A_near_upright
pid,BALANCE,20.830,0.234882,-0.267626,0.126001,0.784798983,0.023874687,0.004099467,0.009904,7,0.001260011,0.126001118,0.090000799,0.090000799,0.000000000,manual_A_near_upright
pid,BALANCE,20.850,0.260447,-0.300709,0.140046,0.784797828,0.021689266,0.004545658,0.009832,7,0.001400461,0.140046080,0.100032914,0.100032914,0.000000000,manual_A_near_upright
pid,BALANCE,20.871,0.283332,-0.330870,0.151422,0.784796691,0.019295799,0.004945082,0.009760,7,0.001514225,0.151422491,0.108158922,0.108158922,0.000000000,manual_A_near_upright
pid,BALANCE,20.892,0.303342,-0.357850,0.161447,0.784795623,0.016749659,0.005294324,0.009690,7,0.001614469,0.161446852,0.115319180,0.115319180,0.000000000,manual_A_near_upright
pid,BALANCE,20.913,0.320324,-0.381426,0.169731,0.784794659,0.014068111,0.005590703,0.009619,7,0.001697306,0.169730561,0.121236115,0.121236115,0.000000000,manual_A_near_upright
pid,BALANCE,20.934,0.334137,-0.401405,0.176422,0.784793836,0.011282669,0.005831794,0.009549,7,0.001764224,0.176422357,0.126015969,0.126015969,0.000000000,manual_A_near_upright
pid,BALANCE,20.954,0.344701,-0.417640,0.181831,0.784793183,0.008427161,0.006016167,0.009480,7,0.001818306,0.181830581,0.129878987,0.129878987,0.000000000,manual_A_near_upright
pid,BALANCE,20.975,0.351944,-0.430011,0.185420,0.784792719,0.005517433,0.006142576,0.009411,7,0.001854201,0.185420140,0.132442957,0.132442957,0.000000000,manual_A_near_upright
pid,BALANCE,20.996,0.355828,-0.438437,0.187129,0.784792459,0.002580033,0.006210379,0.009343,7,0.001871292,0.187129224,0.133663731,0.133663731,0.000000000,manual_A_near_upright
pid,BALANCE,21.017,0.356341,-0.442871,0.186895,0.784792412,-0.000359168,0.006219332,0.009276,7,0.001868952,0.186895231,0.133496594,0.133496594,0.000000000,manual_A_near_upright
pid,BALANCE,21.037,0.353517,-0.443309,0.185741,0.784792573,-0.003252067,0.006170032,0.009210,7,0.001857405,0.185740544,0.132671817,0.132671817,0.000000000,manual_A_near_upright
pid,BALANCE,21.058,0.347443,-0.439798,0.183611,0.784792933,-0.006077186,0.006064026,0.009142,7,0.001836110,0.183611046,0.131150747,0.131150747,0.000000000,manual_A_near_upright
pid,BALANCE,21.079,0.338150,-0.432380,0.177538,0.784793481,-0.008869834,0.005901827,0.009076,7,0.001775384,0.177538416,0.126813154,0.126813154,0.000000000,manual_A_near_upright
pid,BALANCE,21.099,0.325766,-0.421163,0.171313,0.784794189,-0.011526604,0.005685688,0.009010,7,0.001713125,0.171312537,0.122366098,0.122366098,0.000000000,manual_A_near_upright
pid,BALANCE,21.120,0.310436,-0.406287,0.163061,0.784795032,-0.014065923,0.005418129,0.008944,7,0.001630612,0.163061238,0.116472313,0.116472313,0.000000000,manual_A_near_upright
pid,BALANCE,21.141,0.292315,-0.387916,0.153243,0.784795977,-0.016457313,0.005101852,0.008879,7,0.001532432,0.153243212,0.109459437,0.109459437,0.000000000,manual_A_near_upright
pid,BALANCE,21.162,0.271597,-0.366253,0.142251,0.784796986,-0.018673728,0.004740263,0.008814,7,0.001422505,0.142250545,0.101607532,0.101607532,0.000000000,manual_A_near_upright
pid,BALANCE,21.183,0.248477,-0.341520,0.129058,0.784798027,-0.020719579,0.004336745,0.008749,7,0.001290575,0.129057536,0.092183955,0.092183955,0.000000000,manual_A_near_upright
pid,BALANCE,21.204,0.223222,-0.313987,0.116765,0.784799050,-0.022515510,0.003895952,0.008684,7,0.001167652,0.116765187,0.083403705,0.083403705,0.000000000,manual_A_near_upright
pid,BALANCE,21.226,0.196059,-0.283926,0.101852,0.784800030,-0.024123175,0.003421874,0.008619,7,0.001018518,0.101851836,0.072751312,0.072751312,0.000000000,manual_A_near_upright
pid,BALANCE,21.246,0.167248,-0.251635,0.085901,0.784800929,-0.025497249,0.002919028,0.008557,7,0.000859007,0.085900666,0.061357619,0.061357619,0.000000000,manual_A_near_upright
pid,BALANCE,21.267,0.135543,-0.215687,0.069211,0.784801744,-0.026655587,0.002365676,0.008494,7,0.000692113,0.069211293,0.049436638,0.049436638,0.000000000,manual_A_near_upright
pid,BALANCE,21.288,0.105872,-0.181689,0.054323,0.784802343,-0.027445751,0.001847809,0.008434,7,0.000543229,0.054322864,0.038802046,0.038802046,0.000000000,manual_A_near_upright
pid,BALANCE,21.309,0.072268,-0.142838,0.035434,0.784802843,-0.028084535,0.001261312,0.008372,7,0.000354338,0.035433751,0.025309822,0.025309822,0.000000000,manual_A_near_upright
pid,BALANCE,21.329,0.041451,-0.106884,0.020636,0.784803114,-0.028356005,0.000723448,0.008313,7,0.000206361,0.020636146,0.014740104,0.014740104,0.000000000,manual_A_near_upright
pid,BALANCE,21.350,0.008870,-0.068562,0.002403,0.784803229,-0.028434902,0.000154811,0.008253,7,0.000024034,0.002403415,0.001716725,0.001716725,0.000000000,manual_A_near_upright
pid,BALANCE,21.370,-0.023577,-0.030098,-0.016393,0.784803154,-0.028226708,-0.000411493,0.008193,7,-0.000163928,-0.016392844,-0.011709174,-0.011709174,0.000000000,manual_A_near_upright
pid,BALANCE,21.391,-0.055508,0.008105,-0.032554,0.784802883,-0.027692017,-0.000968801,0.008134,7,-0.000325538,-0.032553790,-0.023252707,-0.023252707,0.000000000,manual_A_near_upright
pid,BALANCE,21.412,-0.086617,0.045683,-0.048767,0.784802449,-0.026911765,-0.001511744,0.008075,7,-0.000487668,-0.048766832,-0.034833452,-0.034833452,0.000000000,manual_A_near_upright
pid,BALANCE,21.433,-0.116631,0.082293,-0.064302,0.784801867,-0.025883082,-0.002035587,0.008017,7,-0.000643021,-0.064302077,-0.045930055,-0.045930055,0.000000000,manual_A_near_upright
pid,BALANCE,21.453,-0.145244,0.117582,-0.078292,0.784801161,-0.024604760,-0.002534980,0.007958,7,-0.000782917,-0.078291651,-0.055922608,-0.055922608,0.000000000,manual_A_near_upright
pid,BALANCE,21.474,-0.172243,0.151248,-0.092963,0.784800369,-0.023139702,-0.003006212,0.007900,7,-0.000929632,-0.092963207,-0.066402291,-0.066402291,0.000000000,manual_A_near_upright
pid,BALANCE,21.495,-0.197379,0.182983,-0.105836,0.784799513,-0.021454319,-0.003444915,0.007842,7,-0.001058360,-0.105835978,-0.075597127,-0.075597127,0.000000000,manual_A_near_upright
pid,BALANCE,21.516,-0.220435,0.212506,-0.118262,0.784798632,-0.019597715,-0.003847324,0.007785,7,-0.001182624,-0.118262407,-0.084473148,-0.084473148,0.000000000,manual_A_near_upright
pid,BALANCE,21.537,-0.241211,0.239555,-0.128405,0.784797755,-0.017552468,-0.004209919,0.007729,7,-0.001284051,-0.128405105,-0.091717932,-0.091717932,0.000000000,manual_A_near_upright
pid,BALANCE,21.557,-0.259530,0.263898,-0.138172,0.784796921,-0.015382075,-0.004529659,0.007673,7,-0.001331305,-0.133130495,-0.095093211,-0.095093211,0.000000000,manual_A_near_upright
pid,BALANCE,21.578,-0.275256,0.285333,-0.146205,0.784796156,-0.013080249,-0.004804120,0.007617,7,-0.001462050,-0.146204950,-0.104432107,-0.104432107,0.000000000,manual_A_near_upright
pid,BALANCE,21.599,-0.288259,0.303682,-0.152793,0.784795490,-0.010677411,-0.005031067,0.007562,7,-0.001527927,-0.152792690,-0.109137636,-0.109137636,0.000000000,manual_A_near_upright
pid,BALANCE,21.620,-0.298429,0.318792,-0.157307,0.784794945,-0.008184760,-0.005208564,0.007507,7,-0.001573075,-0.157307464,-0.112362474,-0.112362474,0.000000000,manual_A_near_upright
pid,BALANCE,21.641,-0.305709,0.330554,-0.161036,0.784794542,-0.005653599,-0.005335622,0.007452,7,-0.001610357,-0.161035702,-0.115025501,-0.115025501,0.000000000,manual_A_near_upright
pid,BALANCE,21.662,-0.310060,0.338888,-0.163172,0.784794292,-0.003090777,-0.005411568,0.007397,7,-0.001631716,-0.163171642,-0.116551173,-0.116551173,0.000000000,manual_A_near_upright
pid,BALANCE,21.683,-0.311464,0.343743,-0.163551,0.784794203,-0.000517261,-0.005436073,0.007343,7,-0.001635512,-0.163551209,-0.116822292,-0.116822292,0.000000000,manual_A_near_upright
pid,BALANCE,21.703,-0.309930,0.345101,-0.162441,0.784794276,0.002037845,-0.005409299,0.007290,7,-0.001624407,-0.162440652,-0.116029037,-0.116029037,0.000000000,manual_A_near_upright
pid,BALANCE,21.724,-0.305536,0.342995,-0.161771,0.784794502,0.004512554,-0.005332601,0.007237,7,-0.001617713,-0.161771334,-0.115550953,-0.115550953,0.000000000,manual_A_near_upright
pid,BALANCE,21.745,-0.297879,0.337092,-0.156830,0.784794898,0.007099365,-0.005198976,0.007184,7,-0.001568301,-0.156830064,-0.114240699,-0.114240699,0.000000000,manual_A_near_upright
pid,BALANCE,21.766,-0.287769,0.328032,-0.151240,0.784795409,0.009462608,-0.005022518,0.007132,7,-0.001512403,-0.151240292,-0.108028780,-0.108028780,0.000000000,manual_A_near_upright
pid,BALANCE,21.786,-0.275742,0.316427,-0.144977,0.784795994,0.011603092,-0.004812611,0.007081,7,-0.001449765,-0.144976525,-0.103554661,-0.103554661,0.000000000,manual_A_near_upright
pid,BALANCE,21.807,-0.260654,0.301185,-0.136759,0.784796695,0.013740460,-0.004549271,0.007029,7,-0.001367594,-0.136759378,-0.097685270,-0.097685270,0.000000000,manual_A_near_upright
pid,BALANCE,21.828,-0.243239,0.283006,-0.127502,0.784797454,0.015729676,-0.004245316,0.006978,7,-0.001275019,-0.127501902,-0.091072787,-0.091072787,0.000000000,manual_A_near_upright
pid,BALANCE,21.849,-0.223683,0.262087,-0.117276,0.784798242,0.017554485,-0.003904000,0.006927,7,-0.001172764,-0.117276360,-0.083768829,-0.083768829,0.000000000,manual_A_near_upright
pid,BALANCE,21.869,-0.202174,0.238641,-0.105707,0.784799033,0.019208679,-0.003528608,0.006878,7,-0.001057074,-0.105707381,-0.075505272,-0.075505272,0.000000000,manual_A_near_upright
pid,BALANCE,21.890,-0.178913,0.212898,-0.092508,0.784799799,0.020686137,-0.003122625,0.006828,7,-0.000925080,-0.092508026,-0.066077161,-0.066077161,0.000000000,manual_A_near_upright
pid,BALANCE,21.911,-0.154147,0.185126,-0.079613,0.784800505,0.021936597,-0.002690365,0.006779,7,-0.000796132,-0.079613161,-0.056866543,-0.056866543,0.000000000,manual_A_near_upright
pid,BALANCE,21.932,-0.128142,0.155614,-0.066817,0.784801127,0.022958164,-0.002236501,0.006729,7,-0.000668171,-0.066817085,-0.047726489,-0.047726489,0.000000000,manual_A_near_upright
pid,BALANCE,21.953,-0.101125,0.124638,-0.052183,0.784801652,0.023785385,-0.001764972,0.006680,7,-0.000521827,-0.052182696,-0.037273355,-0.037273355,0.000000000,manual_A_near_upright
pid,BALANCE,21.973,-0.073333,0.092489,-0.036393,0.784802060,0.024398835,-0.001279895,0.006632,7,-0.000363928,-0.036392762,-0.025994830,-0.025994830,0.000000000,manual_A_near_upright
pid,BALANCE,21.994,-0.043637,0.057827,-0.021083,0.784802338,0.024759311,-0.000761613,0.006583,7,-0.000210825,-0.021082507,-0.015058934,-0.015058934,0.000000000,manual_A_near_upright
pid,BALANCE,22.015,-0.016589,0.025974,-0.007478,0.784802455,0.024855611,-0.000289532,0.006536,7,-0.000074776,-0.007477562,-0.005341116,-0.005341116,0.000000000,manual_A_near_upright
pid,BALANCE,22.035,0.011838,-0.007764,0.008743,0.784802443,0.024753914,0.000206613,0.006489,7,0.000087430,0.008743004,0.006245003,0.006245003,0.000000000,manual_A_near_upright
pid,BALANCE,22.056,0.039911,-0.041379,0.023294,0.784802280,0.024367397,0.000696585,0.006442,7,0.000232936,0.023293594,0.016638281,0.016638281,0.000000000,manual_A_near_upright
pid,BALANCE,22.077,0.067361,-0.074552,0.038306,0.784801989,0.023771166,0.001175665,0.006394,7,0.000383064,0.038306406,0.027361718,0.027361718,0.000000000,manual_A_near_upright
pid,BALANCE,22.098,0.093938,-0.106977,0.052283,0.784801578,0.022943827,0.001639530,0.006347,7,0.000522827,0.052282695,0.037344782,0.037344782,0.000000000,manual_A_near_upright
pid,BALANCE,22.120,0.119385,-0.138347,0.065341,0.784801067,0.021901695,0.002083653,0.006300,7,0.000653411,0.065341053,0.046672181,0.046672181,0.000000000,manual_A_near_upright
pid,BALANCE,22.140,0.143479,-0.168379,0.077976,0.784800479,0.020670022,0.002504178,0.006255,7,0.000779762,0.077976181,0.055697272,0.055697272,0.000000000,manual_A_near_upright
pid,BALANCE,22.161,0.165994,-0.196798,0.089250,0.784799835,0.019244958,0.002897146,0.006209,7,0.000892502,0.089250156,0.063750111,0.063750111,0.000000000,manual_A_near_upright
pid,BALANCE,22.182,0.186748,-0.223356,0.100187,0.784799164,0.017665316,0.003259375,0.006164,7,0.001001869,0.100186850,0.071562036,0.071562036,0.000000000,manual_A_near_upright
pid,BALANCE,22.202,0.205570,-0.247824,0.109902,0.784798489,0.015930479,0.003587870,0.006119,7,0.001099021,0.109902097,0.078501498,0.078501498,0.000000000,manual_A_near_upright
pid,BALANCE,22.223,0.222279,-0.269981,0.118286,0.784797838,0.014058443,0.003879499,0.006075,7,0.001182861,0.118286094,0.084490067,0.084490067,0.000000000,manual_A_near_upright
pid,BALANCE,22.244,0.236760,-0.289650,0.125974,0.784797234,0.012082281,0.004132236,0.006031,7,0.001259742,0.125974229,0.089981592,0.089981592,0.000000000,manual_A_near_upright
pid,BALANCE,22.265,0.248884,-0.306661,0.131868,0.784796698,0.009999435,0.004343844,0.005987,7,0.001318678,0.131867841,0.094191315,0.094191315,0.000000000,manual_A_near_upright
pid,BALANCE,22.286,0.258560,-0.320878,0.136659,0.784796251,0.007846378,0.004512725,0.005944,7,0.001366591,0.136659067,0.097613619,0.097613619,0.000000000,manual_A_near_upright
pid,BALANCE,22.306,0.265724,-0.332194,0.140168,0.784795907,0.005640167,0.004637753,0.005901,7,0.001401683,0.140168348,0.099001391,0.099001391,0.000000000,manual_A_near_upright
pid,BALANCE,22.327,0.270328,-0.340528,0.142258,0.784795679,0.003399054,0.004718105,0.005857,7,0.001422582,0.142258228,0.101613020,0.101613020,0.000000000,manual_A_near_upright
pid,BALANCE,22.348,0.272351,-0.345828,0.143017,0.784795572,0.001146461,0.004753430,0.005815,7,0.001430167,0.143016746,0.102154818,0.102154818,0.000000000,manual_A_near_upright
pid,BALANCE,22.369,0.271800,-0.348069,0.142437,0.784795590,-0.001096939,0.004743798,0.005773,7,0.001424374,0.142437430,0.101741021,0.101741021,0.000000000,manual_A_near_upright
pid,BALANCE,22.390,0.268718,-0.347267,0.141986,0.784795727,-0.003281056,0.004690021,0.005731,7,0.001419863,0.141986300,0.101418786,0.101418786,0.000000000,manual_A_near_upright
pid,BALANCE,22.411,0.263167,-0.343459,0.139242,0.784795979,-0.005438613,0.004593124,0.005689,7,0.001392421,0.139242138,0.099458670,0.099458670,0.000000000,manual_A_near_upright
pid,BALANCE,22.431,0.255175,-0.336685,0.134372,0.784796336,-0.007545389,0.004453639,0.005647,7,0.001368437,0.136843729,0.097745521,0.097745521,0.000000000,manual_A_near_upright
pid,BALANCE,22.453,0.244846,-0.327040,0.128589,0.784796783,-0.009558149,0.004273362,0.005605,7,0.001285894,0.128589442,0.091849601,0.091849601,0.000000000,manual_A_near_upright
pid,BALANCE,22.474,0.232300,-0.314638,0.121835,0.784797300,-0.011461656,0.004054392,0.005564,7,0.001218346,0.121834562,0.087024687,0.087024687,0.000000000,manual_A_near_upright
pid,BALANCE,22.494,0.217675,-0.299621,0.114248,0.784797869,-0.013237711,0.003799144,0.005525,7,0.001142484,0.114248421,0.081606015,0.081606015,0.000000000,manual_A_near_upright
pid,BALANCE,22.515,0.201130,-0.282153,0.105585,0.784798468,-0.014878783,0.003510382,0.005484,7,0.001055852,0.105585154,0.075417967,0.075417967,0.000000000,manual_A_near_upright
pid,BALANCE,22.536,0.182821,-0.262414,0.095684,0.784799075,-0.016375092,0.003190835,0.005444,7,0.000956844,0.095684358,0.068345970,0.068345970,0.000000000,manual_A_near_upright
pid,BALANCE,22.557,0.162937,-0.240607,0.085168,0.784799667,-0.017702790,0.002843792,0.005404,7,0.000851681,0.085168097,0.060834355,0.060834355,0.000000000,manual_A_near_upright
pid,BALANCE,22.578,0.141676,-0.216956,0.073892,0.784800223,-0.018856095,0.002472710,0.005364,7,0.000738924,0.073892447,0.052780320,0.052780320,0.000000000,manual_A_near_upright
pid,BALANCE,22.599,0.119228,-0.191688,0.061108,0.784800725,-0.019842577,0.002080915,0.005325,7,0.000611081,0.061108118,0.043648656,0.043648656,0.000000000,manual_A_near_upright
pid,BALANCE,22.620,0.095828,-0.165062,0.048963,0.784801151,-0.020611911,0.001672523,0.005287,7,0.000489626,0.048962604,0.034973288,0.034973288,0.000000000,manual_A_near_upright
pid,BALANCE,22.641,0.071724,-0.137348,0.036642,0.784801487,-0.021179040,0.001251813,0.005248,7,0.000366418,0.036641805,0.026172718,0.026172718,0.000000000,manual_A_near_upright
pid,BALANCE,22.662,0.047111,-0.108801,0.023255,0.784801727,-0.021559667,0.000822242,0.005209,7,0.000232552,0.023255165,0.016610832,0.016610832,0.000000000,manual_A_near_upright
pid,BALANCE,22.683,0.022259,-0.079712,0.010830,0.784801856,-0.021712486,0.000388485,0.005171,7,0.000108296,0.010829562,0.007735401,0.007735401,0.000000000,manual_A_near_upright
pid,BALANCE,22.704,-0.002629,-0.050346,-0.003449,0.784801882,-0.021695755,-0.000045893,0.005133,7,-0.000034489,-0.003448870,-0.002463478,-0.002463478,0.000000000,manual_A_near_upright
pid,BALANCE,22.725,-0.027291,-0.020995,-0.016633,0.784801793,-0.021431634,-0.000476326,0.005096,7,-0.000166332,-0.016633206,-0.011880861,-0.011880861,0.000000000,manual_A_near_upright
pid,BALANCE,22.745,-0.051486,0.008058,-0.029516,0.784801600,-0.020966030,-0.000898597,0.005059,7,-0.000295165,-0.029516496,-0.021083212,-0.021083212,0.000000000,manual_A_near_upright
pid,BALANCE,22.766,-0.074974,0.036536,-0.041364,0.784801311,-0.020292954,-0.001308549,0.005022,7,-0.000413638,-0.041363759,-0.029545542,-0.029545542,0.000000000,manual_A_near_upright
pid,BALANCE,22.787,-0.097542,0.064172,-0.053366,0.784800944,-0.019448854,-0.001702422,0.004986,7,-0.000533664,-0.053366372,-0.038118837,-0.038118837,0.000000000,manual_A_near_upright
pid,BALANCE,22.807,-0.119004,0.090724,-0.064907,0.784800512,-0.018431516,-0.002077011,0.004950,7,-0.000649071,-0.064907117,-0.046362226,-0.046362226,0.000000000,manual_A_near_upright
pid,BALANCE,22.828,-0.139148,0.115939,-0.075055,0.784800031,-0.017235826,-0.002428588,0.004914,7,-0.000750551,-0.075055106,-0.053610790,-0.053610790,0.000000000,manual_A_near_upright
pid,BALANCE,22.849,-0.157799,0.139593,-0.084535,0.784799522,-0.015891874,-0.002754113,0.004878,7,-0.000845349,-0.084534854,-0.060382038,-0.060382038,0.000000000,manual_A_near_upright
pid,BALANCE,22.870,-0.175600,0.162520,-0.093909,0.784798980,-0.014342045,-0.003064802,0.004843,7,-0.000939090,-0.093909001,-0.067077858,-0.067077858,0.000000000,manual_A_near_upright
pid,BALANCE,22.890,-0.189998,0.181398,-0.100913,0.784798499,-0.012811616,-0.003316085,0.004808,7,-0.001009134,-0.100913400,-0.072081000,-0.072081000,0.000000000,manual_A_near_upright
pid,BALANCE,22.911,-0.203276,0.199188,-0.108028,0.784798024,-0.011114151,-0.003547839,0.004774,7,-0.001080279,-0.108027920,-0.077162800,-0.077162800,0.000000000,manual_A_near_upright
pid,BALANCE,22.932,-0.214535,0.214702,-0.113875,0.784797597,-0.009323229,-0.003744343,0.004739,7,-0.001138753,-0.113875348,-0.081339534,-0.081339534,0.000000000,manual_A_near_upright
pid,BALANCE,22.953,-0.224071,0.228396,-0.118405,0.784797216,-0.007358451,-0.003910774,0.004704,7,-0.001184054,-0.118405365,-0.084575261,-0.084575261,0.000000000,manual_A_near_upright
pid,BALANCE,22.973,-0.230620,0.238397,-0.121470,0.784796944,-0.005531330,-0.004025074,0.004670,7,-0.001214696,-0.121469636,-0.085815451,-0.085815451,0.000000000,manual_A_near_upright
pid,BALANCE,22.994,-0.235341,0.246401,-0.123875,0.784796741,-0.003581454,-0.004107476,0.004636,7,-0.001238750,-0.123874985,-0.088482132,-0.088482132,0.000000000,manual_A_near_upright
pid,BALANCE,23.015,-0.237810,0.251762,-0.124943,0.784796630,-0.001611868,-0.004150565,0.004603,7,-0.001249430,-0.124943027,-0.089245019,-0.089245019,0.000000000,manual_A_near_upright
pid,BALANCE,23.036,-0.238020,0.254452,-0.124764,0.784796615,0.000357287,-0.004154228,0.004570,7,-0.001247640,-0.124763985,-0.089117132,-0.089117132,0.000000000,manual_A_near_upright
pid,BALANCE,23.057,-0.235841,0.254404,-0.124426,0.784796698,0.002379720,-0.004116201,0.004536,7,-0.001244259,-0.124425912,-0.088875651,-0.088875651,0.000000000,manual_A_near_upright
pid,BALANCE,23.078,-0.231545,0.251657,-0.122819,0.784796869,0.004271087,-0.004041226,0.004503,7,-0.001228194,-0.122819403,-0.087728145,-0.087728145,0.000000000,manual_A_near_upright
pid,BALANCE,23.098,-0.225465,0.246628,-0.118829,0.784797108,0.006046780,-0.003935113,0.004471,7,-0.001188289,-0.118828947,-0.084877819,-0.084877819,0.000000000,manual_A_near_upright
pid,BALANCE,23.119,-0.217044,0.238860,-0.114298,0.784797430,0.007829658,-0.003788135,0.004439,7,-0.001142977,-0.114297724,-0.081641231,-0.081641231,0.000000000,manual_A_near_upright
pid,BALANCE,23.139,-0.206655,0.228651,-0.108718,0.784797811,0.009526050,-0.003606817,0.004406,7,-0.001087180,-0.108718045,-0.077655747,-0.077655747,0.000000000,manual_A_near_upright
pid,BALANCE,23.160,-0.193738,0.215423,-0.101435,0.784798259,0.011203984,-0.003381359,0.004374,7,-0.001014350,-0.101434957,-0.072453541,-0.072453541,0.000000000,manual_A_near_upright
pid,BALANCE,23.180,-0.180414,0.201378,-0.094743,0.784798689,0.012596245,-0.003148819,0.004343,7,-0.000947427,-0.094742675,-0.067673339,-0.067673339,0.000000000,manual_A_near_upright
pid,BALANCE,23.201,-0.164840,0.184608,-0.086212,0.784799154,0.013949673,-0.002876993,0.004312,7,-0.000862125,-0.086212452,-0.061580323,-0.061580323,0.000000000,manual_A_near_upright
pid,BALANCE,23.222,-0.147838,0.165976,-0.077308,0.784799612,0.015154617,-0.002580263,0.004280,7,-0.000773079,-0.077307920,-0.055219943,-0.055219943,0.000000000,manual_A_near_upright
pid,BALANCE,23.243,-0.128631,0.144612,-0.066672,0.784800070,0.016269088,-0.002245026,0.004249,7,-0.000666717,-0.066671747,-0.047622676,-0.047622676,0.000000000,manual_A_near_upright
pid,BALANCE,23.264,-0.110233,0.123891,-0.057533,0.784800444,0.017104320,-0.001923932,0.004218,7,-0.000575330,-0.057533031,-0.041095022,-0.041095022,0.000000000,manual_A_near_upright
pid,BALANCE,23.284,-0.090003,0.100859,-0.046252,0.784800790,0.017846229,-0.001570843,0.004188,7,-0.000462522,-0.046252167,-0.033037262,-0.033037262,0.000000000,manual_A_near_upright
pid,BALANCE,23.305,-0.069064,0.076793,-0.034912,0.784801070,0.018408049,-0.001205395,0.004158,7,-0.000349123,-0.034912309,-0.024937364,-0.024937364,0.000000000,manual_A_near_upright
pid,BALANCE,23.325,-0.047642,0.051936,-0.023890,0.784801275,0.018781124,-0.000831514,0.004128,7,-0.000238896,-0.023889596,-0.017063997,-0.017063997,0.000000000,manual_A_near_upright
pid,BALANCE,23.346,-0.025936,0.026528,-0.012579,0.784801400,0.018977891,-0.000452670,0.004098,7,-0.000125790,-0.012578991,-0.008984994,-0.008984994,0.000000000,manual_A_near_upright
pid,BALANCE,23.367,-0.004157,0.000813,-0.001223,0.784801442,0.018994985,-0.000072554,0.004068,7,-0.000012234,-0.001223422,-0.000873873,-0.000873873,0.000000000,manual_A_near_upright
pid,BALANCE,23.388,0.017501,-0.024969,0.011311,0.784801402,0.018842244,0.000305443,0.004038,7,0.000113107,0.011310669,0.008079049,0.008079049,0.000000000,manual_A_near_upright
pid,BALANCE,23.409,0.038817,-0.050566,0.022516,0.784801277,0.018484189,0.000677486,0.004010,7,0.000225162,0.022516161,0.016082972,0.016082972,0.000000000,manual_A_near_upright
pid,BALANCE,23.429,0.059558,-0.075722,0.032747,0.784801076,0.017941400,0.001039491,0.003980,7,0.000327466,0.032746637,0.023390455,0.023390455,0.000000000,manual_A_near_upright
pid,BALANCE,23.450,0.079567,-0.100218,0.043454,0.784800812,0.017252365,0.001388701,0.003951,7,0.000434543,0.043454254,0.027517431,0.027517431,0.000000000,manual_A_near_upright
pid,BALANCE,23.472,0.098644,-0.123823,0.053220,0.784800494,0.016397696,0.001721658,0.003922,7,0.000532203,0.053220277,0.038014483,0.038014483,0.000000000,manual_A_near_upright
pid,BALANCE,23.492,0.116623,-0.146323,0.062653,0.784800136,0.015401952,0.002035463,0.003893,7,0.000626532,0.062653169,0.044752264,0.044752264,0.000000000,manual_A_near_upright
pid,BALANCE,23.513,0.133344,-0.167515,0.071484,0.784799752,0.014271895,0.002327284,0.003865,7,0.000714838,0.071483751,0.051059822,0.051059822,0.000000000,manual_A_near_upright
pid,BALANCE,23.534,0.148674,-0.187219,0.079757,0.784799357,0.013021398,0.002594854,0.003836,7,0.000797566,0.079756617,0.056969012,0.056969012,0.000000000,manual_A_near_upright
pid,BALANCE,23.555,0.162460,-0.205251,0.086236,0.784798965,0.011639568,0.002835460,0.003808,7,0.000862357,0.086235716,0.061596940,0.061596940,0.000000000,manual_A_near_upright
pid,BALANCE,23.576,0.175155,-0.222220,0.092955,0.784798575,0.010103825,0.003057035,0.003780,7,0.000929545,0.092954539,0.066396100,0.066396100,0.000000000,manual_A_near_upright
pid,BALANCE,23.597,0.185449,-0.236369,0.098122,0.784798237,0.008550951,0.003236701,0.003753,7,0.000981218,0.098121762,0.070086973,0.070086973,0.000000000,manual_A_near_upright
pid,BALANCE,23.617,0.193531,-0.247885,0.102148,0.784797958,0.007013984,0.003377759,0.003727,7,0.001021485,0.102148470,0.072963193,0.072963193,0.000000000,manual_A_near_upright
pid,BALANCE,23.638,0.200190,-0.257888,0.105533,0.784797719,0.005349394,0.003493982,0.003700,7,0.001055334,0.105533433,0.075381024,0.075381024,0.000000000,manual_A_near_upright
pid,BALANCE,23.658,0.204910,-0.265644,0.107835,0.784797544,0.003647585,0.003576351,0.003673,7,0.001078354,0.107835442,0.077025316,0.077025316,0.000000000,manual_A_near_upright
pid,BALANCE,23.679,0.207660,-0.271099,0.109053,0.784797438,0.001925524,0.003624353,0.003646,7,0.001090529,0.109052945,0.077894960,0.077894960,0.000000000,manual_A_near_upright
pid,BALANCE,23.700,0.208433,-0.274221,0.109253,0.784797404,0.000200840,0.003637850,0.003620,7,0.001092528,0.109252831,0.078037736,0.078037736,0.000000000,manual_A_near_upright
pid,BALANCE,23.720,0.207241,-0.275002,0.108618,0.784797442,-0.001507391,0.003617035,0.003594,7,0.001089828,0.108982815,0.077844868,0.077844868,0.000000000,manual_A_near_upright
pid,BALANCE,23.741,0.204144,-0.273471,0.108559,0.784797549,-0.003154823,0.003562991,0.003568,7,0.001085592,0.108559183,0.077542274,0.077542274,0.000000000,manual_A_near_upright
pid,BALANCE,23.762,0.199154,-0.269645,0.105298,0.784797722,-0.004806223,0.003475900,0.003542,7,0.001052984,0.105298440,0.075213171,0.075213171,0.000000000,manual_A_near_upright
pid,BALANCE,23.783,0.192319,-0.263572,0.101249,0.784797953,-0.006394598,0.003356600,0.003516,7,0.001012491,0.101249122,0.072320801,0.072320801,0.000000000,manual_A_near_upright
pid,BALANCE,23.804,0.183738,-0.255338,0.097035,0.784798232,-0.007895102,0.003206828,0.003491,7,0.000970349,0.097034896,0.069310640,0.069310640,0.000000000,manual_A_near_upright
pid,BALANCE,23.824,0.172938,-0.244465,0.090863,0.784798566,-0.009394454,0.003018331,0.003465,7,0.000908626,0.090862566,0.064901833,0.064901833,0.000000000,manual_A_near_upright
pid,BALANCE,23.845,0.161698,-0.232772,0.085038,0.784798891,-0.010646908,0.002822171,0.003441,7,0.000850385,0.085038477,0.060741770,0.060741770,0.000000000,manual_A_near_upright
pid,BALANCE,23.866,0.147771,-0.217932,0.077074,0.784799264,-0.011929983,0.002579091,0.003415,7,0.000770744,0.077074395,0.055053139,0.055053139,0.000000000,manual_A_near_upright
pid,BALANCE,23.886,0.133952,-0.202917,0.070384,0.784799599,-0.012952525,0.002337896,0.003391,7,0.000703837,0.070383686,0.050274061,0.050274061,0.000000000,manual_A_near_upright
pid,BALANCE,23.907,0.118288,-0.185637,0.061528,0.784799940,-0.013928089,0.002064510,0.003366,7,0.000615281,0.061528103,0.043948645,0.043948645,0.000000000,manual_A_near_upright
pid,BALANCE,23.928,0.101625,-0.167012,0.052882,0.784800253,-0.014749893,0.001773690,0.003342,7,0.000528816,0.052881627,0.037772591,0.037772591,0.000000000,manual_A_near_upright
pid,BALANCE,23.949,0.083254,-0.146223,0.043069,0.784800542,-0.015463469,0.001453061,0.003317,7,0.000430685,0.043068502,0.034784924,0.034784924,0.000000000,manual_A_near_upright
pid,BALANCE,23.970,0.066003,-0.126502,0.033880,0.784800759,-0.015965950,0.001151964,0.003293,7,0.000338805,0.033880484,0.024200346,0.024200346,0.000000000,manual_A_near_upright
pid,BALANCE,23.990,0.047373,-0.105007,0.023784,0.784800935,-0.016348239,0.000826813,0.003269,7,0.000237843,0.023784346,0.016988818,0.016988818,0.000000000,manual_A_near_upright
pid,BALANCE,24.011,0.028440,-0.082966,0.013822,0.784801050,-0.016567715,0.000496369,0.003246,7,0.000138221,0.013822138,0.009872956,0.009872956,0.000000000,manual_A_near_upright
pid,BALANCE,24.032,0.009387,-0.060591,0.003785,0.784801101,-0.016629952,0.000163828,0.003222,7,0.000037850,0.003785013,0.002703581,0.002703581,0.000000000,manual_A_near_upright
pid,BALANCE,24.053,-0.009594,-0.038102,-0.005895,0.784801086,-0.016521502,-0.000167442,0.003198,7,-0.000058950,-0.005895029,-0.004210735,-0.004210735,0.000000000,manual_A_near_upright
pid,BALANCE,24.074,-0.028343,-0.015705,-0.016830,0.784801012,-0.016279394,-0.000494683,0.003175,7,-0.000168298,-0.016829821,-0.012021301,-0.012021301,0.000000000,manual_A_near_upright
pid,BALANCE,24.094,-0.046663,0.006380,-0.026078,0.784800875,-0.015854729,-0.000814415,0.003152,7,-0.000260778,-0.026077762,-0.018626973,-0.018626973,0.000000000,manual_A_near_upright
pid,BALANCE,24.116,-0.065243,0.029004,-0.035799,0.784800677,-0.015259983,-0.001138702,0.003129,7,-0.000357993,-0.035799276,-0.025570911,-0.025570911,0.000000000,manual_A_near_upright
pid,BALANCE,24.136,-0.081324,0.048785,-0.043918,0.784800455,-0.014583693,-0.001419372,0.003107,7,-0.000439175,-0.043917538,-0.031369670,-0.031369670,0.000000000,manual_A_near_upright
pid,BALANCE,24.157,-0.097364,0.068720,-0.052694,0.784800191,-0.013758947,-0.001699326,0.003084,7,-0.000526945,-0.052694494,-0.037638925,-0.037638925,0.000000000,manual_A_near_upright
pid,BALANCE,24.177,-0.112344,0.087564,-0.060017,0.784799900,-0.012793297,-0.001960767,0.003062,7,-0.000600166,-0.060016625,-0.042869018,-0.042869018,0.000000000,manual_A_near_upright
pid,BALANCE,24.198,-0.126121,0.105143,-0.066954,0.784799599,-0.011721778,-0.002201230,0.003040,7,-0.000669539,-0.066953929,-0.047824235,-0.047824235,0.000000000,manual_A_near_upright
pid,BALANCE,24.219,-0.138597,0.121311,-0.073631,0.784799298,-0.010558471,-0.002418974,0.003018,7,-0.000736314,-0.073631365,-0.052593832,-0.052593832,0.000000000,manual_A_near_upright
pid,BALANCE,24.240,-0.149668,0.135929,-0.079697,0.784799008,-0.009308795,-0.002612196,0.002995,7,-0.000796971,-0.079697063,-0.056926474,-0.056926474,0.000000000,manual_A_near_upright
pid,BALANCE,24.261,-0.159228,0.148865,-0.084164,0.784798739,-0.007966045,-0.002779060,0.002974,7,-0.000841644,-0.084164411,-0.060117437,-0.060117437,0.000000000,manual_A_near_upright
pid,BALANCE,24.282,-0.167198,0.160011,-0.088109,0.784798502,-0.006567420,-0.002918164,0.002952,7,-0.000881094,-0.088109364,-0.062935260,-0.062935260,0.000000000,manual_A_near_upright
pid,BALANCE,24.303,-0.173532,0.169284,-0.091610,0.784798305,-0.005127943,-0.003028711,0.002930,7,-0.000916101,-0.091610066,-0.065435762,-0.065435762,0.000000000,manual_A_near_upright
pid,BALANCE,24.323,-0.178181,0.176610,-0.093850,0.784798156,-0.003645136,-0.003109846,0.002909,7,-0.000938498,-0.093849796,-0.067035568,-0.067035568,0.000000000,manual_A_near_upright
pid,BALANCE,24.344,-0.181108,0.181932,-0.095099,0.784798058,-0.002139119,-0.003160930,0.002888,7,-0.000950986,-0.095098602,-0.067927573,-0.067927573,0.000000000,manual_A_near_upright
pid,BALANCE,24.364,-0.182305,0.185220,-0.095592,0.784798015,-0.000629307,-0.003181824,0.002868,7,-0.000955922,-0.095592213,-0.068280152,-0.068280152,0.000000000,manual_A_near_upright
pid,BALANCE,24.385,-0.181775,0.186459,-0.095113,0.784798028,0.000875267,-0.003172573,0.002847,7,-0.000951130,-0.095113036,-0.067937883,-0.067937883,0.000000000,manual_A_near_upright
pid,BALANCE,24.405,-0.179563,0.185667,-0.095459,0.784798095,0.002323644,-0.003133964,0.002827,7,-0.000954586,-0.095458607,-0.068184719,-0.068184719,0.000000000,manual_A_near_upright
pid,BALANCE,24.426,-0.175696,0.182862,-0.093220,0.784798212,0.003775510,-0.003066467,0.002806,7,-0.000932197,-0.093219703,-0.066585502,-0.066585502,0.000000000,manual_A_near_upright
pid,BALANCE,24.447,-0.170186,0.178072,-0.089650,0.784798377,0.005189409,-0.002970309,0.002786,7,-0.000896504,-0.089650375,-0.064035982,-0.064035982,0.000000000,manual_A_near_upright
pid,BALANCE,24.468,-0.163126,0.171369,-0.086205,0.784798580,0.006523728,-0.002847085,0.002765,7,-0.000862053,-0.086205251,-0.061575179,-0.061575179,0.000000000,manual_A_near_upright
pid,BALANCE,24.489,-0.154588,0.162828,-0.081624,0.784798815,0.007794056,-0.002698068,0.002745,7,-0.000816244,-0.081624434,-0.058303167,-0.058303167,0.000000000,manual_A_near_upright
pid,BALANCE,24.510,-0.144656,0.152542,-0.076125,0.784799072,0.008985077,-0.002524725,0.002725,7,-0.000761251,-0.076125136,-0.054375097,-0.054375097,0.000000000,manual_A_near_upright
pid,BALANCE,24.530,-0.133443,0.140624,-0.070089,0.784799342,0.010079777,-0.002329019,0.002705,7,-0.000700887,-0.070088730,-0.050063378,-0.050063378,0.000000000,manual_A_near_upright
pid,BALANCE,24.551,-0.121053,0.127194,-0.063368,0.784799615,0.011072609,-0.002112780,0.002686,7,-0.000633680,-0.063367989,-0.045262849,-0.045262849,0.000000000,manual_A_near_upright
pid,BALANCE,24.572,-0.107626,0.112397,-0.056271,0.784799879,0.011950794,-0.001878429,0.002666,7,-0.000562707,-0.056270693,-0.040193352,-0.040193352,0.000000000,manual_A_near_upright
pid,BALANCE,24.593,-0.093281,0.096376,-0.048377,0.784800127,0.012716534,-0.001628068,0.002647,7,-0.000483766,-0.048376599,-0.034554714,-0.034554714,0.000000000,manual_A_near_upright
pid,BALANCE,24.614,-0.077402,0.078420,-0.040382,0.784800357,0.013370465,-0.001350923,0.002627,7,-0.000403821,-0.040382073,-0.028844338,-0.028844338,0.000000000,manual_A_near_upright
pid,BALANCE,24.634,-0.062458,0.061336,-0.032723,0.784800533,0.013841625,-0.001090101,0.002609,7,-0.000327235,-0.032723455,-0.023373896,-0.023373896,0.000000000,manual_A_near_upright
pid,BALANCE,24.655,-0.046271,0.042657,-0.023910,0.784800681,0.014217727,-0.000807586,0.002590,7,-0.000239104,-0.023910431,-0.017078879,-0.017078879,0.000000000,manual_A_near_upright
pid,BALANCE,24.676,-0.029758,0.023438,-0.014549,0.784800784,0.014464714,-0.000519369,0.002570,7,-0.000145494,-0.014549428,-0.010392449,-0.010392449,0.000000000,manual_A_near_upright
pid,BALANCE,24.697,-0.013092,0.003873,-0.005989,0.784800837,0.014554991,-0.000228499,0.002552,7,-0.000059892,-0.005989176,-0.004277983,-0.004277983,0.000000000,manual_A_near_upright
pid,BALANCE,24.718,0.003563,-0.015850,0.002680,0.784800841,0.014507421,0.000062180,0.002533,7,0.000026805,0.002680474,0.001914625,0.001914625,0.000000000,manual_A_near_upright
pid,BALANCE,24.739,0.020045,-0.035540,0.011478,0.784800796,0.014318389,0.000349848,0.002515,7,0.000114775,0.011477537,0.008198241,0.008198241,0.000000000,manual_A_near_upright
pid,BALANCE,24.760,0.036196,-0.055011,0.020184,0.784800705,0.013997519,0.000631744,0.002496,7,0.000201842,0.020184246,0.014417318,0.014417318,0.000000000,manual_A_near_upright
pid,BALANCE,24.781,0.051879,-0.074086,0.028710,0.784800573,0.013548512,0.000905459,0.002478,7,0.000287103,0.028710285,0.020507347,0.020507347,0.000000000,manual_A_near_upright
pid,BALANCE,24.801,0.066931,-0.092579,0.036318,0.784800404,0.012963587,0.001168164,0.002460,7,0.000363177,0.036317725,0.025941232,0.025941232,0.000000000,manual_A_near_upright
pid,BALANCE,24.822,0.081220,-0.110325,0.043853,0.784800208,0.012268657,0.001417562,0.002442,7,0.000438529,0.043852907,0.031323505,0.031323505,0.000000000,manual_A_near_upright
pid,BALANCE,24.843,0.094621,-0.127161,0.050828,0.784799990,0.011462669,0.001651450,0.002424,7,0.000508283,0.050828328,0.036305949,0.036305949,0.000000000,manual_A_near_upright
pid,BALANCE,24.863,0.107011,-0.142937,0.057034,0.784799761,0.010551232,0.001867687,0.002407,7,0.000570341,0.057034093,0.040738638,0.040738638,0.000000000,manual_A_near_upright
pid,BALANCE,24.885,0.118814,-0.158206,0.063272,0.784799518,0.009504139,0.002073690,0.002389,7,0.000632723,0.063272274,0.045194481,0.045194481,0.000000000,manual_A_near_upright
pid,BALANCE,24.905,0.128811,-0.171386,0.068306,0.784799292,0.008418705,0.002248170,0.002372,7,0.000683061,0.068306086,0.048790061,0.048790061,0.000000000,manual_A_near_upright
pid,BALANCE,24.926,0.137102,-0.182568,0.072490,0.784799091,0.007323594,0.002392883,0.002355,7,0.000724905,0.072490453,0.051778895,0.051778895,0.000000000,manual_A_near_upright
pid,BALANCE,24.947,0.144500,-0.192840,0.076458,0.784798902,0.006119755,0.002522008,0.002338,7,0.000764577,0.076457716,0.054612654,0.054612654,0.000000000,manual_A_near_upright
pid,BALANCE,24.967,0.150473,-0.201489,0.079346,0.784798741,0.004862120,0.002626251,0.002321,7,0.000793457,0.079345722,0.056675516,0.056675516,0.000000000,manual_A_near_upright
pid,BALANCE,24.988,0.154975,-0.208448,0.081539,0.784798616,0.003571426,0.002704826,0.002304,7,0.000815393,0.081539292,0.058242351,0.058242351,0.000000000,manual_A_near_upright
pid,BALANCE,25.009,0.157979,-0.213667,0.082979,0.784798529,0.002259174,0.002757262,0.002288,7,0.000829790,0.082979030,0.059270735,0.059270735,0.000000000,manual_A_near_upright
pid,BALANCE,25.029,0.159469,-0.217110,0.083573,0.784798484,0.000935830,0.002783267,0.002271,7,0.000835727,0.083572729,0.059694807,0.059694807,0.000000000,manual_A_near_upright
pid,BALANCE,25.050,0.159444,-0.218761,0.083397,0.784798481,-0.000384637,0.002782822,0.002255,7,0.000833967,0.083396671,0.059569051,0.059569051,0.000000000,manual_A_near_upright
pid,BALANCE,25.071,0.157929,-0.218625,0.083581,0.784798520,-0.001666494,0.002756387,0.002238,7,0.000835806,0.083580573,0.059700410,0.059700410,0.000000000,manual_A_near_upright
pid,BALANCE,25.092,0.154973,-0.216728,0.082663,0.784798599,-0.002930687,0.002704798,0.002222,7,0.000826627,0.082662730,0.059044807,0.059044807,0.000000000,manual_A_near_upright
pid,BALANCE,25.113,0.150564,-0.213080,0.079499,0.784798715,-0.004187697,0.002627838,0.002206,7,0.000794990,0.079498976,0.056784983,0.056784983,0.000000000,manual_A_near_upright
pid,BALANCE,25.133,0.144773,-0.207736,0.076525,0.784798863,-0.005375871,0.002526759,0.002190,7,0.000765245,0.076524534,0.054660381,0.054660381,0.000000000,manual_A_near_upright
pid,BALANCE,25.154,0.137664,-0.200761,0.072589,0.784799037,-0.006509854,0.002402689,0.002174,7,0.000725888,0.072588810,0.051849150,0.051849150,0.000000000,manual_A_near_upright
pid,BALANCE,25.175,0.129313,-0.192233,0.068029,0.784799230,-0.007573065,0.002256934,0.002158,7,0.000680291,0.068029130,0.048592235,0.048592235,0.000000000,manual_A_near_upright
pid,BALANCE,25.196,0.119810,-0.182246,0.062939,0.784799435,-0.008555261,0.002091080,0.002142,7,0.000629385,0.062938545,0.044956104,0.044956104,0.000000000,manual_A_near_upright
pid,BALANCE,25.217,0.109253,-0.170905,0.057252,0.784799644,-0.009450330,0.001906829,0.002127,7,0.000572518,0.057251793,0.040894138,0.040894138,0.000000000,manual_A_near_upright
pid,BALANCE,25.238,0.097152,-0.157669,0.050727,0.784799859,-0.010287167,0.001695618,0.002111,7,0.000507274,0.050727430,0.036233879,0.036233879,0.000000000,manual_A_near_upright
pid,BALANCE,25.258,0.085421,-0.144646,0.044785,0.784800043,-0.010939690,0.001490879,0.002096,7,0.000447853,0.044785262,0.031989473,0.031989473,0.000000000,manual_A_near_upright
pid,BALANCE,25.279,0.071712,-0.129238,0.037300,0.784800227,-0.011557872,0.001251611,0.002081,7,0.000373004,0.037300371,0.026643122,0.026643122,0.000000000,manual_A_near_upright
pid,BALANCE,25.300,0.058767,-0.114522,0.030685,0.784800370,-0.012001123,0.001025671,0.002066,7,0.000306847,0.030684659,0.021917613,0.021917613,0.000000000,manual_A_near_upright
pid,BALANCE,25.321,0.044694,-0.098374,0.022687,0.784800493,-0.012370550,0.000780057,0.002051,7,0.000226871,0.022687088,0.016205063,0.016205063,0.000000000,manual_A_near_upright
pid,BALANCE,25.342,0.029585,-0.080869,0.014839,0.784800584,-0.012614612,0.000516356,0.002036,7,0.000148392,0.014839169,0.010599407,0.010599407,0.000000000,manual_A_near_upright
pid,BALANCE,25.363,0.015032,-0.063848,0.007454,0.784800634,-0.012720294,0.000262360,0.002021,7,0.000074538,0.007453832,0.005324166,0.005324166,0.000000000,manual_A_near_upright
pid,BALANCE,25.383,0.001177,-0.047509,0.000035,0.784800647,-0.012717109,0.000020543,0.002006,7,0.000000346,0.000034565,0.000024690,0.000024690,0.000000000,manual_A_near_upright
pid,BALANCE,25.404,-0.013310,-0.030287,-0.007994,0.784800624,-0.012594606,-0.000232305,0.001992,7,-0.000079939,-0.007993906,-0.005709933,-0.005709933,0.000000000,manual_A_near_upright
pid,BALANCE,25.424,-0.027543,-0.013211,-0.015358,0.784800564,-0.012342482,-0.000480716,0.001978,7,-0.000153579,-0.015357929,-0.010969949,-0.010969949,0.000000000,manual_A_near_upright
pid,BALANCE,25.445,-0.041400,0.003563,-0.022851,0.784800472,-0.011982754,-0.000722571,0.001963,7,-0.000228515,-0.022851484,-0.016322489,-0.016322489,0.000000000,manual_A_near_upright
pid,BALANCE,25.466,-0.054747,0.019876,-0.029731,0.784800350,-0.011505898,-0.000955513,0.001949,7,-0.000297315,-0.029731460,-0.021236757,-0.021236757,0.000000000,manual_A_near_upright
pid,BALANCE,25.487,-0.067461,0.035577,-0.036371,0.784800206,-0.010926827,-0.001177416,0.001935,7,-0.000363712,-0.036371237,-0.025979455,-0.025979455,0.000000000,manual_A_near_upright
pid,BALANCE,25.508,-0.079430,0.050524,-0.042627,0.784800043,-0.010250111,-0.001386318,0.001921,7,-0.000426266,-0.042626618,-0.030447585,-0.030447585,0.000000000,manual_A_near_upright
pid,BALANCE,25.528,-0.090547,0.064581,-0.048369,0.784799870,-0.009481550,-0.001580337,0.001907,7,-0.000483688,-0.048368834,-0.034549167,-0.034549167,0.000000000,manual_A_near_upright
pid,BALANCE,25.549,-0.100708,0.077621,-0.053450,0.784799692,-0.008627382,-0.001757682,0.001893,7,-0.000534497,-0.053449727,-0.038178376,-0.038178376,0.000000000,manual_A_near_upright
pid,BALANCE,25.570,-0.109839,0.089535,-0.058429,0.784799517,-0.007708563,-0.001917053,0.001879,7,-0.000584292,-0.058429249,-0.041735178,-0.041735178,0.000000000,manual_A_near_upright
pid,BALANCE,25.590,-0.117855,0.100217,-0.062383,0.784799350,-0.006716239,-0.002056951,0.001866,7,-0.000623834,-0.062383405,-0.044559575,-0.044559575,0.000000000,manual_A_near_upright
pid,BALANCE,25.611,-0.124687,0.109574,-0.065695,0.784799199,-0.005669112,-0.002176191,0.001852,7,-0.000656945,-0.065694522,-0.046924658,-0.046924658,0.000000000,manual_A_near_upright
pid,BALANCE,25.632,-0.130282,0.117530,-0.068495,0.784799070,-0.004580852,-0.002273847,0.001839,7,-0.000684945,-0.068494516,-0.048924654,-0.048924654,0.000000000,manual_A_near_upright
pid,BALANCE,25.653,-0.134605,0.124025,-0.070829,0.784798965,-0.003463097,-0.002349302,0.001825,7,-0.000708290,-0.070828960,-0.050592114,-0.050592114,0.000000000,manual_A_near_upright
pid,BALANCE,25.674,-0.137625,0.129009,-0.072296,0.784798889,-0.002318329,-0.002402013,0.001812,7,-0.000722957,-0.072295654,-0.051639753,-0.051639753,0.000000000,manual_A_near_upright
pid,BALANCE,25.695,-0.139320,0.132446,-0.072961,0.784798845,-0.001159459,-0.002431585,0.001799,7,-0.000729606,-0.072960638,-0.052114742,-0.052114742,0.000000000,manual_A_near_upright
pid,BALANCE,25.716,-0.139686,0.134316,-0.073050,0.784798834,-0.000002027,-0.002437985,0.001786,7,-0.000730499,-0.073049894,-0.052178496,-0.052178496,0.000000000,manual_A_near_upright
pid,BALANCE,25.736,-0.138736,0.134617,-0.072828,0.784798855,0.001137644,-0.002421407,0.001773,7,-0.000728283,-0.072828312,-0.052020223,-0.052020223,0.000000000,manual_A_near_upright
pid,BALANCE,25.757,-0.136525,0.133376,-0.073123,0.784798906,0.002233562,-0.002382805,0.001760,7,-0.000731229,-0.073122928,-0.052230663,-0.052230663,0.000000000,manual_A_near_upright
pid,BALANCE,25.778,-0.133037,0.130594,-0.070452,0.784798987,0.003348104,-0.002321941,0.001747,7,-0.000704520,-0.070451963,-0.050322831,-0.050322831,0.000000000,manual_A_near_upright
pid,BALANCE,25.798,-0.128315,0.126311,-0.067923,0.784799094,0.004405015,-0.002239517,0.001734,7,-0.000679227,-0.067922741,-0.048516244,-0.048516244,0.000000000,manual_A_near_upright
pid,BALANCE,25.819,-0.122428,0.120584,-0.064917,0.784799221,0.005409553,-0.002136770,0.001722,7,-0.000649170,-0.064917011,-0.046369293,-0.046369293,0.000000000,manual_A_near_upright
pid,BALANCE,25.840,-0.115430,0.113476,-0.060993,0.784799366,0.006362211,-0.002014634,0.001709,7,-0.000609928,-0.060992819,-0.043566300,-0.043566300,0.000000000,manual_A_near_upright
pid,BALANCE,25.860,-0.107396,0.105063,-0.056512,0.784799521,0.007247623,-0.001874422,0.001697,7,-0.000565124,-0.056512401,-0.040366001,-0.040366001,0.000000000,manual_A_near_upright
pid,BALANCE,25.881,-0.098419,0.095439,-0.052045,0.784799680,0.008047559,-0.001717742,0.001685,7,-0.000520450,-0.052044999,-0.037175000,-0.037175000,0.000000000,manual_A_near_upright
pid,BALANCE,25.902,-0.088579,0.084700,-0.046351,0.784799840,0.008781779,-0.001545993,0.001673,7,-0.000463512,-0.046351219,-0.033108014,-0.033108014,0.000000000,manual_A_near_upright
pid,BALANCE,25.923,-0.077983,0.072958,-0.040923,0.784799991,0.009413880,-0.001361053,0.001660,7,-0.000409228,-0.040922835,-0.029230597,-0.029230597,0.000000000,manual_A_near_upright
pid,BALANCE,25.943,-0.066738,0.060334,-0.035147,0.784800130,0.009952892,-0.001164804,0.001648,7,-0.000351474,-0.035147433,-0.025105309,-0.025105309,0.000000000,manual_A_near_upright
pid,BALANCE,25.964,-0.054949,0.046950,-0.028555,0.784800253,0.010405344,-0.000959045,0.001636,7,-0.000285547,-0.028554718,-0.020396227,-0.020396227,0.000000000,manual_A_near_upright
pid,BALANCE,25.985,-0.042724,0.032934,-0.021888,0.784800353,0.010752801,-0.000745676,0.001625,7,-0.000218877,-0.021887733,-0.015634095,-0.015634095,0.000000000,manual_A_near_upright
pid,BALANCE,26.006,-0.030196,0.018432,-0.015453,0.784800428,0.010988253,-0.000527023,0.001613,7,-0.000154525,-0.015452516,-0.011037511,-0.011037511,0.000000000,manual_A_near_upright
pid,BALANCE,26.027,-0.017481,0.003580,-0.008637,0.784800477,0.011124377,-0.000305094,0.001601,7,-0.000086373,-0.008637283,-0.006169488,-0.006169488,0.000000000,manual_A_near_upright
pid,BALANCE,26.047,-0.004702,-0.011476,-0.002178,0.784800496,0.011146410,-0.000082061,0.001589,7,-0.000021776,-0.002177589,-0.001555421,-0.001555421,0.000000000,manual_A_near_upright
pid,BALANCE,26.068,0.008018,-0.026593,0.004726,0.784800486,0.011068705,0.000139940,0.001578,7,0.000047262,0.004726157,0.003375826,0.003375826,0.000000000,manual_A_near_upright
pid,BALANCE,26.089,0.020558,-0.041626,0.011541,0.784800449,0.010884508,0.000358796,0.001567,7,0.000115415,0.011541465,0.008243903,0.008243903,0.000000000,manual_A_near_upright
pid,BALANCE,26.109,0.032800,-0.056435,0.017843,0.784800384,0.010591392,0.000572475,0.001555,7,0.000178429,0.017842922,0.010692259,0.010692259,0.000000000,manual_A_near_upright
pid,BALANCE,26.130,0.044618,-0.070874,0.023766,0.784800297,0.010198061,0.000778724,0.001544,7,0.000237664,0.023766376,0.016975983,0.016975983,0.000000000,manual_A_near_upright
pid,BALANCE,26.151,0.055917,-0.084817,0.029877,0.784800191,0.009721624,0.000975938,0.001533,7,0.000298765,0.029876522,0.021340373,0.021340373,0.000000000,manual_A_near_upright
pid,BALANCE,26.172,0.066593,-0.098136,0.035401,0.784800070,0.009152241,0.001162263,0.001521,7,0.000354010,0.035400984,0.025286417,0.025286417,0.000000000,manual_A_near_upright
pid,BALANCE,26.193,0.076553,-0.110711,0.040723,0.784799939,0.008505286,0.001336101,0.001510,7,0.000407227,0.040722659,0.029087614,0.029087614,0.000000000,manual_A_near_upright
pid,BALANCE,26.214,0.085703,-0.122428,0.045471,0.784799803,0.007780941,0.001495793,0.001499,7,0.000454709,0.045470863,0.032479188,0.032479188,0.000000000,manual_A_near_upright
pid,BALANCE,26.235,0.093970,-0.133186,0.049748,0.784799668,0.006989407,0.001640093,0.001488,7,0.000497476,0.049747618,0.035534013,0.035534013,0.000000000,manual_A_near_upright
pid,BALANCE,26.256,0.101273,-0.142886,0.053295,0.784799538,0.006134569,0.001767556,0.001477,7,0.000532949,0.053294896,0.038067783,0.038067783,0.000000000,manual_A_near_upright
pid,BALANCE,26.276,0.107567,-0.151454,0.056908,0.784799418,0.005242037,0.001877403,0.001467,7,0.000569078,0.056907840,0.040648457,0.040648457,0.000000000,manual_A_near_upright
pid,BALANCE,26.297,0.112793,-0.158815,0.059418,0.784799313,0.004296309,0.001968613,0.001456,7,0.000594182,0.059418230,0.042441593,0.042441593,0.000000000,manual_A_near_upright
pid,BALANCE,26.318,0.116908,-0.164908,0.061415,0.784799227,0.003320066,0.002040424,0.001445,7,0.000614147,0.061414662,0.043867615,0.043867615,0.000000000,manual_A_near_upright
pid,BALANCE,26.339,0.119886,-0.169688,0.062919,0.784799163,0.002323192,0.002092410,0.001435,7,0.000629186,0.062918639,0.044941885,0.044941885,0.000000000,manual_A_near_upright
pid,BALANCE,26.360,0.121709,-0.173121,0.063717,0.784799122,0.001310940,0.002124215,0.001425,7,0.000637174,0.063717426,0.045512447,0.045512447,0.000000000,manual_A_near_upright
pid,BALANCE,26.380,0.122367,-0.175185,0.063917,0.784799105,0.000295228,0.002135705,0.001414,7,0.000639171,0.063917090,0.045655064,0.045655064,0.000000000,manual_A_near_upright
pid,BALANCE,26.401,0.121866,-0.175873,0.063557,0.784799114,-0.000713643,0.002126963,0.001404,7,0.000635573,0.063557279,0.045398056,0.045398056,0.000000000,manual_A_near_upright
pid,BALANCE,26.422,0.120252,-0.175205,0.064416,0.784799147,-0.001670231,0.002098790,0.001394,7,0.000644161,0.064416121,0.046011515,0.046011515,0.000000000,manual_A_near_upright
pid,BALANCE,26.443,0.117526,-0.173189,0.062598,0.784799203,-0.002648045,0.002051223,0.001384,7,0.000625975,0.062597503,0.044712502,0.044712502,0.000000000,manual_A_near_upright
pid,BALANCE,26.463,0.113699,-0.169841,0.060104,0.784799279,-0.003594432,0.001984429,0.001374,7,0.000601036,0.060103637,0.042931169,0.042931169,0.000000000,manual_A_near_upright
pid,BALANCE,26.484,0.108836,-0.165215,0.057711,0.784799373,-0.004485818,0.001899539,0.001364,7,0.000577111,0.057711082,0.041222201,0.041222201,0.000000000,manual_A_near_upright
pid,BALANCE,26.505,0.102984,-0.159362,0.054445,0.784799480,-0.005335463,0.001797415,0.001354,7,0.000544451,0.054445089,0.038889349,0.038889349,0.000000000,manual_A_near_upright
pid,BALANCE,26.526,0.096206,-0.152345,0.050741,0.784799597,-0.006127050,0.001679110,0.001344,7,0.000507408,0.050740784,0.036243417,0.036243417,0.000000000,manual_A_near_upright
pid,BALANCE,26.546,0.088575,-0.144242,0.046668,0.784799719,-0.006852979,0.001545923,0.001334,7,0.000466685,0.046668496,0.033334640,0.033334640,0.000000000,manual_A_near_upright
pid,BALANCE,26.567,0.079729,-0.134657,0.041871,0.784799848,-0.007541282,0.001391539,0.001324,7,0.000418708,0.041870801,0.029907715,0.029907715,0.000000000,manual_A_near_upright
pid,BALANCE,26.588,0.071076,-0.125127,0.037471,0.784799960,-0.008086389,0.001240513,0.001315,7,0.000374710,0.037470971,0.026764979,0.026764979,0.000000000,manual_A_near_upright
pid,BALANCE,26.608,0.061383,-0.114310,0.032181,0.784800070,-0.008588700,0.001071328,0.001306,7,0.000321809,0.032180855,0.022986325,0.022986325,0.000000000,manual_A_near_upright
pid,BALANCE,26.630,0.050666,-0.102204,0.026403,0.784800172,-0.009023634,0.000884293,0.001296,7,0.000264029,0.026402860,0.018859186,0.018859186,0.000000000,manual_A_near_upright
pid,BALANCE,26.650,0.040591,-0.090700,0.021219,0.784800250,-0.009328567,0.000708440,0.001287,7,0.000212185,0.021218510,0.015156078,0.015156078,0.000000000,manual_A_near_upright
pid,BALANCE,26.670,0.029691,-0.078139,0.015196,0.784800314,-0.009569921,0.000518201,0.001278,7,0.000151965,0.015196476,0.010854626,0.010854626,0.000000000,manual_A_near_upright
pid,BALANCE,26.691,0.018595,-0.065235,0.009365,0.784800357,-0.009713014,0.000324547,0.001268,7,0.000093651,0.009365104,0.006689360,0.006689360,0.000000000,manual_A_near_upright
pid,BALANCE,26.712,0.007414,-0.052115,0.003493,0.784800378,-0.009763418,0.000129393,0.001259,7,0.000034931,0.003493140,0.002495100,0.002495100,0.000000000,manual_A_near_upright
pid,BALANCE,26.733,-0.003751,-0.038904,-0.002518,0.784800377,-0.009722879,-0.000065459,0.001250,7,-0.000025177,-0.002517696,-0.001798354,-0.001798354,0.000000000,manual_A_near_upright
pid,BALANCE,26.753,-0.014786,-0.025730,-0.008140,0.784800354,-0.009580940,-0.000258060,0.001241,7,-0.000081399,-0.008139885,-0.005814203,-0.005814203,0.000000000,manual_A_near_upright
pid,BALANCE,26.774,-0.025588,-0.012718,-0.014042,0.784800311,-0.009358304,-0.000446592,0.001232,7,-0.000140420,-0.014042018,-0.010030013,-0.010030013,0.000000000,manual_A_near_upright
pid,BALANCE,26.795,-0.036062,0.000013,-0.019597,0.784800250,-0.009045386,-0.000629397,0.001223,7,-0.000195970,-0.019597046,-0.013997890,-0.013997890,0.000000000,manual_A_near_upright
pid,BALANCE,26.816,-0.046101,0.012339,-0.024512,0.784800172,-0.008641348,-0.000804608,0.001214,7,-0.000245116,-0.024511595,-0.017508282,-0.017508282,0.000000000,manual_A_near_upright
pid,BALANCE,26.837,-0.055613,0.024149,-0.029424,0.784800082,-0.008165323,-0.000970637,0.001205,7,-0.000294242,-0.029424230,-0.021017307,-0.021017307,0.000000000,manual_A_near_upright
pid,BALANCE,26.857,-0.064529,0.035340,-0.034312,0.784799984,-0.007622409,-0.001126242,0.001197,7,-0.000343120,-0.034311957,-0.024508541,-0.024508541,0.000000000,manual_A_near_upright
pid,BALANCE,26.878,-0.072756,0.045807,-0.038516,0.784799880,-0.007005665,-0.001269826,0.001188,7,-0.000385157,-0.038515749,-0.027511249,-0.027511249,0.000000000,manual_A_near_upright
pid,BALANCE,26.899,-0.080228,0.055460,-0.042467,0.784799776,-0.006331293,-0.001400250,0.001179,7,-0.000424666,-0.042466587,-0.030333277,-0.030333277,0.000000000,manual_A_near_upright
pid,BALANCE,26.921,-0.086881,0.064213,-0.045854,0.784799674,-0.005600231,-0.001516351,0.001170,7,-0.000458542,-0.045854197,-0.032752998,-0.032752998,0.000000000,manual_A_near_upright
pid,BALANCE,26.942,-0.092659,0.071993,-0.048908,0.784799580,-0.004825481,-0.001617210,0.001162,7,-0.000489084,-0.048908358,-0.034934542,-0.034934542,0.000000000,manual_A_near_upright
pid,BALANCE,26.962,-0.097514,0.078732,-0.051301,0.784799496,-0.004008299,-0.001701937,0.001153,7,-0.000513006,-0.051300629,-0.036643306,-0.036643306,0.000000000,manual_A_near_upright
pid,BALANCE,26.983,-0.101406,0.084376,-0.053251,0.784799425,-0.003161788,-0.001769876,0.001145,7,-0.000532514,-0.053251385,-0.038036704,-0.038036704,0.000000000,manual_A_near_upright
pid,BALANCE,27.004,-0.104310,0.088881,-0.054687,0.784799371,-0.002292793,-0.001820549,0.001136,7,-0.000546868,-0.054686754,-0.039061967,-0.039061967,0.000000000,manual_A_near_upright
pid,BALANCE,27.025,-0.106204,0.092214,-0.055555,0.784799334,-0.001408984,-0.001853609,0.001128,7,-0.000555545,-0.055554541,-0.039681815,-0.039681815,0.000000000,manual_A_near_upright
pid,BALANCE,27.046,-0.107080,0.094353,-0.055910,0.784799316,-0.000519714,-0.001868899,0.001120,7,-0.000559102,-0.055910151,-0.039935822,-0.039935822,0.000000000,manual_A_near_upright
pid,BALANCE,27.066,-0.106938,0.095287,-0.055722,0.784799317,0.000367179,-0.001866423,0.001112,7,-0.000557222,-0.055722173,-0.039801552,-0.039801552,0.000000000,manual_A_near_upright
pid,BALANCE,27.087,-0.105805,0.095026,-0.056364,0.784799337,0.001215124,-0.001846647,0.001104,7,-0.000563643,-0.056364308,-0.040260220,-0.040260220,0.000000000,manual_A_near_upright
pid,BALANCE,27.108,-0.103713,0.093588,-0.055675,0.784799374,0.002063279,-0.001810131,0.001096,7,-0.000556754,-0.055675434,-0.039768167,-0.039768167,0.000000000,manual_A_near_upright
pid,BALANCE,27.129,-0.100639,0.090973,-0.053241,0.784799429,0.002910499,-0.001756489,0.001088,7,-0.000532412,-0.053241175,-0.038029411,-0.038029411,0.000000000,manual_A_near_upright
pid,BALANCE,27.150,-0.096643,0.087225,-0.051430,0.784799497,0.003700080,-0.001686742,0.001080,7,-0.000514296,-0.051429649,-0.036735463,-0.036735463,0.000000000,manual_A_near_upright
pid,BALANCE,27.171,-0.091770,0.082388,-0.048682,0.784799576,0.004458713,-0.001601684,0.001072,7,-0.000486824,-0.048682378,-0.034773127,-0.034773127,0.000000000,manual_A_near_upright
pid,BALANCE,27.192,-0.086065,0.076514,-0.045619,0.784799664,0.005166577,-0.001502125,0.001064,7,-0.000456194,-0.045619421,-0.032585301,-0.032585301,0.000000000,manual_A_near_upright
pid,BALANCE,27.212,-0.079595,0.069669,-0.042068,0.784799757,0.005822101,-0.001389197,0.001056,7,-0.000420682,-0.042068165,-0.030048690,-0.030048690,0.000000000,manual_A_near_upright
pid,BALANCE,27.233,-0.072426,0.061924,-0.038276,0.784799851,0.006415079,-0.001264064,0.001049,7,-0.000382762,-0.038276232,-0.027340166,-0.027340166,0.000000000,manual_A_near_upright
pid,BALANCE,27.254,-0.064625,0.053357,-0.033960,0.784799943,0.006946891,-0.001127919,0.001041,7,-0.000361237,-0.036123738,-0.025802670,-0.025802670,0.000000000,manual_A_near_upright
pid,BALANCE,27.275,-0.056277,0.044058,-0.029568,0.784800030,0.007404664,-0.000982211,0.001034,7,-0.000295677,-0.029567715,-0.021119796,-0.021119796,0.000000000,manual_A_near_upright
pid,BALANCE,27.296,-0.047463,0.034121,-0.024866,0.784800108,0.007790606,-0.000828389,0.001026,7,-0.000248664,-0.024866418,-0.017761727,-0.017761727,0.000000000,manual_A_near_upright
pid,BALANCE,27.317,-0.038270,0.023642,-0.019958,0.784800175,0.008100318,-0.000667941,0.001018,7,-0.000199584,-0.019958404,-0.014256003,-0.014256003,0.000000000,manual_A_near_upright
pid,BALANCE,27.338,-0.028788,0.012727,-0.014936,0.784800228,0.008330497,-0.000502451,0.001011,7,-0.000149361,-0.014936060,-0.010668614,-0.010668614,0.000000000,manual_A_near_upright
pid,BALANCE,27.358,-0.019109,0.001482,-0.009802,0.784800266,0.008480537,-0.000333518,0.001004,7,-0.000098022,-0.009802181,-0.007001558,-0.007001558,0.000000000,manual_A_near_upright
pid,BALANCE,27.379,-0.009326,-0.009986,-0.004624,0.784800287,0.008549248,-0.000162761,0.000996,7,-0.000046238,-0.004623840,-0.003302743,-0.003302743,0.000000000,manual_A_near_upright
pid,BALANCE,27.400,0.000469,-0.021565,0.000559,0.784800291,0.008536545,0.000008189,0.000989,7,0.000005585,0.000558502,0.000398930,0.000398930,0.000000000,manual_A_near_upright
pid,BALANCE,27.422,0.010182,-0.033145,0.005833,0.784800279,0.008441973,0.000177703,0.000982,7,0.000058332,0.005833156,0.004166540,0.004166540,0.000000000,manual_A_near_upright
pid,BALANCE,27.452,0.024388,-0.050274,0.013224,0.784800230,0.008145960,0.000425644,0.000971,7,0.000132235,0.013223521,0.009445372,0.009445372,0.000000000,manual_A_near_upright
pid,BALANCE,27.473,0.033484,-0.061375,0.017875,0.784800180,0.007852748,0.000584407,0.000964,7,0.000178752,0.017875192,0.012767994,0.012767994,0.000000000,manual_A_near_upright
pid,BALANCE,27.493,0.042194,-0.072106,0.022664,0.784800118,0.007495107,0.000736421,0.000957,7,0.000226641,0.022664120,0.016188657,0.016188657,0.000000000,manual_A_near_upright
pid,BALANCE,27.514,0.050426,-0.082363,0.026698,0.784800047,0.007059342,0.000880091,0.000950,7,0.000266976,0.026697614,0.019069724,0.019069724,0.000000000,manual_A_near_upright
pid,BALANCE,27.535,0.058116,-0.092059,0.030929,0.784799971,0.006570938,0.001014315,0.000943,7,0.000309288,0.030928762,0.022091973,0.022091973,0.000000000,manual_A_near_upright
pid,BALANCE,27.556,0.065189,-0.101101,0.034394,0.784799891,0.006015604,0.001137757,0.000936,7,0.000343939,0.034393889,0.024567064,0.024567064,0.000000000,manual_A_near_upright
pid,BALANCE,27.577,0.071590,-0.109415,0.037872,0.784799811,0.005416200,0.001249474,0.000930,7,0.000378719,0.037871887,0.027051348,0.027051348,0.000000000,manual_A_near_upright
pid,BALANCE,27.598,0.077261,-0.116925,0.040723,0.784799734,0.004765739,0.001348452,0.000923,7,0.000407229,0.040722940,0.029087814,0.029087814,0.000000000,manual_A_near_upright
pid,BALANCE,27.620,0.082153,-0.123569,0.043200,0.784799663,0.004076724,0.001433839,0.000916,7,0.000432003,0.043200305,0.030857360,0.030857360,0.000000000,manual_A_near_upright
pid,BALANCE,27.640,0.086410,-0.129550,0.045309,0.784799598,0.003318240,0.001508142,0.000909,7,0.000453094,0.045309388,0.032363848,0.032363848,0.000000000,manual_A_near_upright
pid,BALANCE,27.661,0.089454,-0.134041,0.046790,0.784799549,0.002607551,0.001561261,0.000903,7,0.000467900,0.046790003,0.033421431,0.033421431,0.000000000,manual_A_near_upright
pid,BALANCE,27.681,0.091811,-0.137789,0.048071,0.784799510,0.001845492,0.001602397,0.000896,7,0.000480707,0.048070732,0.034336237,0.034336237,0.000000000,manual_A_near_upright
pid,BALANCE,27.702,0.093281,-0.140504,0.048683,0.784799485,0.001068321,0.001628055,0.000890,7,0.000486832,0.048683244,0.034773746,0.034773746,0.000000000,manual_A_near_upright
pid,BALANCE,27.723,0.093857,-0.142171,0.048888,0.784799474,0.000288974,0.001638118,0.000883,7,0.000488876,0.048887635,0.034919739,0.034919739,0.000000000,manual_A_near_upright
pid,BALANCE,27.743,0.093544,-0.142782,0.048645,0.784799478,-0.000486176,0.001632648,0.000877,7,0.000486446,0.048644603,0.034746145,0.034746145,0.000000000,manual_A_near_upright
pid,BALANCE,27.764,0.092376,-0.142353,0.049605,0.784799496,-0.001216067,0.001612268,0.000871,7,0.000496050,0.049605026,0.035432162,0.035432162,0.000000000,manual_A_near_upright
pid,BALANCE,27.785,0.090364,-0.140892,0.048437,0.784799527,-0.001964963,0.001577146,0.000864,7,0.000484370,0.048436950,0.034597822,0.034597822,0.000000000,manual_A_near_upright
pid,BALANCE,27.806,0.087497,-0.138404,0.046362,0.784799572,-0.002698347,0.001527116,0.000858,7,0.000463624,0.046362350,0.033115965,0.033115965,0.000000000,manual_A_near_upright
pid,BALANCE,27.827,0.083832,-0.134933,0.044657,0.784799626,-0.003383742,0.001463151,0.000852,7,0.000446572,0.044657204,0.031898003,0.031898003,0.000000000,manual_A_near_upright
pid,BALANCE,27.848,0.079407,-0.130517,0.042240,0.784799688,-0.004038376,0.001385913,0.000845,7,0.000422395,0.042239534,0.030171096,0.030171096,0.000000000,manual_A_near_upright
pid,BALANCE,27.869,0.074266,-0.125204,0.039368,0.784799757,-0.004651366,0.001296181,0.000839,7,0.000393675,0.039367537,0.028119670,0.028119670,0.000000000,manual_A_near_upright
pid,BALANCE,27.890,0.068462,-0.119051,0.036213,0.784799829,-0.005214160,0.001194893,0.000833,7,0.000362127,0.036212741,0.025866244,0.025866244,0.000000000,manual_A_near_upright
pid,BALANCE,27.910,0.062062,-0.112125,0.032959,0.784799901,-0.005718897,0.001083179,0.000827,7,0.000329588,0.032958777,0.023541983,0.023541983,0.000000000,manual_A_near_upright
pid,BALANCE,27.930,0.055128,-0.104497,0.029158,0.784799971,-0.006171463,0.000962165,0.000821,7,0.000291584,0.029158359,0.020827399,0.020827399,0.000000000,manual_A_near_upright
pid,BALANCE,27.951,0.047342,-0.095814,0.024937,0.784800039,-0.006579188,0.000826276,0.000815,7,0.000249374,0.024937387,0.017812419,0.017812419,0.000000000,manual_A_near_upright
pid,BALANCE,27.972,0.039934,-0.087449,0.021224,0.784800094,-0.006880673,0.000696982,0.000809,7,0.000212240,0.021223981,0.015159986,0.015159986,0.000000000,manual_A_near_upright
pid,BALANCE,27.993,0.031822,-0.078197,0.016544,0.784800144,-0.007144826,0.000555401,0.000803,7,0.000165436,0.016543621,0.011816872,0.011816872,0.000000000,manual_A_near_upright
pid,BALANCE,28.014,0.023474,-0.068582,0.012234,0.784800182,-0.007329033,0.000409695,0.000798,7,0.000122337,0.012233744,0.008738388,0.008738388,0.000000000,manual_A_near_upright
pid,BALANCE,28.035,0.014972,-0.058698,0.007758,0.784800208,-0.007444628,0.000261318,0.000792,7,0.000077585,0.007758471,0.005541765,0.005541765,0.000000000,manual_A_near_upright
pid,BALANCE,28.056,0.006398,-0.048641,0.003371,0.784800222,-0.007486443,0.000111667,0.000786,7,0.000033708,0.003370761,0.002407686,0.002407686,0.000000000,manual_A_near_upright
pid,BALANCE,28.077,-0.002167,-0.038507,-0.001175,0.784800222,-0.007460157,-0.000037815,0.000780,7,-0.000011755,-0.001175472,-0.000839623,-0.000839623,0.000000000,manual_A_near_upright
pid,BALANCE,28.098,-0.010642,-0.028392,-0.005826,0.784800210,-0.007364824,-0.000185735,0.000774,7,-0.000058258,-0.005825850,-0.004161321,-0.004161321,0.000000000,manual_A_near_upright
pid,BALANCE,28.119,-0.018950,-0.018392,-0.010121,0.784800186,-0.007194912,-0.000330734,0.000769,7,-0.000101215,-0.010121462,-0.007229616,-0.007229616,0.000000000,manual_A_near_upright
pid,BALANCE,28.140,-0.027003,-0.008603,-0.014318,0.784800150,-0.006959493,-0.000471288,0.000763,7,-0.000143178,-0.014317848,-0.010227034,-0.010227034,0.000000000,manual_A_near_upright
pid,BALANCE,28.161,-0.034742,0.000889,-0.018644,0.784800106,-0.006666335,-0.000606367,0.000758,7,-0.000186437,-0.018643653,-0.013316895,-0.013316895,0.000000000,manual_A_near_upright
pid,BALANCE,28.182,-0.042086,0.009993,-0.022306,0.784800053,-0.006303251,-0.000734537,0.000752,7,-0.000223059,-0.022305904,-0.015932788,-0.015932788,0.000000000,manual_A_near_upright
pid,BALANCE,28.202,-0.048969,0.018625,-0.025916,0.784799995,-0.005887950,-0.000854673,0.000747,7,-0.000259155,-0.025915500,-0.018511072,-0.018511072,0.000000000,manual_A_near_upright
pid,BALANCE,28.224,-0.055334,0.026711,-0.029250,0.784799935,-0.005420547,-0.000965752,0.000741,7,-0.000292505,-0.029250467,-0.020893191,-0.020893191,0.000000000,manual_A_near_upright
pid,BALANCE,28.245,-0.061121,0.034175,-0.032209,0.784799873,-0.004904565,-0.001066763,0.000736,7,-0.000322091,-0.032209146,-0.023006533,-0.023006533,0.000000000,manual_A_near_upright
pid,BALANCE,28.266,-0.066283,0.040955,-0.034872,0.784799813,-0.004347481,-0.001156849,0.000730,7,-0.000348719,-0.034871925,-0.024908518,-0.024908518,0.000000000,manual_A_near_upright
pid,BALANCE,28.287,-0.070775,0.046991,-0.037166,0.784799757,-0.003753935,-0.001235255,0.000725,7,-0.000371660,-0.037165963,-0.026547116,-0.026547116,0.000000000,manual_A_near_upright
pid,BALANCE,28.307,-0.074561,0.052233,-0.039082,0.784799707,-0.003129920,-0.001301337,0.000720,7,-0.000390820,-0.039082021,-0.027915729,-0.027915729,0.000000000,manual_A_near_upright
pid,BALANCE,28.328,-0.077611,0.056637,-0.040612,0.784799665,-0.002481681,-0.001354576,0.000714,7,-0.000406123,-0.040612269,-0.029008764,-0.029008764,0.000000000,manual_A_near_upright
pid,BALANCE,28.349,-0.079903,0.060169,-0.041730,0.784799632,-0.001815417,-0.001394577,0.000709,7,-0.000417296,-0.041729593,-0.029806852,-0.029806852,0.000000000,manual_A_near_upright
pid,BALANCE,28.370,-0.081422,0.062803,-0.042451,0.784799609,-0.001137744,-0.001421076,0.000704,7,-0.000424508,-0.042450753,-0.030321966,-0.030321966,0.000000000,manual_A_near_upright
pid,BALANCE,28.391,-0.082158,0.064521,-0.042749,0.784799597,-0.000454845,-0.001433933,0.000699,7,-0.000427491,-0.042749094,-0.030535067,-0.030535067,0.000000000,manual_A_near_upright
pid,BALANCE,28.412,-0.082113,0.065316,-0.042634,0.784799597,0.000226730,-0.001433139,0.000694,7,-0.000426339,-0.042633931,-0.030452808,-0.030452808,0.000000000,manual_A_near_upright
pid,BALANCE,28.432,-0.081307,0.065193,-0.043380,0.784799608,0.000874064,-0.001419082,0.000689,7,-0.000433800,-0.043379996,-0.030985711,-0.030985711,0.000000000,manual_A_near_upright
pid,BALANCE,28.453,-0.079773,0.064170,-0.043152,0.784799629,0.001521712,-0.001392308,0.000684,7,-0.000431516,-0.043151558,-0.030822542,-0.030822542,0.000000000,manual_A_near_upright
pid,BALANCE,28.474,-0.077479,0.062239,-0.041112,0.784799660,0.002179020,-0.001352268,0.000679,7,-0.000411123,-0.041112287,-0.029365919,-0.029365919,0.000000000,manual_A_near_upright
pid,BALANCE,28.495,-0.074472,0.059435,-0.039746,0.784799700,0.002788233,-0.001299786,0.000674,7,-0.000397458,-0.039745809,-0.028389864,-0.028389864,0.000000000,manual_A_near_upright
pid,BALANCE,28.515,-0.070791,0.055794,-0.037836,0.784799746,0.003370432,-0.001235533,0.000669,7,-0.000378361,-0.037836108,-0.027025792,-0.027025792,0.000000000,manual_A_near_upright
pid,BALANCE,28.536,-0.066469,0.051353,-0.035459,0.784799797,0.003918968,-0.001160104,0.000664,7,-0.000354594,-0.035459393,-0.025328138,-0.025328138,0.000000000,manual_A_near_upright
pid,BALANCE,28.557,-0.061552,0.046160,-0.032713,0.784799852,0.004427340,-0.001074288,0.000659,7,-0.000327134,-0.032713364,-0.023366689,-0.023366689,0.000000000,manual_A_near_upright
pid,BALANCE,28.578,-0.056094,0.040272,-0.029923,0.784799907,0.004884917,-0.000979021,0.000654,7,-0.000299227,-0.029922689,-0.021373349,-0.021373349,0.000000000,manual_A_near_upright
pid,BALANCE,28.599,-0.050148,0.033748,-0.026608,0.784799962,0.005298543,-0.000875256,0.000650,7,-0.000266081,-0.026608144,-0.019005817,-0.019005817,0.000000000,manual_A_near_upright
pid,BALANCE,28.620,-0.043774,0.026655,-0.023192,0.784800013,0.005656283,-0.000764008,0.000645,7,-0.000231917,-0.023191678,-0.016565484,-0.016565484,0.000000000,manual_A_near_upright
pid,BALANCE,28.641,-0.037035,0.019065,-0.019530,0.784800060,0.005958894,-0.000646383,0.000640,7,-0.000195298,-0.019529781,-0.013949843,-0.013949843,0.000000000,manual_A_near_upright
pid,BALANCE,28.662,-0.029641,0.010642,-0.015618,0.784800102,0.006211470,-0.000517338,0.000635,7,-0.000156185,-0.015618460,-0.011156043,-0.011156043,0.000000000,manual_A_near_upright
pid,BALANCE,28.682,-0.022741,0.002701,-0.012263,0.784800132,0.006376632,-0.000396912,0.000631,7,-0.000122630,-0.012262974,-0.008759267,-0.008759267,0.000000000,manual_A_near_upright
pid,BALANCE,28.703,-0.015326,-0.005912,-0.008178,0.784800155,0.006500515,-0.000267489,0.000626,7,-0.000081782,-0.008178178,-0.005841556,-0.005841556,0.000000000,manual_A_near_upright
pid,BALANCE,28.724,-0.007442,-0.015148,-0.003775,0.784800169,0.006564646,-0.000129886,0.000622,7,-0.000037750,-0.003775031,-0.002696451,-0.002696451,0.000000000,manual_A_near_upright
pid,BALANCE,28.744,0.000075,-0.024035,-0.000132,0.784800172,0.006550086,0.000001312,0.000617,7,-0.000001320,-0.000132018,-0.000094299,-0.000094299,0.000000000,manual_A_near_upright
pid,BALANCE,28.765,0.007159,-0.032481,0.003787,0.784800165,0.006487006,0.000124950,0.000613,7,0.000037874,0.003787401,0.002705286,0.002705286,0.000000000,manual_A_near_upright
pid,BALANCE,28.786,0.014859,-0.041737,0.008113,0.784800148,0.006354584,0.000259344,0.000608,7,0.000081126,0.008112611,0.005794722,0.005794722,0.000000000,manual_A_near_upright
pid,BALANCE,28.806,0.021630,-0.049955,0.011325,0.784800124,0.006166215,0.000377522,0.000604,7,0.000113252,0.011325196,0.008089426,0.008089426,0.000000000,manual_A_near_upright
pid,BALANCE,28.827,0.028838,-0.058785,0.015369,0.784800090,0.005912340,0.000503312,0.000600,7,0.000153695,0.015369479,0.010978199,0.010978199,0.000000000,manual_A_near_upright
pid,BALANCE,28.848,0.035363,-0.066865,0.018506,0.784800051,0.005604074,0.000617192,0.000595,7,0.000185061,0.018506135,0.013218668,0.013218668,0.000000000,manual_A_near_upright
pid,BALANCE,28.869,0.041199,-0.074175,0.021604,0.784800010,0.005271277,0.000719060,0.000591,7,0.000216042,0.021604218,0.015431584,0.015431584,0.000000000,manual_A_near_upright
pid,BALANCE,28.890,0.047192,-0.081772,0.024880,0.784799961,0.004856400,0.000823663,0.000587,7,0.000248798,0.024879755,0.017771254,0.017771254,0.000000000,manual_A_near_upright
pid,BALANCE,28.911,0.052142,-0.088142,0.027245,0.784799916,0.004433222,0.000910051,0.000582,7,0.000272452,0.027245216,0.019460869,0.019460869,0.000000000,manual_A_near_upright
pid,BALANCE,28.932,0.057052,-0.094569,0.029947,0.784799867,0.003933981,0.000995752,0.000578,7,0.000299469,0.029946906,0.021390647,0.021390647,0.000000000,manual_A_near_upright
pid,BALANCE,28.953,0.060945,-0.099777,0.031821,0.784799825,0.003444730,0.001063684,0.000574,7,0.000318208,0.031820778,0.022729127,0.022729127,0.000000000,manual_A_near_upright
pid,BALANCE,28.973,0.064608,-0.104814,0.033848,0.784799784,0.002881077,0.001127625,0.000570,7,0.000338484,0.033848426,0.024177447,0.024177447,0.000000000,manual_A_near_upright
pid,BALANCE,28.994,0.067441,-0.108868,0.035155,0.784799750,0.002315011,0.001177074,0.000566,7,0.000351551,0.035155149,0.025110821,0.025110821,0.000000000,manual_A_near_upright
pid,BALANCE,29.015,0.069521,-0.112018,0.036203,0.784799724,0.001764026,0.001213363,0.000562,7,0.000362032,0.036203191,0.025859422,0.025859422,0.000000000,manual_A_near_upright
pid,BALANCE,29.035,0.071053,-0.114572,0.037007,0.784799704,0.001173757,0.001240107,0.000557,7,0.000370068,0.037006795,0.026433425,0.026433425,0.000000000,manual_A_near_upright
pid,BALANCE,29.056,0.071901,-0.116327,0.037341,0.784799692,0.000575070,0.001254909,0.000553,7,0.000373413,0.037341269,0.026672335,0.026672335,0.000000000,manual_A_near_upright
pid,BALANCE,29.077,0.072063,-0.117273,0.037353,0.784799690,-0.000023183,0.001257730,0.000549,7,0.000373528,0.037352759,0.026680542,0.026680542,0.000000000,manual_A_near_upright
pid,BALANCE,29.098,0.071548,-0.117411,0.037563,0.784799696,-0.000604610,0.001248741,0.000545,7,0.000375633,0.037563298,0.026830927,0.026830927,0.000000000,manual_A_near_upright
pid,BALANCE,29.119,0.070400,-0.116761,0.038347,0.784799709,-0.001157690,0.001228707,0.000541,7,0.000383471,0.038347055,0.027390754,0.027390754,0.000000000,manual_A_near_upright
pid,BALANCE,29.139,0.068587,-0.115315,0.036636,0.784799731,-0.001740439,0.001197073,0.000538,7,0.000366363,0.036636314,0.026168795,0.026168795,0.000000000,manual_A_near_upright
pid,BALANCE,29.160,0.066136,-0.113092,0.035322,0.784799759,-0.002286338,0.001154283,0.000534,7,0.000353224,0.035322378,0.025230270,0.025230270,0.000000000,manual_A_near_upright
pid,BALANCE,29.181,0.063082,-0.110125,0.033757,0.784799794,-0.002805055,0.001100997,0.000530,7,0.000337571,0.033757089,0.024112206,0.024112206,0.000000000,manual_A_near_upright
pid,BALANCE,29.201,0.059456,-0.106445,0.031687,0.784799832,-0.003297187,0.001037698,0.000526,7,0.000316868,0.031686773,0.022633409,0.022633409,0.000000000,manual_A_near_upright
pid,BALANCE,29.222,0.055296,-0.102094,0.029466,0.784799874,-0.003751637,0.000965095,0.000522,7,0.000294660,0.029465987,0.021047134,0.021047134,0.000000000,manual_A_near_upright
pid,BALANCE,29.243,0.050647,-0.097118,0.026969,0.784799916,-0.004167479,0.000883961,0.000518,7,0.000269695,0.026969458,0.019263898,0.019263898,0.000000000,manual_A_near_upright
pid,BALANCE,29.264,0.045557,-0.091568,0.024219,0.784799958,-0.004541133,0.000795111,0.000515,7,0.000242191,0.024219070,0.017299336,0.017299336,0.000000000,manual_A_near_upright
pid,BALANCE,29.284,0.040076,-0.085502,0.021292,0.784799999,-0.004868398,0.000699457,0.000511,7,0.000212920,0.021291992,0.015208565,0.015208565,0.000000000,manual_A_near_upright
pid,BALANCE,29.305,0.034260,-0.078982,0.018188,0.784800036,-0.005147211,0.000597956,0.000507,7,0.000181882,0.018188245,0.012991604,0.012991604,0.000000000,manual_A_near_upright
pid,BALANCE,29.326,0.027856,-0.071718,0.014754,0.784800070,-0.005385651,0.000486182,0.000503,7,0.000147535,0.014753539,0.010538242,0.010538242,0.000000000,manual_A_near_upright
pid,BALANCE,29.346,0.021859,-0.064843,0.011724,0.784800095,-0.005547761,0.000381511,0.000500,7,0.000117236,0.011723635,0.008374025,0.008374025,0.000000000,manual_A_near_upright
pid,BALANCE,29.367,0.015392,-0.057362,0.008109,0.784800115,-0.005673211,0.000268636,0.000496,7,0.000081087,0.008108742,0.005791959,0.005791959,0.000000000,manual_A_near_upright
pid,BALANCE,29.387,0.008830,-0.049703,0.004670,0.784800127,-0.005739334,0.000154105,0.000493,7,0.000046698,0.004669795,0.003335568,0.003335568,0.000000000,manual_A_near_upright
pid,BALANCE,29.408,0.002238,-0.041941,0.001215,0.784800132,-0.005750847,0.000039057,0.000489,7,0.000012150,0.001215045,0.000867889,0.000867889,0.000000000,manual_A_near_upright
pid,BALANCE,29.429,-0.004323,-0.034149,-0.002321,0.784800129,-0.005709030,-0.000075456,0.000486,7,-0.000023215,-0.002321465,-0.001658189,-0.001658189,0.000000000,manual_A_near_upright
pid,BALANCE,29.449,-0.010788,-0.026404,-0.005566,0.784800119,-0.005608026,-0.000188286,0.000482,7,-0.000040427,-0.004042733,-0.002887666,-0.002887666,0.000000000,manual_A_near_upright
pid,BALANCE,29.471,-0.017097,-0.018776,-0.009032,0.784800102,-0.005461345,-0.000298402,0.000479,7,-0.000090319,-0.009031945,-0.006451389,-0.006451389,0.000000000,manual_A_near_upright
pid,BALANCE,29.491,-0.023195,-0.011337,-0.012264,0.784800079,-0.005261646,-0.000404837,0.000475,7,-0.000122638,-0.012263817,-0.008759869,-0.008759869,0.000000000,manual_A_near_upright
pid,BALANCE,29.512,-0.029022,-0.004156,-0.015244,0.784800050,-0.005011724,-0.000506528,0.000472,7,-0.000152436,-0.015243646,-0.010888319,-0.010888319,0.000000000,manual_A_near_upright
pid,BALANCE,29.533,-0.034526,0.002700,-0.018148,0.784800018,-0.004718634,-0.000602593,0.000468,7,-0.000181479,-0.018147914,-0.012962795,-0.012962795,0.000000000,manual_A_near_upright
pid,BALANCE,29.553,-0.039658,0.009171,-0.020815,0.784799983,-0.004382599,-0.000692169,0.000465,7,-0.000208146,-0.020814621,-0.014867587,-0.014867587,0.000000000,manual_A_near_upright
pid,BALANCE,29.575,-0.044597,0.015487,-0.023373,0.784799945,-0.003988393,-0.000778365,0.000461,7,-0.000233729,-0.023372920,-0.016694943,-0.016694943,0.000000000,manual_A_near_upright
pid,BALANCE,29.595,-0.048627,0.020727,-0.025355,0.784799910,-0.003596683,-0.000848706,0.000458,7,-0.000253553,-0.025355322,-0.018110944,-0.018110944,0.000000000,manual_A_near_upright
pid,BALANCE,29.617,-0.052389,0.025711,-0.027408,0.784799876,-0.003159422,-0.000914353,0.000455,7,-0.000274083,-0.027408254,-0.019577324,-0.019577324,0.000000000,manual_A_near_upright
pid,BALANCE,29.637,-0.055624,0.030108,-0.029029,0.784799844,-0.002692838,-0.000970826,0.000451,7,-0.000290285,-0.029028505,-0.020734646,-0.020734646,0.000000000,manual_A_near_upright
pid,BALANCE,29.657,-0.058307,0.033879,-0.030364,0.784799816,-0.002204953,-0.001017641,0.000448,7,-0.000303638,-0.030363792,-0.021688423,-0.021688423,0.000000000,manual_A_near_upright
pid,BALANCE,29.686,-0.060415,0.036996,-0.031482,0.784799793,-0.001701037,-0.001054448,0.000444,7,-0.000314821,-0.031482122,-0.022081382,-0.022081382,0.000000000,manual_A_near_upright
pid,BALANCE,29.710,-0.061876,0.039329,-0.032254,0.784799777,-0.001211542,-0.001079939,0.000440,7,-0.000322544,-0.032254438,-0.023038884,-0.023038884,0.000000000,manual_A_near_upright
pid,BALANCE,29.731,-0.062860,0.041175,-0.032550,0.784799766,-0.000659406,-0.001097108,0.000437,7,-0.000325502,-0.032550186,-0.023250133,-0.023250133,0.000000000,manual_A_near_upright
pid,BALANCE,29.757,-0.063180,0.042242,-0.032715,0.784799761,-0.000109117,-0.001102694,0.000433,7,-0.000327151,-0.032715081,-0.023367915,-0.023367915,0.000000000,manual_A_near_upright
pid,BALANCE,29.778,-0.062901,0.042532,-0.032524,0.784799764,0.000386384,-0.001097824,0.000430,7,-0.000325240,-0.032524000,-0.023231428,-0.023231428,0.000000000,manual_A_near_upright
pid,BALANCE,29.798,-0.062063,0.042162,-0.033883,0.784799773,0.000861742,-0.001083197,0.000427,7,-0.000338828,-0.033882782,-0.024201987,-0.024201987,0.000000000,manual_A_near_upright
pid,BALANCE,29.819,-0.060653,0.041097,-0.032684,0.784799788,0.001373271,-0.001058594,0.000424,7,-0.000326837,-0.032683716,-0.023345511,-0.023345511,0.000000000,manual_A_near_upright
pid,BALANCE,29.840,-0.058667,0.039342,-0.031331,0.784799808,0.001864116,-0.001023938,0.000421,7,-0.000313308,-0.031330777,-0.022379127,-0.022379127,0.000000000,manual_A_near_upright
pid,BALANCE,29.860,-0.056147,0.036927,-0.030166,0.784799833,0.002323542,-0.000979959,0.000417,7,-0.000301664,-0.030166368,-0.021547406,-0.021547406,0.000000000,manual_A_near_upright
pid,BALANCE,29.880,-0.053117,0.033878,-0.028435,0.784799862,0.002763622,-0.000927063,0.000415,7,-0.000284349,-0.028434889,-0.020310635,-0.020310635,0.000000000,manual_A_near_upright
pid,BALANCE,29.910,-0.047685,0.028192,-0.025585,0.784799909,0.003362465,-0.000832258,0.000410,7,-0.000255850,-0.025585034,-0.018275024,-0.018275024,0.000000000,manual_A_near_upright
pid,BALANCE,29.930,-0.043530,0.023718,-0.023257,0.784799942,0.003722042,-0.000759736,0.000407,7,-0.000232566,-0.023256584,-0.016611846,-0.016611846,0.000000000,manual_A_near_upright
pid,BALANCE,29.951,-0.038996,0.018752,-0.020875,0.784799974,0.004040668,-0.000680616,0.000404,7,-0.000208755,-0.020875488,-0.014911063,-0.014911063,0.000000000,manual_A_near_upright
pid,BALANCE,29.972,-0.034128,0.013343,-0.018191,0.784800005,0.004321263,-0.000595653,0.000401,7,-0.000181906,-0.018190580,-0.012993272,-0.012993272,0.000000000,manual_A_near_upright
pid,BALANCE,29.992,-0.028977,0.007547,-0.015547,0.784800033,0.004554827,-0.000505749,0.000399,7,-0.000155474,-0.015547443,-0.011105317,-0.011105317,0.000000000,manual_A_near_upright
pid,BALANCE,30.012,-0.023596,0.001422,-0.012723,0.784800057,0.004744940,-0.000411820,0.000396,7,-0.000127231,-0.012723132,-0.009087951,-0.009087951,0.000000000,manual_A_near_upright
pid,BALANCE,30.033,-0.018033,-0.004972,-0.009771,0.784800076,0.004889498,-0.000314736,0.000393,7,-0.000097713,-0.009771315,-0.006979511,-0.006979511,0.000000000,manual_A_near_upright
pid,BALANCE,30.054,-0.012343,-0.011574,-0.006730,0.784800090,0.004987215,-0.000215429,0.000390,7,-0.000067304,-0.006730373,-0.004807409,-0.004807409,0.000000000,manual_A_near_upright
pid,BALANCE,30.076,-0.006583,-0.018317,-0.003645,0.784800099,0.005037319,-0.000114896,0.000387,7,-0.000036452,-0.003645246,-0.002603747,-0.002603747,0.000000000,manual_A_near_upright
pid,BALANCE,30.097,-0.000801,-0.025141,-0.000453,0.784800102,0.005041332,-0.000013988,0.000384,7,-0.000004530,-0.000452984,-0.000323560,-0.000323560,0.000000000,manual_A_near_upright
pid,BALANCE,30.118,0.004940,-0.031976,0.002532,0.784800098,0.004992409,0.000086216,0.000381,7,0.000025323,0.002532299,0.001808785,0.001808785,0.000000000,manual_A_near_upright
pid,BALANCE,30.139,0.010587,-0.038759,0.005517,0.784800089,0.004897559,0.000184773,0.000379,7,0.000055167,0.005516720,0.003940514,0.003940514,0.000000000,manual_A_near_upright
pid,BALANCE,30.160,0.016087,-0.045425,0.008411,0.784800075,0.004756984,0.000280770,0.000376,7,0.000084106,0.008410566,0.006007547,0.006007547,0.000000000,manual_A_near_upright
pid,BALANCE,30.180,0.021389,-0.051913,0.011182,0.784800056,0.004572326,0.000373310,0.000373,7,0.000111825,0.011182455,0.007987468,0.007987468,0.000000000,manual_A_near_upright
pid,BALANCE,30.201,0.026445,-0.058163,0.013828,0.784800034,0.004346154,0.000461552,0.000370,7,0.000138281,0.013828095,0.009877211,0.009877211,0.000000000,manual_A_near_upright
pid,BALANCE,30.222,0.031207,-0.064117,0.016199,0.784800008,0.004078371,0.000544672,0.000368,7,0.000161985,0.016198513,0.011570367,0.011570367,0.000000000,manual_A_near_upright
pid,BALANCE,30.243,0.035634,-0.069721,0.018512,0.784799981,0.003777008,0.000621936,0.000365,7,0.000185123,0.018512314,0.013223081,0.013223081,0.000000000,manual_A_near_upright
pid,BALANCE,30.264,0.039690,-0.074927,0.020745,0.784799953,0.003444926,0.000692721,0.000362,7,0.000207455,0.020745464,0.014818189,0.014818189,0.000000000,manual_A_near_upright
pid,BALANCE,30.284,0.043336,-0.079688,0.022505,0.784799926,0.003077740,0.000756359,0.000360,7,0.000225046,0.022504589,0.016074706,0.016074706,0.000000000,manual_A_near_upright
pid,BALANCE,30.305,0.046539,-0.083962,0.024105,0.784799899,0.002686327,0.000812267,0.000357,7,0.000241049,0.024104907,0.017217791,0.017217791,0.000000000,manual_A_near_upright
pid,BALANCE,30.326,0.049279,-0.087715,0.025639,0.784799876,0.002276546,0.000860084,0.000355,7,0.000256389,0.025638950,0.018313536,0.018313536,0.000000000,manual_A_near_upright
pid,BALANCE,30.347,0.051532,-0.090915,0.026781,0.784799855,0.001845845,0.000899409,0.000352,7,0.000267815,0.026781452,0.019129609,0.019129609,0.000000000,manual_A_near_upright
pid,BALANCE,30.368,0.053278,-0.093536,0.027600,0.784799838,0.001400239,0.000929883,0.000349,7,0.000276001,0.027600064,0.019714332,0.019714332,0.000000000,manual_A_near_upright
pid,BALANCE,30.388,0.054507,-0.095558,0.028218,0.784799826,0.000946707,0.000951326,0.000347,7,0.000282180,0.028217999,0.020155713,0.020155713,0.000000000,manual_A_near_upright
pid,BALANCE,30.409,0.055210,-0.096967,0.028510,0.784799819,0.000487003,0.000963597,0.000344,7,0.000285104,0.028510442,0.020276222,0.020276222,0.000000000,manual_A_near_upright
pid,BALANCE,30.429,0.055386,-0.097755,0.028566,0.784799817,0.000027386,0.000966672,0.000342,7,0.000285661,0.028566101,0.020404358,0.020404358,0.000000000,manual_A_near_upright
pid,BALANCE,30.450,0.055040,-0.097921,0.028649,0.784799820,-0.000422369,0.000960634,0.000339,7,0.000286493,0.028649295,0.020463782,0.020463782,0.000000000,manual_A_near_upright
pid,BALANCE,30.471,0.054215,-0.097485,0.029786,0.784799827,-0.000837929,0.000946227,0.000337,7,0.000297860,0.029786025,0.021275732,0.021275732,0.000000000,manual_A_near_upright
pid,BALANCE,30.492,0.052799,-0.096367,0.028332,0.784799840,-0.001311952,0.000921521,0.000334,7,0.000292355,0.029235524,0.020882517,0.020882517,0.000000000,manual_A_near_upright
pid,BALANCE,30.513,0.051047,-0.094787,0.027434,0.784799856,-0.001711431,0.000890945,0.000332,7,0.000274343,0.027434339,0.019595956,0.019595956,0.000000000,manual_A_near_upright
pid,BALANCE,30.534,0.048752,-0.092565,0.026285,0.784799876,-0.002112175,0.000850885,0.000330,7,0.000262852,0.026285240,0.018775172,0.018775172,0.000000000,manual_A_near_upright
pid,BALANCE,30.555,0.046012,-0.089791,0.024683,0.784799898,-0.002494256,0.000803052,0.000327,7,0.000246827,0.024682665,0.017630475,0.017630475,0.000000000,manual_A_near_upright
pid,BALANCE,30.575,0.042858,-0.086498,0.023056,0.784799923,-0.002845633,0.000748012,0.000325,7,0.000230557,0.023055708,0.016468363,0.016468363,0.000000000,manual_A_near_upright
pid,BALANCE,30.596,0.039326,-0.082720,0.021134,0.784799948,-0.003169394,0.000686361,0.000323,7,0.000211337,0.021133665,0.015095475,0.015095475,0.000000000,manual_A_near_upright
pid,BALANCE,30.617,0.035447,-0.078497,0.018985,0.784799973,-0.003461554,0.000618668,0.000320,7,0.000189847,0.018984713,0.013560509,0.013560509,0.000000000,manual_A_near_upright
pid,BALANCE,30.638,0.031266,-0.073872,0.016849,0.784799997,-0.003715049,0.000545688,0.000318,7,0.000168490,0.016849028,0.012035020,0.012035020,0.000000000,manual_A_near_upright
pid,BALANCE,30.659,0.026823,-0.068893,0.014434,0.784800019,-0.003934555,0.000468150,0.000316,7,0.000144336,0.014433593,0.010309710,0.010309710,0.000000000,manual_A_near_upright
pid,BALANCE,30.679,0.022159,-0.063608,0.011877,0.784800038,-0.004115616,0.000386752,0.000313,7,0.000118772,0.011877230,0.008483736,0.008483736,0.000000000,manual_A_near_upright
pid,BALANCE,30.701,0.017079,-0.057789,0.009222,0.784800055,-0.004259725,0.000298081,0.000311,7,0.000092216,0.009221563,0.006586831,0.006586831,0.000000000,manual_A_near_upright
pid,BALANCE,30.721,0.012366,-0.052337,0.006822,0.784800067,-0.004349684,0.000215830,0.000309,7,0.000068219,0.006821861,0.004872758,0.004872758,0.000000000,manual_A_near_upright
pid,BALANCE,30.742,0.007328,-0.046459,0.004003,0.784800075,-0.004408841,0.000127899,0.000306,7,0.000040028,0.004002797,0.002859140,0.002859140,0.000000000,manual_A_near_upright
pid,BALANCE,30.763,0.002261,-0.040496,0.001430,0.784800078,-0.004420356,0.000039463,0.000304,7,0.000014298,0.001429812,0.001021294,0.001021294,0.000000000,manual_A_near_upright
pid,BALANCE,30.784,-0.002784,-0.034505,-0.001199,0.784800077,-0.004391112,-0.000048587,0.000302,7,-0.000011988,-0.001198794,-0.000856281,-0.000856281,0.000000000,manual_A_near_upright
pid,BALANCE,30.805,-0.007763,-0.028542,-0.003892,0.784800071,-0.004322285,-0.000135492,0.000300,7,-0.000038923,-0.003892338,-0.002780241,-0.002780241,0.000000000,manual_A_near_upright
pid,BALANCE,30.826,-0.012628,-0.022663,-0.006486,0.784800061,-0.004212363,-0.000220408,0.000298,7,-0.000064861,-0.006486095,-0.004632925,-0.004632925,0.000000000,manual_A_near_upright
pid,BALANCE,30.847,-0.017336,-0.016924,-0.008996,0.784800048,-0.004063488,-0.000302573,0.000295,7,-0.000089955,-0.008995534,-0.006425382,-0.006425382,0.000000000,manual_A_near_upright
pid,BALANCE,30.868,-0.022059,-0.011106,-0.011368,0.784800031,-0.003864243,-0.000385000,0.000293,7,-0.000113680,-0.011367989,-0.008119992,-0.008119992,0.000000000,manual_A_near_upright
pid,BALANCE,30.888,-0.026097,-0.006076,-0.013436,0.784800013,-0.003651778,-0.000455481,0.000291,7,-0.000134362,-0.013436151,-0.009597251,-0.009597251,0.000000000,manual_A_near_upright
pid,BALANCE,30.909,-0.030268,-0.000821,-0.015797,0.784799991,-0.003387574,-0.000528281,0.000289,7,-0.000157970,-0.015796997,-0.011283569,-0.011283569,0.000000000,manual_A_near_upright
pid,BALANCE,30.930,-0.033912,0.003835,-0.017520,0.784799970,-0.003097895,-0.000591878,0.000287,7,-0.000175197,-0.017519655,-0.012514039,-0.012514039,0.000000000,manual_A_near_upright
pid,BALANCE,30.950,-0.037049,0.007907,-0.019171,0.784799949,-0.002801724,-0.000646624,0.000285,7,-0.000191705,-0.019170518,-0.013068265,-0.013068265,0.000000000,manual_A_near_upright
pid,BALANCE,30.972,-0.039985,0.011789,-0.020780,0.784799929,-0.002468075,-0.000697869,0.000283,7,-0.000207796,-0.020779593,-0.014842566,-0.014842566,0.000000000,manual_A_near_upright
pid,BALANCE,30.992,-0.042518,0.015222,-0.021985,0.784799910,-0.002109987,-0.000742079,0.000281,7,-0.000219846,-0.021984615,-0.015703297,-0.015703297,0.000000000,manual_A_near_upright
pid,BALANCE,31.013,-0.044627,0.018177,-0.023076,0.784799893,-0.001737290,-0.000778893,0.000279,7,-0.000230756,-0.023075626,-0.016482590,-0.016482590,0.000000000,manual_A_near_upright
pid,BALANCE,31.034,-0.046299,0.020632,-0.023953,0.784799879,-0.001351668,-0.000808075,0.000277,7,-0.000239532,-0.023953199,-0.017109428,-0.017109428,0.000000000,manual_A_near_upright
pid,BALANCE,31.055,-0.047519,0.022566,-0.024514,0.784799869,-0.000954797,-0.000829367,0.000275,7,-0.000245137,-0.024513724,-0.017509803,-0.017509803,0.000000000,manual_A_near_upright
pid,BALANCE,31.076,-0.048306,0.024022,-0.024882,0.784799862,-0.000533021,-0.000843098,0.000273,7,-0.000248824,-0.024882405,-0.017773146,-0.017773146,0.000000000,manual_A_near_upright
pid,BALANCE,31.096,-0.048579,0.024823,-0.024978,0.784799859,-0.000149342,-0.000847855,0.000271,7,-0.000249783,-0.024978317,-0.017841655,-0.017841655,0.000000000,manual_A_near_upright
pid,BALANCE,31.117,-0.048395,0.025135,-0.024833,0.784799860,0.000272307,-0.000844658,0.000269,7,-0.000248326,-0.024832611,-0.017737579,-0.017737579,0.000000000,manual_A_near_upright
pid,BALANCE,31.138,-0.047825,0.024912,-0.026243,0.784799865,0.000612205,-0.000834711,0.000267,7,-0.000262435,-0.026243469,-0.018745335,-0.018745335,0.000000000,manual_A_near_upright
pid,BALANCE,31.159,-0.046738,0.024107,-0.025392,0.784799874,0.001024939,-0.000815729,0.000265,7,-0.000253918,-0.025391793,-0.018136995,-0.018136995,0.000000000,manual_A_near_upright
pid,BALANCE,31.181,-0.045329,0.022871,-0.024377,0.784799885,0.001386634,-0.000791134,0.000263,7,-0.000248077,-0.024807678,-0.017719770,-0.017719770,0.000000000,manual_A_near_upright
pid,BALANCE,31.210,-0.043546,0.021174,-0.023586,0.784799899,0.001725508,-0.000760016,0.000260,7,-0.000235864,-0.023586376,-0.016847411,-0.016847411,0.000000000,manual_A_near_upright
pid,BALANCE,31.240,-0.039873,0.017462,-0.021471,0.784799925,0.002247073,-0.000695923,0.000257,7,-0.000214712,-0.021471197,-0.015336569,-0.015336569,0.000000000,manual_A_near_upright
pid,BALANCE,31.261,-0.037044,0.014487,-0.020013,0.784799944,0.002550861,-0.000646538,0.000255,7,-0.000200129,-0.020012903,-0.014294931,-0.014294931,0.000000000,manual_A_near_upright
pid,BALANCE,31.282,-0.033885,0.011092,-0.018261,0.784799963,0.002830652,-0.000591413,0.000254,7,-0.000182614,-0.018261382,-0.013043844,-0.013043844,0.000000000,manual_A_near_upright
pid,BALANCE,31.302,-0.030431,0.007314,-0.016416,0.784799983,0.003080169,-0.000531125,0.000252,7,-0.000164158,-0.016415838,-0.011725599,-0.011725599,0.000000000,manual_A_near_upright
pid,BALANCE,31.323,-0.026717,0.003191,-0.014489,0.784800001,0.003297493,-0.000466306,0.000250,7,-0.000144887,-0.014488665,-0.010349046,-0.010349046,0.000000000,manual_A_near_upright
pid,BALANCE,31.343,-0.022781,-0.001235,-0.012349,0.784800018,0.003483985,-0.000397603,0.000248,7,-0.000123487,-0.012348743,-0.008820530,-0.008820530,0.000000000,manual_A_near_upright
pid,BALANCE,31.364,-0.018658,-0.005922,-0.010097,0.784800032,0.003636325,-0.000325642,0.000246,7,-0.000100974,-0.010097416,-0.007212440,-0.007212440,0.000000000,manual_A_near_upright
pid,BALANCE,31.385,-0.014392,-0.010821,-0.007876,0.784800044,0.003750931,-0.000251189,0.000245,7,-0.000078758,-0.007875777,-0.005625555,-0.005625555,0.000000000,manual_A_near_upright
pid,BALANCE,31.405,-0.009805,-0.016140,-0.005519,0.784800053,0.003831509,-0.000171130,0.000243,7,-0.000067191,-0.006719121,-0.004799372,-0.004799372,0.000000000,manual_A_near_upright
pid,BALANCE,31.426,-0.005377,-0.021323,-0.003139,0.784800058,0.003872840,-0.000093848,0.000241,7,-0.000031391,-0.003139123,-0.002242230,-0.002242230,0.000000000,manual_A_near_upright
pid,BALANCE,31.446,-0.000932,-0.026570,-0.000766,0.784800060,0.003876895,-0.000016268,0.000239,7,-0.000007662,-0.000766224,-0.000547303,-0.000547303,0.000000000,manual_A_near_upright
pid,BALANCE,31.477,0.005453,-0.034187,0.002568,0.784800056,0.003815048,0.000095168,0.000237,7,0.000025675,0.002567532,0.001833951,0.001833951,0.000000000,manual_A_near_upright
pid,BALANCE,31.497,0.009759,-0.039379,0.004919,0.784800050,0.003730574,0.000170326,0.000235,7,0.000049192,0.004919212,0.003513723,0.003513723,0.000000000,manual_A_near_upright
pid,BALANCE,31.518,0.013936,-0.044462,0.007079,0.784800040,0.003609016,0.000243224,0.000233,7,0.000070787,0.007078688,0.005056206,0.005056206,0.000000000,manual_A_near_upright
pid,BALANCE,31.539,0.017947,-0.049390,0.009150,0.784800028,0.003454347,0.000313235,0.000232,7,0.000091499,0.009149889,0.006535635,0.006535635,0.000000000,manual_A_near_upright
pid,BALANCE,31.560,0.021756,-0.054119,0.011211,0.784800014,0.003270443,0.000379705,0.000230,7,0.000112108,0.011210775,0.008007696,0.008007696,0.000000000,manual_A_near_upright
pid,BALANCE,31.581,0.025500,-0.058822,0.013181,0.784799998,0.003044556,0.000445061,0.000228,7,0.000131814,0.013181445,0.009415318,0.009415318,0.000000000,manual_A_near_upright
pid,BALANCE,31.602,0.028787,-0.063009,0.014743,0.784799982,0.002798296,0.000502424,0.000227,7,0.000147430,0.014742980,0.010530700,0.010530700,0.000000000,manual_A_near_upright
pid,BALANCE,31.623,0.031632,-0.066687,0.016240,0.784799966,0.002545138,0.000552079,0.000225,7,0.000162402,0.016240225,0.011600161,0.011600161,0.000000000,manual_A_near_upright
pid,BALANCE,31.643,0.034313,-0.070215,0.017745,0.784799950,0.002259473,0.000598878,0.000223,7,0.000177453,0.017745287,0.012675205,0.012675205,0.000000000,manual_A_near_upright
pid,BALANCE,31.664,0.036649,-0.073358,0.018914,0.784799935,0.001951608,0.000639641,0.000222,7,0.000189142,0.018914177,0.013510127,0.013510127,0.000000000,manual_A_near_upright
pid,BALANCE,31.685,0.038706,-0.076214,0.019911,0.784799921,0.001611013,0.000675546,0.000220,7,0.000199106,0.019910552,0.014221823,0.014221823,0.000000000,manual_A_near_upright
pid,BALANCE,31.705,0.040204,-0.078385,0.020648,0.784799910,0.001291335,0.000701694,0.000219,7,0.000206478,0.020647818,0.014748441,0.014748441,0.000000000,manual_A_near_upright
pid,BALANCE,31.726,0.041399,-0.080231,0.021305,0.784799901,0.000947560,0.000722550,0.000217,7,0.000213050,0.021305013,0.015217867,0.015217867,0.000000000,manual_A_near_upright
pid,BALANCE,31.747,0.042223,-0.081668,0.021679,0.784799895,0.000578271,0.000736922,0.000215,7,0.000216791,0.021679105,0.015485075,0.015485075,0.000000000,manual_A_near_upright
pid,BALANCE,31.767,0.042582,-0.082517,0.021809,0.784799892,0.000241413,0.000743193,0.000214,7,0.000218085,0.021808526,0.015577519,0.015577519,0.000000000,manual_A_near_upright
pid,BALANCE,31.788,0.042565,-0.082944,0.021780,0.784799892,-0.000111501,0.000742901,0.000212,7,0.000217805,0.021780482,0.015557487,0.015557487,0.000000000,manual_A_near_upright
pid,BALANCE,31.809,0.042159,-0.082897,0.022662,0.784799895,-0.000437158,0.000735820,0.000211,7,0.000226615,0.022661517,0.016186798,0.016186798,0.000000000,manual_A_near_upright
pid,BALANCE,31.830,0.041393,-0.082392,0.023010,0.784799900,-0.000764498,0.000722443,0.000209,7,0.000230099,0.023009937,0.016435669,0.016435669,0.000000000,manual_A_near_upright
pid,BALANCE,31.850,0.040223,-0.081412,0.021580,0.784799908,-0.001114581,0.000702029,0.000208,7,0.000215803,0.021580324,0.015414517,0.015414517,0.000000000,manual_A_near_upright
pid,BALANCE,31.871,0.038682,-0.079979,0.020994,0.784799919,-0.001429179,0.000675129,0.000206,7,0.000209945,0.020994498,0.014996070,0.014996070,0.000000000,manual_A_near_upright
pid,BALANCE,31.892,0.036792,-0.078110,0.020010,0.784799931,-0.001732442,0.000642138,0.000205,7,0.000200103,0.020010287,0.014293062,0.014293062,0.000000000,manual_A_near_upright
pid,BALANCE,31.913,0.034565,-0.075825,0.018684,0.784799945,-0.002020270,0.000603271,0.000203,7,0.000186838,0.018683768,0.013345548,0.013345548,0.000000000,manual_A_near_upright
pid,BALANCE,31.934,0.032029,-0.073149,0.017369,0.784799960,-0.002282949,0.000559014,0.000202,7,0.000173691,0.017369080,0.012406486,0.012406486,0.000000000,manual_A_near_upright
pid,BALANCE,31.954,0.029211,-0.070110,0.015846,0.784799974,-0.002523254,0.000509829,0.000200,7,0.000158459,0.015845928,0.011318520,0.011318520,0.000000000,manual_A_near_upright
pid,BALANCE,31.975,0.026138,-0.066741,0.014181,0.784799989,-0.002737934,0.000456200,0.000199,7,0.000141814,0.014181428,0.010129591,0.010129591,0.000000000,manual_A_near_upright
pid,BALANCE,31.995,0.022843,-0.063076,0.012427,0.784800003,-0.002924447,0.000398686,0.000197,7,0.000124271,0.012427112,0.008876508,0.008876508,0.000000000,manual_A_near_upright
pid,BALANCE,32.016,0.019358,-0.059151,0.010564,0.784800016,-0.003082064,0.000337857,0.000196,7,0.000105637,0.010563739,0.007545528,0.007545528,0.000000000,manual_A_near_upright
pid,BALANCE,32.037,0.015718,-0.055006,0.008676,0.784800026,-0.003208147,0.000274323,0.000195,7,0.000086757,0.008675708,0.006196934,0.006196934,0.000000000,manual_A_near_upright
pid,BALANCE,32.057,0.011959,-0.050682,0.006705,0.784800035,-0.003303386,0.000208726,0.000193,7,0.000067053,0.006705319,0.004789513,0.004789513,0.000000000,manual_A_near_upright
pid,BALANCE,32.077,0.008116,-0.046220,0.004581,0.784800041,-0.003368962,0.000141654,0.000192,7,0.000045812,0.004581180,0.003272271,0.003272271,0.000000000,manual_A_near_upright
pid,BALANCE,32.098,0.004032,-0.041436,0.002493,0.784800045,-0.003399425,0.000070368,0.000190,7,0.000024932,0.002493219,0.001780870,0.001780870,0.000000000,manual_A_near_upright
pid,BALANCE,32.119,0.000136,-0.036830,0.000431,0.784800046,-0.003396909,0.000002374,0.000189,7,0.000004307,0.000430695,0.000307639,0.000307639,0.000000000,manual_A_near_upright
pid,BALANCE,32.139,-0.003539,-0.032449,-0.001552,0.784800045,-0.003365111,-0.000061774,0.000188,7,-0.000015521,-0.001552074,-0.001108624,-0.001108624,0.000000000,manual_A_near_upright
pid,BALANCE,32.160,-0.007346,-0.027874,-0.003612,0.784800040,-0.003300967,-0.000128207,0.000186,7,-0.000036120,-0.003612043,-0.002580031,-0.002580031,0.000000000,manual_A_near_upright
pid,BALANCE,32.181,-0.011051,-0.023381,-0.005532,0.784800034,-0.003204343,-0.000192881,0.000185,7,-0.000055325,-0.005532494,-0.003951782,-0.003951782,0.000000000,manual_A_near_upright
pid,BALANCE,32.202,-0.014620,-0.019010,-0.007347,0.784800025,-0.003077613,-0.000255167,0.000184,7,-0.000073468,-0.007346778,-0.005247699,-0.005247699,0.000000000,manual_A_near_upright
pid,BALANCE,32.223,-0.018024,-0.014801,-0.009228,0.784800015,-0.002926053,-0.000314578,0.000182,7,-0.000092281,-0.009228136,-0.006591526,-0.006591526,0.000000000,manual_A_near_upright
pid,BALANCE,32.243,-0.021229,-0.010793,-0.010850,0.784800003,-0.002744877,-0.000370521,0.000181,7,-0.000108497,-0.010849708,-0.007749791,-0.007749791,0.000000000,manual_A_near_upright
pid,BALANCE,32.265,-0.024206,-0.007024,-0.012352,0.784799991,-0.002539373,-0.000422467,0.000180,7,-0.000123521,-0.012352102,-0.008822930,-0.008822930,0.000000000,manual_A_near_upright
pid,BALANCE,32.285,-0.026929,-0.003525,-0.013742,0.784799978,-0.002312066,-0.000469996,0.000178,7,-0.000137416,-0.013741586,-0.009815419,-0.009815419,0.000000000,manual_A_near_upright
pid,BALANCE,32.306,-0.029376,-0.000327,-0.015044,0.784799965,-0.002066028,-0.000512711,0.000177,7,-0.000150444,-0.015044359,-0.010745971,-0.010745971,0.000000000,manual_A_near_upright
pid,BALANCE,32.328,-0.031525,0.002541,-0.016154,0.784799954,-0.001801805,-0.000550221,0.000176,7,-0.000161542,-0.016154152,-0.011538680,-0.011538680,0.000000000,manual_A_near_upright
pid,BALANCE,32.348,-0.033359,0.005055,-0.017063,0.784799943,-0.001522057,-0.000582226,0.000174,7,-0.000170628,-0.017062814,-0.012187725,-0.012187725,0.000000000,manual_A_near_upright
pid,BALANCE,32.369,-0.034862,0.007194,-0.017827,0.784799933,-0.001230911,-0.000608462,0.000173,7,-0.000178266,-0.017826632,-0.012733309,-0.012733309,0.000000000,manual_A_near_upright
pid,BALANCE,32.390,-0.036024,0.008943,-0.018420,0.784799926,-0.000930764,-0.000628742,0.000172,7,-0.000184204,-0.018420443,-0.013157459,-0.013157459,0.000000000,manual_A_near_upright
pid,BALANCE,32.410,-0.036837,0.010286,-0.018836,0.784799920,-0.000624417,-0.000642922,0.000171,7,-0.000188361,-0.018836108,-0.013454363,-0.013454363,0.000000000,manual_A_near_upright
pid,BALANCE,32.431,-0.037295,0.011216,-0.019037,0.784799917,-0.000314118,-0.000650919,0.000169,7,-0.000190375,-0.019037454,-0.013598181,-0.013598181,0.000000000,manual_A_near_upright
pid,BALANCE,32.451,-0.037396,0.011726,-0.019047,0.784799916,-0.000003320,-0.000652691,0.000168,7,-0.000190576,-0.019057567,-0.013612548,-0.013612548,0.000000000,manual_A_near_upright
pid,BALANCE,32.472,-0.037148,0.011817,-0.019331,0.784799918,0.000295302,-0.000648352,0.000167,7,-0.000193305,-0.019330507,-0.013807505,-0.013807505,0.000000000,manual_A_near_upright
pid,BALANCE,32.493,-0.036588,0.011507,-0.020574,0.784799921,0.000566173,-0.000638589,0.000166,7,-0.000205744,-0.020574391,-0.014695994,-0.014695994,0.000000000,manual_A_near_upright
pid,BALANCE,32.514,-0.035681,0.010782,-0.019353,0.784799927,0.000877742,-0.000622755,0.000165,7,-0.000193529,-0.019352909,-0.013823506,-0.013823506,0.000000000,manual_A_near_upright
pid,BALANCE,32.534,-0.034436,0.009651,-0.018715,0.784799935,0.001162052,-0.000601026,0.000163,7,-0.000187149,-0.018714893,-0.013367781,-0.013367781,0.000000000,manual_A_near_upright
pid,BALANCE,32.555,-0.032880,0.008134,-0.017989,0.784799944,0.001431611,-0.000573866,0.000162,7,-0.000179890,-0.017988960,-0.012849257,-0.012849257,0.000000000,manual_A_near_upright
pid,BALANCE,32.575,-0.031024,0.006245,-0.016945,0.784799954,0.001688833,-0.000541474,0.000161,7,-0.000169451,-0.016945096,-0.012103640,-0.012103640,0.000000000,manual_A_near_upright
pid,BALANCE,32.597,-0.028889,0.004006,-0.015806,0.784799965,0.001926950,-0.000504212,0.000160,7,-0.000158064,-0.015806399,-0.011290285,-0.011290285,0.000000000,manual_A_near_upright
pid,BALANCE,32.617,-0.026498,0.001439,-0.014523,0.784799976,0.002145137,-0.000462474,0.000159,7,-0.000145231,-0.014523128,-0.010373663,-0.010373663,0.000000000,manual_A_near_upright
pid,BALANCE,32.638,-0.023874,-0.001428,-0.013054,0.784799988,0.002342632,-0.000416674,0.000158,7,-0.000130541,-0.013054105,-0.009324361,-0.009324361,0.000000000,manual_A_near_upright
pid,BALANCE,32.660,-0.021044,-0.004566,-0.011550,0.784799999,0.002514875,-0.000367285,0.000156,7,-0.000115503,-0.011550322,-0.008250230,-0.008250230,0.000000000,manual_A_near_upright
pid,BALANCE,32.681,-0.018036,-0.007943,-0.009903,0.784800009,0.002662959,-0.000314790,0.000155,7,-0.000099026,-0.009902555,-0.007073253,-0.007073253,0.000000000,manual_A_near_upright
pid,BALANCE,32.701,-0.014882,-0.011525,-0.008286,0.784800018,0.002782427,-0.000259743,0.000154,7,-0.000082855,-0.008285538,-0.005918241,-0.005918241,0.000000000,manual_A_near_upright
pid,BALANCE,32.721,-0.011614,-0.015277,-0.006570,0.784800025,0.002875552,-0.000202699,0.000153,7,-0.000065702,-0.006570181,-0.004692986,-0.004692986,0.000000000,manual_A_near_upright
pid,BALANCE,32.742,-0.008261,-0.019161,-0.004761,0.784800031,0.002941790,-0.000144173,0.000152,7,-0.000047611,-0.004761071,-0.003400765,-0.003400765,0.000000000,manual_A_near_upright
pid,BALANCE,32.763,-0.004855,-0.023141,-0.002921,0.784800034,0.002979780,-0.000084740,0.000151,7,-0.000029211,-0.002921144,-0.002086531,-0.002086531,0.000000000,manual_A_near_upright
pid,BALANCE,32.783,-0.001430,-0.027179,-0.001084,0.784800036,0.002988998,-0.000024954,0.000150,7,-0.000010838,-0.001083828,-0.000774163,-0.000774163,0.000000000,manual_A_near_upright
pid,BALANCE,32.804,0.001981,-0.031234,0.000707,0.784800035,0.002968726,0.000034583,0.000149,7,0.000007067,0.000706709,0.000504792,0.000504792,0.000000000,manual_A_near_upright
pid,BALANCE,32.835,0.007002,-0.037268,0.003361,0.784800030,0.002886272,0.000122201,0.000147,7,0.000033612,0.003361191,0.002400850,0.002400850,0.000000000,manual_A_near_upright
pid,BALANCE,32.855,0.010238,-0.041202,0.005056,0.784800025,0.002797339,0.000178685,0.000146,7,0.000050558,0.005055752,0.003611251,0.003611251,0.000000000,manual_A_near_upright
pid,BALANCE,32.876,0.013351,-0.045022,0.006690,0.784800018,0.002682819,0.000233018,0.000145,7,0.000066899,0.006689853,0.004778467,0.004778467,0.000000000,manual_A_near_upright
pid,BALANCE,32.897,0.016312,-0.048694,0.008237,0.784800010,0.002543785,0.000284702,0.000144,7,0.000082371,0.008237097,0.005883641,0.005883641,0.000000000,manual_A_near_upright
pid,BALANCE,32.918,0.019229,-0.052353,0.009762,0.784800000,0.002373301,0.000335609,0.000143,7,0.000097621,0.009762082,0.006972916,0.006972916,0.000000000,manual_A_near_upright
pid,BALANCE,32.939,0.021673,-0.055460,0.010938,0.784799991,0.002196873,0.000378264,0.000142,7,0.000109379,0.010937937,0.007812812,0.007812812,0.000000000,manual_A_near_upright
pid,BALANCE,32.960,0.024025,-0.058493,0.012248,0.784799981,0.001996473,0.000419323,0.000141,7,0.000122484,0.012248391,0.008748851,0.008748851,0.000000000,manual_A_near_upright
pid,BALANCE,32.981,0.026133,-0.061258,0.013351,0.784799972,0.001777222,0.000456110,0.000140,7,0.000133515,0.013351476,0.009536768,0.009536768,0.000000000,manual_A_near_upright
pid,BALANCE,33.001,0.027975,-0.063729,0.014233,0.784799963,0.001541360,0.000488261,0.000139,7,0.000142328,0.014232825,0.010166304,0.010166304,0.000000000,manual_A_near_upright
pid,BALANCE,33.022,0.029608,-0.065985,0.015076,0.784799954,0.001281896,0.000516758,0.000138,7,0.000150764,0.015076373,0.010768838,0.010768838,0.000000000,manual_A_near_upright
pid,BALANCE,33.042,0.030864,-0.067793,0.015696,0.784799947,0.001023863,0.000538670,0.000137,7,0.000156958,0.015695753,0.011211252,0.011211252,0.000000000,manual_A_near_upright
pid,BALANCE,33.063,0.031817,-0.069255,0.016176,0.784799942,0.000758749,0.000555314,0.000136,7,0.000161758,0.016175791,0.011554137,0.011554137,0.000000000,manual_A_near_upright
pid,BALANCE,33.083,0.032438,-0.070313,0.016485,0.784799938,0.000502235,0.000566145,0.000135,7,0.000164847,0.016484747,0.011774819,0.011774819,0.000000000,manual_A_near_upright
pid,BALANCE,33.103,0.032787,-0.071070,0.016653,0.784799936,0.000229940,0.000572244,0.000134,7,0.000165893,0.016589337,0.011849526,0.011849526,0.000000000,manual_A_near_upright
pid,BALANCE,33.124,0.032824,-0.071459,0.016637,0.784799936,-0.000042697,0.000572888,0.000133,7,0.000166632,0.016663190,0.011902278,0.011902278,0.000000000,manual_A_near_upright
pid,BALANCE,33.146,0.032538,-0.071474,0.017360,0.784799937,-0.000306906,0.000567897,0.000132,7,0.000173602,0.017360221,0.012400158,0.012400158,0.000000000,manual_A_near_upright
pid,BALANCE,33.166,0.032023,-0.071156,0.018080,0.784799940,-0.000538397,0.000558911,0.000131,7,0.000180800,0.018080029,0.012914307,0.012914307,0.000000000,manual_A_near_upright
pid,BALANCE,33.187,0.031178,-0.070463,0.016927,0.784799945,-0.000811830,0.000544162,0.000130,7,0.000169269,0.016926854,0.012090610,0.012090610,0.000000000,manual_A_near_upright
pid,BALANCE,33.208,0.029977,-0.069355,0.016413,0.784799951,-0.001069671,0.000523191,0.000129,7,0.000164131,0.016413110,0.011723650,0.011723650,0.000000000,manual_A_near_upright
pid,BALANCE,33.229,0.028633,-0.068033,0.015787,0.784799958,-0.001292406,0.000499748,0.000128,7,0.000157866,0.015786621,0.011276158,0.011276158,0.000000000,manual_A_near_upright
pid,BALANCE,33.249,0.026963,-0.066325,0.014726,0.784799966,-0.001518501,0.000470588,0.000127,7,0.000147259,0.014725894,0.010518496,0.010518496,0.000000000,manual_A_near_upright
pid,BALANCE,33.270,0.025050,-0.064312,0.013745,0.784799974,-0.001724003,0.000437204,0.000126,7,0.000137450,0.013744986,0.009817847,0.009817847,0.000000000,manual_A_near_upright
pid,BALANCE,33.290,0.022916,-0.062016,0.012632,0.784799983,-0.001911905,0.000399964,0.000125,7,0.000126318,0.012631782,0.009022701,0.009022701,0.000000000,manual_A_near_upright
pid,BALANCE,33.311,0.020582,-0.059460,0.011341,0.784799992,-0.002081794,0.000359232,0.000124,7,0.000113406,0.011340586,0.008100419,0.008100419,0.000000000,manual_A_near_upright
pid,BALANCE,33.332,0.017942,-0.056526,0.009959,0.784800001,-0.002235871,0.000313149,0.000124,7,0.000099594,0.009959408,0.007608453,0.007608453,0.000000000,manual_A_near_upright
pid,BALANCE,33.352,0.015411,-0.053677,0.008626,0.784800008,-0.002354432,0.000268979,0.000123,7,0.000093643,0.009364251,0.006688751,0.006688751,0.000000000,manual_A_near_upright
pid,BALANCE,33.374,0.012624,-0.050507,0.007046,0.784800015,-0.002458790,0.000220330,0.000122,7,0.000070464,0.007046427,0.005033162,0.005033162,0.000000000,manual_A_near_upright
pid,BALANCE,33.394,0.009739,-0.047193,0.005552,0.784800020,-0.002536208,0.000169985,0.000121,7,0.000062983,0.006298289,0.004498778,0.004498778,0.000000000,manual_A_near_upright
pid,BALANCE,33.415,0.006786,-0.043767,0.003986,0.784800024,-0.002589814,0.000118440,0.000120,7,0.000039858,0.003985755,0.002846968,0.002846968,0.000000000,manual_A_near_upright
pid,BALANCE,33.436,0.003792,-0.040264,0.002429,0.784800027,-0.002617873,0.000066184,0.000119,7,0.000024288,0.002428764,0.001734832,0.001734832,0.000000000,manual_A_near_upright
pid,BALANCE,33.456,0.000787,-0.036715,0.000826,0.784800027,-0.002621873,0.000013733,0.000118,7,0.000008259,0.000825917,0.000589941,0.000589941,0.000000000,manual_A_near_upright
pid,BALANCE,33.477,-0.002204,-0.033156,-0.000808,0.784800027,-0.002601652,-0.000038462,0.000117,7,-0.000008082,-0.000808220,-0.000577300,-0.000577300,0.000000000,manual_A_near_upright
pid,BALANCE,33.497,-0.005149,-0.029619,-0.002324,0.784800025,-0.002554956,-0.000089863,0.000117,7,-0.000023235,-0.002323534,-0.001659667,-0.001659667,0.000000000,manual_A_near_upright
pid,BALANCE,33.518,-0.008020,-0.026139,-0.003773,0.784800021,-0.002483958,-0.000139980,0.000116,7,-0.000037732,-0.003773163,-0.002695117,-0.002695117,0.000000000,manual_A_near_upright
pid,BALANCE,33.539,-0.010791,-0.022749,-0.005203,0.784800016,-0.002390830,-0.000188341,0.000115,7,-0.000052027,-0.005202728,-0.003716235,-0.003716235,0.000000000,manual_A_near_upright
pid,BALANCE,33.560,-0.013441,-0.019477,-0.006728,0.784800010,-0.002279188,-0.000234583,0.000114,7,-0.000067281,-0.006728074,-0.004805767,-0.004805767,0.000000000,manual_A_near_upright
pid,BALANCE,33.581,-0.015941,-0.016355,-0.007985,0.784800003,-0.002142893,-0.000278231,0.000113,7,-0.000079847,-0.007984680,-0.005703343,-0.005703343,0.000000000,manual_A_near_upright
pid,BALANCE,33.602,-0.018382,-0.013269,-0.009250,0.784799995,-0.001980269,-0.000320825,0.000112,7,-0.000092503,-0.009250264,-0.006607331,-0.006607331,0.000000000,manual_A_near_upright
pid,BALANCE,33.623,-0.020407,-0.010672,-0.010267,0.784799988,-0.001815813,-0.000356172,0.000112,7,-0.000102672,-0.010267202,-0.007333716,-0.007333716,0.000000000,manual_A_near_upright
pid,BALANCE,33.643,-0.022335,-0.008161,-0.011315,0.784799981,-0.001629235,-0.000389811,0.000111,7,-0.000113148,-0.011314779,-0.008081985,-0.008081985,0.000000000,manual_A_near_upright
pid,BALANCE,33.664,-0.024034,-0.005900,-0.012146,0.784799974,-0.001426782,-0.000419478,0.000110,7,-0.000121464,-0.012146373,-0.008675981,-0.008675981,0.000000000,manual_A_near_upright
pid,BALANCE,33.685,-0.025493,-0.003910,-0.012873,0.784799967,-0.001213035,-0.000444932,0.000109,7,-0.000128727,-0.012872683,-0.009194774,-0.009194774,0.000000000,manual_A_near_upright
pid,BALANCE,33.707,-0.026752,-0.002128,-0.013528,0.784799961,-0.000978999,-0.000466911,0.000108,7,-0.000135282,-0.013528217,-0.009663012,-0.009663012,0.000000000,manual_A_near_upright
pid,BALANCE,33.727,-0.027643,-0.000800,-0.013992,0.784799957,-0.000760111,-0.000482459,0.000108,7,-0.000139920,-0.013992037,-0.009994312,-0.009994312,0.000000000,manual_A_near_upright
pid,BALANCE,33.748,-0.028318,0.000294,-0.014314,0.784799953,-0.000524027,-0.000494248,0.000107,7,-0.000143139,-0.014313883,-0.010224202,-0.010224202,0.000000000,manual_A_near_upright
pid,BALANCE,33.769,-0.028721,0.001070,-0.014503,0.784799951,-0.000285208,-0.000501269,0.000106,7,-0.000145031,-0.014503053,-0.010359323,-0.010359323,0.000000000,manual_A_near_upright
pid,BALANCE,33.790,-0.028848,0.001537,-0.014543,0.784799950,-0.000033663,-0.000503485,0.000105,7,-0.000145425,-0.014542500,-0.010387500,-0.010387500,0.000000000,manual_A_near_upright
pid,BALANCE,33.810,-0.028703,0.001651,-0.014525,0.784799951,0.000190761,-0.000500964,0.000104,7,-0.000145252,-0.014525223,-0.010375159,-0.010375159,0.000000000,manual_A_near_upright
pid,BALANCE,33.831,-0.028323,0.001473,-0.016107,0.784799953,0.000387949,-0.000494324,0.000104,7,-0.000161067,-0.016106673,-0.011504767,-0.011504767,0.000000000,manual_A_near_upright
pid,BALANCE,33.852,-0.027681,0.000977,-0.015300,0.784799956,0.000627775,-0.000483123,0.000103,7,-0.000153005,-0.015300460,-0.010928900,-0.010928900,0.000000000,manual_A_near_upright
pid,BALANCE,33.872,-0.026772,0.000164,-0.014685,0.784799960,0.000852280,-0.000467261,0.000102,7,-0.000146853,-0.014685276,-0.010489483,-0.010489483,0.000000000,manual_A_near_upright
pid,BALANCE,33.893,-0.025621,-0.000948,-0.014219,0.784799965,0.001061240,-0.000447179,0.000101,7,-0.000142192,-0.014219166,-0.010156547,-0.010156547,0.000000000,manual_A_near_upright
pid,BALANCE,33.914,-0.024235,-0.002352,-0.013343,0.784799971,0.001264480,-0.000422985,0.000101,7,-0.000133427,-0.013342709,-0.009530506,-0.009530506,0.000000000,manual_A_near_upright
pid,BALANCE,33.935,-0.022629,-0.004029,-0.012488,0.784799978,0.001451131,-0.000394957,0.000100,7,-0.000124879,-0.012487921,-0.008919944,-0.008919944,0.000000000,manual_A_near_upright
pid,BALANCE,33.956,-0.020823,-0.005963,-0.011535,0.784799985,0.001622427,-0.000363425,0.000099,7,-0.000115351,-0.011535124,-0.008239374,-0.008239374,0.000000000,manual_A_near_upright
pid,BALANCE,33.976,-0.018833,-0.008132,-0.010443,0.784799991,0.001777889,-0.000328690,0.000099,7,-0.000104431,-0.010443124,-0.007459374,-0.007459374,0.000000000,manual_A_near_upright
pid,BALANCE,33.997,-0.016680,-0.010515,-0.009295,0.784799998,0.001914669,-0.000291114,0.000098,7,-0.000092955,-0.009295454,-0.006639610,-0.006639610,0.000000000,manual_A_near_upright
pid,BALANCE,34.018,-0.014386,-0.013088,-0.008069,0.784800004,0.002032338,-0.000251079,0.000097,7,-0.000080694,-0.008069393,-0.005763852,-0.005763852,0.000000000,manual_A_near_upright
pid,BALANCE,34.039,-0.011974,-0.015824,-0.006780,0.784800010,0.002129899,-0.000208980,0.000096,7,-0.000067797,-0.006779733,-0.004842666,-0.004842666,0.000000000,manual_A_near_upright
pid,BALANCE,34.060,-0.009467,-0.018697,-0.005447,0.784800014,0.002206419,-0.000165233,0.000096,7,-0.000054466,-0.005446592,-0.003890423,-0.003890423,0.000000000,manual_A_near_upright
pid,BALANCE,34.081,-0.006761,-0.021829,-0.004001,0.784800018,0.002263786,-0.000117994,0.000095,7,-0.000040005,-0.004000520,-0.002857514,-0.002857514,0.000000000,manual_A_near_upright
pid,BALANCE,34.102,-0.004139,-0.024892,-0.002705,0.784800020,0.002293901,-0.000072243,0.000094,7,-0.000027050,-0.002705004,-0.001932146,-0.001932146,0.000000000,manual_A_near_upright
pid,BALANCE,34.123,-0.001632,-0.027847,-0.001342,0.784800021,0.002304847,-0.000028481,0.000094,7,-0.000013424,-0.001342365,-0.000958832,-0.000958832,0.000000000,manual_A_near_upright
pid,BALANCE,34.144,0.001005,-0.030978,0.000152,0.784800021,0.002296093,0.000017538,0.000093,7,0.000001524,0.000152406,0.000108862,0.000108862,0.000000000,manual_A_near_upright
pid,BALANCE,34.165,0.003739,-0.034254,0.001548,0.784800020,0.002260091,0.000065260,0.000092,7,0.000015478,0.001547837,0.001105598,0.001105598,0.000000000,manual_A_near_upright
pid,BALANCE,34.185,0.006159,-0.037180,0.002766,0.784800017,0.002207188,0.000107488,0.000092,7,0.000027657,0.002765696,0.001975497,0.001975497,0.000000000,manual_A_near_upright
pid,BALANCE,34.206,0.008630,-0.040194,0.004148,0.784800014,0.002134561,0.000150618,0.000091,7,0.000041476,0.004147603,0.002962574,0.002962574,0.000000000,manual_A_near_upright
pid,BALANCE,34.227,0.010999,-0.043113,0.005365,0.784800009,0.002040004,0.000191976,0.000090,7,0.000053648,0.005364797,0.003831998,0.003831998,0.000000000,manual_A_near_upright
pid,BALANCE,34.248,0.013245,-0.045908,0.006528,0.784800004,0.001927228,0.000231171,0.000090,7,0.000065279,0.006527856,0.004662754,0.004662754,0.000000000,manual_A_near_upright
pid,BALANCE,34.268,0.015348,-0.048556,0.007636,0.784799999,0.001797630,0.000267868,0.000089,7,0.000076362,0.007636159,0.005454399,0.005454399,0.000000000,manual_A_near_upright
pid,BALANCE,34.289,0.017288,-0.051032,0.008637,0.784799993,0.001651680,0.000301733,0.000088,7,0.000086369,0.008636947,0.006169248,0.006169248,0.000000000,manual_A_near_upright
pid,BALANCE,34.309,0.019049,-0.053315,0.009548,0.784799987,0.001491440,0.000332468,0.000088,7,0.000095476,0.009547568,0.006819691,0.006819691,0.000000000,manual_A_near_upright
pid,BALANCE,34.330,0.020616,-0.055384,0.010356,0.784799982,0.001318451,0.000359811,0.000087,7,0.000103557,0.010355661,0.007396901,0.007396901,0.000000000,manual_A_near_upright
pid,BALANCE,34.351,0.021975,-0.057222,0.011049,0.784799976,0.001134347,0.000383529,0.000086,7,0.000110489,0.011048902,0.007892073,0.007892073,0.000000000,manual_A_near_upright
pid,BALANCE,34.372,0.023114,-0.058813,0.011608,0.784799972,0.000940669,0.000403418,0.000086,7,0.000116075,0.011607527,0.008291091,0.008291091,0.000000000,manual_A_near_upright
pid,BALANCE,34.393,0.024026,-0.060145,0.012059,0.784799968,0.000739980,0.000419333,0.000085,7,0.000120588,0.012058813,0.008613438,0.008613438,0.000000000,manual_A_near_upright
pid,BALANCE,34.414,0.024704,-0.061207,0.012414,0.784799965,0.000534548,0.000431159,0.000085,7,0.000124136,0.012413553,0.008866824,0.008866824,0.000000000,manual_A_near_upright
pid,BALANCE,34.434,0.025142,-0.061991,0.012609,0.784799963,0.000325071,0.000438818,0.000084,7,0.000126093,0.012609279,0.009006628,0.009006628,0.000000000,manual_A_near_upright
pid,BALANCE,34.455,0.025340,-0.062492,0.012697,0.784799962,0.000114653,0.000442270,0.000083,7,0.000126967,0.012696746,0.009069104,0.009069104,0.000000000,manual_A_near_upright
pid,BALANCE,34.476,0.025297,-0.062709,0.012652,0.784799962,-0.000095252,0.000441516,0.000083,7,0.000126520,0.012652009,0.009037149,0.009037149,0.000000000,manual_A_near_upright
pid,BALANCE,34.496,0.025034,-0.062649,0.013930,0.784799963,-0.000272545,0.000436933,0.000082,7,0.000139302,0.013930180,0.009950129,0.009950129,0.000000000,manual_A_near_upright
pid,BALANCE,34.517,0.024564,-0.062321,0.013994,0.784799965,-0.000470277,0.000428729,0.000082,7,0.000139945,0.013994463,0.009996045,0.009996045,0.000000000,manual_A_near_upright
pid,BALANCE,34.538,0.023847,-0.061706,0.012978,0.784799968,-0.000681442,0.000416205,0.000081,7,0.000129782,0.012978209,0.009270150,0.009270150,0.000000000,manual_A_near_upright
pid,BALANCE,34.559,0.022912,-0.060824,0.012786,0.784799972,-0.000864639,0.000399898,0.000080,7,0.000127857,0.012785673,0.009132623,0.009132623,0.000000000,manual_A_near_upright
pid,BALANCE,34.580,0.021771,-0.059684,0.012127,0.784799976,-0.001045824,0.000379976,0.000080,7,0.000121273,0.012127264,0.008662331,0.008662331,0.000000000,manual_A_near_upright
pid,BALANCE,34.601,0.020357,-0.058221,0.011278,0.784799981,-0.001224592,0.000355297,0.000079,7,0.000112778,0.011277771,0.008055551,0.008055551,0.000000000,manual_A_near_upright
pid,BALANCE,34.622,0.018906,-0.056679,0.010587,0.784799986,-0.001370626,0.000329967,0.000079,7,0.000105865,0.010586516,0.007561797,0.007561797,0.000000000,manual_A_near_upright
pid,BALANCE,34.642,0.017215,-0.054847,0.009616,0.784799991,-0.001513743,0.000300454,0.000078,7,0.000096163,0.009616286,0.006868775,0.006868775,0.000000000,manual_A_near_upright
pid,BALANCE,34.663,0.015374,-0.052820,0.008672,0.784799997,-0.001639137,0.000268325,0.000077,7,0.000086722,0.008672206,0.006194433,0.006194433,0.000000000,manual_A_near_upright
pid,BALANCE,34.684,0.013404,-0.050619,0.007655,0.784800001,-0.001748190,0.000233938,0.000077,7,0.000076554,0.007655380,0.005468129,0.005468129,0.000000000,manual_A_near_upright
pid,BALANCE,34.705,0.011320,-0.048265,0.006488,0.784800006,-0.001841701,0.000197578,0.000076,7,0.000064883,0.006488293,0.004634495,0.004634495,0.000000000,manual_A_near_upright
pid,BALANCE,34.726,0.009147,-0.045783,0.005339,0.784800010,-0.001915700,0.000159646,0.000076,7,0.000053393,0.005339342,0.003813815,0.003813815,0.000000000,manual_A_near_upright
pid,BALANCE,34.756,0.005762,-0.041870,0.003556,0.784800014,-0.001991281,0.000100565,0.000075,7,0.000035561,0.003556116,0.002540083,0.002540083,0.000000000,manual_A_near_upright
pid,BALANCE,34.777,0.003457,-0.039174,0.002376,0.784800016,-0.002017108,0.000060340,0.000074,7,0.000023764,0.002376412,0.002138457,0.002138457,0.000000000,manual_A_near_upright
pid,BALANCE,34.798,0.001136,-0.036437,0.001080,0.784800016,-0.002025884,0.000019826,0.000074,7,0.000010801,0.001080091,0.000771494,0.000771494,0.000000000,manual_A_near_upright
pid,BALANCE,34.819,-0.001178,-0.033685,-0.000168,0.784800016,-0.002014442,-0.000020561,0.000073,7,-0.000001684,-0.000168435,-0.000120311,-0.000120311,0.000000000,manual_A_near_upright
pid,BALANCE,34.840,-0.003461,-0.030946,-0.001285,0.784800015,-0.001981584,-0.000060403,0.000073,7,-0.000012848,-0.001284773,-0.000917695,-0.000917695,0.000000000,manual_A_near_upright
pid,BALANCE,34.860,-0.005693,-0.028244,-0.002533,0.784800013,-0.001933626,-0.000099364,0.000072,7,-0.000025328,-0.002532815,-0.001809153,-0.001809153,0.000000000,manual_A_near_upright
pid,BALANCE,34.881,-0.007855,-0.025604,-0.003667,0.784800010,-0.001866125,-0.000137087,0.000072,7,-0.000036667,-0.003666700,-0.002619072,-0.002619072,0.000000000,manual_A_near_upright
pid,BALANCE,34.902,-0.009925,-0.023051,-0.004769,0.784800007,-0.001781877,-0.000173221,0.000071,7,-0.000047688,-0.004768759,-0.003406257,-0.003406257,0.000000000,manual_A_near_upright
pid,BALANCE,34.923,-0.011884,-0.020609,-0.005782,0.784800003,-0.001680834,-0.000207422,0.000071,7,-0.000057816,-0.005781584,-0.004129703,-0.004129703,0.000000000,manual_A_near_upright
pid,BALANCE,34.944,-0.013716,-0.018300,-0.006737,0.784799999,-0.001564967,-0.000239385,0.000070,7,-0.000067367,-0.006736659,-0.004811899,-0.004811899,0.000000000,manual_A_near_upright
pid,BALANCE,34.965,-0.015403,-0.016143,-0.007614,0.784799994,-0.001435247,-0.000268828,0.000070,7,-0.000076140,-0.007614032,-0.005438594,-0.005438594,0.000000000,manual_A_near_upright
pid,BALANCE,34.986,-0.016930,-0.014160,-0.008366,0.784799990,-0.001292183,-0.000295484,0.000069,7,-0.000083662,-0.008366249,-0.005975892,-0.005975892,0.000000000,manual_A_near_upright
pid,BALANCE,35.007,-0.018285,-0.012366,-0.009103,0.784799985,-0.001139700,-0.000319133,0.000069,7,-0.000091031,-0.009103086,-0.006502204,-0.006502204,0.000000000,manual_A_near_upright
pid,BALANCE,35.027,-0.019456,-0.010776,-0.009678,0.784799981,-0.000976318,-0.000339580,0.000068,7,-0.000096781,-0.009678125,-0.006912946,-0.006912946,0.000000000,manual_A_near_upright
pid,BALANCE,35.048,-0.020434,-0.009406,-0.010174,0.784799978,-0.000805590,-0.000356637,0.000068,7,-0.000101741,-0.010174110,-0.007082106,-0.007082106,0.000000000,manual_A_near_upright
pid,BALANCE,35.070,-0.021211,-0.008265,-0.010566,0.784799975,-0.000628663,-0.000370194,0.000067,7,-0.000105663,-0.010566345,-0.007547389,-0.007547389,0.000000000,manual_A_near_upright
pid,BALANCE,35.090,-0.021781,-0.007362,-0.010867,0.784799972,-0.000447621,-0.000380150,0.000067,7,-0.000108666,-0.010866621,-0.007761872,-0.007761872,0.000000000,manual_A_near_upright
pid,BALANCE,35.111,-0.022141,-0.006703,-0.011030,0.784799971,-0.000263261,-0.000386433,0.000066,7,-0.000110298,-0.011029843,-0.007878459,-0.007878459,0.000000000,manual_A_near_upright
pid,BALANCE,35.132,-0.022289,-0.006294,-0.011080,0.784799970,-0.000077934,-0.000389011,0.000066,7,-0.000110801,-0.011080109,-0.007914363,-0.007914363,0.000000000,manual_A_near_upright
pid,BALANCE,35.153,-0.022225,-0.006136,-0.011028,0.784799971,0.000106445,-0.000387894,0.000065,7,-0.000110276,-0.011027582,-0.007876844,-0.007876844,0.000000000,manual_A_near_upright
pid,BALANCE,35.174,-0.021975,-0.006217,-0.012495,0.784799971,0.000254711,-0.000383537,0.000065,7,-0.000124947,-0.012494679,-0.008924771,-0.008924771,0.000000000,manual_A_near_upright
pid,BALANCE,35.194,-0.021541,-0.006535,-0.012347,0.784799973,0.000432386,-0.000375965,0.000064,7,-0.000123472,-0.012347223,-0.008819445,-0.008819445,0.000000000,manual_A_near_upright
pid,BALANCE,35.215,-0.020888,-0.007104,-0.011431,0.784799975,0.000617744,-0.000364571,0.000064,7,-0.000114307,-0.011430660,-0.008164757,-0.008164757,0.000000000,manual_A_near_upright
pid,BALANCE,35.237,-0.020048,-0.007908,-0.011315,0.784799978,0.000776824,-0.000349899,0.000063,7,-0.000113155,-0.011315451,-0.008141828,-0.008141828,0.000000000,manual_A_near_upright
pid,BALANCE,35.257,-0.019025,-0.008937,-0.010693,0.784799982,0.000936006,-0.000332048,0.000063,7,-0.000106928,-0.010692825,-0.007637732,-0.007637732,0.000000000,manual_A_near_upright
pid,BALANCE,35.278,-0.017827,-0.010182,-0.010000,0.784799986,0.001084480,-0.000311144,0.000062,7,-0.000100000,-0.010000041,-0.007142887,-0.007142887,0.000000000,manual_A_near_upright
pid,BALANCE,35.298,-0.016471,-0.011629,-0.009282,0.784799990,0.001220267,-0.000287467,0.000062,7,-0.000092824,-0.009282361,-0.006630258,-0.006630258,0.000000000,manual_A_near_upright
pid,BALANCE,35.319,-0.014968,-0.013263,-0.008455,0.784799994,0.001344106,-0.000261241,0.000062,7,-0.000084553,-0.008455270,-0.006039479,-0.006039479,0.000000000,manual_A_near_upright
pid,BALANCE,35.340,-0.013335,-0.015067,-0.007585,0.784799998,0.001453680,-0.000232744,0.000061,7,-0.000075851,-0.007585110,-0.005417936,-0.005417936,0.000000000,manual_A_near_upright
pid,BALANCE,35.361,-0.011589,-0.017022,-0.006650,0.784800002,0.001548729,-0.000202265,0.000061,7,-0.000066505,-0.006650487,-0.004750348,-0.004750348,0.000000000,manual_A_near_upright
pid,BALANCE,35.382,-0.009746,-0.019108,-0.005664,0.784800005,0.001628396,-0.000170106,0.000060,7,-0.000056635,-0.005663540,-0.004045386,-0.004045386,0.000000000,manual_A_near_upright
pid,BALANCE,35.403,-0.007826,-0.021306,-0.004642,0.784800008,0.001691891,-0.000136588,0.000060,7,-0.000046420,-0.004642042,-0.003315744,-0.003315744,0.000000000,manual_A_near_upright
pid,BALANCE,35.424,-0.005846,-0.023594,-0.003589,0.784800010,0.001738886,-0.000102038,0.000059,7,-0.000035891,-0.003589108,-0.002563649,-0.002563649,0.000000000,manual_A_near_upright
pid,BALANCE,35.445,-0.003827,-0.025949,-0.002517,0.784800012,0.001769024,-0.000066792,0.000059,7,-0.000025174,-0.002517389,-0.001798135,-0.001798135,0.000000000,manual_A_near_upright
pid,BALANCE,35.465,-0.001787,-0.028348,-0.001437,0.784800013,0.001782148,-0.000031190,0.000058,7,-0.000014372,-0.001437235,-0.001026597,-0.001026597,0.000000000,manual_A_near_upright
pid,BALANCE,35.486,0.000254,-0.030769,-0.000357,0.784800013,0.001778284,0.000004428,0.000058,7,-0.000003569,-0.000356876,-0.000254912,-0.000254912,0.000000000,manual_A_near_upright
pid,BALANCE,35.507,0.002276,-0.033189,0.000718,0.784800012,0.001757497,0.000039723,0.000058,7,0.000007177,0.000717676,0.000512625,0.000512625,0.000000000,manual_A_near_upright
pid,BALANCE,35.528,0.004259,-0.035583,0.001726,0.784800011,0.001719334,0.000074341,0.000057,7,0.000017258,0.001725850,0.001232750,0.001232750,0.000000000,manual_A_near_upright
pid,BALANCE,35.549,0.006188,-0.037932,0.002792,0.784800009,0.001667039,0.000108002,0.000057,7,0.000027919,0.002791857,0.001994184,0.001994184,0.000000000,manual_A_near_upright
pid,BALANCE,35.570,0.008042,-0.040212,0.003740,0.784800006,0.001597764,0.000140366,0.000056,7,0.000037402,0.003740203,0.002671573,0.002671573,0.000000000,manual_A_near_upright
pid,BALANCE,35.591,0.009805,-0.042402,0.004661,0.784800003,0.001514428,0.000171138,0.000056,7,0.000046613,0.004661270,0.003329478,0.003329478,0.000000000,manual_A_near_upright
pid,BALANCE,35.611,0.011462,-0.044483,0.005532,0.784800000,0.001417598,0.000200048,0.000056,7,0.000055319,0.005531938,0.003951384,0.003951384,0.000000000,manual_A_near_upright
pid,BALANCE,35.632,0.012996,-0.046436,0.006325,0.784799997,0.001307890,0.000226831,0.000055,7,0.000063252,0.006325223,0.004518017,0.004518017,0.000000000,manual_A_near_upright
pid,BALANCE,35.653,0.014395,-0.048244,0.007017,0.784799993,0.001186129,0.000251246,0.000055,7,0.000070173,0.007017314,0.005012367,0.005012367,0.000000000,manual_A_near_upright
pid,BALANCE,35.674,0.015647,-0.049890,0.007699,0.784799990,0.001055607,0.000273092,0.000054,7,0.000076991,0.007699091,0.005499351,0.005499351,0.000000000,manual_A_near_upright
pid,BALANCE,35.695,0.016741,-0.051361,0.008263,0.784799987,0.000915443,0.000292190,0.000054,7,0.000082633,0.008263341,0.005902386,0.005902386,0.000000000,manual_A_near_upright
pid,BALANCE,35.717,0.017668,-0.052644,0.008721,0.784799984,0.000767421,0.000308364,0.000054,7,0.000087215,0.008721457,0.006229612,0.006229612,0.000000000,manual_A_near_upright
pid,BALANCE,35.737,0.018420,-0.053729,0.009089,0.784799981,0.000613418,0.000321491,0.000053,7,0.000090891,0.009089106,0.006492219,0.006492219,0.000000000,manual_A_near_upright
pid,BALANCE,35.758,0.018992,-0.054607,0.009380,0.784799979,0.000455297,0.000331470,0.000053,7,0.000093802,0.009380159,0.006700113,0.006700113,0.000000000,manual_A_near_upright
pid,BALANCE,35.778,0.019380,-0.055271,0.009582,0.784799978,0.000294328,0.000338248,0.000052,7,0.000095821,0.009582066,0.006844333,0.006844333,0.000000000,manual_A_near_upright
pid,BALANCE,35.799,0.019582,-0.055718,0.009655,0.784799977,0.000131258,0.000341772,0.000052,7,0.000096550,0.009655050,0.006896464,0.006896464,0.000000000,manual_A_near_upright
pid,BALANCE,35.820,0.019597,-0.055944,0.009646,0.784799977,-0.000031351,0.000342037,0.000052,7,0.000096465,0.009646486,0.006890347,0.006890347,0.000000000,manual_A_near_upright
pid,BALANCE,35.841,0.019424,-0.055949,0.010453,0.784799978,-0.000181113,0.000339004,0.000051,7,0.000104525,0.010452503,0.007466074,0.007466074,0.000000000,manual_A_near_upright
pid,BALANCE,35.872,0.018902,-0.055583,0.010822,0.784799979,-0.000396869,0.000329909,0.000051,7,0.000108220,0.010821979,0.007729985,0.007729985,0.000000000,manual_A_near_upright
pid,BALANCE,35.892,0.018312,-0.055061,0.010173,0.784799981,-0.000555895,0.000319608,0.000050,7,0.000101732,0.010173190,0.007266564,0.007266564,0.000000000,manual_A_near_upright
pid,BALANCE,35.913,0.017558,-0.054335,0.010003,0.784799984,-0.000696557,0.000306448,0.000050,7,0.000100025,0.010002531,0.007238913,0.007238913,0.000000000,manual_A_near_upright
pid,BALANCE,35.934,0.016643,-0.053410,0.009429,0.784799986,-0.000836217,0.000290482,0.000050,7,0.000094294,0.009429351,0.006735250,0.006735250,0.000000000,manual_A_near_upright
pid,BALANCE,35.955,0.015576,-0.052297,0.008802,0.784799989,-0.000966186,0.000271849,0.000049,7,0.000088016,0.008801569,0.006286835,0.006286835,0.000000000,manual_A_near_upright
pid,BALANCE,35.975,0.014370,-0.051007,0.008188,0.784799992,-0.001084133,0.000250797,0.000049,7,0.000081880,0.008187987,0.005848562,0.005848562,0.000000000,manual_A_near_upright
pid,BALANCE,35.996,0.013037,-0.049554,0.007458,0.784799996,-0.001191919,0.000227531,0.000049,7,0.000074576,0.007457551,0.005326822,0.005326822,0.000000000,manual_A_near_upright
pid,BALANCE,36.017,0.011515,-0.047870,0.006632,0.784799999,-0.001291853,0.000200975,0.000048,7,0.000066321,0.006632054,0.004737181,0.004737181,0.000000000,manual_A_near_upright
pid,BALANCE,36.038,0.010046,-0.046221,0.005890,0.784800001,-0.001368899,0.000175333,0.000048,7,0.000058899,0.005889867,0.004496246,0.004496246,0.000000000,manual_A_near_upright
pid,BALANCE,36.059,0.008418,-0.044375,0.004972,0.784800004,-0.001438650,0.000146918,0.000048,7,0.000049724,0.004972447,0.003551748,0.003551748,0.000000000,manual_A_near_upright
pid,BALANCE,36.079,0.006722,-0.042432,0.004078,0.784800006,-0.001492974,0.000117329,0.000047,7,0.000040778,0.004077842,0.002912744,0.002912744,0.000000000,manual_A_near_upright
pid,BALANCE,36.100,0.004978,-0.040413,0.003199,0.784800008,-0.001531894,0.000086876,0.000047,7,0.000031992,0.003199242,0.002285173,0.002285173,0.000000000,manual_A_near_upright
pid,BALANCE,36.121,0.003200,-0.038337,0.002230,0.784800009,-0.001557608,0.000055847,0.000046,7,0.000022295,0.002229519,0.001592514,0.001592514,0.000000000,manual_A_near_upright
pid,BALANCE,36.141,0.001404,-0.036222,0.001233,0.784800010,-0.001568682,0.000024501,0.000046,7,0.000012332,0.001233228,0.000880877,0.000880877,0.000000000,manual_A_near_upright
pid,BALANCE,36.162,-0.000391,-0.034091,0.000321,0.784800010,-0.001563078,-0.000006818,0.000046,7,0.000003214,0.000321444,0.000229603,0.000229603,0.000000000,manual_A_near_upright
pid,BALANCE,36.183,-0.002167,-0.031963,-0.000628,0.784800009,-0.001543703,-0.000037824,0.000045,7,-0.000006282,-0.000628154,-0.000448681,-0.000448681,0.000000000,manual_A_near_upright
pid,BALANCE,36.203,-0.003908,-0.029858,-0.001481,0.784800008,-0.001508280,-0.000068207,0.000045,7,-0.000014810,-0.001481034,-0.001057881,-0.001057881,0.000000000,manual_A_near_upright
pid,BALANCE,36.225,-0.005599,-0.027797,-0.002409,0.784800007,-0.001461013,-0.000097716,0.000045,7,-0.000024091,-0.002409092,-0.001720780,-0.001720780,0.000000000,manual_A_near_upright
pid,BALANCE,36.245,-0.007224,-0.025797,-0.003294,0.784800005,-0.001400129,-0.000126079,0.000044,7,-0.000032941,-0.003294060,-0.002352900,-0.002352900,0.000000000,manual_A_near_upright
pid,BALANCE,36.266,-0.008768,-0.023877,-0.004092,0.784800002,-0.001325563,-0.000153024,0.000044,7,-0.000040916,-0.004091643,-0.002644681,-0.002644681,0.000000000,manual_A_near_upright
pid,BALANCE,36.287,-0.010216,-0.022055,-0.004843,0.784800000,-0.001239184,-0.000178303,0.000044,7,-0.000048429,-0.004842902,-0.003459216,-0.003459216,0.000000000,manual_A_near_upright
pid,BALANCE,36.308,-0.011556,-0.020347,-0.005513,0.784799997,-0.001141298,-0.000201690,0.000044,7,-0.000055127,-0.005512737,-0.003937669,-0.003937669,0.000000000,manual_A_near_upright
pid,BALANCE,36.328,-0.012776,-0.018768,-0.006158,0.784799995,-0.001034278,-0.000222975,0.000043,7,-0.000061579,-0.006157879,-0.004398485,-0.004398485,0.000000000,manual_A_near_upright
pid,BALANCE,36.349,-0.013866,-0.017332,-0.006726,0.784799992,-0.000918152,-0.000241999,0.000043,7,-0.000067263,-0.006726258,-0.004804470,-0.004804470,0.000000000,manual_A_near_upright
pid,BALANCE,36.370,-0.014815,-0.016052,-0.007202,0.784799989,-0.000793947,-0.000258568,0.000043,7,-0.000072021,-0.007202149,-0.005144392,-0.005144392,0.000000000,manual_A_near_upright
pid,BALANCE,36.390,-0.015617,-0.014938,-0.007630,0.784799987,-0.000663889,-0.000272571,0.000042,7,-0.000076296,-0.007629556,-0.005449683,-0.005449683,0.000000000,manual_A_near_upright
pid,BALANCE,36.411,-0.016265,-0.014000,-0.007949,0.784799985,-0.000528031,-0.000283885,0.000042,7,-0.000079492,-0.007949193,-0.005677995,-0.005677995,0.000000000,manual_A_near_upright
pid,BALANCE,36.432,-0.016755,-0.013243,-0.008202,0.784799984,-0.000388649,-0.000292432,0.000042,7,-0.000082018,-0.008201767,-0.005858405,-0.005858405,0.000000000,manual_A_near_upright
pid,BALANCE,36.453,-0.017082,-0.012675,-0.008352,0.784799983,-0.000246381,-0.000298146,0.000041,7,-0.000083525,-0.008352460,-0.005966043,-0.005966043,0.000000000,manual_A_near_upright
pid,BALANCE,36.473,-0.017246,-0.012300,-0.008420,0.784799982,-0.000103041,-0.000300996,0.000041,7,-0.000084200,-0.008419956,-0.006014255,-0.006014255,0.000000000,manual_A_near_upright
pid,BALANCE,36.494,-0.017245,-0.012118,-0.008404,0.784799982,0.000040052,-0.000300980,0.000041,7,-0.000084042,-0.008404194,-0.006002995,-0.006002995,0.000000000,manual_A_near_upright
pid,BALANCE,36.515,-0.017092,-0.012125,-0.009341,0.784799983,0.000159953,-0.000298318,0.000040,7,-0.000093413,-0.009341295,-0.006672353,-0.006672353,0.000000000,manual_A_near_upright
pid,BALANCE,36.536,-0.016816,-0.012307,-0.010123,0.784799983,0.000280612,-0.000293491,0.000040,7,-0.000101227,-0.010122741,-0.007230530,-0.007230530,0.000000000,manual_A_near_upright
pid,BALANCE,36.557,-0.016366,-0.012687,-0.009124,0.784799985,0.000432918,-0.000285637,0.000040,7,-0.000091239,-0.009123877,-0.006517055,-0.006517055,0.000000000,manual_A_near_upright
pid,BALANCE,36.577,-0.015762,-0.013252,-0.008972,0.784799986,0.000560084,-0.000275103,0.000040,7,-0.000089720,-0.008971955,-0.006408539,-0.006408539,0.000000000,manual_A_near_upright
pid,BALANCE,36.598,-0.015018,-0.013994,-0.008635,0.784799988,0.000683448,-0.000262118,0.000039,7,-0.000086348,-0.008634829,-0.006167735,-0.006167735,0.000000000,manual_A_near_upright
pid,BALANCE,36.619,-0.014135,-0.014907,-0.008050,0.784799991,0.000802917,-0.000246697,0.000039,7,-0.000080502,-0.008050203,-0.005750145,-0.005750145,0.000000000,manual_A_near_upright
pid,BALANCE,36.640,-0.013124,-0.015979,-0.007547,0.784799993,0.000910652,-0.000229058,0.000039,7,-0.000075473,-0.007547349,-0.005390964,-0.005390964,0.000000000,manual_A_near_upright
pid,BALANCE,36.660,-0.011998,-0.017200,-0.006966,0.784799995,0.001009306,-0.000209397,0.000038,7,-0.000069656,-0.006965639,-0.004975457,-0.004975457,0.000000000,manual_A_near_upright
pid,BALANCE,36.681,-0.010766,-0.018558,-0.006292,0.784799998,0.001098381,-0.000187898,0.000038,7,-0.000062918,-0.006291797,-0.004494141,-0.004494141,0.000000000,manual_A_near_upright
pid,BALANCE,36.702,-0.009441,-0.020037,-0.005585,0.784800000,0.001175986,-0.000164781,0.000038,7,-0.000055853,-0.005585285,-0.003989490,-0.003989490,0.000000000,manual_A_near_upright
pid,BALANCE,36.724,-0.008038,-0.021624,-0.004826,0.784800002,0.001242112,-0.000140287,0.000038,7,-0.000048258,-0.004825807,-0.003447005,-0.003447005,0.000000000,manual_A_near_upright
pid,BALANCE,36.744,-0.006568,-0.023303,-0.004008,0.784800004,0.001296398,-0.000114631,0.000037,7,-0.000040077,-0.004007669,-0.002862620,-0.002862620,0.000000000,manual_A_near_upright
pid,BALANCE,36.765,-0.005047,-0.025057,-0.003223,0.784800006,0.001336725,-0.000088095,0.000037,7,-0.000032230,-0.003223015,-0.002302153,-0.002302153,0.000000000,manual_A_near_upright
pid,BALANCE,36.786,-0.003491,-0.026869,-0.002390,0.784800007,0.001364704,-0.000060932,0.000037,7,-0.000023905,-0.002390469,-0.001707478,-0.001707478,0.000000000,manual_A_near_upright
pid,BALANCE,36.807,-0.001914,-0.028722,-0.001551,0.784800007,0.001379457,-0.000033399,0.000037,7,-0.000015509,-0.001550941,-0.001107815,-0.001107815,0.000000000,manual_A_near_upright
pid,BALANCE,36.827,-0.000331,-0.030597,-0.000754,0.784800008,0.001380090,-0.000005773,0.000036,7,-0.000007545,-0.000754487,-0.000538919,-0.000538919,0.000000000,manual_A_near_upright
pid,BALANCE,36.848,0.001243,-0.032477,0.000085,0.784800007,0.001368572,0.000021686,0.000036,7,0.000000854,0.000085402,0.000061001,0.000061001,0.000000000,manual_A_near_upright
pid,BALANCE,36.869,0.002793,-0.034344,0.000948,0.784800007,0.001344897,0.000048739,0.000036,7,0.000009484,0.000948360,0.000677400,0.000677400,0.000000000,manual_A_near_upright
pid,BALANCE,36.890,0.004304,-0.036181,0.001731,0.784800006,0.001307427,0.000075118,0.000035,7,0.000017312,0.001731180,0.001236557,0.001236557,0.000000000,manual_A_near_upright
pid,BALANCE,36.911,0.005762,-0.037970,0.002490,0.784800004,0.001258010,0.000100570,0.000035,7,0.000024902,0.002490162,0.001778687,0.001778687,0.000000000,manual_A_near_upright
pid,BALANCE,36.932,0.007154,-0.039695,0.003193,0.784800003,0.001196669,0.000124865,0.000035,7,0.000031929,0.003192938,0.002280670,0.002280670,0.000000000,manual_A_near_upright
pid,BALANCE,36.953,0.008468,-0.041341,0.003911,0.784800001,0.001125744,0.000147787,0.000035,7,0.000039113,0.003911347,0.002793820,0.002793820,0.000000000,manual_A_near_upright
pid,BALANCE,36.973,0.009690,-0.042892,0.004530,0.784799999,0.001043673,0.000169126,0.000034,7,0.000045301,0.004530124,0.003235803,0.003235803,0.000000000,manual_A_near_upright
pid,BALANCE,36.994,0.010812,-0.044335,0.005135,0.784799997,0.000953231,0.000188706,0.000034,7,0.000051347,0.005134687,0.003667633,0.003667633,0.000000000,manual_A_near_upright
pid,BALANCE,37.015,0.011822,-0.045657,0.005629,0.784799995,0.000853465,0.000206334,0.000034,7,0.000056293,0.005629313,0.004020938,0.004020938,0.000000000,manual_A_near_upright
pid,BALANCE,37.036,0.012713,-0.046846,0.006115,0.784799993,0.000747589,0.000221882,0.000034,7,0.000061155,0.006115462,0.004368187,0.004368187,0.000000000,manual_A_near_upright
pid,BALANCE,37.057,0.013476,-0.047893,0.006480,0.784799991,0.000634396,0.000235200,0.000033,7,0.000064803,0.006480256,0.004628754,0.004628754,0.000000000,manual_A_near_upright
pid,BALANCE,37.078,0.014106,-0.048788,0.006808,0.784799989,0.000516859,0.000246189,0.000033,7,0.000068084,0.006808399,0.004863142,0.004863142,0.000000000,manual_A_near_upright
pid,BALANCE,37.099,0.014597,-0.049526,0.007043,0.784799988,0.000394984,0.000254766,0.000033,7,0.000070435,0.007043477,0.005031055,0.005031055,0.000000000,manual_A_near_upright
pid,BALANCE,37.119,0.014947,-0.050099,0.007222,0.784799987,0.000270762,0.000260869,0.000033,7,0.000072219,0.007221899,0.005158499,0.005158499,0.000000000,manual_A_near_upright
pid,BALANCE,37.139,0.015152,-0.050504,0.007317,0.784799986,0.000144864,0.000264460,0.000033,7,0.000073172,0.007317205,0.005226575,0.005226575,0.000000000,manual_A_near_upright
pid,BALANCE,37.160,0.015214,-0.050739,0.007337,0.784799986,0.000018625,0.000265526,0.000032,7,0.000073374,0.007337443,0.005241031,0.005241031,0.000000000,manual_A_near_upright
pid,BALANCE,37.181,0.015131,-0.050804,0.007368,0.784799986,-0.000104947,0.000264088,0.000032,7,0.000073675,0.007367544,0.005262532,0.005262532,0.000000000,manual_A_near_upright
pid,BALANCE,37.202,0.014943,-0.050714,0.009146,0.784799987,-0.000189426,0.000260796,0.000032,7,0.000091462,0.009146207,0.006533005,0.006533005,0.000000000,manual_A_near_upright
pid,BALANCE,37.223,0.014618,-0.050458,0.008442,0.784799988,-0.000322785,0.000255132,0.000032,7,0.000084425,0.008442467,0.006030333,0.006030333,0.000000000,manual_A_near_upright
pid,BALANCE,37.243,0.014143,-0.050031,0.007950,0.784799989,-0.000445291,0.000246838,0.000031,7,0.000079495,0.007949503,0.005678216,0.005678216,0.000000000,manual_A_near_upright
pid,BALANCE,37.263,0.013545,-0.049447,0.007921,0.784799990,-0.000551577,0.000236397,0.000031,7,0.000079210,0.007920985,0.005657847,0.005657847,0.000000000,manual_A_near_upright
pid,BALANCE,37.294,0.012415,-0.048285,0.007166,0.784799993,-0.000711677,0.000216681,0.000031,7,0.000071665,0.007166475,0.005118911,0.005118911,0.000000000,manual_A_near_upright
pid,BALANCE,37.315,0.011472,-0.047281,0.006681,0.784799995,-0.000811125,0.000200227,0.000031,7,0.000066810,0.006681019,0.004772156,0.004772156,0.000000000,manual_A_near_upright
pid,BALANCE,37.335,0.010523,-0.046249,0.006192,0.784799997,-0.000893149,0.000183656,0.000030,7,0.000061918,0.006191779,0.004422699,0.004422699,0.000000000,manual_A_near_upright
pid,BALANCE,37.356,0.009433,-0.045047,0.005569,0.784799998,-0.000971775,0.000164635,0.000030,7,0.000055688,0.005568827,0.003977734,0.003977734,0.000000000,manual_A_near_upright
pid,BALANCE,37.377,0.008263,-0.043737,0.004972,0.784800000,-0.001039140,0.000144208,0.000030,7,0.000049716,0.004971650,0.003551179,0.003551179,0.000000000,manual_A_near_upright
pid,BALANCE,37.398,0.007022,-0.042334,0.004280,0.784800002,-0.001097311,0.000122561,0.000030,7,0.000042805,0.004280454,0.003057467,0.003057467,0.000000000,manual_A_near_upright
pid,BALANCE,37.418,0.005725,-0.040850,0.003597,0.784800003,-0.001143815,0.000099920,0.000029,7,0.000035974,0.003597374,0.002569553,0.002569553,0.000000000,manual_A_near_upright
pid,BALANCE,37.439,0.004384,-0.039301,0.002886,0.784800004,-0.001179240,0.000076510,0.000029,7,0.000028860,0.002886002,0.002061430,0.002061430,0.000000000,manual_A_near_upright
pid,BALANCE,37.459,0.003012,-0.037701,0.002175,0.784800005,-0.001202895,0.000052566,0.000029,7,0.000021751,0.002175080,0.001553629,0.001553629,0.000000000,manual_A_near_upright
pid,BALANCE,37.480,0.001622,-0.036067,0.001459,0.784800006,-0.001214893,0.000028314,0.000029,7,0.000014595,0.001459490,0.001042493,0.001042493,0.000000000,manual_A_near_upright
pid,BALANCE,37.501,0.000228,-0.034413,0.000688,0.784800006,-0.001216439,0.000003978,0.000029,7,0.000006878,0.000687830,0.000491307,0.000491307,0.000000000,manual_A_near_upright
pid,BALANCE,37.522,-0.001159,-0.032755,-0.000069,0.784800006,-0.001206167,-0.000020227,0.000028,7,-0.000000686,-0.000068563,-0.000048974,-0.000048974,0.000000000,manual_A_near_upright
pid,BALANCE,37.542,-0.002523,-0.031110,-0.000762,0.784800005,-0.001183509,-0.000044041,0.000028,7,-0.000007622,-0.000762186,-0.000544419,-0.000544419,0.000000000,manual_A_near_upright
pid,BALANCE,37.563,-0.003853,-0.029492,-0.001439,0.784800004,-0.001149895,-0.000067246,0.000028,7,-0.000014393,-0.001439335,-0.001028097,-0.001028097,0.000000000,manual_A_near_upright
pid,BALANCE,37.584,-0.005135,-0.027917,-0.002099,0.784800003,-0.001105881,-0.000089621,0.000028,7,-0.000020994,-0.002099429,-0.001499592,-0.001499592,0.000000000,manual_A_near_upright
pid,BALANCE,37.604,-0.006359,-0.026399,-0.002754,0.784800002,-0.001052298,-0.000110979,0.000028,7,-0.000027542,-0.002754165,-0.001967261,-0.001967261,0.000000000,manual_A_near_upright
pid,BALANCE,37.625,-0.007513,-0.024951,-0.003354,0.784800001,-0.000988819,-0.000131120,0.000027,7,-0.000033539,-0.003353915,-0.002395653,-0.002395653,0.000000000,manual_A_near_upright
pid,BALANCE,37.646,-0.008587,-0.023587,-0.003915,0.784799999,-0.000916593,-0.000149864,0.000027,7,-0.000039151,-0.003915121,-0.002796515,-0.002796515,0.000000000,manual_A_near_upright
pid,BALANCE,37.667,-0.009571,-0.022319,-0.004430,0.784799997,-0.000836291,-0.000167045,0.000027,7,-0.000044298,-0.004429752,-0.003164108,-0.003164108,0.000000000,manual_A_near_upright
pid,BALANCE,37.688,-0.010458,-0.021158,-0.004926,0.784799996,-0.000749417,-0.000182525,0.000027,7,-0.000049256,-0.004925576,-0.003518269,-0.003518269,0.000000000,manual_A_near_upright
pid,BALANCE,37.709,-0.011239,-0.020114,-0.005314,0.784799994,-0.000655079,-0.000196157,0.000027,7,-0.000053141,-0.005314127,-0.003795805,-0.003795805,0.000000000,manual_A_near_upright
pid,BALANCE,37.730,-0.011907,-0.019196,-0.005644,0.784799993,-0.000555339,-0.000207822,0.000026,7,-0.000056439,-0.005643891,-0.004031351,-0.004031351,0.000000000,manual_A_near_upright
pid,BALANCE,37.750,-0.012458,-0.018411,-0.005931,0.784799992,-0.000451610,-0.000217430,0.000026,7,-0.000059314,-0.005931447,-0.004236748,-0.004236748,0.000000000,manual_A_near_upright
pid,BALANCE,37.771,-0.012887,-0.017766,-0.006152,0.784799991,-0.000344382,-0.000224915,0.000026,7,-0.000061521,-0.006152103,-0.004394360,-0.004394360,0.000000000,manual_A_near_upright
pid,BALANCE,37.792,-0.013202,-0.017245,-0.006297,0.784799990,-0.000228940,-0.000230418,0.000026,7,-0.000062966,-0.006296639,-0.004497599,-0.004497599,0.000000000,manual_A_near_upright
pid,BALANCE,37.812,-0.013367,-0.016915,-0.006370,0.784799989,-0.000123353,-0.000233291,0.000026,7,-0.000063696,-0.006369577,-0.004549698,-0.004549698,0.000000000,manual_A_near_upright
pid,BALANCE,37.834,-0.013416,-0.016713,-0.006388,0.784799989,-0.000012127,-0.000234145,0.000025,7,-0.000063884,-0.006388354,-0.004563110,-0.004563110,0.000000000,manual_A_near_upright
pid,BALANCE,37.854,-0.013338,-0.016662,-0.006480,0.784799989,0.000095357,-0.000232800,0.000025,7,-0.000064801,-0.006480146,-0.004628676,-0.004628676,0.000000000,manual_A_near_upright
pid,BALANCE,37.875,-0.013173,-0.016744,-0.008243,0.784799990,0.000165869,-0.000229917,0.000025,7,-0.000082428,-0.008242758,-0.005887684,-0.005887684,0.000000000,manual_A_near_upright
pid,BALANCE,37.896,-0.012886,-0.016974,-0.007496,0.784799990,0.000286243,-0.000224905,0.000025,7,-0.000074963,-0.007496251,-0.005354465,-0.005354465,0.000000000,manual_A_near_upright
pid,BALANCE,37.916,-0.012467,-0.017355,-0.007150,0.784799991,0.000392498,-0.000217586,0.000025,7,-0.000071496,-0.007149591,-0.005106850,-0.005106850,0.000000000,manual_A_near_upright
pid,BALANCE,37.936,-0.011938,-0.017873,-0.007056,0.784799992,0.000487751,-0.000208362,0.000025,7,-0.000070565,-0.007056471,-0.005040336,-0.005040336,0.000000000,manual_A_near_upright
pid,BALANCE,37.957,-0.011299,-0.018528,-0.006618,0.784799994,0.000583681,-0.000197207,0.000024,7,-0.000066177,-0.006617744,-0.004726960,-0.004726960,0.000000000,manual_A_near_upright
pid,BALANCE,37.978,-0.010557,-0.019311,-0.006212,0.784799995,0.000671410,-0.000184248,0.000024,7,-0.000062122,-0.006212173,-0.004437267,-0.004437267,0.000000000,manual_A_near_upright
pid,BALANCE,37.999,-0.009720,-0.020214,-0.005762,0.784799997,0.000751941,-0.000169639,0.000024,7,-0.000057625,-0.005762469,-0.004116050,-0.004116050,0.000000000,manual_A_near_upright
pid,BALANCE,38.020,-0.008797,-0.021227,-0.005263,0.784799998,0.000824786,-0.000153529,0.000024,7,-0.000052629,-0.005262877,-0.003759198,-0.003759198,0.000000000,manual_A_near_upright
pid,BALANCE,38.040,-0.007797,-0.022340,-0.004726,0.784800000,0.000889155,-0.000136084,0.000024,7,-0.000047265,-0.004726471,-0.003376051,-0.003376051,0.000000000,manual_A_near_upright
pid,BALANCE,38.062,-0.006731,-0.023541,-0.004156,0.784800001,0.000944562,-0.000117481,0.000024,7,-0.000041561,-0.004156149,-0.002968678,-0.002968678,0.000000000,manual_A_near_upright
pid,BALANCE,38.083,-0.005610,-0.024820,-0.003557,0.784800002,0.000990573,-0.000097905,0.000023,7,-0.000035567,-0.003556704,-0.002540503,-0.002540503,0.000000000,manual_A_near_upright
pid,BALANCE,38.103,-0.004443,-0.026162,-0.002935,0.784800003,0.001026802,-0.000077550,0.000023,7,-0.000029352,-0.002935185,-0.002096561,-0.002096561,0.000000000,manual_A_near_upright
pid,BALANCE,38.125,-0.003244,-0.027556,-0.002298,0.784800004,0.001052994,-0.000056615,0.000023,7,-0.000022976,-0.002297633,-0.001641166,-0.001641166,0.000000000,manual_A_near_upright
pid,BALANCE,38.146,-0.002023,-0.028987,-0.001650,0.784800004,0.001068992,-0.000035305,0.000023,7,-0.000016496,-0.001649584,-0.001178274,-0.001178274,0.000000000,manual_A_near_upright
pid,BALANCE,38.166,-0.000792,-0.030442,-0.000998,0.784800005,0.001074716,-0.000013823,0.000023,7,-0.000009978,-0.000997804,-0.000712717,-0.000712717,0.000000000,manual_A_near_upright
pid,BALANCE,38.187,0.000437,-0.031906,-0.000346,0.784800005,0.001070201,0.000007625,0.000023,7,-0.000003464,-0.000346426,-0.000247447,-0.000247447,0.000000000,manual_A_near_upright
pid,BALANCE,38.207,0.001651,-0.033367,0.000276,0.784800004,0.001055101,0.000028823,0.000022,7,0.000002763,0.000276326,0.000197376,0.000197376,0.000000000,manual_A_near_upright
pid,BALANCE,38.228,0.002842,-0.034810,0.000934,0.784800004,0.001031124,0.000049597,0.000022,7,0.000009337,0.000933665,0.000666904,0.000666904,0.000000000,manual_A_near_upright
pid,BALANCE,38.249,0.003996,-0.036222,0.001525,0.784800003,0.000996609,0.000069737,0.000022,7,0.000015252,0.001525165,0.001089404,0.001089404,0.000000000,manual_A_near_upright
pid,BALANCE,38.270,0.005103,-0.037589,0.002106,0.784800002,0.000953251,0.000089056,0.000022,7,0.000021055,0.002105535,0.001503953,0.001503953,0.000000000,manual_A_near_upright
pid,BALANCE,38.291,0.006153,-0.038900,0.002658,0.784800001,0.000901285,0.000107384,0.000022,7,0.000026582,0.002658193,0.001898709,0.001898709,0.000000000,manual_A_near_upright
pid,BALANCE,38.312,0.007136,-0.040143,0.003169,0.784800000,0.000841063,0.000124550,0.000022,7,0.000031686,0.003168649,0.002263321,0.002263321,0.000000000,manual_A_near_upright
pid,BALANCE,38.333,0.008045,-0.041305,0.003640,0.784799999,0.000773427,0.000140404,0.000021,7,0.000036404,0.003640400,0.002600286,0.002600286,0.000000000,manual_A_near_upright
pid,BALANCE,38.353,0.008870,-0.042378,0.004068,0.784799997,0.000699029,0.000154806,0.000021,7,0.000040680,0.004068016,0.002905726,0.002905726,0.000000000,manual_A_near_upright
pid,BALANCE,38.374,0.009605,-0.043352,0.004446,0.784799996,0.000618600,0.000167631,0.000021,7,0.000044463,0.004446322,0.003175944,0.003175944,0.000000000,manual_A_near_upright
pid,BALANCE,38.394,0.010243,-0.044218,0.004773,0.784799995,0.000532976,0.000178770,0.000021,7,0.000047728,0.004772811,0.003409151,0.003409151,0.000000000,manual_A_near_upright
pid,BALANCE,38.416,0.010779,-0.044969,0.005046,0.784799994,0.000443004,0.000188132,0.000021,7,0.000050457,0.005045698,0.003604070,0.003604070,0.000000000,manual_A_near_upright
pid,BALANCE,38.436,0.011210,-0.045599,0.005261,0.784799993,0.000349570,0.000195643,0.000021,7,0.000052612,0.005261222,0.003758016,0.003758016,0.000000000,manual_A_near_upright
pid,BALANCE,38.457,0.011531,-0.046103,0.005420,0.784799992,0.000253598,0.000201247,0.000020,7,0.000054195,0.005419516,0.003871083,0.003871083,0.000000000,manual_A_near_upright
pid,BALANCE,38.478,0.011740,-0.046478,0.005518,0.784799992,0.000155992,0.000204906,0.000020,7,0.000055180,0.005518042,0.003941459,0.003941459,0.000000000,manual_A_near_upright
pid,BALANCE,38.498,0.011837,-0.046721,0.005557,0.784799992,0.000057712,0.000206601,0.000020,7,0.000055569,0.005556945,0.003969247,0.003969247,0.000000000,manual_A_near_upright
pid,BALANCE,38.519,0.011822,-0.046830,0.005537,0.784799992,-0.000040307,0.000206333,0.000020,7,0.000055373,0.005537322,0.003955230,0.003955230,0.000000000,manual_A_near_upright
pid,BALANCE,38.540,0.011710,-0.046814,0.006727,0.784799992,-0.000110814,0.000204385,0.000020,7,0.000067272,0.006727170,0.004805122,0.004805122,0.000000000,manual_A_near_upright
pid,BALANCE,38.561,0.011521,-0.046681,0.007262,0.784799992,-0.000193919,0.000201087,0.000020,7,0.000072621,0.007262132,0.005187237,0.005187237,0.000000000,manual_A_near_upright
pid,BALANCE,38.582,0.011206,-0.046409,0.006342,0.784799993,-0.000303341,0.000195583,0.000020,7,0.000063416,0.006341631,0.004529737,0.004529737,0.000000000,manual_A_near_upright
pid,BALANCE,38.602,0.010788,-0.046011,0.006403,0.784799994,-0.000386994,0.000188280,0.000019,7,0.000064028,0.006402812,0.004573437,0.004573437,0.000000000,manual_A_near_upright
pid,BALANCE,38.623,0.010274,-0.045493,0.006148,0.784799995,-0.000472105,0.000179317,0.000019,7,0.000061478,0.006147784,0.004391274,0.004391274,0.000000000,manual_A_near_upright
pid,BALANCE,38.644,0.009663,-0.044857,0.005708,0.784799996,-0.000554737,0.000168658,0.000019,7,0.000057082,0.005708222,0.004077302,0.004077302,0.000000000,manual_A_near_upright
pid,BALANCE,38.665,0.008966,-0.044112,0.005392,0.784799997,-0.000627886,0.000156491,0.000019,7,0.000053916,0.005391628,0.003851163,0.003851163,0.000000000,manual_A_near_upright
pid,BALANCE,38.685,0.008190,-0.043266,0.004963,0.784799998,-0.000695988,0.000142936,0.000019,7,0.000051919,0.005191893,0.003708495,0.003708495,0.000000000,manual_A_near_upright
pid,BALANCE,38.706,0.007341,-0.042326,0.004493,0.784799999,-0.000756972,0.000128117,0.000019,7,0.000044935,0.004493474,0.003209624,0.003209624,0.000000000,manual_A_near_upright
pid,BALANCE,38.727,0.006428,-0.041302,0.004015,0.784800000,-0.000809777,0.000112198,0.000019,7,0.000040152,0.004015231,0.002868022,0.002868022,0.000000000,manual_A_near_upright
pid,BALANCE,38.748,0.005462,-0.040206,0.003495,0.784800001,-0.000854773,0.000095335,0.000019,7,0.000034949,0.003494895,0.002496354,0.002496354,0.000000000,manual_A_near_upright
pid,BALANCE,38.768,0.004452,-0.039047,0.002955,0.784800002,-0.000891234,0.000077695,0.000018,7,0.000029546,0.002954590,0.002110421,0.002110421,0.000000000,manual_A_near_upright
pid,BALANCE,38.789,0.003406,-0.037837,0.002400,0.784800003,-0.000918884,0.000059453,0.000018,7,0.000024000,0.002399961,0.001714258,0.001714258,0.000000000,manual_A_near_upright
pid,BALANCE,38.810,0.002337,-0.036588,0.001831,0.784800003,-0.000937644,0.000040787,0.000018,7,0.000018310,0.001830978,0.001307842,0.001307842,0.000000000,manual_A_near_upright
pid,BALANCE,38.831,0.001253,-0.035312,0.001257,0.784800003,-0.000947338,0.000021877,0.000018,7,0.000012567,0.001256746,0.000897676,0.000897676,0.000000000,manual_A_near_upright
pid,BALANCE,38.852,0.000166,-0.034020,0.000682,0.784800004,-0.000947966,0.000002904,0.000018,7,0.000006817,0.000681719,0.000486942,0.000486942,0.000000000,manual_A_near_upright
pid,BALANCE,38.873,-0.000914,-0.032726,0.000111,0.784800003,-0.000939602,-0.000015950,0.000018,7,0.000001110,0.000110977,0.000079269,0.000079269,0.000000000,manual_A_near_upright
pid,BALANCE,38.894,-0.001977,-0.031442,-0.000449,0.784800003,-0.000922385,-0.000034509,0.000018,7,-0.000004493,-0.000449303,-0.000320931,-0.000320931,0.000000000,manual_A_near_upright
pid,BALANCE,38.914,-0.003014,-0.030178,-0.000994,0.784800003,-0.000896560,-0.000052598,0.000017,7,-0.000009944,-0.000994384,-0.000710274,-0.000710274,0.000000000,manual_A_near_upright
pid,BALANCE,38.935,-0.004014,-0.028948,-0.001519,0.784800002,-0.000862441,-0.000070049,0.000017,7,-0.000012597,-0.001259653,-0.000899752,-0.000899752,0.000000000,manual_A_near_upright
pid,BALANCE,38.956,-0.004968,-0.027763,-0.002019,0.784800001,-0.000820421,-0.000086703,0.000017,7,-0.000020186,-0.002018629,-0.001441878,-0.001441878,0.000000000,manual_A_near_upright
pid,BALANCE,38.977,-0.005868,-0.026632,-0.002488,0.784800000,-0.000770965,-0.000102407,0.000017,7,-0.000024884,-0.002488354,-0.001777396,-0.001777396,0.000000000,manual_A_near_upright
pid,BALANCE,38.998,-0.006705,-0.025568,-0.002924,0.784799999,-0.000714601,-0.000117022,0.000017,7,-0.000029244,-0.002924402,-0.002088859,-0.002088859,0.000000000,manual_A_near_upright
pid,BALANCE,39.019,-0.007472,-0.024577,-0.003322,0.784799998,-0.000651917,-0.000130416,0.000017,7,-0.000033223,-0.003322342,-0.002373102,-0.002373102,0.000000000,manual_A_near_upright
pid,BALANCE,39.040,-0.008163,-0.023671,-0.003679,0.784799997,-0.000583569,-0.000142473,0.000017,7,-0.000036795,-0.003679480,-0.002628200,-0.002628200,0.000000000,manual_A_near_upright
pid,BALANCE,39.060,-0.008771,-0.022856,-0.003992,0.784799996,-0.000510244,-0.000153090,0.000017,7,-0.000039918,-0.003991782,-0.002851273,-0.002851273,0.000000000,manual_A_near_upright
pid,BALANCE,39.081,-0.009292,-0.022139,-0.004258,0.784799996,-0.000432687,-0.000162177,0.000016,7,-0.000042579,-0.004257939,-0.003041385,-0.003041385,0.000000000,manual_A_near_upright
pid,BALANCE,39.102,-0.009721,-0.021526,-0.004475,0.784799995,-0.000351646,-0.000169662,0.000016,7,-0.000044746,-0.004474563,-0.003196116,-0.003196116,0.000000000,manual_A_near_upright
pid,BALANCE,39.123,-0.010055,-0.021023,-0.004640,0.784799994,-0.000267937,-0.000175485,0.000016,7,-0.000046405,-0.004640457,-0.003314612,-0.003314612,0.000000000,manual_A_near_upright
pid,BALANCE,39.143,-0.010291,-0.020632,-0.004755,0.784799994,-0.000182378,-0.000179606,0.000016,7,-0.000047551,-0.004755084,-0.003396488,-0.003396488,0.000000000,manual_A_near_upright
pid,BALANCE,39.164,-0.010428,-0.020357,-0.004817,0.784799994,-0.000095773,-0.000181999,0.000016,7,-0.000048171,-0.004817056,-0.003440754,-0.003440754,0.000000000,manual_A_near_upright
pid,BALANCE,39.185,-0.010465,-0.020199,-0.004826,0.784799993,-0.000008957,-0.000182656,0.000016,7,-0.000048261,-0.004826120,-0.003447229,-0.003447229,0.000000000,manual_A_near_upright
pid,BALANCE,39.207,-0.010400,-0.020159,-0.005013,0.784799994,0.000076607,-0.000181515,0.000016,7,-0.000050128,-0.005012783,-0.003580559,-0.003580559,0.000000000,manual_A_near_upright
pid,BALANCE,39.237,-0.010190,-0.020289,-0.006549,0.784799994,0.000165804,-0.000177851,0.000016,7,-0.000065490,-0.006548984,-0.004677846,-0.004677846,0.000000000,manual_A_near_upright
pid,BALANCE,39.258,-0.009917,-0.020525,-0.005689,0.784799994,0.000263793,-0.000173082,0.000015,7,-0.000056893,-0.005689259,-0.004063757,-0.004063757,0.000000000,manual_A_near_upright
pid,BALANCE,39.279,-0.009552,-0.020874,-0.005745,0.784799995,0.000338003,-0.000166707,0.000015,7,-0.000057454,-0.005745386,-0.004103847,-0.004103847,0.000000000,manual_A_near_upright
pid,BALANCE,39.300,-0.009102,-0.021328,-0.005537,0.784799996,0.000413230,-0.000158868,0.000015,7,-0.000055367,-0.005536674,-0.003954767,-0.003954767,0.000000000,manual_A_near_upright
pid,BALANCE,39.321,-0.008567,-0.021887,-0.005141,0.784799997,0.000486806,-0.000149520,0.000015,7,-0.000051410,-0.005140969,-0.003672120,-0.003672120,0.000000000,manual_A_near_upright
pid,BALANCE,39.341,-0.007954,-0.022543,-0.004865,0.784799997,0.000551782,-0.000138831,0.000015,7,-0.000048647,-0.004864659,-0.003474757,-0.003474757,0.000000000,manual_A_near_upright
pid,BALANCE,39.362,-0.007272,-0.023289,-0.004505,0.784799998,0.000612004,-0.000126912,0.000015,7,-0.000045048,-0.004504803,-0.003217717,-0.003217717,0.000000000,manual_A_near_upright
pid,BALANCE,39.383,-0.006524,-0.024118,-0.004073,0.784799999,0.000666720,-0.000113866,0.000015,7,-0.000040728,-0.004072845,-0.002909175,-0.002909175,0.000000000,manual_A_near_upright
pid,BALANCE,39.404,-0.005721,-0.025021,-0.003663,0.784800000,0.000713591,-0.000099842,0.000015,7,-0.000036630,-0.003663038,-0.002616456,-0.002616456,0.000000000,manual_A_near_upright
pid,BALANCE,39.424,-0.004868,-0.025989,-0.003189,0.784800001,0.000754130,-0.000084968,0.000015,7,-0.000031888,-0.003188814,-0.002277724,-0.002277724,0.000000000,manual_A_near_upright
pid,BALANCE,39.446,-0.003976,-0.027013,-0.002718,0.784800002,0.000786674,-0.000069399,0.000014,7,-0.000027182,-0.002718191,-0.001941565,-0.001941565,0.000000000,manual_A_near_upright
pid,BALANCE,39.467,-0.003053,-0.028083,-0.002242,0.784800002,0.000811291,-0.000053293,0.000014,7,-0.000022416,-0.002241563,-0.001601117,-0.001601117,0.000000000,manual_A_near_upright
pid,BALANCE,39.488,-0.002061,-0.029243,-0.001700,0.784800002,0.000829267,-0.000035974,0.000014,7,-0.000017003,-0.001700322,-0.001214516,-0.001214516,0.000000000,manual_A_near_upright
pid,BALANCE,39.519,-0.000670,-0.030887,-0.000968,0.784800003,0.000839054,-0.000011700,0.000014,7,-0.000009684,-0.000968409,-0.000691720,-0.000691720,0.000000000,manual_A_near_upright
pid,BALANCE,39.540,0.000290,-0.032033,-0.000431,0.784800003,0.000836632,0.000005066,0.000014,7,-0.000004314,-0.000431449,-0.000308178,-0.000308178,0.000000000,manual_A_near_upright
pid,BALANCE,39.560,0.001240,-0.033176,0.000037,0.784800003,0.000824954,0.000021642,0.000014,7,0.000000372,0.000037155,0.000026539,0.000026539,0.000000000,manual_A_near_upright
pid,BALANCE,39.581,0.002171,-0.034307,0.000539,0.784800002,0.000806491,0.000037887,0.000014,7,0.000005394,0.000539378,0.000385270,0.000385270,0.000000000,manual_A_near_upright
pid,BALANCE,39.602,0.003074,-0.035413,0.001016,0.784800002,0.000780301,0.000053651,0.000014,7,0.000010155,0.001015546,0.000725390,0.000725390,0.000000000,manual_A_near_upright
pid,BALANCE,39.623,0.003983,-0.036538,0.001489,0.784800001,0.000744989,0.000069522,0.000014,7,0.000014894,0.001489371,0.001063836,0.001063836,0.000000000,manual_A_near_upright
pid,BALANCE,39.643,0.004764,-0.037514,0.001880,0.784800001,0.000706264,0.000083144,0.000014,7,0.000018801,0.001880136,0.001342954,0.001342954,0.000000000,manual_A_near_upright
pid,BALANCE,39.664,0.005535,-0.038490,0.002306,0.784800000,0.000660186,0.000096612,0.000013,7,0.000023062,0.002306167,0.001647262,0.001647262,0.000000000,manual_A_near_upright
pid,BALANCE,39.685,0.006249,-0.039404,0.002659,0.784799999,0.000607351,0.000109058,0.000013,7,0.000026590,0.002659005,0.001899289,0.001899289,0.000000000,manual_A_near_upright
pid,BALANCE,39.706,0.006897,-0.040249,0.003012,0.784799998,0.000549921,0.000120382,0.000013,7,0.000030122,0.003012154,0.002151539,0.002151539,0.000000000,manual_A_near_upright
pid,BALANCE,39.727,0.007476,-0.041016,0.003305,0.784799998,0.000487263,0.000130481,0.000013,7,0.000033045,0.003304514,0.002360367,0.002360367,0.000000000,manual_A_near_upright
pid,BALANCE,39.748,0.007979,-0.041699,0.003549,0.784799997,0.000420352,0.000139263,0.000013,7,0.000035493,0.003549328,0.002535235,0.002535235,0.000000000,manual_A_near_upright
pid,BALANCE,39.769,0.008403,-0.042293,0.003780,0.784799996,0.000350604,0.000146664,0.000013,7,0.000037803,0.003780253,0.002700181,0.002700181,0.000000000,manual_A_near_upright
pid,BALANCE,39.790,0.008745,-0.042793,0.003952,0.784799996,0.000277778,0.000152626,0.000013,7,0.000039522,0.003952237,0.002823026,0.002823026,0.000000000,manual_A_near_upright
pid,BALANCE,39.810,0.009001,-0.043194,0.004074,0.784799995,0.000202807,0.000157097,0.000013,7,0.000040736,0.004073617,0.002909727,0.002909727,0.000000000,manual_A_near_upright
pid,BALANCE,39.831,0.009170,-0.043495,0.004157,0.784799995,0.000126692,0.000160051,0.000013,7,0.000041570,0.004156977,0.002969269,0.002969269,0.000000000,manual_A_near_upright
pid,BALANCE,39.853,0.009252,-0.043692,0.004190,0.784799995,0.000049909,0.000161473,0.000013,7,0.000041900,0.004190004,0.002992860,0.002992860,0.000000000,manual_A_near_upright
pid,BALANCE,39.873,0.009245,-0.043786,0.004176,0.784799995,-0.000026721,0.000161359,0.000012,7,0.000041762,0.004176210,0.002983007,0.002983007,0.000000000,manual_A_near_upright
pid,BALANCE,39.894,0.009165,-0.043781,0.005271,0.784799995,-0.000078454,0.000159952,0.000012,7,0.000052712,0.005271249,0.003765178,0.003765178,0.000000000,manual_A_near_upright
pid,BALANCE,39.915,0.009033,-0.043690,0.005996,0.784799995,-0.000137590,0.000157651,0.000012,7,0.000059958,0.005995762,0.004282687,0.004282687,0.000000000,manual_A_near_upright
pid,BALANCE,39.936,0.008798,-0.043488,0.005085,0.784799996,-0.000227870,0.000153558,0.000012,7,0.000050850,0.005084986,0.003632133,0.003632133,0.000000000,manual_A_near_upright
pid,BALANCE,39.956,0.008482,-0.043187,0.005201,0.784799996,-0.000292528,0.000148044,0.000012,7,0.000052008,0.005200844,0.003714889,0.003714889,0.000000000,manual_A_near_upright
pid,BALANCE,39.977,0.008092,-0.042792,0.004997,0.784799997,-0.000359968,0.000141226,0.000012,7,0.000049971,0.004997121,0.003569372,0.003569372,0.000000000,manual_A_near_upright
pid,BALANCE,39.998,0.007624,-0.042304,0.004679,0.784799997,-0.000424916,0.000133071,0.000012,7,0.000046789,0.004678925,0.003342090,0.003342090,0.000000000,manual_A_near_upright
pid,BALANCE,40.019,0.007088,-0.041729,0.004420,0.784799998,-0.000483275,0.000123717,0.000012,7,0.000044199,0.004419923,0.003157088,0.003157088,0.000000000,manual_A_near_upright
pid,BALANCE,40.040,0.006489,-0.041074,0.004100,0.784799999,-0.000537173,0.000113262,0.000012,7,0.000041003,0.004100288,0.002928777,0.002928777,0.000000000,manual_A_near_upright
pid,BALANCE,40.060,0.005833,-0.040346,0.003740,0.784799999,-0.000585735,0.000101804,0.000012,7,0.000037401,0.003740061,0.002671472,0.002671472,0.000000000,manual_A_near_upright
pid,BALANCE,40.081,0.005126,-0.039550,0.003366,0.784800000,-0.000628079,0.000089465,0.000012,7,0.000033663,0.003366297,0.002404498,0.002404498,0.000000000,manual_A_near_upright
pid,BALANCE,40.102,0.004375,-0.038697,0.002947,0.784800001,-0.000664592,0.000076365,0.000012,7,0.000029473,0.002947336,0.002105240,0.002105240,0.000000000,manual_A_near_upright
pid,BALANCE,40.123,0.003589,-0.037793,0.002536,0.784800001,-0.000693934,0.000062632,0.000011,7,0.000025356,0.002535632,0.001811166,0.001811166,0.000000000,manual_A_near_upright
pid,BALANCE,40.144,0.002774,-0.036848,0.002122,0.784800002,-0.000716233,0.000048420,0.000011,7,0.000021217,0.002121667,0.001515476,0.001515476,0.000000000,manual_A_near_upright
pid,BALANCE,40.164,0.001940,-0.035872,0.001666,0.784800002,-0.000732219,0.000033852,0.000011,7,0.000016658,0.001665815,0.001189868,0.001189868,0.000000000,manual_A_near_upright
pid,BALANCE,40.185,0.001092,-0.034872,0.001201,0.784800002,-0.000741196,0.000019066,0.000011,7,0.000012006,0.001200627,0.000857591,0.000857591,0.000000000,manual_A_near_upright
pid,BALANCE,40.206,0.000241,-0.033860,0.000760,0.784800002,-0.000742504,0.000004207,0.000011,7,0.000007599,0.000759893,0.000542781,0.000542781,0.000000000,manual_A_near_upright
pid,BALANCE,40.227,-0.000605,-0.032844,0.000332,0.784800002,-0.000736587,-0.000010567,0.000011,7,0.000003320,0.000332035,0.000237168,0.000237168,0.000000000,manual_A_near_upright
pid,BALANCE,40.248,-0.001440,-0.031834,-0.000142,0.784800002,-0.000724845,-0.000025139,0.000011,7,-0.000001422,-0.000142218,-0.000101585,-0.000101585,0.000000000,manual_A_near_upright
pid,BALANCE,40.268,-0.002255,-0.030840,-0.000545,0.784800002,-0.000705044,-0.000039361,0.000011,7,-0.000005449,-0.000544942,-0.000389245,-0.000389245,0.000000000,manual_A_near_upright
pid,BALANCE,40.289,-0.003043,-0.029870,-0.000988,0.784800001,-0.000679891,-0.000053108,0.000011,7,-0.000009884,-0.000988374,-0.000705981,-0.000705981,0.000000000,manual_A_near_upright
pid,BALANCE,40.310,-0.003796,-0.028934,-0.001382,0.784800001,-0.000647820,-0.000066254,0.000011,7,-0.000013817,-0.001381663,-0.000986902,-0.000986902,0.000000000,manual_A_near_upright
pid,BALANCE,40.331,-0.004507,-0.028040,-0.001745,0.784800000,-0.000609728,-0.000078668,0.000011,7,-0.000017451,-0.001745125,-0.001246518,-0.001246518,0.000000000,manual_A_near_upright
pid,BALANCE,40.352,-0.005171,-0.027197,-0.002096,0.784800000,-0.000566452,-0.000090245,0.000011,7,-0.000020963,-0.002096299,-0.001497357,-0.001497357,0.000000000,manual_A_near_upright
pid,BALANCE,40.372,-0.005780,-0.026410,-0.002411,0.784799999,-0.000518005,-0.000100880,0.000010,7,-0.000024114,-0.002411396,-0.001722426,-0.001722426,0.000000000,manual_A_near_upright
pid,BALANCE,40.393,-0.006330,-0.025689,-0.002682,0.784799998,-0.000464781,-0.000110477,0.000010,7,-0.000026821,-0.002682113,-0.001915795,-0.001915795,0.000000000,manual_A_near_upright
pid,BALANCE,40.414,-0.006816,-0.025038,-0.002947,0.784799998,-0.000408189,-0.000118958,0.000010,7,-0.000029471,-0.002947137,-0.002105098,-0.002105098,0.000000000,manual_A_near_upright
pid,BALANCE,40.435,-0.007234,-0.024464,-0.003162,0.784799997,-0.000347890,-0.000126255,0.000010,7,-0.000031623,-0.003162303,-0.002258788,-0.002258788,0.000000000,manual_A_near_upright
pid,BALANCE,40.456,-0.007580,-0.023971,-0.003319,0.784799997,-0.000284373,-0.000132295,0.000010,7,-0.000033193,-0.003319307,-0.002370934,-0.002370934,0.000000000,manual_A_near_upright
pid,BALANCE,40.477,-0.007852,-0.023562,-0.003471,0.784799997,-0.000219396,-0.000137043,0.000010,7,-0.000034710,-0.003471009,-0.002479292,-0.002479292,0.000000000,manual_A_near_upright
pid,BALANCE,40.497,-0.008048,-0.023242,-0.003566,0.784799996,-0.000152503,-0.000140463,0.000010,7,-0.000035656,-0.003565587,-0.002546848,-0.002546848,0.000000000,manual_A_near_upright
pid,BALANCE,40.518,-0.008166,-0.023012,-0.003620,0.784799996,-0.000084739,-0.000142532,0.000010,7,-0.000036204,-0.003620382,-0.002585987,-0.002585987,0.000000000,manual_A_near_upright
pid,BALANCE,40.539,-0.008207,-0.022874,-0.003634,0.784799996,-0.000016708,-0.000143240,0.000010,7,-0.000036339,-0.003633895,-0.002595639,-0.002595639,0.000000000,manual_A_near_upright
pid,BALANCE,40.560,-0.008170,-0.022828,-0.003606,0.784799996,0.000050947,-0.000142592,0.000010,7,-0.000036055,-0.003605544,-0.002575389,-0.002575389,0.000000000,manual_A_near_upright
pid,BALANCE,40.580,-0.008088,-0.022860,-0.005431,0.784799996,0.000078759,-0.000141162,0.000010,7,-0.000054312,-0.005431181,-0.003879415,-0.003879415,0.000000000,manual_A_near_upright
pid,BALANCE,40.601,-0.007941,-0.022977,-0.005033,0.784799996,0.000152523,-0.000138598,0.000010,7,-0.000050333,-0.005033319,-0.003595228,-0.003595228,0.000000000,manual_A_near_upright
pid,BALANCE,40.622,-0.007703,-0.023192,-0.004542,0.784799997,0.000224592,-0.000134445,0.000010,7,-0.000045420,-0.004542011,-0.003244293,-0.003244293,0.000000000,manual_A_near_upright
pid,BALANCE,40.643,-0.007400,-0.023491,-0.004701,0.784799997,0.000279627,-0.000129160,0.000010,7,-0.000047013,-0.004701335,-0.003358096,-0.003358096,0.000000000,manual_A_near_upright
pid,BALANCE,40.664,-0.007029,-0.023873,-0.004388,0.784799998,0.000340832,-0.000122683,0.000009,7,-0.000043875,-0.004387504,-0.003133931,-0.003133931,0.000000000,manual_A_near_upright
pid,BALANCE,40.685,-0.006592,-0.024337,-0.004123,0.784799998,0.000396419,-0.000115044,0.000009,7,-0.000041231,-0.004123127,-0.002945091,-0.002945091,0.000000000,manual_A_near_upright
pid,BALANCE,40.705,-0.006096,-0.024874,-0.003904,0.784799999,0.000446222,-0.000106388,0.000009,7,-0.000039037,-0.003903697,-0.002788355,-0.002788355,0.000000000,manual_A_near_upright
pid,BALANCE,40.726,-0.005545,-0.025482,-0.003581,0.784799999,0.000492948,-0.000096778,0.000009,7,-0.000035815,-0.003581450,-0.002558179,-0.002558179,0.000000000,manual_A_near_upright
pid,BALANCE,40.747,-0.004945,-0.026152,-0.003260,0.784800000,0.000534028,-0.000086313,0.000009,7,-0.000032603,-0.003260257,-0.002328755,-0.002328755,0.000000000,manual_A_near_upright
pid,BALANCE,40.768,-0.004303,-0.026879,-0.002922,0.784800000,0.000569599,-0.000075107,0.000009,7,-0.000029223,-0.002922312,-0.002087366,-0.002087366,0.000000000,manual_A_near_upright
pid,BALANCE,40.788,-0.003625,-0.027655,-0.002555,0.784800001,0.000599697,-0.000063268,0.000009,7,-0.000025548,-0.002554844,-0.001824888,-0.001824888,0.000000000,manual_A_near_upright
pid,BALANCE,40.809,-0.002917,-0.028472,-0.002178,0.784800001,0.000623727,-0.000050914,0.000009,7,-0.000021784,-0.002178405,-0.001556004,-0.001556004,0.000000000,manual_A_near_upright
pid,BALANCE,40.830,-0.002187,-0.029323,-0.001790,0.784800001,0.000641649,-0.000038169,0.000009,7,-0.000017902,-0.001790243,-0.001278745,-0.001278745,0.000000000,manual_A_near_upright
pid,BALANCE,40.851,-0.001441,-0.030199,-0.001393,0.784800002,0.000653358,-0.000025154,0.000009,7,-0.000013933,-0.001393337,-0.000995241,-0.000995241,0.000000000,manual_A_near_upright
pid,BALANCE,40.872,-0.000687,-0.031093,-0.000994,0.784800002,0.000658742,-0.000011997,0.000009,7,-0.000009941,-0.000994052,-0.000710037,-0.000710037,0.000000000,manual_A_near_upright
pid,BALANCE,40.893,0.000067,-0.031994,-0.000595,0.784800002,0.000657833,0.000001176,0.000009,7,-0.000005945,-0.000594508,-0.000424648,-0.000424648,0.000000000,manual_A_near_upright
pid,BALANCE,40.913,0.000816,-0.032896,-0.000197,0.784800002,0.000650669,0.000014240,0.000009,7,-0.000001974,-0.000197384,-0.000140989,-0.000140989,0.000000000,manual_A_near_upright
pid,BALANCE,40.934,0.001551,-0.033789,0.000189,0.784800001,0.000637327,0.000027071,0.000009,7,0.000001890,0.000189037,0.000135026,0.000135026,0.000000000,manual_A_near_upright
pid,BALANCE,40.955,0.002266,-0.034665,0.000565,0.784800001,0.000618065,0.000039549,0.000009,7,0.000005649,0.000564934,0.000403524,0.000403524,0.000000000,manual_A_near_upright
pid,BALANCE,40.975,0.002954,-0.035517,0.000926,0.784800001,0.000593100,0.000051559,0.000008,7,0.000009261,0.000926117,0.000661512,0.000661512,0.000000000,manual_A_near_upright
pid,BALANCE,40.996,0.003609,-0.036335,0.001269,0.784800000,0.000562702,0.000062989,0.000008,7,0.000012688,0.001268794,0.000906282,0.000906282,0.000000000,manual_A_near_upright
pid,BALANCE,41.017,0.004225,-0.037114,0.001576,0.784800000,0.000526915,0.000073735,0.000008,7,0.000015756,0.001575580,0.001125415,0.001125415,0.000000000,manual_A_near_upright
pid,BALANCE,41.038,0.004796,-0.037845,0.001889,0.784800000,0.000487065,0.000083703,0.000008,7,0.000018886,0.001888625,0.001349018,0.001349018,0.000000000,manual_A_near_upright
pid,BALANCE,41.059,0.005317,-0.038523,0.002154,0.784799999,0.000442470,0.000092807,0.000008,7,0.000021542,0.002154226,0.001538733,0.001538733,0.000000000,manual_A_near_upright
pid,BALANCE,41.079,0.005785,-0.039142,0.002393,0.784799999,0.000394104,0.000100960,0.000008,7,0.000023926,0.002392571,0.001708980,0.001708980,0.000000000,manual_A_near_upright
pid,BALANCE,41.100,0.006194,-0.039696,0.002614,0.784799998,0.000342673,0.000108103,0.000008,7,0.000026137,0.002613745,0.001866960,0.001866960,0.000000000,manual_A_near_upright
pid,BALANCE,41.120,0.006541,-0.040180,0.002785,0.784799998,0.000288041,0.000114169,0.000008,7,0.000027845,0.002784536,0.001988955,0.001988955,0.000000000,manual_A_near_upright
pid,BALANCE,41.141,0.006825,-0.040591,0.002928,0.784799997,0.000231277,0.000119110,0.000008,7,0.000029282,0.002928185,0.002091561,0.002091561,0.000000000,manual_A_near_upright
pid,BALANCE,41.162,0.007041,-0.040926,0.003028,0.784799997,0.000172609,0.000122887,0.000008,7,0.000030279,0.003027906,0.002162790,0.002162790,0.000000000,manual_A_near_upright
pid,BALANCE,41.183,0.007189,-0.041181,0.003107,0.784799997,0.000113106,0.000125478,0.000008,7,0.000031073,0.003107311,0.002219508,0.002219508,0.000000000,manual_A_near_upright
pid,BALANCE,41.204,0.007269,-0.041356,0.003142,0.784799997,0.000052836,0.000126867,0.000008,7,0.000031419,0.003141881,0.002244201,0.002244201,0.000000000,manual_A_near_upright
pid,BALANCE,41.224,0.007279,-0.041450,0.003140,0.784799997,-0.000007446,0.000127049,0.000008,7,0.000031401,0.003140052,0.002242894,0.002242894,0.000000000,manual_A_near_upright
pid,BALANCE,41.245,0.007226,-0.041463,0.003652,0.784799997,-0.000055666,0.000126116,0.000008,7,0.000036515,0.003651518,0.002608227,0.002608227,0.000000000,manual_A_near_upright
pid,BALANCE,41.266,0.007143,-0.041413,0.004999,0.784799997,-0.000086209,0.000124664,0.000008,7,0.000049993,0.004999306,0.003570933,0.003570933,0.000000000,manual_A_near_upright
pid,BALANCE,41.286,0.006984,-0.041279,0.004277,0.784799997,-0.000158513,0.000121892,0.000008,7,0.000042768,0.004276800,0.003054857,0.003054857,0.000000000,manual_A_near_upright
pid,BALANCE,41.307,0.006755,-0.041063,0.004234,0.784799997,-0.000213333,0.000117899,0.000008,7,0.000042336,0.004233603,0.003024002,0.003024002,0.000000000,manual_A_near_upright
pid,BALANCE,41.328,0.006468,-0.040772,0.004159,0.784799998,-0.000265813,0.000112880,0.000007,7,0.000041592,0.004159152,0.002970823,0.002970823,0.000000000,manual_A_near_upright
pid,BALANCE,41.349,0.006119,-0.040408,0.003889,0.784799998,-0.000318727,0.000106789,0.000007,7,0.000038894,0.003889431,0.002778165,0.002778165,0.000000000,manual_A_near_upright
pid,BALANCE,41.370,0.005713,-0.039974,0.003690,0.784799999,-0.000366047,0.000099719,0.000007,7,0.000036897,0.003689675,0.002635482,0.002635482,0.000000000,manual_A_near_upright
pid,BALANCE,41.391,0.005257,-0.039475,0.003452,0.784799999,-0.000409753,0.000091759,0.000007,7,0.000034520,0.003452014,0.002465724,0.002465724,0.000000000,manual_A_near_upright
pid,BALANCE,41.411,0.004754,-0.038916,0.003168,0.784799999,-0.000449653,0.000082977,0.000007,7,0.000031679,0.003167919,0.002262799,0.002262799,0.000000000,manual_A_near_upright
pid,BALANCE,41.432,0.004209,-0.038303,0.002880,0.784800000,-0.000484563,0.000073469,0.000007,7,0.000028803,0.002880310,0.002057364,0.002057364,0.000000000,manual_A_near_upright
pid,BALANCE,41.453,0.003629,-0.037642,0.002569,0.784800000,-0.000514688,0.000063332,0.000007,7,0.000025694,0.002569372,0.001835266,0.001835266,0.000000000,manual_A_near_upright
pid,BALANCE,41.473,0.003018,-0.036939,0.002241,0.784800001,-0.000539715,0.000052665,0.000007,7,0.000024063,0.002406279,0.001718770,0.001718770,0.000000000,manual_A_near_upright
pid,BALANCE,41.494,0.002382,-0.036202,0.001903,0.784800001,-0.000559345,0.000041577,0.000007,7,0.000019031,0.001903082,0.001359344,0.001359344,0.000000000,manual_A_near_upright
pid,BALANCE,41.515,0.001729,-0.035437,0.001566,0.784800001,-0.000573318,0.000030180,0.000007,7,0.000015659,0.001565908,0.001118506,0.001118506,0.000000000,manual_A_near_upright
pid,BALANCE,41.536,0.001064,-0.034653,0.001196,0.784800001,-0.000582296,0.000018572,0.000007,7,0.000011956,0.001195592,0.000853994,0.000853994,0.000000000,manual_A_near_upright
pid,BALANCE,41.557,0.000394,-0.033855,0.000860,0.784800001,-0.000584913,0.000006880,0.000007,7,0.000008597,0.000859748,0.000614105,0.000614105,0.000000000,manual_A_near_upright
pid,BALANCE,41.577,-0.000275,-0.033053,0.000499,0.784800001,-0.000582516,-0.000004791,0.000007,7,0.000006873,0.000687293,0.000490923,0.000490923,0.000000000,manual_A_near_upright
pid,BALANCE,41.599,-0.000936,-0.032253,0.000138,0.784800001,-0.000574684,-0.000016339,0.000007,7,0.000001382,0.000138173,0.000098695,0.000098695,0.000000000,manual_A_near_upright
pid,BALANCE,41.619,-0.001584,-0.031463,-0.000193,0.784800001,-0.000561018,-0.000027644,0.000007,7,-0.000001935,-0.000193476,-0.000138197,-0.000138197,0.000000000,manual_A_near_upright
pid,BALANCE,41.640,-0.002212,-0.030690,-0.000526,0.784800001,-0.000542399,-0.000038604,0.000007,7,-0.000005263,-0.000526324,-0.000375946,-0.000375946,0.000000000,manual_A_near_upright
pid,BALANCE,41.661,-0.002814,-0.029941,-0.000843,0.784800001,-0.000518738,-0.000049118,0.000007,7,-0.000008433,-0.000843274,-0.000602339,-0.000602339,0.000000000,manual_A_near_upright
pid,BALANCE,41.682,-0.003386,-0.029224,-0.001140,0.784800000,-0.000490291,-0.000059089,0.000007,7,-0.000011405,-0.001140497,-0.000814641,-0.000814641,0.000000000,manual_A_near_upright
pid,BALANCE,41.702,-0.003921,-0.028544,-0.001420,0.784800000,-0.000457469,-0.000068426,0.000007,7,-0.000014202,-0.001420189,-0.001014421,-0.001014421,0.000000000,manual_A_near_upright
pid,BALANCE,41.723,-0.004414,-0.027908,-0.001669,0.784800000,-0.000420392,-0.000077043,0.000007,7,-0.000016685,-0.001668507,-0.001191791,-0.001191791,0.000000000,manual_A_near_upright
pid,BALANCE,41.744,-0.004863,-0.027321,-0.001915,0.784799999,-0.000380073,-0.000084874,0.000006,7,-0.000019146,-0.001914577,-0.001367555,-0.001367555,0.000000000,manual_A_near_upright
pid,BALANCE,41.764,-0.005262,-0.026788,-0.002098,0.784799999,-0.000335738,-0.000091837,0.000006,7,-0.000020984,-0.002098378,-0.001498841,-0.001498841,0.000000000,manual_A_near_upright
pid,BALANCE,41.785,-0.005608,-0.026315,-0.002297,0.784799998,-0.000289476,-0.000097886,0.000006,7,-0.000022972,-0.002297187,-0.001640848,-0.001640848,0.000000000,manual_A_near_upright
pid,BALANCE,41.806,-0.005900,-0.025904,-0.002443,0.784799998,-0.000240335,-0.000102968,0.000006,7,-0.000024426,-0.002442639,-0.001744742,-0.001744742,0.000000000,manual_A_near_upright
pid,BALANCE,41.827,-0.006133,-0.025559,-0.002551,0.784799998,-0.000189191,-0.000107034,0.000006,7,-0.000025512,-0.002551176,-0.001822268,-0.001822268,0.000000000,manual_A_near_upright
pid,BALANCE,41.848,-0.006306,-0.025283,-0.002644,0.784799998,-0.000136985,-0.000110063,0.000006,7,-0.000026435,-0.002643547,-0.001888248,-0.001888248,0.000000000,manual_A_near_upright
pid,BALANCE,41.868,-0.006419,-0.025078,-0.002695,0.784799998,-0.000083728,-0.000112031,0.000006,7,-0.000026953,-0.002695256,-0.001925183,-0.001925183,0.000000000,manual_A_near_upright
pid,BALANCE,41.889,-0.006470,-0.024944,-0.002715,0.784799998,-0.000030115,-0.000112928,0.000006,7,-0.000027151,-0.002715137,-0.001939383,-0.001939383,0.000000000,manual_A_near_upright
pid,BALANCE,41.910,-0.006460,-0.024884,-0.002706,0.784799998,0.000023280,-0.000112756,0.000006,7,-0.000027062,-0.002706230,-0.001933022,-0.001933022,0.000000000,manual_A_near_upright
pid,BALANCE,41.930,-0.006405,-0.024889,-0.003919,0.784799998,0.000049982,-0.000111784,0.000006,7,-0.000039192,-0.003919229,-0.002799449,-0.002799449,0.000000000,manual_A_near_upright
pid,BALANCE,41.951,-0.006321,-0.024952,-0.004466,0.784799998,0.000091009,-0.000110320,0.000006,7,-0.000044658,-0.004465793,-0.003189852,-0.003189852,0.000000000,manual_A_near_upright
pid,BALANCE,41.972,-0.006159,-0.025094,-0.003700,0.784799998,0.000157194,-0.000107501,0.000006,7,-0.000036999,-0.003699884,-0.002642774,-0.002642774,0.000000000,manual_A_near_upright
pid,BALANCE,41.993,-0.005942,-0.025305,-0.003879,0.784799998,0.000200682,-0.000103711,0.000006,7,-0.000038795,-0.003879461,-0.002771044,-0.002771044,0.000000000,manual_A_near_upright
pid,BALANCE,42.014,-0.005673,-0.025582,-0.003733,0.784799998,0.000248370,-0.000099020,0.000006,7,-0.000037335,-0.003733478,-0.002666770,-0.002666770,0.000000000,manual_A_near_upright
pid,BALANCE,42.034,-0.005349,-0.025925,-0.003464,0.784799999,0.000295181,-0.000093359,0.000006,7,-0.000034642,-0.003464212,-0.002474437,-0.002474437,0.000000000,manual_A_near_upright
pid,BALANCE,42.055,-0.004977,-0.026328,-0.003321,0.784799999,0.000335612,-0.000086864,0.000006,7,-0.000033210,-0.003320981,-0.002372130,-0.002372130,0.000000000,manual_A_near_upright
pid,BALANCE,42.076,-0.004560,-0.026787,-0.003084,0.784799999,0.000374031,-0.000079590,0.000006,7,-0.000030837,-0.003083654,-0.002202610,-0.002202610,0.000000000,manual_A_near_upright
pid,BALANCE,42.097,-0.004102,-0.027299,-0.002827,0.784800000,0.000408515,-0.000071600,0.000006,7,-0.000028268,-0.002826845,-0.002019175,-0.002019175,0.000000000,manual_A_near_upright
pid,BALANCE,42.117,-0.003609,-0.027858,-0.002572,0.784800000,0.000438408,-0.000062989,0.000006,7,-0.000025717,-0.002571739,-0.001836956,-0.001836956,0.000000000,manual_A_near_upright
pid,BALANCE,42.138,-0.003085,-0.028458,-0.002287,0.784800000,0.000464173,-0.000053839,0.000006,7,-0.000022873,-0.002287319,-0.001633799,-0.001633799,0.000000000,manual_A_near_upright
pid,BALANCE,42.159,-0.002535,-0.029093,-0.002002,0.784800001,0.000485071,-0.000044246,0.000006,7,-0.000020018,-0.002001811,-0.001429865,-0.001429865,0.000000000,manual_A_near_upright
pid,BALANCE,42.180,-0.001965,-0.029757,-0.001694,0.784800001,0.000501437,-0.000034301,0.000006,7,-0.000016943,-0.001694302,-0.001210216,-0.001210216,0.000000000,manual_A_near_upright
pid,BALANCE,42.201,-0.001381,-0.030444,-0.001397,0.784800001,0.000512533,-0.000024102,0.000006,7,-0.000013973,-0.001397316,-0.000998083,-0.000998083,0.000000000,manual_A_near_upright
pid,BALANCE,42.221,-0.000788,-0.031147,-0.001082,0.784800001,0.000518979,-0.000013750,0.000005,7,-0.000010817,-0.001081743,-0.000772673,-0.000772673,0.000000000,manual_A_near_upright
pid,BALANCE,42.242,-0.000191,-0.031860,-0.000749,0.784800001,0.000520763,-0.000003337,0.000005,7,-0.000007494,-0.000749359,-0.000535257,-0.000535257,0.000000000,manual_A_near_upright
pid,BALANCE,42.264,0.000403,-0.032576,-0.000438,0.784800001,0.000517145,0.000007033,0.000005,7,-0.000004381,-0.000438085,-0.000312918,-0.000312918,0.000000000,manual_A_near_upright
pid,BALANCE,42.284,0.000989,-0.033287,-0.000121,0.784800001,0.000508857,0.000017266,0.000005,7,-0.000001206,-0.000120644,-0.000086174,-0.000086174,0.000000000,manual_A_near_upright
pid,BALANCE,42.305,0.001562,-0.033988,0.000176,0.784800001,0.000495537,0.000027258,0.000005,7,0.000001765,0.000176465,0.000126047,0.000126047,0.000000000,manual_A_near_upright
pid,BALANCE,42.326,0.002142,-0.034706,0.000483,0.784800001,0.000476746,0.000037392,0.000005,7,0.000004831,0.000483118,0.000345085,0.000345085,0.000000000,manual_A_near_upright
pid,BALANCE,42.347,0.002645,-0.035333,0.000734,0.784800000,0.000455287,0.000046155,0.000005,7,0.000007341,0.000734134,0.000524382,0.000524382,0.000000000,manual_A_near_upright
pid,BALANCE,42.367,0.003145,-0.035965,0.001011,0.784800000,0.000429249,0.000054891,0.000005,7,0.000010106,0.001010642,0.000721887,0.000721887,0.000000000,manual_A_near_upright
pid,BALANCE,42.387,0.003612,-0.036561,0.001251,0.784800000,0.000398966,0.000063044,0.000005,7,0.000012509,0.001250928,0.000893520,0.000893520,0.000000000,manual_A_near_upright
pid,BALANCE,42.408,0.004041,-0.037117,0.001462,0.784800000,0.000364955,0.000070537,0.000005,7,0.000014619,0.001461853,0.001044181,0.001044181,0.000000000,manual_A_near_upright
pid,BALANCE,42.429,0.004430,-0.037628,0.001676,0.784799999,0.000328296,0.000077310,0.000005,7,0.000016760,0.001675964,0.001197117,0.001197117,0.000000000,manual_A_near_upright
pid,BALANCE,42.450,0.004773,-0.038090,0.001845,0.784799999,0.000288360,0.000083303,0.000005,7,0.000018449,0.001844869,0.001317764,0.001317764,0.000000000,manual_A_near_upright
pid,BALANCE,42.471,0.005069,-0.038498,0.002001,0.784799999,0.000246287,0.000088463,0.000005,7,0.000020011,0.002001126,0.001429376,0.001429376,0.000000000,manual_A_near_upright
pid,BALANCE,42.491,0.005314,-0.038850,0.002129,0.784799998,0.000202185,0.000092754,0.000005,7,0.000020709,0.002070897,0.001479212,0.001479212,0.000000000,manual_A_near_upright
pid,BALANCE,42.512,0.005508,-0.039142,0.002222,0.784799998,0.000156368,0.000096135,0.000005,7,0.000022224,0.002222434,0.001587453,0.001587453,0.000000000,manual_A_near_upright
pid,BALANCE,42.533,0.005649,-0.039372,0.002292,0.784799998,0.000109546,0.000098586,0.000005,7,0.000022924,0.002292375,0.001637411,0.001637411,0.000000000,manual_A_near_upright
pid,BALANCE,42.554,0.005735,-0.039539,0.002332,0.784799998,0.000062037,0.000100089,0.000005,7,0.000023324,0.002332396,0.001665997,0.001665997,0.000000000,manual_A_near_upright
pid,BALANCE,42.575,0.005766,-0.039641,0.002343,0.784799998,0.000014308,0.000100637,0.000005,7,0.000023427,0.002342714,0.001673367,0.001673367,0.000000000,manual_A_near_upright
pid,BALANCE,42.596,0.005743,-0.039679,0.002325,0.784799998,-0.000033157,0.000100234,0.000005,7,0.000023251,0.002325055,0.001660754,0.001660754,0.000000000,manual_A_near_upright
pid,BALANCE,42.616,0.005692,-0.039664,0.004000,0.784799998,-0.000044500,0.000099352,0.000005,7,0.000040005,0.004000486,0.002857490,0.002857490,0.000000000,manual_A_near_upright
pid,BALANCE,42.637,0.005607,-0.039594,0.003916,0.784799998,-0.000093006,0.000097856,0.000005,7,0.000039161,0.003916090,0.002797207,0.002797207,0.000000000,manual_A_near_upright
pid,BALANCE,42.658,0.005450,-0.039452,0.003339,0.784799998,-0.000149259,0.000095128,0.000005,7,0.000033387,0.003338746,0.002384819,0.002384819,0.000000000,manual_A_near_upright
pid,BALANCE,42.679,0.005249,-0.039251,0.003557,0.784799998,-0.000186400,0.000091604,0.000005,7,0.000035569,0.003556913,0.002540652,0.002540652,0.000000000,manual_A_near_upright
pid,BALANCE,42.700,0.004999,-0.038991,0.003347,0.784799999,-0.000230070,0.000087251,0.000005,7,0.000033469,0.003346875,0.002390625,0.002390625,0.000000000,manual_A_near_upright
pid,BALANCE,42.720,0.004701,-0.038672,0.003132,0.784799999,-0.000270632,0.000082047,0.000005,7,0.000031323,0.003132320,0.002237371,0.002237371,0.000000000,manual_A_near_upright
pid,BALANCE,42.741,0.004361,-0.038301,0.003003,0.784799999,-0.000306052,0.000076118,0.000005,7,0.000030028,0.003002837,0.002144883,0.002144883,0.000000000,manual_A_near_upright
pid,BALANCE,42.762,0.003982,-0.037880,0.002776,0.784800000,-0.000339876,0.000069502,0.000005,7,0.000027765,0.002776476,0.001983197,0.001983197,0.000000000,manual_A_near_upright
pid,BALANCE,42.782,0.003568,-0.037414,0.002561,0.784800000,-0.000369557,0.000062265,0.000004,7,0.000025608,0.002560813,0.001829152,0.001829152,0.000000000,manual_A_near_upright
pid,BALANCE,42.803,0.003122,-0.036907,0.002318,0.784800000,-0.000395719,0.000054488,0.000004,7,0.000023182,0.002318216,0.001655869,0.001655869,0.000000000,manual_A_near_upright
pid,BALANCE,42.824,0.002650,-0.036364,0.002071,0.784800000,-0.000417704,0.000046246,0.000004,7,0.000020709,0.002070946,0.001479247,0.001479247,0.000000000,manual_A_near_upright
pid,BALANCE,42.845,0.002156,-0.035791,0.001799,0.784800000,-0.000435821,0.000037622,0.000004,7,0.000017992,0.001799151,0.001285108,0.001285108,0.000000000,manual_A_near_upright
pid,BALANCE,42.866,0.001644,-0.035193,0.001524,0.784800001,-0.000449533,0.000028698,0.000004,7,0.000015236,0.001523631,0.001088308,0.001088308,0.000000000,manual_A_near_upright
pid,BALANCE,42.887,0.001121,-0.034575,0.001250,0.784800001,-0.000458704,0.000019567,0.000004,7,0.000012498,0.001249772,0.000892694,0.000892694,0.000000000,manual_A_near_upright
pid,BALANCE,42.908,0.000591,-0.033945,0.000967,0.784800001,-0.000463570,0.000010314,0.000004,7,0.000009665,0.000966507,0.000690362,0.000690362,0.000000000,manual_A_near_upright
pid,BALANCE,42.929,0.000059,-0.033307,0.000685,0.784800001,-0.000463947,0.000001029,0.000004,7,0.000006848,0.000684789,0.000489135,0.000489135,0.000000000,manual_A_near_upright
pid,BALANCE,42.949,-0.000470,-0.032668,0.000419,0.784800001,-0.000459642,-0.000008196,0.000004,7,0.000004187,0.000418712,0.000299080,0.000299080,0.000000000,manual_A_near_upright
pid,BALANCE,42.971,-0.000990,-0.032034,0.000130,0.784800001,-0.000451582,-0.000017279,0.000004,7,0.000001302,0.000130173,0.000092980,0.000092980,0.000000000,manual_A_near_upright
pid,BALANCE,42.991,-0.001497,-0.031411,-0.000126,0.784800001,-0.000438767,-0.000026135,0.000004,7,-0.000001263,-0.000126271,-0.000090193,-0.000090193,0.000000000,manual_A_near_upright
pid,BALANCE,43.012,-0.001987,-0.030804,-0.000392,0.784800000,-0.000422291,-0.000034678,0.000004,7,-0.000003915,-0.000391542,-0.000279673,-0.000279673,0.000000000,manual_A_near_upright
pid,BALANCE,43.033,-0.002454,-0.030218,-0.000641,0.784800000,-0.000401851,-0.000042835,0.000004,7,-0.000006410,-0.000640967,-0.000457833,-0.000457833,0.000000000,manual_A_near_upright
pid,BALANCE,43.054,-0.002895,-0.029660,-0.000866,0.784800000,-0.000377549,-0.000050526,0.000004,7,-0.000008659,-0.000865924,-0.000618517,-0.000618517,0.000000000,manual_A_near_upright
pid,BALANCE,43.074,-0.003305,-0.029134,-0.001082,0.784800000,-0.000350019,-0.000057683,0.000004,7,-0.000010818,-0.001081784,-0.000772703,-0.000772703,0.000000000,manual_A_near_upright
pid,BALANCE,43.095,-0.003681,-0.028645,-0.001277,0.784800000,-0.000319342,-0.000064245,0.000004,7,-0.000012771,-0.001277086,-0.000912205,-0.000912205,0.000000000,manual_A_near_upright
pid,BALANCE,43.116,-0.004019,-0.028197,-0.001451,0.784799999,-0.000285861,-0.000070151,0.000004,7,-0.000014514,-0.001451437,-0.001036741,-0.001036741,0.000000000,manual_A_near_upright
pid,BALANCE,43.137,-0.004317,-0.027794,-0.001600,0.784799999,-0.000249856,-0.000075349,0.000004,7,-0.000016001,-0.001600127,-0.001142948,-0.001142948,0.000000000,manual_A_near_upright
pid,BALANCE,43.157,-0.004572,-0.027439,-0.001739,0.784799999,-0.000212036,-0.000079802,0.000004,7,-0.000017386,-0.001738604,-0.001241860,-0.001241860,0.000000000,manual_A_near_upright
pid,BALANCE,43.179,-0.004782,-0.027135,-0.001837,0.784799999,-0.000172172,-0.000083466,0.000004,7,-0.000018373,-0.001837321,-0.001312372,-0.001312372,0.000000000,manual_A_near_upright
pid,BALANCE,43.199,-0.004946,-0.026885,-0.001925,0.784799999,-0.000131288,-0.000086319,0.000004,7,-0.000019252,-0.001925180,-0.001375129,-0.001375129,0.000000000,manual_A_near_upright
pid,BALANCE,43.220,-0.005061,-0.026690,-0.001980,0.784799999,-0.000089311,-0.000088338,0.000004,7,-0.000019796,-0.001979588,-0.001413991,-0.001413991,0.000000000,manual_A_near_upright
pid,BALANCE,43.241,-0.005128,-0.026552,-0.002009,0.784799998,-0.000046845,-0.000089509,0.000004,7,-0.000020093,-0.002009297,-0.001435212,-0.001435212,0.000000000,manual_A_near_upright
pid,BALANCE,43.262,-0.005147,-0.026472,-0.002015,0.784799998,-0.000004308,-0.000089829,0.000004,7,-0.000020148,-0.002014777,-0.001439127,-0.001439127,0.000000000,manual_A_near_upright
pid,BALANCE,43.283,-0.005117,-0.026449,-0.002073,0.784799998,0.000036275,-0.000089310,0.000004,7,-0.000020731,-0.002073087,-0.001480776,-0.001480776,0.000000000,manual_A_near_upright
pid,BALANCE,43.304,-0.005075,-0.026467,-0.003949,0.784799998,0.000038677,-0.000088584,0.000004,7,-0.000039492,-0.003949174,-0.002820839,-0.002820839,0.000000000,manual_A_near_upright
pid,BALANCE,43.325,-0.004990,-0.026540,-0.003387,0.784799999,0.000092169,-0.000087098,0.000004,7,-0.000033873,-0.003387255,-0.002419468,-0.002419468,0.000000000,manual_A_near_upright
pid,BALANCE,43.345,-0.004844,-0.026676,-0.003071,0.784799999,0.000137889,-0.000084535,0.000004,7,-0.000030715,-0.003071473,-0.002193909,-0.002193909,0.000000000,manual_A_near_upright
pid,BALANCE,43.367,-0.004659,-0.026864,-0.003274,0.784799999,0.000170753,-0.000081314,0.000004,7,-0.000032737,-0.003273660,-0.002338328,-0.002338328,0.000000000,manual_A_near_upright
pid,BALANCE,43.387,-0.004430,-0.027105,-0.003016,0.784799999,0.000210959,-0.000077317,0.000004,7,-0.000030157,-0.003015729,-0.002154092,-0.002154092,0.000000000,manual_A_near_upright
pid,BALANCE,43.408,-0.004158,-0.027398,-0.002863,0.784799999,0.000246045,-0.000072576,0.000004,7,-0.000028625,-0.002862508,-0.002044648,-0.002044648,0.000000000,manual_A_near_upright
pid,BALANCE,43.429,-0.003850,-0.027737,-0.002737,0.784799999,0.000277544,-0.000067198,0.000004,7,-0.000027373,-0.002737268,-0.001955192,-0.001955192,0.000000000,manual_A_near_upright
pid,BALANCE,43.450,-0.003507,-0.028121,-0.002525,0.784800000,0.000307579,-0.000061206,0.000004,7,-0.000025250,-0.002525031,-0.001803594,-0.001803594,0.000000000,manual_A_near_upright
pid,BALANCE,43.471,-0.003132,-0.028544,-0.002328,0.784800000,0.000333762,-0.000054667,0.000004,7,-0.000023280,-0.002327986,-0.001662847,-0.001662847,0.000000000,manual_A_near_upright
pid,BALANCE,43.492,-0.002730,-0.029003,-0.002117,0.784800000,0.000356557,-0.000047656,0.000004,7,-0.000021169,-0.002116948,-0.001512105,-0.001512105,0.000000000,manual_A_near_upright
pid,BALANCE,43.512,-0.002305,-0.029494,-0.001885,0.784800000,0.000375960,-0.000040237,0.000003,7,-0.000018847,-0.001884733,-0.001346238,-0.001346238,0.000000000,manual_A_near_upright
pid,BALANCE,43.533,-0.001861,-0.030011,-0.001649,0.784800000,0.000391492,-0.000032485,0.000003,7,-0.000016491,-0.001649117,-0.001177941,-0.001177941,0.000000000,manual_A_near_upright
pid,BALANCE,43.555,-0.001403,-0.030550,-0.001412,0.784800001,0.000403055,-0.000024482,0.000003,7,-0.000014124,-0.001412367,-0.001008834,-0.001008834,0.000000000,manual_A_near_upright
pid,BALANCE,43.575,-0.000934,-0.031105,-0.001150,0.784800001,0.000411101,-0.000016297,0.000003,7,-0.000011504,-0.001150382,-0.000821701,-0.000821701,0.000000000,manual_A_near_upright
pid,BALANCE,43.596,-0.000459,-0.031671,-0.000904,0.784800001,0.000414779,-0.000008014,0.000003,7,-0.000009044,-0.000904449,-0.000646035,-0.000646035,0.000000000,manual_A_near_upright
pid,BALANCE,43.616,0.000016,-0.032243,-0.000659,0.784800001,0.000414472,0.000000285,0.000003,7,-0.000006591,-0.000659091,-0.000470779,-0.000470779,0.000000000,manual_A_near_upright
pid,BALANCE,43.638,0.000488,-0.032815,-0.000404,0.784800001,0.000410464,0.000008522,0.000003,7,-0.000004036,-0.000403603,-0.000288288,-0.000288288,0.000000000,manual_A_near_upright
pid,BALANCE,43.659,0.000953,-0.033382,-0.000153,0.784800001,0.000402568,0.000016625,0.000003,7,-0.000001530,-0.000153021,-0.000109300,-0.000109300,0.000000000,manual_A_near_upright
pid,BALANCE,43.679,0.001404,-0.033939,0.000073,0.784800000,0.000390546,0.000024510,0.000003,7,0.000000730,0.000073049,0.000052178,0.000052178,0.000000000,manual_A_near_upright
pid,BALANCE,43.700,0.001839,-0.034480,0.000307,0.784800000,0.000375270,0.000032104,0.000003,7,0.000003065,0.000306549,0.000218963,0.000218963,0.000000000,manual_A_near_upright
pid,BALANCE,43.721,0.002254,-0.035002,0.000531,0.784800000,0.000356581,0.000039345,0.000003,7,0.000005310,0.000531001,0.000379287,0.000379287,0.000000000,manual_A_near_upright
pid,BALANCE,43.742,0.002645,-0.035498,0.000724,0.784800000,0.000334271,0.000046160,0.000003,7,0.000007235,0.000723548,0.000516820,0.000516820,0.000000000,manual_A_near_upright
pid,BALANCE,43.762,0.003007,-0.035965,0.000912,0.784800000,0.000309211,0.000052485,0.000003,7,0.000009118,0.000911837,0.000651312,0.000651312,0.000000000,manual_A_near_upright
pid,BALANCE,43.783,0.003339,-0.036398,0.001099,0.784800000,0.000281714,0.000058276,0.000003,7,0.000010986,0.001098558,0.000784684,0.000784684,0.000000000,manual_A_near_upright
pid,BALANCE,43.803,0.003637,-0.036795,0.001243,0.784799999,0.000251266,0.000063473,0.000003,7,0.000012430,0.001242989,0.000887849,0.000887849,0.000000000,manual_A_near_upright
pid,BALANCE,43.824,0.003898,-0.037150,0.001375,0.784799999,0.000218832,0.000068030,0.000003,7,0.000013750,0.001374967,0.000982119,0.000982119,0.000000000,manual_A_near_upright
pid,BALANCE,43.845,0.004121,-0.037462,0.001497,0.784799999,0.000184801,0.000071917,0.000003,7,0.000014973,0.001497315,0.001069510,0.001069510,0.000000000,manual_A_near_upright
pid,BALANCE,43.866,0.004303,-0.037728,0.001584,0.784799999,0.000149005,0.000075097,0.000003,7,0.000015844,0.001584380,0.001131700,0.001131700,0.000000000,manual_A_near_upright
pid,BALANCE,43.887,0.004443,-0.037946,0.001651,0.784799999,0.000112136,0.000077544,0.000003,7,0.000016514,0.001651433,0.001179595,0.001179595,0.000000000,manual_A_near_upright
pid,BALANCE,43.907,0.004540,-0.038114,0.001703,0.784799999,0.000074653,0.000079245,0.000003,7,0.000017031,0.001703139,0.001216528,0.001216528,0.000000000,manual_A_near_upright
pid,BALANCE,43.929,0.004594,-0.038231,0.001726,0.784799999,0.000036634,0.000080187,0.000003,7,0.000017263,0.001726317,0.001233083,0.001233083,0.000000000,manual_A_near_upright
pid,BALANCE,43.949,0.004605,-0.038296,0.001727,0.784799999,-0.000001408,0.000080367,0.000003,7,0.000017270,0.001726976,0.001233554,0.001233554,0.000000000,manual_A_near_upright
pid,BALANCE,43.970,0.004574,-0.038311,0.001966,0.784799999,-0.000033657,0.000079826,0.000003,7,0.000019655,0.001965532,0.001403952,0.001403952,0.000000000,manual_A_near_upright
pid,BALANCE,43.991,0.004538,-0.038292,0.003716,0.784799999,-0.000034483,0.000079207,0.000003,7,0.000037165,0.003716463,0.002654616,0.002654616,0.000000000,manual_A_near_upright
pid,BALANCE,44.011,0.004458,-0.038221,0.003019,0.784799999,-0.000086434,0.000077807,0.000003,7,0.000030189,0.003018869,0.002156335,0.002156335,0.000000000,manual_A_near_upright
pid,BALANCE,44.032,0.004324,-0.038094,0.002840,0.784799999,-0.000125066,0.000075466,0.000003,7,0.000028404,0.002840429,0.002028878,0.002028878,0.000000000,manual_A_near_upright
pid,BALANCE,44.053,0.004157,-0.037922,0.003004,0.784799999,-0.000154817,0.000072549,0.000003,7,0.000030036,0.003003584,0.002145417,0.002145417,0.000000000,manual_A_near_upright
pid,BALANCE,44.074,0.003949,-0.037701,0.002754,0.784799999,-0.000191095,0.000068925,0.000003,7,0.000027541,0.002754076,0.001967197,0.001967197,0.000000000,manual_A_near_upright
pid,BALANCE,44.095,0.003704,-0.037435,0.002640,0.784799999,-0.000221889,0.000064645,0.000003,7,0.000026403,0.002640346,0.001885962,0.001885962,0.000000000,manual_A_near_upright
pid,BALANCE,44.115,0.003426,-0.037127,0.002513,0.784800000,-0.000250282,0.000059795,0.000003,7,0.000025129,0.002512869,0.001794906,0.001794906,0.000000000,manual_A_near_upright
pid,BALANCE,44.136,0.003117,-0.036780,0.002320,0.784800000,-0.000277075,0.000054395,0.000003,7,0.000023197,0.002319677,0.001656912,0.001656912,0.000000000,manual_A_near_upright
pid,BALANCE,44.156,0.002780,-0.036397,0.002148,0.784800000,-0.000300243,0.000048512,0.000003,7,0.000022334,0.002233406,0.001595290,0.001595290,0.000000000,manual_A_near_upright
pid,BALANCE,44.178,0.002418,-0.035982,0.001955,0.784800000,-0.000320548,0.000042207,0.000003,7,0.000019551,0.001955140,0.001396529,0.001396529,0.000000000,manual_A_near_upright
pid,BALANCE,44.198,0.002036,-0.035540,0.001747,0.784800000,-0.000337730,0.000035541,0.000003,7,0.000017467,0.001746674,0.001247625,0.001247625,0.000000000,manual_A_near_upright
pid,BALANCE,44.220,0.001638,-0.035074,0.001536,0.784800000,-0.000351425,0.000028581,0.000003,7,0.000015359,0.001535877,0.001097055,0.001097055,0.000000000,manual_A_near_upright
pid,BALANCE,44.240,0.001226,-0.034589,0.001322,0.784800000,-0.000361591,0.000021398,0.000003,7,0.000013221,0.001322059,0.000944328,0.000944328,0.000000000,manual_A_near_upright
pid,BALANCE,44.261,0.000806,-0.034090,0.001095,0.784800001,-0.000368424,0.000014062,0.000003,7,0.000010951,0.001095112,0.000782223,0.000782223,0.000000000,manual_A_near_upright
pid,BALANCE,44.282,0.000380,-0.033581,0.000863,0.784800001,-0.000371740,0.000006638,0.000003,7,0.000008634,0.000863354,0.000616682,0.000616682,0.000000000,manual_A_near_upright
pid,BALANCE,44.302,-0.000045,-0.033068,0.000653,0.784800001,-0.000371055,-0.000000794,0.000003,7,0.000006527,0.000652658,0.000466184,0.000466184,0.000000000,manual_A_near_upright
pid,BALANCE,44.323,-0.000468,-0.032554,0.000428,0.784800001,-0.000367207,-0.000008165,0.000003,7,0.000004278,0.000427778,0.000305556,0.000305556,0.000000000,manual_A_near_upright
pid,BALANCE,44.344,-0.000883,-0.032045,0.000212,0.784800000,-0.000359801,-0.000015408,0.000003,7,0.000002119,0.000211896,0.000151354,0.000151354,0.000000000,manual_A_near_upright
pid,BALANCE,44.364,-0.001287,-0.031546,-0.000008,0.784800000,-0.000349244,-0.000022458,0.000003,7,-0.000000082,-0.000008182,-0.000005845,-0.000005845,0.000000000,manual_A_near_upright
pid,BALANCE,44.385,-0.001675,-0.031061,-0.000204,0.784800000,-0.000335115,-0.000029243,0.000003,7,-0.000002036,-0.000203608,-0.000145434,-0.000145434,0.000000000,manual_A_near_upright
pid,BALANCE,44.406,-0.002046,-0.030594,-0.000402,0.784800000,-0.000318189,-0.000035705,0.000003,7,-0.000004019,-0.000401935,-0.000287096,-0.000287096,0.000000000,manual_A_near_upright
pid,BALANCE,44.427,-0.002394,-0.030150,-0.000584,0.784800000,-0.000298285,-0.000041785,0.000003,7,-0.000005842,-0.000584186,-0.000417275,-0.000417275,0.000000000,manual_A_near_upright
pid,BALANCE,44.447,-0.002717,-0.029733,-0.000753,0.784800000,-0.000275702,-0.000047427,0.000003,7,-0.000007527,-0.000752710,-0.000537650,-0.000537650,0.000000000,manual_A_near_upright
pid,BALANCE,44.469,-0.003013,-0.029345,-0.000914,0.784800000,-0.000250848,-0.000052584,0.000002,7,-0.000009144,-0.000914402,-0.000653145,-0.000653145,0.000000000,manual_A_near_upright
pid,BALANCE,44.489,-0.003278,-0.028991,-0.001055,0.784800000,-0.000223708,-0.000057213,0.000002,7,-0.000010552,-0.001055244,-0.000753746,-0.000753746,0.000000000,manual_A_near_upright
pid,BALANCE,44.510,-0.003510,-0.028674,-0.001170,0.784799999,-0.000194481,-0.000061266,0.000002,7,-0.000011700,-0.001169952,-0.000835680,-0.000835680,0.000000000,manual_A_near_upright
pid,BALANCE,44.531,-0.003708,-0.028396,-0.001273,0.784799999,-0.000163784,-0.000064713,0.000002,7,-0.000012727,-0.001272746,-0.000909104,-0.000909104,0.000000000,manual_A_near_upright
pid,BALANCE,44.552,-0.003869,-0.028159,-0.001351,0.784799999,-0.000131654,-0.000067526,0.000002,7,-0.000013505,-0.001350538,-0.000964670,-0.000964670,0.000000000,manual_A_near_upright
pid,BALANCE,44.573,-0.003992,-0.027966,-0.001413,0.784799999,-0.000098619,-0.000069681,0.000002,7,-0.000014125,-0.001412510,-0.001008936,-0.001008936,0.000000000,manual_A_near_upright
pid,BALANCE,44.594,-0.004077,-0.027817,-0.001454,0.784799999,-0.000064909,-0.000071166,0.000002,7,-0.000014540,-0.001454028,-0.001038591,-0.001038591,0.000000000,manual_A_near_upright
pid,BALANCE,44.615,-0.004124,-0.027715,-0.001477,0.784799999,-0.000030894,-0.000071971,0.000002,7,-0.000014771,-0.001477083,-0.001055059,-0.001055059,0.000000000,manual_A_near_upright
pid,BALANCE,44.636,-0.004131,-0.027658,-0.001477,0.784799999,0.000003202,-0.000072094,0.000002,7,-0.000014768,-0.001476831,-0.001054879,-0.001054879,0.000000000,manual_A_near_upright
pid,BALANCE,44.657,-0.004102,-0.027647,-0.001801,0.784799999,0.000029752,-0.000071587,0.000002,7,-0.000018014,-0.001801424,-0.001286731,-0.001286731,0.000000000,manual_A_near_upright
pid,BALANCE,44.678,-0.004072,-0.027664,-0.003380,0.784799999,0.000030468,-0.000071067,0.000002,7,-0.000033804,-0.003380442,-0.002414601,-0.002414601,0.000000000,manual_A_near_upright
pid,BALANCE,44.698,-0.003999,-0.027729,-0.002728,0.784799999,0.000077653,-0.000069794,0.000002,7,-0.000027278,-0.002727779,-0.001948413,-0.001948413,0.000000000,manual_A_near_upright
pid,BALANCE,44.719,-0.003881,-0.027843,-0.002702,0.784799999,0.000109637,-0.000067744,0.000002,7,-0.000027023,-0.002702289,-0.001930206,-0.001930206,0.000000000,manual_A_near_upright
pid,BALANCE,44.741,-0.003732,-0.027998,-0.002739,0.784799999,0.000138812,-0.000065142,0.000002,7,-0.000027387,-0.002738717,-0.001956226,-0.001956226,0.000000000,manual_A_near_upright
pid,BALANCE,44.761,-0.003546,-0.028197,-0.002541,0.784799999,0.000170885,-0.000061895,0.000002,7,-0.000025414,-0.002541400,-0.001815286,-0.001815286,0.000000000,manual_A_near_upright
pid,BALANCE,44.782,-0.003327,-0.028437,-0.002452,0.784799999,0.000198394,-0.000058072,0.000002,7,-0.000024516,-0.002451615,-0.001751153,-0.001751153,0.000000000,manual_A_near_upright
pid,BALANCE,44.802,-0.003078,-0.028714,-0.002325,0.784800000,0.000224261,-0.000053728,0.000002,7,-0.000023247,-0.002324661,-0.001660472,-0.001660472,0.000000000,manual_A_near_upright
pid,BALANCE,44.823,-0.002787,-0.029043,-0.002159,0.784800000,0.000249215,-0.000048637,0.000002,7,-0.000021588,-0.002158829,-0.001542020,-0.001542020,0.000000000,manual_A_near_upright
pid,BALANCE,44.844,-0.002499,-0.029371,-0.002010,0.784800000,0.000269082,-0.000043621,0.000002,7,-0.000020101,-0.002010058,-0.001435755,-0.001435755,0.000000000,manual_A_near_upright
pid,BALANCE,44.865,-0.002175,-0.029744,-0.001826,0.784800000,0.000287658,-0.000037964,0.000002,7,-0.000018259,-0.001825914,-0.001304224,-0.001304224,0.000000000,manual_A_near_upright
pid,BALANCE,44.886,-0.001832,-0.030143,-0.001645,0.784800000,0.000303060,-0.000031982,0.000002,7,-0.000016452,-0.001645187,-0.001175134,-0.001175134,0.000000000,manual_A_near_upright
pid,BALANCE,44.907,-0.001475,-0.030562,-0.001455,0.784800000,0.000315487,-0.000025735,0.000002,7,-0.000014550,-0.001454972,-0.001039266,-0.001039266,0.000000000,manual_A_near_upright
pid,BALANCE,44.927,-0.001105,-0.030999,-0.001256,0.784800000,0.000324858,-0.000019284,0.000002,7,-0.000012563,-0.001256329,-0.000897378,-0.000897378,0.000000000,manual_A_near_upright
pid,BALANCE,44.948,-0.000727,-0.031448,-0.001056,0.784800000,0.000331006,-0.000012692,0.000002,7,-0.000010561,-0.001056119,-0.000754371,-0.000754371,0.000000000,manual_A_near_upright
pid,BALANCE,44.969,-0.000345,-0.031906,-0.000853,0.784800000,0.000333966,-0.000006023,0.000002,7,-0.000008533,-0.000853348,-0.000609534,-0.000609534,0.000000000,manual_A_near_upright
pid,BALANCE,44.990,0.000038,-0.032369,-0.000650,0.784800000,0.000333727,0.000000659,0.000002,7,-0.000006502,-0.000650198,-0.000464427,-0.000464427,0.000000000,manual_A_near_upright
pid,BALANCE,45.011,0.000418,-0.032832,-0.000449,0.784800000,0.000330294,0.000007290,0.000002,7,-0.000004488,-0.000448824,-0.000320589,-0.000320589,0.000000000,manual_A_near_upright
pid,BALANCE,45.031,0.000791,-0.033290,-0.000261,0.784800000,0.000323545,0.000013804,0.000002,7,-0.000002610,-0.000261014,-0.000186439,-0.000186439,0.000000000,manual_A_near_upright
pid,BALANCE,45.052,0.001154,-0.033740,-0.000069,0.784800000,0.000313984,0.000020142,0.000002,7,-0.000000690,-0.000069011,-0.000049294,-0.000049294,0.000000000,manual_A_near_upright
pid,BALANCE,45.073,0.001504,-0.034177,0.000120,0.784800000,0.000301608,0.000026246,0.000002,7,0.000001200,0.000119969,0.000085692,0.000085692,0.000000000,manual_A_near_upright
pid,BALANCE,45.094,0.001837,-0.034598,0.000301,0.784800000,0.000286483,0.000032065,0.000002,7,0.000003014,0.000301379,0.000215271,0.000215271,0.000000000,manual_A_near_upright
pid,BALANCE,45.114,0.002151,-0.034998,0.000459,0.784800000,0.000268491,0.000037538,0.000002,7,0.000004593,0.000459336,0.000328097,0.000328097,0.000000000,manual_A_near_upright
pid,BALANCE,45.135,0.002442,-0.035375,0.000613,0.784800000,0.000248258,0.000042619,0.000002,7,0.000006128,0.000612801,0.000437715,0.000437715,0.000000000,manual_A_near_upright
pid,BALANCE,45.155,0.002708,-0.035725,0.000741,0.784800000,0.000225587,0.000047258,0.000002,7,0.000007409,0.000740949,0.000529249,0.000529249,0.000000000,manual_A_near_upright
pid,BALANCE,45.176,0.002946,-0.036044,0.000871,0.784800000,0.000201301,0.000051422,0.000002,7,0.000008712,0.000871194,0.000622281,0.000622281,0.000000000,manual_A_near_upright
pid,BALANCE,45.197,0.003155,-0.036330,0.000980,0.784800000,0.000175184,0.000055073,0.000002,7,0.000009804,0.000980383,0.000700274,0.000700274,0.000000000,manual_A_near_upright
pid,BALANCE,45.218,0.003333,-0.036582,0.001067,0.784799999,0.000147494,0.000058177,0.000002,7,0.000010672,0.001067201,0.000762286,0.000762286,0.000000000,manual_A_near_upright
pid,BALANCE,45.239,0.003485,-0.036805,0.001148,0.784799999,0.000117323,0.000060824,0.000002,7,0.000011475,0.001147548,0.000819677,0.000819677,0.000000000,manual_A_near_upright
pid,BALANCE,45.259,0.003595,-0.036978,0.001202,0.784799999,0.000087602,0.000062741,0.000002,7,0.000012022,0.001202152,0.000858680,0.000858680,0.000000000,manual_A_near_upright
pid,BALANCE,45.280,0.003667,-0.037106,0.001238,0.784799999,0.000058820,0.000064003,0.000002,7,0.000012379,0.001237885,0.000884204,0.000884204,0.000000000,manual_A_near_upright
pid,BALANCE,45.301,0.003709,-0.037199,0.001258,0.784799999,0.000028233,0.000064737,0.000002,7,0.000012578,0.001257835,0.000898454,0.000898454,0.000000000,manual_A_near_upright
pid,BALANCE,45.322,0.003715,-0.037253,0.001256,0.784799999,-0.000003951,0.000064847,0.000002,7,0.000012564,0.001256384,0.000897417,0.000897417,0.000000000,manual_A_near_upright
pid,BALANCE,45.342,0.003689,-0.037263,0.001632,0.784799999,-0.000026011,0.000064383,0.000002,7,0.000016323,0.001632277,0.001165912,0.001165912,0.000000000,manual_A_near_upright
pid,BALANCE,45.362,0.003666,-0.037249,0.003207,0.784799999,-0.000023545,0.000063975,0.000002,7,0.000032068,0.003206804,0.002290574,0.002290574,0.000000000,manual_A_near_upright
pid,BALANCE,45.383,0.003608,-0.037196,0.002570,0.784799999,-0.000065813,0.000062965,0.000002,7,0.000025704,0.002570428,0.001836020,0.001836020,0.000000000,manual_A_near_upright
pid,BALANCE,45.404,0.003498,-0.037089,0.002444,0.784799999,-0.000098296,0.000061044,0.000002,7,0.000024445,0.002444494,0.001746067,0.001746067,0.000000000,manual_A_near_upright
pid,BALANCE,45.424,0.003373,-0.036958,0.002575,0.784799999,-0.000121318,0.000058867,0.000002,7,0.000025745,0.002574505,0.001838932,0.001838932,0.000000000,manual_A_near_upright
pid,BALANCE,45.445,0.003209,-0.036781,0.002372,0.784799999,-0.000150987,0.000056009,0.000002,7,0.000023723,0.002372340,0.001694528,0.001694528,0.000000000,manual_A_near_upright
pid,BALANCE,45.466,0.003015,-0.036568,0.002284,0.784800000,-0.000176171,0.000052617,0.000002,7,0.000022841,0.002284084,0.001631489,0.001631489,0.000000000,manual_A_near_upright
pid,BALANCE,45.487,0.002782,-0.036307,0.002174,0.784800000,-0.000200645,0.000048549,0.000002,7,0.000021735,0.002173532,0.001552523,0.001552523,0.000000000,manual_A_near_upright
pid,BALANCE,45.507,0.002547,-0.036040,0.002040,0.784800000,-0.000221234,0.000044445,0.000002,7,0.000020400,0.002040026,0.001457161,0.001457161,0.000000000,manual_A_near_upright
pid,BALANCE,45.528,0.002277,-0.035731,0.001887,0.784800000,-0.000240668,0.000039734,0.000002,7,0.000018871,0.001887146,0.001347962,0.001347962,0.000000000,manual_A_near_upright
pid,BALANCE,45.548,0.001987,-0.035396,0.001732,0.784800000,-0.000257470,0.000034672,0.000002,7,0.000017320,0.001731979,0.001237128,0.001237128,0.000000000,manual_A_near_upright
pid,BALANCE,45.569,0.001664,-0.035020,0.001559,0.784800000,-0.000272317,0.000029038,0.000002,7,0.000015594,0.001559395,0.001113854,0.001113854,0.000000000,manual_A_near_upright
pid,BALANCE,45.589,0.001359,-0.034661,0.001409,0.784800000,-0.000282916,0.000023711,0.000002,7,0.000014095,0.001409476,0.001006769,0.001006769,0.000000000,manual_A_near_upright
pid,BALANCE,45.610,0.001027,-0.034268,0.001229,0.784800000,-0.000291721,0.000017921,0.000002,7,0.000012290,0.001228981,0.000877844,0.000877844,0.000000000,manual_A_near_upright
pid,BALANCE,45.630,0.000687,-0.033863,0.001033,0.784800000,-0.000297905,0.000011990,0.000002,7,0.000010329,0.001032936,0.000806184,0.000806184,0.000000000,manual_A_near_upright
pid,BALANCE,45.652,0.000343,-0.033450,0.000863,0.784800000,-0.000300620,0.000005989,0.000002,7,0.000008628,0.000862790,0.000616279,0.000616279,0.000000000,manual_A_near_upright
pid,BALANCE,45.673,-0.000002,-0.033032,0.000671,0.784800000,-0.000300905,-0.000000033,0.000002,7,0.000006706,0.000670601,0.000479000,0.000479000,0.000000000,manual_A_near_upright
pid,BALANCE,45.693,-0.000362,-0.032593,0.000482,0.784800000,-0.000297875,-0.000006313,0.000002,7,0.000004823,0.000482341,0.000344530,0.000344530,0.000000000,manual_A_near_upright
pid,BALANCE,45.714,-0.000698,-0.032179,0.000317,0.784800000,-0.000291884,-0.000012188,0.000002,7,0.000003174,0.000317371,0.000226694,0.000226694,0.000000000,manual_A_near_upright
pid,BALANCE,45.735,-0.001026,-0.031772,0.000142,0.784800000,-0.000283486,-0.000017908,0.000002,7,0.000001422,0.000142248,0.000101605,0.000101605,0.000000000,manual_A_near_upright
pid,BALANCE,45.755,-0.001327,-0.031396,-0.000021,0.784800000,-0.000273125,-0.000023153,0.000002,7,-0.000000210,-0.000021030,-0.000015022,-0.000015022,0.000000000,manual_A_near_upright
pid,BALANCE,45.776,-0.001629,-0.031014,-0.000187,0.784800000,-0.000259804,-0.000028427,0.000002,7,-0.000001869,-0.000186920,-0.000133514,-0.000133514,0.000000000,manual_A_near_upright
pid,BALANCE,45.797,-0.001913,-0.030650,-0.000331,0.784800000,-0.000243865,-0.000033397,0.000002,7,-0.000003313,-0.000331324,-0.000236660,-0.000236660,0.000000000,manual_A_near_upright
pid,BALANCE,45.818,-0.002191,-0.030291,-0.000473,0.784800000,-0.000224817,-0.000038237,0.000002,7,-0.000004731,-0.000473070,-0.000337907,-0.000337907,0.000000000,manual_A_near_upright
pid,BALANCE,45.838,-0.002432,-0.029973,-0.000594,0.784800000,-0.000204588,-0.000042442,0.000002,7,-0.000005936,-0.000593562,-0.000423973,-0.000423973,0.000000000,manual_A_near_upright
pid,BALANCE,45.859,-0.002648,-0.029683,-0.000709,0.784800000,-0.000182746,-0.000046220,0.000002,7,-0.000007090,-0.000708998,-0.000506427,-0.000506427,0.000000000,manual_A_near_upright
pid,BALANCE,45.880,-0.002829,-0.029435,-0.000801,0.784800000,-0.000160435,-0.000049382,0.000002,7,-0.000008007,-0.000800697,-0.000571927,-0.000571927,0.000000000,manual_A_near_upright
pid,BALANCE,45.901,-0.002993,-0.029204,-0.000887,0.784800000,-0.000135741,-0.000052235,0.000002,7,-0.000008869,-0.000886889,-0.000633492,-0.000633492,0.000000000,manual_A_near_upright
pid,BALANCE,45.922,-0.003127,-0.029007,-0.000956,0.784799999,-0.000109915,-0.000054577,0.000001,7,-0.000009558,-0.000955790,-0.000682707,-0.000682707,0.000000000,manual_A_near_upright
pid,BALANCE,45.943,-0.003231,-0.028845,-0.001008,0.784799999,-0.000083238,-0.000056390,0.000001,7,-0.000010080,-0.001008050,-0.000720035,-0.000720035,0.000000000,manual_A_near_upright
pid,BALANCE,45.964,-0.003304,-0.028718,-0.001045,0.784799999,-0.000055993,-0.000057660,0.000001,7,-0.000010445,-0.001044512,-0.000746080,-0.000746080,0.000000000,manual_A_near_upright
pid,BALANCE,45.985,-0.003345,-0.028629,-0.001065,0.784799999,-0.000028444,-0.000058381,0.000001,7,-0.000010649,-0.001064933,-0.000760666,-0.000760666,0.000000000,manual_A_near_upright
pid,BALANCE,46.006,-0.003355,-0.028578,-0.001066,0.784799999,-0.000000795,-0.000058549,0.000001,7,-0.000010665,-0.001066472,-0.000761766,-0.000761766,0.000000000,manual_A_near_upright
pid,BALANCE,46.027,-0.003333,-0.028563,-0.001136,0.784799999,0.000024863,-0.000058176,0.000001,7,-0.000011360,-0.001135971,-0.000811408,-0.000811408,0.000000000,manual_A_near_upright
pid,BALANCE,46.048,-0.003316,-0.028570,-0.002930,0.784799999,0.000014692,-0.000057870,0.000001,7,-0.000029298,-0.002929760,-0.002092685,-0.002092685,0.000000000,manual_A_near_upright
pid,BALANCE,46.068,-0.003271,-0.028613,-0.002490,0.784799999,0.000051786,-0.000057095,0.000001,7,-0.000024901,-0.002490139,-0.001778670,-0.001778670,0.000000000,manual_A_near_upright
pid,BALANCE,46.089,-0.003183,-0.028698,-0.002249,0.784799999,0.000082903,-0.000055559,0.000001,7,-0.000022492,-0.002249221,-0.001606586,-0.001606586,0.000000000,manual_A_near_upright
pid,BALANCE,46.109,-0.003071,-0.028816,-0.002408,0.784799999,0.000104408,-0.000053601,0.000001,7,-0.000024085,-0.002408481,-0.001720343,-0.001720343,0.000000000,manual_A_near_upright
pid,BALANCE,46.130,-0.002929,-0.028970,-0.002239,0.784800000,0.000131343,-0.000051122,0.000001,7,-0.000022390,-0.002239006,-0.001599290,-0.001599290,0.000000000,manual_A_near_upright
pid,BALANCE,46.151,-0.002759,-0.029158,-0.002149,0.784800000,0.000154741,-0.000048148,0.000001,7,-0.000021493,-0.002149308,-0.001535220,-0.001535220,0.000000000,manual_A_near_upright
pid,BALANCE,46.172,-0.002564,-0.029378,-0.002063,0.784800000,0.000176151,-0.000044742,0.000001,7,-0.000020626,-0.002062630,-0.001473307,-0.001473307,0.000000000,manual_A_near_upright
pid,BALANCE,46.193,-0.002345,-0.029626,-0.001925,0.784800000,0.000196500,-0.000040920,0.000001,7,-0.000019247,-0.001924743,-0.001374816,-0.001374816,0.000000000,manual_A_near_upright
pid,BALANCE,46.214,-0.002104,-0.029902,-0.001802,0.784800000,0.000214254,-0.000036728,0.000001,7,-0.000018016,-0.001801600,-0.001286857,-0.001286857,0.000000000,manual_A_near_upright
pid,BALANCE,46.234,-0.001846,-0.030202,-0.001667,0.784800000,0.000229850,-0.000032213,0.000001,7,-0.000016673,-0.001667293,-0.001190924,-0.001190924,0.000000000,manual_A_near_upright
pid,BALANCE,46.255,-0.001571,-0.030523,-0.001515,0.784800000,0.000243325,-0.000027417,0.000001,7,-0.000015151,-0.001515115,-0.001082225,-0.001082225,0.000000000,manual_A_near_upright
pid,BALANCE,46.276,-0.001283,-0.030862,-0.001358,0.784800000,0.000254313,-0.000022386,0.000001,7,-0.000013583,-0.001358290,-0.000970207,-0.000970207,0.000000000,manual_A_near_upright
pid,BALANCE,46.297,-0.000984,-0.031216,-0.001202,0.784800000,0.000262665,-0.000017174,0.000001,7,-0.000012019,-0.001201932,-0.000858523,-0.000858523,0.000000000,manual_A_near_upright
pid,BALANCE,46.318,-0.000662,-0.031600,-0.001028,0.784800000,0.000268774,-0.000011561,0.000001,7,-0.000010285,-0.001028453,-0.000734609,-0.000734609,0.000000000,manual_A_near_upright
pid,BALANCE,46.338,-0.000367,-0.031955,-0.000886,0.784800000,0.000271493,-0.000006412,0.000001,7,-0.000008855,-0.000885523,-0.000632516,-0.000632516,0.000000000,manual_A_near_upright
pid,BALANCE,46.359,-0.000055,-0.032334,-0.000712,0.784800000,0.000272273,-0.000000966,0.000001,7,-0.000007125,-0.000712496,-0.000508926,-0.000508926,0.000000000,manual_A_near_upright
pid,BALANCE,46.380,0.000255,-0.032713,-0.000547,0.784800000,0.000270286,0.000004456,0.000001,7,-0.000005474,-0.000547359,-0.000390970,-0.000390970,0.000000000,manual_A_near_upright
pid,BALANCE,46.401,0.000562,-0.033090,-0.000388,0.784800000,0.000265682,0.000009800,0.000001,7,-0.000003876,-0.000387626,-0.000276876,-0.000276876,0.000000000,manual_A_near_upright
pid,BALANCE,46.422,0.000860,-0.033461,-0.000233,0.784800000,0.000258570,0.000015015,0.000001,7,-0.000002330,-0.000232981,-0.000166415,-0.000166415,0.000000000,manual_A_near_upright
pid,BALANCE,46.442,0.001149,-0.033823,-0.000067,0.784800000,0.000249400,0.000020058,0.000001,7,-0.000000670,-0.000066997,-0.000047855,-0.000047855,0.000000000,manual_A_near_upright
pid,BALANCE,46.463,0.001425,-0.034172,0.000070,0.784800000,0.000237457,0.000024878,0.000001,7,0.000000698,0.000069795,0.000049853,0.000049853,0.000000000,manual_A_near_upright
pid,BALANCE,46.484,0.001686,-0.034506,0.000207,0.784800000,0.000223541,0.000029428,0.000001,7,0.000002068,0.000206821,0.000147729,0.000147729,0.000000000,manual_A_near_upright
pid,BALANCE,46.505,0.001929,-0.034820,0.000340,0.784800000,0.000207718,0.000033673,0.000001,7,0.000003398,0.000339836,0.000242740,0.000242740,0.000000000,manual_A_near_upright
pid,BALANCE,46.526,0.002153,-0.035114,0.000452,0.784800000,0.000189829,0.000037571,0.000001,7,0.000004517,0.000451652,0.000322609,0.000322609,0.000000000,manual_A_near_upright
pid,BALANCE,46.546,0.002364,-0.035396,0.000562,0.784800000,0.000169392,0.000041254,0.000001,7,0.000005625,0.000562498,0.000401784,0.000401784,0.000000000,manual_A_near_upright
pid,BALANCE,46.566,0.002532,-0.035627,0.000645,0.784800000,0.000149393,0.000044195,0.000001,7,0.000006455,0.000645475,0.000461053,0.000461053,0.000000000,manual_A_near_upright
pid,BALANCE,46.587,0.002685,-0.035842,0.000728,0.784800000,0.000127310,0.000046865,0.000001,7,0.000007284,0.000728413,0.000520295,0.000520295,0.000000000,manual_A_near_upright
pid,BALANCE,46.607,0.002812,-0.036027,0.000790,0.784800000,0.000104028,0.000049074,0.000001,7,0.000007895,0.000789515,0.000563940,0.000563940,0.000000000,manual_A_near_upright
pid,BALANCE,46.628,0.002911,-0.036181,0.000838,0.784800000,0.000079988,0.000050808,0.000001,7,0.000008383,0.000838349,0.000598821,0.000598821,0.000000000,manual_A_near_upright
pid,BALANCE,46.649,0.002982,-0.036302,0.000876,0.784799999,0.000055449,0.000052053,0.000001,7,0.000008757,0.000875726,0.000625519,0.000625519,0.000000000,manual_A_near_upright
pid,BALANCE,46.670,0.003025,-0.036390,0.000894,0.784799999,0.000030499,0.000052800,0.000001,7,0.000008944,0.000894367,0.000638833,0.000638833,0.000000000,manual_A_near_upright
pid,BALANCE,46.690,0.003039,-0.036444,0.000901,0.784799999,0.000005519,0.000053048,0.000001,7,0.000009008,0.000900793,0.000643424,0.000643424,0.000000000,manual_A_near_upright
pid,BALANCE,46.711,0.003025,-0.036463,0.000891,0.784799999,-0.000019349,0.000052797,0.000001,7,0.000008905,0.000890527,0.000636091,0.000636091,0.000000000,manual_A_near_upright
pid,BALANCE,46.731,0.003008,-0.036461,0.002522,0.784799999,-0.000009766,0.000052498,0.000001,7,0.000025216,0.002521560,0.001801114,0.001801114,0.000000000,manual_A_near_upright
pid,BALANCE,46.753,0.002977,-0.036430,0.002440,0.784799999,-0.000038283,0.000051954,0.000001,7,0.000024401,0.002440116,0.001742940,0.001742940,0.000000000,manual_A_near_upright
pid,BALANCE,46.773,0.002909,-0.036364,0.002090,0.784800000,-0.000068513,0.000050770,0.000001,7,0.000020896,0.002089630,0.001492593,0.001492593,0.000000000,manual_A_near_upright
pid,BALANCE,46.794,0.002809,-0.036259,0.002255,0.784800000,-0.000089046,0.000049024,0.000001,7,0.000022552,0.002255239,0.001610885,0.001610885,0.000000000,manual_A_near_upright
pid,BALANCE,46.815,0.002694,-0.036133,0.002140,0.784800000,-0.000112047,0.000047015,0.000001,7,0.000021397,0.002139702,0.001528359,0.001528359,0.000000000,manual_A_near_upright
pid,BALANCE,46.837,0.002538,-0.035961,0.002026,0.784800000,-0.000135435,0.000044302,0.000001,7,0.000020261,0.002026051,0.001447179,0.001447179,0.000000000,manual_A_near_upright
pid,BALANCE,46.857,0.002376,-0.035778,0.001969,0.784800000,-0.000154009,0.000041468,0.000001,7,0.000019688,0.001968810,0.001406293,0.001406293,0.000000000,manual_A_near_upright
pid,BALANCE,46.878,0.002184,-0.035559,0.001846,0.784800000,-0.000173029,0.000038109,0.000001,7,0.000018464,0.001846374,0.001318839,0.001318839,0.000000000,manual_A_near_upright
pid,BALANCE,46.898,0.001971,-0.035314,0.001731,0.784800000,-0.000189856,0.000034400,0.000001,7,0.000017307,0.001730672,0.001236195,0.001236195,0.000000000,manual_A_near_upright
pid,BALANCE,46.920,0.001729,-0.035033,0.001609,0.784800000,-0.000205220,0.000030179,0.000001,7,0.000016089,0.001608894,0.001149210,0.001149210,0.000000000,manual_A_near_upright
pid,BALANCE,46.940,0.001496,-0.034760,0.001484,0.784800000,-0.000217316,0.000026108,0.000001,7,0.000014836,0.001483589,0.001059707,0.001059707,0.000000000,manual_A_near_upright
pid,BALANCE,46.961,0.001238,-0.034456,0.001336,0.784800000,-0.000228106,0.000021600,0.000001,7,0.000013358,0.001335759,0.000954114,0.000954114,0.000000000,manual_A_near_upright
pid,BALANCE,46.982,0.000969,-0.034137,0.001194,0.784800000,-0.000236388,0.000016914,0.000001,7,0.000011941,0.001194072,0.000852908,0.000852908,0.000000000,manual_A_near_upright
pid,BALANCE,47.003,0.000679,-0.033790,0.001048,0.784800000,-0.000242447,0.000011854,0.000001,7,0.000010479,0.001047851,0.000748465,0.000748465,0.000000000,manual_A_near_upright
pid,BALANCE,47.034,0.000257,-0.033280,0.000814,0.784800000,-0.000247027,0.000004480,0.000001,7,0.000008143,0.000814279,0.000581628,0.000581628,0.000000000,manual_A_near_upright
pid,BALANCE,47.055,-0.000026,-0.032935,0.000671,0.784800000,-0.000246837,-0.000000462,0.000001,7,0.000006708,0.000670850,0.000479179,0.000479179,0.000000000,manual_A_near_upright
pid,BALANCE,47.075,-0.000294,-0.032607,0.000531,0.784800000,-0.000244582,-0.000005123,0.000001,7,0.000005314,0.000531426,0.000379590,0.000379590,0.000000000,manual_A_near_upright
pid,BALANCE,47.095,-0.000570,-0.032265,0.000373,0.784800000,-0.000240243,-0.000009956,0.000001,7,0.000003731,0.000373091,0.000266494,0.000266494,0.000000000,manual_A_near_upright
pid,BALANCE,47.116,-0.000840,-0.031929,0.000244,0.784800000,-0.000233125,-0.000014662,0.000001,7,0.000002437,0.000243716,0.000174083,0.000174083,0.000000000,manual_A_near_upright
pid,BALANCE,47.138,-0.001113,-0.031585,0.000099,0.784800000,-0.000223642,-0.000019419,0.000001,7,0.000000989,0.000098907,0.000070648,0.000070648,0.000000000,manual_A_near_upright
pid,BALANCE,47.158,-0.001348,-0.031286,-0.000026,0.784800000,-0.000213096,-0.000023525,0.000001,7,-0.000000258,-0.000025849,-0.000018464,-0.000018464,0.000000000,manual_A_near_upright
pid,BALANCE,47.179,-0.001581,-0.030986,-0.000150,0.784800000,-0.000200116,-0.000027601,0.000001,7,-0.000001498,-0.000149826,-0.000107019,-0.000107019,0.000000000,manual_A_near_upright
pid,BALANCE,47.200,-0.001809,-0.030690,-0.000273,0.784800000,-0.000184588,-0.000031575,0.000001,7,-0.000002726,-0.000272557,-0.000194684,-0.000194684,0.000000000,manual_A_near_upright
pid,BALANCE,47.221,-0.002007,-0.030428,-0.000368,0.784800000,-0.000167889,-0.000035027,0.000001,7,-0.000003683,-0.000368326,-0.000263090,-0.000263090,0.000000000,manual_A_near_upright
pid,BALANCE,47.242,-0.002176,-0.030200,-0.000456,0.784800000,-0.000150799,-0.000037980,0.000001,7,-0.000004557,-0.000455679,-0.000325485,-0.000325485,0.000000000,manual_A_near_upright
pid,BALANCE,47.263,-0.002340,-0.029973,-0.000547,0.784800000,-0.000130701,-0.000040847,0.000001,7,-0.000005465,-0.000546541,-0.000390387,-0.000390387,0.000000000,manual_A_near_upright
pid,BALANCE,47.283,-0.002473,-0.029784,-0.000611,0.784800000,-0.000110233,-0.000043166,0.000001,7,-0.000006110,-0.000610968,-0.000436406,-0.000436406,0.000000000,manual_A_near_upright
pid,BALANCE,47.304,-0.002577,-0.029630,-0.000662,0.784800000,-0.000090005,-0.000044979,0.000001,7,-0.000006625,-0.000662496,-0.000473212,-0.000473212,0.000000000,manual_A_near_upright
pid,BALANCE,47.324,-0.002662,-0.029496,-0.000709,0.784800000,-0.000068159,-0.000046463,0.000001,7,-0.000007090,-0.000708963,-0.000506402,-0.000506402,0.000000000,manual_A_near_upright
pid,BALANCE,47.345,-0.002722,-0.029391,-0.000738,0.784800000,-0.000045747,-0.000047502,0.000001,7,-0.000007380,-0.000737958,-0.000527113,-0.000527113,0.000000000,manual_A_near_upright
pid,BALANCE,47.365,-0.002755,-0.029317,-0.000752,0.784800000,-0.000023049,-0.000048088,0.000001,7,-0.000007519,-0.000751901,-0.000537072,-0.000537072,0.000000000,manual_A_near_upright
pid,BALANCE,47.387,-0.002763,-0.029274,-0.000754,0.784800000,-0.000000342,-0.000048220,0.000001,7,-0.000007538,-0.000753805,-0.000538432,-0.000538432,0.000000000,manual_A_near_upright
pid,BALANCE,47.408,-0.002745,-0.029262,-0.000802,0.784800000,0.000020917,-0.000047906,0.000001,7,-0.000008025,-0.000802480,-0.000573200,-0.000573200,0.000000000,manual_A_near_upright
pid,BALANCE,47.428,-0.002735,-0.029265,-0.002601,0.784800000,0.000005887,-0.000047739,0.000001,7,-0.000026011,-0.002601106,-0.001857933,-0.001857933,0.000000000,manual_A_near_upright
pid,BALANCE,47.450,-0.002706,-0.029295,-0.002217,0.784800000,0.000037316,-0.000047228,0.000001,7,-0.000022171,-0.002217070,-0.001583622,-0.001583622,0.000000000,manual_A_near_upright
pid,BALANCE,47.470,-0.002637,-0.029363,-0.001929,0.784800000,0.000065153,-0.000046030,0.000001,7,-0.000019179,-0.001917910,-0.001369935,-0.001369935,0.000000000,manual_A_near_upright
pid,BALANCE,47.492,-0.002550,-0.029458,-0.002152,0.784800000,0.000081283,-0.000044503,0.000001,7,-0.000021515,-0.002151526,-0.001536804,-0.001536804,0.000000000,manual_A_near_upright
pid,BALANCE,47.513,-0.002438,-0.029582,-0.001984,0.784800000,0.000104491,-0.000042545,0.000001,7,-0.000019838,-0.001983765,-0.001416975,-0.001416975,0.000000000,manual_A_near_upright
pid,BALANCE,47.533,-0.002301,-0.029735,-0.001896,0.784800000,0.000124451,-0.000040156,0.000001,7,-0.000018962,-0.001896177,-0.001354412,-0.001354412,0.000000000,manual_A_near_upright
pid,BALANCE,47.554,-0.002144,-0.029913,-0.001850,0.784800000,0.000141993,-0.000037413,0.000001,7,-0.000018496,-0.001849601,-0.001321143,-0.001321143,0.000000000,manual_A_near_upright
pid,BALANCE,47.575,-0.001966,-0.030117,-0.001731,0.784800000,0.000159322,-0.000034320,0.000001,7,-0.000017309,-0.001730886,-0.001236347,-0.001236347,0.000000000,manual_A_near_upright
pid,BALANCE,47.597,-0.001771,-0.030343,-0.001628,0.784800000,0.000174433,-0.000030910,0.000001,7,-0.000016281,-0.001628138,-0.001162956,-0.001162956,0.000000000,manual_A_near_upright
pid,BALANCE,47.618,-0.001560,-0.030590,-0.001519,0.784800000,0.000187714,-0.000027226,0.000001,7,-0.000015189,-0.001518908,-0.001084934,-0.001084934,0.000000000,manual_A_near_upright
pid,BALANCE,47.639,-0.001335,-0.030854,-0.001394,0.784800000,0.000199266,-0.000023300,0.000001,7,-0.000013941,-0.001394138,-0.000995813,-0.000995813,0.000000000,manual_A_near_upright
pid,BALANCE,47.659,-0.001099,-0.031134,-0.001269,0.784800000,0.000208704,-0.000019174,0.000001,7,-0.000012687,-0.001268688,-0.000906206,-0.000906206,0.000000000,manual_A_near_upright
pid,BALANCE,47.681,-0.000853,-0.031427,-0.001138,0.784800000,0.000216086,-0.000014890,0.000001,7,-0.000011378,-0.001137842,-0.000812745,-0.000812745,0.000000000,manual_A_near_upright
pid,BALANCE,47.701,-0.000601,-0.031730,-0.001003,0.784800000,0.000221361,-0.000010487,0.000001,7,-0.000010027,-0.001002729,-0.000716235,-0.000716235,0.000000000,manual_A_near_upright
pid,BALANCE,47.722,-0.000344,-0.032040,-0.000867,0.784800000,0.000224457,-0.000006011,0.000001,7,-0.000008666,-0.000866625,-0.000619018,-0.000619018,0.000000000,manual_A_near_upright
pid,BALANCE,47.743,-0.000073,-0.032370,-0.000722,0.784800000,0.000225395,-0.000001279,0.000001,7,-0.000007220,-0.000721979,-0.000515699,-0.000515699,0.000000000,manual_A_near_upright
pid,BALANCE,47.764,0.000184,-0.032686,-0.000595,0.784800000,0.000223868,0.000003210,0.000001,7,-0.000005946,-0.000594571,-0.000424694,-0.000424694,0.000000000,manual_A_near_upright
pid,BALANCE,47.794,0.000550,-0.033140,-0.000390,0.784800000,0.000218384,0.000009608,0.000001,7,-0.000003902,-0.000390180,-0.000278700,-0.000278700,0.000000000,manual_A_near_upright
pid,BALANCE,47.814,0.000796,-0.033447,-0.000262,0.784800000,0.000211900,0.000013886,0.000001,7,-0.000002618,-0.000261822,-0.000187016,-0.000187016,0.000000000,manual_A_near_upright
pid,BALANCE,47.835,0.001031,-0.033745,-0.000146,0.784800000,0.000203290,0.000018002,0.000001,7,-0.000001463,-0.000146299,-0.000104500,-0.000104500,0.000000000,manual_A_near_upright
pid,BALANCE,47.856,0.001256,-0.034031,-0.000024,0.784800000,0.000193094,0.000021923,0.000001,7,-0.000000237,-0.000023700,-0.000016929,-0.000016929,0.000000000,manual_A_near_upright
pid,BALANCE,47.876,0.001478,-0.034317,0.000098,0.784800000,0.000180507,0.000025793,0.000001,7,0.000000980,0.000097998,0.000069999,0.000069999,0.000000000,manual_A_near_upright
pid,BALANCE,47.897,0.001664,-0.034561,0.000182,0.784800000,0.000167190,0.000029039,0.000001,7,0.000001821,0.000182094,0.000130067,0.000130067,0.000000000,manual_A_near_upright
pid,BALANCE,47.917,0.001843,-0.034799,0.000279,0.784800000,0.000152113,0.000032166,0.000001,7,0.000002794,0.000279426,0.000199590,0.000199590,0.000000000,manual_A_near_upright
pid,BALANCE,47.938,0.002004,-0.035017,0.000367,0.784800000,0.000135704,0.000034973,0.000001,7,0.000003671,0.000367148,0.000262249,0.000262249,0.000000000,manual_A_near_upright
pid,BALANCE,47.959,0.002145,-0.035212,0.000435,0.784800000,0.000117934,0.000037431,0.000001,7,0.000004346,0.000434613,0.000310438,0.000310438,0.000000000,manual_A_near_upright
pid,BALANCE,47.979,0.002264,-0.035384,0.000499,0.784800000,0.000099352,0.000039522,0.000001,7,0.000004988,0.000498832,0.000356308,0.000356308,0.000000000,manual_A_near_upright
pid,BALANCE,48.000,0.002362,-0.035530,0.000550,0.784800000,0.000079945,0.000041229,0.000001,7,0.000005504,0.000550366,0.000393118,0.000393118,0.000000000,manual_A_near_upright
pid,BALANCE,48.021,0.002437,-0.035650,0.000587,0.784800000,0.000059876,0.000042538,0.000001,7,0.000005871,0.000587083,0.000419345,0.000419345,0.000000000,manual_A_near_upright
pid,BALANCE,48.041,0.002489,-0.035743,0.000615,0.784800000,0.000039461,0.000043440,0.000001,7,0.000006147,0.000614716,0.000439083,0.000439083,0.000000000,manual_A_near_upright
pid,BALANCE,48.062,0.002517,-0.035808,0.000624,0.784800000,0.000018717,0.000043929,0.000001,7,0.000006244,0.000624369,0.000445978,0.000445978,0.000000000,manual_A_near_upright
pid,BALANCE,48.083,0.002521,-0.035845,0.000626,0.784800000,-0.000001948,0.000044003,0.000001,7,0.000006261,0.000626072,0.000447194,0.000447194,0.000000000,manual_A_near_upright
pid,BALANCE,48.104,0.002503,-0.035854,0.000781,0.784800000,-0.000018947,0.000043687,0.000001,7,0.000007811,0.000781115,0.000557939,0.000557939,0.000000000,manual_A_near_upright
pid,BALANCE,48.124,0.002497,-0.035851,0.002493,0.784800000,-0.000003905,0.000043578,0.000001,7,0.000024930,0.002493042,0.001780745,0.001780745,0.000000000,manual_A_near_upright
pid,BALANCE,48.145,0.002468,-0.035821,0.002014,0.784800000,-0.000035306,0.000043083,0.000001,7,0.000020143,0.002014267,0.001438762,0.001438762,0.000000000,manual_A_near_upright
pid,BALANCE,48.165,0.002407,-0.035759,0.001896,0.784800000,-0.000057741,0.000042017,0.000001,7,0.000018962,0.001896200,0.001354429,0.001354429,0.000000000,manual_A_near_upright
pid,BALANCE,48.186,0.002328,-0.035671,0.002000,0.784800000,-0.000074662,0.000040628,0.000001,7,0.000020004,0.002000363,0.001428831,0.001428831,0.000000000,manual_A_near_upright
pid,BALANCE,48.207,0.002225,-0.035556,0.001868,0.784800000,-0.000095434,0.000038831,0.000001,7,0.000018680,0.001867988,0.001334277,0.001334277,0.000000000,manual_A_near_upright
pid,BALANCE,48.228,0.002094,-0.035408,0.001809,0.784800000,-0.000114087,0.000036542,0.000001,7,0.000018086,0.001808594,0.001291853,0.001291853,0.000000000,manual_A_near_upright
pid,BALANCE,48.248,0.001957,-0.035251,0.001746,0.784800000,-0.000129796,0.000034154,0.000001,7,0.000017458,0.001745813,0.001247009,0.001247009,0.000000000,manual_A_near_upright
pid,BALANCE,48.269,0.001795,-0.035063,0.001646,0.784800000,-0.000145487,0.000031327,0.000001,7,0.000016456,0.001645634,0.001175453,0.001175453,0.000000000,manual_A_near_upright
pid,BALANCE,48.290,0.001607,-0.034845,0.001545,0.784800000,-0.000160018,0.000028051,0.000001,7,0.000015450,0.001545032,0.001103594,0.001103594,0.000000000,manual_A_near_upright
pid,BALANCE,48.310,0.001424,-0.034629,0.001450,0.784800000,-0.000171541,0.000024847,0.000001,7,0.000014501,0.001450065,0.001035760,0.001035760,0.000000000,manual_A_near_upright
pid,BALANCE,48.331,0.001218,-0.034386,0.001337,0.784800000,-0.000182104,0.000021259,0.000001,7,0.000013370,0.001337017,0.000955012,0.000955012,0.000000000,manual_A_near_upright
pid,BALANCE,48.352,0.000991,-0.034116,0.001214,0.784800000,-0.000191191,0.000017296,0.000001,7,0.000012141,0.001214089,0.000915360,0.000915360,0.000000000,manual_A_near_upright
pid,BALANCE,48.373,0.000778,-0.033860,0.001103,0.784800000,-0.000197514,0.000013572,0.000001,7,0.000011034,0.001103435,0.000788168,0.000788168,0.000000000,manual_A_near_upright
pid,BALANCE,48.394,0.000547,-0.033582,0.000975,0.784800000,-0.000202452,0.000009546,0.000001,7,0.000009754,0.000975396,0.000696712,0.000696712,0.000000000,manual_A_near_upright
pid,BALANCE,48.414,0.000312,-0.033298,0.000852,0.784800000,-0.000205284,0.000005452,0.000001,7,0.000008515,0.000851544,0.000608246,0.000608246,0.000000000,manual_A_near_upright
pid,BALANCE,48.435,0.000064,-0.032995,0.000720,0.784800000,-0.000206139,0.000001125,0.000001,7,0.000007201,0.000720066,0.000514333,0.000514333,0.000000000,manual_A_near_upright
pid,BALANCE,48.456,-0.000159,-0.032719,0.000610,0.784800000,-0.000204873,-0.000002778,0.000001,7,0.000006098,0.000609811,0.000435579,0.000435579,0.000000000,manual_A_near_upright
pid,BALANCE,48.477,-0.000392,-0.032431,0.000482,0.784800000,-0.000201926,-0.000006836,0.000001,7,0.000004822,0.000482215,0.000344439,0.000344439,0.000000000,manual_A_near_upright
pid,BALANCE,48.497,-0.000619,-0.032147,0.000358,0.784800000,-0.000197051,-0.000010807,0.000001,7,0.000003584,0.000358414,0.000256010,0.000256010,0.000000000,manual_A_near_upright
pid,BALANCE,48.518,-0.000840,-0.031869,0.000242,0.784800000,-0.000190257,-0.000014653,0.000001,7,0.000002422,0.000242207,0.000173005,0.000173005,0.000000000,manual_A_near_upright
pid,BALANCE,48.538,-0.001051,-0.031600,0.000133,0.784800000,-0.000181671,-0.000018336,0.000001,7,0.000001326,0.000132568,0.000094692,0.000094692,0.000000000,manual_A_near_upright
pid,BALANCE,48.559,-0.001250,-0.031343,0.000027,0.784800000,-0.000171463,-0.000021825,0.000001,7,0.000000271,0.000027076,0.000019340,0.000019340,0.000000000,manual_A_near_upright
pid,BALANCE,48.580,-0.001437,-0.031100,-0.000071,0.784800000,-0.000159681,-0.000025086,0.000001,7,-0.000000705,-0.000070508,-0.000050363,-0.000050363,0.000000000,manual_A_near_upright
pid,BALANCE,48.601,-0.001609,-0.030872,-0.000160,0.784800000,-0.000146468,-0.000028091,0.000001,7,-0.000001600,-0.000160006,-0.000114290,-0.000114290,0.000000000,manual_A_near_upright
pid,BALANCE,48.621,-0.001765,-0.030662,-0.000241,0.784800000,-0.000131969,-0.000030812,0.000001,7,-0.000002410,-0.000241037,-0.000172169,-0.000172169,0.000000000,manual_A_near_upright
pid,BALANCE,48.642,-0.001904,-0.030472,-0.000313,0.784800000,-0.000116324,-0.000033227,0.000001,7,-0.000003125,-0.000312538,-0.000223241,-0.000223241,0.000000000,manual_A_near_upright
pid,BALANCE,48.663,-0.002023,-0.030303,-0.000374,0.784800000,-0.000099691,-0.000035314,0.000001,7,-0.000003445,-0.000344510,-0.000246078,-0.000246078,0.000000000,manual_A_near_upright
pid,BALANCE,48.684,-0.002123,-0.030157,-0.000425,0.784800000,-0.000082240,-0.000037056,0.000001,7,-0.000004007,-0.000400749,-0.000286249,-0.000286249,0.000000000,manual_A_near_upright
pid,BALANCE,48.705,-0.002202,-0.030034,-0.000465,0.784800000,-0.000064140,-0.000038439,0.000001,7,-0.000004648,-0.000464764,-0.000331974,-0.000331974,0.000000000,manual_A_near_upright
pid,BALANCE,48.726,-0.002261,-0.029936,-0.000494,0.784800000,-0.000045569,-0.000039453,0.000001,7,-0.000004935,-0.000493548,-0.000352534,-0.000352534,0.000000000,manual_A_near_upright
pid,BALANCE,48.747,-0.002297,-0.029863,-0.000511,0.784800000,-0.000026705,-0.000040092,0.000001,7,-0.000005107,-0.000510678,-0.000364770,-0.000364770,0.000000000,manual_A_near_upright
pid,BALANCE,48.769,-0.002312,-0.029816,-0.000516,0.784800000,-0.000007734,-0.000040351,0.000001,7,-0.000005164,-0.000516403,-0.000368859,-0.000368859,0.000000000,manual_A_near_upright
pid,BALANCE,48.789,-0.002305,-0.029795,-0.000511,0.784800000,0.000011164,-0.000040231,0.000001,7,-0.000005106,-0.000510581,-0.000364700,-0.000364700,0.000000000,manual_A_near_upright
pid,BALANCE,48.810,-0.002289,-0.029794,-0.001568,0.784800000,0.000007491,-0.000039958,0.000001,7,-0.000015678,-0.001567787,-0.000448707,-0.000448707,0.000000000,manual_A_near_upright
pid,BALANCE,48.831,-0.002285,-0.029803,-0.002394,0.784800000,0.000009985,-0.000039877,0.000001,7,-0.000023935,-0.002393534,-0.001709667,-0.001709667,0.000000000,manual_A_near_upright
pid,BALANCE,48.852,-0.002242,-0.029847,-0.001686,0.784800000,0.000044954,-0.000039123,0.000001,7,-0.000016859,-0.001685868,-0.001204191,-0.001204191,0.000000000,manual_A_near_upright
pid,BALANCE,48.872,-0.002181,-0.029912,-0.001868,0.784800000,0.000058168,-0.000038067,0.000001,7,-0.000018683,-0.001868283,-0.001334488,-0.001334488,0.000000000,manual_A_near_upright
pid,BALANCE,48.893,-0.002101,-0.030003,-0.001880,0.784800000,0.000075194,-0.000036674,0.000001,7,-0.000018805,-0.001880464,-0.001343189,-0.001343189,0.000000000,manual_A_near_upright
pid,BALANCE,48.914,-0.001993,-0.030126,-0.001718,0.784800000,0.000095464,-0.000034781,0.000001,7,-0.000017178,-0.001717770,-0.001226979,-0.001226979,0.000000000,manual_A_near_upright
pid,BALANCE,48.934,-0.001871,-0.030266,-0.001705,0.784800000,0.000110447,-0.000032652,0.000001,7,-0.000017053,-0.001705320,-0.001218085,-0.001218085,0.000000000,manual_A_near_upright
pid,BALANCE,48.955,-0.001732,-0.030427,-0.001621,0.784800000,0.000125593,-0.000030224,0.000001,7,-0.000016208,-0.001620766,-0.001157690,-0.001157690,0.000000000,manual_A_near_upright
pid,BALANCE,48.975,-0.001576,-0.030609,-0.001531,0.784800000,0.000139311,-0.000027509,0.000001,7,-0.000015312,-0.001531208,-0.001093720,-0.001093720,0.000000000,manual_A_near_upright
pid,BALANCE,48.996,-0.001406,-0.030808,-0.001445,0.784800000,0.000151365,-0.000024546,0.000001,7,-0.000014445,-0.001444535,-0.001031810,-0.001031810,0.000000000,manual_A_near_upright
pid,BALANCE,49.017,-0.001224,-0.031024,-0.001342,0.784800000,0.000162055,-0.000021361,0.000001,7,-0.000013422,-0.001342223,-0.000958730,-0.000958730,0.000000000,manual_A_near_upright
pid,BALANCE,49.048,-0.000931,-0.031374,-0.001188,0.784800000,0.000174792,-0.000016242,0.000000,7,-0.000011879,-0.001187910,-0.000848507,-0.000848507,0.000000000,manual_A_near_upright
pid,BALANCE,49.068,-0.000725,-0.031622,-0.001075,0.784800000,0.000181215,-0.000012650,0.000000,7,-0.000010753,-0.001075313,-0.000768081,-0.000768081,0.000000000,manual_A_near_upright
pid,BALANCE,49.088,-0.000524,-0.031865,-0.000970,0.784800000,0.000185567,-0.000009143,0.000000,7,-0.000009701,-0.000970101,-0.000692929,-0.000692929,0.000000000,manual_A_near_upright
pid,BALANCE,49.109,-0.000298,-0.032140,-0.000844,0.784800000,0.000188630,-0.000005197,0.000000,7,-0.000008443,-0.000844263,-0.000603045,-0.000603045,0.000000000,manual_A_near_upright
pid,BALANCE,49.130,-0.000092,-0.032392,-0.000742,0.784800000,0.000189418,-0.000001599,0.000000,7,-0.000007415,-0.000741543,-0.000529673,-0.000529673,0.000000000,manual_A_near_upright
pid,BALANCE,49.151,0.000125,-0.032659,-0.000620,0.784800000,0.000188748,0.000002183,0.000000,7,-0.000006205,-0.000620499,-0.000443214,-0.000443214,0.000000000,manual_A_near_upright
pid,BALANCE,49.172,0.000339,-0.032926,-0.000508,0.784800000,0.000186131,0.000005923,0.000000,7,-0.000005076,-0.000507593,-0.000362567,-0.000362567,0.000000000,manual_A_near_upright
pid,BALANCE,49.192,0.000549,-0.033188,-0.000398,0.784800000,0.000181735,0.000009585,0.000000,7,-0.000003984,-0.000398387,-0.000284562,-0.000284562,0.000000000,manual_A_near_upright
pid,BALANCE,49.213,0.000752,-0.033445,-0.000298,0.784800000,0.000175536,0.000013133,0.000000,7,-0.000002979,-0.000297901,-0.000212787,-0.000212787,0.000000000,manual_A_near_upright
pid,BALANCE,49.234,0.000948,-0.033694,-0.000185,0.784800000,0.000168057,0.000016538,0.000000,7,-0.000001854,-0.000185406,-0.000132433,-0.000132433,0.000000000,manual_A_near_upright
pid,BALANCE,49.254,0.001132,-0.033932,-0.000098,0.784800000,0.000158626,0.000019765,0.000000,7,-0.000000978,-0.000097830,-0.000069879,-0.000069879,0.000000000,manual_A_near_upright
pid,BALANCE,49.285,0.001387,-0.034266,0.000041,0.784800000,0.000142231,0.000024213,0.000000,7,0.000000409,0.000040870,0.000029193,0.000029193,0.000000000,manual_A_near_upright
pid,BALANCE,49.305,0.001540,-0.034470,0.000122,0.784800000,0.000129648,0.000026877,0.000000,7,0.000001221,0.000122129,0.000087235,0.000087235,0.000000000,manual_A_near_upright
pid,BALANCE,49.326,0.001677,-0.034656,0.000193,0.784800000,0.000115876,0.000029273,0.000000,7,0.000001927,0.000192653,0.000137610,0.000137610,0.000000000,manual_A_near_upright
pid,BALANCE,49.347,0.001798,-0.034824,0.000255,0.784800000,0.000101118,0.000031378,0.000000,7,0.000002547,0.000254673,0.000181909,0.000181909,0.000000000,manual_A_near_upright
pid,BALANCE,49.367,0.001901,-0.034972,0.000308,0.784800000,0.000085521,0.000033175,0.000000,7,0.000003077,0.000307712,0.000219794,0.000219794,0.000000000,manual_A_near_upright
pid,BALANCE,49.388,0.001985,-0.035099,0.000347,0.784800000,0.000069154,0.000034649,0.000000,7,0.000003471,0.000347127,0.000247948,0.000247948,0.000000000,manual_A_near_upright
pid,BALANCE,49.409,0.002051,-0.035204,0.000382,0.784800000,0.000052365,0.000035790,0.000000,7,0.000003816,0.000381579,0.000272556,0.000272556,0.000000000,manual_A_near_upright
pid,BALANCE,49.429,0.002096,-0.035285,0.000404,0.784800000,0.000035183,0.000036589,0.000000,7,0.000004045,0.000404496,0.000288926,0.000288926,0.000000000,manual_A_near_upright
pid,BALANCE,49.450,0.002122,-0.035344,0.000418,0.784800000,0.000017815,0.000037041,0.000000,7,0.000004177,0.000417699,0.000298356,0.000298356,0.000000000,manual_A_near_upright
pid,BALANCE,49.470,0.002128,-0.035378,0.000418,0.784800000,0.000000370,0.000037144,0.000000,7,0.000004184,0.000418355,0.000298825,0.000298825,0.000000000,manual_A_near_upright
pid,BALANCE,49.491,0.002114,-0.035389,0.000418,0.784800000,-0.000016748,0.000036901,0.000000,7,0.000004179,0.000417876,0.000298483,0.000298483,0.000000000,manual_A_near_upright
pid,BALANCE,49.512,0.002107,-0.035388,0.001989,0.784800000,-0.000001118,0.000036771,0.000000,7,0.000019890,0.001989043,0.001420745,0.001420745,0.000000000,manual_A_near_upright
pid,BALANCE,49.533,0.002096,-0.035372,0.002035,0.784800000,-0.000018593,0.000036583,0.000000,7,0.000020347,0.002034686,0.001453347,0.001453347,0.000000000,manual_A_near_upright
pid,BALANCE,49.553,0.002051,-0.035324,0.001610,0.784800000,-0.000044800,0.000035789,0.000000,7,0.000016104,0.001610392,0.001150280,0.001150280,0.000000000,manual_A_near_upright
pid,BALANCE,49.573,0.001990,-0.035256,0.001827,0.784800000,-0.000056704,0.000034725,0.000000,7,0.000018274,0.001827414,0.001305296,0.001305296,0.000000000,manual_A_near_upright
pid,BALANCE,49.594,0.001910,-0.035164,0.001726,0.784800000,-0.000074536,0.000033339,0.000000,7,0.000017259,0.001725934,0.001232810,0.001232810,0.000000000,manual_A_near_upright
pid,BALANCE,49.614,0.001811,-0.035050,0.001639,0.784800000,-0.000090884,0.000031603,0.000000,7,0.000016393,0.001639276,0.001170911,0.001170911,0.000000000,manual_A_near_upright
pid,BALANCE,49.635,0.001695,-0.034916,0.001613,0.784800000,-0.000104775,0.000029584,0.000000,7,0.000016133,0.001613285,0.001152346,0.001152346,0.000000000,manual_A_near_upright
pid,BALANCE,49.655,0.001563,-0.034762,0.001526,0.784800000,-0.000118657,0.000027286,0.000000,7,0.000015259,0.001525942,0.001089959,0.001089959,0.000000000,manual_A_near_upright
pid,BALANCE,49.676,0.001417,-0.034590,0.001452,0.784800000,-0.000130836,0.000024733,0.000000,7,0.000014518,0.001451783,0.001036988,0.001036988,0.000000000,manual_A_near_upright
pid,BALANCE,49.697,0.001258,-0.034401,0.001368,0.784800000,-0.000141715,0.000021956,0.000000,7,0.000013682,0.001368234,0.000977310,0.000977310,0.000000000,manual_A_near_upright
pid,BALANCE,49.717,0.001087,-0.034198,0.001272,0.784800000,-0.000151279,0.000018980,0.000000,7,0.000012720,0.001272010,0.000908579,0.000908579,0.000000000,manual_A_near_upright
pid,BALANCE,49.739,0.000898,-0.033971,0.001168,0.784800000,-0.000159624,0.000015675,0.000000,7,0.000011678,0.001167827,0.000834162,0.000834162,0.000000000,manual_A_near_upright
pid,BALANCE,49.760,0.000710,-0.033744,0.001074,0.784800000,-0.000165740,0.000012391,0.000000,7,0.000010741,0.001074109,0.000767220,0.000767220,0.000000000,manual_A_near_upright
pid,BALANCE,49.781,0.000526,-0.033521,0.000974,0.784800000,-0.000170222,0.000009177,0.000000,7,0.000009736,0.000973638,0.000695456,0.000695456,0.000000000,manual_A_near_upright
pid,BALANCE,49.802,0.000328,-0.033280,0.000861,0.784800000,-0.000173407,0.000005723,0.000000,7,0.000008609,0.000860926,0.000614947,0.000614947,0.000000000,manual_A_near_upright
pid,BALANCE,49.823,0.000128,-0.033034,0.000763,0.784800000,-0.000174568,0.000002234,0.000000,7,0.000007634,0.000763369,0.000545264,0.000545264,0.000000000,manual_A_near_upright
pid,BALANCE,49.844,-0.000072,-0.032787,0.000652,0.784800000,-0.000174353,-0.000001256,0.000000,7,0.000006518,0.000651803,0.000465574,0.000465574,0.000000000,manual_A_near_upright
pid,BALANCE,49.865,-0.000270,-0.032540,0.000548,0.784800000,-0.000172326,-0.000004718,0.000000,7,0.000005482,0.000548157,0.000391541,0.000391541,0.000000000,manual_A_near_upright
pid,BALANCE,49.886,-0.000474,-0.032284,0.000444,0.784800000,-0.000168406,-0.000008281,0.000000,7,0.000004437,0.000443712,0.000316937,0.000316937,0.000000000,manual_A_near_upright
pid,BALANCE,49.907,-0.000663,-0.032045,0.000345,0.784800000,-0.000163103,-0.000011575,0.000000,7,0.000003451,0.000345052,0.000246466,0.000246466,0.000000000,manual_A_near_upright
pid,BALANCE,49.928,-0.000845,-0.031814,0.000249,0.784800000,-0.000156315,-0.000014741,0.000000,7,0.000002489,0.000248929,0.000177806,0.000177806,0.000000000,manual_A_near_upright
pid,BALANCE,49.948,-0.001017,-0.031591,0.000156,0.784800000,-0.000148134,-0.000017750,0.000000,7,0.000001555,0.000155502,0.000111073,0.000111073,0.000000000,manual_A_near_upright
pid,BALANCE,49.969,-0.001171,-0.031390,0.000077,0.784800000,-0.000139005,-0.000020440,0.000000,7,0.000000768,0.000076829,0.000054878,0.000054878,0.000000000,manual_A_near_upright
pid,BALANCE,49.990,-0.001329,-0.031181,-0.000010,0.784800000,-0.000127744,-0.000023192,0.000000,7,-0.000000097,-0.000009672,-0.000006908,-0.000006908,0.000000000,manual_A_near_upright
pid,BALANCE,50.011,-0.001465,-0.030997,-0.000079,0.784800000,-0.000115721,-0.000025574,0.000000,7,-0.000000786,-0.000078594,-0.000056138,-0.000056138,0.000000000,manual_A_near_upright
pid,BALANCE,50.031,-0.001581,-0.030838,-0.000138,0.784800000,-0.000103388,-0.000027602,0.000000,7,-0.000001381,-0.000138125,-0.000098661,-0.000098661,0.000000000,manual_A_near_upright
pid,BALANCE,50.052,-0.001689,-0.030687,-0.000195,0.784800000,-0.000089604,-0.000029471,0.000000,7,-0.000001954,-0.000195409,-0.000139578,-0.000139578,0.000000000,manual_A_near_upright
pid,BALANCE,50.072,-0.001783,-0.030549,-0.000242,0.784800000,-0.000074249,-0.000031124,0.000000,7,-0.000002421,-0.000242056,-0.000172897,-0.000172897,0.000000000,manual_A_near_upright
pid,BALANCE,50.093,-0.001856,-0.030437,-0.000280,0.784800000,-0.000059064,-0.000032390,0.000000,7,-0.000002797,-0.000279675,-0.000199768,-0.000199768,0.000000000,manual_A_near_upright
pid,BALANCE,50.114,-0.001908,-0.030351,-0.000307,0.784800000,-0.000044218,-0.000033305,0.000000,7,-0.000003066,-0.000306581,-0.000218986,-0.000218986,0.000000000,manual_A_near_upright
pid,BALANCE,50.134,-0.001946,-0.030281,-0.000325,0.784800000,-0.000028286,-0.000033958,0.000000,7,-0.000003248,-0.000324772,-0.000231980,-0.000231980,0.000000000,manual_A_near_upright
pid,BALANCE,50.155,-0.001965,-0.030232,-0.000333,0.784800000,-0.000012200,-0.000034291,0.000000,7,-0.000003330,-0.000332995,-0.000237854,-0.000237854,0.000000000,manual_A_near_upright
pid,BALANCE,50.176,-0.001965,-0.030205,-0.000332,0.784800000,0.000003865,-0.000034302,0.000000,7,-0.000003321,-0.000332098,-0.000237213,-0.000237213,0.000000000,manual_A_near_upright
pid,BALANCE,50.197,-0.001949,-0.030200,-0.000640,0.784800000,0.000013866,-0.000034017,0.000000,7,-0.000006401,-0.000640080,-0.000457200,-0.000457200,0.000000000,manual_A_near_upright
pid,BALANCE,50.217,-0.001948,-0.030201,-0.002104,0.784800000,-0.000001245,-0.000033997,0.000000,7,-0.000021038,-0.002103793,-0.001502710,-0.001502710,0.000000000,manual_A_near_upright
pid,BALANCE,50.238,-0.001933,-0.030222,-0.001812,0.784800000,0.000021939,-0.000033741,0.000000,7,-0.000018122,-0.001812243,-0.001294459,-0.001294459,0.000000000,manual_A_near_upright
pid,BALANCE,50.258,-0.001889,-0.030270,-0.001600,0.784800000,0.000042306,-0.000032971,0.000000,7,-0.000016001,-0.001600062,-0.001142901,-0.001142901,0.000000000,manual_A_near_upright
pid,BALANCE,50.279,-0.001831,-0.030337,-0.001734,0.784800000,0.000054716,-0.000031952,0.000000,7,-0.000017340,-0.001734043,-0.001238602,-0.001238602,0.000000000,manual_A_near_upright
pid,BALANCE,50.299,-0.001754,-0.030426,-0.001631,0.784800000,0.000071297,-0.000030618,0.000000,7,-0.000016310,-0.001631011,-0.001165008,-0.001165008,0.000000000,manual_A_near_upright
pid,BALANCE,50.320,-0.001660,-0.030535,-0.001578,0.784800000,0.000085771,-0.000028978,0.000000,7,-0.000015775,-0.001577527,-0.001126805,-0.001126805,0.000000000,manual_A_near_upright
pid,BALANCE,50.341,-0.001551,-0.030664,-0.001532,0.784800000,0.000098967,-0.000027071,0.000000,7,-0.000015318,-0.001531807,-0.001094148,-0.001094148,0.000000000,manual_A_near_upright
pid,BALANCE,50.361,-0.001427,-0.030810,-0.001455,0.784800000,0.000111585,-0.000024907,0.000000,7,-0.000014551,-0.001455148,-0.001039392,-0.001039392,0.000000000,manual_A_near_upright
pid,BALANCE,50.381,-0.001290,-0.030973,-0.001381,0.784800000,0.000122819,-0.000022509,0.000000,7,-0.000013807,-0.001380692,-0.000986208,-0.000986208,0.000000000,manual_A_near_upright
pid,BALANCE,50.402,-0.001141,-0.031150,-0.001303,0.784800000,0.000132726,-0.000019907,0.000000,7,-0.000013027,-0.001302696,-0.000930497,-0.000930497,0.000000000,manual_A_near_upright
pid,BALANCE,50.423,-0.000981,-0.031341,-0.001217,0.784800000,0.000141314,-0.000017125,0.000000,7,-0.000012174,-0.001217419,-0.000869585,-0.000869585,0.000000000,manual_A_near_upright
pid,BALANCE,50.444,-0.000813,-0.031544,-0.001126,0.784800000,0.000148503,-0.000014192,0.000000,7,-0.000011263,-0.001126350,-0.000804535,-0.000804535,0.000000000,manual_A_near_upright
pid,BALANCE,50.465,-0.000629,-0.031767,-0.001025,0.784800000,0.000154487,-0.000010981,0.000000,7,-0.000010250,-0.001025019,-0.000732156,-0.000732156,0.000000000,manual_A_near_upright
pid,BALANCE,50.485,-0.000449,-0.031987,-0.000934,0.784800000,0.000158451,-0.000007831,0.000000,7,-0.000009341,-0.000934125,-0.000667232,-0.000667232,0.000000000,manual_A_near_upright
pid,BALANCE,50.506,-0.000274,-0.032200,-0.000840,0.784800000,0.000160911,-0.000004784,0.000000,7,-0.000008401,-0.000840137,-0.000600098,-0.000600098,0.000000000,manual_A_near_upright
pid,BALANCE,50.526,-0.000089,-0.032429,-0.000737,0.784800000,0.000162047,-0.000001546,0.000000,7,-0.000007368,-0.000736820,-0.000526300,-0.000526300,0.000000000,manual_A_near_upright
pid,BALANCE,50.547,0.000097,-0.032659,-0.000640,0.784800000,0.000161475,0.000001689,0.000000,7,-0.000006405,-0.000640475,-0.000457482,-0.000457482,0.000000000,manual_A_near_upright
pid,BALANCE,50.568,0.000280,-0.032888,-0.000543,0.784800000,0.000159403,0.000004892,0.000000,7,-0.000005432,-0.000543183,-0.000387988,-0.000387988,0.000000000,manual_A_near_upright
pid,BALANCE,50.588,0.000460,-0.033115,-0.000450,0.784800000,0.000155776,0.000008030,0.000000,7,-0.000004502,-0.000450171,-0.000321551,-0.000321551,0.000000000,manual_A_near_upright
pid,BALANCE,50.609,0.000635,-0.033336,-0.000357,0.784800000,0.000150752,0.000011075,0.000000,7,-0.000003573,-0.000357297,-0.000255212,-0.000255212,0.000000000,manual_A_near_upright
pid,BALANCE,50.630,0.000810,-0.033562,-0.000262,0.784800000,0.000144012,0.000014143,0.000000,7,-0.000002617,-0.000261728,-0.000221538,-0.000221538,0.000000000,manual_A_near_upright
pid,BALANCE,50.650,0.000969,-0.033767,-0.000184,0.784800000,0.000136058,0.000016910,0.000000,7,-0.000001840,-0.000184002,-0.000131430,-0.000131430,0.000000000,manual_A_near_upright
pid,BALANCE,50.681,0.001181,-0.034046,-0.000069,0.784800000,0.000122605,0.000020605,0.000000,7,-0.000000691,-0.000069066,-0.000049333,-0.000049333,0.000000000,manual_A_near_upright
pid,BALANCE,50.701,0.001312,-0.034223,-0.000000,0.784800000,0.000111905,0.000022904,0.000000,7,-0.000000004,-0.000000374,-0.000000267,-0.000000267,0.000000000,manual_A_near_upright
pid,BALANCE,50.722,0.001436,-0.034393,0.000063,0.784800000,0.000099591,0.000025071,0.000000,7,0.000000629,0.000062862,0.000044901,0.000044901,0.000000000,manual_A_near_upright
pid,BALANCE,50.742,0.001540,-0.034538,0.000114,0.784800000,0.000086942,0.000026881,0.000000,7,0.000001136,0.000113624,0.000081160,0.000081160,0.000000000,manual_A_near_upright
pid,BALANCE,50.763,0.001625,-0.034660,0.000159,0.784800000,0.000074334,0.000028357,0.000000,7,0.000001587,0.000158686,0.000113347,0.000113347,0.000000000,manual_A_near_upright
pid,BALANCE,50.783,0.001699,-0.034771,0.000198,0.784800000,0.000060481,0.000029645,0.000000,7,0.000001982,0.000198186,0.000141562,0.000141562,0.000000000,manual_A_near_upright
pid,BALANCE,50.814,0.001778,-0.034902,0.000238,0.784800000,0.000038795,0.000031038,0.000000,7,0.000002376,0.000237634,0.000169739,0.000169739,0.000000000,manual_A_near_upright
pid,BALANCE,50.835,0.001812,-0.034968,0.000254,0.784800000,0.000023252,0.000031620,0.000000,7,0.000002539,0.000253884,0.000181346,0.000181346,0.000000000,manual_A_near_upright
pid,BALANCE,50.855,0.001826,-0.035008,0.000259,0.784800000,0.000009051,0.000031863,0.000000,7,0.000002588,0.000258824,0.000184874,0.000184874,0.000000000,manual_A_near_upright
pid,BALANCE,50.876,0.001824,-0.035030,0.000257,0.784800000,-0.000005829,0.000031828,0.000000,7,0.000002568,0.000256815,0.000183439,0.000183439,0.000000000,manual_A_near_upright
pid,BALANCE,50.896,0.001808,-0.035033,0.000738,0.784800000,-0.000010961,0.000031557,0.000000,7,0.000007384,0.000738409,0.000527435,0.000527435,0.000000000,manual_A_near_upright
pid,BALANCE,50.917,0.001809,-0.035031,0.002038,0.784800000,0.000001641,0.000031573,0.000000,7,0.000020382,0.002038240,0.001455886,0.001455886,0.000000000,manual_A_near_upright
pid,BALANCE,50.938,0.001791,-0.035008,0.001626,0.784800000,-0.000023595,0.000031263,0.000000,7,0.000016262,0.001626172,0.001161552,0.001161552,0.000000000,manual_A_near_upright
pid,BALANCE,50.959,0.001749,-0.034961,0.001572,0.784800000,-0.000039458,0.000030532,0.000000,7,0.000015721,0.001572064,0.001122903,0.001122903,0.000000000,manual_A_near_upright
pid,BALANCE,50.979,0.001694,-0.034896,0.001660,0.784800000,-0.000051766,0.000029574,0.000000,7,0.000016604,0.001660398,0.001185998,0.001185998,0.000000000,manual_A_near_upright
pid,BALANCE,51.000,0.001626,-0.034815,0.001557,0.784800000,-0.000066654,0.000028381,0.000000,7,0.000015572,0.001557209,0.001112292,0.001112292,0.000000000,manual_A_near_upright
pid,BALANCE,51.021,0.001538,-0.034712,0.001513,0.784800000,-0.000079984,0.000026850,0.000000,7,0.000015131,0.001513119,0.001080799,0.001080799,0.000000000,manual_A_near_upright
pid,BALANCE,51.042,0.001437,-0.034592,0.001473,0.784800000,-0.000092202,0.000025073,0.000000,7,0.000014730,0.001473019,0.001052157,0.001052157,0.000000000,manual_A_near_upright
pid,BALANCE,51.063,0.001315,-0.034447,0.001394,0.784800000,-0.000104564,0.000022949,0.000000,7,0.000013939,0.001393928,0.000995663,0.000995663,0.000000000,manual_A_near_upright
pid,BALANCE,51.083,0.001193,-0.034302,0.001335,0.784800000,-0.000114315,0.000020824,0.000000,7,0.000013346,0.001334634,0.000953310,0.000953310,0.000000000,manual_A_near_upright
pid,BALANCE,51.104,0.001054,-0.034135,0.001257,0.784800000,-0.000123621,0.000018401,0.000000,7,0.000012569,0.001256918,0.000897798,0.000897798,0.000000000,manual_A_near_upright
pid,BALANCE,51.124,0.000906,-0.033956,0.001176,0.784800000,-0.000131622,0.000015810,0.000000,7,0.000011758,0.001175846,0.000839890,0.000839890,0.000000000,manual_A_near_upright
pid,BALANCE,51.145,0.000749,-0.033767,0.001093,0.784800000,-0.000138237,0.000013079,0.000000,7,0.000010933,0.001093269,0.000780907,0.000780907,0.000000000,manual_A_near_upright
pid,BALANCE,51.166,0.000586,-0.033569,0.001008,0.784800000,-0.000143463,0.000010236,0.000000,7,0.000010077,0.001007668,0.000719763,0.000719763,0.000000000,manual_A_near_upright
pid,BALANCE,51.187,0.000419,-0.033363,0.000917,0.784800000,-0.000147329,0.000007308,0.000000,7,0.000009168,0.000916834,0.000654881,0.000654881,0.000000000,manual_A_near_upright
pid,BALANCE,51.207,0.000248,-0.033153,0.000823,0.784800000,-0.000149771,0.000004323,0.000000,7,0.000008233,0.000823280,0.000588057,0.000588057,0.000000000,manual_A_near_upright
pid,BALANCE,51.228,0.000075,-0.032940,0.000733,0.784800000,-0.000150664,0.000001312,0.000000,7,0.000007335,0.000733453,0.000523895,0.000523895,0.000000000,manual_A_near_upright
pid,BALANCE,51.249,-0.000097,-0.032725,0.000642,0.784800000,-0.000150159,-0.000001696,0.000000,7,0.000006416,0.000641560,0.000458257,0.000458257,0.000000000,manual_A_near_upright
pid,BALANCE,51.270,-0.000276,-0.032500,0.000546,0.784800000,-0.000148090,-0.000004822,0.000000,7,0.000005461,0.000546115,0.000390082,0.000390082,0.000000000,manual_A_near_upright
pid,BALANCE,51.290,-0.000443,-0.032289,0.000462,0.784800000,-0.000144592,-0.000007735,0.000000,7,0.000004617,0.000461667,0.000329762,0.000329762,0.000000000,manual_A_near_upright
pid,BALANCE,51.311,-0.000597,-0.032093,0.000382,0.784800000,-0.000140057,-0.000010421,0.000000,7,0.000003819,0.000381858,0.000272756,0.000272756,0.000000000,manual_A_near_upright
pid,BALANCE,51.331,-0.000753,-0.031893,0.000295,0.784800000,-0.000134149,-0.000013138,0.000000,7,0.000002949,0.000294941,0.000210672,0.000210672,0.000000000,manual_A_near_upright
pid,BALANCE,51.353,-0.000901,-0.031700,0.000217,0.784800000,-0.000126908,-0.000015719,0.000000,7,0.000002167,0.000216686,0.000154776,0.000154776,0.000000000,manual_A_near_upright
pid,BALANCE,51.373,-0.001039,-0.031518,0.000148,0.784800000,-0.000118420,-0.000018136,0.000000,7,0.000001479,0.000147867,0.000105619,0.000105619,0.000000000,manual_A_near_upright
pid,BALANCE,51.394,-0.001173,-0.031339,0.000078,0.784800000,-0.000108457,-0.000020475,0.000000,7,0.000000775,0.000077536,0.000055383,0.000055383,0.000000000,manual_A_near_upright
pid,BALANCE,51.415,-0.001289,-0.031182,0.000017,0.784800000,-0.000097980,-0.000022494,0.000000,7,0.000000169,0.000016897,0.000012070,0.000012070,0.000000000,manual_A_near_upright
pid,BALANCE,51.435,-0.001387,-0.031045,-0.000035,0.784800000,-0.000087233,-0.000024206,0.000000,7,-0.000000345,-0.000034544,-0.000024675,-0.000024675,0.000000000,manual_A_near_upright
pid,BALANCE,51.456,-0.001477,-0.030917,-0.000081,0.784800000,-0.000075193,-0.000025778,0.000000,7,-0.000000815,-0.000081496,-0.000058211,-0.000058211,0.000000000,manual_A_near_upright
pid,BALANCE,51.477,-0.001556,-0.030800,-0.000122,0.784800000,-0.000061874,-0.000027158,0.000000,7,-0.000001220,-0.000122001,-0.000072056,-0.000072056,0.000000000,manual_A_near_upright
pid,BALANCE,51.498,-0.001616,-0.030706,-0.000152,0.784800000,-0.000048670,-0.000028205,0.000000,7,-0.000001520,-0.000152033,-0.000108595,-0.000108595,0.000000000,manual_A_near_upright
pid,BALANCE,51.519,-0.001661,-0.030630,-0.000174,0.784800000,-0.000035110,-0.000028982,0.000000,7,-0.000001742,-0.000174237,-0.000124455,-0.000124455,0.000000000,manual_A_near_upright
pid,BALANCE,51.539,-0.001689,-0.030572,-0.000188,0.784800000,-0.000021323,-0.000029485,0.000000,7,-0.000001884,-0.000188392,-0.000134566,-0.000134566,0.000000000,manual_A_near_upright
pid,BALANCE,51.560,-0.001702,-0.030534,-0.000194,0.784800000,-0.000007430,-0.000029710,0.000000,7,-0.000001937,-0.000193717,-0.000138369,-0.000138369,0.000000000,manual_A_near_upright
pid,BALANCE,51.581,-0.001699,-0.030514,-0.000191,0.784800000,0.000006426,-0.000029657,0.000000,7,-0.000001909,-0.000190900,-0.000136357,-0.000136357,0.000000000,manual_A_near_upright
pid,BALANCE,51.601,-0.001685,-0.030512,-0.000571,0.784800000,0.000011275,-0.000029415,0.000000,7,-0.000001864,-0.000186422,-0.000133159,-0.000133159,0.000000000,manual_A_near_upright
pid,BALANCE,51.622,-0.001686,-0.030513,-0.001939,0.784800000,-0.000003090,-0.000029433,0.000000,7,-0.000019388,-0.001938811,-0.001384865,-0.001384865,0.000000000,manual_A_near_upright
pid,BALANCE,51.642,-0.001675,-0.030531,-0.001654,0.784800000,0.000017806,-0.000029238,0.000000,7,-0.000016545,-0.001654492,-0.001181780,-0.001181780,0.000000000,manual_A_near_upright
pid,BALANCE,51.663,-0.001638,-0.030574,-0.001450,0.784800000,0.000035997,-0.000028583,0.000000,7,-0.000014498,-0.001449839,-0.001035600,-0.001035600,0.000000000,manual_A_near_upright
pid,BALANCE,51.684,-0.001589,-0.030633,-0.001624,0.784800000,0.000045669,-0.000027731,0.000000,7,-0.000016238,-0.001623823,-0.001159873,-0.001159873,0.000000000,manual_A_near_upright
pid,BALANCE,51.705,-0.001524,-0.030710,-0.001509,0.784800000,0.000060760,-0.000026602,0.000000,7,-0.000015086,-0.001508551,-0.001077536,-0.001077536,0.000000000,manual_A_near_upright
pid,BALANCE,51.726,-0.001443,-0.030806,-0.001456,0.784800000,0.000073559,-0.000025194,0.000000,7,-0.000014564,-0.001456444,-0.001040317,-0.001040317,0.000000000,manual_A_near_upright
pid,BALANCE,51.746,-0.001350,-0.030918,-0.001433,0.784800000,0.000084805,-0.000023561,0.000000,7,-0.000014333,-0.001433283,-0.001023773,-0.001023773,0.000000000,manual_A_near_upright
pid,BALANCE,51.767,-0.001243,-0.031045,-0.001360,0.784800000,0.000096038,-0.000021700,0.000000,7,-0.000013603,-0.001360266,-0.000971618,-0.000971618,0.000000000,manual_A_near_upright
pid,BALANCE,51.789,-0.001119,-0.031195,-0.001294,0.784800000,0.000106363,-0.000019526,0.000000,7,-0.000012941,-0.001294079,-0.000924342,-0.000924342,0.000000000,manual_A_near_upright
pid,BALANCE,51.820,-0.000928,-0.031425,-0.001191,0.784800000,0.000118635,-0.000016203,0.000000,7,-0.000011913,-0.001191258,-0.000850898,-0.000850898,0.000000000,manual_A_near_upright
pid,BALANCE,51.841,-0.000786,-0.031597,-0.001113,0.784800000,0.000125657,-0.000013726,0.000000,7,-0.000011133,-0.001113269,-0.000795192,-0.000795192,0.000000000,manual_A_near_upright
pid,BALANCE,51.861,-0.000638,-0.031778,-0.001035,0.784800000,0.000131345,-0.000011128,0.000000,7,-0.000010349,-0.001034850,-0.000739179,-0.000739179,0.000000000,manual_A_near_upright
pid,BALANCE,51.881,-0.000483,-0.031967,-0.000952,0.784800000,0.000135764,-0.000008434,0.000000,7,-0.000009517,-0.000951695,-0.000679782,-0.000679782,0.000000000,manual_A_near_upright
pid,BALANCE,51.902,-0.000325,-0.032162,-0.000869,0.784800000,0.000138784,-0.000005673,0.000000,7,-0.000008693,-0.000869327,-0.000620948,-0.000620948,0.000000000,manual_A_near_upright
pid,BALANCE,51.923,-0.000164,-0.032360,-0.000783,0.784800000,0.000140513,-0.000002870,0.000000,7,-0.000007829,-0.000782860,-0.000559186,-0.000559186,0.000000000,manual_A_near_upright
pid,BALANCE,51.944,-0.000003,-0.032561,-0.000697,0.784800000,0.000140862,-0.000000051,0.000000,7,-0.000006967,-0.000696735,-0.000497668,-0.000497668,0.000000000,manual_A_near_upright
pid,BALANCE,51.965,0.000166,-0.032773,-0.000607,0.784800000,0.000139763,0.000002892,0.000000,7,-0.000006071,-0.000607056,-0.000433611,-0.000433611,0.000000000,manual_A_near_upright
pid,BALANCE,51.985,0.000316,-0.032963,-0.000531,0.784800000,0.000137425,0.000005517,0.000000,7,-0.000005309,-0.000530913,-0.000379223,-0.000379223,0.000000000,manual_A_near_upright
pid,BALANCE,52.006,0.000478,-0.033169,-0.000440,0.784800000,0.000133666,0.000008349,0.000000,7,-0.000004403,-0.000440322,-0.000314516,-0.000314516,0.000000000,manual_A_near_upright
pid,BALANCE,52.026,0.000620,-0.033351,-0.000368,0.784800000,0.000128919,0.000010824,0.000000,7,-0.000003683,-0.000368265,-0.000263046,-0.000263046,0.000000000,manual_A_near_upright
pid,BALANCE,52.047,0.000763,-0.033536,-0.000295,0.784800000,0.000122784,0.000013315,0.000000,7,-0.000002950,-0.000294968,-0.000210691,-0.000210691,0.000000000,manual_A_near_upright
pid,BALANCE,52.067,0.000898,-0.033713,-0.000220,0.784800000,0.000115658,0.000015670,0.000000,7,-0.000002195,-0.000219517,-0.000156798,-0.000156798,0.000000000,manual_A_near_upright
pid,BALANCE,52.087,0.001030,-0.033888,-0.000151,0.784800000,0.000106938,0.000017970,0.000000,7,-0.000001508,-0.000150814,-0.000107724,-0.000107724,0.000000000,manual_A_near_upright
pid,BALANCE,52.108,0.001139,-0.034035,-0.000097,0.784800000,0.000098060,0.000019879,0.000000,7,-0.000000975,-0.000097458,-0.000069613,-0.000069613,0.000000000,manual_A_near_upright
pid,BALANCE,52.129,0.001243,-0.034179,-0.000042,0.784800000,0.000087986,0.000021696,0.000000,7,-0.000000419,-0.000041871,-0.000029908,-0.000029908,0.000000000,manual_A_near_upright
pid,BALANCE,52.150,0.001335,-0.034308,0.000008,0.784800000,0.000077158,0.000023300,0.000000,7,0.000000077,0.000007695,0.000005496,0.000005496,0.000000000,manual_A_near_upright
pid,BALANCE,52.172,0.001414,-0.034422,0.000048,0.784800000,0.000065626,0.000024677,0.000000,7,0.000000479,0.000047945,0.000034246,0.000034246,0.000000000,manual_A_near_upright
pid,BALANCE,52.193,0.001479,-0.034521,0.000081,0.784800000,0.000053554,0.000025815,0.000000,7,0.000000807,0.000080704,0.000057645,0.000057645,0.000000000,manual_A_near_upright
pid,BALANCE,52.214,0.001530,-0.034604,0.000107,0.784800000,0.000041081,0.000026706,0.000000,7,0.000001068,0.000106767,0.000076262,0.000076262,0.000000000,manual_A_near_upright
pid,BALANCE,52.234,0.001567,-0.034669,0.000125,0.784800000,0.000028300,0.000027343,0.000000,7,0.000001245,0.000124510,0.000088936,0.000088936,0.000000000,manual_A_near_upright
pid,BALANCE,52.255,0.001588,-0.034717,0.000134,0.784800000,0.000015345,0.000027721,0.000000,7,0.000001344,0.000134390,0.000095993,0.000095993,0.000000000,manual_A_near_upright
pid,BALANCE,52.276,0.001595,-0.034747,0.000137,0.784800000,0.000002349,0.000027840,0.000000,7,0.000001368,0.000136765,0.000097689,0.000097689,0.000000000,manual_A_near_upright
pid,BALANCE,52.296,0.001587,-0.034759,0.000131,0.784800000,-0.000010573,0.000027699,0.000000,7,0.000001313,0.000131269,0.000093763,0.000093763,0.000000000,manual_A_near_upright
pid,BALANCE,52.317,0.001577,-0.034760,0.001052,0.784800000,-0.000003960,0.000027517,0.000000,7,0.000010521,0.001052100,0.000751500,0.000751500,0.000000000,manual_A_near_upright
pid,BALANCE,52.337,0.001580,-0.034756,0.001931,0.784800000,0.000000594,0.000027568,0.000000,7,0.000019306,0.001930628,0.001379020,0.001379020,0.000000000,manual_A_near_upright
pid,BALANCE,52.358,0.001561,-0.034730,0.001445,0.784800000,-0.000023400,0.000027238,0.000000,7,0.000014450,0.001444963,0.001032117,0.001032117,0.000000000,manual_A_near_upright
pid,BALANCE,52.379,0.001522,-0.034685,0.001471,0.784800000,-0.000035699,0.000026567,0.000000,7,0.000014713,0.001471349,0.001050964,0.001050964,0.000000000,manual_A_near_upright
pid,BALANCE,52.400,0.001473,-0.034625,0.001552,0.784800000,-0.000046417,0.000025711,0.000000,7,0.000015519,0.001551925,0.001108518,0.001108518,0.000000000,manual_A_near_upright
pid,BALANCE,52.420,0.001408,-0.034546,0.001429,0.784800000,-0.000060665,0.000024573,0.000000,7,0.000014290,0.001428951,0.001061021,0.001061021,0.000000000,manual_A_near_upright
pid,BALANCE,52.441,0.001329,-0.034451,0.001409,0.784800000,-0.000071835,0.000023193,0.000000,7,0.000014093,0.001409333,0.001006666,0.001006666,0.000000000,manual_A_near_upright
pid,BALANCE,52.462,0.001238,-0.034341,0.001369,0.784800000,-0.000082538,0.000021602,0.000000,7,0.000013689,0.001368943,0.000977817,0.000977817,0.000000000,manual_A_near_upright
pid,BALANCE,52.483,0.001134,-0.034217,0.001299,0.784800000,-0.000092831,0.000019800,0.000000,7,0.000012988,0.001298790,0.000927707,0.000927707,0.000000000,manual_A_near_upright
pid,BALANCE,52.503,0.001021,-0.034079,0.001243,0.784800000,-0.000101716,0.000017812,0.000000,7,0.000012430,0.001243006,0.000887862,0.000887862,0.000000000,manual_A_near_upright
pid,BALANCE,52.524,0.000897,-0.033929,0.001176,0.784800000,-0.000109672,0.000015661,0.000000,7,0.000011763,0.001176326,0.000840233,0.000840233,0.000000000,manual_A_near_upright
pid,BALANCE,52.544,0.000766,-0.033769,0.001104,0.784800000,-0.000116540,0.000013366,0.000000,7,0.000011036,0.001103570,0.000788264,0.000788264,0.000000000,manual_A_near_upright
pid,BALANCE,52.565,0.000627,-0.033600,0.001030,0.784800000,-0.000122161,0.000010951,0.000000,7,0.000010305,0.001030466,0.000736047,0.000736047,0.000000000,manual_A_near_upright
pid,BALANCE,52.586,0.000484,-0.033423,0.000953,0.784800000,-0.000126589,0.000008441,0.000000,7,0.000009531,0.000953094,0.000680781,0.000680781,0.000000000,manual_A_near_upright
pid,BALANCE,52.606,0.000328,-0.033232,0.000872,0.784800000,-0.000129852,0.000005732,0.000000,7,0.000009171,0.000917084,0.000655060,0.000655060,0.000000000,manual_A_near_upright
pid,BALANCE,52.627,0.000186,-0.033054,0.000796,0.784800000,-0.000131611,0.000003238,0.000000,7,0.000007960,0.000795961,0.000568544,0.000568544,0.000000000,manual_A_near_upright
pid,BALANCE,52.648,0.000034,-0.032865,0.000715,0.784800000,-0.000132238,0.000000595,0.000000,7,0.000007149,0.000714867,0.000510620,0.000510620,0.000000000,manual_A_near_upright
pid,BALANCE,52.669,-0.000117,-0.032676,0.000635,0.784800000,-0.000131561,-0.000002043,0.000000,7,0.000006355,0.000635494,0.000453925,0.000453925,0.000000000,manual_A_near_upright
pid,BALANCE,52.690,-0.000266,-0.032487,0.000554,0.784800000,-0.000129690,-0.000004649,0.000000,7,0.000005543,0.000554340,0.000395957,0.000395957,0.000000000,manual_A_near_upright
pid,BALANCE,52.711,-0.000413,-0.032301,0.000476,0.784800000,-0.000126566,-0.000007200,0.000000,7,0.000004760,0.000476020,0.000340014,0.000340014,0.000000000,manual_A_near_upright
pid,BALANCE,52.732,-0.000554,-0.032119,0.000403,0.784800000,-0.000122204,-0.000009670,0.000000,7,0.000004027,0.000402662,0.000287615,0.000287615,0.000000000,manual_A_near_upright
pid,BALANCE,52.754,-0.000696,-0.031934,0.000327,0.784800000,-0.000116449,-0.000012152,0.000000,7,0.000003269,0.000326923,0.000233516,0.000233516,0.000000000,manual_A_near_upright
pid,BALANCE,52.774,-0.000818,-0.031775,0.000268,0.784800000,-0.000110104,-0.000014277,0.000000,7,0.000002677,0.000267728,0.000191235,0.000191235,0.000000000,manual_A_near_upright
pid,BALANCE,52.795,-0.000938,-0.031615,0.000200,0.784800000,-0.000102648,-0.000016373,0.000000,7,0.000002005,0.000200460,0.000143186,0.000143186,0.000000000,manual_A_near_upright
pid,BALANCE,52.816,-0.001054,-0.031459,0.000141,0.784800000,-0.000093714,-0.000018396,0.000000,7,0.000001406,0.000140591,0.000100422,0.000100422,0.000000000,manual_A_near_upright
pid,BALANCE,52.837,-0.001154,-0.031322,0.000091,0.784800000,-0.000084313,-0.000020135,0.000000,7,0.000000912,0.000091186,0.000065133,0.000065133,0.000000000,manual_A_near_upright
pid,BALANCE,52.857,-0.001242,-0.031198,0.000044,0.784800000,-0.000074266,-0.000021677,0.000000,7,0.000000438,0.000043787,0.000031276,0.000031276,0.000000000,manual_A_near_upright
pid,BALANCE,52.878,-0.001318,-0.031087,0.000004,0.784800000,-0.000063569,-0.000023008,0.000000,7,0.000000035,0.000003503,0.000002502,0.000002502,0.000000000,manual_A_near_upright
pid,BALANCE,52.898,-0.001379,-0.030996,-0.000026,0.784800000,-0.000052860,-0.000024067,0.000000,7,-0.000000258,-0.000025833,-0.000018452,-0.000018452,0.000000000,manual_A_near_upright
pid,BALANCE,52.919,-0.001430,-0.030914,-0.000054,0.784800000,-0.000041263,-0.000024956,0.000000,7,-0.000000537,-0.000053702,-0.000038359,-0.000038359,0.000000000,manual_A_near_upright
pid,BALANCE,52.939,-0.001467,-0.030849,-0.000071,0.784800000,-0.000029288,-0.000025608,0.000000,7,-0.000000709,-0.000070899,-0.000050642,-0.000050642,0.000000000,manual_A_near_upright
pid,BALANCE,52.961,-0.001492,-0.030798,-0.000083,0.784800000,-0.000016557,-0.000026033,0.000000,7,-0.000000831,-0.000083127,-0.000059376,-0.000059376,0.000000000,manual_A_near_upright
pid,BALANCE,52.981,-0.001500,-0.030767,-0.000087,0.784800000,-0.000004963,-0.000026185,0.000000,7,-0.000000871,-0.000087060,-0.000062185,-0.000062185,0.000000000,manual_A_near_upright
pid,BALANCE,53.002,-0.001496,-0.030752,-0.000084,0.784800000,0.000007205,-0.000026108,0.000000,7,-0.000000835,-0.000083540,-0.000059672,-0.000059672,0.000000000,manual_A_near_upright
pid,BALANCE,53.023,-0.001483,-0.030750,-0.000669,0.784800000,0.000007386,-0.000025883,0.000000,7,-0.000006688,-0.000668796,-0.000477711,-0.000477711,0.000000000,manual_A_near_upright
pid,BALANCE,53.044,-0.001486,-0.030751,-0.001817,0.784800000,-0.000004512,-0.000025943,0.000000,7,-0.000018168,-0.001816790,-0.001297707,-0.001297707,0.000000000,manual_A_near_upright
pid,BALANCE,53.065,-0.001478,-0.030768,-0.001529,0.784800000,0.000014810,-0.000025791,0.000000,7,-0.000015294,-0.001529418,-0.001092441,-0.001092441,0.000000000,manual_A_near_upright
pid,BALANCE,53.085,-0.001446,-0.030806,-0.001372,0.784800000,0.000030488,-0.000025236,0.000000,7,-0.000013718,-0.001371758,-0.000979827,-0.000979827,0.000000000,manual_A_near_upright
pid,BALANCE,53.106,-0.001402,-0.030861,-0.001522,0.784800000,0.000039813,-0.000024466,0.000000,7,-0.000015219,-0.001521874,-0.001087053,-0.001087053,0.000000000,manual_A_near_upright
pid,BALANCE,53.128,-0.001345,-0.030931,-0.001411,0.784800000,0.000053405,-0.000023473,0.000000,7,-0.000014112,-0.001411234,-0.001008024,-0.001008024,0.000000000,manual_A_near_upright
pid,BALANCE,53.148,-0.001278,-0.031013,-0.001379,0.784800000,0.000064005,-0.000022306,0.000000,7,-0.000013791,-0.001379114,-0.000985081,-0.000985081,0.000000000,manual_A_near_upright
pid,BALANCE,53.169,-0.001192,-0.031117,-0.001345,0.784800000,0.000074814,-0.000020800,0.000000,7,-0.000013448,-0.001344760,-0.000960543,-0.000960543,0.000000000,manual_A_near_upright
pid,BALANCE,53.189,-0.001103,-0.031226,-0.001289,0.784800000,0.000084219,-0.000019245,0.000000,7,-0.000012890,-0.001288955,-0.000920682,-0.000920682,0.000000000,manual_A_near_upright
pid,BALANCE,53.211,-0.000993,-0.031359,-0.001228,0.784800000,0.000093513,-0.000017336,0.000000,7,-0.000012284,-0.001228447,-0.000877462,-0.000877462,0.000000000,manual_A_near_upright
pid,BALANCE,53.231,-0.000885,-0.031490,-0.001174,0.784800000,0.000100884,-0.000015454,0.000000,7,-0.000011744,-0.001174433,-0.000838881,-0.000838881,0.000000000,manual_A_near_upright
pid,BALANCE,53.252,-0.000758,-0.031646,-0.001103,0.784800000,0.000108089,-0.000013225,0.000000,7,-0.000011030,-0.001102972,-0.000787837,-0.000787837,0.000000000,manual_A_near_upright
pid,BALANCE,53.273,-0.000636,-0.031796,-0.001040,0.784800000,0.000113457,-0.000011095,0.000000,7,-0.000010401,-0.001040143,-0.000742959,-0.000742959,0.000000000,manual_A_near_upright
pid,BALANCE,53.294,-0.000502,-0.031961,-0.000963,0.784800000,0.000118156,-0.000008756,0.000000,7,-0.000009634,-0.000963390,-0.000688136,-0.000688136,0.000000000,manual_A_near_upright
pid,BALANCE,53.314,-0.000363,-0.032132,-0.000889,0.784800000,0.000121581,-0.000006340,0.000000,7,-0.000008889,-0.000888871,-0.000634908,-0.000634908,0.000000000,manual_A_near_upright
pid,BALANCE,53.336,-0.000222,-0.032308,-0.000817,0.784800000,0.000123722,-0.000003875,0.000000,7,-0.000008171,-0.000817138,-0.000583670,-0.000583670,0.000000000,manual_A_near_upright
pid,BALANCE,53.356,-0.000079,-0.032486,-0.000739,0.784800000,0.000124776,-0.000001384,0.000000,7,-0.000007391,-0.000739098,-0.000527927,-0.000527927,0.000000000,manual_A_near_upright
pid,BALANCE,53.377,0.000064,-0.032666,-0.000663,0.784800000,0.000124568,0.000001111,0.000000,7,-0.000006635,-0.000663468,-0.000473906,-0.000473906,0.000000000,manual_A_near_upright
pid,BALANCE,53.398,0.000205,-0.032845,-0.000586,0.784800000,0.000123212,0.000003585,0.000000,7,-0.000005861,-0.000586092,-0.000418637,-0.000418637,0.000000000,manual_A_near_upright
pid,BALANCE,53.419,0.000344,-0.033022,-0.000516,0.784800000,0.000120564,0.000006012,0.000000,7,-0.000005161,-0.000516112,-0.000368652,-0.000368652,0.000000000,manual_A_near_upright
pid,BALANCE,53.439,0.000480,-0.033196,-0.000441,0.784800000,0.000116937,0.000008373,0.000000,7,-0.000004407,-0.000440711,-0.000314794,-0.000314794,0.000000000,manual_A_near_upright
pid,BALANCE,53.460,0.000610,-0.033364,-0.000374,0.784800000,0.000112100,0.000010644,0.000000,7,-0.000003737,-0.000373680,-0.000266914,-0.000266914,0.000000000,manual_A_near_upright
pid,BALANCE,53.481,0.000734,-0.033526,-0.000309,0.784800000,0.000106256,0.000012803,0.000000,7,-0.000003088,-0.000308847,-0.000220605,-0.000220605,0.000000000,manual_A_near_upright
pid,BALANCE,53.501,0.000850,-0.033681,-0.000247,0.784800000,0.000099454,0.000014831,0.000000,7,-0.000002474,-0.000247400,-0.000176714,-0.000176714,0.000000000,manual_A_near_upright
pid,BALANCE,53.522,0.000957,-0.033825,-0.000191,0.784800000,0.000091734,0.000016710,0.000000,7,-0.000001914,-0.000191420,-0.000136729,-0.000136729,0.000000000,manual_A_near_upright
pid,BALANCE,53.543,0.001056,-0.033960,-0.000140,0.784800000,0.000083203,0.000018422,0.000000,7,-0.000001403,-0.000140293,-0.000100210,-0.000100210,0.000000000,manual_A_near_upright
pid,BALANCE,53.564,0.001143,-0.034082,-0.000095,0.784800000,0.000073942,0.000019953,0.000000,7,-0.000000947,-0.000094709,-0.000067649,-0.000067649,0.000000000,manual_A_near_upright
pid,BALANCE,53.584,0.001220,-0.034192,-0.000055,0.784800000,0.000064042,0.000021289,0.000000,7,-0.000000552,-0.000055224,-0.000039446,-0.000039446,0.000000000,manual_A_near_upright
pid,BALANCE,53.605,0.001285,-0.034288,-0.000022,0.784800000,0.000053606,0.000022420,0.000000,7,-0.000000220,-0.000021970,-0.000015693,-0.000015693,0.000000000,manual_A_near_upright
pid,BALANCE,53.626,0.001337,-0.034371,0.000005,0.784800000,0.000042735,0.000023335,0.000000,7,0.000000046,0.000004612,0.000003294,0.000003294,0.000000000,manual_A_near_upright
pid,BALANCE,53.647,0.001377,-0.034438,0.000024,0.784800000,0.000031539,0.000024028,0.000000,7,0.000000244,0.000024435,0.000017454,0.000017454,0.000000000,manual_A_near_upright
pid,BALANCE,53.668,0.001403,-0.034490,0.000037,0.784800000,0.000020125,0.000024494,0.000000,7,0.000000374,0.000037444,0.000026745,0.000026745,0.000000000,manual_A_near_upright
pid,BALANCE,53.689,0.001417,-0.034528,0.000043,0.784800000,0.000008026,0.000024735,0.000000,7,0.000000433,0.000043296,0.000030926,0.000030926,0.000000000,manual_A_near_upright
pid,BALANCE,53.710,0.001417,-0.034547,0.000042,0.784800000,-0.000002916,0.000024734,0.000000,7,0.000000422,0.000042214,0.000030153,0.000030153,0.000000000,manual_A_near_upright
pid,BALANCE,53.730,0.001405,-0.034552,0.000128,0.784800000,-0.000012347,0.000024522,0.000000,7,0.000001281,0.000128058,0.000091470,0.000091470,0.000000000,manual_A_near_upright
pid,BALANCE,53.751,0.001403,-0.034552,0.001413,0.784800000,0.000003011,0.000024483,0.000000,7,0.000014130,0.001412964,0.001009260,0.001009260,0.000000000,manual_A_near_upright
pid,BALANCE,53.772,0.001405,-0.034545,0.001727,0.784800000,-0.000003113,0.000024528,0.000000,7,0.000017273,0.001727283,0.001233774,0.001233774,0.000000000,manual_A_near_upright
pid,BALANCE,53.793,0.001383,-0.034516,0.001315,0.784800000,-0.000023909,0.000024139,0.000000,7,0.000014343,0.001434311,0.001024508,0.001024508,0.000000000,manual_A_near_upright
pid,BALANCE,53.814,0.001348,-0.034472,0.001451,0.784800000,-0.000032519,0.000023530,0.000000,7,0.000014509,0.001450948,0.001036392,0.001036392,0.000000000,manual_A_near_upright
pid,BALANCE,53.835,0.001302,-0.034413,0.001426,0.784800000,-0.000044078,0.000022721,0.000000,7,0.000014264,0.001426356,0.001018825,0.001018825,0.000000000,manual_A_near_upright
pid,BALANCE,53.856,0.001238,-0.034334,0.001343,0.784800000,-0.000056624,0.000021601,0.000000,7,0.000013427,0.001342684,0.000959060,0.000959060,0.000000000,manual_A_near_upright
pid,BALANCE,53.886,0.001124,-0.034195,0.001310,0.784800000,-0.000071205,0.000019617,0.000000,7,0.000013102,0.001310199,0.000935856,0.000935856,0.000000000,manual_A_near_upright
pid,BALANCE,53.906,0.001039,-0.034091,0.001255,0.784800000,-0.000080137,0.000018138,0.000000,7,0.000012554,0.001255359,0.000896685,0.000896685,0.000000000,manual_A_near_upright
pid,BALANCE,53.927,0.000940,-0.033970,0.001203,0.784800000,-0.000088482,0.000016412,0.000000,7,0.000012027,0.001202747,0.000859105,0.000859105,0.000000000,manual_A_near_upright
pid,BALANCE,53.948,0.000827,-0.033832,0.001142,0.784800000,-0.000096252,0.000014436,0.000000,7,0.000011422,0.001142165,0.000815832,0.000815832,0.000000000,manual_A_near_upright
pid,BALANCE,53.968,0.000717,-0.033697,0.001083,0.784800000,-0.000102355,0.000012520,0.000000,7,0.000010831,0.001083052,0.000773608,0.000773608,0.000000000,manual_A_near_upright
pid,BALANCE,53.989,0.000595,-0.033547,0.001017,0.784800000,-0.000107773,0.000010392,0.000000,7,0.000010167,0.001016742,0.000726244,0.000726244,0.000000000,manual_A_near_upright
pid,BALANCE,54.009,0.000468,-0.033389,0.000947,0.784800000,-0.000112127,0.000008172,0.000000,7,0.000009468,0.000946751,0.000676251,0.000676251,0.000000000,manual_A_near_upright
pid,BALANCE,54.030,0.000337,-0.033226,0.000876,0.784800000,-0.000115335,0.000005880,0.000000,7,0.000008761,0.000876061,0.000625758,0.000625758,0.000000000,manual_A_near_upright
pid,BALANCE,54.051,0.000203,-0.033059,0.000805,0.784800000,-0.000117379,0.000003542,0.000000,7,0.000008053,0.000805312,0.000575223,0.000575223,0.000000000,manual_A_near_upright
pid,BALANCE,54.072,0.000068,-0.032889,0.000736,0.784800000,-0.000118235,0.000001180,0.000000,7,0.000007360,0.000736006,0.000525718,0.000525718,0.000000000,manual_A_near_upright
pid,BALANCE,54.094,-0.000068,-0.032719,0.000661,0.784800000,-0.000118078,-0.000001185,0.000000,7,0.000006606,0.000660625,0.000471875,0.000471875,0.000000000,manual_A_near_upright
pid,BALANCE,54.114,-0.000202,-0.032548,0.000589,0.784800000,-0.000116723,-0.000003529,0.000000,7,0.000005891,0.000589070,0.000420764,0.000420764,0.000000000,manual_A_near_upright
pid,BALANCE,54.134,-0.000334,-0.032380,0.000521,0.784800000,-0.000114225,-0.000005829,0.000000,7,0.000005205,0.000520517,0.000371798,0.000371798,0.000000000,manual_A_near_upright
pid,BALANCE,54.155,-0.000462,-0.032215,0.000452,0.784800000,-0.000110690,-0.000008064,0.000000,7,0.000004522,0.000452175,0.000322982,0.000322982,0.000000000,manual_A_near_upright
pid,BALANCE,54.176,-0.000585,-0.032055,0.000389,0.784800000,-0.000106061,-0.000010212,0.000000,7,0.000003894,0.000389447,0.000278177,0.000278177,0.000000000,manual_A_near_upright
pid,BALANCE,54.196,-0.000702,-0.031901,0.000325,0.784800000,-0.000100561,-0.000012256,0.000000,7,0.000003247,0.000324708,0.000231935,0.000231935,0.000000000,manual_A_near_upright
pid,BALANCE,54.218,-0.000817,-0.031747,0.000267,0.784800000,-0.000093662,-0.000014266,0.000000,7,0.000002673,0.000267269,0.000190907,0.000190907,0.000000000,manual_A_near_upright
pid,BALANCE,54.239,-0.000919,-0.031611,0.000216,0.784800000,-0.000086239,-0.000016033,0.000000,7,0.000002165,0.000216490,0.000154636,0.000154636,0.000000000,manual_A_near_upright
pid,BALANCE,54.259,-0.001011,-0.031484,0.000167,0.784800000,-0.000078131,-0.000017641,0.000000,7,0.000001666,0.000166634,0.000119025,0.000119025,0.000000000,manual_A_near_upright
pid,BALANCE,54.280,-0.001093,-0.031368,0.000123,0.784800000,-0.000069319,-0.000019077,0.000000,7,0.000001228,0.000122820,0.000087729,0.000087729,0.000000000,manual_A_near_upright
pid,BALANCE,54.301,-0.001165,-0.031265,0.000087,0.784800000,-0.000059869,-0.000020328,0.000000,7,0.000000866,0.000086625,0.000061875,0.000061875,0.000000000,manual_A_near_upright
pid,BALANCE,54.321,-0.001225,-0.031174,0.000056,0.784800000,-0.000049930,-0.000021381,0.000000,7,0.000000559,0.000055898,0.000039927,0.000039927,0.000000000,manual_A_near_upright
pid,BALANCE,54.342,-0.001274,-0.031097,0.000030,0.784800000,-0.000039611,-0.000022231,0.000000,7,0.000000303,0.000030316,0.000021654,0.000021654,0.000000000,manual_A_near_upright
pid,BALANCE,54.363,-0.001310,-0.031034,0.000011,0.784800000,-0.000028984,-0.000022870,0.000000,7,0.000000114,0.000011406,0.000008147,0.000008147,0.000000000,manual_A_near_upright
pid,BALANCE,54.383,-0.001334,-0.030988,0.000000,0.784800000,-0.000018689,-0.000023276,0.000000,7,0.000000001,0.000000123,0.000000088,0.000000088,0.000000000,manual_A_near_upright
pid,BALANCE,54.404,-0.001346,-0.030952,-0.000006,0.784800000,-0.000007220,-0.000023497,0.000000,7,-0.000000056,-0.000005642,-0.000004030,-0.000004030,0.000000000,manual_A_near_upright
pid,BALANCE,54.425,-0.001345,-0.030934,-0.000004,0.784800000,0.000003697,-0.000023483,0.000000,7,-0.000000044,-0.000004376,-0.000003126,-0.000003126,0.000000000,manual_A_near_upright
pid,BALANCE,54.445,-0.001333,-0.030930,-0.000144,0.784800000,0.000011395,-0.000023272,0.000000,7,-0.000001444,-0.000144353,-0.000000871,-0.000000871,0.000000000,manual_A_near_upright
pid,BALANCE,54.465,-0.001332,-0.030930,-0.001331,0.784800000,-0.000003011,-0.000023248,0.000000,7,-0.000013313,-0.001331327,-0.000950948,-0.000950948,0.000000000,manual_A_near_upright
pid,BALANCE,54.486,-0.001336,-0.030936,-0.001686,0.784800000,0.000001650,-0.000023309,0.000000,7,-0.000016865,-0.001686470,-0.001204622,-0.001204622,0.000000000,manual_A_near_upright
pid,BALANCE,54.507,-0.001316,-0.030963,-0.001269,0.784800000,0.000022022,-0.000022963,0.000000,7,-0.000012694,-0.001269433,-0.000906738,-0.000906738,0.000000000,manual_A_near_upright
pid,BALANCE,54.528,-0.001283,-0.031005,-0.001410,0.784800000,0.000030018,-0.000022397,0.000000,7,-0.000014102,-0.001410176,-0.001007268,-0.001007268,0.000000000,manual_A_near_upright
pid,BALANCE,54.548,-0.001240,-0.031060,-0.001401,0.784800000,0.000040799,-0.000021650,0.000000,7,-0.000014008,-0.001400804,-0.001000574,-0.001000574,0.000000000,manual_A_near_upright
pid,BALANCE,54.569,-0.001184,-0.031130,-0.001311,0.784800000,0.000052564,-0.000020658,0.000000,7,-0.000013110,-0.001310968,-0.000936406,-0.000936406,0.000000000,manual_A_near_upright
pid,BALANCE,54.590,-0.001116,-0.031215,-0.001307,0.784800000,0.000061785,-0.000019472,0.000000,7,-0.000013065,-0.001306546,-0.000933247,-0.000933247,0.000000000,manual_A_near_upright
pid,BALANCE,54.611,-0.001037,-0.031312,-0.001259,0.784800000,0.000071138,-0.000018101,0.000000,7,-0.000012585,-0.001258537,-0.000898955,-0.000898955,0.000000000,manual_A_near_upright
pid,BALANCE,54.631,-0.000948,-0.031421,-0.001203,0.784800000,0.000079749,-0.000016551,0.000000,7,-0.000012032,-0.001203188,-0.000859420,-0.000859420,0.000000000,manual_A_near_upright
pid,BALANCE,54.652,-0.000845,-0.031547,-0.001154,0.784800000,0.000087575,-0.000014757,0.000000,7,-0.000011543,-0.001154284,-0.000824488,-0.000824488,0.000000000,manual_A_near_upright
pid,BALANCE,54.673,-0.000740,-0.031678,-0.001096,0.784800000,0.000094263,-0.000012907,0.000000,7,-0.000010958,-0.001095803,-0.000782716,-0.000782716,0.000000000,manual_A_near_upright
pid,BALANCE,54.694,-0.000627,-0.031818,-0.001035,0.784800000,0.000099950,-0.000010937,0.000000,7,-0.000010352,-0.001035178,-0.000739413,-0.000739413,0.000000000,manual_A_near_upright
pid,BALANCE,54.715,-0.000508,-0.031965,-0.000973,0.784800000,0.000104592,-0.000008869,0.000000,7,-0.000009732,-0.000973244,-0.000695174,-0.000695174,0.000000000,manual_A_near_upright
pid,BALANCE,54.736,-0.000385,-0.032118,-0.000906,0.784800000,0.000108240,-0.000006723,0.000000,7,-0.000009064,-0.000906405,-0.000647432,-0.000647432,0.000000000,manual_A_near_upright
pid,BALANCE,54.756,-0.000265,-0.032267,-0.000843,0.784800000,0.000110679,-0.000004631,0.000000,7,-0.000008429,-0.000842940,-0.000602100,-0.000602100,0.000000000,manual_A_near_upright
pid,BALANCE,54.777,-0.000131,-0.032436,-0.000766,0.784800000,0.000112349,-0.000002279,0.000000,7,-0.000007660,-0.000766007,-0.000547148,-0.000547148,0.000000000,manual_A_near_upright
pid,BALANCE,54.797,-0.000002,-0.032599,-0.000702,0.784800000,0.000112608,-0.000000026,0.000000,7,-0.000007024,-0.000702425,-0.000501732,-0.000501732,0.000000000,manual_A_near_upright
pid,BALANCE,54.817,0.000121,-0.032754,-0.000638,0.784800000,0.000111933,0.000002105,0.000000,7,-0.000006382,-0.000638208,-0.000455863,-0.000455863,0.000000000,manual_A_near_upright
pid,BALANCE,54.839,0.000254,-0.032924,-0.000563,0.784800000,0.000110167,0.000004432,0.000000,7,-0.000005632,-0.000563176,-0.000402269,-0.000402269,0.000000000,manual_A_near_upright
pid,BALANCE,54.859,0.000378,-0.033084,-0.000500,0.784800000,0.000107275,0.000006595,0.000000,7,-0.000005000,-0.000499950,-0.000357107,-0.000357107,0.000000000,manual_A_near_upright
pid,BALANCE,54.879,0.000492,-0.033232,-0.000440,0.784800000,0.000103633,0.000008584,0.000000,7,-0.000004403,-0.000440253,-0.000314467,-0.000314467,0.000000000,manual_A_near_upright
pid,BALANCE,54.900,0.000607,-0.033382,-0.000379,0.784800000,0.000098875,0.000010589,0.000000,7,-0.000003794,-0.000379387,-0.000270991,-0.000270991,0.000000000,manual_A_near_upright
pid,BALANCE,54.921,0.000715,-0.033526,-0.000321,0.784800000,0.000093219,0.000012487,0.000000,7,-0.000003212,-0.000321208,-0.000229434,-0.000229434,0.000000000,manual_A_near_upright
pid,BALANCE,54.942,0.000817,-0.033662,-0.000269,0.784800000,0.000086679,0.000014258,0.000000,7,-0.000002685,-0.000268532,-0.000191809,-0.000191809,0.000000000,manual_A_near_upright
pid,BALANCE,54.963,0.000910,-0.033790,-0.000217,0.784800000,0.000079424,0.000015887,0.000000,7,-0.000002171,-0.000217121,-0.000155087,-0.000155087,0.000000000,manual_A_near_upright
pid,BALANCE,54.984,0.000995,-0.033907,-0.000173,0.784800000,0.000071401,0.000017361,0.000000,7,-0.000001734,-0.000173363,-0.000123831,-0.000123831,0.000000000,manual_A_near_upright
pid,BALANCE,55.005,0.001069,-0.034013,-0.000135,0.784800000,0.000062747,0.000018665,0.000000,7,-0.000001353,-0.000135341,-0.000096672,-0.000096672,0.000000000,manual_A_near_upright
pid,BALANCE,55.025,0.001134,-0.034108,-0.000102,0.784800000,0.000053581,0.000019787,0.000000,7,-0.000001018,-0.000101783,-0.000072702,-0.000072702,0.000000000,manual_A_near_upright
pid,BALANCE,55.046,0.001187,-0.034190,-0.000075,0.784800000,0.000043960,0.000020720,0.000000,7,-0.000000745,-0.000074540,-0.000053243,-0.000053243,0.000000000,manual_A_near_upright
pid,BALANCE,55.067,0.001229,-0.034258,-0.000054,0.784800000,0.000033981,0.000021456,0.000000,7,-0.000000538,-0.000053803,-0.000038430,-0.000038430,0.000000000,manual_A_near_upright
pid,BALANCE,55.088,0.001260,-0.034313,-0.000038,0.784800000,0.000023769,0.000021987,0.000000,7,-0.000000385,-0.000038482,-0.000027487,-0.000027487,0.000000000,manual_A_near_upright
pid,BALANCE,55.108,0.001278,-0.034355,-0.000029,0.784800000,0.000013411,0.000022313,0.000000,7,-0.000000291,-0.000029060,-0.000023380,-0.000023380,0.000000000,manual_A_near_upright
pid,BALANCE,55.129,0.001285,-0.034381,-0.000027,0.784800000,0.000002979,0.000022430,0.000000,7,-0.000000271,-0.000027075,-0.000019339,-0.000019339,0.000000000,manual_A_near_upright
pid,BALANCE,55.150,0.001280,-0.034394,-0.000031,0.784800000,-0.000007390,0.000022339,0.000000,7,-0.000000306,-0.000030641,-0.000021886,-0.000021886,0.000000000,manual_A_near_upright
pid,BALANCE,55.171,0.001269,-0.034395,0.000484,0.784800000,-0.000006693,0.000022145,0.000000,7,0.000004844,0.000484393,0.000345995,0.000345995,0.000000000,manual_A_near_upright
pid,BALANCE,55.191,0.001272,-0.034394,0.001559,0.784800000,0.000004887,0.000022205,0.000000,7,0.000015594,0.001559373,0.001113838,0.001113838,0.000000000,manual_A_near_upright
pid,BALANCE,55.212,0.001269,-0.034381,0.001464,0.784800000,-0.000008672,0.000022147,0.000000,7,0.000014636,0.001463599,0.001045428,0.001045428,0.000000000,manual_A_near_upright
pid,BALANCE,55.233,0.001246,-0.034350,0.001284,0.784800000,-0.000023307,0.000021740,0.000000,7,0.000012841,0.001284130,0.000917236,0.000917236,0.000000000,manual_A_near_upright
pid,BALANCE,55.254,0.001212,-0.034306,0.001390,0.784800000,-0.000031480,0.000021158,0.000000,7,0.000013902,0.001390218,0.000993013,0.000993013,0.000000000,manual_A_near_upright
pid,BALANCE,55.275,0.001167,-0.034248,0.001332,0.784800000,-0.000042634,0.000020369,0.000000,7,0.000013316,0.001331569,0.000951121,0.000951121,0.000000000,manual_A_near_upright
pid,BALANCE,55.295,0.001110,-0.034176,0.001289,0.784800000,-0.000052758,0.000019367,0.000000,7,0.000012893,0.001289267,0.000920905,0.000920905,0.000000000,manual_A_near_upright
pid,BALANCE,55.316,0.001042,-0.034091,0.001266,0.784800000,-0.000061760,0.000018180,0.000000,7,0.000012661,0.001266131,0.000904379,0.000904379,0.000000000,manual_A_near_upright
pid,BALANCE,55.337,0.000964,-0.033994,0.001217,0.784800000,-0.000070506,0.000016817,0.000000,7,0.000012175,0.001217488,0.000869634,0.000869634,0.000000000,manual_A_near_upright
pid,BALANCE,55.358,0.000876,-0.033886,0.001170,0.784800000,-0.000078358,0.000015291,0.000000,7,0.000011699,0.001169938,0.000835670,0.000835670,0.000000000,manual_A_near_upright
pid,BALANCE,55.378,0.000780,-0.033768,0.001121,0.784800000,-0.000085330,0.000013622,0.000000,7,0.000011207,0.001120688,0.000800492,0.000800492,0.000000000,manual_A_near_upright
pid,BALANCE,55.399,0.000677,-0.033640,0.001060,0.784800000,-0.000091581,0.000011823,0.000000,7,0.000010595,0.001059503,0.000756788,0.000756788,0.000000000,manual_A_near_upright
pid,BALANCE,55.420,0.000568,-0.033504,0.001002,0.784800000,-0.000096744,0.000009914,0.000000,7,0.000010021,0.001002074,0.000715767,0.000715767,0.000000000,manual_A_near_upright
pid,BALANCE,55.440,0.000454,-0.033362,0.000943,0.784800000,-0.000100915,0.000007917,0.000000,7,0.000009428,0.000942761,0.000673400,0.000673400,0.000000000,manual_A_near_upright
pid,BALANCE,55.461,0.000335,-0.033214,0.000878,0.784800000,-0.000104158,0.000005850,0.000000,7,0.000008776,0.000877608,0.000626863,0.000626863,0.000000000,manual_A_near_upright
pid,BALANCE,55.482,0.000214,-0.033062,0.000811,0.784800000,-0.000106360,0.000003733,0.000000,7,0.000008113,0.000811323,0.000579517,0.000579517,0.000000000,manual_A_near_upright
pid,BALANCE,55.503,0.000091,-0.032907,0.000752,0.784800000,-0.000107365,0.000001590,0.000000,7,0.000007518,0.000751774,0.000536982,0.000536982,0.000000000,manual_A_near_upright
pid,BALANCE,55.523,-0.000032,-0.032750,0.000683,0.784800000,-0.000107522,-0.000000562,0.000000,7,0.000006829,0.000682860,0.000487757,0.000487757,0.000000000,manual_A_near_upright
pid,BALANCE,55.544,-0.000155,-0.032594,0.000620,0.784800000,-0.000106526,-0.000002700,0.000000,7,0.000006202,0.000620214,0.000443010,0.000443010,0.000000000,manual_A_near_upright
pid,BALANCE,55.565,-0.000275,-0.032440,0.000556,0.784800000,-0.000104579,-0.000004804,0.000000,7,0.000005556,0.000555568,0.000396834,0.000396834,0.000000000,manual_A_near_upright
pid,BALANCE,55.586,-0.000393,-0.032288,0.000493,0.784800000,-0.000101628,-0.000006854,0.000000,7,0.000004932,0.000493248,0.000352320,0.000352320,0.000000000,manual_A_near_upright
pid,BALANCE,55.606,-0.000506,-0.032140,0.000429,0.784800000,-0.000097810,-0.000008833,0.000000,7,0.000004290,0.000429001,0.000306429,0.000306429,0.000000000,manual_A_near_upright
pid,BALANCE,55.627,-0.000620,-0.031990,0.000371,0.784800000,-0.000092698,-0.000010812,0.000000,7,0.000003706,0.000370554,0.000264681,0.000264681,0.000000000,manual_A_near_upright
pid,BALANCE,55.647,-0.000716,-0.031861,0.000323,0.784800000,-0.000087228,-0.000012498,0.000000,7,0.000003225,0.000322523,0.000230374,0.000230374,0.000000000,manual_A_near_upright
pid,BALANCE,55.668,-0.000811,-0.031733,0.000271,0.784800000,-0.000080803,-0.000014151,0.000000,7,0.000002708,0.000270757,0.000193398,0.000193398,0.000000000,manual_A_near_upright
pid,BALANCE,55.689,-0.000897,-0.031614,0.000227,0.784800000,-0.000073576,-0.000015663,0.000000,7,0.000002270,0.000227030,0.000162164,0.000162164,0.000000000,manual_A_near_upright
pid,BALANCE,55.710,-0.000979,-0.031500,0.000184,0.784800000,-0.000065339,-0.000017086,0.000000,7,0.000001838,0.000183828,0.000131306,0.000131306,0.000000000,manual_A_near_upright
pid,BALANCE,55.731,-0.001044,-0.031406,0.000151,0.784800000,-0.000057319,-0.000018216,0.000000,7,0.000001507,0.000150672,0.000107623,0.000107623,0.000000000,manual_A_near_upright
pid,BALANCE,55.752,-0.001105,-0.031315,0.000117,0.784800000,-0.000048006,-0.000019281,0.000000,7,0.000001170,0.000116996,0.000083568,0.000083568,0.000000000,manual_A_near_upright
pid,BALANCE,55.773,-0.001152,-0.031241,0.000095,0.784800000,-0.000038642,-0.000020106,0.000000,7,0.000000949,0.000094903,0.000067788,0.000067788,0.000000000,manual_A_near_upright
pid,BALANCE,55.793,-0.001187,-0.031182,0.000077,0.784800000,-0.000029516,-0.000020712,0.000000,7,0.000000769,0.000076897,0.000054926,0.000054926,0.000000000,manual_A_near_upright
pid,BALANCE,55.814,-0.001213,-0.031132,0.000063,0.784800000,-0.000019224,-0.000021178,0.000000,7,0.000000690,0.000068997,0.000049284,0.000049284,0.000000000,manual_A_near_upright
pid,BALANCE,55.834,-0.001227,-0.031098,0.000058,0.784800000,-0.000009760,-0.000021411,0.000000,7,0.000000596,0.000059611,0.000042579,0.000042579,0.000000000,manual_A_near_upright
pid,BALANCE,55.855,-0.001230,-0.031076,0.000057,0.784800000,0.000000189,-0.000021462,0.000000,7,0.000000565,0.000056502,0.000040358,0.000040358,0.000000000,manual_A_near_upright
pid,BALANCE,55.876,-0.001221,-0.031068,0.000063,0.784800000,0.000010566,-0.000021302,0.000000,7,0.000000625,0.000062509,0.000044650,0.000044650,0.000000000,manual_A_near_upright
pid,BALANCE,55.897,-0.001214,-0.031068,-0.000774,0.784800000,0.000002300,-0.000021183,0.000000,7,-0.000007743,-0.000774340,-0.000553100,-0.000553100,0.000000000,manual_A_near_upright
pid,BALANCE,55.918,-0.001221,-0.031070,-0.001696,0.784800000,-0.000006200,-0.000021303,0.000000,7,-0.000016965,-0.001696481,-0.001211772,-0.001211772,0.000000000,manual_A_near_upright
pid,BALANCE,55.938,-0.001213,-0.031087,-0.001318,0.784800000,0.000012807,-0.000021170,0.000000,7,-0.000013181,-0.001318097,-0.000941498,-0.000941498,0.000000000,manual_A_near_upright
pid,BALANCE,55.959,-0.001187,-0.031120,-0.001273,0.784800000,0.000024023,-0.000020725,0.000000,7,-0.000012730,-0.001273004,-0.000909289,-0.000909289,0.000000000,manual_A_near_upright
pid,BALANCE,55.980,-0.001154,-0.031165,-0.001380,0.784800000,0.000031715,-0.000020143,0.000000,7,-0.000013801,-0.001380082,-0.000985773,-0.000985773,0.000000000,manual_A_near_upright
pid,BALANCE,56.001,-0.001108,-0.031224,-0.001286,0.784800000,0.000043116,-0.000019342,0.000000,7,-0.000012861,-0.001286085,-0.000918632,-0.000918632,0.000000000,manual_A_near_upright
pid,BALANCE,56.022,-0.001051,-0.031297,-0.001260,0.784800000,0.000052393,-0.000018341,0.000000,7,-0.000012602,-0.001260221,-0.000900158,-0.000900158,0.000000000,manual_A_near_upright
pid,BALANCE,56.042,-0.000984,-0.031381,-0.001237,0.784800000,0.000060921,-0.000017170,0.000000,7,-0.000012373,-0.001237272,-0.000883765,-0.000883765,0.000000000,manual_A_near_upright
pid,BALANCE,56.063,-0.000907,-0.031477,-0.001187,0.784800000,0.000069246,-0.000015830,0.000000,7,-0.000011869,-0.001186940,-0.000847814,-0.000847814,0.000000000,manual_A_near_upright
pid,BALANCE,56.084,-0.000821,-0.031583,-0.001141,0.784800000,0.000076641,-0.000014336,0.000000,7,-0.000011405,-0.001140507,-0.000831817,-0.000831817,0.000000000,manual_A_near_upright
pid,BALANCE,56.105,-0.000728,-0.031699,-0.001093,0.784800000,0.000083172,-0.000012708,0.000000,7,-0.000010927,-0.001092728,-0.000780520,-0.000780520,0.000000000,manual_A_near_upright
pid,BALANCE,56.125,-0.000628,-0.031824,-0.001038,0.784800000,0.000088913,-0.000010959,0.000000,7,-0.000010380,-0.001038010,-0.000741436,-0.000741436,0.000000000,manual_A_near_upright
pid,BALANCE,56.147,-0.000522,-0.031956,-0.000981,0.784800000,0.000093731,-0.000009110,0.000000,7,-0.000009809,-0.000980872,-0.000700623,-0.000700623,0.000000000,manual_A_near_upright
pid,BALANCE,56.167,-0.000411,-0.032095,-0.000922,0.784800000,0.000097593,-0.000007177,0.000000,7,-0.000009217,-0.000921716,-0.000679732,-0.000679732,0.000000000,manual_A_near_upright
pid,BALANCE,56.188,-0.000297,-0.032238,-0.000860,0.784800000,0.000100486,-0.000005182,0.000000,7,-0.000008604,-0.000860425,-0.000614589,-0.000614589,0.000000000,manual_A_near_upright
pid,BALANCE,56.210,-0.000174,-0.032393,-0.000794,0.784800000,0.000102462,-0.000003040,0.000000,7,-0.000007943,-0.000794340,-0.000567385,-0.000567385,0.000000000,manual_A_near_upright
pid,BALANCE,56.230,-0.000062,-0.032535,-0.000736,0.784800000,0.000103260,-0.000001081,0.000000,7,-0.000007357,-0.000735668,-0.000525477,-0.000525477,0.000000000,manual_A_near_upright
pid,BALANCE,56.250,0.000056,-0.032685,-0.000672,0.784800000,0.000103160,0.000000985,0.000000,7,-0.000006721,-0.000672125,-0.000480090,-0.000480090,0.000000000,manual_A_near_upright
pid,BALANCE,56.271,0.000174,-0.032835,-0.000609,0.784800000,0.000102059,0.000003034,0.000000,7,-0.000006093,-0.000609309,-0.000435221,-0.000435221,0.000000000,manual_A_near_upright
pid,BALANCE,56.292,0.000289,-0.032984,-0.000547,0.784800000,0.000100000,0.000005047,0.000000,7,-0.000005469,-0.000546890,-0.000390636,-0.000390636,0.000000000,manual_A_near_upright
pid,BALANCE,56.313,0.000401,-0.033130,-0.000490,0.784800000,0.000096920,0.000007004,0.000000,7,-0.000004900,-0.000489957,-0.000349969,-0.000349969,0.000000000,manual_A_near_upright
pid,BALANCE,56.333,0.000509,-0.033271,-0.000432,0.784800000,0.000093008,0.000008887,0.000000,7,-0.000004318,-0.000431788,-0.000328962,-0.000328962,0.000000000,manual_A_near_upright
pid,BALANCE,56.355,0.000612,-0.033407,-0.000378,0.784800000,0.000088203,0.000010679,0.000000,7,-0.000003778,-0.000377792,-0.000269851,-0.000269851,0.000000000,manual_A_near_upright
pid,BALANCE,56.376,0.000708,-0.033536,-0.000323,0.784800000,0.000082670,0.000012364,0.000000,7,-0.000003232,-0.000323182,-0.000230844,-0.000230844,0.000000000,manual_A_near_upright
pid,BALANCE,56.397,0.000798,-0.033658,-0.000281,0.784800000,0.000076205,0.000013925,0.000000,7,-0.000002810,-0.000281038,-0.000200741,-0.000200741,0.000000000,manual_A_near_upright
pid,BALANCE,56.418,0.000883,-0.033776,-0.000232,0.784800000,0.000068886,0.000015417,0.000000,7,-0.000002318,-0.000231842,-0.000165602,-0.000165602,0.000000000,manual_A_near_upright
pid,BALANCE,56.438,0.000956,-0.033879,-0.000197,0.784800000,0.000061147,0.000016684,0.000000,7,-0.000001965,-0.000196536,-0.000140383,-0.000140383,0.000000000,manual_A_near_upright
pid,BALANCE,56.459,0.001016,-0.033967,-0.000165,0.784800000,0.000053350,0.000017737,0.000000,7,-0.000001655,-0.000165460,-0.000118186,-0.000118186,0.000000000,manual_A_near_upright
pid,BALANCE,56.479,0.001073,-0.034052,-0.000134,0.784800000,0.000044314,0.000018723,0.000000,7,-0.000001343,-0.000134270,-0.000095907,-0.000095907,0.000000000,manual_A_near_upright
pid,BALANCE,56.500,0.001114,-0.034118,-0.000115,0.784800000,0.000035706,0.000019445,0.000000,7,-0.000001152,-0.000115189,-0.000082278,-0.000082278,0.000000000,manual_A_near_upright
pid,BALANCE,56.520,0.001147,-0.034175,-0.000097,0.784800000,0.000026453,0.000020025,0.000000,7,-0.000000972,-0.000097204,-0.000069431,-0.000069431,0.000000000,manual_A_near_upright
pid,BALANCE,56.542,0.001171,-0.034222,-0.000086,0.784800000,0.000016509,0.000020432,0.000000,7,-0.000000859,-0.000085922,-0.000061373,-0.000061373,0.000000000,manual_A_near_upright
pid,BALANCE,56.562,0.001181,-0.034251,-0.000082,0.784800000,0.000007410,0.000020618,0.000000,7,-0.000000818,-0.000081844,-0.000058460,-0.000058460,0.000000000,manual_A_near_upright
pid,BALANCE,56.583,0.001182,-0.034270,-0.000082,0.784800000,-0.000002615,0.000020623,0.000000,7,-0.000000821,-0.000082135,-0.000058668,-0.000058668,0.000000000,manual_A_near_upright
pid,BALANCE,56.604,0.001171,-0.034275,-0.000042,0.784800000,-0.000011088,0.000020439,0.000000,7,-0.000000416,-0.000041602,-0.000029716,-0.000029716,0.000000000,manual_A_near_upright
pid,BALANCE,56.624,0.001167,-0.034275,0.000939,0.784800000,0.000000425,0.000020375,0.000000,7,0.000009389,0.000938947,0.000670677,0.000670677,0.000000000,manual_A_near_upright
pid,BALANCE,56.645,0.001174,-0.034272,0.001626,0.784800000,0.000003729,0.000020490,0.000000,7,0.000016264,0.001626431,0.001161736,0.001161736,0.000000000,manual_A_near_upright
pid,BALANCE,56.666,0.001163,-0.034252,0.001264,0.784800000,-0.000014413,0.000020302,0.000000,7,0.000012642,0.001264156,0.000902969,0.000902969,0.000000000,manual_A_near_upright
pid,BALANCE,56.686,0.001140,-0.034220,0.001293,0.784800000,-0.000023201,0.000019892,0.000000,7,0.000012931,0.001293070,0.000923621,0.000923621,0.000000000,manual_A_near_upright
pid,BALANCE,56.707,0.001106,-0.034175,0.001334,0.784800000,-0.000031894,0.000019310,0.000000,7,0.000013343,0.001334319,0.000953085,0.000953085,0.000000000,manual_A_near_upright
pid,BALANCE,56.727,0.001061,-0.034116,0.001260,0.784800000,-0.000042464,0.000018516,0.000000,7,0.000012603,0.001260313,0.000900223,0.000900223,0.000000000,manual_A_near_upright
pid,BALANCE,56.749,0.001002,-0.034041,0.001242,0.784800000,-0.000051609,0.000017485,0.000000,7,0.000012423,0.001242256,0.000887326,0.000887326,0.000000000,manual_A_near_upright
pid,BALANCE,56.769,0.000939,-0.033962,0.001211,0.784800000,-0.000059563,0.000016393,0.000000,7,0.000012107,0.001210733,0.000864809,0.000864809,0.000000000,manual_A_near_upright
pid,BALANCE,56.790,0.000864,-0.033868,0.001162,0.784800000,-0.000067515,0.000015085,0.000000,7,0.000011620,0.001161978,0.000829984,0.000829984,0.000000000,manual_A_near_upright
pid,BALANCE,56.811,0.000781,-0.033763,0.001120,0.784800000,-0.000074499,0.000013632,0.000000,7,0.000011201,0.001120125,0.000800089,0.000800089,0.000000000,manual_A_near_upright
pid,BALANCE,56.831,0.000690,-0.033650,0.001071,0.784800000,-0.000080775,0.000012050,0.000000,7,0.000010709,0.001070862,0.000764901,0.000764901,0.000000000,manual_A_near_upright
pid,BALANCE,56.852,0.000588,-0.033522,0.001013,0.784800000,-0.000086512,0.000010265,0.000000,7,0.000010129,0.001012900,0.000723500,0.000723500,0.000000000,manual_A_near_upright
pid,BALANCE,56.873,0.000485,-0.033394,0.000963,0.784800000,-0.000090909,0.000008470,0.000000,7,0.000009627,0.000962667,0.000687619,0.000687619,0.000000000,manual_A_near_upright
pid,BALANCE,56.893,0.000383,-0.033266,0.000908,0.784800000,-0.000094345,0.000006693,0.000000,7,0.000009079,0.000907866,0.000648476,0.000648476,0.000000000,manual_A_near_upright
pid,BALANCE,56.914,0.000267,-0.033120,0.000842,0.784800000,-0.000097213,0.000004667,0.000000,7,0.000008424,0.000842363,0.000601688,0.000601688,0.000000000,manual_A_near_upright
pid,BALANCE,56.935,0.000160,-0.032984,0.000787,0.784800000,-0.000098783,0.000002796,0.000000,7,0.000007875,0.000787499,0.000562499,0.000562499,0.000000000,manual_A_near_upright
pid,BALANCE,56.956,0.000041,-0.032832,0.000719,0.784800000,-0.000099650,0.000000707,0.000000,7,0.000007191,0.000719122,0.000513658,0.000513658,0.000000000,manual_A_near_upright
pid,BALANCE,56.976,-0.000068,-0.032694,0.000667,0.784800000,-0.000099310,-0.000001183,0.000000,7,0.000006672,0.000667241,0.000476601,0.000476601,0.000000000,manual_A_near_upright
pid,BALANCE,56.996,-0.000181,-0.032549,0.000608,0.784800000,-0.000098150,-0.000003154,0.000000,7,0.000006075,0.000607508,0.000433934,0.000433934,0.000000000,manual_A_near_upright
pid,BALANCE,57.017,-0.000292,-0.032406,0.000542,0.784800000,-0.000096193,-0.000005091,0.000000,7,0.000005421,0.000542050,0.000387179,0.000387179,0.000000000,manual_A_near_upright
pid,BALANCE,57.037,-0.000399,-0.032265,0.000492,0.784800000,-0.000093037,-0.000006970,0.000000,7,0.000004921,0.000492109,0.000351506,0.000351506,0.000000000,manual_A_near_upright
pid,BALANCE,57.058,-0.000503,-0.032129,0.000435,0.784800000,-0.000089219,-0.000008777,0.000000,7,0.000004347,0.000434685,0.000310489,0.000310489,0.000000000,manual_A_near_upright
pid,BALANCE,57.078,-0.000601,-0.031998,0.000383,0.784800000,-0.000084514,-0.000010495,0.000000,7,0.000003827,0.000382685,0.000273346,0.000273346,0.000000000,manual_A_near_upright
pid,BALANCE,57.099,-0.000694,-0.031874,0.000336,0.784800000,-0.000078991,-0.000012106,0.000000,7,0.000003361,0.000336096,0.000240069,0.000240069,0.000000000,manual_A_near_upright
pid,BALANCE,57.120,-0.000779,-0.031757,0.000290,0.784800000,-0.000072820,-0.000013598,0.000000,7,0.000002900,0.000290009,0.000207150,0.000207150,0.000000000,manual_A_near_upright
pid,BALANCE,57.141,-0.000857,-0.031649,0.000249,0.784800000,-0.000065965,-0.000014956,0.000000,7,0.000002495,0.000249456,0.000178183,0.000178183,0.000000000,manual_A_near_upright
pid,BALANCE,57.161,-0.000926,-0.031550,0.000213,0.784800000,-0.000058532,-0.000016168,0.000000,7,0.000002133,0.000213260,0.000152329,0.000152329,0.000000000,manual_A_near_upright
pid,BALANCE,57.182,-0.000987,-0.031462,0.000180,0.784800000,-0.000050628,-0.000017225,0.000000,7,0.000001801,0.000180101,0.000128644,0.000128644,0.000000000,manual_A_near_upright
pid,BALANCE,57.202,-0.001038,-0.031384,0.000153,0.784800000,-0.000042274,-0.000018117,0.000000,7,0.000001531,0.000153132,0.000109380,0.000109380,0.000000000,manual_A_near_upright
pid,BALANCE,57.223,-0.001081,-0.031315,0.000132,0.784800000,-0.000033099,-0.000018868,0.000000,7,0.000001322,0.000132211,0.000094437,0.000094437,0.000000000,manual_A_near_upright
pid,BALANCE,57.244,-0.001110,-0.031264,0.000118,0.784800000,-0.000024564,-0.000019378,0.000000,7,0.000001178,0.000117810,0.000084150,0.000084150,0.000000000,manual_A_near_upright
pid,BALANCE,57.264,-0.001131,-0.031222,0.000107,0.784800000,-0.000015441,-0.000019737,0.000000,7,0.000001070,0.000106980,0.000076415,0.000076415,0.000000000,manual_A_near_upright
pid,BALANCE,57.285,-0.001141,-0.031192,0.000103,0.784800000,-0.000006207,-0.000019912,0.000000,7,0.000001031,0.000103101,0.000073643,0.000073643,0.000000000,manual_A_near_upright
pid,BALANCE,57.306,-0.001140,-0.031176,0.000104,0.784800000,0.000003003,-0.000019903,0.000000,7,0.000001040,0.000103979,0.000074271,0.000074271,0.000000000,manual_A_near_upright
pid,BALANCE,57.326,-0.001130,-0.031172,0.000043,0.784800000,0.000010704,-0.000019718,0.000000,7,0.000000432,0.000043200,0.000030857,0.000030857,0.000000000,manual_A_near_upright
pid,BALANCE,57.347,-0.001127,-0.031172,-0.000981,0.784800000,-0.000001537,-0.000019669,0.000000,7,-0.000009813,-0.000981268,-0.000700906,-0.000700906,0.000000000,manual_A_near_upright
pid,BALANCE,57.367,-0.001133,-0.031175,-0.001535,0.784800000,-0.000002894,-0.000019768,0.000000,7,-0.000015348,-0.001534792,-0.001096280,-0.001096280,0.000000000,manual_A_near_upright
pid,BALANCE,57.389,-0.001122,-0.031194,-0.001241,0.784800000,0.000013427,-0.000019588,0.000000,7,-0.000012413,-0.001241327,-0.000886662,-0.000886662,0.000000000,manual_A_near_upright
pid,BALANCE,57.409,-0.001099,-0.031227,-0.001279,0.784800000,0.000022203,-0.000019180,0.000000,7,-0.000012794,-0.001279379,-0.000913842,-0.000913842,0.000000000,manual_A_near_upright
pid,BALANCE,57.430,-0.001067,-0.031272,-0.001311,0.784800000,0.000030782,-0.000018619,0.000000,7,-0.000013114,-0.001311447,-0.000936748,-0.000936748,0.000000000,manual_A_near_upright
pid,BALANCE,57.451,-0.001023,-0.031329,-0.001239,0.784800000,0.000041012,-0.000017852,0.000000,7,-0.000012395,-0.001239497,-0.000885355,-0.000885355,0.000000000,manual_A_near_upright
pid,BALANCE,57.472,-0.000966,-0.031402,-0.001225,0.784800000,0.000049808,-0.000016857,0.000000,7,-0.000012245,-0.001224530,-0.000874664,-0.000874664,0.000000000,manual_A_near_upright
pid,BALANCE,57.492,-0.000905,-0.031479,-0.001192,0.784800000,0.000057552,-0.000015802,0.000000,7,-0.000011917,-0.001191700,-0.000851214,-0.000851214,0.000000000,manual_A_near_upright
pid,BALANCE,57.513,-0.000833,-0.031570,-0.001145,0.784800000,0.000065225,-0.000014538,0.000000,7,-0.000011454,-0.001145350,-0.000818107,-0.000818107,0.000000000,manual_A_near_upright
pid,BALANCE,57.533,-0.000753,-0.031671,-0.001105,0.784800000,0.000071979,-0.000013134,0.000000,7,-0.000011051,-0.001105073,-0.000789338,-0.000789338,0.000000000,manual_A_near_upright
pid,BALANCE,57.554,-0.000665,-0.031781,-0.001058,0.784800000,0.000078032,-0.000011606,0.000000,7,-0.000010583,-0.001058280,-0.000755914,-0.000755914,0.000000000,manual_A_near_upright
pid,BALANCE,57.575,-0.000571,-0.031899,-0.001006,0.784800000,0.000083323,-0.000009967,0.000000,7,-0.000010060,-0.001005992,-0.000718566,-0.000718566,0.000000000,manual_A_near_upright
pid,BALANCE,57.595,-0.000472,-0.032024,-0.000953,0.784800000,0.000087712,-0.000008235,0.000000,7,-0.000009531,-0.000953140,-0.000680814,-0.000680814,0.000000000,manual_A_near_upright
pid,BALANCE,57.616,-0.000368,-0.032154,-0.000898,0.784800000,0.000091225,-0.000006428,0.000000,7,-0.000008977,-0.000897684,-0.000641203,-0.000641203,0.000000000,manual_A_near_upright
pid,BALANCE,57.636,-0.000261,-0.032289,-0.000838,0.784800000,0.000093869,-0.000004564,0.000000,7,-0.000008384,-0.000838440,-0.000598886,-0.000598886,0.000000000,manual_A_near_upright
pid,BALANCE,57.658,-0.000152,-0.032427,-0.000781,0.784800000,0.000095514,-0.000002661,0.000000,7,-0.000007814,-0.000781369,-0.000558121,-0.000558121,0.000000000,manual_A_near_upright
pid,BALANCE,57.679,-0.000042,-0.032567,-0.000722,0.784800000,0.000096254,-0.000000738,0.000000,7,-0.000007224,-0.000722373,-0.000515980,-0.000515980,0.000000000,manual_A_near_upright
pid,BALANCE,57.699,0.000068,-0.032708,-0.000663,0.784800000,0.000096057,0.000001186,0.000000,7,-0.000006633,-0.000663335,-0.000473811,-0.000473811,0.000000000,manual_A_near_upright
pid,BALANCE,57.720,0.000177,-0.032849,-0.000606,0.784800000,0.000094921,0.000003092,0.000000,7,-0.000006055,-0.000605523,-0.000432516,-0.000432516,0.000000000,manual_A_near_upright
pid,BALANCE,57.741,0.000284,-0.032988,-0.000550,0.784800000,0.000092851,0.000004963,0.000000,7,-0.000005502,-0.000550207,-0.000393005,-0.000393005,0.000000000,manual_A_near_upright
pid,BALANCE,57.762,0.000388,-0.033124,-0.000494,0.784800000,0.000089953,0.000006779,0.000000,7,-0.000004944,-0.000494380,-0.000353129,-0.000353129,0.000000000,manual_A_near_upright
pid,BALANCE,57.783,0.000493,-0.033262,-0.000437,0.784800000,0.000086020,0.000008611,0.000000,7,-0.000004372,-0.000437222,-0.000312302,-0.000312302,0.000000000,manual_A_near_upright
pid,BALANCE,57.804,0.000584,-0.033382,-0.000393,0.784800000,0.000081593,0.000010184,0.000000,7,-0.000003933,-0.000393316,-0.000280940,-0.000280940,0.000000000,manual_A_near_upright
pid,BALANCE,57.825,0.000673,-0.033502,-0.000343,0.784800000,0.000076348,0.000011741,0.000000,7,-0.000003434,-0.000343355,-0.000245254,-0.000245254,0.000000000,manual_A_near_upright
pid,BALANCE,57.845,0.000755,-0.033615,-0.000301,0.784800000,0.000070334,0.000013182,0.000000,7,-0.000003006,-0.000300555,-0.000214682,-0.000214682,0.000000000,manual_A_near_upright
pid,BALANCE,57.866,0.000830,-0.033720,-0.000262,0.784800000,0.000063686,0.000014494,0.000000,7,-0.000002620,-0.000262000,-0.000187143,-0.000187143,0.000000000,manual_A_near_upright
pid,BALANCE,57.887,0.000897,-0.033816,-0.000227,0.784800000,0.000056501,0.000015664,0.000000,7,-0.000002266,-0.000226613,-0.000161866,-0.000161866,0.000000000,manual_A_near_upright
pid,BALANCE,57.908,0.000959,-0.033906,-0.000195,0.784800000,0.000048420,0.000016731,0.000000,7,-0.000001952,-0.000195179,-0.000139413,-0.000139413,0.000000000,manual_A_near_upright
pid,BALANCE,57.928,0.001005,-0.033977,-0.000173,0.784800000,0.000040684,0.000017543,0.000000,7,-0.000001730,-0.000172951,-0.000123537,-0.000123537,0.000000000,manual_A_near_upright
pid,BALANCE,57.949,0.001047,-0.034044,-0.000150,0.784800000,0.000031873,0.000018265,0.000000,7,-0.000001500,-0.000150018,-0.000107155,-0.000107155,0.000000000,manual_A_near_upright
pid,BALANCE,57.970,0.001075,-0.034093,-0.000137,0.784800000,0.000023614,0.000018756,0.000000,7,-0.000001365,-0.000136507,-0.000097505,-0.000097505,0.000000000,manual_A_near_upright
pid,BALANCE,57.990,0.001094,-0.034134,-0.000127,0.784800000,0.000014783,0.000019100,0.000000,7,-0.000001267,-0.000126651,-0.000090465,-0.000090465,0.000000000,manual_A_near_upright
pid,BALANCE,58.011,0.001104,-0.034162,-0.000122,0.784800000,0.000005872,0.000019267,0.000000,7,-0.000001223,-0.000122305,-0.000087361,-0.000087361,0.000000000,manual_A_near_upright
pid,BALANCE,58.032,0.001103,-0.034179,-0.000124,0.784800000,-0.000003040,0.000019255,0.000000,7,-0.000001238,-0.000123778,-0.000088413,-0.000088413,0.000000000,manual_A_near_upright
pid,BALANCE,58.053,0.001093,-0.034183,-0.000067,0.784800000,-0.000010519,0.000019074,0.000000,7,-0.000000669,-0.000066873,-0.000047766,-0.000047766,0.000000000,manual_A_near_upright
pid,BALANCE,58.074,0.001090,-0.034183,0.000922,0.784800000,0.000001297,0.000019022,0.000000,7,0.000009221,0.000922146,0.000658676,0.000658676,0.000000000,manual_A_near_upright
pid,BALANCE,58.095,0.001097,-0.034180,0.001560,0.784800000,0.000004735,0.000019140,0.000000,7,0.000015598,0.001559838,0.001114170,0.001114170,0.000000000,manual_A_near_upright
pid,BALANCE,58.116,0.001088,-0.034162,0.001238,0.784800000,-0.000011963,0.000018996,0.000000,7,0.000012378,0.001237793,0.000884138,0.000884138,0.000000000,manual_A_near_upright
pid,BALANCE,58.137,0.001067,-0.034131,0.001261,0.784800000,-0.000020818,0.000018615,0.000000,7,0.000012605,0.001260536,0.000900383,0.000900383,0.000000000,manual_A_near_upright
pid,BALANCE,58.158,0.001034,-0.034086,0.001291,0.784800000,-0.000029640,0.000018053,0.000000,7,0.000012906,0.001290603,0.000921859,0.000921859,0.000000000,manual_A_near_upright
pid,BALANCE,58.178,0.000994,-0.034033,0.001228,0.784800000,-0.000039016,0.000017357,0.000000,7,0.000012284,0.001228395,0.000877425,0.000877425,0.000000000,manual_A_near_upright
pid,BALANCE,58.198,0.000943,-0.033966,0.001210,0.784800000,-0.000047307,0.000016454,0.000000,7,0.000012101,0.001210054,0.000864324,0.000864324,0.000000000,manual_A_near_upright
pid,BALANCE,58.219,0.000882,-0.033889,0.001179,0.784800000,-0.000055241,0.000015393,0.000000,7,0.000011786,0.001178641,0.000841887,0.000841887,0.000000000,manual_A_near_upright
pid,BALANCE,58.240,0.000812,-0.033800,0.001136,0.784800000,-0.000062705,0.000014179,0.000000,7,0.000011356,0.001135577,0.000811126,0.000811126,0.000000000,manual_A_near_upright
pid,BALANCE,58.261,0.000735,-0.033703,0.001096,0.784800000,-0.000069338,0.000012827,0.000000,7,0.000010957,0.001095666,0.000782619,0.000782619,0.000000000,manual_A_near_upright
pid,BALANCE,58.282,0.000646,-0.033591,0.001047,0.784800000,-0.000075576,0.000011276,0.000000,7,0.000010468,0.001046778,0.000747699,0.000747699,0.000000000,manual_A_near_upright
pid,BALANCE,58.303,0.000560,-0.033482,0.001002,0.784800000,-0.000080427,0.000009771,0.000000,7,0.000010019,0.001001869,0.000715621,0.000715621,0.000000000,manual_A_near_upright
pid,BALANCE,58.324,0.000464,-0.033361,0.000948,0.784800000,-0.000084814,0.000008097,0.000000,7,0.000009478,0.000947816,0.000677012,0.000677012,0.000000000,manual_A_near_upright
pid,BALANCE,58.345,0.000359,-0.033229,0.000891,0.784800000,-0.000088437,0.000006260,0.000000,7,0.000008914,0.000891392,0.000636709,0.000636709,0.000000000,manual_A_near_upright
pid,BALANCE,58.365,0.000260,-0.033104,0.000842,0.784800000,-0.000090821,0.000004545,0.000000,7,0.000008415,0.000841550,0.000601107,0.000601107,0.000000000,manual_A_near_upright
pid,BALANCE,58.386,0.000149,-0.032963,0.000780,0.784800000,-0.000092613,0.000002609,0.000000,7,0.000007803,0.000780329,0.000557378,0.000557378,0.000000000,manual_A_near_upright
pid,BALANCE,58.407,0.000048,-0.032834,0.000728,0.784800000,-0.000093290,0.000000838,0.000000,7,0.000007284,0.000728414,0.000520295,0.000520295,0.000000000,manual_A_near_upright
pid,BALANCE,58.428,-0.000059,-0.032697,0.000667,0.784800000,-0.000093252,-0.000001029,0.000000,7,0.000006674,0.000667370,0.000476693,0.000476693,0.000000000,manual_A_near_upright
pid,BALANCE,58.449,-0.000165,-0.032560,0.000612,0.784800000,-0.000092198,-0.000002880,0.000000,7,0.000006125,0.000612459,0.000437471,0.000437471,0.000000000,manual_A_near_upright
pid,BALANCE,58.470,-0.000269,-0.032425,0.000558,0.784800000,-0.000090289,-0.000004698,0.000000,7,0.000005575,0.000557506,0.000398219,0.000398219,0.000000000,manual_A_near_upright
pid,BALANCE,58.491,-0.000370,-0.032293,0.000503,0.784800000,-0.000087542,-0.000006465,0.000000,7,0.000005033,0.000503317,0.000359512,0.000359512,0.000000000,manual_A_near_upright
pid,BALANCE,58.512,-0.000468,-0.032164,0.000454,0.784800000,-0.000083925,-0.000008165,0.000000,7,0.000004535,0.000453540,0.000323957,0.000323957,0.000000000,manual_A_near_upright
pid,BALANCE,58.532,-0.000560,-0.032041,0.000404,0.784800000,-0.000079578,-0.000009782,0.000000,7,0.000004041,0.000404066,0.000288618,0.000288618,0.000000000,manual_A_near_upright
pid,BALANCE,58.553,-0.000648,-0.031923,0.000357,0.784800000,-0.000074514,-0.000011302,0.000000,7,0.000003568,0.000356798,0.000254856,0.000254856,0.000000000,manual_A_near_upright
pid,BALANCE,58.574,-0.000728,-0.031813,0.000316,0.784800000,-0.000068714,-0.000012709,0.000000,7,0.000003158,0.000315807,0.000225577,0.000225577,0.000000000,manual_A_near_upright
pid,BALANCE,58.595,-0.000805,-0.031705,0.000275,0.784800000,-0.000062002,-0.000014052,0.000000,7,0.000002751,0.000275122,0.000196516,0.000196516,0.000000000,manual_A_near_upright
pid,BALANCE,58.615,-0.000867,-0.031616,0.000244,0.784800000,-0.000055363,-0.000015138,0.000000,7,0.000002442,0.000244226,0.000174447,0.000174447,0.000000000,manual_A_near_upright
pid,BALANCE,58.636,-0.000925,-0.031532,0.000213,0.784800000,-0.000047979,-0.000016139,0.000000,7,0.000002128,0.000212815,0.000152011,0.000152011,0.000000000,manual_A_near_upright
pid,BALANCE,58.657,-0.000973,-0.031458,0.000188,0.784800000,-0.000040145,-0.000016986,0.000000,7,0.000001881,0.000188107,0.000134362,0.000134362,0.000000000,manual_A_near_upright
pid,BALANCE,58.678,-0.001012,-0.031395,0.000168,0.784800000,-0.000031982,-0.000017671,0.000000,7,0.000001684,0.000168440,0.000120314,0.000120314,0.000000000,manual_A_near_upright
pid,BALANCE,58.699,-0.001043,-0.031341,0.000153,0.784800000,-0.000023161,-0.000018211,0.000000,7,0.000001527,0.000152681,0.000109058,0.000109058,0.000000000,manual_A_near_upright
pid,BALANCE,58.719,-0.001063,-0.031301,0.000144,0.784800000,-0.000014575,-0.000018550,0.000000,7,0.000001438,0.000143759,0.000105763,0.000105763,0.000000000,manual_A_near_upright
pid,BALANCE,58.740,-0.001072,-0.031274,0.000139,0.784800000,-0.000006362,-0.000018712,0.000000,7,0.000001393,0.000139262,0.000099473,0.000099473,0.000000000,manual_A_near_upright
pid,BALANCE,58.761,-0.001072,-0.031257,0.000140,0.784800000,0.000002285,-0.000018714,0.000000,7,0.000001399,0.000139870,0.000099907,0.000099907,0.000000000,manual_A_near_upright
pid,BALANCE,58.782,-0.001063,-0.031252,0.000127,0.784800000,0.000010452,-0.000018546,0.000000,7,0.000001268,0.000126801,0.000090572,0.000090572,0.000000000,manual_A_near_upright
pid,BALANCE,58.803,-0.001058,-0.031252,-0.000781,0.784800000,0.000000001,-0.000018470,0.000000,7,-0.000007811,-0.000781105,-0.000557932,-0.000557932,0.000000000,manual_A_near_upright
pid,BALANCE,58.824,-0.001066,-0.031254,-0.001524,0.784800000,-0.000005965,-0.000018598,0.000000,7,-0.000015235,-0.001523507,-0.001088219,-0.001088219,0.000000000,manual_A_near_upright
pid,BALANCE,58.845,-0.001059,-0.031271,-0.001217,0.784800000,0.000010676,-0.000018483,0.000000,7,-0.000012168,-0.001216848,-0.000869177,-0.000869177,0.000000000,manual_A_near_upright
pid,BALANCE,58.866,-0.001040,-0.031299,-0.001236,0.784800000,0.000018942,-0.000018151,0.000000,7,-0.000012362,-0.001236210,-0.000883007,-0.000883007,0.000000000,manual_A_near_upright
pid,BALANCE,58.887,-0.001012,-0.031338,-0.001287,0.784800000,0.000026733,-0.000017666,0.000000,7,-0.000012867,-0.001286696,-0.000919069,-0.000919069,0.000000000,manual_A_near_upright
pid,BALANCE,58.907,-0.000973,-0.031391,-0.001213,0.784800000,0.000036656,-0.000016986,0.000000,7,-0.000012131,-0.001213122,-0.000866515,-0.000866515,0.000000000,manual_A_near_upright
pid,BALANCE,58.928,-0.000924,-0.031454,-0.001199,0.784800000,0.000044737,-0.000016133,0.000000,7,-0.000011993,-0.001199254,-0.000856610,-0.000856610,0.000000000,manual_A_near_upright
pid,BALANCE,58.949,-0.000867,-0.031529,-0.001174,0.784800000,0.000052458,-0.000015127,0.000000,7,-0.000011741,-0.001174094,-0.000838639,-0.000838639,0.000000000,manual_A_near_upright
pid,BALANCE,58.969,-0.000800,-0.031613,-0.001132,0.784800000,0.000059859,-0.000013969,0.000000,7,-0.000011316,-0.001131625,-0.000808303,-0.000808303,0.000000000,manual_A_near_upright
pid,BALANCE,58.990,-0.000726,-0.031707,-0.001091,0.784800000,0.000066492,-0.000012674,0.000000,7,-0.000010905,-0.001090544,-0.000778960,-0.000778960,0.000000000,manual_A_near_upright
pid,BALANCE,59.011,-0.000645,-0.031810,-0.001047,0.784800000,0.000072387,-0.000011258,0.000000,7,-0.000010473,-0.001047289,-0.000748064,-0.000748064,0.000000000,manual_A_near_upright
pid,BALANCE,59.032,-0.000558,-0.031920,-0.000999,0.784800000,0.000077556,-0.000009734,0.000000,7,-0.000009995,-0.000999455,-0.000713896,-0.000713896,0.000000000,manual_A_near_upright
pid,BALANCE,59.053,-0.000465,-0.032037,-0.000952,0.784800000,0.000081868,-0.000008118,0.000000,7,-0.000009517,-0.000951708,-0.000679791,-0.000679791,0.000000000,manual_A_near_upright
pid,BALANCE,59.074,-0.000368,-0.032160,-0.000900,0.784800000,0.000085395,-0.000006428,0.000000,7,-0.000008996,-0.000899633,-0.000642595,-0.000642595,0.000000000,manual_A_near_upright
pid,BALANCE,59.095,-0.000268,-0.032287,-0.000843,0.784800000,0.000088126,-0.000004679,0.000000,7,-0.000008429,-0.000842872,-0.000602051,-0.000602051,0.000000000,manual_A_near_upright
pid,BALANCE,59.116,-0.000166,-0.032417,-0.000790,0.784800000,0.000089869,-0.000002890,0.000000,7,-0.000007903,-0.000790348,-0.000564534,-0.000564534,0.000000000,manual_A_near_upright
pid,BALANCE,59.137,-0.000062,-0.032550,-0.000733,0.784800000,0.000090825,-0.000001077,0.000000,7,-0.000007325,-0.000732519,-0.000523228,-0.000523228,0.000000000,manual_A_near_upright
pid,BALANCE,59.157,0.000042,-0.032683,-0.000678,0.784800000,0.000090828,0.000000741,0.000000,7,-0.000006777,-0.000677733,-0.000484095,-0.000484095,0.000000000,manual_A_near_upright
pid,BALANCE,59.179,0.000146,-0.032817,-0.000623,0.784800000,0.000089963,0.000002547,0.000000,7,-0.000006228,-0.000622842,-0.000444887,-0.000444887,0.000000000,manual_A_near_upright
pid,BALANCE,59.199,0.000248,-0.032949,-0.000569,0.784800000,0.000088244,0.000004323,0.000000,7,-0.000005686,-0.000568602,-0.000406144,-0.000406144,0.000000000,manual_A_near_upright
pid,BALANCE,59.220,0.000347,-0.033079,-0.000518,0.784800000,0.000085649,0.000006052,0.000000,7,-0.000005177,-0.000517680,-0.000369771,-0.000369771,0.000000000,manual_A_near_upright
pid,BALANCE,59.241,0.000442,-0.033205,-0.000467,0.784800000,0.000082298,0.000007717,0.000000,7,-0.000004666,-0.000466588,-0.000333277,-0.000333277,0.000000000,manual_A_near_upright
pid,BALANCE,59.261,0.000533,-0.033326,-0.000418,0.784800000,0.000078168,0.000009305,0.000000,7,-0.000004184,-0.000418408,-0.000298863,-0.000298863,0.000000000,manual_A_near_upright
pid,BALANCE,59.282,0.000619,-0.033441,-0.000374,0.784800000,0.000073301,0.000010799,0.000000,7,-0.000003740,-0.000374006,-0.000267147,-0.000267147,0.000000000,manual_A_near_upright
pid,BALANCE,59.302,0.000698,-0.033550,-0.000332,0.784800000,0.000067791,0.000012186,0.000000,7,-0.000003317,-0.000331698,-0.000236927,-0.000236927,0.000000000,manual_A_near_upright
pid,BALANCE,59.323,0.000771,-0.033652,-0.000296,0.784800000,0.000061615,0.000013453,0.000000,7,-0.000002958,-0.000295815,-0.000211296,-0.000211296,0.000000000,manual_A_near_upright
pid,BALANCE,59.344,0.000836,-0.033744,-0.000261,0.784800000,0.000054948,0.000014590,0.000000,7,-0.000002614,-0.000261381,-0.000186701,-0.000186701,0.000000000,manual_A_near_upright
pid,BALANCE,59.365,0.000893,-0.033828,-0.000230,0.784800000,0.000047829,0.000015586,0.000000,7,-0.000002300,-0.000229966,-0.000175471,-0.000175471,0.000000000,manual_A_near_upright
pid,BALANCE,59.385,0.000942,-0.033902,-0.000206,0.784800000,0.000040249,0.000016434,0.000000,7,-0.000002057,-0.000205704,-0.000146931,-0.000146931,0.000000000,manual_A_near_upright
pid,BALANCE,59.406,0.000981,-0.033965,-0.000186,0.784800000,0.000032346,0.000017125,0.000000,7,-0.000001859,-0.000185906,-0.000132790,-0.000132790,0.000000000,manual_A_near_upright
pid,BALANCE,59.427,0.001012,-0.034017,-0.000170,0.784800000,0.000024220,0.000017654,0.000000,7,-0.000001696,-0.000169603,-0.000121145,-0.000121145,0.000000000,manual_A_near_upright
pid,BALANCE,59.448,0.001032,-0.034059,-0.000159,0.784800000,0.000015899,0.000018018,0.000000,7,-0.000001594,-0.000159351,-0.000113822,-0.000113822,0.000000000,manual_A_near_upright
pid,BALANCE,59.469,0.001044,-0.034089,-0.000154,0.784800000,0.000007483,0.000018214,0.000000,7,-0.000001544,-0.000154365,-0.000110261,-0.000110261,0.000000000,manual_A_near_upright
pid,BALANCE,59.490,0.001045,-0.034107,-0.000154,0.784800000,-0.000000937,0.000018242,0.000000,7,-0.000001541,-0.000154126,-0.000110090,-0.000110090,0.000000000,manual_A_near_upright
pid,BALANCE,59.510,0.001037,-0.034113,-0.000159,0.784800000,-0.000009294,0.000018102,0.000000,7,-0.000001592,-0.000159207,-0.000113720,-0.000113720,0.000000000,manual_A_near_upright
pid,BALANCE,59.531,0.001030,-0.034113,0.000569,0.784800000,-0.000002280,0.000017982,0.000000,7,0.000005687,0.000568719,0.000406228,0.000406228,0.000000000,manual_A_near_upright
pid,BALANCE,59.552,0.001037,-0.034113,0.001438,0.784800000,0.000006757,0.000018095,0.000000,7,0.000014378,0.001437808,0.001027006,0.001027006,0.000000000,manual_A_near_upright
pid,BALANCE,59.573,0.001036,-0.034101,0.001302,0.784800000,-0.000005698,0.000018074,0.000000,7,0.000013016,0.001301635,0.000929739,0.000929739,0.000000000,manual_A_near_upright
pid,BALANCE,59.594,0.001019,-0.034075,0.001190,0.784800000,-0.000017099,0.000017777,0.000000,7,0.000011895,0.001189502,0.000849644,0.000849644,0.000000000,manual_A_near_upright
pid,BALANCE,59.614,0.000993,-0.034038,0.001274,0.784800000,-0.000024021,0.000017338,0.000000,7,0.000012741,0.001274121,0.000910087,0.000910087,0.000000000,manual_A_near_upright
pid,BALANCE,59.635,0.000958,-0.033990,0.001218,0.784800000,-0.000033499,0.000016722,0.000000,7,0.000012183,0.001218294,0.000870210,0.000870210,0.000000000,manual_A_near_upright
pid,BALANCE,59.656,0.000913,-0.033930,0.001189,0.784800000,-0.000041856,0.000015928,0.000000,7,0.000011892,0.001189184,0.000849417,0.000849417,0.000000000,manual_A_near_upright
pid,BALANCE,59.677,0.000858,-0.033859,0.001168,0.784800000,-0.000049457,0.000014980,0.000000,7,0.000011684,0.001168360,0.000834543,0.000834543,0.000000000,manual_A_near_upright
pid,BALANCE,59.698,0.000792,-0.033774,0.001126,0.784800000,-0.000057159,0.000013825,0.000000,7,0.000011264,0.001126371,0.000804551,0.000804551,0.000000000,manual_A_near_upright
pid,BALANCE,59.720,0.000721,-0.033684,0.001090,0.784800000,-0.000063697,0.000012586,0.000000,7,0.000010897,0.001089699,0.000778356,0.000778356,0.000000000,manual_A_near_upright
pid,BALANCE,59.750,0.000606,-0.033538,0.001026,0.784800000,-0.000072040,0.000010576,0.000000,7,0.000010262,0.001026197,0.000732998,0.000732998,0.000000000,manual_A_near_upright
pid,BALANCE,59.772,0.000519,-0.033428,0.000979,0.784800000,-0.000076876,0.000009064,0.000000,7,0.000009790,0.000978989,0.000699278,0.000699278,0.000000000,manual_A_near_upright
pid,BALANCE,59.802,0.000380,-0.033252,0.000904,0.784800000,-0.000082624,0.000006641,0.000000,7,0.000009043,0.000904283,0.000645916,0.000645916,0.000000000,manual_A_near_upright
pid,BALANCE,59.823,0.000283,-0.033129,0.000852,0.784800000,-0.000085425,0.000004946,0.000000,7,0.000008521,0.000852056,0.000608612,0.000608612,0.000000000,manual_A_near_upright
pid,BALANCE,59.844,0.000184,-0.033002,0.000800,0.784800000,-0.000087342,0.000003208,0.000000,7,0.000008001,0.000800135,0.000571525,0.000571525,0.000000000,manual_A_near_upright
pid,BALANCE,59.864,0.000083,-0.032873,0.000745,0.784800000,-0.000088443,0.000001444,0.000000,7,0.000007454,0.000745405,0.000532432,0.000532432,0.000000000,manual_A_near_upright
pid,BALANCE,59.886,-0.000024,-0.032736,0.000685,0.784800000,-0.000088723,-0.000000419,0.000000,7,0.000006851,0.000685113,0.000489366,0.000489366,0.000000000,manual_A_near_upright
pid,BALANCE,59.917,-0.000170,-0.032547,0.000613,0.784800000,-0.000087338,-0.000002970,0.000000,7,0.000006134,0.000613383,0.000438131,0.000438131,0.000000000,manual_A_near_upright
pid,BALANCE,59.938,-0.000269,-0.032418,0.000560,0.784800000,-0.000085463,-0.000004691,0.000000,7,0.000005602,0.000560159,0.000400113,0.000400113,0.000000000,manual_A_near_upright
pid,BALANCE,59.958,-0.000365,-0.032292,0.000508,0.784800000,-0.000082796,-0.000006363,0.000000,7,0.000005296,0.000529636,0.000378311,0.000378311,0.000000000,manual_A_near_upright
pid,BALANCE,59.979,-0.000457,-0.032170,0.000459,0.784800000,-0.000079305,-0.000007969,0.000000,7,0.000004593,0.000459339,0.000328099,0.000328099,0.000000000,manual_A_near_upright
pid,BALANCE,60.000,-0.000544,-0.032053,0.000412,0.784800000,-0.000075109,-0.000009496,0.000000,7,0.000004120,0.000411996,0.000294283,0.000294283,0.000000000,manual_A_near_upright
pid,BALANCE,60.021,-0.000626,-0.031942,0.000370,0.784800000,-0.000070180,-0.000010928,0.000000,7,0.000003696,0.000369633,0.000264024,0.000264024,0.000000000,manual_A_near_upright
pid,BALANCE,60.041,-0.000702,-0.031837,0.000330,0.784800000,-0.000064630,-0.000012252,0.000000,7,0.000003298,0.000329789,0.000235563,0.000235563,0.000000000,manual_A_near_upright
pid,BALANCE,60.062,-0.000771,-0.031740,0.000294,0.784800000,-0.000058500,-0.000013457,0.000000,7,0.000002936,0.000293606,0.000209719,0.000209719,0.000000000,manual_A_near_upright
pid,BALANCE,60.083,-0.000833,-0.031652,0.000263,0.784800000,-0.000051827,-0.000014531,0.000000,7,0.000002628,0.000262787,0.000187705,0.000187705,0.000000000,manual_A_near_upright
pid,BALANCE,60.103,-0.000886,-0.031573,0.000233,0.784800000,-0.000044766,-0.000015466,0.000000,7,0.000002333,0.000233323,0.000166659,0.000166659,0.000000000,manual_A_near_upright
pid,BALANCE,60.124,-0.000931,-0.031503,0.000211,0.784800000,-0.000037274,-0.000016253,0.000000,7,0.000002109,0.000210859,0.000150613,0.000150613,0.000000000,manual_A_near_upright
pid,BALANCE,60.145,-0.000968,-0.031444,0.000192,0.784800000,-0.000029494,-0.000016886,0.000000,7,0.000001924,0.000192443,0.000137460,0.000137460,0.000000000,manual_A_near_upright
pid,BALANCE,60.165,-0.000995,-0.031396,0.000179,0.784800000,-0.000021493,-0.000017361,0.000000,7,0.000001786,0.000178567,0.000127548,0.000127548,0.000000000,manual_A_near_upright
pid,BALANCE,60.186,-0.001013,-0.031358,0.000170,0.784800000,-0.000013335,-0.000017672,0.000000,7,0.000001700,0.000170029,0.000121449,0.000121449,0.000000000,manual_A_near_upright
pid,BALANCE,60.207,-0.001021,-0.031332,0.000166,0.784800000,-0.000005110,-0.000017820,0.000000,7,0.000001663,0.000166336,0.000118812,0.000118812,0.000000000,manual_A_near_upright
pid,BALANCE,60.227,-0.001020,-0.031317,0.000168,0.784800000,0.000003105,-0.000017803,0.000000,7,0.000001676,0.000167631,0.000119737,0.000119737,0.000000000,manual_A_near_upright
pid,BALANCE,60.249,-0.001010,-0.031313,0.000084,0.784800000,0.000009736,-0.000017621,0.000000,7,0.000000839,0.000083858,0.000059898,0.000059898,0.000000000,manual_A_near_upright
pid,BALANCE,60.269,-0.001007,-0.031313,-0.000800,0.784800000,-0.000000966,-0.000017578,0.000000,7,-0.000008002,-0.000800174,-0.000571553,-0.000571553,0.000000000,manual_A_near_upright
pid,BALANCE,60.291,-0.001015,-0.031315,-0.001528,0.784800000,-0.000007013,-0.000017723,0.000000,7,-0.000015284,-0.001528364,-0.001091689,-0.001091689,0.000000000,manual_A_near_upright
pid,BALANCE,60.311,-0.001011,-0.031329,-0.001211,0.784800000,0.000009023,-0.000017643,0.000000,7,-0.000012109,-0.001210941,-0.000864958,-0.000864958,0.000000000,manual_A_near_upright
pid,BALANCE,60.332,-0.000992,-0.031358,-0.001189,0.784800000,0.000018228,-0.000017309,0.000000,7,-0.000011886,-0.001188639,-0.000849028,-0.000849028,0.000000000,manual_A_near_upright
pid,BALANCE,60.353,-0.000966,-0.031396,-0.001267,0.784800000,0.000025064,-0.000016854,0.000000,7,-0.000012667,-0.001266743,-0.000904817,-0.000904817,0.000000000,manual_A_near_upright
pid,BALANCE,60.373,-0.000929,-0.031446,-0.001190,0.784800000,0.000034721,-0.000016212,0.000000,7,-0.000011896,-0.001189588,-0.000849705,-0.000849705,0.000000000,manual_A_near_upright
pid,BALANCE,60.394,-0.000882,-0.031507,-0.001177,0.784800000,0.000042448,-0.000015402,0.000000,7,-0.000011774,-0.001177421,-0.000841015,-0.000841015,0.000000000,manual_A_near_upright
pid,BALANCE,60.415,-0.000828,-0.031579,-0.001154,0.784800000,0.000049847,-0.000014447,0.000000,7,-0.000011539,-0.001153881,-0.000824200,-0.000824200,0.000000000,manual_A_near_upright
pid,BALANCE,60.436,-0.000765,-0.031660,-0.001110,0.784800000,0.000057027,-0.000013344,0.000000,7,-0.000011096,-0.001109572,-0.000792551,-0.000792551,0.000000000,manual_A_near_upright
pid,BALANCE,60.457,-0.000694,-0.031750,-0.001076,0.784800000,0.000063270,-0.000012112,0.000000,7,-0.000010763,-0.001076281,-0.000768772,-0.000768772,0.000000000,manual_A_near_upright
pid,BALANCE,60.478,-0.000617,-0.031848,-0.001034,0.784800000,0.000068956,-0.000010763,0.000000,7,-0.000010341,-0.001034059,-0.000738614,-0.000738614,0.000000000,manual_A_near_upright
pid,BALANCE,60.499,-0.000533,-0.031954,-0.000985,0.784800000,0.000074010,-0.000009309,0.000000,7,-0.000010106,-0.001010633,-0.000721881,-0.000721881,0.000000000,manual_A_near_upright
pid,BALANCE,60.519,-0.000445,-0.032066,-0.000939,0.784800000,0.000078148,-0.000007768,0.000000,7,-0.000009394,-0.000939358,-0.000670970,-0.000670970,0.000000000,manual_A_near_upright
pid,BALANCE,60.540,-0.000353,-0.032184,-0.000892,0.784800000,0.000081488,-0.000006155,0.000000,7,-0.000008925,-0.000892468,-0.000637477,-0.000637477,0.000000000,manual_A_near_upright
pid,BALANCE,60.560,-0.000257,-0.032305,-0.000841,0.784800000,0.000084069,-0.000004486,0.000000,7,-0.000008412,-0.000841205,-0.000600861,-0.000600861,0.000000000,manual_A_near_upright
pid,BALANCE,60.581,-0.000159,-0.032430,-0.000788,0.784800000,0.000085824,-0.000002778,0.000000,7,-0.000007883,-0.000788292,-0.000563065,-0.000563065,0.000000000,manual_A_near_upright
pid,BALANCE,60.601,-0.000060,-0.032557,-0.000736,0.784800000,0.000086715,-0.000001047,0.000000,7,-0.000007357,-0.000735669,-0.000525478,-0.000525478,0.000000000,manual_A_near_upright
pid,BALANCE,60.622,0.000039,-0.032686,-0.000682,0.784800000,0.000086768,0.000000689,0.000000,7,-0.000006825,-0.000682472,-0.000487480,-0.000487480,0.000000000,manual_A_near_upright
pid,BALANCE,60.643,0.000138,-0.032813,-0.000630,0.784800000,0.000085977,0.000002415,0.000000,7,-0.000006298,-0.000629803,-0.000449859,-0.000449859,0.000000000,manual_A_near_upright
pid,BALANCE,60.664,0.000236,-0.032940,-0.000574,0.784800000,0.000084438,0.000004113,0.000000,7,-0.000005743,-0.000574303,-0.000410217,-0.000410217,0.000000000,manual_A_near_upright
pid,BALANCE,60.685,0.000330,-0.033065,-0.000525,0.784800000,0.000081988,0.000005768,0.000000,7,-0.000005253,-0.000525311,-0.000375222,-0.000375222,0.000000000,manual_A_near_upright
pid,BALANCE,60.705,0.000422,-0.033186,-0.000477,0.784800000,0.000078785,0.000007363,0.000000,7,-0.000004774,-0.000477433,-0.000341024,-0.000341024,0.000000000,manual_A_near_upright
pid,BALANCE,60.726,0.000509,-0.033302,-0.000431,0.784800000,0.000074868,0.000008883,0.000000,7,-0.000004309,-0.000430912,-0.000307795,-0.000307795,0.000000000,manual_A_near_upright
pid,BALANCE,60.747,0.000591,-0.033413,-0.000388,0.784800000,0.000070240,0.000010315,0.000000,7,-0.000003881,-0.000388097,-0.000277212,-0.000277212,0.000000000,manual_A_near_upright
pid,BALANCE,60.767,0.000667,-0.033518,-0.000348,0.784800000,0.000064977,0.000011644,0.000000,7,-0.000003482,-0.000348173,-0.000248695,-0.000248695,0.000000000,manual_A_near_upright
pid,BALANCE,60.789,0.000737,-0.033615,-0.000313,0.784800000,0.000059107,0.000012859,0.000000,7,-0.000003128,-0.000312829,-0.000223449,-0.000223449,0.000000000,manual_A_near_upright
pid,BALANCE,60.809,0.000799,-0.033704,-0.000278,0.784800000,0.000052772,0.000013951,0.000000,7,-0.000002785,-0.000278451,-0.000198894,-0.000198894,0.000000000,manual_A_near_upright
pid,BALANCE,60.830,0.000854,-0.033785,-0.000251,0.784800000,0.000045921,0.000014908,0.000000,7,-0.000002509,-0.000250910,-0.000179222,-0.000179222,0.000000000,manual_A_near_upright
pid,BALANCE,60.851,0.000901,-0.033856,-0.000227,0.784800000,0.000038698,0.000015722,0.000000,7,-0.000002268,-0.000226833,-0.000162023,-0.000162023,0.000000000,manual_A_near_upright
pid,BALANCE,60.872,0.000939,-0.033917,-0.000207,0.784800000,0.000031161,0.000016387,0.000000,7,-0.000002072,-0.000207159,-0.000147971,-0.000147971,0.000000000,manual_A_near_upright
pid,BALANCE,60.893,0.000968,-0.033968,-0.000193,0.784800000,0.000023360,0.000016897,0.000000,7,-0.000001931,-0.000193113,-0.000137938,-0.000137938,0.000000000,manual_A_near_upright
pid,BALANCE,60.913,0.000988,-0.034008,-0.000183,0.784800000,0.000015407,0.000017250,0.000000,7,-0.000001832,-0.000183196,-0.000130854,-0.000130854,0.000000000,manual_A_near_upright
pid,BALANCE,60.934,0.000999,-0.034037,-0.000178,0.784800000,0.000007368,0.000017441,0.000000,7,-0.000001778,-0.000177844,-0.000127031,-0.000127031,0.000000000,manual_A_near_upright
pid,BALANCE,60.955,0.001001,-0.034055,-0.000177,0.784800000,-0.000000685,0.000017472,0.000000,7,-0.000001774,-0.000177437,-0.000126448,-0.000126448,0.000000000,manual_A_near_upright
pid,BALANCE,60.976,0.000994,-0.034062,-0.000182,0.784800000,-0.000008679,0.000017342,0.000000,7,-0.000001820,-0.000182050,-0.000130035,-0.000130035,0.000000000,manual_A_near_upright
pid,BALANCE,60.997,0.000986,-0.034062,0.000468,0.784800000,-0.000002912,0.000017215,0.000000,7,0.000004681,0.000468071,0.000334337,0.000334337,0.000000000,manual_A_near_upright
pid,BALANCE,61.017,0.000992,-0.034061,0.001352,0.784800000,0.000006887,0.000017316,0.000000,7,0.000013517,0.001351745,0.000965532,0.000965532,0.000000000,manual_A_near_upright
pid,BALANCE,61.038,0.000993,-0.034052,0.001302,0.784800000,-0.000003419,0.000017335,0.000000,7,0.000013017,0.001301696,0.000929783,0.000929783,0.000000000,manual_A_near_upright
pid,BALANCE,61.059,0.000979,-0.034028,0.001180,0.784800000,-0.000014749,0.000017086,0.000000,7,0.000011799,0.001179905,0.000842789,0.000842789,0.000000000,manual_A_near_upright
pid,BALANCE,61.080,0.000956,-0.033994,0.001247,0.784800000,-0.000021771,0.000016691,0.000000,7,0.000012470,0.001246956,0.000890683,0.000890683,0.000000000,manual_A_near_upright
pid,BALANCE,61.100,0.000924,-0.033949,0.001202,0.784800000,-0.000030764,0.000016127,0.000000,7,0.000012024,0.001202446,0.000858890,0.000858890,0.000000000,manual_A_near_upright
pid,BALANCE,61.121,0.000882,-0.033892,0.001176,0.784800000,-0.000038863,0.000015392,0.000000,7,0.000011756,0.001175635,0.000839739,0.000839739,0.000000000,manual_A_near_upright
pid,BALANCE,61.142,0.000831,-0.033825,0.001154,0.784800000,-0.000046303,0.000014506,0.000000,7,0.000011541,0.001154074,0.000824338,0.000824338,0.000000000,manual_A_near_upright
pid,BALANCE,61.163,0.000772,-0.033749,0.001119,0.784800000,-0.000053417,0.000013476,0.000000,7,0.000011187,0.001118658,0.000799042,0.000799042,0.000000000,manual_A_near_upright
pid,BALANCE,61.184,0.000705,-0.033663,0.001081,0.784800000,-0.000059898,0.000012313,0.000000,7,0.000010813,0.001081348,0.000772392,0.000772392,0.000000000,manual_A_near_upright
pid,BALANCE,61.205,0.000632,-0.033569,0.001042,0.784800000,-0.000065709,0.000011030,0.000000,7,0.000010417,0.001041676,0.000744054,0.000744054,0.000000000,manual_A_near_upright
pid,BALANCE,61.226,0.000552,-0.033468,0.000997,0.784800000,-0.000070863,0.000009639,0.000000,7,0.000009971,0.000997077,0.000712198,0.000712198,0.000000000,manual_A_near_upright
pid,BALANCE,61.247,0.000467,-0.033360,0.000952,0.784800000,-0.000075239,0.000008157,0.000000,7,0.000009518,0.000951801,0.000679858,0.000679858,0.000000000,manual_A_near_upright
pid,BALANCE,61.268,0.000378,-0.033246,0.000904,0.784800000,-0.000078860,0.000006598,0.000000,7,0.000009036,0.000903576,0.000645411,0.000645411,0.000000000,manual_A_near_upright
pid,BALANCE,61.289,0.000285,-0.033128,0.000854,0.784800000,-0.000081686,0.000004979,0.000000,7,0.000008535,0.000853507,0.000609648,0.000609648,0.000000000,manual_A_near_upright
pid,BALANCE,61.310,0.000190,-0.033006,0.000804,0.784800000,-0.000083661,0.000003315,0.000000,7,0.000008038,0.000803849,0.000574178,0.000574178,0.000000000,manual_A_near_upright
pid,BALANCE,61.330,0.000093,-0.032882,0.000751,0.784800000,-0.000084855,0.000001623,0.000000,7,0.000007513,0.000751294,0.000536638,0.000536638,0.000000000,manual_A_near_upright
pid,BALANCE,61.351,-0.000010,-0.032750,0.000695,0.784800000,-0.000085231,-0.000000166,0.000000,7,0.000006949,0.000694904,0.000496360,0.000496360,0.000000000,manual_A_near_upright
pid,BALANCE,61.372,-0.000102,-0.032630,0.000651,0.784800000,-0.000084656,-0.000001779,0.000000,7,0.000006505,0.000650527,0.000464662,0.000464662,0.000000000,manual_A_near_upright
pid,BALANCE,61.393,-0.000203,-0.032499,0.000593,0.784800000,-0.000083370,-0.000003539,0.000000,7,0.000005926,0.000592626,0.000423305,0.000423305,0.000000000,manual_A_near_upright
pid,BALANCE,61.414,-0.000292,-0.032382,0.000548,0.784800000,-0.000081300,-0.000005095,0.000000,7,0.000005485,0.000548460,0.000391757,0.000391757,0.000000000,manual_A_near_upright
pid,BALANCE,61.434,-0.000383,-0.032262,0.000498,0.784800000,-0.000078502,-0.000006682,0.000000,7,0.000004975,0.000497525,0.000355375,0.000355375,0.000000000,manual_A_near_upright
pid,BALANCE,61.455,-0.000470,-0.032146,0.000452,0.784800000,-0.000074903,-0.000008201,0.000000,7,0.000004518,0.000451778,0.000322698,0.000322698,0.000000000,manual_A_near_upright
pid,BALANCE,61.476,-0.000556,-0.032029,0.000407,0.784800000,-0.000070374,-0.000009707,0.000000,7,0.000004067,0.000406717,0.000290512,0.000290512,0.000000000,manual_A_near_upright
pid,BALANCE,61.497,-0.000633,-0.031925,0.000369,0.784800000,-0.000065356,-0.000011043,0.000000,7,0.000003689,0.000368901,0.000263501,0.000263501,0.000000000,manual_A_near_upright
pid,BALANCE,61.518,-0.000703,-0.031827,0.000331,0.784800000,-0.000059829,-0.000012271,0.000000,7,0.000003306,0.000330582,0.000236130,0.000236130,0.000000000,manual_A_near_upright
pid,BALANCE,61.538,-0.000764,-0.031741,0.000299,0.784800000,-0.000054043,-0.000013328,0.000000,7,0.000002993,0.000299288,0.000213777,0.000213777,0.000000000,manual_A_near_upright
pid,BALANCE,61.559,-0.000820,-0.031658,0.000270,0.784800000,-0.000047504,-0.000014315,0.000000,7,0.000002697,0.000269685,0.000192632,0.000192632,0.000000000,manual_A_near_upright
pid,BALANCE,61.580,-0.000869,-0.031585,0.000243,0.784800000,-0.000040576,-0.000015165,0.000000,7,0.000002434,0.000243378,0.000173842,0.000173842,0.000000000,manual_A_near_upright
pid,BALANCE,61.601,-0.000909,-0.031521,0.000223,0.784800000,-0.000033273,-0.000015871,0.000000,7,0.000002230,0.000223000,0.000159286,0.000159286,0.000000000,manual_A_near_upright
pid,BALANCE,61.622,-0.000941,-0.031468,0.000207,0.784800000,-0.000025710,-0.000016427,0.000000,7,0.000002070,0.000206989,0.000147850,0.000147850,0.000000000,manual_A_near_upright
pid,BALANCE,61.643,-0.000964,-0.031425,0.000195,0.784800000,-0.000017973,-0.000016830,0.000000,7,0.000001947,0.000194712,0.000139080,0.000139080,0.000000000,manual_A_near_upright
pid,BALANCE,61.663,-0.000978,-0.031392,0.000189,0.784800000,-0.000010092,-0.000017075,0.000000,7,0.000001885,0.000188544,0.000134674,0.000134674,0.000000000,manual_A_near_upright
pid,BALANCE,61.684,-0.000983,-0.031370,0.000187,0.784800000,-0.000002183,-0.000017162,0.000000,7,0.000001865,0.000186543,0.000133245,0.000133245,0.000000000,manual_A_near_upright
pid,BALANCE,61.705,-0.000979,-0.031359,0.000190,0.784800000,0.000006085,-0.000017084,0.000000,7,0.000001898,0.000189767,0.000135548,0.000135548,0.000000000,manual_A_near_upright
pid,BALANCE,61.725,-0.000969,-0.031358,-0.000104,0.784800000,0.000007172,-0.000016918,0.000000,7,-0.000001044,-0.000104374,-0.000074553,-0.000074553,0.000000000,manual_A_near_upright
pid,BALANCE,61.746,-0.000971,-0.031358,-0.001117,0.784800000,-0.000005432,-0.000016954,0.000000,7,-0.000011171,-0.001117112,-0.000797937,-0.000797937,0.000000000,manual_A_near_upright
pid,BALANCE,61.766,-0.000978,-0.031363,-0.001411,0.784800000,-0.000002959,-0.000017061,0.000000,7,-0.000014110,-0.001410957,-0.001007826,-0.001007826,0.000000000,manual_A_near_upright
pid,BALANCE,61.787,-0.000968,-0.031382,-0.001149,0.784800000,0.000011818,-0.000016893,0.000000,7,-0.000011493,-0.001149304,-0.000820931,-0.000820931,0.000000000,manual_A_near_upright
pid,BALANCE,61.808,-0.000950,-0.031410,-0.001221,0.784800000,0.000018277,-0.000016572,0.000000,7,-0.000012211,-0.001221054,-0.000872181,-0.000872181,0.000000000,manual_A_near_upright
pid,BALANCE,61.828,-0.000921,-0.031453,-0.001221,0.784800000,0.000026791,-0.000016068,0.000000,7,-0.000012209,-0.001220934,-0.000890927,-0.000890927,0.000000000,manual_A_near_upright
pid,BALANCE,61.849,-0.000882,-0.031505,-0.001167,0.784800000,0.000035529,-0.000015402,0.000000,7,-0.000011672,-0.001167233,-0.000833738,-0.000833738,0.000000000,manual_A_near_upright
pid,BALANCE,61.869,-0.000838,-0.031563,-0.001158,0.784800000,0.000042451,-0.000014629,0.000000,7,-0.000011584,-0.001158426,-0.000827447,-0.000827447,0.000000000,manual_A_near_upright
pid,BALANCE,61.890,-0.000784,-0.031635,-0.001127,0.784800000,0.000049640,-0.000013676,0.000000,7,-0.000011272,-0.001127207,-0.000805148,-0.000805148,0.000000000,manual_A_near_upright
pid,BALANCE,61.911,-0.000721,-0.031716,-0.001089,0.784800000,0.000056323,-0.000012585,0.000000,7,-0.000010894,-0.001089396,-0.000778140,-0.000778140,0.000000000,manual_A_near_upright
pid,BALANCE,61.932,-0.000652,-0.031805,-0.001054,0.784800000,0.000062271,-0.000011371,0.000000,7,-0.000010538,-0.001053819,-0.000752728,-0.000752728,0.000000000,manual_A_near_upright
pid,BALANCE,61.952,-0.000576,-0.031902,-0.001011,0.784800000,0.000067646,-0.000010047,0.000000,7,-0.000010107,-0.001010744,-0.000721960,-0.000721960,0.000000000,manual_A_near_upright
pid,BALANCE,61.973,-0.000494,-0.032006,-0.000969,0.784800000,0.000072224,-0.000008626,0.000000,7,-0.000009691,-0.000969102,-0.000692215,-0.000692215,0.000000000,manual_A_near_upright
pid,BALANCE,61.994,-0.000408,-0.032115,-0.000923,0.784800000,0.000076113,-0.000007124,0.000000,7,-0.000009226,-0.000922608,-0.000659006,-0.000659006,0.000000000,manual_A_near_upright
pid,BALANCE,62.015,-0.000318,-0.032230,-0.000872,0.784800000,0.000079278,-0.000005555,0.000000,7,-0.000008717,-0.000871715,-0.000622653,-0.000622653,0.000000000,manual_A_near_upright
pid,BALANCE,62.036,-0.000225,-0.032349,-0.000825,0.784800000,0.000081536,-0.000003935,0.000000,7,-0.000008247,-0.000824656,-0.000589040,-0.000589040,0.000000000,manual_A_near_upright
pid,BALANCE,62.057,-0.000131,-0.032470,-0.000774,0.784800000,0.000083043,-0.000002281,0.000000,7,-0.000007739,-0.000773928,-0.000552806,-0.000552806,0.000000000,manual_A_near_upright
pid,BALANCE,62.078,-0.000035,-0.032594,-0.000722,0.784800000,0.000083742,-0.000000608,0.000000,7,-0.000007222,-0.000722225,-0.000515875,-0.000515875,0.000000000,manual_A_near_upright
pid,BALANCE,62.099,0.000061,-0.032718,-0.000671,0.784800000,0.000083607,0.000001066,0.000000,7,-0.000006713,-0.000671312,-0.000479508,-0.000479508,0.000000000,manual_A_near_upright
pid,BALANCE,62.120,0.000156,-0.032841,-0.000617,0.784800000,0.000082746,0.000002727,0.000000,7,-0.000006168,-0.000616796,-0.000440568,-0.000440568,0.000000000,manual_A_near_upright
pid,BALANCE,62.140,0.000250,-0.032963,-0.000568,0.784800000,0.000080982,0.000004358,0.000000,7,-0.000005685,-0.000568451,-0.000406037,-0.000406037,0.000000000,manual_A_near_upright
pid,BALANCE,62.160,0.000340,-0.033083,-0.000521,0.784800000,0.000078470,0.000005942,0.000000,7,-0.000005208,-0.000520779,-0.000371985,-0.000371985,0.000000000,manual_A_near_upright
pid,BALANCE,62.181,0.000428,-0.033199,-0.000474,0.784800000,0.000075239,0.000007466,0.000000,7,-0.000004741,-0.000474052,-0.000338608,-0.000338608,0.000000000,manual_A_near_upright
pid,BALANCE,62.201,0.000511,-0.033311,-0.000431,0.784800000,0.000071289,0.000008915,0.000000,7,-0.000004306,-0.000430604,-0.000307574,-0.000307574,0.000000000,manual_A_near_upright
pid,BALANCE,62.222,0.000589,-0.033417,-0.000390,0.784800000,0.000066688,0.000010275,0.000000,7,-0.000003896,-0.000389636,-0.000278311,-0.000278311,0.000000000,manual_A_near_upright
pid,BALANCE,62.243,0.000661,-0.033517,-0.000352,0.784800000,0.000061480,0.000011535,0.000000,7,-0.000003517,-0.000351748,-0.000251249,-0.000251249,0.000000000,manual_A_near_upright
pid,BALANCE,62.264,0.000727,-0.033609,-0.000317,0.784800000,0.000055717,0.000012682,0.000000,7,-0.000003175,-0.000317477,-0.000226770,-0.000226770,0.000000000,manual_A_near_upright
pid,BALANCE,62.284,0.000785,-0.033694,-0.000287,0.784800000,0.000049462,0.000013706,0.000000,7,-0.000002870,-0.000286962,-0.000204973,-0.000204973,0.000000000,manual_A_near_upright
pid,BALANCE,62.305,0.000836,-0.033770,-0.000260,0.784800000,0.000042778,0.000014599,0.000000,7,-0.000002604,-0.000260387,-0.000185991,-0.000185991,0.000000000,manual_A_near_upright
pid,BALANCE,62.326,0.000880,-0.033836,-0.000239,0.784800000,0.000035709,0.000015353,0.000000,7,-0.000002392,-0.000239242,-0.000170887,-0.000170887,0.000000000,manual_A_near_upright
pid,BALANCE,62.347,0.000914,-0.033893,-0.000222,0.784800000,0.000028367,0.000015961,0.000000,7,-0.000002217,-0.000221719,-0.000158371,-0.000158371,0.000000000,manual_A_near_upright
pid,BALANCE,62.367,0.000941,-0.033940,-0.000208,0.784800000,0.000020827,0.000016419,0.000000,7,-0.000002078,-0.000207775,-0.000148410,-0.000148410,0.000000000,manual_A_near_upright
pid,BALANCE,62.389,0.000958,-0.033977,-0.000198,0.784800000,0.000013141,0.000016725,0.000000,7,-0.000001984,-0.000198371,-0.000141694,-0.000141694,0.000000000,manual_A_near_upright
pid,BALANCE,62.410,0.000967,-0.034004,-0.000195,0.784800000,0.000004968,0.000016878,0.000000,7,-0.000001950,-0.000195005,-0.000139289,-0.000139289,0.000000000,manual_A_near_upright
pid,BALANCE,62.430,0.000966,-0.034018,-0.000196,0.784800000,-0.000002800,0.000016865,0.000000,7,-0.000001961,-0.000196063,-0.000140045,-0.000140045,0.000000000,manual_A_near_upright
pid,BALANCE,62.461,0.000953,-0.034022,0.000160,0.784800000,-0.000006288,0.000016642,0.000000,7,0.000001597,0.000159749,-0.000132952,-0.000132952,0.000000000,manual_A_near_upright
pid,BALANCE,62.481,0.000956,-0.034022,0.001116,0.784800000,0.000005631,0.000016687,0.000000,7,0.000011162,0.001116236,0.000797311,0.000797311,0.000000000,manual_A_near_upright
pid,BALANCE,62.503,0.000963,-0.034017,0.001402,0.784800000,0.000002167,0.000016810,0.000000,7,0.000014019,0.001401915,0.001001368,0.001001368,0.000000000,manual_A_near_upright
pid,BALANCE,62.523,0.000954,-0.033999,0.001135,0.784800000,-0.000011709,0.000016646,0.000000,7,0.000011348,0.001134833,0.000810595,0.000810595,0.000000000,manual_A_near_upright
pid,BALANCE,62.544,0.000933,-0.033967,0.001222,0.784800000,-0.000018542,0.000016290,0.000000,7,0.000012219,0.001221942,0.000872815,0.000872815,0.000000000,manual_A_near_upright
pid,BALANCE,62.564,0.000907,-0.033929,0.001213,0.784800000,-0.000026318,0.000015834,0.000000,7,0.000012129,0.001212936,0.000866383,0.000866383,0.000000000,manual_A_near_upright
pid,BALANCE,62.585,0.000868,-0.033875,0.001159,0.784800000,-0.000035319,0.000015142,0.000000,7,0.000011589,0.001158892,0.000827780,0.000827780,0.000000000,manual_A_near_upright
pid,BALANCE,62.605,0.000824,-0.033817,0.001153,0.784800000,-0.000042068,0.000014376,0.000000,7,0.000011529,0.001152936,0.000826959,0.000826959,0.000000000,manual_A_near_upright
pid,BALANCE,62.626,0.000770,-0.033746,0.001117,0.784800000,-0.000049232,0.000013431,0.000000,7,0.000011174,0.001117443,0.000798174,0.000798174,0.000000000,manual_A_near_upright
pid,BALANCE,62.647,0.000708,-0.033665,0.001082,0.784800000,-0.000055756,0.000012350,0.000000,7,0.000010819,0.001081914,0.000772796,0.000772796,0.000000000,manual_A_near_upright
pid,BALANCE,62.668,0.000639,-0.033577,0.001047,0.784800000,-0.000061592,0.000011149,0.000000,7,0.000010469,0.001046918,0.000747798,0.000747798,0.000000000,manual_A_near_upright
pid,BALANCE,62.688,0.000560,-0.033476,0.001001,0.784800000,-0.000067128,0.000009771,0.000000,7,0.000010011,0.001001134,0.000715095,0.000715095,0.000000000,manual_A_near_upright
pid,BALANCE,62.709,0.000483,-0.033378,0.000963,0.784800000,-0.000071359,0.000008436,0.000000,7,0.000009626,0.000962560,0.000687543,0.000687543,0.000000000,manual_A_near_upright
pid,BALANCE,62.730,0.000398,-0.033270,0.000916,0.784800000,-0.000075180,0.000006952,0.000000,7,0.000009157,0.000915704,0.000654074,0.000654074,0.000000000,manual_A_near_upright
pid,BALANCE,62.750,0.000310,-0.033156,0.000867,0.784800000,-0.000078228,0.000005402,0.000000,7,0.000008674,0.000867368,0.000619548,0.000619548,0.000000000,manual_A_near_upright
pid,BALANCE,62.771,0.000218,-0.033039,0.000817,0.784800000,-0.000080495,0.000003803,0.000000,7,0.000008173,0.000817328,0.000583806,0.000583806,0.000000000,manual_A_near_upright
pid,BALANCE,62.792,0.000124,-0.032919,0.000768,0.784800000,-0.000081929,0.000002171,0.000000,7,0.000007680,0.000767984,0.000548560,0.000548560,0.000000000,manual_A_near_upright
pid,BALANCE,62.813,0.000030,-0.032797,0.000719,0.784800000,-0.000082548,0.000000522,0.000000,7,0.000007186,0.000718618,0.000513298,0.000513298,0.000000000,manual_A_near_upright
pid,BALANCE,62.834,-0.000065,-0.032675,0.000668,0.784800000,-0.000082403,-0.000001128,0.000000,7,0.000006676,0.000667593,0.000476852,0.000476852,0.000000000,manual_A_near_upright
pid,BALANCE,62.855,-0.000158,-0.032553,0.000616,0.784800000,-0.000081475,-0.000002764,0.000000,7,0.000006164,0.000616383,0.000440274,0.000440274,0.000000000,manual_A_near_upright
pid,BALANCE,62.875,-0.000255,-0.032426,0.000566,0.784800000,-0.000079613,-0.000004449,0.000000,7,0.000005661,0.000566060,0.000404328,0.000404328,0.000000000,manual_A_near_upright
pid,BALANCE,62.895,-0.000340,-0.032314,0.000524,0.784800000,-0.000077165,-0.000005928,0.000000,7,0.000005241,0.000524141,0.000374387,0.000374387,0.000000000,manual_A_near_upright
pid,BALANCE,62.916,-0.000426,-0.032200,0.000475,0.784800000,-0.000074017,-0.000007427,0.000000,7,0.000004755,0.000475492,0.000339637,0.000339637,0.000000000,manual_A_near_upright
pid,BALANCE,62.937,-0.000511,-0.032085,0.000431,0.784800000,-0.000069879,-0.000008921,0.000000,7,0.000004311,0.000431077,0.000307912,0.000307912,0.000000000,manual_A_near_upright
pid,BALANCE,62.958,-0.000587,-0.031980,0.000393,0.784800000,-0.000065259,-0.000010252,0.000000,7,0.000003927,0.000392690,0.000280493,0.000280493,0.000000000,manual_A_near_upright
pid,BALANCE,62.978,-0.000655,-0.031887,0.000357,0.784800000,-0.000060367,-0.000011425,0.000000,7,0.000003567,0.000356670,0.000254764,0.000254764,0.000000000,manual_A_near_upright
pid,BALANCE,63.000,-0.000722,-0.031792,0.000320,0.784800000,-0.000054408,-0.000012604,0.000000,7,0.000003198,0.000319765,0.000228403,0.000228403,0.000000000,manual_A_near_upright
pid,BALANCE,63.020,-0.000779,-0.031709,0.000291,0.784800000,-0.000048182,-0.000013603,0.000000,7,0.000002911,0.000291104,0.000207931,0.000207931,0.000000000,manual_A_near_upright
pid,BALANCE,63.041,-0.000827,-0.031639,0.000267,0.784800000,-0.000041887,-0.000014431,0.000000,7,0.000002672,0.000267187,0.000190848,0.000190848,0.000000000,manual_A_near_upright
pid,BALANCE,63.062,-0.000871,-0.031570,0.000243,0.784800000,-0.000034602,-0.000015202,0.000000,7,0.000002433,0.000243266,0.000173761,0.000173761,0.000000000,manual_A_near_upright
pid,BALANCE,63.083,-0.000905,-0.031515,0.000226,0.784800000,-0.000027341,-0.000015789,0.000000,7,0.000002264,0.000226449,0.000161749,0.000161749,0.000000000,manual_A_near_upright
pid,BALANCE,63.103,-0.000929,-0.031471,0.000214,0.784800000,-0.000020260,-0.000016209,0.000000,7,0.000002139,0.000213913,0.000152795,0.000152795,0.000000000,manual_A_near_upright
pid,BALANCE,63.124,-0.000946,-0.031434,0.000205,0.784800000,-0.000012290,-0.000016516,0.000000,7,0.000002050,0.000204985,0.000146418,0.000146418,0.000000000,manual_A_near_upright
pid,BALANCE,63.145,-0.000954,-0.031409,0.000202,0.784800000,-0.000004611,-0.000016650,0.000000,7,0.000002021,0.000202122,0.000144373,0.000144373,0.000000000,manual_A_near_upright
pid,BALANCE,63.165,-0.000953,-0.031396,0.000203,0.784800000,0.000002660,-0.000016636,0.000000,7,0.000002029,0.000202884,0.000144917,0.000144917,0.000000000,manual_A_near_upright
pid,BALANCE,63.186,-0.000944,-0.031392,0.000183,0.784800000,0.000009708,-0.000016475,0.000000,7,0.000001831,0.000183124,0.000130803,0.000130803,0.000000000,manual_A_near_upright
pid,BALANCE,63.207,-0.000940,-0.031392,-0.000638,0.784800000,0.000000108,-0.000016406,0.000000,7,-0.000006377,-0.000637742,-0.000455530,-0.000455530,0.000000000,manual_A_near_upright
pid,BALANCE,63.228,-0.000948,-0.031393,-0.001433,0.784800000,-0.000008027,-0.000016548,0.000000,7,-0.000014335,-0.001433460,-0.001023900,-0.001023900,0.000000000,manual_A_near_upright
pid,BALANCE,63.248,-0.000948,-0.031404,-0.001233,0.784800000,0.000005088,-0.000016542,0.000000,7,-0.000012327,-0.001232675,-0.000880482,-0.000880482,0.000000000,manual_A_near_upright
pid,BALANCE,63.269,-0.000932,-0.031429,-0.001142,0.784800000,0.000015321,-0.000016271,0.000000,7,-0.000011418,-0.001141772,-0.000795735,-0.000795735,0.000000000,manual_A_near_upright
pid,BALANCE,63.290,-0.000909,-0.031465,-0.001237,0.784800000,0.000021771,-0.000015861,0.000000,7,-0.000012368,-0.001236757,-0.000883398,-0.000883398,0.000000000,manual_A_near_upright
pid,BALANCE,63.311,-0.000878,-0.031508,-0.001172,0.784800000,0.000030428,-0.000015326,0.000000,7,-0.000011717,-0.001171656,-0.000836897,-0.000836897,0.000000000,manual_A_near_upright
pid,BALANCE,63.332,-0.000837,-0.031564,-0.001151,0.784800000,0.000038033,-0.000014604,0.000000,7,-0.000011505,-0.001150539,-0.000821814,-0.000821814,0.000000000,manual_A_near_upright
pid,BALANCE,63.353,-0.000787,-0.031629,-0.001133,0.784800000,0.000045042,-0.000013742,0.000000,7,-0.000011329,-0.001132898,-0.000809213,-0.000809213,0.000000000,manual_A_near_upright
pid,BALANCE,63.374,-0.000727,-0.031708,-0.001091,0.784800000,0.000052241,-0.000012687,0.000000,7,-0.000010912,-0.001091161,-0.000779401,-0.000779401,0.000000000,manual_A_near_upright
pid,BALANCE,63.394,-0.000665,-0.031788,-0.001061,0.784800000,0.000057964,-0.000011613,0.000000,7,-0.000010615,-0.001061483,-0.000758202,-0.000758202,0.000000000,manual_A_near_upright
pid,BALANCE,63.415,-0.000591,-0.031884,-0.001020,0.784800000,0.000063736,-0.000010308,0.000000,7,-0.000010204,-0.001020371,-0.000728836,-0.000728836,0.000000000,manual_A_near_upright
pid,BALANCE,63.436,-0.000517,-0.031977,-0.000981,0.784800000,0.000068309,-0.000009032,0.000000,7,-0.000009811,-0.000981102,-0.000700787,-0.000700787,0.000000000,manual_A_near_upright
pid,BALANCE,63.457,-0.000431,-0.032087,-0.000932,0.784800000,0.000072684,-0.000007530,0.000000,7,-0.000009317,-0.000931735,-0.000665525,-0.000665525,0.000000000,manual_A_near_upright
pid,BALANCE,63.478,-0.000345,-0.032197,-0.000888,0.784800000,0.000075971,-0.000006028,0.000000,7,-0.000008883,-0.000888263,-0.000634473,-0.000634473,0.000000000,manual_A_near_upright
pid,BALANCE,63.498,-0.000256,-0.032312,-0.000841,0.784800000,0.000078538,-0.000004470,0.000000,7,-0.000008410,-0.000841041,-0.000600744,-0.000600744,0.000000000,manual_A_near_upright
pid,BALANCE,63.519,-0.000169,-0.032423,-0.000793,0.784800000,0.000080286,-0.000002952,0.000000,7,-0.000007935,-0.000793489,-0.000566778,-0.000566778,0.000000000,manual_A_near_upright
pid,BALANCE,63.540,-0.000076,-0.032543,-0.000741,0.784800000,0.000081387,-0.000001329,0.000000,7,-0.000007409,-0.000740903,-0.000529216,-0.000529216,0.000000000,manual_A_near_upright
pid,BALANCE,63.560,0.000017,-0.032664,-0.000693,0.784800000,0.000081596,0.000000304,0.000000,7,-0.000006925,-0.000692548,-0.000494677,-0.000494677,0.000000000,manual_A_near_upright
pid,BALANCE,63.581,0.000111,-0.032785,-0.000643,0.784800000,0.000081050,0.000001929,0.000000,7,-0.000006427,-0.000642669,-0.000459050,-0.000459050,0.000000000,manual_A_near_upright
pid,BALANCE,63.602,0.000207,-0.032911,-0.000592,0.784800000,0.000079608,0.000003611,0.000000,7,-0.000005925,-0.000592485,-0.000423204,-0.000423204,0.000000000,manual_A_near_upright
pid,BALANCE,63.623,0.000292,-0.033023,-0.000547,0.784800000,0.000077601,0.000005097,0.000000,7,-0.000005474,-0.000547371,-0.000390979,-0.000390979,0.000000000,manual_A_near_upright
pid,BALANCE,63.643,0.000379,-0.033138,-0.000500,0.784800000,0.000074809,0.000006610,0.000000,7,-0.000004999,-0.000499892,-0.000357066,-0.000357066,0.000000000,manual_A_near_upright
pid,BALANCE,63.664,0.000462,-0.033249,-0.000459,0.784800000,0.000071217,0.000008055,0.000000,7,-0.000004593,-0.000459285,-0.000328061,-0.000328061,0.000000000,manual_A_near_upright
pid,BALANCE,63.685,0.000540,-0.033355,-0.000415,0.784800000,0.000067088,0.000009420,0.000000,7,-0.000004153,-0.000415325,-0.000296661,-0.000296661,0.000000000,manual_A_near_upright
pid,BALANCE,63.706,0.000613,-0.033455,-0.000377,0.784800000,0.000062291,0.000010694,0.000000,7,-0.000003767,-0.000376696,-0.000269069,-0.000269069,0.000000000,manual_A_near_upright
pid,BALANCE,63.726,0.000680,-0.033549,-0.000343,0.784800000,0.000056902,0.000011863,0.000000,7,-0.000003427,-0.000342719,-0.000244800,-0.000244800,0.000000000,manual_A_near_upright
pid,BALANCE,63.747,0.000743,-0.033639,-0.000309,0.784800000,0.000050737,0.000012966,0.000000,7,-0.000003091,-0.000309054,-0.000220753,-0.000220753,0.000000000,manual_A_near_upright
pid,BALANCE,63.768,0.000793,-0.033713,-0.000285,0.784800000,0.000044678,0.000013846,0.000000,7,-0.000002849,-0.000284874,-0.000203481,-0.000203481,0.000000000,manual_A_near_upright
pid,BALANCE,63.789,0.000839,-0.033783,-0.000260,0.784800000,0.000037997,0.000014643,0.000000,7,-0.000002601,-0.000260109,-0.000185792,-0.000185792,0.000000000,manual_A_near_upright
pid,BALANCE,63.810,0.000877,-0.033843,-0.000240,0.784800000,0.000030990,0.000015302,0.000000,7,-0.000002400,-0.000240022,-0.000171444,-0.000171444,0.000000000,manual_A_near_upright
pid,BALANCE,63.831,0.000907,-0.033895,-0.000225,0.784800000,0.000023351,0.000015839,0.000000,7,-0.000002246,-0.000224607,-0.000160433,-0.000160433,0.000000000,manual_A_near_upright
pid,BALANCE,63.851,0.000927,-0.033934,-0.000215,0.784800000,0.000016261,0.000016183,0.000000,7,-0.000002154,-0.000215387,-0.000153848,-0.000153848,0.000000000,manual_A_near_upright
pid,BALANCE,63.872,0.000940,-0.033964,-0.000209,0.784800000,0.000008725,0.000016399,0.000000,7,-0.000002089,-0.000208943,-0.000149245,-0.000149245,0.000000000,manual_A_near_upright
pid,BALANCE,63.893,0.000943,-0.033984,-0.000208,0.784800000,0.000000765,0.000016463,0.000000,7,-0.000002079,-0.000207940,-0.000148528,-0.000148528,0.000000000,manual_A_near_upright
pid,BALANCE,63.913,0.000938,-0.033993,-0.000211,0.784800000,-0.000006388,0.000016377,0.000000,7,-0.000002109,-0.000210889,-0.000150635,-0.000150635,0.000000000,manual_A_near_upright
pid,BALANCE,63.934,0.000929,-0.033993,0.000159,0.784800000,-0.000005960,0.000016215,0.000000,7,0.000001586,0.000158581,0.000113272,0.000113272,0.000000000,manual_A_near_upright
pid,BALANCE,63.955,0.000932,-0.033993,0.001093,0.784800000,0.000005685,0.000016263,0.000000,7,0.000010929,0.001092886,0.000780633,0.000780633,0.000000000,manual_A_near_upright
pid,BALANCE,63.976,0.000939,-0.033989,0.001388,0.784800000,0.000002629,0.000016392,0.000000,7,0.000013878,0.001387769,0.000991263,0.000991263,0.000000000,manual_A_near_upright
pid,BALANCE,63.996,0.000931,-0.033971,0.001126,0.784800000,-0.000010958,0.000016241,0.000000,7,0.000011263,0.001126284,0.000804489,0.000804489,0.000000000,manual_A_near_upright
pid,BALANCE,64.017,0.000911,-0.033940,0.001205,0.784800000,-0.000017787,0.000015901,0.000000,7,0.000012050,0.001204975,0.000860697,0.000860697,0.000000000,manual_A_near_upright
pid,BALANCE,64.038,0.000884,-0.033901,0.001198,0.784800000,-0.000025747,0.000015436,0.000000,7,0.000011976,0.001197631,0.000855451,0.000855451,0.000000000,manual_A_near_upright
pid,BALANCE,64.059,0.000848,-0.033850,0.001151,0.784800000,-0.000034056,0.000014797,0.000000,7,0.000011513,0.001151341,0.000822387,0.000822387,0.000000000,manual_A_near_upright
pid,BALANCE,64.079,0.000805,-0.033793,0.001141,0.784800000,-0.000040774,0.000014056,0.000000,7,0.000011408,0.001140849,0.000814892,0.000814892,0.000000000,manual_A_near_upright
pid,BALANCE,64.099,0.000753,-0.033724,0.001111,0.784800000,-0.000047710,0.000013139,0.000000,7,0.000011106,0.001110561,0.000793258,0.000793258,0.000000000,manual_A_near_upright
pid,BALANCE,64.120,0.000693,-0.033646,0.001074,0.784800000,-0.000054158,0.000012090,0.000000,7,0.000010739,0.001073931,0.000767093,0.000767093,0.000000000,manual_A_near_upright
pid,BALANCE,64.141,0.000626,-0.033560,0.001039,0.784800000,-0.000059910,0.000010922,0.000000,7,0.000010388,0.001038828,0.000742020,0.000742020,0.000000000,manual_A_near_upright
pid,BALANCE,64.161,0.000553,-0.033466,0.000999,0.784800000,-0.000065057,0.000009649,0.000000,7,0.000009991,0.000999052,0.000713609,0.000713609,0.000000000,manual_A_near_upright
pid,BALANCE,64.182,0.000470,-0.033361,0.000954,0.784800000,-0.000069740,0.000008211,0.000000,7,0.000009536,0.000953622,0.000681159,0.000681159,0.000000000,manual_A_near_upright
pid,BALANCE,64.202,0.000392,-0.033260,0.000915,0.784800000,-0.000073212,0.000006836,0.000000,7,0.000009145,0.000914529,0.000653235,0.000653235,0.000000000,manual_A_near_upright
pid,BALANCE,64.223,0.000305,-0.033149,0.000865,0.784800000,-0.000076281,0.000005326,0.000000,7,0.000008649,0.000864875,0.000617768,0.000617768,0.000000000,manual_A_near_upright
pid,BALANCE,64.243,0.000216,-0.033034,0.000816,0.784800000,-0.000078531,0.000003766,0.000000,7,0.000008161,0.000816098,0.000582927,0.000582927,0.000000000,manual_A_near_upright
pid,BALANCE,64.264,0.000125,-0.032917,0.000769,0.784800000,-0.000079954,0.000002173,0.000000,7,0.000007687,0.000768655,0.000549039,0.000549039,0.000000000,manual_A_near_upright
pid,BALANCE,64.285,0.000028,-0.032792,0.000716,0.784800000,-0.000080653,0.000000482,0.000000,7,0.000007159,0.000715897,0.000511355,0.000511355,0.000000000,manual_A_near_upright
pid,BALANCE,64.306,-0.000060,-0.032678,0.000672,0.784800000,-0.000080469,-0.000001049,0.000000,7,0.000006716,0.000671613,0.000479723,0.000479723,0.000000000,manual_A_near_upright
pid,BALANCE,64.327,-0.000152,-0.032559,0.000620,0.784800000,-0.000079626,-0.000002647,0.000000,7,0.000006203,0.000620342,0.000443101,0.000443101,0.000000000,manual_A_near_upright
pid,BALANCE,64.348,-0.000242,-0.032441,0.000573,0.784800000,-0.000077956,-0.000004217,0.000000,7,0.000005730,0.000572984,0.000409274,0.000409274,0.000000000,manual_A_near_upright
pid,BALANCE,64.368,-0.000329,-0.032325,0.000527,0.784800000,-0.000075543,-0.000005742,0.000000,7,0.000005272,0.000527226,0.000376590,0.000376590,0.000000000,manual_A_near_upright
pid,BALANCE,64.388,-0.000413,-0.032213,0.000484,0.784800000,-0.000072398,-0.000007209,0.000000,7,0.000004844,0.000484396,0.000345997,0.000345997,0.000000000,manual_A_near_upright
pid,BALANCE,64.409,-0.000493,-0.032105,0.000443,0.784800000,-0.000068592,-0.000008603,0.000000,7,0.000004432,0.000443216,0.000316583,0.000316583,0.000000000,manual_A_near_upright
pid,BALANCE,64.430,-0.000568,-0.032003,0.000402,0.784800000,-0.000064216,-0.000009913,0.000000,7,0.000004016,0.000401562,0.000286830,0.000286830,0.000000000,manual_A_near_upright
pid,BALANCE,64.452,-0.000637,-0.031906,0.000366,0.784800000,-0.000059200,-0.000011125,0.000000,7,0.000003656,0.000365557,0.000261112,0.000261112,0.000000000,manual_A_near_upright
pid,BALANCE,64.473,-0.000701,-0.031817,0.000331,0.784800000,-0.000053697,-0.000012230,0.000000,7,0.000003306,0.000330603,0.000236145,0.000236145,0.000000000,manual_A_near_upright
pid,BALANCE,64.494,-0.000757,-0.031735,0.000302,0.784800000,-0.000047656,-0.000013217,0.000000,7,0.000003022,0.000302210,0.000215864,0.000215864,0.000000000,manual_A_near_upright
pid,BALANCE,64.514,-0.000807,-0.031662,0.000278,0.784800000,-0.000041202,-0.000014078,0.000000,7,0.000002777,0.000277702,0.000198359,0.000198359,0.000000000,manual_A_near_upright
pid,BALANCE,64.535,-0.000848,-0.031597,0.000256,0.784800000,-0.000034431,-0.000014804,0.000000,7,0.000002659,0.000265875,0.000189910,0.000189910,0.000000000,manual_A_near_upright
pid,BALANCE,64.556,-0.000882,-0.031542,0.000238,0.784800000,-0.000027390,-0.000015391,0.000000,7,0.000002375,0.000237522,0.000169659,0.000169659,0.000000000,manual_A_near_upright
pid,BALANCE,64.577,-0.000907,-0.031497,0.000225,0.784800000,-0.000020107,-0.000015834,0.000000,7,0.000002250,0.000225046,0.000160747,0.000160747,0.000000000,manual_A_near_upright
pid,BALANCE,64.598,-0.000924,-0.031461,0.000217,0.784800000,-0.000012677,-0.000016128,0.000000,7,0.000002173,0.000217342,0.000155244,0.000155244,0.000000000,manual_A_near_upright
pid,BALANCE,64.619,-0.000932,-0.031436,0.000213,0.784800000,-0.000005193,-0.000016273,0.000000,7,0.000002134,0.000213441,0.000152458,0.000152458,0.000000000,manual_A_near_upright
pid,BALANCE,64.639,-0.000932,-0.031421,0.000214,0.784800000,0.000002282,-0.000016269,0.000000,7,0.000002138,0.000213798,0.000152077,0.000152077,0.000000000,manual_A_near_upright
pid,BALANCE,64.660,-0.000923,-0.031417,0.000197,0.784800000,0.000009574,-0.000016107,0.000000,7,0.000001965,0.000196515,0.000140368,0.000140368,0.000000000,manual_A_near_upright
pid,BALANCE,64.681,-0.000919,-0.031417,-0.000603,0.784800000,0.000000240,-0.000016036,0.000000,7,-0.000006031,-0.000603112,-0.000430795,-0.000430795,0.000000000,manual_A_near_upright
pid,BALANCE,64.702,-0.000926,-0.031418,-0.001367,0.784800000,-0.000007440,-0.000016169,0.000000,7,-0.000013672,-0.001367161,-0.000976543,-0.000976543,0.000000000,manual_A_near_upright
pid,BALANCE,64.723,-0.000926,-0.031428,-0.001222,0.784800000,0.000004280,-0.000016167,0.000000,7,-0.000012225,-0.001222455,-0.000873182,-0.000873182,0.000000000,manual_A_near_upright
pid,BALANCE,64.743,-0.000914,-0.031450,-0.001154,0.784800000,0.000013515,-0.000015944,0.000000,7,-0.000011544,-0.001154376,-0.000824554,-0.000824554,0.000000000,manual_A_near_upright
pid,BALANCE,64.764,-0.000891,-0.031485,-0.001211,0.784800000,0.000020634,-0.000015557,0.000000,7,-0.000012114,-0.001211414,-0.000865296,-0.000865296,0.000000000,manual_A_near_upright
pid,BALANCE,64.785,-0.000861,-0.031529,-0.001164,0.784800000,0.000029173,-0.000015021,0.000000,7,-0.000011642,-0.001164165,-0.000831546,-0.000831546,0.000000000,manual_A_near_upright
pid,BALANCE,64.805,-0.000823,-0.031580,-0.001146,0.784800000,0.000036273,-0.000014365,0.000000,7,-0.000011458,-0.001145846,-0.000818461,-0.000818461,0.000000000,manual_A_near_upright
pid,BALANCE,64.826,-0.000776,-0.031644,-0.001125,0.784800000,0.000043276,-0.000013538,0.000000,7,-0.000011251,-0.001125139,-0.000803671,-0.000803671,0.000000000,manual_A_near_upright
pid,BALANCE,64.847,-0.000720,-0.031716,-0.001090,0.784800000,0.000049999,-0.000012574,0.000000,7,-0.000010901,-0.001090066,-0.000778619,-0.000778619,0.000000000,manual_A_near_upright
pid,BALANCE,64.868,-0.000655,-0.031801,-0.001055,0.784800000,0.000056340,-0.000011428,0.000000,7,-0.000010550,-0.001055013,-0.000753580,-0.000753580,0.000000000,manual_A_near_upright
pid,BALANCE,64.888,-0.000589,-0.031886,-0.001021,0.784800000,0.000061482,-0.000010284,0.000000,7,-0.000010212,-0.001021218,-0.000729441,-0.000729441,0.000000000,manual_A_near_upright
pid,BALANCE,64.909,-0.000515,-0.031982,-0.000978,0.784800000,0.000066350,-0.000008983,0.000000,7,-0.000009784,-0.000978402,-0.000711981,-0.000711981,0.000000000,manual_A_near_upright
pid,BALANCE,64.931,-0.000431,-0.032089,-0.000933,0.784800000,0.000070664,-0.000007523,0.000000,7,-0.000009333,-0.000933294,-0.000666638,-0.000666638,0.000000000,manual_A_near_upright
pid,BALANCE,64.951,-0.000347,-0.032196,-0.000889,0.784800000,0.000074016,-0.000006060,0.000000,7,-0.000008889,-0.000888947,-0.000634962,-0.000634962,0.000000000,manual_A_near_upright
pid,BALANCE,64.972,-0.000265,-0.032302,-0.000845,0.784800000,0.000076520,-0.000004618,0.000000,7,-0.000008447,-0.000844746,-0.000603390,-0.000603390,0.000000000,manual_A_near_upright
pid,BALANCE,64.993,-0.000175,-0.032417,-0.000795,0.784800000,0.000078457,-0.000003058,0.000000,7,-0.000007946,-0.000794638,-0.000567599,-0.000567599,0.000000000,manual_A_near_upright
pid,BALANCE,65.014,-0.000084,-0.032534,-0.000748,0.784800000,0.000079527,-0.000001471,0.000000,7,-0.000007481,-0.000748063,-0.000534331,-0.000534331,0.000000000,manual_A_near_upright
pid,BALANCE,65.035,0.000007,-0.032653,-0.000700,0.784800000,0.000079845,0.000000125,0.000000,7,-0.000007000,-0.000699997,-0.000499998,-0.000499998,0.000000000,manual_A_near_upright
pid,BALANCE,65.055,0.000098,-0.032771,-0.000650,0.784800000,0.000079422,0.000001717,0.000000,7,-0.000006503,-0.000650269,-0.000464478,-0.000464478,0.000000000,manual_A_near_upright
pid,BALANCE,65.076,0.000188,-0.032889,-0.000602,0.784800000,0.000078226,0.000003290,0.000000,7,-0.000006016,-0.000601583,-0.000429702,-0.000429702,0.000000000,manual_A_near_upright
pid,BALANCE,65.097,0.000281,-0.033011,-0.000552,0.784800000,0.000076165,0.000004903,0.000000,7,-0.000005517,-0.000551724,-0.000394089,-0.000394089,0.000000000,manual_A_near_upright
pid,BALANCE,65.117,0.000362,-0.033118,-0.000513,0.784800000,0.000073520,0.000006314,0.000000,7,-0.000005127,-0.000512697,-0.000379166,-0.000379166,0.000000000,manual_A_near_upright
pid,BALANCE,65.138,0.000443,-0.033228,-0.000466,0.784800000,0.000070217,0.000007738,0.000000,7,-0.000004664,-0.000466388,-0.000333134,-0.000333134,0.000000000,manual_A_near_upright
pid,BALANCE,65.159,0.000521,-0.033333,-0.000425,0.784800000,0.000066205,0.000009085,0.000000,7,-0.000004250,-0.000425042,-0.000303601,-0.000303601,0.000000000,manual_A_near_upright
pid,BALANCE,65.180,0.000593,-0.033432,-0.000389,0.784800000,0.000061541,0.000010343,0.000000,7,-0.000003886,-0.000388635,-0.000277597,-0.000277597,0.000000000,manual_A_near_upright
pid,BALANCE,65.202,0.000659,-0.033524,-0.000353,0.784800000,0.000056364,0.000011500,0.000000,7,-0.000003532,-0.000353165,-0.000252260,-0.000252260,0.000000000,manual_A_near_upright
pid,BALANCE,65.234,0.000746,-0.033649,-0.000308,0.784800000,0.000047640,0.000013024,0.000000,7,-0.000003080,-0.000307987,-0.000219991,-0.000219991,0.000000000,manual_A_near_upright
pid,BALANCE,65.255,0.000796,-0.033723,-0.000283,0.784800000,0.000041293,0.000013885,0.000000,7,-0.000002826,-0.000282550,-0.000201822,-0.000201822,0.000000000,manual_A_near_upright
pid,BALANCE,65.277,0.000837,-0.033788,-0.000260,0.784800000,0.000034624,0.000014615,0.000000,7,-0.000002598,-0.000259835,-0.000192499,-0.000192499,0.000000000,manual_A_near_upright
pid,BALANCE,65.298,0.000871,-0.033843,-0.000245,0.784800000,0.000027603,0.000015206,0.000000,7,-0.000002447,-0.000244654,-0.000174753,-0.000174753,0.000000000,manual_A_near_upright
pid,BALANCE,65.318,0.000897,-0.033889,-0.000231,0.784800000,0.000020420,0.000015654,0.000000,7,-0.000002314,-0.000231402,-0.000165287,-0.000165287,0.000000000,manual_A_near_upright
pid,BALANCE,65.339,0.000914,-0.033925,-0.000222,0.784800000,0.000013110,0.000015957,0.000000,7,-0.000002216,-0.000221588,-0.000158277,-0.000158277,0.000000000,manual_A_near_upright
pid,BALANCE,65.360,0.000923,-0.033950,-0.000218,0.784800000,0.000005685,0.000016111,0.000000,7,-0.000002183,-0.000218318,-0.000155942,-0.000155942,0.000000000,manual_A_near_upright
pid,BALANCE,65.381,0.000923,-0.033966,-0.000218,0.784800000,-0.000001721,0.000016118,0.000000,7,-0.000002185,-0.000218463,-0.000156045,-0.000156045,0.000000000,manual_A_near_upright
pid,BALANCE,65.402,0.000915,-0.033971,-0.000223,0.784800000,-0.000009068,0.000015977,0.000000,7,-0.000002234,-0.000223420,-0.000159586,-0.000159586,0.000000000,manual_A_near_upright
pid,BALANCE,65.422,0.000910,-0.033971,0.000471,0.784800000,-0.000001781,0.000015875,0.000000,7,0.000004711,0.000471102,0.000336501,0.000336501,0.000000000,manual_A_near_upright
pid,BALANCE,65.443,0.000916,-0.033971,0.001316,0.784800000,0.000007799,0.000015992,0.000000,7,0.000013159,0.001315915,0.000939940,0.000939940,0.000000000,manual_A_near_upright
pid,BALANCE,65.464,0.000920,-0.033962,0.001291,0.784800000,-0.000001419,0.000016050,0.000000,7,0.000012906,0.001290642,0.000921887,0.000921887,0.000000000,manual_A_near_upright
pid,BALANCE,65.484,0.000907,-0.033940,0.001109,0.784800000,-0.000013432,0.000015829,0.000000,7,0.000011090,0.001109034,0.000792167,0.000792167,0.000000000,manual_A_near_upright
pid,BALANCE,65.505,0.000887,-0.033909,0.001213,0.784800000,-0.000019114,0.000015479,0.000000,7,0.000012129,0.001212924,0.000866375,0.000866375,0.000000000,manual_A_near_upright
pid,BALANCE,65.526,0.000858,-0.033867,0.001174,0.784800000,-0.000027505,0.000014979,0.000000,7,0.000011736,0.001173569,0.000838264,0.000838264,0.000000000,manual_A_near_upright
pid,BALANCE,65.546,0.000820,-0.033814,0.001137,0.784800000,-0.000035344,0.000014312,0.000000,7,0.000011370,0.001136975,0.000812125,0.000812125,0.000000000,manual_A_near_upright
pid,BALANCE,65.567,0.000774,-0.033753,0.001125,0.784800000,-0.000042149,0.000013506,0.000000,7,0.000011254,0.001125450,0.000803893,0.000803893,0.000000000,manual_A_near_upright
pid,BALANCE,65.588,0.000720,-0.033682,0.001091,0.784800000,-0.000048865,0.000012565,0.000000,7,0.000010914,0.001091368,0.000779549,0.000779549,0.000000000,manual_A_near_upright
pid,BALANCE,65.608,0.000659,-0.033602,0.001057,0.784800000,-0.000054958,0.000011498,0.000000,7,0.000010572,0.001057225,0.000755160,0.000755160,0.000000000,manual_A_near_upright
pid,BALANCE,65.629,0.000591,-0.033515,0.001021,0.784800000,-0.000060435,0.000010319,0.000000,7,0.000010208,0.001020824,0.000729160,0.000729160,0.000000000,manual_A_near_upright
pid,BALANCE,65.650,0.000514,-0.033416,0.000979,0.784800000,-0.000065512,0.000008972,0.000000,7,0.000009785,0.000978544,0.000698960,0.000698960,0.000000000,manual_A_near_upright
pid,BALANCE,65.672,0.000436,-0.033315,0.000937,0.784800000,-0.000069618,0.000007601,0.000000,7,0.000009373,0.000937315,0.000669511,0.000669511,0.000000000,manual_A_near_upright
pid,BALANCE,65.702,0.000314,-0.033159,0.000870,0.784800000,-0.000074376,0.000005488,0.000000,7,0.000008700,0.000869958,0.000621399,0.000621399,0.000000000,manual_A_near_upright
pid,BALANCE,65.723,0.000227,-0.033047,0.000824,0.784800000,-0.000076686,0.000003966,0.000000,7,0.000008243,0.000824261,0.000588758,0.000588758,0.000000000,manual_A_near_upright
pid,BALANCE,65.744,0.000138,-0.032932,0.000776,0.784800000,-0.000078260,0.000002408,0.000000,7,0.000007763,0.000776301,0.000554501,0.000554501,0.000000000,manual_A_near_upright
pid,BALANCE,65.765,0.000048,-0.032815,0.000728,0.784800000,-0.000079064,0.000000829,0.000000,7,0.000007276,0.000727575,0.000519697,0.000519697,0.000000000,manual_A_near_upright
pid,BALANCE,65.787,-0.000043,-0.032698,0.000680,0.784800000,-0.000079079,-0.000000753,0.000000,7,0.000006798,0.000679760,0.000485543,0.000485543,0.000000000,manual_A_near_upright
pid,BALANCE,65.808,-0.000138,-0.032574,0.000626,0.784800000,-0.000078349,-0.000002405,0.000000,7,0.000006261,0.000626140,0.000447243,0.000447243,0.000000000,manual_A_near_upright
pid,BALANCE,65.828,-0.000222,-0.032464,0.000586,0.784800000,-0.000076816,-0.000003873,0.000000,7,0.000005860,0.000586042,0.000418601,0.000418601,0.000000000,manual_A_near_upright
pid,BALANCE,65.849,-0.000308,-0.032350,0.000538,0.784800000,-0.000074641,-0.000005379,0.000000,7,0.000005380,0.000538015,0.000384297,0.000384297,0.000000000,manual_A_near_upright
pid,BALANCE,65.870,-0.000395,-0.032233,0.000491,0.784800000,-0.000071561,-0.000006902,0.000000,7,0.000004912,0.000491223,0.000350874,0.000350874,0.000000000,manual_A_near_upright
pid,BALANCE,65.890,-0.000471,-0.032132,0.000455,0.784800000,-0.000068045,-0.000008213,0.000000,7,0.000004554,0.000455381,0.000325272,0.000325272,0.000000000,manual_A_near_upright
pid,BALANCE,65.911,-0.000549,-0.032025,0.000411,0.784800000,-0.000063668,-0.000009578,0.000000,7,0.000004106,0.000410616,0.000293297,0.000293297,0.000000000,manual_A_near_upright
pid,BALANCE,65.931,-0.000614,-0.031934,0.000378,0.784800000,-0.000059048,-0.000010724,0.000000,7,0.000003777,0.000377662,0.000269759,0.000269759,0.000000000,manual_A_near_upright
pid,BALANCE,65.951,-0.000678,-0.031845,0.000345,0.784800000,-0.000053689,-0.000011828,0.000000,7,0.000003452,0.000345199,0.000246571,0.000246571,0.000000000,manual_A_near_upright
pid,BALANCE,65.972,-0.000734,-0.031764,0.000316,0.784800000,-0.000047859,-0.000012818,0.000000,7,0.000003159,0.000315924,0.000225660,0.000225660,0.000000000,manual_A_near_upright
pid,BALANCE,65.993,-0.000784,-0.031690,0.000290,0.784800000,-0.000041630,-0.000013685,0.000000,7,0.000002895,0.000289536,0.000206811,0.000206811,0.000000000,manual_A_near_upright
pid,BALANCE,66.013,-0.000826,-0.031625,0.000268,0.784800000,-0.000035034,-0.000014423,0.000000,7,0.000002677,0.000267663,0.000191188,0.000191188,0.000000000,manual_A_near_upright
pid,BALANCE,66.033,-0.000861,-0.031569,0.000250,0.784800000,-0.000028151,-0.000015024,0.000000,7,0.000002498,0.000249840,0.000178457,0.000178457,0.000000000,manual_A_near_upright
pid,BALANCE,66.054,-0.000887,-0.031522,0.000236,0.784800000,-0.000021047,-0.000015485,0.000000,7,0.000002363,0.000236258,0.000168755,0.000168755,0.000000000,manual_A_near_upright
pid,BALANCE,66.075,-0.000905,-0.031486,0.000227,0.784800000,-0.000013790,-0.000015800,0.000000,7,0.000002271,0.000227128,0.000162235,0.000162235,0.000000000,manual_A_near_upright
pid,BALANCE,66.096,-0.000915,-0.031459,0.000222,0.784800000,-0.000006451,-0.000015970,0.000000,7,0.000002224,0.000222440,0.000158886,0.000158886,0.000000000,manual_A_near_upright
pid,BALANCE,66.117,-0.000916,-0.031442,0.000222,0.784800000,0.000000898,-0.000015992,0.000000,7,0.000002222,0.000222196,0.000158711,0.000158711,0.000000000,manual_A_near_upright
pid,BALANCE,66.138,-0.000909,-0.031436,0.000227,0.784800000,0.000008557,-0.000015858,0.000000,7,0.000002271,0.000227052,0.000162180,0.000162180,0.000000000,manual_A_near_upright
pid,BALANCE,66.159,-0.000902,-0.031436,-0.000406,0.784800000,0.000002479,-0.000015744,0.000000,7,-0.000004056,-0.000405568,-0.000289691,-0.000289691,0.000000000,manual_A_near_upright
pid,BALANCE,66.180,-0.000908,-0.031436,-0.001225,0.784800000,-0.000007126,-0.000015840,0.000000,7,-0.000012254,-0.001225359,-0.000875256,-0.000875256,0.000000000,manual_A_near_upright
pid,BALANCE,66.201,-0.000912,-0.031443,-0.001323,0.784800000,-0.000000563,-0.000015926,0.000000,7,-0.000013230,-0.001322989,-0.000944992,-0.000944992,0.000000000,manual_A_near_upright
pid,BALANCE,66.222,-0.000901,-0.031465,-0.001115,0.784800000,0.000012413,-0.000015725,0.000000,7,-0.000011152,-0.001115175,-0.000796553,-0.000796553,0.000000000,manual_A_near_upright
pid,BALANCE,66.252,-0.000871,-0.031512,-0.001204,0.784800000,0.000021836,-0.000015196,0.000000,7,-0.000012041,-0.001204086,-0.000860062,-0.000860062,0.000000000,manual_A_near_upright
pid,BALANCE,66.273,-0.000838,-0.031558,-0.001148,0.784800000,0.000030341,-0.000014634,0.000000,7,-0.000011484,-0.001148408,-0.000820291,-0.000820291,0.000000000,manual_A_near_upright
pid,BALANCE,66.294,-0.000798,-0.031613,-0.001136,0.784800000,0.000037451,-0.000013923,0.000000,7,-0.000011357,-0.001135687,-0.000811205,-0.000811205,0.000000000,manual_A_near_upright
pid,BALANCE,66.315,-0.000749,-0.031678,-0.001110,0.784800000,0.000044308,-0.000013074,0.000000,7,-0.000011105,-0.001110483,-0.000793202,-0.000793202,0.000000000,manual_A_near_upright
pid,BALANCE,66.336,-0.000693,-0.031752,-0.001075,0.784800000,0.000050797,-0.000012093,0.000000,7,-0.000010748,-0.001074813,-0.000767724,-0.000767724,0.000000000,manual_A_near_upright
pid,BALANCE,66.356,-0.000630,-0.031834,-0.001042,0.784800000,0.000056586,-0.000010992,0.000000,7,-0.000010422,-0.001042231,-0.000744451,-0.000744451,0.000000000,manual_A_near_upright
pid,BALANCE,66.378,-0.000557,-0.031928,-0.001001,0.784800000,0.000062084,-0.000009720,0.000000,7,-0.000010010,-0.001001034,-0.000715024,-0.000715024,0.000000000,manual_A_near_upright
pid,BALANCE,66.398,-0.000486,-0.032019,-0.000964,0.784800000,0.000066371,-0.000008479,0.000000,7,-0.000009645,-0.000964473,-0.000688909,-0.000688909,0.000000000,manual_A_near_upright
pid,BALANCE,66.419,-0.000406,-0.032121,-0.000920,0.784800000,0.000070298,-0.000007094,0.000000,7,-0.000009196,-0.000919552,-0.000656823,-0.000656823,0.000000000,manual_A_near_upright
pid,BALANCE,66.440,-0.000323,-0.032228,-0.000877,0.784800000,0.000073417,-0.000005641,0.000000,7,-0.000008769,-0.000876867,-0.000626333,-0.000626333,0.000000000,manual_A_near_upright
pid,BALANCE,66.461,-0.000237,-0.032339,-0.000829,0.784800000,0.000075879,-0.000004136,0.000000,7,-0.000008288,-0.000828750,-0.000591964,-0.000591964,0.000000000,manual_A_near_upright
pid,BALANCE,66.482,-0.000149,-0.032453,-0.000781,0.784800000,0.000077557,-0.000002592,0.000000,7,-0.000007807,-0.000780689,-0.000557635,-0.000557635,0.000000000,manual_A_near_upright
pid,BALANCE,66.503,-0.000059,-0.032569,-0.000735,0.784800000,0.000078407,-0.000001028,0.000000,7,-0.000007351,-0.000735117,-0.000525084,-0.000525084,0.000000000,manual_A_near_upright
pid,BALANCE,66.523,0.000031,-0.032686,-0.000684,0.784800000,0.000078595,0.000000545,0.000000,7,-0.000006842,-0.000684210,-0.000488721,-0.000488721,0.000000000,manual_A_near_upright
pid,BALANCE,66.545,0.000121,-0.032803,-0.000639,0.784800000,0.000077904,0.000002107,0.000000,7,-0.000006391,-0.000639072,-0.000456480,-0.000456480,0.000000000,manual_A_near_upright
pid,BALANCE,66.565,0.000209,-0.032918,-0.000591,0.784800000,0.000076539,0.000003647,0.000000,7,-0.000005912,-0.000591190,-0.000422278,-0.000422278,0.000000000,manual_A_near_upright
pid,BALANCE,66.586,0.000299,-0.033038,-0.000545,0.784800000,0.000074274,0.000005222,0.000000,7,-0.000005445,-0.000544530,-0.000388950,-0.000388950,0.000000000,manual_A_near_upright
pid,BALANCE,66.607,0.000378,-0.033143,-0.000503,0.784800000,0.000071580,0.000006596,0.000000,7,-0.000005029,-0.000502918,-0.000359227,-0.000359227,0.000000000,manual_A_near_upright
pid,BALANCE,66.628,0.000457,-0.033249,-0.000459,0.784800000,0.000068126,0.000007980,0.000000,7,-0.000004594,-0.000459407,-0.000328148,-0.000328148,0.000000000,manual_A_near_upright
pid,BALANCE,66.648,0.000535,-0.033356,-0.000420,0.784800000,0.000063750,0.000009346,0.000000,7,-0.000004199,-0.000419928,-0.000299949,-0.000299949,0.000000000,manual_A_near_upright
pid,BALANCE,66.669,0.000601,-0.033447,-0.000386,0.784800000,0.000059242,0.000010495,0.000000,7,-0.000003865,-0.000386455,-0.000276039,-0.000276039,0.000000000,manual_A_near_upright
pid,BALANCE,66.690,0.000665,-0.033537,-0.000349,0.784800000,0.000054083,0.000011606,0.000000,7,-0.000003492,-0.000349170,-0.000249407,-0.000249407,0.000000000,manual_A_near_upright
pid,BALANCE,66.711,0.000722,-0.033619,-0.000320,0.784800000,0.000048335,0.000012605,0.000000,7,-0.000003204,-0.000320369,-0.000228835,-0.000228835,0.000000000,manual_A_near_upright
pid,BALANCE,66.732,0.000773,-0.033693,-0.000295,0.784800000,0.000042176,0.000013483,0.000000,7,-0.000002948,-0.000294795,-0.000210568,-0.000210568,0.000000000,manual_A_near_upright
pid,BALANCE,66.753,0.000815,-0.033759,-0.000272,0.784800000,0.000035680,0.000014233,0.000000,7,-0.000002719,-0.000271950,-0.000194250,-0.000194250,0.000000000,manual_A_near_upright
pid,BALANCE,66.774,0.000851,-0.033816,-0.000254,0.784800000,0.000028868,0.000014848,0.000000,7,-0.000002542,-0.000254185,-0.000181561,-0.000181561,0.000000000,manual_A_near_upright
pid,BALANCE,66.795,0.000878,-0.033863,-0.000240,0.784800000,0.000021834,0.000015324,0.000000,7,-0.000002404,-0.000240411,-0.000171722,-0.000171722,0.000000000,manual_A_near_upright
pid,BALANCE,66.816,0.000897,-0.033901,-0.000231,0.784800000,0.000014642,0.000015657,0.000000,7,-0.000002309,-0.000230916,-0.000164940,-0.000164940,0.000000000,manual_A_near_upright
pid,BALANCE,66.838,0.000908,-0.033930,-0.000226,0.784800000,0.000006988,0.000015849,0.000000,7,-0.000002260,-0.000226021,-0.000161443,-0.000161443,0.000000000,manual_A_near_upright
pid,BALANCE,66.868,0.000908,-0.033952,-0.000227,0.784800000,-0.000003583,0.000015851,0.000000,7,-0.000002268,-0.000226757,-0.000161969,-0.000161969,0.000000000,manual_A_near_upright
pid,BALANCE,66.889,0.000899,-0.033955,-0.000151,0.784800000,-0.000009061,0.000015685,0.000000,7,-0.000001506,-0.000150633,-0.000107595,-0.000107595,0.000000000,manual_A_near_upright
pid,BALANCE,66.910,0.000896,-0.033955,0.000681,0.784800000,0.000001056,0.000015643,0.000000,7,0.000006813,0.000681263,0.000486616,0.000486616,0.000000000,manual_A_near_upright
pid,BALANCE,66.930,0.000905,-0.033954,0.001424,0.784800000,0.000008387,0.000015798,0.000000,7,0.000014244,0.001424397,0.001017426,0.001017426,0.000000000,manual_A_near_upright
pid,BALANCE,66.951,0.000905,-0.033943,0.001192,0.784800000,-0.000005035,0.000015791,0.000000,7,0.000011917,0.001191672,0.000851194,0.000851194,0.000000000,manual_A_near_upright
pid,BALANCE,66.972,0.000890,-0.033918,0.001125,0.784800000,-0.000014403,0.000015535,0.000000,7,0.000011252,0.001125225,0.000803732,0.000803732,0.000000000,manual_A_near_upright
pid,BALANCE,66.992,0.000869,-0.033885,0.001216,0.784800000,-0.000020226,0.000015169,0.000000,7,0.000012159,0.001215917,0.000868512,0.000868512,0.000000000,manual_A_near_upright
pid,BALANCE,67.013,0.000837,-0.033839,0.001143,0.784800000,-0.000029471,0.000014605,0.000000,7,0.000011434,0.001143413,0.000816724,0.000816724,0.000000000,manual_A_near_upright
pid,BALANCE,67.033,0.000797,-0.033784,0.001133,0.784800000,-0.000036536,0.000013911,0.000000,7,0.000011329,0.001132880,0.000809200,0.000809200,0.000000000,manual_A_near_upright
pid,BALANCE,67.054,0.000752,-0.033724,0.001115,0.784800000,-0.000042963,0.000013127,0.000000,7,0.000011145,0.001114531,0.000796094,0.000796094,0.000000000,manual_A_near_upright
pid,BALANCE,67.074,0.000697,-0.033652,0.001076,0.784800000,-0.000049577,0.000012171,0.000000,7,0.000010755,0.001075525,0.000768232,0.000768232,0.000000000,manual_A_near_upright
pid,BALANCE,67.096,0.000636,-0.033572,0.001045,0.784800000,-0.000055389,0.000011094,0.000000,7,0.000010449,0.001044892,0.000746351,0.000746351,0.000000000,manual_A_near_upright
pid,BALANCE,67.116,0.000568,-0.033484,0.001008,0.784800000,-0.000060668,0.000009908,0.000000,7,0.000010082,0.001008160,0.000720114,0.000720114,0.000000000,manual_A_near_upright
pid,BALANCE,67.137,0.000494,-0.033390,0.000970,0.784800000,-0.000065281,0.000008627,0.000000,7,0.000009698,0.000969847,0.000692748,0.000692748,0.000000000,manual_A_near_upright
pid,BALANCE,67.158,0.000416,-0.033289,0.000926,0.784800000,-0.000069271,0.000007262,0.000000,7,0.000009264,0.000926389,0.000661706,0.000661706,0.000000000,manual_A_near_upright
pid,BALANCE,67.179,0.000334,-0.033183,0.000882,0.784800000,-0.000072536,0.000005828,0.000000,7,0.000008817,0.000881738,0.000629813,0.000629813,0.000000000,manual_A_near_upright
pid,BALANCE,67.200,0.000249,-0.033074,0.000835,0.784800000,-0.000075067,0.000004340,0.000000,7,0.000008355,0.000835468,0.000596763,0.000596763,0.000000000,manual_A_near_upright
pid,BALANCE,67.221,0.000161,-0.032961,0.000787,0.784800000,-0.000076859,0.000002811,0.000000,7,0.000007874,0.000787387,0.000562420,0.000562420,0.000000000,manual_A_near_upright
pid,BALANCE,67.242,0.000072,-0.032846,0.000741,0.784800000,-0.000077850,0.000001258,0.000000,7,0.000007406,0.000740586,0.000528990,0.000528990,0.000000000,manual_A_near_upright
pid,BALANCE,67.263,-0.000017,-0.032730,0.000693,0.784800000,-0.000078098,-0.000000304,0.000000,7,0.000006926,0.000692642,0.000494744,0.000494744,0.000000000,manual_A_near_upright
pid,BALANCE,67.284,-0.000107,-0.032614,0.000645,0.784800000,-0.000077587,-0.000001860,0.000000,7,0.000006451,0.000645147,0.000460819,0.000460819,0.000000000,manual_A_near_upright
pid,BALANCE,67.304,-0.000194,-0.032498,0.000598,0.784800000,-0.000076325,-0.000003395,0.000000,7,0.000005985,0.000598496,0.000427497,0.000427497,0.000000000,manual_A_near_upright
pid,BALANCE,67.325,-0.000280,-0.032385,0.000555,0.784800000,-0.000074295,-0.000004893,0.000000,7,0.000005550,0.000554958,0.000396399,0.000396399,0.000000000,manual_A_near_upright
pid,BALANCE,67.346,-0.000363,-0.032274,0.000512,0.784800000,-0.000071587,-0.000006341,0.000000,7,0.000005120,0.000511966,0.000365690,0.000365690,0.000000000,manual_A_near_upright
pid,BALANCE,67.366,-0.000443,-0.032168,0.000468,0.784800000,-0.000068271,-0.000007726,0.000000,7,0.000004678,0.000467826,0.000334162,0.000334162,0.000000000,manual_A_near_upright
pid,BALANCE,67.388,-0.000518,-0.032066,0.000428,0.784800000,-0.000064290,-0.000009035,0.000000,7,0.000004275,0.000427531,0.000305379,0.000305379,0.000000000,manual_A_near_upright
pid,BALANCE,67.409,-0.000588,-0.031969,0.000391,0.784800000,-0.000059701,-0.000010255,0.000000,7,0.000003908,0.000390850,0.000279178,0.000279178,0.000000000,manual_A_near_upright
pid,BALANCE,67.429,-0.000652,-0.031879,0.000357,0.784800000,-0.000054567,-0.000011376,0.000000,7,0.000003574,0.000357441,0.000255315,0.000255315,0.000000000,manual_A_near_upright
pid,BALANCE,67.451,-0.000710,-0.031796,0.000327,0.784800000,-0.000048952,-0.000012386,0.000000,7,0.000003271,0.000327057,0.000233612,0.000233612,0.000000000,manual_A_near_upright
pid,BALANCE,67.471,-0.000761,-0.031721,0.000301,0.784800000,-0.000042903,-0.000013278,0.000000,7,0.000003133,0.000313325,0.000223804,0.000223804,0.000000000,manual_A_near_upright
pid,BALANCE,67.492,-0.000805,-0.031654,0.000279,0.784800000,-0.000036463,-0.000014044,0.000000,7,0.000002789,0.000278948,0.000199249,0.000199249,0.000000000,manual_A_near_upright
pid,BALANCE,67.513,-0.000841,-0.031596,0.000259,0.784800000,-0.000029767,-0.000014676,0.000000,7,0.000002592,0.000259160,0.000185114,0.000185114,0.000000000,manual_A_near_upright
pid,BALANCE,67.534,-0.000869,-0.031547,0.000245,0.784800000,-0.000022809,-0.000015171,0.000000,7,0.000002447,0.000244661,0.000174758,0.000174758,0.000000000,manual_A_near_upright
pid,BALANCE,67.555,-0.000889,-0.031508,0.000235,0.784800000,-0.000015669,-0.000015524,0.000000,7,0.000002351,0.000235115,0.000167939,0.000167939,0.000000000,manual_A_near_upright
pid,BALANCE,67.575,-0.000901,-0.031479,0.000229,0.784800000,-0.000008445,-0.000015733,0.000000,7,0.000002291,0.000229138,0.000163670,0.000163670,0.000000000,manual_A_near_upright
pid,BALANCE,67.596,-0.000905,-0.031460,0.000228,0.784800000,-0.000001180,-0.000015797,0.000000,7,0.000002281,0.000228074,0.000162910,0.000162910,0.000000000,manual_A_near_upright
pid,BALANCE,67.617,-0.000900,-0.031451,0.000231,0.784800000,0.000006038,-0.000015715,0.000000,7,0.000002309,0.000230917,0.000164941,0.000164941,0.000000000,manual_A_near_upright
pid,BALANCE,67.638,-0.000891,-0.031450,-0.000096,0.784800000,0.000006191,-0.000015554,0.000000,7,-0.000000960,-0.000095975,-0.000068553,-0.000068553,0.000000000,manual_A_near_upright
pid,BALANCE,67.659,-0.000893,-0.031450,-0.000988,0.784800000,-0.000004940,-0.000015590,0.000000,7,-0.000009882,-0.000988172,-0.000705837,-0.000705837,0.000000000,manual_A_near_upright
pid,BALANCE,67.680,-0.000901,-0.031453,-0.001402,0.784800000,-0.000005178,-0.000015734,0.000000,7,-0.000014017,-0.001401710,-0.001001221,-0.001001221,0.000000000,manual_A_near_upright
pid,BALANCE,67.701,-0.000895,-0.031469,-0.001115,0.784800000,0.000009142,-0.000015626,0.000000,7,-0.000011153,-0.001115287,-0.000796634,-0.000796634,0.000000000,manual_A_near_upright
pid,BALANCE,67.722,-0.000879,-0.031496,-0.001171,0.784800000,0.000015794,-0.000015336,0.000000,7,-0.000011713,-0.001171344,-0.000836674,-0.000836674,0.000000000,manual_A_near_upright
pid,BALANCE,67.742,-0.000855,-0.031533,-0.001197,0.784800000,0.000022851,-0.000014926,0.000000,7,-0.000011974,-0.001197417,-0.000855298,-0.000855298,0.000000000,manual_A_near_upright
pid,BALANCE,67.763,-0.000822,-0.031580,-0.001132,0.784800000,0.000031402,-0.000014342,0.000000,7,-0.000011318,-0.001131803,-0.000808431,-0.000808431,0.000000000,manual_A_near_upright
pid,BALANCE,67.784,-0.000780,-0.031636,-0.001127,0.784800000,0.000038173,-0.000013614,0.000000,7,-0.000011272,-0.001127199,-0.000805142,-0.000805142,0.000000000,manual_A_near_upright
pid,BALANCE,67.805,-0.000731,-0.031702,-0.001102,0.784800000,0.000044874,-0.000012754,0.000000,7,-0.000011016,-0.001101615,-0.000786868,-0.000786868,0.000000000,manual_A_near_upright
pid,BALANCE,67.826,-0.000674,-0.031777,-0.001063,0.784800000,0.000051253,-0.000011762,0.000000,7,-0.000010631,-0.001063078,-0.000759342,-0.000759342,0.000000000,manual_A_near_upright
pid,BALANCE,67.848,-0.000610,-0.031859,-0.001032,0.784800000,0.000056851,-0.000010655,0.000000,7,-0.000010316,-0.001031556,-0.000736826,-0.000736826,0.000000000,manual_A_near_upright
pid,BALANCE,67.869,-0.000541,-0.031949,-0.000994,0.784800000,0.000061912,-0.000009443,0.000000,7,-0.000009936,-0.000993563,-0.000709688,-0.000709688,0.000000000,manual_A_near_upright
pid,BALANCE,67.889,-0.000466,-0.032045,-0.000952,0.784800000,0.000066338,-0.000008140,0.000000,7,-0.000009521,-0.000952063,-0.000680045,-0.000680045,0.000000000,manual_A_near_upright
pid,BALANCE,67.911,-0.000387,-0.032147,-0.000910,0.784800000,0.000070045,-0.000006758,0.000000,7,-0.000009099,-0.000909945,-0.000649961,-0.000649961,0.000000000,manual_A_near_upright
pid,BALANCE,67.932,-0.000304,-0.032253,-0.000865,0.784800000,0.000073055,-0.000005312,0.000000,7,-0.000008651,-0.000865060,-0.000617900,-0.000617900,0.000000000,manual_A_near_upright
pid,BALANCE,67.953,-0.000219,-0.032364,-0.000819,0.784800000,0.000075325,-0.000003817,0.000000,7,-0.000008189,-0.000818930,-0.000584950,-0.000584950,0.000000000,manual_A_near_upright
pid,BALANCE,67.975,-0.000131,-0.032477,-0.000772,0.784800000,0.000076839,-0.000002287,0.000000,7,-0.000007721,-0.000772072,-0.000551480,-0.000551480,0.000000000,manual_A_near_upright
pid,BALANCE,67.996,-0.000042,-0.032592,-0.000724,0.784800000,0.000077619,-0.000000737,0.000000,7,-0.000007235,-0.000723542,-0.000516816,-0.000516816,0.000000000,manual_A_near_upright
pid,BALANCE,68.018,0.000051,-0.032713,-0.000675,0.784800000,0.000077565,0.000000893,0.000000,7,-0.000006751,-0.000675104,-0.000482217,-0.000482217,0.000000000,manual_A_near_upright
pid,BALANCE,68.048,0.000179,-0.032880,-0.000607,0.784800000,0.000076169,0.000003120,0.000000,7,-0.000006072,-0.000607218,-0.000433727,-0.000433727,0.000000000,manual_A_near_upright
pid,BALANCE,68.069,0.000265,-0.032993,-0.000561,0.784800000,0.000074322,0.000004618,0.000000,7,-0.000005611,-0.000561135,-0.000400811,-0.000400811,0.000000000,manual_A_near_upright
pid,BALANCE,68.090,0.000348,-0.033104,-0.000517,0.784800000,0.000071757,0.000006069,0.000000,7,-0.000005172,-0.000517187,-0.000369419,-0.000369419,0.000000000,manual_A_near_upright
pid,BALANCE,68.111,0.000431,-0.033216,-0.000473,0.784800000,0.000068342,0.000007526,0.000000,7,-0.000004731,-0.000473085,-0.000337918,-0.000337918,0.000000000,manual_A_near_upright
pid,BALANCE,68.132,0.000503,-0.033313,-0.000437,0.784800000,0.000064610,0.000008773,0.000000,7,-0.000004372,-0.000437167,-0.000312262,-0.000312262,0.000000000,manual_A_near_upright
pid,BALANCE,68.154,0.000576,-0.033415,-0.000395,0.784800000,0.000059971,0.000010061,0.000000,7,-0.000003953,-0.000395252,-0.000282323,-0.000282323,0.000000000,manual_A_near_upright
pid,BALANCE,68.174,0.000638,-0.033501,-0.000365,0.784800000,0.000055145,0.000011134,0.000000,7,-0.000003653,-0.000365266,-0.000260904,-0.000260904,0.000000000,manual_A_near_upright
pid,BALANCE,68.195,0.000699,-0.033589,-0.000333,0.784800000,0.000049361,0.000012206,0.000000,7,-0.000003327,-0.000332661,-0.000237615,-0.000237615,0.000000000,manual_A_near_upright
pid,BALANCE,68.216,0.000749,-0.033661,-0.000308,0.784800000,0.000043687,0.000013065,0.000000,7,-0.000003077,-0.000307699,-0.000219785,-0.000219785,0.000000000,manual_A_near_upright
pid,BALANCE,68.237,0.000793,-0.033729,-0.000283,0.784800000,0.000037384,0.000013848,0.000000,7,-0.000002834,-0.000283450,-0.000202464,-0.000202464,0.000000000,manual_A_near_upright
pid,BALANCE,68.258,0.000831,-0.033788,-0.000264,0.784800000,0.000030742,0.000014500,0.000000,7,-0.000002645,-0.000264465,-0.000188904,-0.000188904,0.000000000,manual_A_near_upright
pid,BALANCE,68.279,0.000860,-0.033838,-0.000250,0.784800000,0.000023851,0.000015016,0.000000,7,-0.000002497,-0.000249653,-0.000178323,-0.000178323,0.000000000,manual_A_near_upright
pid,BALANCE,68.300,0.000882,-0.033878,-0.000239,0.784800000,0.000016787,0.000015390,0.000000,7,-0.000002388,-0.000238756,-0.000170540,-0.000170540,0.000000000,manual_A_near_upright
pid,BALANCE,68.322,0.000895,-0.033909,-0.000232,0.784800000,0.000009609,0.000015622,0.000000,7,-0.000002324,-0.000232407,-0.000166005,-0.000166005,0.000000000,manual_A_near_upright
pid,BALANCE,68.342,0.000900,-0.033930,-0.000231,0.784800000,0.000002388,0.000015710,0.000000,7,-0.000002305,-0.000230532,-0.000164666,-0.000164666,0.000000000,manual_A_near_upright
pid,BALANCE,68.363,0.000897,-0.033941,-0.000233,0.784800000,-0.000004804,0.000015653,0.000000,7,-0.000002311,-0.000231124,-0.000165089,-0.000165089,0.000000000,manual_A_near_upright
pid,BALANCE,68.384,0.000887,-0.033943,-0.000044,0.784800000,-0.000007814,0.000015485,0.000000,7,-0.000000442,-0.000044164,-0.000031546,-0.000031546,0.000000000,manual_A_near_upright
pid,BALANCE,68.406,0.000887,-0.033943,0.000820,0.784800000,0.000002916,0.000015481,0.000000,7,0.000008197,0.000819659,0.000585471,0.000585471,0.000000000,manual_A_near_upright
pid,BALANCE,68.427,0.000896,-0.033941,0.001450,0.784800000,0.000007836,0.000015644,0.000000,7,0.000014496,0.001449561,0.001035401,0.001035401,0.000000000,manual_A_near_upright
pid,BALANCE,68.449,0.000893,-0.033927,0.001121,0.784800000,-0.000007851,0.000015580,0.000000,7,0.000011211,0.001121104,0.000800789,0.000800789,0.000000000,manual_A_near_upright
pid,BALANCE,68.469,0.000877,-0.033901,0.001156,0.784800000,-0.000014935,0.000015303,0.000000,7,0.000010796,0.001079608,0.000771149,0.000771149,0.000000000,manual_A_near_upright
pid,BALANCE,68.490,0.000856,-0.033868,0.001207,0.784800000,-0.000021104,0.000014942,0.000000,7,0.000012072,0.001207215,0.000862296,0.000862296,0.000000000,manual_A_near_upright
pid,BALANCE,68.510,0.000824,-0.033823,0.001129,0.784800000,-0.000029965,0.000014389,0.000000,7,0.000011293,0.001129328,0.000806663,0.000806663,0.000000000,manual_A_near_upright
pid,BALANCE,68.531,0.000784,-0.033768,0.001129,0.784800000,-0.000036692,0.000013690,0.000000,7,0.000011295,0.001129473,0.000806766,0.000806766,0.000000000,manual_A_near_upright
pid,BALANCE,68.553,0.000737,-0.033704,0.001105,0.784800000,-0.000043435,0.000012859,0.000000,7,0.000011054,0.001105409,0.000789578,0.000789578,0.000000000,manual_A_near_upright
pid,BALANCE,68.574,0.000682,-0.033632,0.001066,0.784800000,-0.000049910,0.000011895,0.000000,7,0.000010663,0.001066267,0.000761620,0.000761620,0.000000000,manual_A_near_upright
pid,BALANCE,68.595,0.000620,-0.033551,0.001037,0.784800000,-0.000055552,0.000010814,0.000000,7,0.000010371,0.001037112,0.000740794,0.000740794,0.000000000,manual_A_near_upright
pid,BALANCE,68.616,0.000552,-0.033463,0.000999,0.784800000,-0.000060717,0.000009627,0.000000,7,0.000009992,0.000999249,0.000713749,0.000713749,0.000000000,manual_A_near_upright
pid,BALANCE,68.639,0.000478,-0.033368,0.000959,0.784800000,-0.000065245,0.000008346,0.000000,7,0.000009786,0.000978634,0.000699025,0.000699025,0.000000000,manual_A_near_upright
pid,BALANCE,68.668,0.000400,-0.033268,0.000911,0.784800000,-0.000069200,0.000006983,0.000000,7,0.000009106,0.000910554,0.000650396,0.000650396,0.000000000,manual_A_near_upright
pid,BALANCE,68.690,0.000318,-0.033163,0.000873,0.784800000,-0.000072175,0.000005554,0.000000,7,0.000008733,0.000873291,0.000623779,0.000623779,0.000000000,manual_A_near_upright
pid,BALANCE,68.720,0.000186,-0.032992,0.000800,0.784800000,-0.000075604,0.000003244,0.000000,7,0.000008004,0.000800368,0.000571692,0.000571692,0.000000000,manual_A_near_upright
pid,BALANCE,68.741,0.000098,-0.032879,0.000756,0.784800000,-0.000076786,0.000001714,0.000000,7,0.000007558,0.000755807,0.000539862,0.000539862,0.000000000,manual_A_near_upright
pid,BALANCE,68.761,0.000014,-0.032770,0.000711,0.784800000,-0.000077252,0.000000247,0.000000,7,0.000007112,0.000711181,0.000507987,0.000507987,0.000000000,manual_A_near_upright
pid,BALANCE,68.781,-0.000074,-0.032655,0.000661,0.784800000,-0.000077068,-0.000001297,0.000000,7,0.000006615,0.000661498,0.000472498,0.000472498,0.000000000,manual_A_near_upright
pid,BALANCE,68.803,-0.000166,-0.032534,0.000614,0.784800000,-0.000075997,-0.000002901,0.000000,7,0.000006136,0.000613553,0.000438252,0.000438252,0.000000000,manual_A_near_upright
pid,BALANCE,68.823,-0.000248,-0.032427,0.000571,0.784800000,-0.000074343,-0.000004323,0.000000,7,0.000005708,0.000570802,0.000407716,0.000407716,0.000000000,manual_A_near_upright
pid,BALANCE,68.844,-0.000331,-0.032316,0.000526,0.784800000,-0.000071933,-0.000005776,0.000000,7,0.000005264,0.000526402,0.000376001,0.000376001,0.000000000,manual_A_near_upright
pid,BALANCE,68.864,-0.000411,-0.032209,0.000485,0.784800000,-0.000068823,-0.000007171,0.000000,7,0.000005023,0.000502303,0.000358788,0.000358788,0.000000000,manual_A_near_upright
pid,BALANCE,68.886,-0.000487,-0.032106,0.000445,0.784800000,-0.000065093,-0.000008494,0.000000,7,0.000004447,0.000444705,0.000317646,0.000317646,0.000000000,manual_A_near_upright
pid,BALANCE,68.906,-0.000558,-0.032009,0.000407,0.784800000,-0.000060763,-0.000009735,0.000000,7,0.000004070,0.000407011,0.000290722,0.000290722,0.000000000,manual_A_near_upright
pid,BALANCE,68.926,-0.000623,-0.031917,0.000373,0.784800000,-0.000055865,-0.000010880,0.000000,7,0.000003730,0.000373037,0.000266455,0.000266455,0.000000000,manual_A_near_upright
pid,BALANCE,68.947,-0.000683,-0.031832,0.000341,0.784800000,-0.000050499,-0.000011920,0.000000,7,0.000003406,0.000340590,0.000243279,0.000243279,0.000000000,manual_A_near_upright
pid,BALANCE,68.967,-0.000736,-0.031755,0.000314,0.784800000,-0.000044630,-0.000012846,0.000000,7,0.000003144,0.000314420,0.000224586,0.000224586,0.000000000,manual_A_near_upright
pid,BALANCE,68.988,-0.000782,-0.031686,0.000290,0.784800000,-0.000038415,-0.000013649,0.000000,7,0.000002901,0.000290064,0.000207189,0.000207189,0.000000000,manual_A_near_upright
pid,BALANCE,69.009,-0.000821,-0.031625,0.000270,0.784800000,-0.000031870,-0.000014323,0.000000,7,0.000002698,0.000269828,0.000192734,0.000192734,0.000000000,manual_A_near_upright
pid,BALANCE,69.030,-0.000852,-0.031574,0.000255,0.784800000,-0.000025049,-0.000014862,0.000000,7,0.000002546,0.000254586,0.000181847,0.000181847,0.000000000,manual_A_near_upright
pid,BALANCE,69.050,-0.000874,-0.031531,0.000243,0.784800000,-0.000018055,-0.000015262,0.000000,7,0.000002426,0.000242585,0.000173275,0.000173275,0.000000000,manual_A_near_upright
pid,BALANCE,69.071,-0.000889,-0.031499,0.000236,0.784800000,-0.000010919,-0.000015519,0.000000,7,0.000002358,0.000235755,0.000168397,0.000168397,0.000000000,manual_A_near_upright
pid,BALANCE,69.092,-0.000896,-0.031476,0.000233,0.784800000,-0.000003743,-0.000015634,0.000000,7,0.000002326,0.000232603,0.000166145,0.000166145,0.000000000,manual_A_near_upright
pid,BALANCE,69.113,-0.000894,-0.031464,0.000234,0.784800000,0.000003427,-0.000015605,0.000000,7,0.000002341,0.000234098,0.000167213,0.000167213,0.000000000,manual_A_near_upright
pid,BALANCE,69.134,-0.000884,-0.031461,0.000142,0.784800000,0.000008796,-0.000015434,0.000000,7,0.000001417,0.000141737,0.000169264,0.000169264,0.000000000,manual_A_near_upright
pid,BALANCE,69.156,-0.000882,-0.031461,-0.000687,0.784800000,-0.000001337,-0.000015398,0.000000,7,-0.000006865,-0.000686506,-0.000490362,-0.000490362,0.000000000,manual_A_near_upright
pid,BALANCE,69.176,-0.000891,-0.031462,-0.001406,0.784800000,-0.000008284,-0.000015553,0.000000,7,-0.000014061,-0.001406052,-0.001004323,-0.001004323,0.000000000,manual_A_near_upright
pid,BALANCE,69.197,-0.000891,-0.031473,-0.001177,0.784800000,0.000004926,-0.000015545,0.000000,7,-0.000011772,-0.001177238,-0.000840885,-0.000840885,0.000000000,manual_A_near_upright
pid,BALANCE,69.218,-0.000877,-0.031497,-0.001143,0.784800000,0.000013536,-0.000015305,0.000000,7,-0.000011427,-0.001142714,-0.000816224,-0.000816224,0.000000000,manual_A_near_upright
pid,BALANCE,69.239,-0.000858,-0.031528,-0.001197,0.784800000,0.000019660,-0.000014967,0.000000,7,-0.000011970,-0.001196979,-0.000854985,-0.000854985,0.000000000,manual_A_near_upright
pid,BALANCE,69.260,-0.000828,-0.031570,-0.001144,0.784800000,0.000028055,-0.000014452,0.000000,7,-0.000011443,-0.001144330,-0.000817378,-0.000817378,0.000000000,manual_A_near_upright
pid,BALANCE,69.281,-0.000788,-0.031626,-0.001127,0.784800000,0.000035552,-0.000013748,0.000000,7,-0.000011272,-0.001127236,-0.000805168,-0.000805168,0.000000000,manual_A_near_upright
pid,BALANCE,69.302,-0.000741,-0.031688,-0.001108,0.784800000,0.000042249,-0.000012940,0.000000,7,-0.000011080,-0.001108012,-0.000791437,-0.000791437,0.000000000,manual_A_near_upright
pid,BALANCE,69.323,-0.000688,-0.031759,-0.001074,0.784800000,0.000048698,-0.000012000,0.000000,7,-0.000010737,-0.001073739,-0.000766957,-0.000766957,0.000000000,manual_A_near_upright
pid,BALANCE,69.343,-0.000630,-0.031834,-0.001043,0.784800000,0.000054220,-0.000010997,0.000000,7,-0.000010429,-0.001042945,-0.000744960,-0.000744960,0.000000000,manual_A_near_upright
pid,BALANCE,69.364,-0.000560,-0.031925,-0.001003,0.784800000,0.000059760,-0.000009774,0.000000,7,-0.000010029,-0.001002865,-0.000716332,-0.000716332,0.000000000,manual_A_near_upright
pid,BALANCE,69.384,-0.000491,-0.032014,-0.000968,0.784800000,0.000064093,-0.000008577,0.000000,7,-0.000009678,-0.000967801,-0.000691286,-0.000691286,0.000000000,manual_A_near_upright
pid,BALANCE,69.405,-0.000415,-0.032113,-0.000925,0.784800000,0.000068071,-0.000007236,0.000000,7,-0.000009254,-0.000925396,-0.000660997,-0.000660997,0.000000000,manual_A_near_upright
pid,BALANCE,69.426,-0.000334,-0.032217,-0.000881,0.784800000,0.000071340,-0.000005826,0.000000,7,-0.000008815,-0.000881458,-0.000629613,-0.000629613,0.000000000,manual_A_near_upright
pid,BALANCE,69.446,-0.000250,-0.032325,-0.000835,0.784800000,0.000073897,-0.000004361,0.000000,7,-0.000008353,-0.000835344,-0.000596674,-0.000596674,0.000000000,manual_A_near_upright
pid,BALANCE,69.467,-0.000164,-0.032436,-0.000791,0.784800000,0.000075651,-0.000002857,0.000000,7,-0.000007912,-0.000791163,-0.000565117,-0.000565117,0.000000000,manual_A_near_upright
pid,BALANCE,69.488,-0.000076,-0.032549,-0.000745,0.784800000,0.000076678,-0.000001327,0.000000,7,-0.000007453,-0.000745282,-0.000532345,-0.000532345,0.000000000,manual_A_near_upright
pid,BALANCE,69.509,0.000012,-0.032664,-0.000695,0.784800000,0.000077047,0.000000213,0.000000,7,-0.000006945,-0.000694531,-0.000496093,-0.000496093,0.000000000,manual_A_near_upright
pid,BALANCE,69.530,0.000100,-0.032779,-0.000648,0.784800000,0.000076569,0.000001748,0.000000,7,-0.000006484,-0.000648443,-0.000463174,-0.000463174,0.000000000,manual_A_near_upright
pid,BALANCE,69.550,0.000187,-0.032893,-0.000603,0.784800000,0.000075358,0.000003263,0.000000,7,-0.000006029,-0.000602858,-0.000430613,-0.000430613,0.000000000,manual_A_near_upright
pid,BALANCE,69.572,0.000272,-0.033005,-0.000559,0.784800000,0.000073422,0.000004744,0.000000,7,-0.000005587,-0.000558687,-0.000399062,-0.000399062,0.000000000,manual_A_near_upright
pid,BALANCE,69.592,0.000354,-0.033114,-0.000513,0.784800000,0.000070850,0.000006176,0.000000,7,-0.000005132,-0.000513209,-0.000366578,-0.000366578,0.000000000,manual_A_near_upright
pid,BALANCE,69.614,0.000432,-0.033220,-0.000474,0.784800000,0.000067520,0.000007546,0.000000,7,-0.000004742,-0.000474184,-0.000338703,-0.000338703,0.000000000,manual_A_near_upright
pid,BALANCE,69.634,0.000507,-0.033321,-0.000434,0.784800000,0.000063638,0.000008841,0.000000,7,-0.000004339,-0.000433924,-0.000309945,-0.000309945,0.000000000,manual_A_near_upright
pid,BALANCE,69.655,0.000579,-0.033421,-0.000396,0.784800000,0.000058910,0.000010107,0.000000,7,-0.000003958,-0.000395778,-0.000282698,-0.000282698,0.000000000,manual_A_near_upright
pid,BALANCE,69.675,0.000639,-0.033506,-0.000365,0.784800000,0.000054106,0.000011160,0.000000,7,-0.000003649,-0.000364905,-0.000260647,-0.000260647,0.000000000,manual_A_near_upright
pid,BALANCE,69.695,0.000697,-0.033588,-0.000334,0.784800000,0.000048623,0.000012164,0.000000,7,-0.000003335,-0.000333521,-0.000238229,-0.000238229,0.000000000,manual_A_near_upright
pid,BALANCE,69.716,0.000748,-0.033663,-0.000309,0.784800000,0.000042635,0.000013050,0.000000,7,-0.000003094,-0.000309426,-0.000221019,-0.000221019,0.000000000,manual_A_near_upright
pid,BALANCE,69.737,0.000791,-0.033729,-0.000285,0.784800000,0.000036366,0.000013812,0.000000,7,-0.000002851,-0.000285061,-0.000203615,-0.000203615,0.000000000,manual_A_near_upright
pid,BALANCE,69.758,0.000828,-0.033787,-0.000266,0.784800000,0.000029761,0.000014445,0.000000,7,-0.000002661,-0.000266104,-0.000190075,-0.000190075,0.000000000,manual_A_near_upright
pid,BALANCE,69.778,0.000856,-0.033836,-0.000253,0.784800000,0.000022894,0.000014940,0.000000,7,-0.000002525,-0.000252540,-0.000180385,-0.000180385,0.000000000,manual_A_near_upright
pid,BALANCE,69.799,0.000876,-0.033875,-0.000241,0.784800000,0.000015893,0.000015297,0.000000,7,-0.000002414,-0.000241375,-0.000172411,-0.000172411,0.000000000,manual_A_near_upright
pid,BALANCE,69.820,0.000889,-0.033904,-0.000236,0.784800000,0.000008758,0.000015512,0.000000,7,-0.000002360,-0.000235952,-0.000168537,-0.000168537,0.000000000,manual_A_near_upright
pid,BALANCE,69.841,0.000893,-0.033924,-0.000234,0.784800000,0.000001599,0.000015583,0.000000,7,-0.000002345,-0.000234458,-0.000167470,-0.000167470,0.000000000,manual_A_near_upright
pid,BALANCE,69.862,0.000889,-0.033934,-0.000237,0.784800000,-0.000005523,0.000015512,0.000000,7,-0.000002371,-0.000237072,-0.000169337,-0.000169337,0.000000000,manual_A_near_upright
pid,BALANCE,69.882,0.000879,-0.033935,0.000030,0.784800000,-0.000006835,0.000015348,0.000000,7,0.000000295,0.000029540,0.000021100,0.000021100,0.000000000,manual_A_near_upright
pid,BALANCE,69.903,0.000880,-0.033935,0.000901,0.784800000,0.000004040,0.000015366,0.000000,7,0.000009015,0.000901494,0.000643924,0.000643924,0.000000000,manual_A_near_upright
pid,BALANCE,69.923,0.000889,-0.033932,0.001398,0.784800000,0.000006175,0.000015513,0.000000,7,0.000013975,0.001397538,0.000998241,0.000998241,0.000000000,manual_A_near_upright
pid,BALANCE,69.944,0.000885,-0.033918,0.001136,0.784800000,-0.000007585,0.000015441,0.000000,7,0.000011360,0.001135971,0.000811408,0.000811408,0.000000000,manual_A_near_upright
pid,BALANCE,69.965,0.000869,-0.033892,0.001149,0.784800000,-0.000015089,0.000015167,0.000000,7,0.000011486,0.001148593,0.000820423,0.000820423,0.000000000,manual_A_near_upright
pid,BALANCE,69.986,0.000847,-0.033857,0.001197,0.784800000,-0.000021611,0.000014778,0.000000,7,0.000011970,0.001197049,0.000855035,0.000855035,0.000000000,manual_A_near_upright
pid,BALANCE,70.007,0.000815,-0.033811,0.001131,0.784800000,-0.000030138,0.000014220,0.000000,7,0.000011310,0.001131044,0.000807889,0.000807889,0.000000000,manual_A_near_upright
pid,BALANCE,70.027,0.000774,-0.033756,0.001122,0.784800000,-0.000036976,0.000013516,0.000000,7,0.000011209,0.001120918,0.000800656,0.000800656,0.000000000,manual_A_near_upright
pid,BALANCE,70.048,0.000727,-0.033692,0.001100,0.784800000,-0.000043572,0.000012681,0.000000,7,0.000011004,0.001100375,0.000785982,0.000785982,0.000000000,manual_A_near_upright
pid,BALANCE,70.069,0.000671,-0.033619,0.001064,0.784800000,-0.000049901,0.000011717,0.000000,7,0.000010641,0.001064143,0.000760102,0.000760102,0.000000000,manual_A_near_upright
pid,BALANCE,70.089,0.000609,-0.033538,0.001033,0.784800000,-0.000055507,0.000010637,0.000000,7,0.000010327,0.001032717,0.000737655,0.000737655,0.000000000,manual_A_near_upright
pid,BALANCE,70.110,0.000542,-0.033450,0.000996,0.784800000,-0.000060574,0.000009452,0.000000,7,0.000009956,0.000995595,0.000711140,0.000711140,0.000000000,manual_A_near_upright
pid,BALANCE,70.130,0.000468,-0.033356,0.000956,0.784800000,-0.000065005,0.000008175,0.000000,7,0.000009556,0.000955606,0.000682575,0.000682575,0.000000000,manual_A_near_upright
pid,BALANCE,70.151,0.000391,-0.033256,0.000912,0.784800000,-0.000068788,0.000006819,0.000000,7,0.000009121,0.000912105,0.000651503,0.000651503,0.000000000,manual_A_near_upright
pid,BALANCE,70.172,0.000309,-0.033151,0.000869,0.784800000,-0.000071817,0.000005398,0.000000,7,0.000008690,0.000869028,0.000620734,0.000620734,0.000000000,manual_A_near_upright
pid,BALANCE,70.192,0.000225,-0.033042,0.000825,0.784800000,-0.000074119,0.000003927,0.000000,7,0.000008246,0.000824645,0.000589032,0.000589032,0.000000000,manual_A_near_upright
pid,BALANCE,70.213,0.000139,-0.032931,0.000779,0.784800000,-0.000075693,0.000002420,0.000000,7,0.000007788,0.000778801,0.000556286,0.000556286,0.000000000,manual_A_near_upright
pid,BALANCE,70.234,0.000051,-0.032817,0.000728,0.784800000,-0.000076606,0.000000892,0.000000,7,0.000007281,0.000728092,0.000520066,0.000520066,0.000000000,manual_A_near_upright
pid,BALANCE,70.256,-0.000037,-0.032703,0.000683,0.784800000,-0.000076659,-0.000000643,0.000000,7,0.000006825,0.000682512,0.000487509,0.000487509,0.000000000,manual_A_near_upright
pid,BALANCE,70.276,-0.000124,-0.032589,0.000636,0.784800000,-0.000075991,-0.000002167,0.000000,7,0.000006364,0.000636367,0.000454548,0.000454548,0.000000000,manual_A_near_upright
pid,BALANCE,70.298,-0.000210,-0.032476,0.000590,0.784800000,-0.000074612,-0.000003668,0.000000,7,0.000005900,0.000590028,0.000421449,0.000421449,0.000000000,manual_A_near_upright
pid,BALANCE,70.319,-0.000294,-0.032365,0.000546,0.784800000,-0.000072501,-0.000005131,0.000000,7,0.000005459,0.000545913,0.000389938,0.000389938,0.000000000,manual_A_near_upright
pid,BALANCE,70.340,-0.000375,-0.032257,0.000503,0.784800000,-0.000069713,-0.000006542,0.000000,7,0.000005032,0.000503160,0.000359400,0.000359400,0.000000000,manual_A_near_upright
pid,BALANCE,70.360,-0.000452,-0.032153,0.000462,0.784800000,-0.000066273,-0.000007888,0.000000,7,0.000004624,0.000462397,0.000330283,0.000330283,0.000000000,manual_A_near_upright
pid,BALANCE,70.381,-0.000525,-0.032053,0.000424,0.784800000,-0.000062216,-0.000009155,0.000000,7,0.000004242,0.000424204,0.000303003,0.000303003,0.000000000,manual_A_near_upright
pid,BALANCE,70.402,-0.000592,-0.031960,0.000389,0.784800000,-0.000057590,-0.000010334,0.000000,7,0.000003888,0.000388783,0.000277702,0.000277702,0.000000000,manual_A_near_upright
pid,BALANCE,70.422,-0.000654,-0.031873,0.000356,0.784800000,-0.000052443,-0.000011412,0.000000,7,0.000003564,0.000356442,0.000254601,0.000254601,0.000000000,manual_A_near_upright
pid,BALANCE,70.443,-0.000709,-0.031793,0.000328,0.784800000,-0.000046829,-0.000012380,0.000000,7,0.000003275,0.000327514,0.000233939,0.000233939,0.000000000,manual_A_near_upright
pid,BALANCE,70.464,-0.000758,-0.031720,0.000302,0.784800000,-0.000040804,-0.000013230,0.000000,7,0.000003022,0.000302211,0.000215865,0.000215865,0.000000000,manual_A_near_upright
pid,BALANCE,70.485,-0.000800,-0.031656,0.000281,0.784800000,-0.000034430,-0.000013954,0.000000,7,0.000002808,0.000280792,0.000200566,0.000200566,0.000000000,manual_A_near_upright
pid,BALANCE,70.506,-0.000833,-0.031601,0.000263,0.784800000,-0.000027770,-0.000014547,0.000000,7,0.000002634,0.000263414,0.000188153,0.000188153,0.000000000,manual_A_near_upright
pid,BALANCE,70.527,-0.000860,-0.031555,0.000250,0.784800000,-0.000020890,-0.000015003,0.000000,7,0.000002502,0.000250192,0.000178709,0.000178709,0.000000000,manual_A_near_upright
pid,BALANCE,70.547,-0.000878,-0.031519,0.000241,0.784800000,-0.000013858,-0.000015319,0.000000,7,0.000002413,0.000241270,0.000172335,0.000172335,0.000000000,manual_A_near_upright
pid,BALANCE,70.568,-0.000888,-0.031492,0.000237,0.784800000,-0.000006742,-0.000015493,0.000000,7,0.000002366,0.000236637,0.000169026,0.000169026,0.000000000,manual_A_near_upright
pid,BALANCE,70.589,-0.000889,-0.031475,0.000236,0.784800000,0.000000390,-0.000015524,0.000000,7,0.000002363,0.000236330,0.000168807,0.000168807,0.000000000,manual_A_near_upright
pid,BALANCE,70.610,-0.000883,-0.031468,0.000240,0.784800000,0.000007470,-0.000015414,0.000000,7,0.000002403,0.000240334,0.000171667,0.000171667,0.000000000,manual_A_near_upright
pid,BALANCE,70.631,-0.000875,-0.031468,-0.000256,0.784800000,0.000003989,-0.000015277,0.000000,7,-0.000002556,-0.000255552,-0.000182537,-0.000182537,0.000000000,manual_A_near_upright
pid,BALANCE,70.652,-0.000880,-0.031468,-0.001149,0.784800000,-0.000007118,-0.000015358,0.000000,7,-0.000011493,-0.001149283,-0.000820916,-0.000820916,0.000000000,manual_A_near_upright
pid,BALANCE,70.673,-0.000887,-0.031473,-0.001336,0.784800000,-0.000002624,-0.000015485,0.000000,7,-0.000013363,-0.001336335,-0.000954525,-0.000954525,0.000000000,manual_A_near_upright
pid,BALANCE,70.693,-0.000878,-0.031491,-0.001100,0.784800000,0.000010399,-0.000015331,0.000000,7,-0.000011001,-0.001100068,-0.000785763,-0.000785763,0.000000000,manual_A_near_upright
pid,BALANCE,70.714,-0.000862,-0.031519,-0.001189,0.784800000,0.000016230,-0.000015037,0.000000,7,-0.000011888,-0.001188818,-0.000849156,-0.000849156,0.000000000,manual_A_near_upright
pid,BALANCE,70.734,-0.000837,-0.031557,-0.001169,0.784800000,0.000024087,-0.000014602,0.000000,7,-0.000011687,-0.001168682,-0.000834773,-0.000834773,0.000000000,manual_A_near_upright
pid,BALANCE,70.755,-0.000802,-0.031605,-0.001129,0.784800000,0.000031904,-0.000014004,0.000000,7,-0.000011291,-0.001129126,-0.000806519,-0.000806519,0.000000000,manual_A_near_upright
pid,BALANCE,70.775,-0.000760,-0.031663,-0.001118,0.784800000,0.000038645,-0.000013268,0.000000,7,-0.000011179,-0.001117880,-0.000798485,-0.000798485,0.000000000,manual_A_near_upright
pid,BALANCE,70.806,-0.000683,-0.031766,-0.001069,0.784800000,0.000048417,-0.000011915,0.000000,7,-0.000010693,-0.001069258,-0.000763756,-0.000763756,0.000000000,manual_A_near_upright
pid,BALANCE,70.827,-0.000622,-0.031844,-0.001038,0.784800000,0.000054153,-0.000010863,0.000000,7,-0.000010380,-0.001037974,-0.000741410,-0.000741410,0.000000000,manual_A_near_upright
pid,BALANCE,70.848,-0.000556,-0.031931,-0.001002,0.784800000,0.000059342,-0.000009703,0.000000,7,-0.000010019,-0.001001869,-0.000715621,-0.000715621,0.000000000,manual_A_near_upright
pid,BALANCE,70.869,-0.000484,-0.032023,-0.000962,0.784800000,0.000063922,-0.000008449,0.000000,7,-0.000009620,-0.000962025,-0.000687161,-0.000687161,0.000000000,manual_A_near_upright
pid,BALANCE,70.889,-0.000408,-0.032122,-0.000921,0.784800000,0.000067813,-0.000007113,0.000000,7,-0.000009210,-0.000920988,-0.000657849,-0.000657849,0.000000000,manual_A_near_upright
pid,BALANCE,70.910,-0.000327,-0.032226,-0.000877,0.784800000,0.000071018,-0.000005709,0.000000,7,-0.000008775,-0.000877496,-0.000626783,-0.000626783,0.000000000,manual_A_near_upright
pid,BALANCE,70.930,-0.000244,-0.032333,-0.000832,0.784800000,0.000073503,-0.000004251,0.000000,7,-0.000008325,-0.000832474,-0.000594624,-0.000594624,0.000000000,manual_A_near_upright
pid,BALANCE,70.951,-0.000158,-0.032444,-0.000789,0.784800000,0.000075207,-0.000002755,0.000000,7,-0.000007886,-0.000788567,-0.000563262,-0.000563262,0.000000000,manual_A_near_upright
pid,BALANCE,70.972,-0.000071,-0.032557,-0.000741,0.784800000,0.000076232,-0.000001235,0.000000,7,-0.000007410,-0.000741003,-0.000529288,-0.000529288,0.000000000,manual_A_near_upright
pid,BALANCE,70.993,0.000021,-0.032676,-0.000689,0.784800000,0.000076531,0.000000372,0.000000,7,-0.000006892,-0.000689240,-0.000492314,-0.000492314,0.000000000,manual_A_near_upright
pid,BALANCE,71.013,0.000104,-0.032785,-0.000649,0.784800000,0.000075963,0.000001820,0.000000,7,-0.000006488,-0.000648850,-0.000463464,-0.000463464,0.000000000,manual_A_near_upright
pid,BALANCE,71.033,0.000190,-0.032898,-0.000600,0.784800000,0.000074798,0.000003323,0.000000,7,-0.000006001,-0.000600132,-0.000428666,-0.000428666,0.000000000,manual_A_near_upright
pid,BALANCE,71.054,0.000275,-0.033009,-0.000556,0.784800000,0.000072848,0.000004792,0.000000,7,-0.000005558,-0.000555753,-0.000396967,-0.000396967,0.000000000,manual_A_near_upright
pid,BALANCE,71.075,0.000356,-0.033118,-0.000513,0.784800000,0.000070201,0.000006212,0.000000,7,-0.000005134,-0.000513433,-0.000366738,-0.000366738,0.000000000,manual_A_near_upright
pid,BALANCE,71.095,0.000434,-0.033223,-0.000472,0.784800000,0.000066921,0.000007570,0.000000,7,-0.000004718,-0.000471813,-0.000337009,-0.000337009,0.000000000,manual_A_near_upright
pid,BALANCE,71.116,0.000507,-0.033323,-0.000433,0.784800000,0.000063005,0.000008853,0.000000,7,-0.000004333,-0.000433288,-0.000309491,-0.000309491,0.000000000,manual_A_near_upright
pid,BALANCE,71.137,0.000576,-0.033417,-0.000397,0.784800000,0.000058513,0.000010049,0.000000,7,-0.000003973,-0.000397338,-0.000283813,-0.000283813,0.000000000,manual_A_near_upright
pid,BALANCE,71.158,0.000639,-0.033506,-0.000364,0.784800000,0.000053492,0.000011147,0.000000,7,-0.000003643,-0.000364304,-0.000260217,-0.000260217,0.000000000,manual_A_near_upright
pid,BALANCE,71.179,0.000695,-0.033587,-0.000335,0.784800000,0.000047991,0.000012138,0.000000,7,-0.000003347,-0.000334717,-0.000239083,-0.000239083,0.000000000,manual_A_near_upright
pid,BALANCE,71.200,0.000746,-0.033661,-0.000309,0.784800000,0.000042068,0.000013012,0.000000,7,-0.000003087,-0.000308668,-0.000220477,-0.000220477,0.000000000,manual_A_near_upright
pid,BALANCE,71.221,0.000789,-0.033727,-0.000286,0.784800000,0.000035784,0.000013763,0.000000,7,-0.000002864,-0.000286439,-0.000204599,-0.000204599,0.000000000,manual_A_near_upright
pid,BALANCE,71.242,0.000824,-0.033784,-0.000268,0.784800000,0.000029201,0.000014384,0.000000,7,-0.000002682,-0.000268219,-0.000191585,-0.000191585,0.000000000,manual_A_near_upright
pid,BALANCE,71.263,0.000852,-0.033832,-0.000254,0.784800000,0.000022385,0.000014870,0.000000,7,-0.000002541,-0.000254079,-0.000181485,-0.000181485,0.000000000,manual_A_near_upright
pid,BALANCE,71.283,0.000872,-0.033870,-0.000244,0.784800000,0.000015401,0.000015216,0.000000,7,-0.000002442,-0.000244246,-0.000174461,-0.000174461,0.000000000,manual_A_near_upright
pid,BALANCE,71.303,0.000884,-0.033899,-0.000239,0.784800000,0.000008320,0.000015422,0.000000,7,-0.000002387,-0.000238689,-0.000170492,-0.000170492,0.000000000,manual_A_near_upright
pid,BALANCE,71.324,0.000887,-0.033918,-0.000237,0.784800000,0.000001209,0.000015485,0.000000,7,-0.000002373,-0.000237341,-0.000169530,-0.000169530,0.000000000,manual_A_near_upright
pid,BALANCE,71.345,0.000883,-0.033927,-0.000240,0.784800000,-0.000005866,0.000015407,0.000000,7,-0.000002386,-0.000238618,-0.000170441,-0.000170441,0.000000000,manual_A_near_upright
pid,BALANCE,71.366,0.000873,-0.033928,0.000104,0.784800000,-0.000005843,0.000015242,0.000000,7,0.000001045,0.000104453,0.000074609,0.000074609,0.000000000,manual_A_near_upright
pid,BALANCE,71.387,0.000875,-0.033928,0.000936,0.784800000,0.000004543,0.000015275,0.000000,7,0.000009362,0.000936226,0.000668733,0.000668733,0.000000000,manual_A_near_upright
pid,BALANCE,71.408,0.000883,-0.033925,0.001365,0.784800000,0.000005281,0.000015418,0.000000,7,0.000013650,0.001364978,0.000974985,0.000974985,0.000000000,manual_A_near_upright
pid,BALANCE,71.429,0.000878,-0.033910,0.001123,0.784800000,-0.000007970,0.000015330,0.000000,7,0.000011231,0.001123091,0.000802208,0.000802208,0.000000000,manual_A_near_upright
pid,BALANCE,71.450,0.000863,-0.033884,0.001160,0.784800000,-0.000014911,0.000015060,0.000000,7,0.000011604,0.001160427,0.000828876,0.000828876,0.000000000,manual_A_near_upright
pid,BALANCE,71.471,0.000840,-0.033849,0.001187,0.784800000,-0.000021852,0.000014668,0.000000,7,0.000011866,0.001186585,0.000847561,0.000847561,0.000000000,manual_A_near_upright
pid,BALANCE,71.492,0.000808,-0.033803,0.001128,0.784800000,-0.000030166,0.000014108,0.000000,7,0.000011278,0.001127786,0.000805562,0.000805562,0.000000000,manual_A_near_upright
pid,BALANCE,71.513,0.000768,-0.033748,0.001120,0.784800000,-0.000036933,0.000013405,0.000000,7,0.000011196,0.001119583,0.000799702,0.000799702,0.000000000,manual_A_near_upright
pid,BALANCE,71.535,0.000720,-0.033684,0.001095,0.784800000,-0.000043538,0.000012571,0.000000,7,0.000010952,0.001095215,0.000782297,0.000782297,0.000000000,manual_A_near_upright
pid,BALANCE,71.555,0.000665,-0.033611,0.001059,0.784800000,-0.000049818,0.000011607,0.000000,7,0.000010588,0.001058763,0.000756259,0.000756259,0.000000000,manual_A_near_upright
pid,BALANCE,71.576,0.000603,-0.033531,0.001028,0.784800000,-0.000055358,0.000010530,0.000000,7,0.000010280,0.001028011,0.000734294,0.000734294,0.000000000,manual_A_near_upright
pid,BALANCE,71.597,0.000536,-0.033443,0.000991,0.784800000,-0.000060380,0.000009349,0.000000,7,0.000009907,0.000990743,0.000707674,0.000707674,0.000000000,manual_A_near_upright
pid,BALANCE,71.617,0.000463,-0.033349,0.000950,0.784800000,-0.000064773,0.000008076,0.000000,7,0.000009504,0.000950355,0.000678825,0.000678825,0.000000000,manual_A_near_upright
pid,BALANCE,71.639,0.000385,-0.033249,0.000909,0.784800000,-0.000068466,0.000006726,0.000000,7,0.000009091,0.000909095,0.000649353,0.000649353,0.000000000,manual_A_near_upright
pid,BALANCE,71.660,0.000304,-0.033145,0.000865,0.784800000,-0.000071476,0.000005312,0.000000,7,0.000008652,0.000865208,0.000618006,0.000618006,0.000000000,manual_A_near_upright
pid,BALANCE,71.681,0.000220,-0.033036,0.000821,0.784800000,-0.000073734,0.000003848,0.000000,7,0.000008214,0.000821406,0.000586718,0.000586718,0.000000000,manual_A_near_upright
pid,BALANCE,71.701,0.000135,-0.032925,0.000773,0.784800000,-0.000075325,0.000002349,0.000000,7,0.000007732,0.000773226,0.000552304,0.000552304,0.000000000,manual_A_near_upright
pid,BALANCE,71.722,0.000048,-0.032813,0.000730,0.784800000,-0.000076063,0.000000830,0.000000,7,0.000007297,0.000729700,0.000521214,0.000521214,0.000000000,manual_A_near_upright
pid,BALANCE,71.743,-0.000040,-0.032699,0.000682,0.784800000,-0.000076141,-0.000000693,0.000000,7,0.000006823,0.000682253,0.000487323,0.000487323,0.000000000,manual_A_near_upright
pid,BALANCE,71.763,-0.000127,-0.032585,0.000635,0.784800000,-0.000075487,-0.000002208,0.000000,7,0.000006349,0.000634857,0.000453469,0.000453469,0.000000000,manual_A_near_upright
pid,BALANCE,71.784,-0.000216,-0.032467,0.000587,0.784800000,-0.000074005,-0.000003772,0.000000,7,0.000005866,0.000586623,0.000419017,0.000419017,0.000000000,manual_A_near_upright
pid,BALANCE,71.805,-0.000295,-0.032363,0.000547,0.784800000,-0.000071927,-0.000005150,0.000000,7,0.000005474,0.000547376,0.000390983,0.000390983,0.000000000,manual_A_near_upright
pid,BALANCE,71.826,-0.000375,-0.032255,0.000503,0.784800000,-0.000069166,-0.000006550,0.000000,7,0.000005034,0.000503443,0.000359602,0.000359602,0.000000000,manual_A_near_upright
pid,BALANCE,71.846,-0.000452,-0.032152,0.000463,0.784800000,-0.000065729,-0.000007885,0.000000,7,0.000004630,0.000463000,0.000330714,0.000330714,0.000000000,manual_A_near_upright
pid,BALANCE,71.867,-0.000527,-0.032049,0.000423,0.784800000,-0.000061459,-0.000009203,0.000000,7,0.000004235,0.000423475,0.000302482,0.000302482,0.000000000,manual_A_near_upright
pid,BALANCE,71.888,-0.000594,-0.031956,0.000390,0.784800000,-0.000056798,-0.000010365,0.000000,7,0.000003895,0.000389533,0.000278238,0.000278238,0.000000000,manual_A_near_upright
pid,BALANCE,71.909,-0.000655,-0.031870,0.000356,0.784800000,-0.000051675,-0.000011427,0.000000,7,0.000003563,0.000356267,0.000254477,0.000254477,0.000000000,manual_A_near_upright
pid,BALANCE,71.930,-0.000709,-0.031791,0.000328,0.784800000,-0.000046049,-0.000012380,0.000000,7,0.000003283,0.000328328,0.000234520,0.000234520,0.000000000,manual_A_near_upright
pid,BALANCE,71.950,-0.000755,-0.031723,0.000305,0.784800000,-0.000040327,-0.000013175,0.000000,7,0.000003053,0.000305330,0.000218093,0.000218093,0.000000000,manual_A_near_upright
pid,BALANCE,71.971,-0.000798,-0.031657,0.000282,0.784800000,-0.000033696,-0.000013923,0.000000,7,0.000002815,0.000281534,0.000201096,0.000201096,0.000000000,manual_A_near_upright
pid,BALANCE,71.992,-0.000829,-0.031605,0.000266,0.784800000,-0.000027370,-0.000014475,0.000000,7,0.000002665,0.000266487,0.000190348,0.000190348,0.000000000,manual_A_near_upright
pid,BALANCE,72.013,-0.000855,-0.031560,0.000253,0.784800000,-0.000020543,-0.000014924,0.000000,7,0.000002527,0.000252749,0.000180535,0.000180535,0.000000000,manual_A_near_upright
pid,BALANCE,72.033,-0.000873,-0.031524,0.000244,0.784800000,-0.000013562,-0.000015234,0.000000,7,0.000002435,0.000243505,0.000173932,0.000173932,0.000000000,manual_A_near_upright
pid,BALANCE,72.053,-0.000883,-0.031498,0.000240,0.784800000,-0.000006476,-0.000015403,0.000000,7,0.000002410,0.000240960,0.000172114,0.000172114,0.000000000,manual_A_near_upright
pid,BALANCE,72.075,-0.000884,-0.031481,0.000239,0.784800000,0.000000605,-0.000015429,0.000000,7,0.000002392,0.000239250,0.000170893,0.000170893,0.000000000,manual_A_near_upright
pid,BALANCE,72.096,-0.000877,-0.031475,0.000244,0.784800000,0.000007986,-0.000015306,0.000000,7,0.000002437,0.000243683,0.000174059,0.000174059,0.000000000,manual_A_near_upright
pid,BALANCE,72.116,-0.000870,-0.031475,-0.000316,0.784800000,0.000003150,-0.000015182,0.000000,7,-0.000003159,-0.000315912,-0.000225651,-0.000225651,0.000000000,manual_A_near_upright
pid,BALANCE,72.137,-0.000875,-0.031475,-0.001195,0.784800000,-0.000007631,-0.000015277,0.000000,7,-0.000011952,-0.001195239,-0.000853742,-0.000853742,0.000000000,manual_A_near_upright
pid,BALANCE,72.158,-0.000881,-0.031480,-0.001315,0.784800000,-0.000002194,-0.000015382,0.000000,7,-0.000013148,-0.001314784,-0.000939132,-0.000939132,0.000000000,manual_A_near_upright
pid,BALANCE,72.179,-0.000873,-0.031498,-0.001095,0.784800000,0.000010432,-0.000015230,0.000000,7,-0.000010950,-0.001095025,-0.000782161,-0.000782161,0.000000000,manual_A_near_upright
pid,BALANCE,72.200,-0.000856,-0.031526,-0.001187,0.784800000,0.000016146,-0.000014935,0.000000,7,-0.000011869,-0.001186899,-0.000847785,-0.000847785,0.000000000,manual_A_near_upright
pid,BALANCE,72.220,-0.000831,-0.031564,-0.001167,0.784800000,0.000023951,-0.000014504,0.000000,7,-0.000011674,-0.001167403,-0.000833860,-0.000833860,0.000000000,manual_A_near_upright
pid,BALANCE,72.241,-0.000797,-0.031612,-0.001125,0.784800000,0.000031777,-0.000013908,0.000000,7,-0.000011254,-0.001125365,-0.000803832,-0.000803832,0.000000000,manual_A_near_upright
pid,BALANCE,72.262,-0.000755,-0.031669,-0.001115,0.784800000,0.000038451,-0.000013176,0.000000,7,-0.000011154,-0.001115383,-0.000796702,-0.000796702,0.000000000,manual_A_near_upright
pid,BALANCE,72.283,-0.000705,-0.031735,-0.001085,0.784800000,0.000045024,-0.000012311,0.000000,7,-0.000010854,-0.001085415,-0.000775297,-0.000775297,0.000000000,manual_A_near_upright
pid,BALANCE,72.304,-0.000649,-0.031810,-0.001051,0.784800000,0.000051109,-0.000011321,0.000000,7,-0.000010506,-0.001050643,-0.000750459,-0.000750459,0.000000000,manual_A_near_upright
pid,BALANCE,72.325,-0.000586,-0.031892,-0.001019,0.784800000,0.000056494,-0.000010220,0.000000,7,-0.000010193,-0.001019328,-0.000728091,-0.000728091,0.000000000,manual_A_near_upright
pid,BALANCE,72.345,-0.000517,-0.031981,-0.000981,0.784800000,0.000061370,-0.000009018,0.000000,7,-0.000009807,-0.000980716,-0.000700512,-0.000700512,0.000000000,manual_A_near_upright
pid,BALANCE,72.366,-0.000443,-0.032077,-0.000941,0.784800000,0.000065565,-0.000007729,0.000000,7,-0.000009411,-0.000941148,-0.000672249,-0.000672249,0.000000000,manual_A_near_upright
pid,BALANCE,72.386,-0.000365,-0.032178,-0.000899,0.784800000,0.000069092,-0.000006365,0.000000,7,-0.000008991,-0.000899142,-0.000642244,-0.000642244,0.000000000,manual_A_near_upright
pid,BALANCE,72.407,-0.000283,-0.032283,-0.000856,0.784800000,0.000071901,-0.000004941,0.000000,7,-0.000008560,-0.000856027,-0.000611448,-0.000611448,0.000000000,manual_A_near_upright
pid,BALANCE,72.427,-0.000199,-0.032391,-0.000808,0.784800000,0.000074063,-0.000003471,0.000000,7,-0.000008079,-0.000807883,-0.000577060,-0.000577060,0.000000000,manual_A_near_upright
pid,BALANCE,72.448,-0.000113,-0.032503,-0.000766,0.784800000,0.000075346,-0.000001970,0.000000,7,-0.000007656,-0.000765643,-0.000546888,-0.000546888,0.000000000,manual_A_near_upright
pid,BALANCE,72.469,-0.000026,-0.032616,-0.000715,0.784800000,0.000076049,-0.000000451,0.000000,7,-0.000007152,-0.000715206,-0.000510861,-0.000510861,0.000000000,manual_A_near_upright
pid,BALANCE,72.489,0.000061,-0.032729,-0.000670,0.784800000,0.000075890,0.000001069,0.000000,7,-0.000006702,-0.000670191,-0.000478708,-0.000478708,0.000000000,manual_A_near_upright
pid,BALANCE,72.510,0.000148,-0.032842,-0.000628,0.784800000,0.000074962,0.000002574,0.000000,7,-0.000006275,-0.000627522,-0.000448230,-0.000448230,0.000000000,manual_A_near_upright
pid,BALANCE,72.531,0.000236,-0.032960,-0.000576,0.784800000,0.000073377,0.000004127,0.000000,7,-0.000005758,-0.000575806,-0.000411290,-0.000411290,0.000000000,manual_A_near_upright
pid,BALANCE,72.553,0.000315,-0.033063,-0.000537,0.784800000,0.000071132,0.000005490,0.000000,7,-0.000005373,-0.000537310,-0.000383793,-0.000383793,0.000000000,manual_A_near_upright
pid,BALANCE,72.574,0.000398,-0.033175,-0.000489,0.784800000,0.000068106,0.000006940,0.000000,7,-0.000004891,-0.000489075,-0.000349339,-0.000349339,0.000000000,manual_A_near_upright
pid,BALANCE,72.594,0.000473,-0.033277,-0.000454,0.784800000,0.000064400,0.000008249,0.000000,7,-0.000004536,-0.000453592,-0.000323994,-0.000323994,0.000000000,manual_A_near_upright
pid,BALANCE,72.615,0.000540,-0.033369,-0.000417,0.784800000,0.000060430,0.000009418,0.000000,7,-0.000004174,-0.000417430,-0.000298164,-0.000298164,0.000000000,manual_A_near_upright
pid,BALANCE,72.636,0.000605,-0.033460,-0.000381,0.784800000,0.000055735,0.000010560,0.000000,7,-0.000003811,-0.000381087,-0.000272205,-0.000272205,0.000000000,manual_A_near_upright
pid,BALANCE,72.657,0.000665,-0.033544,-0.000351,0.784800000,0.000050469,0.000011599,0.000000,7,-0.000003511,-0.000351116,-0.000250797,-0.000250797,0.000000000,manual_A_near_upright
pid,BALANCE,72.677,0.000718,-0.033621,-0.000324,0.784800000,0.000044770,0.000012527,0.000000,7,-0.000003240,-0.000324009,-0.000231435,-0.000231435,0.000000000,manual_A_near_upright
pid,BALANCE,72.699,0.000766,-0.033694,-0.000298,0.784800000,0.000038397,0.000013372,0.000000,7,-0.000002981,-0.000298136,-0.000212955,-0.000212955,0.000000000,manual_A_near_upright
pid,BALANCE,72.720,0.000803,-0.033752,-0.000280,0.784800000,0.000032282,0.000014016,0.000000,7,-0.000002801,-0.000280099,-0.000200071,-0.000200071,0.000000000,manual_A_near_upright
pid,BALANCE,72.740,0.000835,-0.033804,-0.000264,0.784800000,0.000025623,0.000014566,0.000000,7,-0.000002635,-0.000263544,-0.000188246,-0.000188246,0.000000000,manual_A_near_upright
pid,BALANCE,72.761,0.000858,-0.033847,-0.000251,0.784800000,0.000018768,0.000014979,0.000000,7,-0.000002509,-0.000250937,-0.000179241,-0.000179241,0.000000000,manual_A_near_upright
pid,BALANCE,72.782,0.000875,-0.033882,-0.000243,0.784800000,0.000011407,0.000015263,0.000000,7,-0.000002434,-0.000243393,-0.000173852,-0.000173852,0.000000000,manual_A_near_upright
pid,BALANCE,72.803,0.000882,-0.033905,-0.000240,0.784800000,0.000004338,0.000015389,0.000000,7,-0.000002404,-0.000240354,-0.000171681,-0.000171681,0.000000000,manual_A_near_upright
pid,BALANCE,72.824,0.000881,-0.033919,-0.000241,0.784800000,-0.000002712,0.000015373,0.000000,7,-0.000002410,-0.000241000,-0.000172143,-0.000172143,0.000000000,manual_A_near_upright
pid,BALANCE,72.844,0.000873,-0.033923,-0.000239,0.784800000,-0.000009204,0.000015229,0.000000,7,-0.000002390,-0.000238953,-0.000170681,-0.000170681,0.000000000,manual_A_near_upright
pid,BALANCE,72.865,0.000868,-0.033923,0.000485,0.784800000,-0.000001003,0.000015147,0.000000,7,0.000004846,0.000484606,0.000346147,0.000346147,0.000000000,manual_A_near_upright
pid,BALANCE,72.886,0.000875,-0.033922,0.001292,0.784800000,0.000008100,0.000015272,0.000000,7,0.000012918,0.001291766,0.000922690,0.000922690,0.000000000,manual_A_near_upright
pid,BALANCE,72.907,0.000879,-0.033913,0.001244,0.784800000,-0.000001652,0.000015334,0.000000,7,0.000012443,0.001244336,0.000888811,0.000888811,0.000000000,manual_A_near_upright
pid,BALANCE,72.927,0.000868,-0.033893,0.001107,0.784800000,-0.000012019,0.000015142,0.000000,7,0.000011071,0.001107106,0.000806087,0.000806087,0.000000000,manual_A_near_upright
pid,BALANCE,72.948,0.000848,-0.033861,0.001195,0.784800000,-0.000018120,0.000014800,0.000000,7,0.000011952,0.001195243,0.000853745,0.000853745,0.000000000,manual_A_near_upright
pid,BALANCE,72.969,0.000822,-0.033823,0.001150,0.784800000,-0.000025981,0.000014347,0.000000,7,0.000011500,0.001149950,0.000821393,0.000821393,0.000000000,manual_A_near_upright
pid,BALANCE,72.989,0.000786,-0.033772,0.001120,0.784800000,-0.000033412,0.000013717,0.000000,7,0.000011204,0.001120384,0.000800274,0.000800274,0.000000000,manual_A_near_upright
pid,BALANCE,73.011,0.000740,-0.033710,0.001109,0.784800000,-0.000040284,0.000012912,0.000000,7,0.000011091,0.001109097,0.000792212,0.000792212,0.000000000,manual_A_near_upright
pid,BALANCE,73.032,0.000688,-0.033641,0.001073,0.784800000,-0.000046803,0.000012011,0.000000,7,0.000010732,0.001073236,0.000766597,0.000766597,0.000000000,manual_A_near_upright
pid,BALANCE,73.052,0.000633,-0.033569,0.001044,0.784800000,-0.000052342,0.000011043,0.000000,7,0.000010438,0.001043807,0.000745577,0.000745577,0.000000000,manual_A_near_upright
pid,BALANCE,73.073,0.000568,-0.033485,0.001009,0.784800000,-0.000057639,0.000009919,0.000000,7,0.000010087,0.001008741,0.000720529,0.000720529,0.000000000,manual_A_near_upright
pid,BALANCE,73.094,0.000498,-0.033394,0.000970,0.784800000,-0.000062344,0.000008697,0.000000,7,0.000009698,0.000969769,0.000692692,0.000692692,0.000000000,manual_A_near_upright
pid,BALANCE,73.115,0.000420,-0.033293,0.000929,0.784800000,-0.000066532,0.000007323,0.000000,7,0.000009286,0.000928581,0.000663272,0.000663272,0.000000000,manual_A_near_upright
pid,BALANCE,73.135,0.000345,-0.033196,0.000889,0.784800000,-0.000069683,0.000006014,0.000000,7,0.000008891,0.000889058,0.000635042,0.000635042,0.000000000,manual_A_near_upright
pid,BALANCE,73.156,0.000262,-0.033090,0.000841,0.784800000,-0.000072399,0.000004580,0.000000,7,0.000008414,0.000841417,0.000601012,0.000601012,0.000000000,manual_A_near_upright
pid,BALANCE,73.177,0.000178,-0.032981,0.000799,0.784800000,-0.000074256,0.000003104,0.000000,7,0.000007989,0.000798863,0.000570617,0.000570617,0.000000000,manual_A_near_upright
pid,BALANCE,73.198,0.000092,-0.032869,0.000750,0.784800000,-0.000075483,0.000001599,0.000000,7,0.000007504,0.000750435,0.000536025,0.000536025,0.000000000,manual_A_near_upright
pid,BALANCE,73.218,0.000005,-0.032756,0.000708,0.784800000,-0.000075837,0.000000083,0.000000,7,0.000007080,0.000707968,0.000505691,0.000505691,0.000000000,manual_A_near_upright
pid,BALANCE,73.240,-0.000086,-0.032637,0.000655,0.784800000,-0.000075596,-0.000001507,0.000000,7,0.000006550,0.000654961,0.000467830,0.000467830,0.000000000,manual_A_near_upright
pid,BALANCE,73.260,-0.000168,-0.032530,0.000614,0.784800000,-0.000074539,-0.000002930,0.000000,7,0.000006145,0.000614452,0.000438894,0.000438894,0.000000000,manual_A_near_upright
pid,BALANCE,73.281,-0.000252,-0.032419,0.000568,0.784800000,-0.000072831,-0.000004397,0.000000,7,0.000005681,0.000568072,0.000405766,0.000405766,0.000000000,manual_A_near_upright
pid,BALANCE,73.302,-0.000333,-0.032311,0.000525,0.784800000,-0.000070396,-0.000005820,0.000000,7,0.000005247,0.000524697,0.000374784,0.000374784,0.000000000,manual_A_near_upright
pid,BALANCE,73.322,-0.000412,-0.032206,0.000484,0.784800000,-0.000067282,-0.000007184,0.000000,7,0.000004841,0.000484092,0.000345780,0.000345780,0.000000000,manual_A_near_upright
pid,BALANCE,73.343,-0.000486,-0.032105,0.000445,0.784800000,-0.000063563,-0.000008476,0.000000,7,0.000004447,0.000444678,0.000317627,0.000317627,0.000000000,manual_A_near_upright
pid,BALANCE,73.364,-0.000555,-0.032009,0.000411,0.784800000,-0.000059194,-0.000009685,0.000000,7,0.000004110,0.000410974,0.000293553,0.000293553,0.000000000,manual_A_near_upright
pid,BALANCE,73.385,-0.000619,-0.031920,0.000374,0.784800000,-0.000054416,-0.000010801,0.000000,7,0.000003740,0.000373986,0.000267133,0.000267133,0.000000000,manual_A_near_upright
pid,BALANCE,73.406,-0.000677,-0.031837,0.000344,0.784800000,-0.000049061,-0.000011812,0.000000,7,0.000003443,0.000344336,0.000245954,0.000245954,0.000000000,manual_A_near_upright
pid,BALANCE,73.427,-0.000728,-0.031762,0.000319,0.784800000,-0.000043256,-0.000012710,0.000000,7,0.000003190,0.000319042,0.000227887,0.000227887,0.000000000,manual_A_near_upright
pid,BALANCE,73.448,-0.000773,-0.031695,0.000295,0.784800000,-0.000037132,-0.000013487,0.000000,7,0.000002948,0.000294819,0.000210585,0.000210585,0.000000000,manual_A_near_upright
pid,BALANCE,73.469,-0.000810,-0.031636,0.000275,0.784800000,-0.000030679,-0.000014136,0.000000,7,0.000002752,0.000275186,0.000196561,0.000196561,0.000000000,manual_A_near_upright
pid,BALANCE,73.489,-0.000840,-0.031586,0.000261,0.784800000,-0.000023954,-0.000014653,0.000000,7,0.000002608,0.000260767,0.000186262,0.000186262,0.000000000,manual_A_near_upright
pid,BALANCE,73.510,-0.000861,-0.031545,0.000250,0.784800000,-0.000017065,-0.000015032,0.000000,7,0.000002496,0.000249602,0.000178287,0.000178287,0.000000000,manual_A_near_upright
pid,BALANCE,73.531,-0.000875,-0.031514,0.000243,0.784800000,-0.000010054,-0.000015272,0.000000,7,0.000002430,0.000242954,0.000173538,0.000173538,0.000000000,manual_A_near_upright
pid,BALANCE,73.552,-0.000881,-0.031493,0.000241,0.784800000,-0.000002990,-0.000015371,0.000000,7,0.000002409,0.000240857,0.000172040,0.000172040,0.000000000,manual_A_near_upright
pid,BALANCE,73.573,-0.000878,-0.031481,0.000243,0.784800000,0.000004045,-0.000015329,0.000000,7,0.000002426,0.000242592,0.000173280,0.000173280,0.000000000,manual_A_near_upright
pid,BALANCE,73.593,-0.000869,-0.031479,0.000129,0.784800000,0.000008483,-0.000015164,0.000000,7,0.000001289,0.000128868,0.000092049,0.000092049,0.000000000,manual_A_near_upright
pid,BALANCE,73.614,-0.000867,-0.031479,-0.000694,0.784800000,-0.000001647,-0.000015135,0.000000,7,-0.000006943,-0.000694297,-0.000495926,-0.000495926,0.000000000,manual_A_near_upright
pid,BALANCE,73.634,-0.000876,-0.031480,-0.001409,0.784800000,-0.000008605,-0.000015297,0.000000,7,-0.000014093,-0.001409345,-0.001006675,-0.001006675,0.000000000,manual_A_near_upright
pid,BALANCE,73.655,-0.000876,-0.031491,-0.001162,0.784800000,0.000004864,-0.000015287,0.000000,7,-0.000011622,-0.001162185,-0.000830132,-0.000830132,0.000000000,manual_A_near_upright
pid,BALANCE,73.676,-0.000862,-0.031515,-0.001124,0.784800000,0.000013416,-0.000015048,0.000000,7,-0.000011241,-0.001124123,-0.000802945,-0.000802945,0.000000000,manual_A_near_upright
pid,BALANCE,73.696,-0.000842,-0.031547,-0.001201,0.784800000,0.000019335,-0.000014701,0.000000,7,-0.000012006,-0.001200603,-0.000857573,-0.000857573,0.000000000,manual_A_near_upright
pid,BALANCE,73.717,-0.000813,-0.031590,-0.001133,0.784800000,0.000027921,-0.000014189,0.000000,7,-0.000011333,-0.001133287,-0.000809491,-0.000809491,0.000000000,manual_A_near_upright
pid,BALANCE,73.738,-0.000775,-0.031642,-0.001118,0.784800000,0.000034923,-0.000013526,0.000000,7,-0.000011183,-0.001118324,-0.000798803,-0.000798803,0.000000000,manual_A_near_upright
pid,BALANCE,73.759,-0.000730,-0.031703,-0.001103,0.784800000,0.000041442,-0.000012734,0.000000,7,-0.000011034,-0.001103432,-0.000788165,-0.000788165,0.000000000,manual_A_near_upright
pid,BALANCE,73.780,-0.000677,-0.031773,-0.001068,0.784800000,0.000047847,-0.000011811,0.000000,7,-0.000010675,-0.001067542,-0.000762530,-0.000762530,0.000000000,manual_A_near_upright
pid,BALANCE,73.800,-0.000617,-0.031851,-0.001034,0.784800000,0.000053587,-0.000010770,0.000000,7,-0.000010344,-0.001034396,-0.000738854,-0.000738854,0.000000000,manual_A_near_upright
pid,BALANCE,73.822,-0.000548,-0.031941,-0.000998,0.784800000,0.000058963,-0.000009563,0.000000,7,-0.000009976,-0.000997580,-0.000712557,-0.000712557,0.000000000,manual_A_near_upright
pid,BALANCE,73.842,-0.000480,-0.032029,-0.000963,0.784800000,0.000063204,-0.000008382,0.000000,7,-0.000009633,-0.000963280,-0.000688057,-0.000688057,0.000000000,manual_A_near_upright
pid,BALANCE,73.863,-0.000405,-0.032127,-0.000921,0.784800000,0.000067115,-0.000007060,0.000000,7,-0.000009206,-0.000920600,-0.000657571,-0.000657571,0.000000000,manual_A_near_upright
pid,BALANCE,73.884,-0.000325,-0.032229,-0.000879,0.784800000,0.000070276,-0.000005671,0.000000,7,-0.000008789,-0.000878929,-0.000627807,-0.000627807,0.000000000,manual_A_near_upright
pid,BALANCE,73.904,-0.000242,-0.032336,-0.000834,0.784800000,0.000072758,-0.000004228,0.000000,7,-0.000008342,-0.000834180,-0.000595843,-0.000595843,0.000000000,manual_A_near_upright
pid,BALANCE,73.925,-0.000157,-0.032446,-0.000789,0.784800000,0.000074504,-0.000002746,0.000000,7,-0.000007886,-0.000788629,-0.000563307,-0.000563307,0.000000000,manual_A_near_upright
pid,BALANCE,73.946,-0.000071,-0.032557,-0.000743,0.784800000,0.000075509,-0.000001240,0.000000,7,-0.000007426,-0.000742577,-0.000530412,-0.000530412,0.000000000,manual_A_near_upright
pid,BALANCE,73.967,0.000016,-0.032670,-0.000694,0.784800000,0.000075818,0.000000275,0.000000,7,-0.000006941,-0.000694071,-0.000495765,-0.000495765,0.000000000,manual_A_near_upright
pid,BALANCE,73.988,0.000102,-0.032784,-0.000647,0.784800000,0.000075366,0.000001787,0.000000,7,-0.000006466,-0.000646628,-0.000461877,-0.000461877,0.000000000,manual_A_near_upright
pid,BALANCE,74.009,0.000188,-0.032896,-0.000603,0.784800000,0.000074130,0.000003277,0.000000,7,-0.000006027,-0.000602686,-0.000430490,-0.000430490,0.000000000,manual_A_near_upright
pid,BALANCE,74.030,0.000271,-0.033006,-0.000558,0.784800000,0.000072227,0.000004734,0.000000,7,-0.000005802,-0.000580229,-0.000414450,-0.000414450,0.000000000,manual_A_near_upright
pid,BALANCE,74.051,0.000352,-0.033114,-0.000515,0.784800000,0.000069630,0.000006142,0.000000,7,-0.000005151,-0.000515119,-0.000367942,-0.000367942,0.000000000,manual_A_near_upright
pid,BALANCE,74.072,0.000429,-0.033218,-0.000475,0.784800000,0.000066373,0.000007488,0.000000,7,-0.000004746,-0.000474607,-0.000339005,-0.000339005,0.000000000,manual_A_near_upright
pid,BALANCE,74.093,0.000502,-0.033317,-0.000436,0.784800000,0.000062507,0.000008761,0.000000,7,-0.000004361,-0.000436080,-0.000311486,-0.000311486,0.000000000,manual_A_near_upright
pid,BALANCE,74.114,0.000573,-0.033416,-0.000399,0.784800000,0.000057831,0.000010004,0.000000,7,-0.000003986,-0.000398565,-0.000284690,-0.000284690,0.000000000,manual_A_near_upright
pid,BALANCE,74.134,0.000632,-0.033499,-0.000370,0.784800000,0.000053050,0.000011037,0.000000,7,-0.000003698,-0.000369849,-0.000264178,-0.000264178,0.000000000,manual_A_near_upright
pid,BALANCE,74.155,0.000689,-0.033580,-0.000338,0.784800000,0.000047655,0.000012021,0.000000,7,-0.000003382,-0.000338188,-0.000241563,-0.000241563,0.000000000,manual_A_near_upright
pid,BALANCE,74.176,0.000739,-0.033653,-0.000312,0.784800000,0.000041800,0.000012890,0.000000,7,-0.000003119,-0.000311870,-0.000222764,-0.000222764,0.000000000,manual_A_near_upright
pid,BALANCE,74.197,0.000781,-0.033719,-0.000291,0.784800000,0.000035556,0.000013636,0.000000,7,-0.000002908,-0.000290756,-0.000207683,-0.000207683,0.000000000,manual_A_near_upright
pid,BALANCE,74.218,0.000817,-0.033775,-0.000272,0.784800000,0.000029047,0.000014253,0.000000,7,-0.000002721,-0.000272096,-0.000194354,-0.000194354,0.000000000,manual_A_near_upright
pid,BALANCE,74.239,0.000844,-0.033823,-0.000258,0.784800000,0.000022293,0.000014736,0.000000,7,-0.000002581,-0.000258102,-0.000184359,-0.000184359,0.000000000,manual_A_near_upright
pid,BALANCE,74.259,0.000864,-0.033861,-0.000248,0.784800000,0.000015371,0.000015082,0.000000,7,-0.000002483,-0.000248337,-0.000177384,-0.000177384,0.000000000,manual_A_near_upright
pid,BALANCE,74.280,0.000876,-0.033890,-0.000243,0.784800000,0.000008355,0.000015288,0.000000,7,-0.000002427,-0.000242689,-0.000173349,-0.000173349,0.000000000,manual_A_near_upright
pid,BALANCE,74.301,0.000880,-0.033909,-0.000241,0.784800000,0.000001305,0.000015353,0.000000,7,-0.000002414,-0.000241364,-0.000172403,-0.000172403,0.000000000,manual_A_near_upright
pid,BALANCE,74.322,0.000875,-0.033918,-0.000244,0.784800000,-0.000005710,0.000015277,0.000000,7,-0.000002443,-0.000244315,-0.000174511,-0.000174511,0.000000000,manual_A_near_upright
pid,BALANCE,74.343,0.000866,-0.033919,0.000042,0.784800000,-0.000006505,0.000015116,0.000000,7,0.000000419,0.000041939,0.000029956,0.000029956,0.000000000,manual_A_near_upright
pid,BALANCE,74.364,0.000867,-0.033919,0.000904,0.784800000,0.000004256,0.000015140,0.000000,7,0.000009042,0.000904180,0.000645843,0.000645843,0.000000000,manual_A_near_upright
pid,BALANCE,74.385,0.000876,-0.033917,0.001397,0.784800000,0.000006414,0.000015294,0.000000,7,0.000013972,0.001397182,0.000997987,0.000997987,0.000000000,manual_A_near_upright
pid,BALANCE,74.407,0.000872,-0.033903,0.001123,0.784800000,-0.000007515,0.000015223,0.000000,7,0.000011226,0.001122639,0.000801885,0.000801885,0.000000000,manual_A_near_upright
pid,BALANCE,74.427,0.000857,-0.033877,0.001135,0.784800000,-0.000014906,0.000014950,0.000000,7,0.000011354,0.001135361,0.000810972,0.000810972,0.000000000,manual_A_near_upright
pid,BALANCE,74.448,0.000835,-0.033842,0.001197,0.784800000,-0.000021063,0.000014571,0.000000,7,0.000011968,0.001196759,0.000854828,0.000854828,0.000000000,manual_A_near_upright
pid,BALANCE,74.469,0.000804,-0.033797,0.001127,0.784800000,-0.000029592,0.000014024,0.000000,7,0.000011267,0.001126691,0.000804779,0.000804779,0.000000000,manual_A_near_upright
pid,BALANCE,74.489,0.000764,-0.033743,0.001115,0.784800000,-0.000036413,0.000013331,0.000000,7,0.000011145,0.001114520,0.000796086,0.000796086,0.000000000,manual_A_near_upright
pid,BALANCE,74.511,0.000714,-0.033676,0.001093,0.784800000,-0.000043227,0.000012464,0.000000,7,0.000010928,0.001092817,0.000780584,0.000780584,0.000000000,manual_A_near_upright
pid,BALANCE,74.531,0.000662,-0.033608,0.001059,0.784800000,-0.000049156,0.000011559,0.000000,7,0.000010588,0.001058803,0.000756288,0.000756288,0.000000000,manual_A_near_upright
pid,BALANCE,74.552,0.000601,-0.033528,0.001026,0.784800000,-0.000054730,0.000010494,0.000000,7,0.000010261,0.001026144,0.000732960,0.000732960,0.000000000,manual_A_near_upright
pid,BALANCE,74.572,0.000534,-0.033441,0.000990,0.784800000,-0.000059720,0.000009326,0.000000,7,0.000009903,0.000990287,0.000707348,0.000707348,0.000000000,manual_A_near_upright
pid,BALANCE,74.593,0.000462,-0.033348,0.000950,0.784800000,-0.000064110,0.000008067,0.000000,7,0.000009503,0.000950340,0.000678814,0.000678814,0.000000000,manual_A_near_upright
pid,BALANCE,74.614,0.000386,-0.033249,0.000909,0.784800000,-0.000067813,0.000006729,0.000000,7,0.000009091,0.000909120,0.000649371,0.000649371,0.000000000,manual_A_near_upright
pid,BALANCE,74.634,0.000305,-0.033145,0.000866,0.784800000,-0.000070827,0.000005328,0.000000,7,0.000008659,0.000865855,0.000618468,0.000618468,0.000000000,manual_A_near_upright
pid,BALANCE,74.655,0.000222,-0.033038,0.000821,0.784800000,-0.000073128,0.000003877,0.000000,7,0.000008210,0.000821028,0.000586449,0.000586449,0.000000000,manual_A_near_upright
pid,BALANCE,74.676,0.000137,-0.032928,0.000775,0.784800000,-0.000074694,0.000002390,0.000000,7,0.000007754,0.000775406,0.000553861,0.000553861,0.000000000,manual_A_near_upright
pid,BALANCE,74.697,0.000051,-0.032816,0.000729,0.784800000,-0.000075522,0.000000883,0.000000,7,0.000007292,0.000729201,0.000520858,0.000520858,0.000000000,manual_A_near_upright
pid,BALANCE,74.718,-0.000036,-0.032703,0.000683,0.784800000,-0.000075610,-0.000000630,0.000000,7,0.000006830,0.000682989,0.000487849,0.000487849,0.000000000,manual_A_near_upright
pid,BALANCE,74.738,-0.000122,-0.032590,0.000637,0.784800000,-0.000074966,-0.000002134,0.000000,7,0.000006372,0.000637158,0.000455113,0.000455113,0.000000000,manual_A_near_upright
pid,BALANCE,74.760,-0.000207,-0.032478,0.000593,0.784800000,-0.000073574,-0.000003614,0.000000,7,0.000005934,0.000593432,0.000423880,0.000423880,0.000000000,manual_A_near_upright
pid,BALANCE,74.781,-0.000290,-0.032369,0.000547,0.784800000,-0.000071554,-0.000005058,0.000000,7,0.000005473,0.000547321,0.000390943,0.000390943,0.000000000,manual_A_near_upright
pid,BALANCE,74.801,-0.000370,-0.032262,0.000506,0.784800000,-0.000068788,-0.000006450,0.000000,7,0.000005062,0.000506197,0.000361569,0.000361569,0.000000000,manual_A_near_upright
pid,BALANCE,74.822,-0.000446,-0.032159,0.000466,0.784800000,-0.000065400,-0.000007778,0.000000,7,0.000004660,0.000466036,0.000332883,0.000332883,0.000000000,manual_A_near_upright
pid,BALANCE,74.842,-0.000517,-0.032061,0.000429,0.784800000,-0.000061388,-0.000009028,0.000000,7,0.000004483,0.000448346,0.000320247,0.000320247,0.000000000,manual_A_near_upright
pid,BALANCE,74.863,-0.000584,-0.031969,0.000394,0.784800000,-0.000056845,-0.000010191,0.000000,7,0.000003936,0.000393630,0.000281164,0.000281164,0.000000000,manual_A_near_upright
pid,BALANCE,74.885,-0.000645,-0.031883,0.000363,0.784800000,-0.000051744,-0.000011255,0.000000,7,0.000003632,0.000363176,0.000259412,0.000259412,0.000000000,manual_A_near_upright
pid,BALANCE,74.906,-0.000700,-0.031803,0.000332,0.784800000,-0.000046263,-0.000012211,0.000000,7,0.000003321,0.000332085,0.000237204,0.000237204,0.000000000,manual_A_near_upright
pid,BALANCE,74.926,-0.000748,-0.031732,0.000308,0.784800000,-0.000040314,-0.000013051,0.000000,7,0.000003076,0.000307550,0.000219679,0.000219679,0.000000000,manual_A_near_upright
pid,BALANCE,74.947,-0.000789,-0.031669,0.000287,0.784800000,-0.000034020,-0.000013766,0.000000,7,0.000002869,0.000286854,0.000204896,0.000204896,0.000000000,manual_A_near_upright
pid,BALANCE,74.969,-0.000822,-0.031614,0.000269,0.784800000,-0.000027463,-0.000014352,0.000000,7,0.000002692,0.000269166,0.000192261,0.000192261,0.000000000,manual_A_near_upright
pid,BALANCE,74.989,-0.000848,-0.031569,0.000256,0.784800000,-0.000020674,-0.000014803,0.000000,7,0.000002563,0.000256289,0.000183064,0.000183064,0.000000000,manual_A_near_upright
pid,BALANCE,75.010,-0.000866,-0.031533,0.000247,0.784800000,-0.000013739,-0.000015117,0.000000,7,0.000002474,0.000247426,0.000176733,0.000176733,0.000000000,manual_A_near_upright
pid,BALANCE,75.031,-0.000876,-0.031506,0.000243,0.784800000,-0.000006721,-0.000015290,0.000000,7,0.000002428,0.000242768,0.000173405,0.000173405,0.000000000,manual_A_near_upright
pid,BALANCE,75.053,-0.000878,-0.031489,0.000242,0.784800000,0.000000316,-0.000015322,0.000000,7,0.000002424,0.000242405,0.000173146,0.000173146,0.000000000,manual_A_near_upright
pid,BALANCE,75.073,-0.000872,-0.031482,0.000246,0.784800000,0.000007302,-0.000015214,0.000000,7,0.000002464,0.000246394,0.000175996,0.000175996,0.000000000,manual_A_near_upright
pid,BALANCE,75.095,-0.000864,-0.031482,-0.000228,0.784800000,0.000004168,-0.000015076,0.000000,7,-0.000002282,-0.000228213,-0.000163009,-0.000163009,0.000000000,manual_A_near_upright
pid,BALANCE,75.115,-0.000868,-0.031482,-0.001109,0.784800000,-0.000006784,-0.000015151,0.000000,7,-0.000011088,-0.001108785,-0.000791990,-0.000791990,0.000000000,manual_A_near_upright
pid,BALANCE,75.136,-0.000876,-0.031486,-0.001358,0.784800000,-0.000003716,-0.000015288,0.000000,7,-0.000013884,-0.001388448,-0.000991748,-0.000991748,0.000000000,manual_A_near_upright
pid,BALANCE,75.157,-0.000868,-0.031504,-0.001084,0.784800000,0.000010060,-0.000015151,0.000000,7,-0.000010842,-0.001084155,-0.000774397,-0.000774397,0.000000000,manual_A_near_upright
pid,BALANCE,75.178,-0.000851,-0.031532,-0.001177,0.784800000,0.000015720,-0.000014861,0.000000,7,-0.000011765,-0.001176533,-0.000840381,-0.000840381,0.000000000,manual_A_near_upright
pid,BALANCE,75.199,-0.000828,-0.031568,-0.001175,0.784800000,0.000023130,-0.000014446,0.000000,7,-0.000011750,-0.001175037,-0.000839312,-0.000839312,0.000000000,manual_A_near_upright
pid,BALANCE,75.220,-0.000794,-0.031616,-0.001117,0.784800000,0.000031288,-0.000013861,0.000000,7,-0.000011168,-0.001116751,-0.000811786,-0.000811786,0.000000000,manual_A_near_upright
pid,BALANCE,75.241,-0.000753,-0.031672,-0.001115,0.784800000,0.000037779,-0.000013141,0.000000,7,-0.000011149,-0.001114920,-0.000796372,-0.000796372,0.000000000,manual_A_near_upright
pid,BALANCE,75.262,-0.000704,-0.031737,-0.001085,0.784800000,0.000044348,-0.000012290,0.000000,7,-0.000010852,-0.001085198,-0.000775142,-0.000775142,0.000000000,manual_A_near_upright
pid,BALANCE,75.283,-0.000648,-0.031811,-0.001049,0.784800000,0.000050459,-0.000011313,0.000000,7,-0.000010495,-0.001049477,-0.000749626,-0.000749626,0.000000000,manual_A_near_upright
pid,BALANCE,75.304,-0.000586,-0.031892,-0.001019,0.784800000,0.000055835,-0.000010225,0.000000,7,-0.000010192,-0.001019179,-0.000727985,-0.000727985,0.000000000,manual_A_near_upright
pid,BALANCE,75.325,-0.000518,-0.031981,-0.000981,0.784800000,0.000060722,-0.000009036,0.000000,7,-0.000009809,-0.000980914,-0.000700653,-0.000700653,0.000000000,manual_A_near_upright
pid,BALANCE,75.346,-0.000445,-0.032075,-0.000941,0.784800000,0.000064954,-0.000007759,0.000000,7,-0.000009407,-0.000940710,-0.000671935,-0.000671935,0.000000000,manual_A_near_upright
pid,BALANCE,75.367,-0.000367,-0.032175,-0.000898,0.784800000,0.000068518,-0.000006407,0.000000,7,-0.000008982,-0.000898202,-0.000641573,-0.000641573,0.000000000,manual_A_near_upright
pid,BALANCE,75.388,-0.000286,-0.032279,-0.000856,0.784800000,0.000071335,-0.000004994,0.000000,7,-0.000008563,-0.000856281,-0.000611629,-0.000611629,0.000000000,manual_A_near_upright
pid,BALANCE,75.409,-0.000203,-0.032387,-0.000812,0.784800000,0.000073445,-0.000003536,0.000000,7,-0.000008125,-0.000812478,-0.000580341,-0.000580341,0.000000000,manual_A_near_upright
pid,BALANCE,75.429,-0.000117,-0.032498,-0.000765,0.784800000,0.000074891,-0.000002044,0.000000,7,-0.000007646,-0.000764556,-0.000546112,-0.000546112,0.000000000,manual_A_near_upright
pid,BALANCE,75.451,-0.000031,-0.032610,-0.000720,0.784800000,0.000075523,-0.000000536,0.000000,7,-0.000007198,-0.000719763,-0.000514117,-0.000514117,0.000000000,manual_A_near_upright
pid,BALANCE,75.471,0.000056,-0.032723,-0.000672,0.784800000,0.000075481,0.000000975,0.000000,7,-0.000006717,-0.000671726,-0.000479804,-0.000479804,0.000000000,manual_A_near_upright
pid,BALANCE,75.492,0.000142,-0.032835,-0.000627,0.784800000,0.000074652,0.000002474,0.000000,7,-0.000006267,-0.000626719,-0.000447656,-0.000447656,0.000000000,manual_A_near_upright
pid,BALANCE,75.512,0.000226,-0.032947,-0.000583,0.784800000,0.000073092,0.000003945,0.000000,7,-0.000005834,-0.000583408,-0.000416720,-0.000416720,0.000000000,manual_A_near_upright
pid,BALANCE,75.533,0.000308,-0.033056,-0.000539,0.784800000,0.000070890,0.000005376,0.000000,7,-0.000005389,-0.000538880,-0.000384914,-0.000384914,0.000000000,manual_A_near_upright
pid,BALANCE,75.554,0.000387,-0.033161,-0.000499,0.784800000,0.000067952,0.000006753,0.000000,7,-0.000004992,-0.000499247,-0.000356605,-0.000356605,0.000000000,manual_A_near_upright
pid,BALANCE,75.575,0.000462,-0.033263,-0.000456,0.784800000,0.000064491,0.000008063,0.000000,7,-0.000004565,-0.000456482,-0.000326059,-0.000326059,0.000000000,manual_A_near_upright
pid,BALANCE,75.596,0.000532,-0.033360,-0.000420,0.784800000,0.000060354,0.000009294,0.000000,7,-0.000004198,-0.000419826,-0.000299876,-0.000299876,0.000000000,manual_A_near_upright
pid,BALANCE,75.617,0.000598,-0.033451,-0.000386,0.784800000,0.000055662,0.000010433,0.000000,7,-0.000003862,-0.000386229,-0.000275878,-0.000275878,0.000000000,manual_A_near_upright
pid,BALANCE,75.638,0.000657,-0.033535,-0.000355,0.784800000,0.000050494,0.000011473,0.000000,7,-0.000003545,-0.000354516,-0.000253226,-0.000253226,0.000000000,manual_A_near_upright
pid,BALANCE,75.659,0.000711,-0.033613,-0.000327,0.784800000,0.000044862,0.000012402,0.000000,7,-0.000003270,-0.000326986,-0.000233562,-0.000233562,0.000000000,manual_A_near_upright
pid,BALANCE,75.680,0.000757,-0.033682,-0.000304,0.784800000,0.000038826,0.000013212,0.000000,7,-0.000003037,-0.000303749,-0.000216964,-0.000216964,0.000000000,manual_A_near_upright
pid,BALANCE,75.701,0.000796,-0.033743,-0.000282,0.784800000,0.000032506,0.000013897,0.000000,7,-0.000002821,-0.000282120,-0.000201514,-0.000201514,0.000000000,manual_A_near_upright
pid,BALANCE,75.722,0.000828,-0.033796,-0.000267,0.784800000,0.000025860,0.000014452,0.000000,7,-0.000002673,-0.000267286,-0.000190918,-0.000190918,0.000000000,manual_A_near_upright
pid,BALANCE,75.743,0.000852,-0.033839,-0.000254,0.784800000,0.000019060,0.000014870,0.000000,7,-0.000002543,-0.000254333,-0.000181666,-0.000181666,0.000000000,manual_A_near_upright
pid,BALANCE,75.764,0.000868,-0.033873,-0.000246,0.784800000,0.000012111,0.000015151,0.000000,7,-0.000002462,-0.000246247,-0.000175891,-0.000175891,0.000000000,manual_A_near_upright
pid,BALANCE,75.785,0.000876,-0.033897,-0.000243,0.784800000,0.000005078,0.000015292,0.000000,7,-0.000002432,-0.000243240,-0.000173743,-0.000173743,0.000000000,manual_A_near_upright
pid,BALANCE,75.806,0.000876,-0.033912,-0.000243,0.784800000,-0.000001934,0.000015291,0.000000,7,-0.000002435,-0.000243486,-0.000173918,-0.000173918,0.000000000,manual_A_near_upright
pid,BALANCE,75.827,0.000868,-0.033916,-0.000248,0.784800000,-0.000008888,0.000015152,0.000000,7,-0.000002483,-0.000248319,-0.000177371,-0.000177371,0.000000000,manual_A_near_upright
pid,BALANCE,75.847,0.000863,-0.033916,0.000423,0.784800000,-0.000001700,0.000015056,0.000000,7,0.000004232,0.000423222,0.000302301,0.000302301,0.000000000,manual_A_near_upright
pid,BALANCE,75.868,0.000869,-0.033916,0.001253,0.784800000,0.000007984,0.000015171,0.000000,7,0.000012530,0.001252954,0.000894967,0.000894967,0.000000000,manual_A_near_upright
pid,BALANCE,75.888,0.000874,-0.033909,0.001288,0.784800000,0.000000401,0.000015259,0.000000,7,0.000012881,0.001288095,0.000920068,0.000920068,0.000000000,manual_A_near_upright
pid,BALANCE,75.909,0.000864,-0.033889,0.001084,0.784800000,-0.000011769,0.000015073,0.000000,7,0.000010839,0.001083948,0.000774249,0.000774249,0.000000000,manual_A_near_upright
pid,BALANCE,75.930,0.000846,-0.033859,0.001192,0.784800000,-0.000017044,0.000014761,0.000000,7,0.000011921,0.001192056,0.000851469,0.000851469,0.000000000,manual_A_near_upright
pid,BALANCE,75.951,0.000820,-0.033820,0.001157,0.784800000,-0.000025066,0.000014308,0.000000,7,0.000011570,0.001156952,0.000826394,0.000826394,0.000000000,manual_A_near_upright
pid,BALANCE,75.972,0.000784,-0.033771,0.001114,0.784800000,-0.000032779,0.000013691,0.000000,7,0.000011141,0.001114087,0.000795776,0.000795776,0.000000000,manual_A_near_upright
pid,BALANCE,75.993,0.000742,-0.033713,0.001111,0.784800000,-0.000039187,0.000012942,0.000000,7,0.000011106,0.001110597,0.000793283,0.000793283,0.000000000,manual_A_near_upright
pid,BALANCE,76.013,0.000691,-0.033645,0.001077,0.784800000,-0.000045701,0.000012064,0.000000,7,0.000010770,0.001077033,0.000769309,0.000769309,0.000000000,manual_A_near_upright
pid,BALANCE,76.034,0.000634,-0.033570,0.001042,0.784800000,-0.000051646,0.000011062,0.000000,7,0.000010423,0.001042315,0.000744510,0.000744510,0.000000000,manual_A_near_upright
pid,BALANCE,76.054,0.000570,-0.033487,0.001012,0.784800000,-0.000056875,0.000009952,0.000000,7,0.000010117,0.001011737,0.000722669,0.000722669,0.000000000,manual_A_near_upright
pid,BALANCE,76.075,0.000501,-0.033398,0.000973,0.784800000,-0.000061607,0.000008745,0.000000,7,0.000009732,0.000973243,0.000695174,0.000695174,0.000000000,manual_A_near_upright
pid,BALANCE,76.096,0.000427,-0.033302,0.000934,0.784800000,-0.000065664,0.000007453,0.000000,7,0.000009337,0.000933727,0.000666948,0.000666948,0.000000000,manual_A_near_upright
pid,BALANCE,76.116,0.000349,-0.033201,0.000888,0.784800000,-0.000069121,0.000006088,0.000000,7,0.000008884,0.000888403,0.000634574,0.000634574,0.000000000,manual_A_near_upright
pid,BALANCE,76.138,0.000267,-0.033096,0.000845,0.784800000,-0.000071791,0.000004666,0.000000,7,0.000008453,0.000845333,0.000603809,0.000603809,0.000000000,manual_A_near_upright
pid,BALANCE,76.159,0.000183,-0.032987,0.000801,0.784800000,-0.000073749,0.000003200,0.000000,7,0.000008006,0.000800594,0.000571853,0.000571853,0.000000000,manual_A_near_upright
pid,BALANCE,76.180,0.000098,-0.032877,0.000754,0.784800000,-0.000074991,0.000001706,0.000000,7,0.000007542,0.000754237,0.000538741,0.000538741,0.000000000,manual_A_near_upright
pid,BALANCE,76.201,0.000011,-0.032764,0.000708,0.784800000,-0.000075479,0.000000198,0.000000,7,0.000007083,0.000708267,0.000505905,0.000505905,0.000000000,manual_A_near_upright
pid,BALANCE,76.222,-0.000075,-0.032652,0.000666,0.784800000,-0.000075169,-0.000001309,0.000000,7,0.000006656,0.000665619,0.000475442,0.000475442,0.000000000,manual_A_near_upright
pid,BALANCE,76.243,-0.000160,-0.032539,0.000618,0.784800000,-0.000074248,-0.000002800,0.000000,7,0.000006180,0.000617973,0.000441409,0.000441409,0.000000000,manual_A_near_upright
pid,BALANCE,76.264,-0.000244,-0.032429,0.000573,0.784800000,-0.000072574,-0.000004262,0.000000,7,0.000005733,0.000573274,0.000409481,0.000409481,0.000000000,manual_A_near_upright
pid,BALANCE,76.285,-0.000325,-0.032320,0.000528,0.784800000,-0.000070241,-0.000005681,0.000000,7,0.000005284,0.000528432,0.000377452,0.000377452,0.000000000,manual_A_near_upright
pid,BALANCE,76.306,-0.000407,-0.032210,0.000486,0.784800000,-0.000067018,-0.000007109,0.000000,7,0.000004863,0.000486288,0.000347349,0.000347349,0.000000000,manual_A_near_upright
pid,BALANCE,76.327,-0.000477,-0.032115,0.000452,0.784800000,-0.000063479,-0.000008334,0.000000,7,0.000004517,0.000451669,0.000322621,0.000322621,0.000000000,manual_A_near_upright
pid,BALANCE,76.347,-0.000547,-0.032020,0.000412,0.784800000,-0.000059295,-0.000009543,0.000000,7,0.000004124,0.000412442,0.000294601,0.000294601,0.000000000,manual_A_near_upright
pid,BALANCE,76.368,-0.000611,-0.031930,0.000378,0.784800000,-0.000054518,-0.000010661,0.000000,7,0.000003785,0.000378467,0.000270334,0.000270334,0.000000000,manual_A_near_upright
pid,BALANCE,76.389,-0.000669,-0.031847,0.000350,0.784800000,-0.000049201,-0.000011675,0.000000,7,0.000003502,0.000350171,0.000250122,0.000250122,0.000000000,manual_A_near_upright
pid,BALANCE,76.410,-0.000721,-0.031772,0.000321,0.784800000,-0.000043537,-0.000012578,0.000000,7,0.000003210,0.000321040,0.000229314,0.000229314,0.000000000,manual_A_near_upright
pid,BALANCE,76.430,-0.000766,-0.031704,0.000299,0.784800000,-0.000037430,-0.000013361,0.000000,7,0.000002986,0.000298634,0.000213310,0.000213310,0.000000000,manual_A_near_upright
pid,BALANCE,76.452,-0.000803,-0.031645,0.000279,0.784800000,-0.000031023,-0.000014017,0.000000,7,0.000002794,0.000279353,0.000199538,0.000199538,0.000000000,manual_A_near_upright
pid,BALANCE,76.472,-0.000833,-0.031594,0.000264,0.784800000,-0.000024371,-0.000014541,0.000000,7,0.000002637,0.000263738,0.000188385,0.000188385,0.000000000,manual_A_near_upright
pid,BALANCE,76.493,-0.000855,-0.031553,0.000253,0.784800000,-0.000017521,-0.000014930,0.000000,7,0.000002528,0.000252775,0.000180553,0.000180553,0.000000000,manual_A_near_upright
pid,BALANCE,76.515,-0.000870,-0.031521,0.000246,0.784800000,-0.000010556,-0.000015179,0.000000,7,0.000002458,0.000245793,0.000175566,0.000175566,0.000000000,manual_A_near_upright
pid,BALANCE,76.536,-0.000876,-0.031499,0.000243,0.784800000,-0.000003537,-0.000015289,0.000000,7,0.000002431,0.000243068,0.000173620,0.000173620,0.000000000,manual_A_near_upright
pid,BALANCE,76.557,-0.000874,-0.031487,0.000245,0.784800000,0.000003470,-0.000015258,0.000000,7,0.000002447,0.000244669,0.000174764,0.000174764,0.000000000,manual_A_near_upright
pid,BALANCE,76.577,-0.000865,-0.031484,0.000181,0.784800000,0.000008929,-0.000015097,0.000000,7,0.000001807,0.000180748,0.000129106,0.000129106,0.000000000,manual_A_near_upright
pid,BALANCE,76.598,-0.000862,-0.031484,-0.000614,0.784800000,-0.000000712,-0.000015050,0.000000,7,-0.000006142,-0.000614236,-0.000438740,-0.000438740,0.000000000,manual_A_near_upright
pid,BALANCE,76.620,-0.000871,-0.031485,-0.001361,0.784800000,-0.000008447,-0.000015198,0.000000,7,-0.000013606,-0.001360610,-0.000971864,-0.000971864,0.000000000,manual_A_near_upright
pid,BALANCE,76.640,-0.000872,-0.031495,-0.001204,0.784800000,0.000003116,-0.000015223,0.000000,7,-0.000012040,-0.001204005,-0.000860003,-0.000860003,0.000000000,manual_A_near_upright
pid,BALANCE,76.660,-0.000859,-0.031517,-0.001104,0.784800000,0.000012986,-0.000014999,0.000000,7,-0.000011037,-0.001103725,-0.000788375,-0.000788375,0.000000000,manual_A_near_upright
pid,BALANCE,76.681,-0.000840,-0.031549,-0.001199,0.784800000,0.000018495,-0.000014664,0.000000,7,-0.000011987,-0.001198720,-0.000856229,-0.000856229,0.000000000,manual_A_near_upright
pid,BALANCE,76.702,-0.000812,-0.031590,-0.001139,0.784800000,0.000026929,-0.000014174,0.000000,7,-0.000011393,-0.001139301,-0.000813787,-0.000813787,0.000000000,manual_A_near_upright
pid,BALANCE,76.723,-0.000773,-0.031644,-0.001115,0.784800000,0.000034471,-0.000013491,0.000000,7,-0.000011147,-0.001114681,-0.000796201,-0.000796201,0.000000000,manual_A_near_upright
pid,BALANCE,76.743,-0.000731,-0.031702,-0.001105,0.784800000,0.000040584,-0.000012751,0.000000,7,-0.000011047,-0.001104698,-0.000789070,-0.000789070,0.000000000,manual_A_near_upright
pid,BALANCE,76.764,-0.000676,-0.031774,-0.001065,0.784800000,0.000047367,-0.000011796,0.000000,7,-0.000010650,-0.001064977,-0.000760698,-0.000760698,0.000000000,manual_A_near_upright
pid,BALANCE,76.785,-0.000620,-0.031848,-0.001038,0.784800000,0.000052756,-0.000010819,0.000000,7,-0.000010376,-0.001037565,-0.000741118,-0.000741118,0.000000000,manual_A_near_upright
pid,BALANCE,76.806,-0.000555,-0.031932,-0.001002,0.784800000,0.000057953,-0.000009688,0.000000,7,-0.000010018,-0.001001796,-0.000715568,-0.000715568,0.000000000,manual_A_near_upright
pid,BALANCE,76.827,-0.000485,-0.032023,-0.000962,0.784800000,0.000062552,-0.000008461,0.000000,7,-0.000009623,-0.000962344,-0.000687389,-0.000687389,0.000000000,manual_A_near_upright
pid,BALANCE,76.848,-0.000410,-0.032120,-0.000923,0.784800000,0.000066457,-0.000007152,0.000000,7,-0.000009226,-0.000922555,-0.000658968,-0.000658968,0.000000000,manual_A_near_upright
pid,BALANCE,76.869,-0.000327,-0.032227,-0.000877,0.784800000,0.000069850,-0.000005704,0.000000,7,-0.000008773,-0.000877271,-0.000626622,-0.000626622,0.000000000,manual_A_near_upright
pid,BALANCE,76.890,-0.000249,-0.032327,-0.000837,0.784800000,0.000072198,-0.000004343,0.000000,7,-0.000008372,-0.000837248,-0.000598034,-0.000598034,0.000000000,manual_A_near_upright
pid,BALANCE,76.911,-0.000165,-0.032436,-0.000790,0.784800000,0.000074054,-0.000002871,0.000000,7,-0.000007897,-0.000789682,-0.000564058,-0.000564058,0.000000000,manual_A_near_upright
pid,BALANCE,76.932,-0.000079,-0.032548,-0.000744,0.784800000,0.000075116,-0.000001373,0.000000,7,-0.000007442,-0.000744151,-0.000531536,-0.000531536,0.000000000,manual_A_near_upright
pid,BALANCE,76.953,0.000008,-0.032660,-0.000700,0.784800000,0.000075413,0.000000134,0.000000,7,-0.000006998,-0.000699768,-0.000499834,-0.000499834,0.000000000,manual_A_near_upright
pid,BALANCE,76.974,0.000094,-0.032773,-0.000651,0.784800000,0.000075065,0.000001639,0.000000,7,-0.000006511,-0.000651076,-0.000465054,-0.000465054,0.000000000,manual_A_near_upright
pid,BALANCE,76.994,0.000179,-0.032885,-0.000607,0.784800000,0.000073907,0.000003125,0.000000,7,-0.000006071,-0.000607051,-0.000433608,-0.000433608,0.000000000,manual_A_near_upright
pid,BALANCE,77.015,0.000262,-0.032995,-0.000563,0.784800000,0.000072069,0.000004578,0.000000,7,-0.000005629,-0.000562917,-0.000402084,-0.000402084,0.000000000,manual_A_near_upright
pid,BALANCE,77.035,0.000343,-0.033102,-0.000521,0.784800000,0.000069532,0.000005984,0.000000,7,-0.000005210,-0.000521018,-0.000372156,-0.000372156,0.000000000,manual_A_near_upright
pid,BALANCE,77.056,0.000420,-0.033206,-0.000483,0.784800000,0.000066311,0.000007328,0.000000,7,-0.000004827,-0.000482680,-0.000344772,-0.000344772,0.000000000,manual_A_near_upright
pid,BALANCE,77.077,0.000496,-0.033310,-0.000439,0.784800000,0.000062394,0.000008664,0.000000,7,-0.000004387,-0.000438707,-0.000313362,-0.000313362,0.000000000,manual_A_near_upright
pid,BALANCE,77.097,0.000561,-0.033400,-0.000407,0.784800000,0.000058182,0.000009791,0.000000,7,-0.000004071,-0.000407130,-0.000290807,-0.000290807,0.000000000,manual_A_near_upright
pid,BALANCE,77.118,0.000624,-0.033488,-0.000372,0.784800000,0.000053345,0.000010885,0.000000,7,-0.000003889,-0.000388899,-0.000277785,-0.000277785,0.000000000,manual_A_near_upright
pid,BALANCE,77.139,0.000680,-0.033569,-0.000343,0.784800000,0.000047957,0.000011875,0.000000,7,-0.000003426,-0.000342588,-0.000244706,-0.000244706,0.000000000,manual_A_near_upright
pid,BALANCE,77.160,0.000731,-0.033643,-0.000317,0.784800000,0.000042152,0.000012751,0.000000,7,-0.000003169,-0.000316909,-0.000226364,-0.000226364,0.000000000,manual_A_near_upright
pid,BALANCE,77.181,0.000774,-0.033708,-0.000294,0.784800000,0.000036002,0.000013505,0.000000,7,-0.000002941,-0.000294113,-0.000210081,-0.000210081,0.000000000,manual_A_near_upright
pid,BALANCE,77.202,0.000810,-0.033766,-0.000276,0.784800000,0.000029526,0.000014132,0.000000,7,-0.000002763,-0.000276269,-0.000197335,-0.000197335,0.000000000,manual_A_near_upright
pid,BALANCE,77.222,0.000838,-0.033814,-0.000262,0.784800000,0.000022831,0.000014626,0.000000,7,-0.000002617,-0.000261707,-0.000186934,-0.000186934,0.000000000,manual_A_near_upright
pid,BALANCE,77.243,0.000859,-0.033855,-0.000251,0.784800000,0.000015625,0.000014997,0.000000,7,-0.000002506,-0.000250593,-0.000178995,-0.000178995,0.000000000,manual_A_near_upright
pid,BALANCE,77.264,0.000871,-0.033884,-0.000245,0.784800000,0.000008630,0.000015208,0.000000,7,-0.000002455,-0.000245499,-0.000175356,-0.000175356,0.000000000,manual_A_near_upright
pid,BALANCE,77.285,0.000875,-0.033903,-0.000244,0.784800000,0.000001972,0.000015279,0.000000,7,-0.000002436,-0.000243565,-0.000173975,-0.000173975,0.000000000,manual_A_near_upright
pid,BALANCE,77.305,0.000872,-0.033913,-0.000246,0.784800000,-0.000005011,0.000015217,0.000000,7,-0.000002460,-0.000246001,-0.000175715,-0.000175715,0.000000000,manual_A_near_upright
pid,BALANCE,77.326,0.000862,-0.033914,0.000000,0.784800000,-0.000006950,0.000015047,0.000000,7,0.000000002,0.000000244,0.000000174,0.000000174,0.000000000,manual_A_near_upright
pid,BALANCE,77.346,0.000863,-0.033914,0.000808,0.784800000,0.000003128,0.000015054,0.000000,7,0.000008079,0.000807885,0.000577060,0.000577060,0.000000000,manual_A_near_upright
pid,BALANCE,77.367,0.000872,-0.033912,0.001414,0.784800000,0.000007330,0.000015222,0.000000,7,0.000014137,0.001413701,0.001009787,0.001009787,0.000000000,manual_A_near_upright
pid,BALANCE,77.388,0.000869,-0.033899,0.001134,0.784800000,-0.000006717,0.000015170,0.000000,7,0.000011338,0.001133834,0.000809882,0.000809882,0.000000000,manual_A_near_upright
pid,BALANCE,77.408,0.000856,-0.033875,0.001143,0.784800000,-0.000013826,0.000014932,0.000000,7,0.000011427,0.001142720,0.000816229,0.000816229,0.000000000,manual_A_near_upright
pid,BALANCE,77.429,0.000835,-0.033842,0.001184,0.784800000,-0.000020421,0.000014566,0.000000,7,0.000011837,0.001183662,0.000845473,0.000845473,0.000000000,manual_A_near_upright
pid,BALANCE,77.450,0.000804,-0.033798,0.001128,0.784800000,-0.000028659,0.000014037,0.000000,7,0.000011281,0.001128118,0.000805799,0.000805799,0.000000000,manual_A_near_upright
pid,BALANCE,77.471,0.000766,-0.033745,0.001117,0.784800000,-0.000035489,0.000013362,0.000000,7,0.000011171,0.001117115,0.000797939,0.000797939,0.000000000,manual_A_near_upright
pid,BALANCE,77.492,0.000717,-0.033679,0.001093,0.784800000,-0.000042387,0.000012514,0.000000,7,0.000010933,0.001093319,0.000780942,0.000780942,0.000000000,manual_A_near_upright
pid,BALANCE,77.513,0.000666,-0.033612,0.001061,0.784800000,-0.000048317,0.000011625,0.000000,7,0.000010613,0.001061272,0.000758052,0.000758052,0.000000000,manual_A_near_upright
pid,BALANCE,77.533,0.000606,-0.033533,0.001030,0.784800000,-0.000053908,0.000010576,0.000000,7,0.000010303,0.001030330,0.000735950,0.000735950,0.000000000,manual_A_near_upright
pid,BALANCE,77.554,0.000540,-0.033447,0.000993,0.784800000,-0.000058987,0.000009423,0.000000,7,0.000009931,0.000993057,0.000709326,0.000709326,0.000000000,manual_A_near_upright
pid,BALANCE,77.574,0.000469,-0.033355,0.000954,0.784800000,-0.000063431,0.000008178,0.000000,7,0.000009536,0.000953560,0.000681114,0.000681114,0.000000000,manual_A_near_upright
pid,BALANCE,77.595,0.000393,-0.033257,0.000913,0.784800000,-0.000067185,0.000006853,0.000000,7,0.000009133,0.000913266,0.000652333,0.000652333,0.000000000,manual_A_near_upright
pid,BALANCE,77.615,0.000313,-0.033154,0.000870,0.784800000,-0.000070273,0.000005464,0.000000,7,0.000008700,0.000869969,0.000621406,0.000621406,0.000000000,manual_A_near_upright
pid,BALANCE,77.636,0.000231,-0.033048,0.000827,0.784800000,-0.000072618,0.000004023,0.000000,7,0.000008269,0.000826871,0.000590622,0.000590622,0.000000000,manual_A_near_upright
pid,BALANCE,77.657,0.000146,-0.032938,0.000783,0.784800000,-0.000074236,0.000002546,0.000000,7,0.000007827,0.000782740,0.000559100,0.000559100,0.000000000,manual_A_near_upright
pid,BALANCE,77.678,0.000060,-0.032827,0.000737,0.784800000,-0.000075149,0.000001047,0.000000,7,0.000007367,0.000736674,0.000526196,0.000526196,0.000000000,manual_A_near_upright
pid,BALANCE,77.699,-0.000026,-0.032714,0.000689,0.784800000,-0.000075350,-0.000000461,0.000000,7,0.000006892,0.000689214,0.000492296,0.000492296,0.000000000,manual_A_near_upright
pid,BALANCE,77.720,-0.000112,-0.032602,0.000644,0.784800000,-0.000074788,-0.000001960,0.000000,7,0.000006437,0.000643657,0.000459755,0.000459755,0.000000000,manual_A_near_upright
pid,BALANCE,77.741,-0.000201,-0.032485,0.000594,0.784800000,-0.000073478,-0.000003513,0.000000,7,0.000005939,0.000593898,0.000424213,0.000424213,0.000000000,manual_A_near_upright
pid,BALANCE,77.762,-0.000284,-0.032375,0.000553,0.784800000,-0.000071394,-0.000004953,0.000000,7,0.000005533,0.000553310,0.000395222,0.000395222,0.000000000,manual_A_near_upright
pid,BALANCE,77.782,-0.000363,-0.032269,0.000511,0.784800000,-0.000068698,-0.000006343,0.000000,7,0.000005114,0.000511450,0.000365321,0.000365321,0.000000000,manual_A_near_upright
pid,BALANCE,77.803,-0.000439,-0.032166,0.000470,0.784800000,-0.000065390,-0.000007670,0.000000,7,0.000004700,0.000470042,0.000335745,0.000335745,0.000000000,manual_A_near_upright
pid,BALANCE,77.823,-0.000511,-0.032068,0.000433,0.784800000,-0.000061432,-0.000008922,0.000000,7,0.000004330,0.000433032,0.000309309,0.000309309,0.000000000,manual_A_near_upright
pid,BALANCE,77.844,-0.000575,-0.031980,0.000400,0.784800000,-0.000057167,-0.000010030,0.000000,7,0.000003996,0.000399575,0.000285411,0.000285411,0.000000000,manual_A_near_upright
pid,BALANCE,77.865,-0.000636,-0.031894,0.000365,0.784800000,-0.000052223,-0.000011103,0.000000,7,0.000003648,0.000364816,0.000260583,0.000260583,0.000000000,manual_A_near_upright
pid,BALANCE,77.885,-0.000694,-0.031810,0.000336,0.784800000,-0.000046448,-0.000012114,0.000000,7,0.000003359,0.000335874,0.000239910,0.000239910,0.000000000,manual_A_near_upright
pid,BALANCE,77.906,-0.000742,-0.031738,0.000312,0.784800000,-0.000040524,-0.000012957,0.000000,7,0.000003122,0.000312238,0.000223027,0.000223027,0.000000000,manual_A_near_upright
pid,BALANCE,77.926,-0.000782,-0.031678,0.000291,0.784800000,-0.000034623,-0.000013645,0.000000,7,0.000002908,0.000290828,0.000207734,0.000207734,0.000000000,manual_A_near_upright
pid,BALANCE,77.946,-0.000816,-0.031622,0.000272,0.784800000,-0.000028136,-0.000014244,0.000000,7,0.000002719,0.000271911,0.000194222,0.000194222,0.000000000,manual_A_near_upright
pid,BALANCE,77.967,-0.000843,-0.031576,0.000259,0.784800000,-0.000021378,-0.000014709,0.000000,7,0.000002593,0.000259312,0.000185223,0.000185223,0.000000000,manual_A_near_upright
pid,BALANCE,77.988,-0.000862,-0.031539,0.000250,0.784800000,-0.000014478,-0.000015037,0.000000,7,0.000002501,0.000250122,0.000178658,0.000178658,0.000000000,manual_A_near_upright
pid,BALANCE,78.009,-0.000872,-0.031512,0.000244,0.784800000,-0.000007503,-0.000015225,0.000000,7,0.000002443,0.000244318,0.000174513,0.000174513,0.000000000,manual_A_near_upright
pid,BALANCE,78.030,-0.000875,-0.031494,0.000244,0.784800000,-0.000000480,-0.000015273,0.000000,7,0.000002435,0.000243536,0.000173954,0.000173954,0.000000000,manual_A_near_upright
pid,BALANCE,78.051,-0.000870,-0.031486,0.000247,0.784800000,0.000006489,-0.000015182,0.000000,7,0.000002452,0.000245175,0.000175125,0.000175125,0.000000000,manual_A_near_upright
pid,BALANCE,78.072,-0.000861,-0.031485,-0.000131,0.784800000,0.000005339,-0.000015030,0.000000,7,-0.000001305,-0.000130518,-0.000093227,-0.000093227,0.000000000,manual_A_near_upright
pid,BALANCE,78.093,-0.000864,-0.031485,-0.000999,0.784800000,-0.000005499,-0.000015080,0.000000,7,-0.000009995,-0.000999489,-0.000713921,-0.000713921,0.000000000,manual_A_near_upright
pid,BALANCE,78.114,-0.000872,-0.031489,-0.001333,0.784800000,-0.000004302,-0.000015211,0.000000,7,-0.000013326,-0.001332574,-0.000951839,-0.000951839,0.000000000,manual_A_near_upright
pid,BALANCE,78.135,-0.000866,-0.031505,-0.001114,0.784800000,0.000008328,-0.000015110,0.000000,7,-0.000011136,-0.001113599,-0.000795428,-0.000795428,0.000000000,manual_A_near_upright
pid,BALANCE,78.155,-0.000850,-0.031531,-0.001163,0.784800000,0.000014910,-0.000014840,0.000000,7,-0.000011632,-0.001163188,-0.000830849,-0.000830849,0.000000000,manual_A_near_upright
pid,BALANCE,78.176,-0.000828,-0.031566,-0.001174,0.784800000,0.000022061,-0.000014444,0.000000,7,-0.000011743,-0.001174325,-0.000838804,-0.000838804,0.000000000,manual_A_near_upright
pid,BALANCE,78.197,-0.000796,-0.031612,-0.001125,0.784800000,0.000030058,-0.000013884,0.000000,7,-0.000011254,-0.001125391,-0.000803851,-0.000803851,0.000000000,manual_A_near_upright
pid,BALANCE,78.218,-0.000755,-0.031667,-0.001114,0.784800000,0.000036787,-0.000013185,0.000000,7,-0.000011143,-0.001114343,-0.000795959,-0.000795959,0.000000000,manual_A_near_upright
pid,BALANCE,78.239,-0.000705,-0.031735,-0.001085,0.784800000,0.000043669,-0.000012308,0.000000,7,-0.000010854,-0.001085428,-0.000775305,-0.000775305,0.000000000,manual_A_near_upright
pid,BALANCE,78.259,-0.000653,-0.031804,-0.001055,0.784800000,0.000049440,-0.000011397,0.000000,7,-0.000010552,-0.001055247,-0.000753748,-0.000753748,0.000000000,manual_A_near_upright
pid,BALANCE,78.280,-0.000592,-0.031884,-0.001021,0.784800000,0.000054966,-0.000010327,0.000000,7,-0.000010210,-0.001020977,-0.000729270,-0.000729270,0.000000000,manual_A_near_upright
pid,BALANCE,78.301,-0.000525,-0.031971,-0.000985,0.784800000,0.000059881,-0.000009155,0.000000,7,-0.000009848,-0.000984801,-0.000703429,-0.000703429,0.000000000,manual_A_near_upright
pid,BALANCE,78.322,-0.000449,-0.032069,-0.000943,0.784800000,0.000064379,-0.000007829,0.000000,7,-0.000009431,-0.000943096,-0.000673640,-0.000673640,0.000000000,manual_A_near_upright
pid,BALANCE,78.343,-0.000372,-0.032168,-0.000903,0.784800000,0.000067940,-0.000006489,0.000000,7,-0.000009032,-0.000903164,-0.000645117,-0.000645117,0.000000000,manual_A_near_upright
pid,BALANCE,78.363,-0.000296,-0.032267,-0.000863,0.784800000,0.000070692,-0.000005158,0.000000,7,-0.000008631,-0.000863055,-0.000616468,-0.000616468,0.000000000,manual_A_near_upright
pid,BALANCE,78.384,-0.000213,-0.032374,-0.000817,0.784800000,0.000072942,-0.000003711,0.000000,7,-0.000008171,-0.000817145,-0.000583675,-0.000583675,0.000000000,manual_A_near_upright
pid,BALANCE,78.404,-0.000128,-0.032484,-0.000771,0.784800000,0.000074456,-0.000002229,0.000000,7,-0.000007706,-0.000770600,-0.000550429,-0.000550429,0.000000000,manual_A_near_upright
pid,BALANCE,78.425,-0.000042,-0.032596,-0.000726,0.784800000,0.000075176,-0.000000727,0.000000,7,-0.000007263,-0.000726278,-0.000518770,-0.000518770,0.000000000,manual_A_near_upright
pid,BALANCE,78.445,0.000045,-0.032708,-0.000681,0.784800000,0.000075189,0.000000778,0.000000,7,-0.000006805,-0.000680519,-0.000486085,-0.000486085,0.000000000,manual_A_near_upright
pid,BALANCE,78.466,0.000130,-0.032820,-0.000633,0.784800000,0.000074507,0.000002273,0.000000,7,-0.000006334,-0.000633443,-0.000452459,-0.000452459,0.000000000,manual_A_near_upright
pid,BALANCE,78.487,0.000215,-0.032931,-0.000587,0.784800000,0.000073109,0.000003744,0.000000,7,-0.000005871,-0.000587082,-0.000419344,-0.000419344,0.000000000,manual_A_near_upright
pid,BALANCE,78.507,0.000297,-0.033040,-0.000545,0.784800000,0.000070949,0.000005176,0.000000,7,-0.000005451,-0.000545056,-0.000389326,-0.000389326,0.000000000,manual_A_near_upright
pid,BALANCE,78.528,0.000376,-0.033146,-0.000505,0.784800000,0.000068122,0.000006555,0.000000,7,-0.000005047,-0.000504663,-0.000360473,-0.000360473,0.000000000,manual_A_near_upright
pid,BALANCE,78.548,0.000451,-0.033248,-0.000464,0.784800000,0.000064710,0.000007869,0.000000,7,-0.000004639,-0.000463949,-0.000331392,-0.000331392,0.000000000,manual_A_near_upright
pid,BALANCE,78.569,0.000522,-0.033345,-0.000425,0.784800000,0.000060716,0.000009107,0.000000,7,-0.000004247,-0.000424673,-0.000303338,-0.000303338,0.000000000,manual_A_near_upright
pid,BALANCE,78.590,0.000588,-0.033437,-0.000393,0.784800000,0.000056069,0.000010254,0.000000,7,-0.000003928,-0.000392826,-0.000280590,-0.000280590,0.000000000,manual_A_near_upright
pid,BALANCE,78.611,0.000648,-0.033522,-0.000359,0.784800000,0.000051020,0.000011303,0.000000,7,-0.000003591,-0.000359141,-0.000256530,-0.000256530,0.000000000,manual_A_near_upright
pid,BALANCE,78.631,0.000702,-0.033600,-0.000332,0.784800000,0.000045454,0.000012244,0.000000,7,-0.000003317,-0.000331732,-0.000236952,-0.000236952,0.000000000,manual_A_near_upright
pid,BALANCE,78.652,0.000749,-0.033670,-0.000307,0.784800000,0.000039501,0.000013067,0.000000,7,-0.000003075,-0.000307462,-0.000219616,-0.000219616,0.000000000,manual_A_near_upright
pid,BALANCE,78.673,0.000789,-0.033732,-0.000286,0.784800000,0.000033223,0.000013767,0.000000,7,-0.000002864,-0.000286440,-0.000204600,-0.000204600,0.000000000,manual_A_near_upright
pid,BALANCE,78.694,0.000821,-0.033786,-0.000270,0.784800000,0.000026659,0.000014337,0.000000,7,-0.000002699,-0.000269910,-0.000192793,-0.000192793,0.000000000,manual_A_near_upright
pid,BALANCE,78.714,0.000846,-0.033830,-0.000258,0.784800000,0.000019880,0.000014772,0.000000,7,-0.000002578,-0.000257807,-0.000184148,-0.000184148,0.000000000,manual_A_near_upright
pid,BALANCE,78.735,0.000863,-0.033865,-0.000249,0.784800000,0.000012977,0.000015069,0.000000,7,-0.000002489,-0.000248924,-0.000177803,-0.000177803,0.000000000,manual_A_near_upright
pid,BALANCE,78.756,0.000872,-0.033891,-0.000245,0.784800000,0.000005991,0.000015228,0.000000,7,-0.000002446,-0.000244570,-0.000174693,-0.000174693,0.000000000,manual_A_near_upright
pid,BALANCE,78.776,0.000874,-0.033906,-0.000245,0.784800000,-0.000001014,0.000015246,0.000000,7,-0.000002450,-0.000244982,-0.000174987,-0.000174987,0.000000000,manual_A_near_upright
pid,BALANCE,78.797,0.000867,-0.033912,-0.000249,0.784800000,-0.000007952,0.000015125,0.000000,7,-0.000002491,-0.000249123,-0.000177945,-0.000177945,0.000000000,manual_A_near_upright
pid,BALANCE,78.819,0.000860,-0.033912,0.000305,0.784800000,-0.000003155,0.000015002,0.000000,7,0.000003046,0.000304627,0.000217591,0.000217591,0.000000000,manual_A_near_upright
pid,BALANCE,78.839,0.000865,-0.033912,0.001162,0.784800000,0.000007261,0.000015093,0.000000,7,0.000011620,0.001161963,0.000829974,0.000829974,0.000000000,manual_A_near_upright
pid,BALANCE,78.860,0.000871,-0.033907,0.001305,0.784800000,0.000002013,0.000015199,0.000000,7,0.000013050,0.001305029,0.000968850,0.000968850,0.000000000,manual_A_near_upright
pid,BALANCE,78.881,0.000862,-0.033888,0.001097,0.784800000,-0.000010276,0.000015049,0.000000,7,0.000010973,0.001097332,0.000783809,0.000783809,0.000000000,manual_A_near_upright
pid,BALANCE,78.902,0.000845,-0.033860,0.001178,0.784800000,-0.000016153,0.000014755,0.000000,7,0.000011775,0.001177514,0.000841082,0.000841082,0.000000000,manual_A_near_upright
pid,BALANCE,78.923,0.000821,-0.033823,0.001162,0.784800000,-0.000023782,0.000014326,0.000000,7,0.000011621,0.001162134,0.000830096,0.000830096,0.000000000,manual_A_near_upright
pid,BALANCE,78.944,0.000787,-0.033775,0.001118,0.784800000,-0.000031566,0.000013735,0.000000,7,0.000011182,0.001118220,0.000798728,0.000798728,0.000000000,manual_A_near_upright
pid,BALANCE,78.965,0.000745,-0.033718,0.001110,0.784800000,-0.000038125,0.000013008,0.000000,7,0.000011099,0.001109941,0.000792815,0.000792815,0.000000000,manual_A_near_upright
pid,BALANCE,78.986,0.000696,-0.033652,0.001080,0.784800000,-0.000044628,0.000012151,0.000000,7,0.000010798,0.001079778,0.000771270,0.000771270,0.000000000,manual_A_near_upright
pid,BALANCE,79.007,0.000640,-0.033578,0.001046,0.784800000,-0.000050623,0.000011170,0.000000,7,0.000010460,0.001046016,0.000747154,0.000747154,0.000000000,manual_A_near_upright
pid,BALANCE,79.028,0.000577,-0.033497,0.001014,0.784800000,-0.000055953,0.000010079,0.000000,7,0.000010143,0.001014332,0.000724523,0.000724523,0.000000000,manual_A_near_upright
pid,BALANCE,79.049,0.000509,-0.033408,0.000976,0.784800000,-0.000060760,0.000008889,0.000000,7,0.000009763,0.000976254,0.000697324,0.000697324,0.000000000,manual_A_near_upright
pid,BALANCE,79.070,0.000436,-0.033314,0.000936,0.784800000,-0.000064914,0.000007613,0.000000,7,0.000009364,0.000936352,0.000668823,0.000668823,0.000000000,manual_A_near_upright
pid,BALANCE,79.090,0.000359,-0.033214,0.000895,0.784800000,-0.000068385,0.000006263,0.000000,7,0.000008949,0.000894907,0.000639219,0.000639219,0.000000000,manual_A_near_upright
pid,BALANCE,79.111,0.000278,-0.033110,0.000851,0.784800000,-0.000071171,0.000004854,0.000000,7,0.000008512,0.000851187,0.000607991,0.000607991,0.000000000,manual_A_near_upright
pid,BALANCE,79.132,0.000195,-0.033002,0.000806,0.784800000,-0.000073234,0.000003399,0.000000,7,0.000008064,0.000806408,0.000576006,0.000576006,0.000000000,manual_A_near_upright
pid,BALANCE,79.153,0.000110,-0.032892,0.000761,0.784800000,-0.000074567,0.000001914,0.000000,7,0.000007609,0.000760857,0.000543469,0.000543469,0.000000000,manual_A_near_upright
pid,BALANCE,79.174,0.000024,-0.032780,0.000715,0.784800000,-0.000075166,0.000000412,0.000000,7,0.000007148,0.000714827,0.000510591,0.000510591,0.000000000,manual_A_near_upright
pid,BALANCE,79.195,-0.000062,-0.032668,0.000669,0.784800000,-0.000075030,-0.000001091,0.000000,7,0.000006690,0.000669017,0.000477869,0.000477869,0.000000000,manual_A_near_upright
pid,BALANCE,79.216,-0.000148,-0.032556,0.000625,0.784800000,-0.000074144,-0.000002580,0.000000,7,0.000006248,0.000624793,0.000446281,0.000446281,0.000000000,manual_A_near_upright
pid,BALANCE,79.237,-0.000232,-0.032445,0.000580,0.784800000,-0.000072587,-0.000004041,0.000000,7,0.000005797,0.000579690,0.000414064,0.000414064,0.000000000,manual_A_near_upright
pid,BALANCE,79.258,-0.000313,-0.032337,0.000535,0.784800000,-0.000070350,-0.000005462,0.000000,7,0.000005353,0.000535288,0.000382348,0.000382348,0.000000000,manual_A_near_upright
pid,BALANCE,79.279,-0.000391,-0.032232,0.000496,0.784800000,-0.000067375,-0.000006827,0.000000,7,0.000004963,0.000496286,0.000354490,0.000354490,0.000000000,manual_A_near_upright
pid,BALANCE,79.299,-0.000465,-0.032131,0.000457,0.784800000,-0.000063831,-0.000008124,0.000000,7,0.000004565,0.000456543,0.000326102,0.000326102,0.000000000,manual_A_near_upright
pid,BALANCE,79.321,-0.000535,-0.032035,0.000419,0.784800000,-0.000059711,-0.000009342,0.000000,7,0.000004186,0.000418624,0.000299017,0.000299017,0.000000000,manual_A_near_upright
pid,BALANCE,79.341,-0.000600,-0.031945,0.000385,0.784800000,-0.000055021,-0.000010469,0.000000,7,0.000003847,0.000384656,0.000274755,0.000274755,0.000000000,manual_A_near_upright
pid,BALANCE,79.362,-0.000659,-0.031861,0.000354,0.784800000,-0.000049825,-0.000011495,0.000000,7,0.000003543,0.000354348,0.000253106,0.000253106,0.000000000,manual_A_near_upright
pid,BALANCE,79.382,-0.000711,-0.031785,0.000327,0.784800000,-0.000044200,-0.000012411,0.000000,7,0.000003401,0.000340123,0.000242945,0.000242945,0.000000000,manual_A_near_upright
pid,BALANCE,79.404,-0.000757,-0.031716,0.000303,0.784800000,-0.000038184,-0.000013208,0.000000,7,0.000003031,0.000303091,0.000216494,0.000216494,0.000000000,manual_A_near_upright
pid,BALANCE,79.424,-0.000795,-0.031656,0.000283,0.784800000,-0.000031844,-0.000013880,0.000000,7,0.000002833,0.000283342,0.000202387,0.000202387,0.000000000,manual_A_near_upright
pid,BALANCE,79.444,-0.000826,-0.031604,0.000267,0.784800000,-0.000025245,-0.000014422,0.000000,7,0.000002674,0.000267395,0.000190997,0.000190997,0.000000000,manual_A_near_upright
pid,BALANCE,79.465,-0.000850,-0.031562,0.000256,0.784800000,-0.000018442,-0.000014829,0.000000,7,0.000002560,0.000255966,0.000182833,0.000182833,0.000000000,manual_A_near_upright
pid,BALANCE,79.487,-0.000866,-0.031528,0.000248,0.784800000,-0.000011172,-0.000015107,0.000000,7,0.000002481,0.000248058,0.000177184,0.000177184,0.000000000,manual_A_near_upright
pid,BALANCE,79.517,-0.000873,-0.031498,0.000245,0.784800000,-0.000001033,-0.000015239,0.000000,7,0.000002450,0.000245002,0.000175002,0.000175002,0.000000000,manual_A_near_upright
pid,BALANCE,79.537,-0.000869,-0.031489,0.000248,0.784800000,0.000005919,-0.000015158,0.000000,7,0.000002478,0.000247805,0.000177004,0.000177004,0.000000000,manual_A_near_upright
pid,BALANCE,79.558,-0.000859,-0.031488,-0.000063,0.784800000,0.000006157,-0.000015000,0.000000,7,-0.000000626,-0.000062556,-0.000044683,-0.000044683,0.000000000,manual_A_near_upright
pid,BALANCE,79.579,-0.000861,-0.031488,-0.000922,0.784800000,-0.000004570,-0.000015031,0.000000,7,-0.000009219,-0.000921869,-0.000658478,-0.000658478,0.000000000,manual_A_near_upright
pid,BALANCE,79.599,-0.000870,-0.031490,-0.001389,0.784800000,-0.000006221,-0.000015184,0.000000,7,-0.000013888,-0.001388765,-0.000991975,-0.000991975,0.000000000,manual_A_near_upright
pid,BALANCE,79.620,-0.000866,-0.031505,-0.001116,0.784800000,0.000007602,-0.000015110,0.000000,7,-0.000011162,-0.001116249,-0.000797321,-0.000797321,0.000000000,manual_A_near_upright
pid,BALANCE,79.641,-0.000850,-0.031531,-0.001145,0.784800000,0.000014619,-0.000014843,0.000000,7,-0.000011448,-0.001144815,-0.000817725,-0.000817725,0.000000000,manual_A_near_upright
pid,BALANCE,79.662,-0.000829,-0.031565,-0.001187,0.784800000,0.000021144,-0.000014463,0.000000,7,-0.000011865,-0.001186544,-0.000847531,-0.000847531,0.000000000,manual_A_near_upright
pid,BALANCE,79.683,-0.000797,-0.031610,-0.001121,0.784800000,0.000029526,-0.000013917,0.000000,7,-0.000011208,-0.001120816,-0.000800583,-0.000800583,0.000000000,manual_A_near_upright
pid,BALANCE,79.704,-0.000758,-0.031665,-0.001113,0.784800000,0.000036202,-0.000013227,0.000000,7,-0.000011134,-0.001113357,-0.000795255,-0.000795255,0.000000000,manual_A_near_upright
pid,BALANCE,79.724,-0.000711,-0.031728,-0.001092,0.784800000,0.000042690,-0.000012410,0.000000,7,-0.000010915,-0.001091526,-0.000779661,-0.000779661,0.000000000,manual_A_near_upright
pid,BALANCE,79.745,-0.000657,-0.031799,-0.001054,0.784800000,0.000048937,-0.000011464,0.000000,7,-0.000010542,-0.001054190,-0.000752993,-0.000752993,0.000000000,manual_A_near_upright
pid,BALANCE,79.766,-0.000596,-0.031879,-0.001024,0.784800000,0.000054414,-0.000010405,0.000000,7,-0.000010244,-0.001024354,-0.000731682,-0.000731682,0.000000000,manual_A_near_upright
pid,BALANCE,79.787,-0.000530,-0.031965,-0.000988,0.784800000,0.000059385,-0.000009243,0.000000,7,-0.000009879,-0.000987886,-0.000705633,-0.000705633,0.000000000,manual_A_near_upright
pid,BALANCE,79.808,-0.000458,-0.032058,-0.000948,0.784800000,0.000063746,-0.000007991,0.000000,7,-0.000009479,-0.000947911,-0.000677079,-0.000677079,0.000000000,manual_A_near_upright
pid,BALANCE,79.829,-0.000382,-0.032156,-0.000908,0.784800000,0.000067402,-0.000006662,0.000000,7,-0.000009079,-0.000907883,-0.000648488,-0.000648488,0.000000000,manual_A_near_upright
pid,BALANCE,79.850,-0.000302,-0.032259,-0.000865,0.784800000,0.000070386,-0.000005270,0.000000,7,-0.000008652,-0.000865159,-0.000617971,-0.000617971,0.000000000,manual_A_near_upright
pid,BALANCE,79.871,-0.000219,-0.032366,-0.000820,0.784800000,0.000072677,-0.000003828,0.000000,7,-0.000008201,-0.000820134,-0.000585810,-0.000585810,0.000000000,manual_A_near_upright
pid,BALANCE,79.892,-0.000135,-0.032475,-0.000774,0.784800000,0.000074250,-0.000002350,0.000000,7,-0.000007737,-0.000773675,-0.000552625,-0.000552625,0.000000000,manual_A_near_upright
pid,BALANCE,79.912,-0.000049,-0.032587,-0.000731,0.784800000,0.000075007,-0.000000852,0.000000,7,-0.000007306,-0.000730620,-0.000521871,-0.000521871,0.000000000,manual_A_near_upright
pid,BALANCE,79.932,0.000037,-0.032699,-0.000683,0.784800000,0.000075115,0.000000650,0.000000,7,-0.000006834,-0.000683415,-0.000488154,-0.000488154,0.000000000,manual_A_near_upright
pid,BALANCE,79.953,0.000123,-0.032811,-0.000635,0.784800000,0.000074513,0.000002145,0.000000,7,-0.000006353,-0.000635335,-0.000453810,-0.000453810,0.000000000,manual_A_near_upright
pid,BALANCE,79.974,0.000207,-0.032922,-0.000593,0.784800000,0.000073101,0.000003616,0.000000,7,-0.000005925,-0.000592531,-0.000423236,-0.000423236,0.000000000,manual_A_near_upright
pid,BALANCE,79.995,0.000289,-0.033031,-0.000548,0.784800000,0.000071046,0.000005050,0.000000,7,-0.000005484,-0.000548441,-0.000391744,-0.000391744,0.000000000,manual_A_near_upright
pid,BALANCE,80.016,0.000369,-0.033137,-0.000506,0.784800000,0.000068311,0.000006432,0.000000,7,-0.000005063,-0.000506320,-0.000361657,-0.000361657,0.000000000,manual_A_near_upright
pid,BALANCE,80.036,0.000444,-0.033239,-0.000467,0.784800000,0.000064926,0.000007751,0.000000,7,-0.000004668,-0.000466812,-0.000333437,-0.000333437,0.000000000,manual_A_near_upright
pid,BALANCE,80.057,0.000515,-0.033337,-0.000429,0.784800000,0.000060949,0.000008993,0.000000,7,-0.000004292,-0.000429188,-0.000306563,-0.000306563,0.000000000,manual_A_near_upright
pid,BALANCE,80.078,0.000581,-0.033429,-0.000396,0.784800000,0.000056388,0.000010146,0.000000,7,-0.000003956,-0.000395617,-0.000282584,-0.000282584,0.000000000,manual_A_near_upright
pid,BALANCE,80.099,0.000642,-0.033514,-0.000362,0.784800000,0.000051377,0.000011202,0.000000,7,-0.000003622,-0.000362157,-0.000258683,-0.000258683,0.000000000,manual_A_near_upright
pid,BALANCE,80.120,0.000696,-0.033593,-0.000335,0.784800000,0.000045852,0.000012150,0.000000,7,-0.000003347,-0.000334657,-0.000239040,-0.000239040,0.000000000,manual_A_near_upright
pid,BALANCE,80.140,0.000744,-0.033664,-0.000311,0.784800000,0.000039931,0.000012982,0.000000,7,-0.000003106,-0.000310555,-0.000221825,-0.000221825,0.000000000,manual_A_near_upright
pid,BALANCE,80.162,0.000784,-0.033726,-0.000289,0.784800000,0.000033694,0.000013691,0.000000,7,-0.000002890,-0.000288993,-0.000206424,-0.000206424,0.000000000,manual_A_near_upright
pid,BALANCE,80.182,0.000818,-0.033780,-0.000271,0.784800000,0.000027175,0.000014271,0.000000,7,-0.000002715,-0.000271486,-0.000193918,-0.000193918,0.000000000,manual_A_near_upright
pid,BALANCE,80.204,0.000843,-0.033825,-0.000259,0.784800000,0.000020420,0.000014717,0.000000,7,-0.000002591,-0.000259066,-0.000185047,-0.000185047,0.000000000,manual_A_near_upright
pid,BALANCE,80.224,0.000861,-0.033861,-0.000250,0.784800000,0.000013532,0.000015026,0.000000,7,-0.000002502,-0.000250156,-0.000178683,-0.000178683,0.000000000,manual_A_near_upright
pid,BALANCE,80.245,0.000871,-0.033887,-0.000246,0.784800000,0.000006558,0.000015195,0.000000,7,-0.000002456,-0.000245638,-0.000175456,-0.000175456,0.000000000,manual_A_near_upright
pid,BALANCE,80.266,0.000872,-0.033904,-0.000245,0.784800000,-0.000000433,0.000015225,0.000000,7,-0.000002454,-0.000245414,-0.000175296,-0.000175296,0.000000000,manual_A_near_upright
pid,BALANCE,80.287,0.000866,-0.033911,-0.000249,0.784800000,-0.000007370,0.000015116,0.000000,7,-0.000002494,-0.000249381,-0.000178129,-0.000178129,0.000000000,manual_A_near_upright
pid,BALANCE,80.308,0.000858,-0.033911,0.000275,0.784800000,-0.000003510,0.000014978,0.000000,7,0.000002745,0.000274516,0.000196083,0.000196083,0.000000000,manual_A_near_upright
pid,BALANCE,80.328,0.000863,-0.033911,0.001108,0.784800000,0.000006850,0.000015056,0.000000,7,0.000011083,0.001108254,0.000791610,0.000791610,0.000000000,manual_A_near_upright
pid,BALANCE,80.349,0.000871,-0.033907,0.001354,0.784800000,0.000003747,0.000015193,0.000000,7,0.000013542,0.001354168,0.000967263,0.000967263,0.000000000,manual_A_near_upright
pid,BALANCE,80.370,0.000863,-0.033889,0.001082,0.784800000,-0.000009949,0.000015058,0.000000,7,0.000010816,0.001081567,0.000772548,0.000772548,0.000000000,manual_A_near_upright
pid,BALANCE,80.391,0.000846,-0.033862,0.001174,0.784800000,-0.000015565,0.000014771,0.000000,7,0.000011741,0.001174075,0.000838625,0.000838625,0.000000000,manual_A_near_upright
pid,BALANCE,80.411,0.000823,-0.033825,0.001172,0.784800000,-0.000022951,0.000014360,0.000000,7,0.000011718,0.001171837,0.000837027,0.000837027,0.000000000,manual_A_near_upright
pid,BALANCE,80.432,0.000790,-0.033778,0.001114,0.784800000,-0.000031057,0.000013780,0.000000,7,0.000011142,0.001114189,0.000795849,0.000795849,0.000000000,manual_A_near_upright
pid,BALANCE,80.453,0.000749,-0.033722,0.001113,0.784800000,-0.000037503,0.000013064,0.000000,7,0.000011128,0.001112801,0.000794858,0.000794858,0.000000000,manual_A_near_upright
pid,BALANCE,80.474,0.000700,-0.033657,0.001083,0.784800000,-0.000044045,0.000012219,0.000000,7,0.000010829,0.001082895,0.000773497,0.000773497,0.000000000,manual_A_near_upright
pid,BALANCE,80.495,0.000645,-0.033584,0.001048,0.784800000,-0.000050119,0.000011249,0.000000,7,0.000010476,0.001047579,0.000748271,0.000748271,0.000000000,manual_A_near_upright
pid,BALANCE,80.515,0.000583,-0.033503,0.001017,0.784800000,-0.000055466,0.000010168,0.000000,7,0.000010175,0.001017463,0.000726759,0.000726759,0.000000000,manual_A_near_upright
pid,BALANCE,80.537,0.000515,-0.033415,0.000979,0.784800000,-0.000060329,0.000008987,0.000000,7,0.000009794,0.000979378,0.000699556,0.000699556,0.000000000,manual_A_near_upright
pid,BALANCE,80.557,0.000442,-0.033321,0.000939,0.784800000,-0.000064539,0.000007718,0.000000,7,0.000009395,0.000939467,0.000671048,0.000671048,0.000000000,manual_A_near_upright
pid,BALANCE,80.578,0.000365,-0.033222,0.000898,0.784800000,-0.000068060,0.000006375,0.000000,7,0.000008985,0.000898453,0.000641752,0.000641752,0.000000000,manual_A_near_upright
pid,BALANCE,80.599,0.000285,-0.033118,0.000855,0.784800000,-0.000070906,0.000004971,0.000000,7,0.000008548,0.000854810,0.000610578,0.000610578,0.000000000,manual_A_near_upright
pid,BALANCE,80.620,0.000202,-0.033011,0.000813,0.784800000,-0.000072965,0.000003522,0.000000,7,0.000008133,0.000813319,0.000580942,0.000580942,0.000000000,manual_A_near_upright
pid,BALANCE,80.640,0.000117,-0.032901,0.000764,0.784800000,-0.000074449,0.000002040,0.000000,7,0.000007637,0.000763723,0.000545517,0.000545517,0.000000000,manual_A_near_upright
pid,BALANCE,80.661,0.000031,-0.032789,0.000718,0.784800000,-0.000075093,0.000000540,0.000000,7,0.000007185,0.000718481,0.000513201,0.000513201,0.000000000,manual_A_near_upright
pid,BALANCE,80.682,-0.000055,-0.032677,0.000673,0.784800000,-0.000075004,-0.000000962,0.000000,7,0.000006734,0.000673424,0.000481017,0.000481017,0.000000000,manual_A_near_upright
pid,BALANCE,80.703,-0.000140,-0.032565,0.000627,0.784800000,-0.000074220,-0.000002452,0.000000,7,0.000006273,0.000627281,0.000448058,0.000448058,0.000000000,manual_A_near_upright
pid,BALANCE,80.723,-0.000224,-0.032454,0.000583,0.784800000,-0.000072704,-0.000003915,0.000000,7,0.000005830,0.000582955,0.000416396,0.000416396,0.000000000,manual_A_near_upright
pid,BALANCE,80.744,-0.000306,-0.032346,0.000540,0.784800000,-0.000070499,-0.000005339,0.000000,7,0.000005398,0.000539811,0.000385579,0.000385579,0.000000000,manual_A_near_upright
pid,BALANCE,80.765,-0.000384,-0.032241,0.000498,0.784800000,-0.000067632,-0.000006708,0.000000,7,0.000004982,0.000498210,0.000355864,0.000355864,0.000000000,manual_A_near_upright
pid,BALANCE,80.787,-0.000459,-0.032139,0.000459,0.784800000,-0.000064129,-0.000008011,0.000000,7,0.000004589,0.000458855,0.000327754,0.000327754,0.000000000,manual_A_near_upright
pid,BALANCE,80.807,-0.000529,-0.032043,0.000422,0.784800000,-0.000060034,-0.000009235,0.000000,7,0.000004220,0.000421989,0.000301420,0.000301420,0.000000000,manual_A_near_upright
pid,BALANCE,80.828,-0.000594,-0.031953,0.000388,0.784800000,-0.000055391,-0.000010370,0.000000,7,0.000003878,0.000387842,0.000277030,0.000277030,0.000000000,manual_A_near_upright
pid,BALANCE,80.850,-0.000656,-0.031864,0.000355,0.784800000,-0.000049980,-0.000011453,0.000000,7,0.000003553,0.000355312,0.000253794,0.000253794,0.000000000,manual_A_near_upright
pid,BALANCE,80.870,-0.000706,-0.031792,0.000330,0.784800000,-0.000044631,-0.000012328,0.000000,7,0.000003305,0.000330456,0.000236040,0.000236040,0.000000000,manual_A_near_upright
pid,BALANCE,80.891,-0.000753,-0.031722,0.000305,0.784800000,-0.000038685,-0.000013135,0.000000,7,0.000003049,0.000304866,0.000217761,0.000217761,0.000000000,manual_A_near_upright
pid,BALANCE,80.912,-0.000792,-0.031661,0.000285,0.784800000,-0.000032368,-0.000013818,0.000000,7,0.000002851,0.000285051,0.000203608,0.000203608,0.000000000,manual_A_near_upright
pid,BALANCE,80.932,-0.000823,-0.031609,0.000269,0.784800000,-0.000025787,-0.000014370,0.000000,7,0.000002767,0.000276719,0.000197657,0.000197657,0.000000000,manual_A_near_upright
pid,BALANCE,80.954,-0.000847,-0.031566,0.000257,0.784800000,-0.000019016,-0.000014788,0.000000,7,0.000002568,0.000256775,0.000183411,0.000183411,0.000000000,manual_A_near_upright
pid,BALANCE,80.974,-0.000863,-0.031532,0.000249,0.784800000,-0.000012100,-0.000015068,0.000000,7,0.000002490,0.000249015,0.000177868,0.000177868,0.000000000,manual_A_near_upright
pid,BALANCE,80.995,-0.000871,-0.031508,0.000245,0.784800000,-0.000005119,-0.000015209,0.000000,7,0.000002454,0.000245385,0.000175275,0.000175275,0.000000000,manual_A_near_upright
pid,BALANCE,81.016,-0.000871,-0.031493,0.000246,0.784800000,0.000001863,-0.000015210,0.000000,7,0.000002460,0.000245976,0.000175097,0.000175097,0.000000000,manual_A_near_upright
pid,BALANCE,81.036,-0.000864,-0.031489,0.000251,0.784800000,0.000008780,-0.000015073,0.000000,7,0.000002508,0.000250793,0.000179138,0.000179138,0.000000000,manual_A_near_upright
pid,BALANCE,81.057,-0.000858,-0.031489,-0.000408,0.784800000,0.000001823,-0.000014974,0.000000,7,-0.000004078,-0.000407767,-0.000291262,-0.000291262,0.000000000,manual_A_near_upright
pid,BALANCE,81.078,-0.000864,-0.031489,-0.001241,0.784800000,-0.000007981,-0.000015088,0.000000,7,-0.000012407,-0.001240697,-0.000886212,-0.000886212,0.000000000,manual_A_near_upright
pid,BALANCE,81.099,-0.000870,-0.031495,-0.001293,0.784800000,-0.000000783,-0.000015182,0.000000,7,-0.000012926,-0.001292570,-0.000923264,-0.000923264,0.000000000,manual_A_near_upright
pid,BALANCE,81.120,-0.000860,-0.031515,-0.001080,0.784800000,0.000011533,-0.000015002,0.000000,7,-0.000010803,-0.001080338,-0.000771670,-0.000771670,0.000000000,manual_A_near_upright
pid,BALANCE,81.141,-0.000842,-0.031545,-0.001184,0.784800000,0.000016862,-0.000014694,0.000000,7,-0.000011845,-0.001184479,-0.000846056,-0.000846056,0.000000000,manual_A_near_upright
pid,BALANCE,81.161,-0.000816,-0.031583,-0.001154,0.784800000,0.000024766,-0.000014246,0.000000,7,-0.000011535,-0.001153505,-0.000823932,-0.000823932,0.000000000,manual_A_near_upright
pid,BALANCE,81.183,-0.000781,-0.031632,-0.001117,0.784800000,0.000032329,-0.000013638,0.000000,7,-0.000011171,-0.001117140,-0.000797957,-0.000797957,0.000000000,manual_A_near_upright
pid,BALANCE,81.204,-0.000739,-0.031690,-0.001107,0.784800000,0.000038865,-0.000012896,0.000000,7,-0.000011069,-0.001106931,-0.000790665,-0.000790665,0.000000000,manual_A_near_upright
pid,BALANCE,81.225,-0.000686,-0.031760,-0.001073,0.784800000,0.000045651,-0.000011978,0.000000,7,-0.000010729,-0.001072852,-0.000766323,-0.000766323,0.000000000,manual_A_near_upright
pid,BALANCE,81.245,-0.000629,-0.031836,-0.001042,0.784800000,0.000051481,-0.000010979,0.000000,7,-0.000010419,-0.001041935,-0.000744240,-0.000744240,0.000000000,manual_A_near_upright
pid,BALANCE,81.266,-0.000566,-0.031918,-0.001008,0.784800000,0.000056741,-0.000009872,0.000000,7,-0.000010084,-0.001008373,-0.000720266,-0.000720266,0.000000000,manual_A_near_upright
pid,BALANCE,81.287,-0.000500,-0.032003,-0.000972,0.784800000,0.000061212,-0.000008731,0.000000,7,-0.000009723,-0.000972293,-0.000694495,-0.000694495,0.000000000,manual_A_near_upright
pid,BALANCE,81.307,-0.000427,-0.032098,-0.000931,0.784800000,0.000065312,-0.000007446,0.000000,7,-0.000009309,-0.000930918,-0.000664942,-0.000664942,0.000000000,manual_A_near_upright
pid,BALANCE,81.328,-0.000349,-0.032199,-0.000890,0.784800000,0.000068693,-0.000006089,0.000000,7,-0.000008895,-0.000889550,-0.000635393,-0.000635393,0.000000000,manual_A_near_upright
pid,BALANCE,81.348,-0.000268,-0.032303,-0.000846,0.784800000,0.000071390,-0.000004675,0.000000,7,-0.000008459,-0.000845880,-0.000604200,-0.000604200,0.000000000,manual_A_near_upright
pid,BALANCE,81.369,-0.000184,-0.032411,-0.000801,0.784800000,0.000073371,-0.000003217,0.000000,7,-0.000008008,-0.000800825,-0.000572018,-0.000572018,0.000000000,manual_A_near_upright
pid,BALANCE,81.390,-0.000099,-0.032521,-0.000755,0.784800000,0.000074615,-0.000001730,0.000000,7,-0.000007553,-0.000755310,-0.000539507,-0.000539507,0.000000000,manual_A_near_upright
pid,BALANCE,81.410,-0.000013,-0.032633,-0.000709,0.784800000,0.000075127,-0.000000229,0.000000,7,-0.000007093,-0.000709319,-0.000506656,-0.000506656,0.000000000,manual_A_near_upright
pid,BALANCE,81.431,0.000073,-0.032746,-0.000665,0.784800000,0.000074877,0.000001271,0.000000,7,-0.000006647,-0.000664743,-0.000474816,-0.000474816,0.000000000,manual_A_near_upright
pid,BALANCE,81.452,0.000158,-0.032857,-0.000617,0.784800000,0.000073973,0.000002757,0.000000,7,-0.000006172,-0.000617220,-0.000440872,-0.000440872,0.000000000,manual_A_near_upright
pid,BALANCE,81.473,0.000241,-0.032968,-0.000574,0.784800000,0.000072289,0.000004213,0.000000,7,-0.000005740,-0.000574007,-0.000410005,-0.000410005,0.000000000,manual_A_near_upright
pid,BALANCE,81.494,0.000322,-0.033075,-0.000531,0.784800000,0.000069943,0.000005626,0.000000,7,-0.000005311,-0.000531105,-0.000379361,-0.000379361,0.000000000,manual_A_near_upright
pid,BALANCE,81.514,0.000400,-0.033180,-0.000493,0.784800000,0.000066881,0.000006981,0.000000,7,-0.000004928,-0.000492759,-0.000351971,-0.000351971,0.000000000,manual_A_near_upright
pid,BALANCE,81.535,0.000474,-0.033280,-0.000453,0.784800000,0.000063273,0.000008268,0.000000,7,-0.000004531,-0.000453068,-0.000323620,-0.000323620,0.000000000,manual_A_near_upright
pid,BALANCE,81.556,0.000543,-0.033375,-0.000416,0.784800000,0.000059067,0.000009473,0.000000,7,-0.000004165,-0.000416479,-0.000297485,-0.000297485,0.000000000,manual_A_near_upright
pid,BALANCE,81.577,0.000607,-0.033464,-0.000383,0.784800000,0.000054315,0.000010586,0.000000,7,-0.000003831,-0.000383136,-0.000273668,-0.000273668,0.000000000,manual_A_near_upright
pid,BALANCE,81.597,0.000665,-0.033547,-0.000351,0.784800000,0.000049112,0.000011598,0.000000,7,-0.000003512,-0.000351182,-0.000250844,-0.000250844,0.000000000,manual_A_near_upright
pid,BALANCE,81.618,0.000716,-0.033622,-0.000325,0.784800000,0.000043425,0.000012499,0.000000,7,-0.000003248,-0.000324848,-0.000232034,-0.000232034,0.000000000,manual_A_near_upright
pid,BALANCE,81.639,0.000761,-0.033690,-0.000303,0.784800000,0.000037350,0.000013280,0.000000,7,-0.000003029,-0.000302871,-0.000216337,-0.000216337,0.000000000,manual_A_near_upright
pid,BALANCE,81.660,0.000798,-0.033749,-0.000282,0.784800000,0.000031008,0.000013935,0.000000,7,-0.000002824,-0.000282392,-0.000201709,-0.000201709,0.000000000,manual_A_near_upright
pid,BALANCE,81.681,0.000828,-0.033799,-0.000267,0.784800000,0.000024397,0.000014460,0.000000,7,-0.000002666,-0.000266580,-0.000190415,-0.000190415,0.000000000,manual_A_near_upright
pid,BALANCE,81.702,0.000851,-0.033841,-0.000255,0.784800000,0.000017593,0.000014850,0.000000,7,-0.000002552,-0.000255150,-0.000182250,-0.000182250,0.000000000,manual_A_near_upright
pid,BALANCE,81.723,0.000866,-0.033874,-0.000248,0.784800000,0.000010319,0.000015110,0.000000,7,-0.000002510,-0.000250985,-0.000179275,-0.000179275,0.000000000,manual_A_near_upright
pid,BALANCE,81.744,0.000872,-0.033895,-0.000246,0.784800000,0.000003676,0.000015213,0.000000,7,-0.000002456,-0.000245560,-0.000175400,-0.000175400,0.000000000,manual_A_near_upright
pid,BALANCE,81.765,0.000870,-0.033907,-0.000247,0.784800000,-0.000003290,0.000015186,0.000000,7,-0.000002468,-0.000246828,-0.000176306,-0.000176306,0.000000000,manual_A_near_upright
pid,BALANCE,81.785,0.000861,-0.033910,-0.000197,0.784800000,-0.000009007,0.000015027,0.000000,7,-0.000001966,-0.000196636,-0.000140454,-0.000140454,0.000000000,manual_A_near_upright
pid,BALANCE,81.806,0.000858,-0.033910,0.000584,0.784800000,0.000000394,0.000014974,0.000000,7,0.000005842,0.000584197,0.000417284,0.000417284,0.000000000,manual_A_near_upright
pid,BALANCE,81.827,0.000866,-0.033910,0.001340,0.784800000,0.000008400,0.000015118,0.000000,7,0.000010269,0.001026933,0.000733523,0.000733523,0.000000000,manual_A_near_upright
pid,BALANCE,81.848,0.000868,-0.033900,0.001213,0.784800000,-0.000002532,0.000015153,0.000000,7,0.000012125,0.001212501,0.000866072,0.000866072,0.000000000,manual_A_near_upright
pid,BALANCE,81.869,0.000856,-0.033878,0.001099,0.784800000,-0.000012664,0.000014937,0.000000,7,0.000010989,0.001098895,0.000784925,0.000784925,0.000000000,manual_A_near_upright
pid,BALANCE,81.889,0.000837,-0.033847,0.001196,0.784800000,-0.000018106,0.000014609,0.000000,7,0.000011959,0.001195892,0.000854208,0.000854208,0.000000000,manual_A_near_upright
pid,BALANCE,81.910,0.000809,-0.033806,0.001140,0.784800000,-0.000026458,0.000014128,0.000000,7,0.000011396,0.001139642,0.000814030,0.000814030,0.000000000,manual_A_near_upright
pid,BALANCE,81.930,0.000773,-0.033756,0.001115,0.784800000,-0.000033671,0.000013490,0.000000,7,0.000011148,0.001114805,0.000796289,0.000796289,0.000000000,manual_A_near_upright
pid,BALANCE,81.951,0.000729,-0.033696,0.001104,0.784800000,-0.000040118,0.000012724,0.000000,7,0.000011039,0.001103937,0.000788527,0.000788527,0.000000000,manual_A_near_upright
pid,BALANCE,81.972,0.000678,-0.033628,0.001068,0.784800000,-0.000046555,0.000011827,0.000000,7,0.000010678,0.001067836,0.000762740,0.000762740,0.000000000,manual_A_near_upright
pid,BALANCE,81.993,0.000619,-0.033551,0.001038,0.784800000,-0.000052260,0.000010812,0.000000,7,0.000010383,0.001038276,0.000741626,0.000741626,0.000000000,manual_A_near_upright
pid,BALANCE,82.014,0.000555,-0.033468,0.001004,0.784800000,-0.000057443,0.000009691,0.000000,7,0.000010035,0.001003535,0.000716810,0.000716810,0.000000000,manual_A_near_upright
pid,BALANCE,82.035,0.000485,-0.033377,0.000962,0.784800000,-0.000062093,0.000008473,0.000000,7,0.000009622,0.000962241,0.000687315,0.000687315,0.000000000,manual_A_near_upright
pid,BALANCE,82.056,0.000411,-0.033281,0.000925,0.784800000,-0.000065962,0.000007174,0.000000,7,0.000009248,0.000924808,0.000660577,0.000660577,0.000000000,manual_A_near_upright
pid,BALANCE,82.077,0.000333,-0.033180,0.000881,0.784800000,-0.000069253,0.000005806,0.000000,7,0.000008808,0.000880757,0.000629112,0.000629112,0.000000000,manual_A_near_upright
pid,BALANCE,82.097,0.000251,-0.033075,0.000836,0.784800000,-0.000071817,0.000004382,0.000000,7,0.000008361,0.000836086,0.000597204,0.000597204,0.000000000,manual_A_near_upright
pid,BALANCE,82.118,0.000167,-0.032966,0.000793,0.784800000,-0.000073599,0.000002919,0.000000,7,0.000007932,0.000793218,0.000566585,0.000566585,0.000000000,manual_A_near_upright
pid,BALANCE,82.138,0.000082,-0.032855,0.000746,0.784800000,-0.000074719,0.000001429,0.000000,7,0.000007465,0.000746491,0.000533208,0.000533208,0.000000000,manual_A_near_upright
pid,BALANCE,82.159,-0.000004,-0.032743,0.000699,0.784800000,-0.000075106,-0.000000072,0.000000,7,0.000006993,0.000699264,0.000499474,0.000499474,0.000000000,manual_A_near_upright
pid,BALANCE,82.180,-0.000090,-0.032631,0.000655,0.784800000,-0.000074712,-0.000001570,0.000000,7,0.000006548,0.000654797,0.000483651,0.000483651,0.000000000,manual_A_near_upright
pid,BALANCE,82.201,-0.000175,-0.032520,0.000609,0.784800000,-0.000073632,-0.000003050,0.000000,7,0.000006093,0.000609279,0.000435199,0.000435199,0.000000000,manual_A_near_upright
pid,BALANCE,82.222,-0.000258,-0.032410,0.000565,0.784800000,-0.000071839,-0.000004498,0.000000,7,0.000005652,0.000565167,0.000403690,0.000403690,0.000000000,manual_A_near_upright
pid,BALANCE,82.242,-0.000338,-0.032303,0.000525,0.784800000,-0.000069319,-0.000005899,0.000000,7,0.000005247,0.000524730,0.000374807,0.000374807,0.000000000,manual_A_near_upright
pid,BALANCE,82.263,-0.000415,-0.032199,0.000483,0.784800000,-0.000066214,-0.000007241,0.000000,7,0.000004831,0.000483096,0.000345068,0.000345068,0.000000000,manual_A_near_upright
pid,BALANCE,82.284,-0.000488,-0.032100,0.000443,0.784800000,-0.000062514,-0.000008513,0.000000,7,0.000004425,0.000442548,0.000316106,0.000316106,0.000000000,manual_A_near_upright
pid,BALANCE,82.305,-0.000556,-0.032006,0.000408,0.784800000,-0.000058158,-0.000009701,0.000000,7,0.000004085,0.000408451,0.000291751,0.000291751,0.000000000,manual_A_near_upright
pid,BALANCE,82.325,-0.000619,-0.031918,0.000375,0.784800000,-0.000053319,-0.000010795,0.000000,7,0.000003752,0.000375173,0.000267981,0.000267981,0.000000000,manual_A_near_upright
pid,BALANCE,82.346,-0.000675,-0.031837,0.000346,0.784800000,-0.000047975,-0.000011785,0.000000,7,0.000003463,0.000346310,0.000247364,0.000247364,0.000000000,manual_A_near_upright
pid,BALANCE,82.367,-0.000725,-0.031763,0.000320,0.784800000,-0.000042226,-0.000012662,0.000000,7,0.000003201,0.000320100,0.000228643,0.000228643,0.000000000,manual_A_near_upright
pid,BALANCE,82.388,-0.000769,-0.031697,0.000298,0.784800000,-0.000036111,-0.000013418,0.000000,7,0.000002976,0.000297639,0.000212599,0.000212599,0.000000000,manual_A_near_upright
pid,BALANCE,82.408,-0.000805,-0.031640,0.000279,0.784800000,-0.000029687,-0.000014048,0.000000,7,0.000002793,0.000279307,0.000199505,0.000199505,0.000000000,manual_A_near_upright
pid,BALANCE,82.429,-0.000833,-0.031591,0.000265,0.784800000,-0.000023029,-0.000014545,0.000000,7,0.000002648,0.000264761,0.000189115,0.000189115,0.000000000,manual_A_near_upright
pid,BALANCE,82.450,-0.000854,-0.031552,0.000254,0.784800000,-0.000016210,-0.000014907,0.000000,7,0.000002582,0.000258225,0.000184446,0.000184446,0.000000000,manual_A_near_upright
pid,BALANCE,82.471,-0.000867,-0.031522,0.000248,0.784800000,-0.000009264,-0.000015131,0.000000,7,0.000002476,0.000247608,0.000176863,0.000176863,0.000000000,manual_A_near_upright
pid,BALANCE,82.491,-0.000872,-0.031502,0.000245,0.784800000,-0.000002289,-0.000015215,0.000000,7,0.000002453,0.000245287,0.000175205,0.000175205,0.000000000,manual_A_near_upright
pid,BALANCE,82.512,-0.000869,-0.031491,0.000248,0.784800000,0.000004675,-0.000015160,0.000000,7,0.000002478,0.000247806,0.000177004,0.000177004,0.000000000,manual_A_near_upright
pid,BALANCE,82.533,-0.000859,-0.031489,0.000074,0.784800000,0.000007763,-0.000014995,0.000000,7,0.000000737,0.000073743,0.000052674,0.000052674,0.000000000,manual_A_near_upright
pid,BALANCE,82.554,-0.000859,-0.031489,-0.000760,0.784800000,-0.000002593,-0.000014986,0.000000,7,-0.000007600,-0.000760013,-0.000542866,-0.000542866,0.000000000,manual_A_near_upright
pid,BALANCE,82.574,-0.000868,-0.031490,-0.001418,0.784800000,-0.000008358,-0.000015153,0.000000,7,-0.000014177,-0.001417674,-0.001012624,-0.001012624,0.000000000,manual_A_near_upright
pid,BALANCE,82.595,-0.000867,-0.031503,-0.001146,0.784800000,0.000005552,-0.000015131,0.000000,7,-0.000011457,-0.001145693,-0.000818352,-0.000818352,0.000000000,manual_A_near_upright
pid,BALANCE,82.616,-0.000853,-0.031527,-0.001130,0.784800000,0.000013552,-0.000014889,0.000000,7,-0.000011300,-0.001130031,-0.000807165,-0.000807165,0.000000000,manual_A_near_upright
pid,BALANCE,82.636,-0.000833,-0.031559,-0.001192,0.784800000,0.000019706,-0.000014535,0.000000,7,-0.000011915,-0.001191544,-0.000851103,-0.000851103,0.000000000,manual_A_near_upright
pid,BALANCE,82.657,-0.000803,-0.031602,-0.001130,0.784800000,0.000028075,-0.000014019,0.000000,7,-0.000011302,-0.001130213,-0.000807295,-0.000807295,0.000000000,manual_A_near_upright
pid,BALANCE,82.678,-0.000765,-0.031655,-0.001116,0.784800000,0.000034977,-0.000013355,0.000000,7,-0.000011161,-0.001116127,-0.000797234,-0.000797234,0.000000000,manual_A_near_upright
pid,BALANCE,82.698,-0.000720,-0.031716,-0.001095,0.784800000,0.000041530,-0.000012561,0.000000,7,-0.000010955,-0.001095475,-0.000782482,-0.000782482,0.000000000,manual_A_near_upright
pid,BALANCE,82.719,-0.000667,-0.031787,-0.001061,0.784800000,0.000047826,-0.000011638,0.000000,7,-0.000010606,-0.001060646,-0.000757605,-0.000757605,0.000000000,manual_A_near_upright
pid,BALANCE,82.740,-0.000607,-0.031865,-0.001030,0.784800000,0.000053429,-0.000010599,0.000000,7,-0.000010301,-0.001030059,-0.000735756,-0.000735756,0.000000000,manual_A_near_upright
pid,BALANCE,82.761,-0.000542,-0.031950,-0.000997,0.784800000,0.000058451,-0.000009457,0.000000,7,-0.000009968,-0.000996796,-0.000711997,-0.000711997,0.000000000,manual_A_near_upright
pid,BALANCE,82.781,-0.000471,-0.032041,-0.000957,0.784800000,0.000062930,-0.000008222,0.000000,7,-0.000009573,-0.000957280,-0.000683772,-0.000683772,0.000000000,manual_A_near_upright
pid,BALANCE,82.802,-0.000396,-0.032139,-0.000917,0.784800000,0.000066726,-0.000006907,0.000000,7,-0.000009168,-0.000916775,-0.000654839,-0.000654839,0.000000000,manual_A_near_upright
pid,BALANCE,82.823,-0.000317,-0.032241,-0.000874,0.784800000,0.000069839,-0.000005526,0.000000,7,-0.000008743,-0.000874288,-0.000624492,-0.000624492,0.000000000,manual_A_near_upright
pid,BALANCE,82.844,-0.000234,-0.032347,-0.000828,0.784800000,0.000072291,-0.000004092,0.000000,7,-0.000008281,-0.000828111,-0.000591508,-0.000591508,0.000000000,manual_A_near_upright
pid,BALANCE,82.865,-0.000150,-0.032456,-0.000782,0.784800000,0.000073998,-0.000002620,0.000000,7,-0.000008043,-0.000804275,-0.000574482,-0.000574482,0.000000000,manual_A_near_upright
pid,BALANCE,82.886,-0.000064,-0.032567,-0.000737,0.784800000,0.000074920,-0.000001126,0.000000,7,-0.000007372,-0.000737194,-0.000526567,-0.000526567,0.000000000,manual_A_near_upright
pid,BALANCE,82.907,0.000022,-0.032679,-0.000691,0.784800000,0.000075145,0.000000377,0.000000,7,-0.000006907,-0.000690653,-0.000493323,-0.000493323,0.000000000,manual_A_near_upright
pid,BALANCE,82.928,0.000107,-0.032791,-0.000645,0.784800000,0.000074626,0.000001874,0.000000,7,-0.000006448,-0.000644842,-0.000460601,-0.000460601,0.000000000,manual_A_near_upright
pid,BALANCE,82.948,0.000192,-0.032902,-0.000600,0.784800000,0.000073380,0.000003350,0.000000,7,-0.000006001,-0.000600149,-0.000428678,-0.000428678,0.000000000,manual_A_near_upright
pid,BALANCE,82.970,0.000274,-0.033012,-0.000556,0.784800000,0.000071441,0.000004791,0.000000,7,-0.000005562,-0.000556237,-0.000397312,-0.000397312,0.000000000,manual_A_near_upright
pid,BALANCE,82.990,0.000354,-0.033118,-0.000514,0.784800000,0.000068822,0.000006183,0.000000,7,-0.000005141,-0.000514072,-0.000367194,-0.000367194,0.000000000,manual_A_near_upright
pid,BALANCE,83.011,0.000430,-0.033221,-0.000475,0.784800000,0.000065533,0.000007512,0.000000,7,-0.000004751,-0.000475130,-0.000339379,-0.000339379,0.000000000,manual_A_near_upright
pid,BALANCE,83.032,0.000502,-0.033320,-0.000435,0.784800000,0.000061704,0.000008769,0.000000,7,-0.000004352,-0.000435155,-0.000310825,-0.000310825,0.000000000,manual_A_near_upright
pid,BALANCE,83.053,0.000569,-0.033412,-0.000401,0.784800000,0.000057245,0.000009939,0.000000,7,-0.000004009,-0.000400876,-0.000286340,-0.000286340,0.000000000,manual_A_near_upright
pid,BALANCE,83.073,0.000631,-0.033499,-0.000369,0.784800000,0.000052287,0.000011013,0.000000,7,-0.000003687,-0.000368686,-0.000263347,-0.000263347,0.000000000,manual_A_near_upright
pid,BALANCE,83.094,0.000686,-0.033579,-0.000339,0.784800000,0.000046869,0.000011981,0.000000,7,-0.000003535,-0.000353540,-0.000252529,-0.000252529,0.000000000,manual_A_near_upright
pid,BALANCE,83.115,0.000735,-0.033651,-0.000314,0.784800000,0.000041027,0.000012834,0.000000,7,-0.000003142,-0.000314231,-0.000224451,-0.000224451,0.000000000,manual_A_near_upright
pid,BALANCE,83.136,0.000777,-0.033715,-0.000293,0.784800000,0.000034839,0.000013566,0.000000,7,-0.000002925,-0.000292517,-0.000208941,-0.000208941,0.000000000,manual_A_near_upright
pid,BALANCE,83.157,0.000812,-0.033771,-0.000275,0.784800000,0.000028359,0.000014169,0.000000,7,-0.000002748,-0.000274802,-0.000196287,-0.000196287,0.000000000,manual_A_near_upright
pid,BALANCE,83.177,0.000839,-0.033818,-0.000261,0.784800000,0.000021651,0.000014639,0.000000,7,-0.000002612,-0.000261169,-0.000186549,-0.000186549,0.000000000,manual_A_near_upright
pid,BALANCE,83.198,0.000858,-0.033855,-0.000252,0.784800000,0.000014785,0.000014973,0.000000,7,-0.000002516,-0.000251631,-0.000179736,-0.000179736,0.000000000,manual_A_near_upright
pid,BALANCE,83.220,0.000869,-0.033883,-0.000246,0.784800000,0.000007823,0.000015168,0.000000,7,-0.000002464,-0.000246350,-0.000175965,-0.000175965,0.000000000,manual_A_near_upright
pid,BALANCE,83.240,0.000872,-0.033901,-0.000245,0.784800000,0.000000833,0.000015223,0.000000,7,-0.000002454,-0.000245363,-0.000175259,-0.000175259,0.000000000,manual_A_near_upright
pid,BALANCE,83.262,0.000867,-0.033910,-0.000249,0.784800000,-0.000006115,0.000015139,0.000000,7,-0.000002485,-0.000248534,-0.000177524,-0.000177524,0.000000000,manual_A_near_upright
