workspace,elapsed_s,degree_deg,cmX_cm,setspeed_cm_s,energy_j,theta_dot_rad_s,theta_rad,x_center_cm,mode,cart_velocity_cmd_mps,cart_force_cmd_n,hinge_assist_torque_nm,external_force_n,note
pid,2.829,-180.000000,0.000000,0.000000,0.000000000,0.000000000,-3.141592654,0.000000,1,0.000000000,0.000000000,0.000000000,0.000000,startup
pid,2.851,-180.000000,0.000000,0.000000,0.000000000,0.000000000,-3.141592654,0.000000,1,0.000000000,0.000000000,0.000000000,0.000000,homing
pid,2.872,-180.000000,0.000000,0.000000,0.000000000,0.000000000,-3.141592654,0.000000,3,0.000000000,0.000000000,0.000000000,0.000000,homing
pid,2.893,-180.000000,0.000000,0.000000,0.000000000,0.000000000,-3.141592654,0.000000,3,0.000000000,0.000000000,0.000000000,0.000000,homing
pid,2.915,-180.000000,0.000000,0.000000,0.000000000,0.000000000,-3.141592654,0.000000,3,0.000000000,0.000000000,0.000000000,0.000000,homing
pid,2.936,-180.000000,0.000000,0.000000,0.000000000,0.000000000,-3.141592654,0.000000,3,0.000000000,0.000000000,0.000000000,0.000000,homing
pid,2.957,-180.000000,0.000000,0.000000,0.000000000,0.000000000,-3.141592654,0.000000,3,0.000000000,0.000000000,0.000000000,0.000000,homing
pid,2.977,-180.000000,0.000000,0.000000,0.000000000,0.000000000,-3.141592654,0.000000,3,0.000000000,0.000000000,0.000000000,0.000000,homing
pid,2.998,-180.000000,0.000000,0.000000,0.000000000,0.000000000,-3.141592654,0.000000,3,0.000000000,0.000000000,0.000000000,0.000000,homing
pid,3.019,-180.000000,0.000000,0.000000,0.000000000,0.000000000,-3.141592654,0.000000,3,0.000000000,0.000000000,0.000000000,0.000000,homing
pid,3.039,-180.000000,0.000000,0.000000,0.000000000,0.000000000,-3.141592654,0.000000,3,0.000000000,0.000000000,0.000000000,0.000000,homing
pid,3.060,-180.000000,0.000000,0.000000,0.000000000,0.000000000,-3.141592654,0.000000,3,0.000000000,0.000000000,0.000000000,0.000000,homing
pid,3.081,-180.000000,0.000000,0.000000,0.000000000,0.000000000,-3.141592654,0.000000,3,0.000000000,0.000000000,0.000000000,0.000000,swing_up
pid,3.111,-179.911401,0.041403,4.201314,0.000073652,0.135261771,-3.140046318,0.000000,6,0.042013139,3.000938483,0.000000000,0.000000,swing_up
pid,3.132,-179.608860,0.184043,-2.144218,0.000342703,0.288773016,-3.134765967,0.000000,6,-0.021442176,-1.531584017,0.000000000,0.000000,swing_up
pid,3.152,-179.329410,0.319966,-0.750069,0.000190564,0.202292009,-3.129888653,0.000000,6,-0.007500694,-0.535763835,0.000000000,0.000000,swing_up
pid,3.173,-179.153483,0.413132,4.202676,0.000149995,0.163682739,-3.126818141,0.000000,6,0.042026758,3.001911253,0.000000000,0.000000,swing_up
pid,3.193,-178.873478,0.561586,-2.181318,0.000360370,0.266705223,-3.121931130,0.000000,6,-0.021813185,-1.558084628,0.000000000,0.000000,swing_up
pid,3.214,-178.615022,0.708949,1.723028,0.000272724,0.198802024,-3.117420230,0.000000,6,0.017230276,1.230734026,0.000000000,0.000000,swing_up
pid,3.234,-178.373438,0.858933,0.480799,0.000385572,0.238463433,-3.113203794,0.000000,6,0.004807988,0.343427721,0.000000000,0.000000,swing_up
pid,3.255,-178.086925,1.042231,-0.024373,0.000421660,0.225247179,-3.108203197,0.000000,6,-0.000243728,-0.017409168,0.000000000,0.000000,swing_up
pid,3.276,-177.865107,1.209500,1.641990,0.000444322,0.207337109,-3.104331748,0.000000,6,0.016419904,1.172850293,0.000000000,0.000000,swing_up
pid,3.297,-177.600695,1.412353,0.252550,0.000533711,0.217777982,-3.099716889,0.000000,6,0.002525497,0.180392626,0.000000000,0.000000,swing_up
pid,3.317,-177.375789,1.614230,1.020984,0.000584267,0.207823251,-3.095791524,0.000000,6,0.010209839,0.729274184,0.000000000,0.000000,swing_up
pid,3.337,-177.126279,1.846629,1.108450,0.000659804,0.203926292,-3.091436764,0.000000,6,0.011084498,0.791749866,0.000000000,0.000000,swing_up
pid,3.358,-176.905714,2.086188,0.916352,0.000736126,0.202502700,-3.087587168,0.000000,6,0.009163516,0.654536875,0.000000000,0.000000,swing_up
pid,3.378,-176.669453,2.355296,1.390000,0.000814047,0.194472213,-3.083463641,0.000000,6,0.013900000,0.992857136,0.000000000,0.000000,swing_up
pid,3.399,-176.453530,2.638677,0.705789,0.000906910,0.197133886,-3.079695074,0.000000,6,0.007057886,0.504134687,0.000000000,0.000000,swing_up
pid,3.419,-176.231766,2.950067,1.758407,0.000982461,0.183108613,-3.075824567,0.000000,6,0.017584075,1.256005340,0.000000000,0.000000,swing_up
pid,3.440,-176.023133,3.282057,0.693922,0.001087390,0.188774162,-3.072183226,0.000000,6,0.006939220,0.495658550,0.000000000,0.000000,swing_up
pid,3.461,-175.816034,3.641513,1.953206,0.001164406,0.172216867,-3.068568678,0.000000,6,0.019532057,1.395146934,0.000000000,0.000000,swing_up
pid,3.481,-175.618534,4.026022,-1.130118,0.001273989,0.178330034,-3.065121651,0.000000,6,0.020250723,1.446480250,0.000000000,0.000000,swing_up
pid,3.502,-175.487398,4.410348,-7.462700,0.001231138,0.060660946,-3.062832895,0.000000,6,-0.074626998,-5.330499850,0.000000000,0.000000,swing_up
pid,3.522,-175.674637,4.676672,-4.224260,0.001359947,-0.246135634,-3.066100826,0.000000,6,-0.042242600,-3.017328581,0.000000000,0.000000,swing_up
pid,3.543,-176.141629,4.840377,2.082443,0.001699972,-0.450158516,-3.074251367,0.000000,6,0.020824429,1.487459179,0.000000000,0.000000,swing_up
pid,3.564,-176.653309,5.007374,8.395083,0.001355149,-0.414107636,-3.083181880,0.000000,6,0.083950830,5.996487879,0.000000000,0.000000,swing_up
pid,3.584,-176.926087,5.307078,2.117077,0.000683561,-0.172461356,-3.087942744,0.000000,6,0.021170765,1.512197519,0.000000000,0.000000,swing_up
pid,3.605,-177.059186,5.692267,-4.210353,0.000580351,-0.126081075,-3.090265763,0.000000,6,-0.042103529,-3.007394894,0.000000000,0.000000,swing_up
pid,3.625,-177.343939,6.025978,-0.979348,0.000803026,-0.308817490,-3.095235636,0.000000,6,-0.009793479,-0.699534239,0.000000000,0.000000,swing_up
pid,3.646,-177.785279,6.303123,5.436591,0.000885349,-0.384783802,-3.102938472,0.000000,6,0.054365908,3.883279162,0.000000000,0.000000,swing_up
pid,3.667,-178.114852,6.645820,-0.958116,0.000462730,-0.250176687,-3.108690608,0.000000,6,-0.009581163,-0.684368758,0.000000000,0.000000,swing_up
pid,3.687,-178.426263,7.008607,-1.778121,0.000531205,-0.309513822,-3.114125757,0.000000,6,-0.017781206,-1.270086177,0.000000000,0.000000,swing_up
pid,3.708,-178.866267,7.320503,4.499219,0.000676973,-0.387348449,-3.121805271,0.000000,6,0.044992190,3.213727883,0.000000000,0.000000,swing_up
pid,3.729,-179.221708,7.677797,-1.900005,0.000354960,-0.282293226,-3.128008887,0.000000,6,-0.019000055,-1.357146777,0.000000000,0.000000,swing_up
pid,3.750,-179.581848,8.036771,-1.023860,0.000513259,-0.354545168,-3.134294521,0.000000,6,-0.010238603,-0.731328813,0.000000000,0.000000,swing_up
pid,3.771,179.956798,8.349553,5.486450,0.000612684,-0.391335087,3.140838629,0.000000,6,0.054864499,3.918892807,0.000000000,0.000000,swing_up
pid,3.791,179.637455,8.726478,-0.788179,0.000226477,-0.233785032,3.135265045,0.000000,6,-0.007881794,-0.562985253,0.000000000,0.000000,swing_up
pid,3.812,179.373123,9.125403,-4.205251,0.000294368,-0.260231525,3.130651584,0.000000,6,-0.042052512,-3.003750867,0.000000000,0.000000,swing_up
pid,3.833,178.958155,9.448330,2.257820,0.000664340,-0.387127145,3.123409027,0.000000,6,0.022578196,1.612728253,0.000000000,0.000000,swing_up
pid,3.853,178.560347,9.770266,-0.790541,0.000516495,-0.313301222,3.116465961,0.000000,6,-0.007905408,-0.564671988,0.000000000,0.000000,swing_up
pid,3.874,178.214207,10.104906,-2.457276,0.000618177,-0.326953836,3.110424679,0.000000,6,-0.024572762,-1.755197277,0.000000000,0.000000,swing_up
pid,3.895,177.780958,10.384957,2.515606,0.000857378,-0.375206181,3.102863064,0.000000,6,0.025156055,1.796861105,0.000000000,0.000000,swing_up
pid,3.916,177.426721,10.684936,-3.891212,0.000735249,-0.291358590,3.096680458,0.000000,6,-0.038912124,-2.779437435,0.000000000,0.000000,swing_up
pid,3.936,177.034095,10.947823,-0.279808,0.001084687,-0.373854033,3.089827844,0.000000,6,-0.002798078,-0.199862681,0.000000000,0.000000,swing_up
pid,3.956,176.613385,11.175425,-0.293446,0.001132302,-0.334303913,3.082485075,0.000000,6,-0.002934460,-0.209604282,0.000000000,0.000000,swing_up
pid,3.976,176.280310,11.419167,-4.221220,0.001189555,-0.301213602,3.076671814,0.000000,6,-0.042212204,-3.015157432,0.000000000,0.000000,swing_up
pid,3.997,175.865554,11.597633,1.887090,0.001576857,-0.372720495,3.069432959,0.000000,6,0.018870904,1.347921682,0.000000000,0.000000,swing_up
pid,4.018,175.500898,11.769434,-4.227993,0.001569194,-0.300015973,3.063068508,0.000000,6,-0.042279928,-3.019994829,0.000000000,0.000000,swing_up
pid,4.038,175.108980,11.896043,0.087786,0.001962063,-0.365104560,3.056228243,0.000000,6,0.000877864,0.062704571,0.000000000,0.000000,swing_up
pid,4.059,174.718030,11.987784,-2.774507,0.002066300,-0.316250964,3.049404891,0.000000,6,-0.027745070,-1.981790713,0.000000000,0.000000,swing_up
pid,4.079,174.353670,12.054138,-1.287061,0.002362402,-0.338578875,3.043045602,0.000000,6,-0.012870610,-0.919329259,0.000000000,0.000000,swing_up
pid,4.100,173.964625,12.068468,-2.906767,0.002587173,-0.321000603,3.036255482,0.000000,6,-0.029067668,-2.076262026,0.000000000,0.000000,swing_up
pid,4.121,173.599121,12.050776,-1.372761,0.002889402,-0.332889741,3.029876249,0.000000,6,-0.013727611,-0.980543637,0.000000000,0.000000,swing_up
pid,4.141,173.221360,11.981683,-3.201558,0.003133169,-0.312301570,3.023283073,0.000000,6,-0.032015579,-2.286827093,0.000000000,0.000000,swing_up
pid,4.162,172.863791,11.873897,-1.520095,0.003461062,-0.324570953,3.017042312,0.000000,6,-0.015200947,-1.085781909,0.000000000,0.000000,swing_up
pid,4.183,172.501875,11.713375,-3.399416,0.003721140,-0.302398648,3.010725691,0.000000,6,-0.033994164,-2.428154571,0.000000000,0.000000,swing_up
pid,4.203,172.152418,11.505579,-1.732376,0.004067865,-0.313431475,3.004626513,0.000000,6,-0.017323761,-1.237411470,0.000000000,0.000000,swing_up
pid,4.224,171.807496,11.244334,-3.537165,0.004342706,-0.290782551,2.998606479,0.000000,6,-0.035371652,-2.526546541,0.000000000,0.000000,swing_up
pid,4.244,171.470548,10.928925,-2.052274,0.004697431,-0.298910804,2.992725636,0.000000,6,-0.020522736,-1.465909748,0.000000000,0.000000,swing_up
pid,4.265,171.144370,10.558322,-3.690508,0.004983664,-0.276591922,2.987032760,0.000000,6,-0.036905082,-2.636077289,0.000000000,0.000000,swing_up
pid,4.286,170.824320,10.128125,-2.218542,0.005342319,-0.283365923,2.981446833,0.000000,6,-0.022185425,-1.584673192,0.000000000,0.000000,swing_up
pid,4.307,170.516231,9.638850,-3.872836,0.005632684,-0.259559866,2.976069662,0.000000,6,-0.038728364,-2.766311695,0.000000000,0.000000,swing_up
pid,4.328,170.217913,9.087385,-2.407807,0.005985937,-0.264980869,2.970863033,0.000000,6,-0.024078065,-1.719861800,0.000000000,0.000000,swing_up
pid,4.349,169.930436,8.472148,-4.002655,0.006275532,-0.240354020,2.965845613,0.000000,6,-0.040026551,-2.859039385,0.000000000,0.000000,swing_up
pid,4.370,169.657052,7.792749,-2.620007,0.006613663,-0.243644667,2.961074159,0.000000,6,-0.026200067,-1.871433325,0.000000000,0.000000,swing_up
pid,4.391,169.392908,7.044972,-4.071979,0.006896872,-0.218955552,2.956463981,0.000000,6,-0.040719785,-2.908556083,0.000000000,0.000000,swing_up
pid,4.412,169.148131,6.231862,-2.961249,0.007207729,-0.218245401,2.952191809,0.000000,6,-0.029612487,-2.115177654,0.000000000,0.000000,swing_up
pid,4.433,168.910476,5.345892,-3.979083,0.007481050,-0.196276023,2.948043941,0.000000,6,-0.039790831,-2.842202226,0.000000000,0.000000,swing_up
pid,4.454,168.696482,4.393346,-3.276347,0.007756247,-0.190208738,2.944309046,0.000000,6,-0.032763466,-2.340247567,0.000000000,0.000000,swing_up
pid,4.474,168.488477,3.364332,-3.871997,0.008010034,-0.170840967,2.940678667,0.000000,6,-0.038719971,-2.765712190,0.000000000,0.000000,swing_up
pid,4.495,168.308411,2.267929,-3.626594,0.008242300,-0.158909103,2.937535929,0.000000,6,-0.036265941,-2.590424326,0.000000000,0.000000,swing_up
pid,4.516,168.135688,1.093102,-3.812720,0.008463451,-0.142039611,2.934521341,0.000000,6,-0.038127198,-2.723371279,0.000000000,0.000000,swing_up
pid,4.537,167.988198,-0.152762,-3.623751,0.008657333,-0.128100316,2.931947166,0.000000,6,-0.036237505,-2.588393226,0.000000000,0.000000,swing_up
pid,4.557,167.854330,-1.476178,-3.911460,0.008830895,-0.108801216,2.929610726,0.000000,6,-0.039114601,-2.793900077,0.000000000,0.000000,swing_up
pid,4.578,167.744905,-2.872836,-3.642793,0.008977414,-0.094200901,2.927700897,0.000000,6,-0.036427925,-2.601994660,0.000000000,0.000000,swing_up
pid,4.599,167.650708,-4.347845,-0.229863,0.009101098,-0.073695998,2.926056852,0.000000,6,-0.002298635,-0.164188212,0.000000000,0.000000,swing_up
pid,4.620,167.673805,-5.852954,4.361884,0.009074728,0.085371300,2.926459958,0.000000,6,0.043618835,3.115631094,0.000000000,0.000000,swing_up
pid,4.640,168.041096,-7.278692,1.257930,0.009212906,0.417265848,2.932870409,0.000000,6,0.012579302,0.898521590,0.000000000,0.000000,swing_up
pid,4.661,168.728615,-8.632408,-5.087020,0.009199767,0.638613994,2.944869867,0.000000,6,-0.050870204,-3.633585991,0.000000000,0.000000,swing_up
pid,4.682,169.477715,-10.121308,-11.571388,0.007944414,0.580042387,2.957944131,0.000000,6,-0.115713875,-8.265276791,0.000000000,0.000000,swing_up
pid,4.702,169.904630,-11.654114,-5.389581,0.006496148,0.324328330,2.965395205,0.000000,6,-0.053895808,-3.849700571,0.000000000,0.000000,swing_up
pid,4.723,170.185831,-13.510224,1.125204,0.005956583,0.231362155,2.970303095,0.000000,6,0.011252038,0.803716988,0.000000000,0.000000,swing_up
pid,4.744,170.577548,-15.287518,7.432143,0.005978867,0.413714727,2.977139840,0.000000,6,0.074321435,5.308673928,0.000000000,0.000000,swing_up
pid,4.764,171.392232,-16.927505,13.774384,0.007332129,0.853254636,2.991358763,0.000000,6,0.137743837,9.838845509,0.000000000,0.000000,swing_up
pid,4.794,173.910023,-18.768851,23.085546,0.017071889,1.927264076,3.035302507,0.000000,6,0.230855456,16.489675408,0.000000000,0.000000,swing_up
pid,4.815,176.948716,-19.469485,29.376954,0.035483425,2.954958356,3.088337706,0.000000,6,0.293769541,20.983538629,0.000000000,0.000000,swing_up
pid,4.836,-178.650583,-19.538978,35.806617,0.070621295,4.198585191,-3.118040887,0.000000,6,0.358066173,25.576155229,0.000000000,0.000000,swing_up
pid,4.857,-172.664291,-18.836719,42.305999,0.130077547,5.631735415,-3.013560371,0.000000,6,0.423059994,30.218571029,0.000000000,0.000000,swing_up
pid,4.878,-164.933612,-17.232406,48.774663,0.219689856,7.179854083,-2.878634577,0.000000,6,0.487746632,34.839045128,0.000000000,0.000000,swing_up
pid,4.899,-155.390546,-14.605431,48.818181,0.342753623,8.762290131,-2.712076648,0.000000,6,0.488181814,34.870129589,0.000000000,0.000000,swing_up
pid,4.920,-144.259413,-10.933223,42.294125,0.474335381,10.005431931,-2.517801738,0.000000,6,0.422941254,30.210089589,0.000000000,0.000000,swing_up
pid,4.941,-131.925364,-6.352552,35.727304,0.539604878,10.116714405,-2.302531970,0.000000,6,0.357273042,25.519503029,0.000000000,0.000000,swing_up
pid,4.962,-121.397359,-2.172552,29.395906,0.548912269,9.499223789,-2.118783618,0.000000,6,0.293959059,20.997075669,0.000000000,0.000000,swing_up
pid,4.983,-111.112828,2.227448,22.998639,0.558669132,8.769461777,-1.939284688,0.000000,6,0.229986391,16.427599329,0.000000000,0.000000,swing_up
pid,5.003,-101.703926,6.627448,16.610450,0.568497009,7.995265340,-1.775068366,0.000000,6,0.166104502,11.864607268,0.000000000,0.000000,swing_up
pid,5.024,-93.201618,11.027448,10.184702,0.577850381,7.200100795,-1.626675108,0.000000,6,0.101847019,7.274787089,0.000000000,0.000000,swing_up
pid,5.045,-85.613954,15.427448,3.734366,0.586384411,6.402639126,-1.494245387,0.000000,6,0.037343663,2.667404529,0.000000000,0.000000,swing_up
pid,5.066,-78.931020,19.825567,-2.648961,0.593989836,5.618111372,-1.377606189,0.000000,6,-0.026489611,-1.892115051,0.000000000,0.000000,swing_up
pid,5.086,-73.110031,24.177629,-9.010110,0.601878813,4.885514446,-1.276010756,0.000000,6,-0.090101100,-6.435792871,0.000000000,0.000000,swing_up
pid,5.107,-68.043240,28.371743,-15.470664,0.611741411,4.260880209,-1.187578577,0.000000,6,-0.154706638,-11.050474151,0.000000000,0.000000,swing_up
pid,5.128,-63.573305,32.284871,-21.924484,0.624285819,3.783095074,-1.109563483,0.000000,6,-0.219244844,-15.660346011,0.000000000,0.000000,swing_up
pid,5.149,-59.502041,35.787421,-28.336229,0.640219976,3.488336481,-1.038506523,0.000000,6,-0.283362285,-20.240163231,0.000000000,0.000000,swing_up
pid,5.170,-55.401551,38.876372,-34.886959,0.661601033,3.405432779,-0.966939472,0.000000,6,-0.348869592,-24.919256551,0.000000000,0.000000,swing_up
pid,5.191,-48.386109,38.670104,-41.300704,0.811513638,6.295193809,-0.844496921,0.000000,6,-0.413007037,-29.500502671,0.000000000,0.000000,swing_up
pid,5.212,-40.689283,37.483290,-28.000000,0.880898225,6.909385941,-0.710161967,0.000000,6,-0.280000000,-20.000000000,0.000000000,0.000000,swing_up
pid,5.232,-32.755185,35.611192,-28.000000,0.941349602,7.398396863,-0.571685822,0.000000,6,-0.280000000,-20.000000000,0.000000000,0.000000,swing_up
pid,5.253,-23.811625,33.025401,-28.000000,1.006165878,7.980724256,-0.415591248,0.000000,6,-0.280000000,-20.000000000,0.000000000,0.000000,swing_up
pid,5.274,-14.041250,29.801186,-2.010440,1.079659060,8.754762433,-0.245066048,0.000000,6,-0.020104400,2.870812799,0.000000000,0.000000,swing_up
pid,5.295,-4.034978,26.313552,49.975143,1.068491052,8.435989895,-0.070423655,0.000000,6,0.499751425,48.618125403,0.000000000,0.000000,swing_up
pid,5.316,3.492635,23.913859,102.292130,0.906973161,5.543058491,0.060957975,0.000000,6,1.022921300,94.657074398,0.000000000,0.000000,swing_up
pid,5.337,5.526683,24.076900,114.362439,0.782982448,0.040425163,0.096458809,0.000000,6,1.143624392,94.825783596,0.000000000,0.000000,swing_up
pid,5.357,0.719169,27.478246,62.261967,0.903238719,-5.442187737,0.012551866,0.000000,6,0.622619667,48.977367802,0.000000000,0.000000,swing_up
pid,5.378,-6.160222,31.878246,10.360194,0.926160319,-5.992206464,-0.107516165,0.000000,6,0.103601942,3.303807998,0.000000000,0.000000,swing_up
pid,5.398,-12.947561,36.222590,-40.531126,0.908461768,-5.780102212,-0.225977566,0.000000,6,-0.405311258,-41.480553599,0.000000000,0.000000,swing_up
pid,5.419,-16.561535,38.969677,-47.519596,0.768630217,-0.165274626,-0.289053311,0.000000,6,-0.475195964,-42.014348399,0.000000000,0.000000,swing_up
pid,5.440,-12.598078,37.920123,-28.000000,0.839065619,3.991021505,-0.219877941,0.000000,6,-0.280000000,-20.000000000,0.000000000,0.000000,swing_up
pid,5.461,-6.861567,35.914040,-28.000000,0.893494970,5.279807171,-0.119756941,0.000000,6,-0.280000000,-20.000000000,0.000000000,0.000000,swing_up
pid,5.481,0.069326,33.273108,-28.000000,0.946029385,6.348812327,0.001209969,0.000000,6,-0.280000000,-20.000000000,0.000000000,0.000000,swing_up
pid,5.502,8.292506,29.997791,-2.350050,1.005606136,7.498480029,0.144731529,0.000000,6,-0.023500500,2.571956003,0.000000000,0.000000,swing_up
pid,5.522,17.106376,26.467354,49.517672,0.991216436,7.479573831,0.298562580,0.000000,6,0.495176725,48.215551798,0.000000000,0.000000,swing_up
pid,5.543,23.919005,24.005269,100.998815,0.854831018,5.092408993,0.417465384,0.000000,6,1.009988150,93.518957199,0.000000000,0.000000,swing_up
pid,5.564,26.174123,24.015495,153.379185,0.745660790,0.524021990,0.456824624,0.000000,6,1.533791850,130.000000000,0.000000000,0.000000,swing_up
pid,5.585,22.087836,27.495960,101.326030,0.843298220,-4.671644572,0.385505468,0.000000,6,1.013260300,84.193223596,0.000000000,0.000000,swing_up
pid,5.605,16.578376,31.895960,50.017225,0.857809963,-4.725513263,0.289347248,0.000000,6,0.500172250,39.041475200,0.000000000,0.000000,swing_up
pid,5.626,11.361152,36.295960,-1.854688,0.857882405,-4.493648194,0.198289512,0.000000,6,-0.018546875,-6.605807801,0.000000000,0.000000,swing_up
pid,5.647,10.063161,38.950131,-53.840445,0.805773818,2.598586384,0.175635287,0.000000,6,-0.538404450,-38.556343531,0.000000000,0.000000,swing_up
pid,5.668,16.442483,38.042271,-30.523588,0.923263350,6.215118604,0.286975459,0.000000,6,-0.305235880,-20.000000000,0.000000000,0.000000,swing_up
pid,5.688,25.037465,36.143051,-28.000000,0.994275957,7.847759143,0.436986196,0.000000,6,-0.280000000,-20.000000000,0.000000000,0.000000,swing_up
pid,5.708,35.076374,33.639030,-28.000000,1.044799331,9.100334742,0.612198217,0.000000,6,-0.280000000,-20.000000000,0.000000000,0.000000,swing_up
pid,5.729,47.100771,30.398559,-52.960950,1.087106488,10.339191082,0.822063539,0.000000,6,-0.529609500,-41.965636004,0.000000000,0.000000,swing_up
pid,5.750,59.560761,26.687432,-66.453860,1.156593441,11.889008061,1.039531384,0.000000,6,-0.664538598,-47.467042692,0.000000000,0.000000,swing_up
pid,5.770,73.867897,22.287432,-72.794056,1.140231013,12.637261604,1.289238022,0.000000,6,-0.727940561,-51.995754352,0.000000000,0.000000,swing_up
pid,5.791,88.842187,17.887432,-75.935694,1.100850398,13.233682937,1.550588679,0.000000,6,-0.759356937,-54.239781216,0.000000000,0.000000,swing_up
pid,5.812,104.509699,13.487432,-69.552882,1.059940823,13.837035877,1.824038355,0.000000,6,-0.695528825,-49.680630356,0.000000000,0.000000,swing_up
pid,5.833,120.837198,9.087432,-63.049951,1.020254567,14.396171110,2.109006964,0.000000,6,-0.630499510,-45.035679277,0.000000000,0.000000,swing_up
pid,5.854,137.727081,4.687432,-56.648102,0.984678102,14.854579547,2.403791034,0.000000,6,-0.566481023,-40.462930217,0.000000000,0.000000,swing_up
pid,5.875,155.019261,0.287432,-50.272605,0.955934410,15.159364380,2.705596503,0.000000,6,-0.502726052,-35.909003696,0.000000000,0.000000,swing_up
pid,5.896,173.376723,-4.332568,-43.824334,0.935199618,15.269092438,3.025994654,0.000000,6,-0.438243344,-31.303096017,0.000000000,0.000000,swing_up
pid,5.916,-170.069173,-8.512568,-37.594665,0.925374521,15.161588526,-2.968267027,0.000000,6,-0.375946645,-26.853331797,0.000000000,0.000000,swing_up
pid,5.937,-152.945150,-12.912568,-31.182899,0.923459411,14.836775849,-2.669396447,0.000000,6,-0.311828988,-22.273499176,0.000000000,0.000000,swing_up
pid,5.958,-136.358117,-17.312568,-24.697241,0.928377866,14.317341011,-2.379898099,0.000000,6,-0.246972409,-17.640886357,0.000000000,0.000000,swing_up
pid,5.979,-120.499283,-21.712568,-18.227029,0.937788464,13.643151069,-2.103109227,0.000000,6,-0.182270285,-13.019306096,0.000000000,0.000000,swing_up
pid,6.000,-105.505370,-26.112568,-11.730443,0.949402214,12.863727989,-1.841416082,0.000000,6,-0.117304427,-8.378887677,0.000000000,0.000000,swing_up
pid,6.020,-91.454178,-30.512568,-5.432323,0.961361607,12.030375385,-1.596176526,0.000000,6,-0.054323229,-3.880230657,0.000000000,0.000000,swing_up
pid,6.041,-77.738645,-35.132568,1.044709,0.972892803,11.148523363,-1.356795318,0.000000,6,0.010447089,0.746220623,0.000000000,0.000000,swing_up
pid,6.062,-66.082092,-38.999869,7.381571,0.876649654,9.016096376,-1.153350089,0.000000,6,0.073815711,5.272550784,0.000000000,0.000000,swing_up
pid,6.083,-58.940141,-38.935377,13.651188,0.757337492,6.373485337,-1.028699520,0.000000,6,0.136511883,9.750848784,0.000000000,0.000000,swing_up
pid,6.103,-52.440704,-38.644716,20.111699,0.748168076,5.398334054,-0.915262955,0.000000,6,0.201116990,14.365499263,0.000000000,0.000000,swing_up
pid,6.124,-47.165240,-37.973745,26.485884,0.732487614,4.280777472,-0.823188727,0.000000,6,0.264858840,18.918488584,0.000000000,0.000000,swing_up
pid,6.145,-43.329413,-36.770407,55.982808,0.713104740,2.969212747,-0.756240916,0.000000,6,0.559828077,44.348091020,0.000000000,0.000000,swing_up
pid,6.166,-41.485562,-34.681977,28.000000,0.691059361,1.084391879,-0.724059643,0.000000,6,0.280000000,20.000000000,0.000000000,0.000000,swing_up
pid,6.187,-41.441347,-31.824799,28.000000,0.687012990,-0.337914890,-0.723287944,0.000000,6,0.280000000,20.000000000,0.000000000,0.000000,swing_up
pid,6.207,-42.861327,-28.400655,-22.673238,0.688733343,-1.475066024,-0.748071273,0.000000,6,-0.226732375,-24.592449001,0.000000000,0.000000,swing_up
pid,6.228,-44.391217,-25.266870,-73.803593,0.677391034,-1.071199282,-0.774772893,0.000000,6,-0.738035925,-69.587161406,0.000000000,0.000000,swing_up
pid,6.248,-43.984753,-23.771367,-75.041405,0.679690242,1.112292307,-0.767678760,0.000000,6,-0.750414052,-70.533669591,0.000000000,0.000000,swing_up
pid,6.268,-40.585920,-24.594199,-23.860063,0.739275038,3.495505487,-0.708357942,0.000000,6,-0.238600627,-25.494088194,0.000000000,0.000000,swing_up
pid,6.291,-35.824393,-26.624680,31.059440,0.780457527,4.180126619,-0.625253602,0.000000,6,0.310594398,22.835074005,0.000000000,0.000000,swing_up
pid,6.312,-32.001816,-28.437517,31.148662,0.755228064,2.741376507,-0.558537050,0.000000,6,0.311486623,22.913589800,0.000000000,0.000000,swing_up
pid,6.332,-30.383450,-29.296217,-20.805665,0.736158633,1.145745176,-0.530291246,0.000000,6,-0.208056652,-22.806218400,0.000000000,0.000000,swing_up
pid,6.353,-28.779842,-30.380606,-37.824801,0.748926234,1.774612982,-0.502303002,0.000000,6,-0.469577852,-45.820083999,0.000000000,0.000000,swing_up
pid,6.374,-25.776292,-32.435483,14.530774,0.775349115,2.719990445,-0.449881168,0.000000,6,0.145307739,19.055190956,0.000000000,0.000000,swing_up
pid,6.396,-23.294125,-34.470024,33.590367,0.763421086,1.628404982,-0.406559171,0.000000,6,0.335903674,23.993119537,0.000000000,0.000000,swing_up
pid,6.416,-22.702177,-35.640172,28.000000,0.754498341,0.158232400,-0.396227743,0.000000,6,0.280000000,20.000000000,0.000000000,0.000000,swing_up
pid,6.437,-23.705555,-36.210239,28.000000,0.758016413,-1.257547749,-0.413739989,0.000000,6,0.280000000,20.000000000,0.000000000,0.000000,swing_up
pid,6.458,-26.294713,-36.137733,28.000000,0.772027628,-2.637722151,-0.458929326,0.000000,6,0.280000000,20.000000000,0.000000000,0.000000,swing_up
pid,6.479,-30.451321,-35.428493,28.000000,0.794680952,-4.000268262,-0.531475810,0.000000,6,0.280000000,20.000000000,0.000000000,0.000000,swing_up
pid,6.500,-36.147390,-34.092993,28.000000,0.823100359,-5.334708649,-0.630890971,0.000000,6,0.280000000,20.000000000,0.000000000,0.000000,swing_up
pid,6.521,-43.335174,-32.148183,28.000000,0.853180932,-6.621332343,-0.756341475,0.000000,6,0.280000000,20.000000000,0.000000000,0.000000,swing_up
pid,6.542,-51.951097,-29.609487,36.127786,0.881541925,-7.862768744,-0.906717695,0.000000,6,0.361277864,25.805561744,0.000000000,0.000000,swing_up
pid,6.563,-62.023092,-26.398012,42.661265,0.910594884,-9.139391360,-1.082507175,0.000000,6,0.426612648,30.472331984,0.000000000,0.000000,swing_up
pid,6.584,-73.500973,-22.417288,49.011873,0.930872130,-10.332362949,-1.282833979,0.000000,6,0.490118727,35.008480524,0.000000000,0.000000,swing_up
pid,6.605,-85.982878,-18.017288,55.464726,0.909368564,-11.062087810,-1.500684319,0.000000,6,0.554647256,39.617661144,0.000000000,0.000000,swing_up
pid,6.625,-99.180867,-13.617288,55.397824,0.876328647,-11.689061891,-1.731032685,0.000000,6,0.553978243,39.569874504,0.000000000,0.000000,swing_up
pid,6.646,-113.079215,-9.217288,48.980810,0.842767690,-12.290136589,-1.973604621,0.000000,6,0.489808100,34.986292865,0.000000000,0.000000,swing_up
pid,6.667,-127.614928,-4.817288,42.480933,0.810750984,-12.824321990,-2.227300662,0.000000,6,0.424809329,30.343523524,0.000000000,0.000000,swing_up
pid,6.688,-142.675193,-0.417288,36.121871,0.782420601,-13.248220740,-2.490151878,0.000000,6,0.361218707,25.801336205,0.000000000,0.000000,swing_up
pid,6.709,-158.100172,3.982712,29.651809,0.759730221,-13.522329744,-2.759368555,0.000000,6,0.296518086,21.179863304,0.000000000,0.000000,swing_up
pid,6.730,-173.692158,8.382712,29.544552,0.744031590,-13.616680688,-3.031500035,0.000000,6,0.295445522,21.103251604,0.000000000,0.000000,swing_up
pid,6.751,170.769283,12.782712,35.924631,0.735785575,-13.515770010,2.980486253,0.000000,6,0.359246312,25.660450845,0.000000000,0.000000,swing_up
pid,6.771,155.508334,17.182712,35.935000,0.734489767,-13.221027159,2.714132448,0.000000,6,0.359350000,25.667857145,0.000000000,0.000000,swing_up
pid,6.792,140.733957,21.582712,29.509682,0.738846654,-12.749988224,2.456270921,0.000000,6,0.295096820,21.078344305,0.000000000,0.000000,swing_up
pid,6.813,126.623879,25.982712,23.191922,0.747160624,-12.133121357,2.210003595,0.000000,6,0.231919223,16.565658765,0.000000000,0.000000,swing_up
pid,6.834,113.313917,30.382712,16.619379,0.757728018,-11.408632815,1.977700946,0.000000,6,0.166193791,11.870985044,0.000000000,0.000000,swing_up
pid,6.856,100.893931,34.782712,10.067573,0.769100344,-10.616738949,1.760931298,0.000000,6,0.100675729,7.191123485,0.000000000,0.000000,swing_up
pid,6.876,89.409779,39.000000,0.000000,0.780139424,-9.794096035,1.560495034,0.000000,6,0.066044868,4.717490565,0.000000000,0.000000,swing_up
pid,6.901,78.388068,39.000000,-3.935503,0.789381048,-8.916249580,1.368129885,0.000000,6,0.000000000,0.000000000,0.000000000,0.000000,swing_up
pid,6.931,64.852172,38.952292,-13.179119,0.798183610,-7.730316788,1.131883937,0.000000,6,-0.131791186,-9.413656136,0.000000000,0.000000,swing_up
pid,6.952,56.749857,38.715083,-19.592089,0.792758558,-6.804547675,0.990471855,0.000000,6,-0.195920888,-13.994349176,0.000000000,0.000000,swing_up
pid,6.972,49.836377,38.129895,-26.005489,0.776312504,-5.718943165,0.869808858,0.000000,6,-0.260054894,-18.575349555,0.000000000,0.000000,swing_up
pid,6.993,44.331669,37.036526,-55.422521,0.751601329,-4.430435162,0.773733586,0.000000,6,-0.554225205,-43.932058516,0.000000000,0.000000,swing_up
pid,7.015,40.997753,34.951309,-55.278691,0.706340041,-2.108429980,0.715545784,0.000000,6,-0.816228330,-66.988333512,0.000000000,0.000000,swing_up
pid,7.038,40.772363,31.293547,-28.000000,0.690004023,0.329969372,0.711611974,0.000000,6,-0.280000000,-20.000000000,0.000000000,0.000000,swing_up
pid,7.062,42.159198,26.979892,31.724342,0.690808949,1.372005363,0.735816819,0.000000,6,0.054107100,9.401424802,0.000000000,0.000000,swing_up
pid,7.084,43.363592,23.132274,85.510473,0.679658003,0.703355975,0.756837464,0.000000,6,0.855104725,79.889215802,0.000000000,0.000000,swing_up
pid,7.104,42.367800,21.057025,58.945312,0.691648435,-1.527244340,0.739457599,0.000000,6,0.589453121,38.006267909,0.000000000,0.000000,swing_up
pid,7.125,39.478075,20.547645,8.319395,0.724239463,-2.690654547,0.689022394,0.000000,6,0.083193946,-6.544539493,0.000000000,0.000000,swing_up
pid,7.155,36.786002,20.268772,-11.351376,0.722181820,-1.969607478,0.642036861,0.000000,6,-0.281481604,-35.109175855,0.000000000,0.000000,swing_up
pid,7.180,35.571783,19.363762,50.074686,0.714932643,-0.916439765,0.620844731,0.000000,6,0.174680410,17.252961362,0.000000000,0.000000,swing_up
pid,7.201,34.077840,19.097129,10.223798,0.728957113,-1.698615201,0.594770504,0.000000,6,0.102237979,7.302712800,0.000000000,0.000000,swing_up
pid,7.221,31.775940,19.384567,4.062655,0.739081179,-1.809453249,0.554594777,0.000000,6,-0.052422742,-3.744481574,0.000000000,0.000000,swing_up
pid,7.242,29.975812,19.703286,20.791568,0.742131187,-1.566845750,0.523176621,0.000000,6,0.207915684,14.851120256,0.000000000,0.000000,swing_up
pid,7.265,27.976140,20.363934,7.898087,0.752018466,-1.807840231,0.488275756,0.000000,6,0.078980872,5.641490843,0.000000000,0.000000,swing_up
pid,7.286,25.888327,21.290181,10.512291,0.758352693,-1.798006478,0.451836551,0.000000,6,0.105122912,7.508779414,0.000000000,0.000000,swing_up
pid,7.316,22.759115,23.047704,9.167438,0.768385658,-1.880036102,0.397221497,0.000000,6,0.091674380,6.548170025,0.000000000,0.000000,swing_up
pid,7.336,20.549037,24.504187,8.468128,0.774802025,-1.934528722,0.358648350,0.000000,6,0.084681279,6.048662764,0.000000000,0.000000,swing_up
pid,7.366,17.148044,27.020997,7.653914,0.783635662,-2.017384788,0.299289831,0.000000,6,0.076539140,5.467081431,0.000000000,0.000000,swing_up
pid,7.387,14.779023,28.916580,6.640404,0.789164577,-2.082450875,0.257942612,0.000000,6,0.066404042,4.743145829,0.000000000,0.000000,swing_up
pid,7.417,11.102437,32.027855,-19.084052,0.796350116,-2.173366551,0.193774088,0.000000,6,-0.190840523,-17.807405848,0.000000000,0.000000,swing_up
pid,7.447,8.593938,34.784139,-31.455972,0.783481242,-0.878497637,0.149992515,0.000000,6,-0.314559718,-22.468551257,0.000000000,0.000000,swing_up
pid,7.468,8.834853,35.859948,-28.000000,0.781618749,0.607149329,0.154197280,0.000000,6,-0.280000000,-20.000000000,0.000000000,0.000000,swing_up
pid,7.488,10.489164,36.210759,-28.000000,0.791846953,1.844194246,0.183070443,0.000000,6,-0.280000000,-20.000000000,0.000000000,0.000000,swing_up
pid,7.508,13.683667,35.952702,-28.000000,0.813263314,3.146464766,0.238825044,0.000000,6,-0.280000000,-20.000000000,0.000000000,0.000000,swing_up
pid,7.529,18.377495,35.054186,-28.000000,0.844258080,4.457311703,0.320747792,0.000000,6,-0.280000000,-20.000000000,0.000000000,0.000000,swing_up
pid,7.550,24.577474,33.521829,-28.000000,0.882499250,5.771715687,0.428957846,0.000000,6,-0.280000000,-20.000000000,0.000000000,0.000000,swing_up
pid,7.571,32.273965,31.368690,-28.000000,0.924207516,7.071625137,0.563286948,0.000000,6,-0.280000000,-20.000000000,0.000000000,0.000000,swing_up
pid,7.592,41.324216,28.677867,23.191295,0.949310271,8.096661500,0.721243627,0.000000,6,0.231912950,25.048339597,0.000000000,0.000000,swing_up
pid,7.612,50.519257,26.207236,-28.902370,0.897538515,7.994423099,0.881727376,0.000000,6,-0.289023700,-20.794085602,0.000000000,0.000000,swing_up
pid,7.633,60.352092,23.642780,-42.003980,0.904588872,8.917410833,1.053342714,0.000000,6,-0.420039802,-30.002842996,0.000000000,0.000000,swing_up
pid,7.654,71.589789,20.336708,-48.391094,0.926990807,10.132420386,1.249477532,0.000000,6,-0.483910935,-34.565066815,0.000000000,0.000000,swing_up
pid,7.674,84.070029,16.205674,-48.467202,0.929147544,11.137858686,1.467298811,0.000000,6,-0.484672016,-34.619429695,0.000000000,0.000000,swing_up
pid,7.695,97.383342,11.805674,-42.073226,0.897935294,11.789418468,1.699659960,0.000000,6,-0.420732263,-30.052304495,0.000000000,0.000000,swing_up
pid,7.717,111.399605,7.405674,-35.463167,0.863713986,12.394445501,1.944289892,0.000000,6,-0.354631668,-25.330833456,0.000000000,0.000000,swing_up
pid,7.738,126.061207,3.005674,-29.019414,0.830850666,12.936736428,2.200183125,0.000000,6,-0.290194135,-20.728152515,0.000000000,0.000000,swing_up
pid,7.758,141.259491,-1.394326,-22.662309,0.801574400,13.372002004,2.465443210,0.000000,6,-0.226623089,-16.187363516,0.000000000,0.000000,swing_up
pid,7.780,157.622546,-6.014326,-16.126163,0.776921933,13.669058215,2.751032404,0.000000,6,-0.161261633,-11.518688075,0.000000000,0.000000,swing_up
pid,7.811,-178.737415,-12.614326,-11.768248,0.755494457,13.742263161,-3.119556395,0.000000,6,-0.117682485,-8.405891772,0.000000000,0.000000,swing_up
pid,7.832,-163.136246,-17.014326,-11.451608,0.750586782,13.543564155,-2.847264617,0.000000,6,-0.147746324,-10.553308828,0.000000000,0.000000,swing_up
pid,7.852,-148.670002,-21.194326,-5.231941,0.751987748,13.179250861,-2.594781032,0.000000,6,-0.052319410,-3.737100748,0.000000000,0.000000,swing_up
pid,7.873,-134.005855,-25.594326,1.109998,0.758331586,12.634717780,-2.338843384,0.000000,6,0.011099976,0.792855452,0.000000000,0.000000,swing_up
pid,7.894,-119.402709,-30.214326,7.591741,0.768445877,11.923639048,-2.083970405,0.000000,6,0.075917406,5.422671852,0.000000000,0.000000,swing_up
pid,7.914,-106.995794,-34.388051,13.901735,0.780053196,11.206608603,-1.867428891,0.000000,6,0.139017347,9.929810532,0.000000000,0.000000,swing_up
pid,7.935,-94.784022,-38.684220,20.297582,0.796173076,10.446281831,-1.654293263,0.000000,6,0.202975817,14.498272672,0.000000000,0.000000,swing_up
pid,7.956,-82.355823,-38.868649,26.816647,0.852760075,10.101519513,-1.437380266,0.000000,6,0.268166472,19.154748012,0.000000000,0.000000,swing_up
pid,7.976,-72.075749,-38.371414,33.072884,0.850785956,9.187235507,-1.257959138,0.000000,6,0.330728840,23.623488552,0.000000000,0.000000,swing_up
pid,7.997,-62.503005,-37.294177,39.417167,0.830196219,8.009749044,-1.090883230,0.000000,6,0.394171675,28.155119612,0.000000000,0.000000,swing_up
pid,8.018,-54.493661,-35.480169,45.947763,0.792952240,6.569799422,-0.951093807,0.000000,6,0.459477632,32.819830872,0.000000000,0.000000,swing_up
pid,8.049,-46.122546,-30.999801,55.470362,0.724370331,3.872684244,-0.804990281,0.000000,6,0.554703625,39.621687471,0.000000000,0.000000,swing_up
pid,8.070,-43.194852,-26.754054,92.599716,0.698583502,2.242324652,-0.753892391,0.000000,6,0.925997162,66.142654410,0.000000000,0.000000,swing_up
pid,8.091,-41.010449,-22.134054,64.233367,0.699577877,1.664090803,-0.715767367,0.000000,6,0.642333667,45.880976183,0.000000000,0.000000,swing_up
pid,8.111,-39.574907,-17.954054,39.244249,0.700595020,1.197508589,-0.690712423,0.000000,6,0.392442488,28.031606265,0.000000000,0.000000,swing_up
pid,8.132,-38.597592,-13.554054,10.971719,0.701174782,0.723854334,-0.673655065,0.000000,6,0.109717189,7.836942038,0.000000000,0.000000,swing_up
pid,8.153,-38.141990,-9.160200,-18.234973,0.701342780,0.285921100,-0.665703304,0.000000,6,-0.182349730,-13.024980711,0.000000000,0.000000,swing_up
pid,8.173,-37.847694,-4.770657,-19.563414,0.702640599,0.309871732,-0.660566882,0.000000,6,-0.195634136,-13.973866854,0.000000000,0.000000,swing_up
pid,8.194,-37.379952,-1.209359,-12.783071,0.704992087,0.441705849,-0.652403243,0.000000,6,-0.127830708,-9.130764834,0.000000000,0.000000,swing_up
pid,8.215,-36.875059,2.416640,-16.511993,0.706984459,0.414025626,-0.643591190,0.000000,6,-0.165119931,-11.794280808,0.000000000,0.000000,swing_up
pid,8.236,-36.361881,5.547040,-15.157828,0.709263537,0.465929671,-0.634634553,0.000000,6,-0.151578282,-10.827020155,0.000000000,0.000000,swing_up
pid,8.257,-35.793781,8.354146,-14.675495,0.711696517,0.502534495,-0.624719338,0.000000,6,-0.146754950,-10.482496432,0.000000000,0.000000,swing_up
pid,8.277,-35.226765,10.740429,-14.793804,0.714061165,0.528962706,-0.614823042,0.000000,6,-0.147938037,-10.567002620,0.000000000,0.000000,swing_up
pid,8.298,-34.588855,12.955956,-14.264719,0.716728944,0.567207485,-0.603689408,0.000000,6,-0.142647188,-10.189084872,0.000000000,0.000000,swing_up
pid,8.319,-33.909838,14.874456,-13.981436,0.719507844,0.601790540,-0.591838323,0.000000,6,-0.139814361,-9.986740072,0.000000000,0.000000,swing_up
pid,8.339,-33.191187,16.503563,-13.691908,0.722402487,0.637009308,-0.579295488,0.000000,6,-0.136919078,-9.779934136,0.000000000,0.000000,swing_up
pid,8.360,-32.391212,17.908899,-13.291141,0.725575052,0.676115312,-0.565333296,0.000000,6,-0.132911414,-9.493672435,0.000000000,0.000000,swing_up
pid,8.381,-31.627079,18.917830,-12.993936,0.728543078,0.711098311,-0.551996666,0.000000,6,-0.129939361,-9.281382944,0.000000000,0.000000,swing_up
pid,8.402,-30.780243,19.717282,-12.607400,0.731774072,0.749824273,-0.537216593,0.000000,6,-0.126073996,-9.005285431,0.000000000,0.000000,swing_up
pid,8.422,-29.888203,20.254349,-12.231622,0.735101484,0.789134345,-0.521647548,0.000000,6,-0.122316216,-8.736872554,0.000000000,0.000000,swing_up
pid,8.443,-28.902565,20.544701,-11.826965,0.738689498,0.831520851,-0.504444921,0.000000,6,-0.118269652,-8.447832263,0.000000000,0.000000,swing_up
pid,8.464,-27.915378,20.568569,-11.439128,0.742187754,0.872842383,-0.487215257,0.000000,6,-0.114391277,-8.170805485,0.000000000,0.000000,swing_up
pid,8.495,-26.397382,20.182229,-11.348411,0.747386523,0.935582406,-0.460721235,0.000000,6,-0.113484109,-8.106007785,0.000000000,0.000000,swing_up
pid,8.515,-25.276045,19.630638,-11.593039,0.751229371,0.999661950,-0.441150203,0.000000,6,-0.115930389,-8.280742051,0.000000000,0.000000,swing_up
pid,8.536,-24.057443,18.838305,-10.643050,0.755442926,1.087184765,-0.419881596,0.000000,6,-0.106430499,-7.602178482,0.000000000,0.000000,swing_up
pid,8.556,-22.746330,17.817789,-10.384908,0.759711034,1.165080756,-0.396998344,0.000000,6,-0.103849078,-7.417791318,0.000000000,0.000000,swing_up
pid,8.577,-21.269429,16.512118,-9.906381,0.764361240,1.253953628,-0.371221559,0.000000,6,-0.099063805,-7.075986091,0.000000000,0.000000,swing_up
pid,8.598,-19.836302,15.130617,-9.400247,0.768685308,1.338654690,-0.346208784,0.000000,6,-0.094002471,-6.714462234,0.000000000,0.000000,swing_up
pid,8.618,-18.142993,13.393998,-8.857226,0.773533072,1.435468728,-0.316654970,0.000000,6,-0.088572257,-6.326589800,0.000000000,0.000000,swing_up
pid,8.639,-16.418543,11.545631,-8.311484,0.778182612,1.531639940,-0.286557631,0.000000,6,-0.083114838,-5.936774163,0.000000000,0.000000,swing_up
pid,8.659,-14.580612,9.518627,-7.730461,0.782813681,1.631805199,-0.254479679,0.000000,6,-0.077304612,-5.521757974,0.000000000,0.000000,swing_up
pid,8.680,-12.726606,7.438494,-5.513523,0.787097903,1.727588513,-0.222121172,0.000000,6,-0.055135228,-3.938230601,0.000000000,0.000000,swing_up
pid,8.701,-10.594320,4.997877,-4.876443,0.790796183,1.780814317,-0.184905768,0.000000,6,-0.048764428,-3.483173440,0.000000000,0.000000,swing_up
pid,8.721,-8.626099,2.692474,-4.631297,0.793634306,1.821611293,-0.150553827,0.000000,6,-0.046312970,-3.308069265,0.000000000,0.000000,swing_up
pid,8.742,-6.488528,0.168000,-3.363491,0.796431147,1.880469681,-0.113246176,0.000000,6,-0.033634913,-2.402493755,0.000000000,0.000000,swing_up
pid,8.762,-4.297050,-2.435819,-2.782141,0.798493797,1.923332825,-0.074997670,0.000000,6,-0.027821408,-1.987243413,0.000000000,0.000000,swing_up
pid,8.783,-1.943316,-5.236266,-1.780836,0.800094605,1.969789848,-0.033917262,0.000000,6,-0.017808357,-1.272025477,0.000000000,0.000000,swing_up
pid,8.804,0.229910,-7.812850,0.117063,0.800865407,2.004280808,0.004012693,0.000000,6,0.001170631,0.083616512,0.000000000,0.000000,swing_up
pid,8.824,2.615830,-10.661467,7.196918,0.799448583,1.940197426,0.045654847,0.000000,6,0.071969184,5.140656001,0.000000000,0.000000,swing_up
pid,8.844,4.539634,-13.121884,3.784515,0.795241687,1.708267823,0.079231565,0.000000,6,0.037845148,2.703224829,0.000000000,0.000000,swing_up
pid,8.865,6.378267,-15.602470,5.664813,0.792282869,1.574148558,0.111321760,0.000000,6,0.056648134,4.046295293,0.000000000,0.000000,swing_up
pid,8.886,8.059935,-17.973517,6.208286,0.788994652,1.420457785,0.140672405,0.000000,6,0.062082862,4.434490121,0.000000000,0.000000,swing_up
pid,8.906,9.554294,-20.208078,6.072042,0.785753128,1.264535864,0.166753893,0.000000,6,0.060720421,4.337172896,0.000000000,0.000000,swing_up
pid,8.927,10.893521,-22.309766,6.811898,0.782856625,1.132214380,0.190127808,0.000000,6,0.068118979,4.865641339,0.000000000,0.000000,swing_up
pid,8.947,12.077955,-24.268317,6.902877,0.780087382,0.996697007,0.210800080,0.000000,6,0.069028768,4.930626263,0.000000000,0.000000,swing_up
pid,8.968,13.115783,-26.078228,7.170416,0.777608858,0.872525380,0.228913593,0.000000,6,0.071704155,5.121725391,0.000000000,0.000000,swing_up
pid,8.989,14.018036,-27.736416,7.405162,0.775395950,0.755282825,0.244660878,0.000000,6,0.074051616,5.289401175,0.000000000,0.000000,swing_up
pid,9.009,14.824850,-29.308753,7.512648,0.773364787,0.637730046,0.258742437,0.000000,6,0.075126481,5.366177185,0.000000000,0.000000,swing_up
pid,9.030,15.439070,-30.580307,7.654965,0.771800090,0.538562572,0.269462607,0.000000,6,0.076549649,5.467832050,0.000000000,0.000000,swing_up
pid,9.051,15.896438,-31.767608,11.903309,0.769984856,0.218451219,0.277445185,0.000000,6,0.119033087,8.502363375,0.000000000,0.000000,swing_up
pid,9.072,15.722366,-32.452295,28.000000,0.770515109,-0.314780473,0.274407056,0.000000,6,0.280000000,20.000000000,0.000000000,0.000000,swing_up
pid,9.092,14.536895,-32.611009,28.000000,0.778617080,-1.262862907,0.253716683,0.000000,6,0.280000000,20.000000000,0.000000000,0.000000,swing_up
pid,9.113,12.447408,-32.162137,28.000000,0.794186791,-2.156991004,0.217248252,0.000000,6,0.280000000,20.000000000,0.000000000,0.000000,swing_up
pid,9.134,9.166227,-31.078710,28.000000,0.819148525,-3.136851172,0.159980841,0.000000,6,0.280000000,20.000000000,0.000000000,0.000000,swing_up
pid,9.154,4.859979,-29.431784,-23.896357,0.842651031,-3.849084957,0.084822637,0.000000,6,-0.238963575,-25.668794600,0.000000000,0.000000,swing_up
pid,9.175,1.441288,-28.146414,-75.719030,0.806517909,-2.336774186,0.025155215,0.000000,6,-0.757190300,-71.272746403,0.000000000,0.000000,swing_up
pid,9.196,1.786063,-28.594337,-64.010046,0.792680506,1.420488037,0.031172675,0.000000,6,-0.640100459,-41.421535232,0.000000000,0.000000,swing_up
pid,9.216,5.818993,-30.756415,-12.859786,0.847138887,4.011261135,0.101560582,0.000000,6,-0.128597859,3.590693565,0.000000000,0.000000,swing_up
pid,9.237,10.548566,-33.222615,38.831584,0.837924087,3.865087790,0.184107214,0.000000,6,0.388315841,49.079099172,0.000000000,0.000000,swing_up
pid,9.258,12.986963,-34.552514,67.318132,0.778562114,0.974580093,0.226665262,0.000000,6,0.673181320,50.102589760,0.000000000,0.000000,swing_up
pid,9.279,11.667033,-33.992625,28.000000,0.788040522,-1.684322568,0.203628145,0.000000,6,0.280000000,20.000000000,0.000000000,0.000000,swing_up
pid,9.300,8.740298,-32.578333,28.000000,0.812263256,-2.829315112,0.152546969,0.000000,6,0.280000000,20.000000000,0.000000000,0.000000,swing_up
pid,9.321,4.868588,-30.650736,1.911613,0.841793497,-3.821298413,0.084972891,0.000000,6,0.019116125,-2.957780995,0.000000000,0.000000,swing_up
pid,9.341,0.393770,-28.383369,-48.804750,0.837728592,-3.637920390,0.006872581,0.000000,6,-0.488047500,-47.588179997,0.000000000,0.000000,swing_up
pid,9.362,-1.738766,-27.187183,-90.464537,0.787678820,-0.874570963,-0.030347198,0.000000,6,-0.904645375,-64.617526780,0.000000000,0.000000,swing_up
pid,9.382,0.374973,-27.977863,-38.910235,0.813868367,2.696144044,0.006544510,0.000000,6,-0.389102350,-19.249740580,0.000000000,0.000000,swing_up
pid,9.403,4.760502,-29.837813,11.927130,0.845618883,3.942478350,0.083086437,0.000000,6,0.119271300,25.487140617,0.000000000,0.000000,swing_up
pid,9.423,8.406883,-31.337309,63.596325,0.807414434,2.589925659,0.146727793,0.000000,6,0.635963250,70.956032217,0.000000000,0.000000,swing_up
pid,9.444,8.595638,-31.163027,28.000000,0.782561148,-0.736321665,0.150022191,0.000000,6,0.280000000,25.204572612,0.000000000,0.000000,swing_up
pid,9.465,6.270903,-29.741463,-24.370940,0.801754214,-2.196708803,0.109447899,0.000000,6,-0.243709400,-20.881854590,0.000000000,0.000000,swing_up
pid,9.486,4.491662,-28.500390,-57.687059,0.786451045,-0.845015738,0.078394284,0.000000,6,-0.576870591,-41.205042202,0.000000000,0.000000,swing_up
pid,9.506,5.452267,-28.523596,-7.200304,0.789950832,1.315880591,0.095160011,0.000000,6,-0.072003041,3.223302205,0.000000000,0.000000,swing_up
pid,9.527,7.050947,-28.837460,44.238758,0.788023386,1.244081219,0.123062243,0.000000,6,0.442387584,48.489677205,0.000000000,0.000000,swing_up
pid,9.548,6.814117,-28.224680,-7.307337,0.784418510,-0.773030471,0.118928784,0.000000,6,-0.073073366,3.129113604,0.000000000,0.000000,swing_up
pid,9.568,5.536690,-27.072847,-46.863745,0.786352495,-0.919672578,0.096633467,0.000000,6,-0.468637452,-33.474103723,0.000000000,0.000000,swing_up
pid,9.589,5.775746,-26.588626,4.758130,0.784170139,0.583566090,0.100805776,0.000000,6,0.047581298,11.953146277,0.000000000,0.000000,swing_up
pid,9.609,6.277664,-26.190044,13.053695,0.782472885,0.080388589,0.109565912,0.000000,6,0.130536950,9.324067875,0.000000000,0.000000,swing_up
pid,9.630,5.768828,-25.275211,-11.153744,0.783511092,-0.417847097,0.100685035,0.000000,6,-0.111537439,-7.966959961,0.000000000,0.000000,swing_up
pid,9.651,5.656796,-24.504575,11.256463,0.782892428,-0.028921170,0.098729717,0.000000,6,0.112564626,8.040330444,0.000000000,0.000000,swing_up
pid,9.672,5.450794,-23.650829,2.304605,0.783326720,-0.274361099,0.095134299,0.000000,6,0.023046051,1.646146526,0.000000000,0.000000,swing_up
pid,9.693,5.019340,-22.612049,1.640491,0.783768833,-0.344093105,0.087604012,0.000000,6,0.016404909,1.171779200,0.000000000,0.000000,swing_up
pid,9.713,4.659669,-21.652102,4.254849,0.783972341,-0.342525491,0.081326562,0.000000,6,0.042548494,3.039178156,0.000000000,0.000000,swing_up
pid,9.734,4.191182,-20.566812,2.299984,0.784500262,-0.432909414,0.073149918,0.000000,6,0.022999844,1.642845971,0.000000000,0.000000,swing_up
pid,9.754,3.653146,-19.418139,2.341812,0.784917646,-0.478273247,0.063759426,0.000000,6,0.023418117,1.672722638,0.000000000,0.000000,swing_up
pid,9.775,3.071775,-18.221805,2.345020,0.785322476,-0.521123849,0.053612593,0.000000,6,0.023450203,1.675014505,0.000000000,0.000000,swing_up
pid,9.796,2.431393,-16.974287,1.760094,0.785754972,-0.571890551,0.042435808,0.000000,6,0.017600945,1.257210332,0.000000000,0.000000,swing_up
pid,9.816,1.743159,-15.684945,1.546017,0.786109360,-0.610522463,0.030423870,0.000000,6,0.015460169,1.104297815,0.000000000,0.000000,swing_up
pid,9.838,0.975641,-14.294174,1.191965,0.786426389,-0.648705811,0.017028148,0.000000,6,0.011919647,0.851403360,0.000000000,0.000000,swing_up
pid,9.868,-0.153023,-12.324795,0.364623,0.786724494,-0.693882913,-0.002670763,0.000000,6,0.003646230,0.260445017,0.000000000,0.000000,swing_up
pid,9.888,-0.960935,-10.948914,-0.767781,0.786729626,-0.704416786,-0.016771488,0.000000,6,-0.007677807,-0.548414792,0.000000000,0.000000,swing_up
pid,9.909,-1.752805,-9.583567,-0.835053,0.786494058,-0.685139389,-0.030592223,0.000000,6,-0.008350526,-0.596466168,0.000000000,0.000000,swing_up
pid,9.929,-2.523724,-8.236554,-1.320581,0.786205590,-0.668241934,-0.044047293,0.000000,6,-0.013205811,-0.943272225,0.000000000,0.000000,swing_up
pid,9.950,-3.271013,-6.914499,-1.764418,0.785822364,-0.644526426,-0.057089954,0.000000,6,-0.017644181,-1.260298635,0.000000000,0.000000,swing_up
pid,9.971,-3.983502,-5.627865,-2.042347,0.785353147,-0.612606857,-0.069525230,0.000000,6,-0.020423466,-1.458819012,0.000000000,0.000000,swing_up
pid,9.991,-4.657242,-4.383558,-2.398823,0.784841947,-0.578262663,-0.081284211,0.000000,6,-0.023988226,-1.713444681,0.000000000,0.000000,swing_up
pid,10.012,-5.288157,-3.188308,-2.695770,0.784293332,-0.539323043,-0.092295758,0.000000,6,-0.026957704,-1.925550264,0.000000000,0.000000,swing_up
pid,10.033,-5.871063,-2.049102,-2.948453,0.783729263,-0.496879291,-0.102469380,0.000000,6,-0.029484526,-2.106037566,0.000000000,0.000000,swing_up
pid,10.053,-6.429027,-0.919039,-3.206983,0.783142278,-0.449987974,-0.112207690,0.000000,6,-0.032069831,-2.290702215,0.000000000,0.000000,swing_up
pid,10.074,-6.883002,0.039861,-3.391343,0.782628516,-0.405143757,-0.120131042,0.000000,6,-0.033913433,-2.422388095,0.000000000,0.000000,swing_up
pid,10.094,-7.307444,0.979949,-3.607382,0.782122487,-0.356927772,-0.127538965,0.000000,6,-0.036073818,-2.576701319,0.000000000,0.000000,swing_up
pid,10.115,-7.674748,1.844725,-3.739502,0.781660815,-0.306542630,-0.133949629,0.000000,6,-0.037395020,-2.671072843,0.000000000,0.000000,swing_up
pid,10.136,-7.983895,2.630878,-3.862432,0.781258322,-0.255830565,-0.139345259,0.000000,6,-0.038624318,-2.758879849,0.000000000,0.000000,swing_up
pid,10.156,-8.234715,3.335898,-3.958027,0.780921911,-0.204755444,-0.143722889,0.000000,6,-0.039580265,-2.827161787,0.000000000,0.000000,swing_up
pid,10.177,-8.426864,3.957598,-4.029982,0.780657951,-0.153628363,-0.147076514,0.000000,6,-0.040299821,-2.878558668,0.000000000,0.000000,swing_up
pid,10.198,-8.560543,4.494459,-4.076776,0.780470458,-0.102636367,-0.149409655,0.000000,6,-0.040767756,-2.911982563,0.000000000,0.000000,swing_up
pid,10.218,-8.635996,4.945394,-4.095004,0.780361855,-0.051940372,-0.150726557,0.000000,6,-0.040950045,-2.925003189,0.000000000,0.000000,swing_up
pid,10.239,-8.653833,5.309900,-4.092349,0.780332714,-0.001839962,-0.151037887,0.000000,6,-0.040923488,-2.923106267,0.000000000,0.000000,swing_up
pid,10.259,-8.614812,5.587956,-4.065556,0.780381876,0.047578525,-0.150356839,0.000000,6,-0.040655557,-2.903968326,0.000000000,0.000000,swing_up
pid,10.280,-8.519872,5.780029,-4.016726,0.780506653,0.096135262,-0.148699826,0.000000,6,-0.040167260,-2.869089977,0.000000000,0.000000,swing_up
pid,10.301,-8.361123,5.890167,-3.937931,0.780714662,0.146110172,-0.145929132,0.000000,6,-0.039379314,-2.812808169,0.000000000,0.000000,swing_up
pid,10.322,-8.166697,5.910424,-3.857218,0.780965149,0.190059316,-0.142535747,0.000000,6,-0.038572180,-2.755155733,0.000000000,0.000000,swing_up
pid,10.342,-7.911184,5.852045,-3.740311,0.781286853,0.235305318,-0.138076208,0.000000,6,-0.037403110,-2.671650688,0.000000000,0.000000,swing_up
pid,10.363,-7.588356,5.705218,-3.596126,0.781679991,0.281280159,-0.132441793,0.000000,6,-0.035961264,-2.568661726,0.000000000,0.000000,swing_up
pid,10.384,-7.230954,5.486886,-3.445845,0.782097365,0.323335597,-0.126203962,0.000000,6,-0.034458448,-2.461317685,0.000000000,0.000000,swing_up
pid,10.404,-6.847945,5.211431,-3.283817,0.782524306,0.361820539,-0.119519187,0.000000,6,-0.032838167,-2.345583346,0.000000000,0.000000,swing_up
pid,10.425,-6.377289,4.833522,-3.072779,0.783020480,0.402691395,-0.111304693,0.000000,6,-0.030727794,-2.194842412,0.000000000,0.000000,swing_up
pid,10.445,-5.885085,4.405961,-2.857981,0.783504110,0.439385397,-0.102714118,0.000000,6,-0.028579813,-2.041415197,0.000000000,0.000000,swing_up
pid,10.466,-5.380303,3.942832,-2.634892,0.783963051,0.472192849,-0.093903999,0.000000,6,-0.026348924,-1.882065982,0.000000000,0.000000,swing_up
pid,10.487,-4.812015,3.399788,-2.373370,0.784434735,0.504438086,-0.083985497,0.000000,6,-0.023733705,-1.695264613,0.000000000,0.000000,swing_up
pid,10.508,-4.209452,2.805186,-2.106211,0.784880735,0.533685400,-0.073468794,0.000000,6,-0.021062115,-1.504436772,0.000000000,0.000000,swing_up
pid,10.529,-3.575513,2.164395,-1.808194,0.785291311,0.560162538,-0.062404476,0.000000,6,-0.018081940,-1.291567116,0.000000000,0.000000,swing_up
pid,10.549,-2.880537,1.448563,-1.489802,0.785668849,0.584091678,-0.050274859,0.000000,6,-0.014898022,-1.064144448,0.000000000,0.000000,swing_up
pid,10.570,-2.195239,0.732601,-1.178721,0.785966198,0.602946888,-0.038314155,0.000000,6,-0.011787213,-0.841943812,0.000000000,0.000000,swing_up
pid,10.591,-1.491440,-0.010032,-0.846536,0.786194220,0.617890618,-0.026030540,0.000000,6,-0.008465356,-0.604668313,0.000000000,0.000000,swing_up
pid,10.612,-0.774170,-0.772240,-0.498187,0.786344155,0.628485122,-0.013511822,0.000000,6,-0.004981871,-0.355847907,0.000000000,0.000000,swing_up
pid,10.632,-0.084883,-1.507904,-0.143535,0.786409352,0.634386027,-0.001481484,0.000000,6,-0.001435354,-0.102525274,0.000000000,0.000000,swing_up
pid,10.653,0.641737,-2.286355,0.960702,0.786367846,0.630963335,0.011200415,0.000000,6,0.009607023,0.381463753,0.000000000,0.000000,swing_up
pid,10.674,1.340474,-3.050571,1.107925,0.786131406,0.599748397,0.023395677,0.000000,6,0.011079250,0.791375029,0.000000000,0.000000,swing_up
pid,10.695,2.000049,-3.790362,1.360903,0.785847591,0.567151240,0.034907435,0.000000,6,0.013609028,0.972073444,0.000000000,0.000000,swing_up
pid,10.715,2.653297,-4.537054,1.770113,0.785512436,0.532238623,0.046308769,0.000000,6,0.017701134,1.264366708,0.000000000,0.000000,swing_up
pid,10.736,3.202464,-5.178511,1.947532,0.785163977,0.494156780,0.055893534,0.000000,6,0.019475324,1.391094584,0.000000000,0.000000,swing_up
pid,10.757,3.734960,-5.813420,2.196809,0.784788842,0.453397541,0.065187358,0.000000,6,0.021968088,1.569149177,0.000000000,0.000000,swing_up
pid,10.787,4.442243,-6.678226,2.503544,0.784223541,0.388053802,0.077531760,0.000000,6,0.025035438,1.788245566,0.000000000,0.000000,swing_up
pid,10.808,4.849263,-7.189681,2.675068,0.783865038,0.342642799,0.084635606,0.000000,6,0.026750681,1.910762951,0.000000000,0.000000,swing_up
pid,10.829,5.203261,-7.644801,2.810741,0.783533502,0.296010353,0.090814029,0.000000,6,0.028107408,2.007672016,0.000000000,0.000000,swing_up
pid,10.849,5.503533,-8.040572,2.938780,0.783239297,0.249072480,0.096054768,0.000000,6,0.029387799,2.099128500,0.000000000,0.000000,swing_up
pid,10.870,5.760359,-8.389425,3.031807,0.782977137,0.199126097,0.100537235,0.000000,6,0.030318067,2.165576188,0.000000000,0.000000,swing_up
pid,10.890,5.948907,-8.655941,3.093358,0.782778575,0.151460824,0.103828014,0.000000,6,0.030933584,2.209541705,0.000000000,0.000000,swing_up
pid,10.910,6.077715,-8.848449,3.138597,0.782639775,0.106508831,0.106076130,0.000000,6,0.031385969,2.241854908,0.000000000,0.000000,swing_up
pid,10.931,6.160682,-8.986241,3.158896,0.782547985,0.059491692,0.107524179,0.000000,6,0.031588961,2.256354376,0.000000000,0.000000,swing_up
pid,10.952,6.190211,-9.056975,3.156436,0.782512756,0.013072828,0.108039568,0.000000,6,0.031564361,2.254597202,0.000000000,0.000000,swing_up
pid,10.973,6.167236,-9.060648,3.134655,0.782533237,-0.032513341,0.107638567,0.000000,6,0.031346553,2.239039519,0.000000000,0.000000,swing_up
pid,10.993,6.092778,-8.997671,3.090531,0.782607276,-0.077159211,0.106339038,0.000000,6,0.030905313,2.207522365,0.000000000,0.000000,swing_up
pid,11.014,5.968078,-8.868919,3.023585,0.782731486,-0.120729342,0.104162610,0.000000,6,0.030235855,2.159703905,0.000000000,0.000000,swing_up
pid,11.035,5.794499,-8.675679,2.939227,0.782901231,-0.162968837,0.101133084,0.000000,6,0.029392267,2.099447669,0.000000000,0.000000,swing_up
pid,11.056,5.573629,-8.419692,2.829062,0.783111119,-0.203902323,0.097278172,0.000000,6,0.028290616,2.020758282,0.000000000,0.000000,swing_up
pid,11.077,5.307075,-8.103037,2.698693,0.783354580,-0.243252595,0.092625926,0.000000,6,0.026986932,1.927638018,0.000000000,0.000000,swing_up
pid,11.098,4.997023,-7.728392,2.556308,0.783623758,-0.280705218,0.087214508,0.000000,6,0.025563084,1.825934557,0.000000000,0.000000,swing_up
pid,11.119,4.645556,-7.298691,2.390923,0.783911130,-0.316323981,0.081080249,0.000000,6,0.024762085,1.768720374,0.000000000,0.000000,swing_up
pid,11.140,4.255016,-6.817282,2.208503,0.784207883,-0.349806435,0.074264045,0.000000,6,0.022085031,1.577502188,0.000000000,0.000000,swing_up
pid,11.161,3.828028,-6.287924,2.009394,0.784505050,-0.380960073,0.066811696,0.000000,6,0.020093941,1.435281505,0.000000000,0.000000,swing_up
pid,11.182,3.367401,-5.714717,1.792916,0.784793583,-0.409602606,0.058772243,0.000000,6,0.017929164,1.280654583,0.000000000,0.000000,swing_up
pid,11.202,2.876218,-5.102130,1.560608,0.785064281,-0.435487776,0.050199469,0.000000,6,0.015606078,1.114719838,0.000000000,0.000000,swing_up
pid,11.223,2.357833,-4.454977,1.313192,0.785308239,-0.458381276,0.041151952,0.000000,6,0.013131922,0.937994444,0.000000000,0.000000,swing_up
pid,11.243,1.816020,-3.778463,1.062973,0.785516070,-0.477796309,0.031695532,0.000000,6,0.010629733,0.759266672,0.000000000,0.000000,swing_up
pid,11.264,1.254895,-3.078126,0.793996,0.785681370,-0.493832778,0.021902049,0.000000,6,0.007939958,0.567139882,0.000000000,0.000000,swing_up
pid,11.285,0.678076,-2.359419,0.489369,0.785799019,-0.506581225,0.011834665,0.000000,6,0.004893687,0.349549079,0.000000000,0.000000,swing_up
pid,11.306,0.090059,-1.628321,0.186827,0.785860379,-0.514991310,0.001571821,0.000000,6,0.001868273,0.133448057,0.000000000,0.000000,swing_up
pid,11.327,-0.502613,-0.891864,-0.598588,0.785851477,-0.516375674,-0.008772255,0.000000,6,-0.005985876,-0.427562555,0.000000000,0.000000,swing_up
pid,11.347,-1.080962,-0.162942,-0.792103,0.785723210,-0.498257720,-0.018866348,0.000000,6,-0.007921028,-0.565787737,0.000000000,0.000000,swing_up
pid,11.368,-1.633406,0.549002,-0.986492,0.785548747,-0.476495620,-0.028508315,0.000000,6,-0.009864917,-0.704636931,0.000000000,0.000000,manual_A_near_upright
pid,11.388,-2.152950,1.236812,-2.343049,0.785278349,-0.434552482,-0.037576059,0.894560,7,-0.023430492,-1.673606545,0.000000000,0.000000,manual_A_near_upright
pid,11.409,-2.589640,1.873426,-0.662495,0.784952561,-0.371919859,-0.045197745,0.888133,7,-0.006624955,-0.473211048,0.000000000,0.000000,manual_A_near_upright
pid,11.430,-3.012114,2.487549,-1.905086,0.784797079,-0.367151373,-0.052571315,0.881718,7,-0.019050861,-1.360775811,0.000000000,0.000000,manual_A_near_upright
pid,11.450,-3.406516,3.069773,-1.836740,0.784549534,-0.332744180,-0.059454925,0.875282,7,-0.018367400,-1.311957167,0.000000000,0.000000,manual_A_near_upright
pid,11.471,-3.758939,3.610737,-1.888021,0.784315039,-0.299669191,-0.065605860,0.868953,7,-0.018880211,-1.348586526,0.000000000,0.000000,manual_A_near_upright
pid,11.492,-4.078713,4.112201,-2.196097,0.784098611,-0.270393738,-0.071186975,0.862629,7,-0.021960971,-1.568640801,0.000000000,0.000000,manual_A_near_upright
pid,11.513,-4.358954,4.568599,-2.228614,0.783885043,-0.234561528,-0.076078099,0.856426,7,-0.022286143,-1.591867384,0.000000000,0.000000,manual_A_near_upright
pid,11.533,-4.598898,4.977461,-2.351636,0.783696648,-0.200006886,-0.080265908,0.850206,7,-0.023516362,-1.679740165,0.000000000,0.000000,manual_A_near_upright
pid,11.554,-4.798782,5.337066,-2.448027,0.783532768,-0.164523196,-0.083754542,0.844054,7,-0.024480271,-1.748590782,0.000000000,0.000000,manual_A_near_upright
pid,11.575,-4.957071,5.645138,-2.501535,0.783397941,-0.128088455,-0.086517212,0.838012,7,-0.025015351,-1.786810767,0.000000000,0.000000,manual_A_near_upright
pid,11.595,-5.073582,5.900312,-2.548742,0.783296176,-0.091679025,-0.088550704,0.831951,7,-0.025487416,-1.820529719,0.000000000,0.000000,manual_A_near_upright
pid,11.616,-5.148345,6.101615,-2.575022,0.783229132,-0.055204683,-0.089855579,0.825923,7,-0.025750222,-1.839301575,0.000000000,0.000000,manual_A_near_upright
pid,11.637,-5.181424,6.248372,-2.582730,0.783197980,-0.018919126,-0.090432907,0.820001,7,-0.025827302,-1.844807275,0.000000000,0.000000,manual_A_near_upright
pid,11.658,-5.173241,6.340373,-2.572733,0.783202758,0.016977507,-0.090290084,0.813940,7,-0.025727333,-1.837666613,0.000000000,0.000000,manual_A_near_upright
pid,11.679,-5.124344,6.377749,-2.543817,0.783242612,0.052331698,-0.089436683,0.808032,7,-0.025438168,-1.817011995,0.000000000,0.000000,wait_stable
pid,11.700,-5.035584,6.361060,-2.500321,0.783315685,0.086892698,-0.087887519,0.802099,7,-0.025003210,-1.785943548,0.000000000,0.000000,wait_stable
pid,11.720,-4.907883,6.291178,-2.434345,0.783419513,0.120659118,-0.085658726,0.796278,7,-0.024343448,-1.738817743,0.000000000,0.000000,wait_stable
pid,11.741,-4.742387,6.169354,-2.353891,0.783550634,0.153310460,-0.082770270,0.790486,7,-0.023538910,-1.681350687,0.000000000,0.000000,wait_stable
pid,11.762,-4.540424,5.997189,-2.255191,0.783705102,0.184769286,-0.079245345,0.784699,7,-0.022551912,-1.610850865,0.000000000,0.000000,wait_stable
pid,11.783,-4.303667,5.776705,-2.148530,0.783877909,0.214677619,-0.075113155,0.778884,7,-0.021485302,-1.534664402,0.000000000,0.000000,wait_stable
pid,11.804,-4.033754,5.510150,-2.014717,0.784064667,0.243273246,-0.070402290,0.773274,7,-0.020147168,-1.439083418,0.000000000,0.000000,wait_stable
pid,11.825,-3.732535,5.200109,-1.871421,0.784259317,0.270032498,-0.065145018,0.767642,7,-0.018714205,-1.336728946,0.000000000,0.000000,wait_stable
pid,11.846,-3.402372,4.849626,-1.723791,0.784455741,0.294701511,-0.059382597,0.762076,7,-0.017237911,-1.231279331,0.000000000,0.000000,wait_stable
pid,11.867,-3.045606,4.461943,-1.556348,0.784648833,0.317440568,-0.053155849,0.756469,7,-0.015563481,-1.111677233,0.000000000,0.000000,wait_stable
pid,11.887,-2.664231,4.040331,-1.357766,0.784833644,0.338302281,-0.046499612,0.751047,7,-0.013577655,-0.969832502,0.000000000,0.000000,wait_stable
pid,11.908,-2.261342,3.588748,-1.169160,0.785002145,0.356275398,-0.039467859,0.745601,7,-0.011691596,-0.835114003,0.000000000,0.000000,wait_stable
pid,11.929,-1.840150,3.111368,-0.970357,0.785150067,0.371626917,-0.032116672,0.740193,7,-0.009703568,-0.693111993,0.000000000,0.000000,wait_stable
pid,11.950,-1.403420,2.612291,-0.749945,0.785273394,0.384415956,-0.024494303,0.734811,7,-0.007499450,-0.535674998,0.000000000,0.000000,wait_stable
pid,11.970,-0.954636,2.096070,-0.528325,0.785366663,0.394058587,-0.016661535,0.729507,7,-0.005283248,-0.377374822,0.000000000,0.000000,wait_stable
pid,11.991,-0.497177,1.567304,-0.290540,0.785427499,0.400709316,-0.008677378,0.724245,7,-0.002905397,-0.207528357,0.000000000,0.000000,wait_stable
pid,12.012,-0.035416,1.031128,-0.073983,0.785451023,0.403453250,-0.000618126,0.718973,7,-0.000739834,-0.052845314,0.000000000,0.000000,wait_stable
pid,12.033,0.426601,0.492574,0.500174,0.785434896,0.401800057,0.007445588,0.713726,7,0.005001740,0.357267151,0.000000000,0.000000,wait_stable
pid,12.053,0.875358,-0.038889,0.629810,0.785351896,0.386552433,0.015277879,0.708574,7,0.006298100,0.449864282,0.000000000,0.000000,wait_stable
pid,12.074,1.303852,-0.556852,0.805910,0.785244343,0.369439502,0.022756505,0.703368,7,0.008059099,0.575649900,0.000000000,0.000000,wait_stable
pid,12.095,1.712650,-1.058561,1.064621,0.785118475,0.351342173,0.029891390,0.698342,7,0.010646210,0.760443538,0.000000000,0.000000,wait_stable
pid,12.116,2.096651,-1.538745,1.215403,0.784969467,0.328696353,0.036593455,0.693216,7,0.012154035,0.868145355,0.000000000,0.000000,wait_stable
pid,12.136,2.453602,-1.993609,1.396942,0.784811776,0.304762990,0.042823438,0.688256,7,0.013969420,0.997815700,0.000000000,0.000000,wait_stable
pid,12.157,2.781207,-2.419513,1.545956,0.784648100,0.278525449,0.048541218,0.683196,7,0.015459562,1.104254460,0.000000000,0.000000,wait_stable
pid,12.178,3.077499,-2.813160,1.684944,0.784485658,0.250781496,0.053712491,0.678193,7,0.016849436,1.203531162,0.000000000,0.000000,wait_stable
pid,12.199,3.353016,-3.188514,1.806265,0.784322019,0.220089898,0.058521166,0.673207,7,0.018062647,1.290189069,0.000000000,0.000000,wait_stable
pid,12.220,3.569535,-3.492116,1.897260,0.784185019,0.191236602,0.062300145,0.668395,7,0.018972605,1.355186069,0.000000000,0.000000,wait_stable
pid,12.240,3.763004,-3.772680,1.981818,0.784056674,0.160208594,0.065676814,0.663590,7,0.019818179,1.415584190,0.000000000,0.000000,wait_stable
pid,12.261,3.920337,-4.011389,2.048129,0.783947952,0.128587405,0.068422783,0.658729,7,0.020481291,1.462949374,0.000000000,0.000000,wait_stable
pid,12.282,4.041132,-4.206813,2.094758,0.783861695,0.096582873,0.070531056,0.654002,7,0.020947582,1.496255829,0.000000000,0.000000,wait_stable
pid,12.302,4.125147,-4.357845,2.126728,0.783800051,0.064495832,0.071997389,0.649222,7,0.021123189,1.508799234,0.000000000,0.000000,wait_stable
pid,12.323,4.172452,-4.463779,2.141901,0.783764196,0.032488698,0.072823019,0.644527,7,0.021419010,1.529929290,0.000000000,0.000000,wait_stable
pid,12.344,4.183265,-4.524230,2.139578,0.783754580,0.000733296,0.073011750,0.639913,7,0.021395777,1.528269812,0.000000000,0.000000,wait_stable
pid,12.365,4.158057,-4.539182,2.122156,0.783770869,-0.030558011,0.072571783,0.635260,7,0.021221564,1.515826030,0.000000000,0.000000,wait_stable
pid,12.385,4.097514,-4.508975,2.089309,0.783811965,-0.061205908,0.071515111,0.630818,7,0.020893087,1.492363356,0.000000000,0.000000,wait_stable
pid,12.405,4.002456,-4.434255,2.039955,0.783876162,-0.091106894,0.069856030,0.626199,7,0.020399546,1.457110413,0.000000000,0.000000,wait_stable
pid,12.426,3.873807,-4.315959,1.969958,0.783961225,-0.120160085,0.067610682,0.621714,7,0.019699585,1.407113191,0.000000000,0.000000,wait_stable
pid,12.447,3.703991,-4.146327,1.885806,0.784069552,-0.149355565,0.064646843,0.617150,7,0.018858063,1.347004468,0.000000000,0.000000,wait_stable
pid,12.468,3.521134,-3.954355,1.801218,0.784181027,-0.174495796,0.061455387,0.612738,7,0.018012185,1.286584627,0.000000000,0.000000,wait_stable
pid,12.488,3.300018,-3.714561,1.689809,0.784308899,-0.199735205,0.057596172,0.608382,7,0.016898086,1.207006131,0.000000000,0.000000,wait_stable
pid,12.509,3.051537,-3.438392,1.576506,0.784442845,-0.223185119,0.053259374,0.603968,7,0.015765062,1.126075892,0.000000000,0.000000,wait_stable
pid,12.529,2.777176,-3.128131,1.429468,0.784579894,-0.245336748,0.048470861,0.599582,7,0.014294683,1.021048810,0.000000000,0.000000,wait_stable
pid,12.549,2.479415,-2.786711,1.292278,0.784713863,-0.265149432,0.043273961,0.595324,7,0.013651821,0.975130088,0.000000000,0.000000,wait_stable
pid,12.571,2.160337,-2.417047,1.130026,0.784841950,-0.283217263,0.037704997,0.590980,7,0.011300264,0.807161746,0.000000000,0.000000,wait_stable
pid,12.592,1.822640,-2.022496,0.969809,0.784958687,-0.298836813,0.031811073,0.586654,7,0.009698094,0.692720989,0.000000000,0.000000,wait_stable
pid,12.613,1.468828,-1.606464,0.791673,0.785061154,-0.312285466,0.025635882,0.582345,7,0.007916727,0.565480535,0.000000000,0.000000,wait_stable
pid,12.634,1.101705,-1.172614,0.607802,0.785145225,-0.323173284,0.019228373,0.578096,7,0.006078018,0.434144132,0.000000000,0.000000,wait_stable
pid,12.654,0.724242,-0.724791,0.420466,0.785207762,-0.331327200,0.012640412,0.573917,7,0.004204660,0.300332858,0.000000000,0.000000,wait_stable
pid,12.675,0.339838,-0.267121,0.222760,0.785246832,-0.336799147,0.005931284,0.569705,7,0.002227597,0.159114082,0.000000000,0.000000,wait_stable
pid,12.696,-0.048641,0.196456,-0.016722,0.785260465,-0.339339873,-0.000848946,0.565596,7,-0.000167221,-0.011944322,0.000000000,0.000000,wait_stable
pid,12.717,-0.435538,0.660659,-0.386647,0.785239859,-0.335855828,-0.007601577,0.561472,7,-0.003866474,-0.276176721,0.000000000,0.000000,wait_stable
pid,12.737,-0.811405,1.118420,-0.519832,0.785181660,-0.324425770,-0.014161684,0.557405,7,-0.005198321,-0.371308617,0.000000000,0.000000,wait_stable
pid,12.758,-1.172446,1.565343,-0.704401,0.785106003,-0.311510917,-0.020463036,0.553462,7,-0.007044013,-0.503143786,0.000000000,0.000000,wait_stable
pid,12.779,-1.516999,1.998116,-0.885546,0.785013294,-0.296152046,-0.026476629,0.549424,7,-0.008855455,-0.632532506,0.000000000,0.000000,wait_stable
pid,12.799,-1.841561,2.412670,-1.036559,0.784906718,-0.278113083,-0.032141311,0.545415,7,-0.010365587,-0.740399040,0.000000000,0.000000,wait_stable
pid,12.820,-2.144103,2.805744,-1.190985,0.784792278,-0.258360290,-0.037421661,0.541477,7,-0.011909851,-0.850703673,0.000000000,0.000000,wait_stable
pid,12.841,-2.422370,3.174115,-1.327256,0.784673506,-0.236723737,-0.042278330,0.537597,7,-0.013272564,-0.948040280,0.000000000,0.000000,wait_stable
pid,12.862,-2.674460,3.514879,-1.443960,0.784554827,-0.213447224,-0.046678125,0.533671,7,-0.014439603,-1.031400221,0.000000000,0.000000,wait_stable
pid,12.883,-2.898675,3.825397,-1.542986,0.784440572,-0.188836651,-0.050591417,0.529755,7,-0.015429863,-1.102133055,0.000000000,0.000000,wait_stable
pid,12.903,-3.094055,4.103558,-1.637651,0.784334783,-0.163396452,-0.054001449,0.525911,7,-0.016376514,-1.169750975,0.000000000,0.000000,wait_stable
pid,12.924,-3.259402,4.347331,-1.707477,0.784240250,-0.136943641,-0.056887290,0.522077,7,-0.017074770,-1.219626455,0.000000000,0.000000,wait_stable
pid,12.945,-3.393966,4.555100,-1.765597,0.784160132,-0.109971745,-0.059235882,0.518309,7,-0.017655967,-1.261140503,0.000000000,0.000000,wait_stable
pid,12.966,-3.497231,4.725562,-1.805596,0.784096513,-0.082555214,-0.061038202,0.514519,7,-0.018055963,-1.289711641,0.000000000,0.000000,wait_stable
pid,12.987,-3.569018,4.857785,-1.836199,0.784051083,-0.055065236,-0.062291123,0.510759,7,-0.018361987,-1.311570474,0.000000000,0.000000,wait_stable
pid,13.008,-3.609235,4.951094,-1.849170,0.784024741,-0.027517601,-0.062993027,0.507053,7,-0.018491697,-1.320835499,0.000000000,0.000000,wait_stable
pid,13.028,-3.618004,5.005133,-1.847702,0.784017927,-0.000154528,-0.063146077,0.503400,7,-0.018477024,-1.319787433,0.000000000,0.000000,wait_stable
pid,13.049,-3.595707,5.019881,-1.832350,0.784030417,0.026849100,-0.062756931,0.499753,7,-0.018323500,-1.308821397,0.000000000,0.000000,wait_stable
pid,13.070,-3.542888,4.995611,-1.803733,0.784061427,0.053322713,-0.061835065,0.496122,7,-0.018037330,-1.288380689,0.000000000,0.000000,wait_stable
pid,13.090,-3.460242,4.932879,-1.759425,0.784109691,0.079163636,-0.060392624,0.492549,7,-0.017594245,-1.256731794,0.000000000,0.000000,wait_stable
pid,13.111,-3.348729,4.832571,-1.705848,0.784173321,0.104096815,-0.058446350,0.488960,7,-0.017058482,-1.218463010,0.000000000,0.000000,wait_stable
pid,13.132,-3.209328,4.695787,-1.634155,0.784250284,0.128159784,-0.056013335,0.485421,7,-0.016341548,-1.167253406,0.000000000,0.000000,wait_stable
pid,13.153,-3.043264,4.523938,-1.548730,0.784337965,0.151124129,-0.053114972,0.481880,7,-0.015487298,-1.106235578,0.000000000,0.000000,wait_stable
pid,13.173,-2.851973,4.318720,-1.454647,0.784433352,0.172751663,-0.049776311,0.478386,7,-0.014546466,-1.039033254,0.000000000,0.000000,wait_stable
pid,13.194,-2.637120,4.082116,-1.353771,0.784533244,0.192877356,-0.046026422,0.474961,7,-0.013537714,-0.966979596,0.000000000,0.000000,wait_stable
pid,13.215,-2.400480,3.816329,-1.239323,0.784634620,0.211517851,-0.041896281,0.471516,7,-0.012393234,-0.885230992,0.000000000,0.000000,wait_stable
pid,13.236,-2.143773,3.523691,-1.111028,0.784734297,0.228547007,-0.037415891,0.468085,7,-0.011110281,-0.793591532,0.000000000,0.000000,wait_stable
pid,13.257,-1.854936,3.190433,-0.968060,0.784833354,0.244426988,-0.032374743,0.464638,7,-0.009680598,-0.691471290,0.000000000,0.000000,wait_stable
pid,13.277,-1.578662,2.868664,-0.833220,0.784915004,0.256876337,-0.027552856,0.461357,7,-0.008332197,-0.595156934,0.000000000,0.000000,wait_stable
pid,13.298,-1.274845,2.512146,-0.680156,0.784990224,0.268026875,-0.022250251,0.458005,7,-0.006801557,-0.485825471,0.000000000,0.000000,wait_stable
pid,13.319,-0.960058,2.140450,-0.520719,0.785051743,0.276960727,-0.016756173,0.454660,7,-0.005207187,-0.371941955,0.000000000,0.000000,wait_stable
pid,13.339,-0.636989,1.756941,-0.357250,0.785097330,0.283540123,-0.011117562,0.451391,7,-0.003572497,-0.255178343,0.000000000,0.000000,wait_stable
pid,13.360,-0.308278,1.365027,-0.180862,0.785125788,0.287866036,-0.005380461,0.448116,7,-0.001808616,-0.129186875,0.000000000,0.000000,wait_stable
pid,13.381,0.023246,0.968254,0.002461,0.785135031,0.289423198,0.000405714,0.444857,7,0.000024612,0.001758003,0.000000000,0.000000,wait_stable
pid,13.402,0.353638,0.570721,0.330808,0.785122166,0.287071410,0.006172141,0.441623,7,0.003308076,0.236291149,0.000000000,0.000000,wait_stable
pid,13.422,0.674726,0.178509,0.421265,0.785080089,0.277171997,0.011776193,0.438411,7,0.004212655,0.300903928,0.000000000,0.000000,wait_stable
pid,13.443,0.983644,-0.204801,0.590136,0.785026708,0.266708162,0.017167826,0.435297,7,0.005901361,0.421525783,0.000000000,0.000000,wait_stable
pid,13.463,1.279111,-0.576445,0.750717,0.784960225,0.253971105,0.022324696,0.432147,7,0.007507174,0.536226731,0.000000000,0.000000,wait_stable
pid,13.484,1.557486,-0.932640,0.871574,0.784882757,0.238603313,0.027183259,0.428985,7,0.008715739,0.622552765,0.000000000,0.000000,wait_stable
pid,13.505,1.817240,-1.270689,1.007079,0.784799703,0.221954484,0.031716813,0.425830,7,0.010070787,0.719341963,0.000000000,0.000000,wait_stable
pid,13.526,2.056418,-1.587818,1.121480,0.784712944,0.203505908,0.035891262,0.422703,7,0.011214799,0.801057069,0.000000000,0.000000,wait_stable
pid,13.547,2.273428,-1.881554,1.231825,0.784626340,0.183846306,0.039678812,0.419685,7,0.012318255,0.879875357,0.000000000,0.000000,wait_stable
pid,13.568,2.466765,-2.149607,1.320617,0.784542424,0.162818560,0.043053169,0.416580,7,0.013206168,0.943297713,0.000000000,0.000000,wait_stable
pid,13.589,2.635163,-2.389955,1.396643,0.784464394,0.140837066,0.045992265,0.413516,7,0.013966432,0.997602306,0.000000000,0.000000,wait_stable
pid,13.610,2.777777,-2.600940,1.462051,0.784394769,0.118148036,0.048481359,0.410508,7,0.014620512,1.044322311,0.000000000,0.000000,wait_stable
pid,13.631,2.893873,-2.781125,1.512641,0.784335590,0.094860235,0.050507609,0.407544,7,0.015126413,1.080458053,0.000000000,0.000000,wait_stable
pid,13.651,2.982952,-2.929363,1.550520,0.784288601,0.071200722,0.052062340,0.404580,7,0.015505201,1.107514331,0.000000000,0.000000,wait_stable
pid,13.672,3.044736,-3.044795,1.575143,0.784255039,0.047339326,0.053140661,0.401651,7,0.015751425,1.125101797,0.000000000,0.000000,wait_stable
pid,13.693,3.079123,-3.126829,1.585885,0.784235692,0.023434281,0.053740832,0.398765,7,0.015858851,1.132775045,0.000000000,0.000000,wait_stable
pid,13.713,3.086235,-3.175166,1.585484,0.784230876,-0.000301491,0.053864969,0.395875,7,0.015854840,1.132488596,0.000000000,0.000000,wait_stable
pid,13.734,3.066365,-3.189774,1.571396,0.784240438,-0.023763879,0.053518163,0.393010,7,0.015713964,1.122425992,0.000000000,0.000000,wait_stable
pid,13.755,3.020014,-3.170907,1.547980,0.784263762,-0.046717548,0.052709195,0.390163,7,0.015479803,1.105700232,0.000000000,0.000000,wait_stable
pid,13.776,2.947794,-3.119054,1.509660,0.784299899,-0.069138303,0.051448716,0.387311,7,0.015096598,1.078328411,0.000000000,0.000000,wait_stable
pid,13.797,2.850472,-3.034957,1.459444,0.784347485,-0.090822738,0.049750127,0.384486,7,0.014594439,1.042459906,0.000000000,0.000000,wait_stable
pid,13.817,2.729030,-2.919634,1.398337,0.784404806,-0.111618366,0.047630550,0.381705,7,0.013983375,0.998812491,0.000000000,0.000000,wait_stable
pid,13.838,2.584580,-2.774334,1.325950,0.784469899,-0.131406891,0.045109433,0.378969,7,0.013259503,0.947107387,0.000000000,0.000000,wait_stable
pid,13.859,2.418349,-2.600521,1.239675,0.784540666,-0.150124691,0.042208153,0.376212,7,0.012396755,0.885482465,0.000000000,0.000000,wait_stable
pid,13.880,2.231681,-2.399870,1.144298,0.784614668,-0.167547576,0.038950179,0.373459,7,0.011442976,0.817355398,0.000000000,0.000000,wait_stable
pid,13.900,2.026300,-2.174379,1.043848,0.784689293,-0.183480493,0.035365615,0.370764,7,0.010438476,0.745605426,0.000000000,0.000000,wait_stable
pid,13.921,1.803956,-1.926191,0.934882,0.784762170,-0.197893474,0.031484975,0.368081,7,0.009348818,0.667772703,0.000000000,0.000000,wait_stable
pid,13.942,1.566317,-1.657536,0.815995,0.784830966,-0.210703096,0.027337396,0.365430,7,0.008159950,0.582853557,0.000000000,0.000000,wait_stable
pid,13.963,1.315617,-1.371021,0.694970,0.784893100,-0.221664751,0.022961857,0.362763,7,0.006949696,0.496406850,0.000000000,0.000000,wait_stable
pid,13.984,1.053647,-1.069141,0.553735,0.784947197,-0.231054864,0.018389612,0.360112,7,0.005537351,0.395525052,0.000000000,0.000000,wait_stable
pid,14.004,0.782561,-0.754648,0.412962,0.784990642,-0.238349580,0.013658267,0.357512,7,0.004129620,0.294972862,0.000000000,0.000000,wait_stable
pid,14.025,0.504990,-0.430587,0.274756,0.785021828,-0.243448701,0.008813736,0.354938,7,0.002747561,0.196254380,0.000000000,0.000000,wait_stable
pid,14.045,0.223354,-0.099960,0.131318,0.785039993,-0.246462074,0.003898264,0.352368,7,0.001313179,0.093798489,0.000000000,0.000000,wait_stable
pid,14.066,-0.059939,0.234199,-0.045991,0.785044285,-0.247234618,-0.001046130,0.349816,7,-0.000459910,-0.032850702,0.000000000,0.000000,wait_stable
pid,14.087,-0.341173,0.568224,-0.271326,0.785031225,-0.244019171,-0.005954588,0.347256,7,-0.002713264,-0.193804545,0.000000000,0.000000,wait_stable
pid,14.108,-0.614445,0.897425,-0.375759,0.785000447,-0.236119950,-0.010724086,0.344719,7,-0.003757590,-0.268399257,0.000000000,0.000000,wait_stable
pid,14.128,-0.877709,1.218938,-0.519668,0.784960286,-0.227116236,-0.015318915,0.342254,7,-0.005196679,-0.371191356,0.000000000,0.000000,wait_stable
pid,14.149,-1.128998,1.530000,-0.652728,0.784910630,-0.216105819,-0.019704724,0.339798,7,-0.006527276,-0.466234004,0.000000000,0.000000,wait_stable
pid,14.170,-1.366008,1.827762,-0.767667,0.784853548,-0.203140899,-0.023841334,0.337290,7,-0.007676675,-0.548333903,0.000000000,0.000000,wait_stable
pid,14.191,-1.587007,2.109730,-0.880750,0.784791990,-0.188750247,-0.027698493,0.334876,7,-0.008807500,-0.629107148,0.000000000,0.000000,wait_stable
pid,14.212,-1.799886,2.386160,-0.982562,0.784724751,-0.172011637,-0.031413936,0.332445,7,-0.009825616,-0.701829691,0.000000000,0.000000,wait_stable
pid,14.232,-1.982755,2.628442,-1.063952,0.784660843,-0.154740342,-0.034605610,0.330049,7,-0.010639525,-0.759966048,0.000000000,0.000000,wait_stable
pid,14.253,-2.145121,2.848367,-1.144979,0.784599729,-0.136668413,-0.037439431,0.327653,7,-0.011449785,-0.817841791,0.000000000,0.000000,wait_stable
pid,14.273,-2.286050,3.044297,-1.211679,0.784543099,-0.117681641,-0.039899102,0.325300,7,-0.012116788,-0.865484822,0.000000000,0.000000,wait_stable
pid,14.293,-2.404562,3.214712,-1.262671,0.784492858,-0.097939513,-0.041967522,0.323026,7,-0.012626711,-0.901907964,0.000000000,0.000000,wait_stable
pid,14.314,-2.495869,3.351901,-1.305393,0.784452607,-0.078822134,-0.043561130,0.320721,7,-0.013053925,-0.932423231,0.000000000,0.000000,wait_stable
pid,14.335,-2.572312,3.474565,-1.341378,0.784417766,-0.057355121,-0.044895318,0.318380,7,-0.013413785,-0.958127484,0.000000000,0.000000,wait_stable
pid,14.355,-2.618937,3.558593,-1.356600,0.784395811,-0.037630452,-0.045709076,0.316117,7,-0.013566004,-0.969000318,0.000000000,0.000000,wait_stable
pid,14.376,-2.644877,3.618945,-1.366961,0.784383140,-0.016961251,-0.046161820,0.313842,7,-0.013669614,-0.976400971,0.000000000,0.000000,wait_stable
pid,14.396,-2.647210,3.650262,-1.364812,0.784381304,0.003610680,-0.046202530,0.311588,7,-0.013648117,-0.974865497,0.000000000,0.000000,wait_stable
pid,14.417,-2.626161,3.652528,-1.351411,0.784390171,0.023917079,-0.045835148,0.309320,7,-0.013514109,-0.965293533,0.000000000,0.000000,wait_stable
pid,14.438,-2.582210,3.626013,-1.328775,0.784409228,0.043783861,-0.045068069,0.307047,7,-0.013287753,-0.949125241,0.000000000,0.000000,wait_stable
pid,14.459,-2.515882,3.571162,-1.292967,0.784437719,0.063159917,-0.043910429,0.304841,7,-0.012929669,-0.923547782,0.000000000,0.000000,wait_stable
pid,14.481,-2.427911,3.488676,-1.247761,0.784474541,0.081843858,-0.042375046,0.302612,7,-0.012477605,-0.891257510,0.000000000,0.000000,wait_stable
pid,14.501,-2.313138,3.373299,-1.185151,0.784520811,0.100686736,-0.040371880,0.300356,7,-0.011851511,-0.846536465,0.000000000,0.000000,wait_stable
pid,14.522,-2.190609,3.244651,-1.128303,0.784567684,0.116674701,-0.038233335,0.298197,7,-0.011283030,-0.805930740,0.000000000,0.000000,wait_stable
pid,14.542,-2.043533,3.085618,-1.051944,0.784620822,0.132646340,-0.035666381,0.296054,7,-0.010519437,-0.751388375,0.000000000,0.000000,wait_stable
pid,14.563,-1.879203,2.903888,-0.971929,0.784675822,0.147360440,-0.032798276,0.293917,7,-0.009719289,-0.694234944,0.000000000,0.000000,wait_stable
pid,14.584,-1.698923,2.701125,-0.875970,0.784731154,0.160970926,-0.029651808,0.291767,7,-0.008759703,-0.625693051,0.000000000,0.000000,wait_stable
pid,14.604,-1.504200,2.479195,-0.778204,0.784784613,0.173084675,-0.026253246,0.289694,7,-0.007782036,-0.555859701,0.000000000,0.000000,wait_stable
pid,14.625,-1.296916,2.240251,-0.674601,0.784834477,0.183710480,-0.022635457,0.287592,7,-0.006746011,-0.481857913,0.000000000,0.000000,wait_stable
pid,14.646,-1.067422,1.973325,-0.553265,0.784881365,0.193300326,-0.018630026,0.285463,7,-0.005532649,-0.395189184,0.000000000,0.000000,wait_stable
pid,14.666,-0.851357,1.719989,-0.450393,0.784916928,0.200153569,-0.014858991,0.283431,7,-0.004503931,-0.321709324,0.000000000,0.000000,wait_stable
pid,14.687,-0.616979,1.443454,-0.323531,0.784946952,0.205974779,-0.010768317,0.281387,7,-0.003235308,-0.231093436,0.000000000,0.000000,wait_stable
pid,14.707,-0.377536,1.159308,-0.200731,0.784967591,0.209827040,-0.006589252,0.279376,7,-0.002007308,-0.143379124,0.000000000,0.000000,wait_stable
pid,14.728,-0.135295,0.870225,-0.079367,0.784978227,0.211731375,-0.002361338,0.277344,7,-0.000793674,-0.056691002,0.000000000,0.000000,wait_stable
pid,14.749,0.119748,0.564262,0.115151,0.784978674,0.211855399,0.002090005,0.275322,7,0.001151505,0.082250358,0.000000000,0.000000,wait_stable
pid,14.769,0.347727,0.288451,0.250983,0.784965798,0.207981025,0.006068984,0.273371,7,0.002509834,0.179273877,0.000000000,0.000000,wait_stable
pid,14.790,0.580508,0.002811,0.346902,0.784941753,0.201179921,0.010131769,0.271402,7,0.003469018,0.247787033,0.000000000,0.000000,wait_stable
pid,14.810,0.804730,-0.275876,0.474330,0.784910880,0.193380154,0.014045188,0.269460,7,0.004743300,0.338807113,0.000000000,0.000000,wait_stable
pid,14.831,1.018315,-0.545065,0.577687,0.784872800,0.183557636,0.017772943,0.267524,7,0.005776874,0.412633892,0.000000000,0.000000,wait_stable
pid,14.852,1.219537,-0.802443,0.681836,0.784829998,0.172396596,0.021284934,0.265588,7,0.006818364,0.487025997,0.000000000,0.000000,wait_stable
pid,14.873,1.406739,-1.045804,0.771510,0.784783802,0.159740344,0.024552231,0.263665,7,0.007715099,0.551078503,0.000000000,0.000000,wait_stable
pid,14.894,1.586583,-1.284016,0.860553,0.784733961,0.145255307,0.027691092,0.261742,7,0.008605528,0.614680563,0.000000000,0.000000,wait_stable
pid,14.914,1.740749,-1.492543,0.934518,0.784686873,0.130347591,0.030381810,0.259857,7,0.009345177,0.667512669,0.000000000,0.000000,wait_stable
pid,14.945,1.938282,-1.768179,1.029941,0.784620786,0.106420827,0.033829411,0.257080,7,0.010299411,0.735672211,0.000000000,0.000000,wait_stable
pid,14.965,2.041350,-1.917854,1.076589,0.784583671,0.090409899,0.035628277,0.255253,7,0.010765892,0.768992311,0.000000000,0.000000,wait_stable
pid,14.986,2.130641,-2.053258,1.119048,0.784550107,0.073128868,0.037186706,0.253410,7,0.011190476,0.799319731,0.000000000,0.000000,wait_stable
pid,15.007,2.202712,-2.170008,1.150789,0.784521961,0.054558339,0.038444578,0.251566,7,0.011507891,0.821992230,0.000000000,0.000000,wait_stable
pid,15.027,2.250338,-2.256233,1.169325,0.784502746,0.036615361,0.039275800,0.249738,7,0.011693255,0.835232490,0.000000000,0.000000,wait_stable
pid,15.047,2.276509,-2.315160,1.180318,0.784491833,0.019552875,0.039732578,0.247984,7,0.011803176,0.843083974,0.000000000,0.000000,wait_stable
pid,15.068,2.284026,-2.352743,1.181310,0.784488267,0.001635870,0.039863775,0.246197,7,0.011813099,0.843792819,0.000000000,0.000000,wait_stable
pid,15.089,2.269958,-2.365146,1.170872,0.784493238,-0.016986280,0.039618245,0.244358,7,0.011708724,0.836337434,0.000000000,0.000000,wait_stable
pid,15.110,2.238209,-2.352653,1.155240,0.784505119,-0.033480116,0.039064119,0.242623,7,0.011552403,0.825171642,0.000000000,0.000000,wait_stable
pid,15.130,2.185657,-2.315481,1.124848,0.784524727,-0.050497221,0.038146906,0.240901,7,0.011248484,0.803463157,0.000000000,0.000000,wait_stable
pid,15.151,2.114085,-2.254227,1.087342,0.784550824,-0.066912147,0.036897746,0.239154,7,0.010873417,0.776672661,0.000000000,0.000000,wait_stable
pid,15.172,2.024263,-2.169658,1.041077,0.784582449,-0.082648011,0.035330051,0.237411,7,0.010410774,0.743626728,0.000000000,0.000000,wait_stable
pid,15.192,1.917039,-2.062707,0.985485,0.784618486,-0.097606268,0.033458637,0.235716,7,0.009854851,0.703917904,0.000000000,0.000000,wait_stable
pid,15.213,1.793420,-1.934503,0.922462,0.784657653,-0.111653155,0.031301089,0.234021,7,0.009224620,0.658901451,0.000000000,0.000000,wait_stable
pid,15.234,1.654587,-1.786373,0.853723,0.784698556,-0.124662609,0.028878000,0.232314,7,0.008537230,0.609802151,0.000000000,0.000000,wait_stable
pid,15.254,1.501620,-1.619707,0.772413,0.784739967,-0.136677995,0.026208205,0.230645,7,0.007724131,0.551723650,0.000000000,0.000000,wait_stable
pid,15.275,1.335967,-1.436169,0.689748,0.784780227,-0.147387934,0.023317020,0.228985,7,0.006897482,0.492677270,0.000000000,0.000000,wait_stable
pid,15.296,1.159078,-1.237515,0.599479,0.784818116,-0.156849279,0.020229722,0.227324,7,0.005994789,0.428199212,0.000000000,0.000000,wait_stable
pid,15.316,0.962902,-1.014703,0.497990,0.784853918,-0.165326158,0.016805814,0.225651,7,0.004979901,0.355707201,0.000000000,0.000000,wait_stable
pid,15.337,0.777854,-0.802506,0.408161,0.784881489,-0.171501229,0.013576111,0.224044,7,0.004081614,0.291543832,0.000000000,0.000000,wait_stable
pid,15.358,0.576800,-0.570216,0.298866,0.784905083,-0.176753539,0.010067065,0.222416,7,0.002988665,0.213476040,0.000000000,0.000000,wait_stable
pid,15.378,0.371138,-0.330949,0.193426,0.784921782,-0.180287286,0.006477578,0.220827,7,0.001934262,0.138161549,0.000000000,0.000000,wait_stable
pid,15.399,0.162787,-0.086988,0.085966,0.784931211,-0.182204816,0.002841173,0.219214,7,0.000859663,0.061404534,0.000000000,0.000000,wait_stable
pid,15.420,-0.046433,0.159402,-0.043907,0.784933106,-0.182506579,-0.000810411,0.217620,7,-0.000439074,-0.031362426,0.000000000,0.000000,wait_stable
pid,15.441,-0.264232,0.417849,-0.198600,0.784925209,-0.179848574,-0.004611718,0.216012,7,-0.001986004,-0.141857437,0.000000000,0.000000,wait_stable
pid,15.462,-0.455832,0.648321,-0.271025,0.784909418,-0.174525462,-0.007955773,0.214473,7,-0.002710246,-0.193588977,0.000000000,0.000000,wait_stable
pid,15.483,-0.650766,0.885565,-0.384950,0.784887971,-0.168286226,-0.011358014,0.212934,7,-0.003849503,-0.274964492,0.000000000,0.000000,wait_stable
pid,15.503,-0.837173,1.115223,-0.480536,0.784860898,-0.160300059,-0.014611423,0.211375,7,-0.004805357,-0.343239812,0.000000000,0.000000,wait_stable
pid,15.524,-1.013141,1.335090,-0.564847,0.784829699,-0.150867719,-0.017682640,0.209829,7,-0.005648472,-0.403462283,0.000000000,0.000000,wait_stable
pid,15.545,-1.185282,1.553397,-0.651442,0.784794174,-0.139763717,-0.020687075,0.208275,7,-0.006514417,-0.465315533,0.000000000,0.000000,wait_stable
pid,15.566,-1.335756,1.747452,-0.724038,0.784758933,-0.128028014,-0.023313339,0.206774,7,-0.007240384,-0.517170298,0.000000000,0.000000,wait_stable
pid,15.586,-1.465622,1.917848,-0.789621,0.784725516,-0.116069814,-0.025579926,0.205313,7,-0.007896214,-0.564015261,0.000000000,0.000000,wait_stable
pid,15.607,-1.587586,2.081114,-0.850464,0.784691537,-0.102668636,-0.027708603,0.203809,7,-0.008504639,-0.607474198,0.000000000,0.000000,wait_stable
pid,15.637,-1.740297,2.292257,-0.921740,0.784645394,-0.081223070,-0.030373906,0.201632,7,-0.009217400,-0.658385705,0.000000000,0.000000,wait_stable
pid,15.658,-1.820988,2.408947,-0.958401,0.784619407,-0.066283864,-0.031782230,0.200203,7,-0.009584013,-0.684572329,0.000000000,0.000000,wait_stable
pid,15.679,-1.884304,2.505405,-0.987694,0.784598222,-0.051010374,-0.032887308,0.198750,7,-0.009876941,-0.705495819,0.000000000,0.000000,wait_stable
pid,15.699,-1.931696,2.584172,-1.008280,0.784581828,-0.034714284,-0.033714451,0.197296,7,-0.010082799,-0.720199899,0.000000000,0.000000,wait_stable
pid,15.720,-1.958495,2.637272,-1.018862,0.784572236,-0.019089881,-0.034182178,0.195869,7,-0.010188621,-0.727758631,0.000000000,0.000000,wait_stable
pid,15.741,-1.967411,2.668726,-1.021091,0.784568735,-0.003497023,-0.034337801,0.194435,7,-0.010210906,-0.729350401,0.000000000,0.000000,wait_stable
pid,15.761,-1.959417,2.678474,-1.014682,0.784571063,0.011195347,-0.034198279,0.193071,7,-0.010146817,-0.724772665,0.000000000,0.000000,wait_stable
pid,15.782,-1.933943,2.667652,-1.001223,0.784579272,0.026377388,-0.033753676,0.191679,7,-0.010012228,-0.715159134,0.000000000,0.000000,wait_stable
pid,15.802,-1.891335,2.635472,-0.977401,0.784593029,0.041234504,-0.033010027,0.190307,7,-0.009774008,-0.698143444,0.000000000,0.000000,wait_stable
pid,15.823,-1.832104,2.582392,-0.946212,0.784611772,0.055599779,-0.031976253,0.188937,7,-0.009462124,-0.675866027,0.000000000,0.000000,wait_stable
pid,15.843,-1.756879,2.509038,-0.906728,0.784634801,0.069392569,-0.030663325,0.187581,7,-0.009067275,-0.647662501,0.000000000,0.000000,wait_stable
pid,15.865,-1.666433,2.416217,-0.861830,0.784661240,0.082459221,-0.029084744,0.186205,7,-0.008618299,-0.615592768,0.000000000,0.000000,wait_stable
pid,15.886,-1.561597,2.304871,-0.805588,0.784690238,0.094832678,-0.027255016,0.184842,7,-0.008055884,-0.575420297,0.000000000,0.000000,wait_stable
pid,15.906,-1.443307,2.176092,-0.745886,0.784720671,0.106259780,-0.025190451,0.183505,7,-0.007458864,-0.532776016,0.000000000,0.000000,wait_stable
pid,15.927,-1.312802,2.031212,-0.681972,0.784751464,0.116686343,-0.022912716,0.182172,7,-0.006819723,-0.487123070,0.000000000,0.000000,wait_stable
pid,15.948,-1.171109,1.871551,-0.607773,0.784781700,0.126160999,-0.020439710,0.180851,7,-0.006077726,-0.434123318,0.000000000,0.000000,wait_stable
pid,15.969,-1.019528,1.698636,-0.530727,0.784810199,0.134461930,-0.017794120,0.179529,7,-0.005307271,-0.379090774,0.000000000,0.000000,wait_stable
pid,15.989,-0.859418,1.514098,-0.448670,0.784836034,0.141576617,-0.014999669,0.178236,7,-0.004486703,-0.320478785,0.000000000,0.000000,wait_stable
pid,16.010,-0.692143,1.319634,-0.358644,0.784858410,0.147513638,-0.012080170,0.176925,7,-0.003586443,-0.256174465,0.000000000,0.000000,wait_stable
pid,16.031,-0.519134,1.117024,-0.267023,0.784876421,0.152092256,-0.009060606,0.175649,7,-0.002670227,-0.190730480,0.120000000,0.300000,impulse_+0.30N
pid,16.052,-0.238812,0.911343,11.356816,0.785126321,0.287110587,-0.004168059,0.174374,7,0.113568164,8.112011713,0.120000000,0.300000,impulse_+0.30N
pid,16.072,-0.009348,0.846083,11.241733,0.784858290,0.120721578,-0.000163152,0.173108,7,0.112417334,8.029809568,0.120000000,0.300000,impulse_+0.30N
pid,16.093,-0.074749,1.037533,8.040173,0.784843013,-0.104099241,-0.001304620,0.171864,7,0.080401733,5.742980912,0.120000000,0.300000,impulse_+0.30N
pid,16.114,-0.288443,1.418078,9.763175,0.784986364,-0.218710345,-0.005034279,0.170613,7,0.097631748,6.973696321,0.120000000,0.300000,impulse_+0.30N
pid,16.135,-0.666144,1.994181,9.080348,0.785338139,-0.375719157,-0.011626410,0.169371,7,0.090803476,6.485962556,0.120000000,0.300000,impulse_+0.30N
pid,16.156,-1.220633,2.769992,8.329985,0.785795447,-0.520694686,-0.021304064,0.168121,7,0.083299848,5.949989178,0.120000000,0.300000,impulse_+0.30N
pid,16.177,-1.918917,3.727103,8.017677,0.786227681,-0.641820377,-0.033491418,0.166895,7,0.080176766,5.726911857,0.120000000,0.300000,impulse_+0.30N
pid,16.198,-2.747611,4.855162,5.784511,0.786604560,-0.750944148,-0.047954864,0.165676,7,0.057845115,4.131793927,0.120000000,0.300000,impulse_+0.30N
pid,16.218,-3.651390,6.123315,5.509720,0.786520727,-0.793299352,-0.063728777,0.165676,7,0.055097198,3.935514122,0.120000000,0.300000,impulse_+0.30N
pid,16.239,-4.582402,7.503396,5.408256,0.786258430,-0.823521467,-0.079977995,0.165676,7,0.054082555,3.863039665,0.000000000,0.000000,recover
pid,16.260,-5.661789,8.994521,-7.068074,0.786815989,-0.991246565,-0.098816866,0.165676,7,-0.070680740,-5.048624254,0.000000000,0.000000,recover
pid,16.280,-6.701521,10.433313,-4.166355,0.784954255,-0.841918561,-0.116963603,0.165676,7,-0.075951169,-5.425083503,0.000000000,0.000000,recover
pid,16.301,-7.556838,11.743832,-3.252532,0.783575990,-0.738922708,-0.131891710,0.165676,7,-0.032525321,-2.323237224,0.000000000,0.000000,recover
pid,16.322,-8.376888,12.989481,-5.580128,0.782534530,-0.692996149,-0.146204272,0.165676,7,-0.055801281,-3.985805791,0.000000000,0.000000,recover
pid,16.343,-9.080015,14.125826,-4.273514,0.781256152,-0.585950093,-0.158476157,0.165676,7,-0.042735139,-3.052509920,0.000000000,0.000000,recover
pid,16.364,-9.695910,15.161343,-5.155832,0.780282073,-0.521371535,-0.169225556,0.165676,7,-0.051558319,-3.682737049,0.000000000,0.000000,recover
pid,16.385,-10.231647,16.094625,-5.203558,0.779349727,-0.444356496,-0.178575928,0.165676,7,-0.052035583,-3.716827322,0.000000000,0.000000,recover
pid,16.406,-10.696109,16.954356,-5.127783,0.778515676,-0.365194653,-0.186682324,0.165676,7,-0.051277826,-3.662701841,0.000000000,0.000000,recover
pid,16.427,-11.059699,17.661872,-5.394395,0.777869290,-0.298749618,-0.193028156,0.165676,7,-0.053943954,-3.853139546,0.000000000,0.000000,recover
pid,16.448,-11.332078,18.229816,-5.340176,0.777367269,-0.233015591,-0.197782067,0.165676,7,-0.053401757,-3.814411212,0.000000000,0.000000,recover
pid,16.469,-11.553881,18.738573,-5.392947,0.776958326,-0.165538582,-0.201653268,0.165676,7,-0.053929475,-3.852105324,0.000000000,0.000000,recover
pid,16.490,-11.691950,19.107057,-5.402433,0.776701017,-0.103453001,-0.204063030,0.165676,7,-0.054024331,-3.858880809,0.000000000,0.000000,recover
pid,16.511,-11.760269,19.361758,-5.364528,0.776570631,-0.043345324,-0.205255407,0.165676,7,-0.053645278,-3.831805544,0.000000000,0.000000,recover
pid,16.531,-11.763565,19.499025,-5.335765,0.776559011,0.011138614,-0.205312935,0.165676,7,-0.053357646,-3.811260461,0.000000000,0.000000,recover
pid,16.552,-11.704500,19.534102,-5.267126,0.776658536,0.066625171,-0.204282059,0.165676,7,-0.052671259,-3.762232751,0.000000000,0.000000,recover
pid,16.572,-11.583687,19.458245,-5.180970,0.776865273,0.119892166,-0.202173482,0.165676,7,-0.051809702,-3.700693007,0.000000000,0.000000,recover
pid,16.593,-11.403587,19.273227,-5.127770,0.777170584,0.171049621,-0.199030138,0.165676,7,-0.051277702,-3.662693030,0.000000000,0.000000,recover
pid,16.614,-11.163164,18.979595,-5.798689,0.777581816,0.226986615,-0.194833967,0.165676,7,-0.057986886,-4.141920446,0.000000000,0.000000,recover
pid,16.635,-10.839452,18.567890,-5.251328,0.778168682,0.304091088,-0.189184131,0.165676,7,-0.052513278,-3.750948402,0.000000000,0.000000,recover
pid,16.656,-10.434246,18.040918,-5.111793,0.778860545,0.370643968,-0.182111955,0.165676,7,-0.051117930,-3.651280710,0.000000000,0.000000,recover
pid,16.677,-9.957202,17.405836,-5.009090,0.779643663,0.434255245,-0.173785955,0.165676,7,-0.050090899,-3.577921379,0.000000000,0.000000,recover
pid,16.697,-9.404870,16.664112,-4.686219,0.780524159,0.499672952,-0.164145952,0.165676,7,-0.046862190,-3.347299261,0.000000000,0.000000,recover
pid,16.718,-8.781328,15.821292,-4.467108,0.781457084,0.560518428,-0.153263083,0.165676,7,-0.044671075,-3.190791101,0.000000000,0.000000,recover
pid,16.739,-8.053220,14.833584,-4.171465,0.782482213,0.622879909,-0.140555205,0.165676,7,-0.041714646,-2.979617578,0.000000000,0.000000,recover
pid,16.759,-7.291587,13.800658,-3.842643,0.783477605,0.680240441,-0.127262198,0.164485,7,-0.038426431,-2.744745049,0.000000000,0.000000,recover
pid,16.780,-6.466596,12.684381,-3.531242,0.784462255,0.734647315,-0.112863386,0.163302,7,-0.035312422,-2.522315849,0.000000000,0.000000,recover
pid,16.800,-5.581109,11.491604,-3.157300,0.785416712,0.786904796,-0.097408728,0.162712,7,-0.031573002,-2.255214403,0.000000000,0.000000,recover
pid,16.821,-4.686715,10.294327,-2.777143,0.786267089,0.833536791,-0.081798616,0.162712,7,-0.027771427,-1.983673376,0.000000000,0.000000,recover
pid,16.842,-3.642088,8.906888,-2.312276,0.787115278,0.881446940,-0.063566424,0.162712,7,-0.023122763,-1.651625954,0.000000000,0.000000,recover
pid,16.862,-2.650970,7.602000,-1.879993,0.787768853,0.920433543,-0.046268153,0.162712,7,-0.018799927,-1.342851938,0.000000000,0.000000,recover
pid,16.883,-1.565285,6.186580,-1.386061,0.788316037,0.956877950,-0.027319371,0.162712,7,-0.013860607,-0.990043380,0.000000000,0.000000,recover
pid,16.904,-0.385745,4.665396,-0.842724,0.788702804,0.988900528,-0.006732521,0.162712,7,-0.008427242,-0.601945848,0.000000000,0.000000,recover
pid,16.924,0.708324,3.269120,1.182694,0.788841171,1.008855343,0.012362578,0.162712,7,0.011826940,0.844781462,0.000000000,0.000000,recover
pid,16.945,1.896979,1.735544,1.956554,0.788339628,0.968849602,0.033108536,0.162712,7,0.019565538,1.397538427,0.000000000,0.000000,recover
pid,16.965,2.902928,0.387907,1.833685,0.787614025,0.910709027,0.050665647,0.162712,7,0.018336851,1.309775072,0.000000000,0.000000,recover
pid,16.987,3.955142,-1.057427,3.140806,0.786804253,0.857147780,0.069030258,0.162712,7,0.031408065,2.243433210,0.000000000,0.000000,recover
pid,17.007,4.873845,-2.371710,3.025681,0.785814384,0.779940714,0.085064648,0.162712,7,0.030256807,2.161200483,0.000000000,0.000000,recover
pid,17.028,5.710867,-3.618286,3.419013,0.784886748,0.713151652,0.099673429,0.162712,7,0.034190127,2.442151916,0.000000000,0.000000,recover
pid,17.049,6.472503,-4.793937,3.703815,0.783964409,0.645278986,0.112966492,0.161541,7,0.037038154,2.645582458,0.000000000,0.000000,recover
pid,17.070,7.154357,-5.890947,3.861838,0.783074496,0.576548259,0.124867077,0.160374,7,0.038618380,2.758455726,0.000000000,0.000000,recover
pid,17.090,7.731900,-6.857319,4.092114,0.782289775,0.514125371,0.134947114,0.159221,7,0.040921137,2.922938340,0.000000000,0.000000,recover
pid,17.111,8.266549,-7.790651,4.229810,0.781527746,0.448559214,0.144278504,0.159221,7,0.042298103,3.021293083,0.000000000,0.000000,recover
pid,17.131,8.727452,-8.634571,4.353428,0.780849155,0.384914233,0.152322765,0.159221,7,0.043534275,3.109591100,0.000000000,0.000000,recover
pid,17.152,9.117199,-9.386718,4.463975,0.780260514,0.323258095,0.159125134,0.159221,7,0.044639755,3.188553903,0.000000000,0.000000,recover
pid,17.172,9.437511,-10.044825,4.532640,0.779765846,0.263140027,0.164715636,0.159221,7,0.045326399,3.237599899,0.000000000,0.000000,recover
pid,17.193,9.690629,-10.607367,4.587003,0.779369078,0.205078412,0.169133380,0.159221,7,0.045870028,3.276430580,0.000000000,0.000000,recover
pid,17.213,9.878771,-11.073295,4.737509,0.779070521,0.148872058,0.172417086,0.159221,7,0.047375091,3.383935097,0.000000000,0.000000,recover
pid,17.234,10.000564,-11.440331,5.032796,0.778869380,0.088725562,0.174542777,0.159221,7,0.050327961,3.594854376,0.000000000,0.000000,recover
pid,17.254,10.045837,-11.702486,4.845431,0.778785693,0.021013381,0.175332931,0.159221,7,0.048454306,3.461021844,0.000000000,0.000000,recover
pid,17.275,10.017956,-11.860688,4.857790,0.778823874,-0.040883291,0.174846325,0.159221,7,0.048577899,3.469849960,0.000000000,0.000000,recover
pid,17.296,9.920606,-11.916565,4.822913,0.778974133,-0.101884918,0.173147239,0.159221,7,0.048229130,3.444937858,0.000000000,0.000000,recover
pid,17.317,9.753267,-11.870257,4.709525,0.779233942,-0.162429879,0.170226618,0.159221,7,0.047095254,3.363946732,0.000000000,0.000000,recover
pid,17.337,9.518596,-11.723910,4.612325,0.779592150,-0.220635994,0.166130849,0.159221,7,0.046123253,3.294518100,0.000000000,0.000000,recover
pid,17.358,9.218316,-11.479717,4.470465,0.780040544,-0.277646061,0.160889968,0.159221,7,0.044704646,3.193189008,0.000000000,0.000000,recover
pid,17.379,8.853917,-11.140230,4.302008,0.780567738,-0.333010668,0.154529998,0.159221,7,0.043020083,3.072863065,0.000000000,0.000000,recover
pid,17.399,8.427828,-10.708903,4.122878,0.781159589,-0.386332974,0.147093341,0.159221,7,0.041228783,2.944913047,0.000000000,0.000000,recover
pid,17.420,7.942037,-10.189420,3.911494,0.781803417,-0.437943585,0.138614697,0.158664,7,0.040202873,2.871633788,0.000000000,0.000000,recover
pid,17.441,7.398787,-9.586004,3.678543,0.782483418,-0.487489604,0.129133203,0.157509,7,0.036785433,2.627530895,0.000000000,0.000000,recover
pid,17.461,6.800597,-8.903411,3.428669,0.783183262,-0.534808603,0.118692817,0.156375,7,0.034286692,2.449049417,0.000000000,0.000000,recover
pid,17.482,6.150168,-8.146861,3.162334,0.783885674,-0.579682005,0.107340680,0.155246,7,0.031623339,2.258809901,0.000000000,0.000000,recover
pid,17.503,5.450219,-7.321947,2.855229,0.784574566,-0.622207414,0.095124260,0.154118,7,0.028552293,2.039449491,0.000000000,0.000000,recover
pid,17.524,4.704028,-6.434860,2.528739,0.785229364,-0.661648459,0.082100774,0.152992,7,0.025287394,1.806242450,0.000000000,0.000000,recover
pid,17.544,3.915726,-5.492507,2.189005,0.785830225,-0.697541044,0.068342312,0.151883,7,0.021890049,1.563574938,0.000000000,0.000000,recover
pid,17.565,3.088848,-4.501808,1.794507,0.786363432,-0.730328624,0.053910575,0.150773,7,0.017945068,1.281790606,0.000000000,0.000000,recover
pid,17.586,2.227856,-3.470378,1.390652,0.786805378,-0.758613844,0.038883431,0.149690,7,0.013906516,0.993322540,0.000000000,0.000000,recover
pid,17.607,1.338782,-2.406806,0.983143,0.787137777,-0.781807671,0.023366151,0.148595,7,0.009831426,0.702244734,0.000000000,0.000000,recover
pid,17.627,0.427362,-1.319747,0.556366,0.787347066,-0.799684605,0.007458867,0.147537,7,0.005563665,0.397404607,0.000000000,0.000000,recover
pid,17.648,-0.499535,-0.218554,-0.810230,0.787419654,-0.811567531,-0.008718523,0.146465,7,-0.008102302,-0.578735839,0.000000000,0.000000,recover
pid,17.669,-1.412004,0.876544,-1.490242,0.787142776,-0.784526675,-0.024644124,0.145390,7,-0.014902424,-1.064458838,0.000000000,0.000000,recover
pid,17.690,-2.271889,1.941391,-1.496499,0.786673988,-0.738652207,-0.039651936,0.144336,7,-0.014964995,-1.068928189,0.000000000,0.000000,recover
pid,17.710,-3.086597,2.973316,-2.060384,0.786190531,-0.699962200,-0.053871287,0.143284,7,-0.020603836,-1.471702553,0.000000000,0.000000,recover
pid,17.731,-3.850535,3.963912,-2.390235,0.785618680,-0.652777472,-0.067204512,0.142257,7,-0.023902348,-1.707310548,0.000000000,0.000000,recover
pid,17.752,-4.556054,4.904111,-2.652545,0.785008092,-0.601672112,-0.079518142,0.141224,7,-0.026525449,-1.894674904,0.000000000,0.000000,recover
pid,17.773,-5.202494,5.788473,-2.960683,0.784391396,-0.549524085,-0.090800649,0.140196,7,-0.029606834,-2.114773854,0.000000000,0.000000,recover
pid,17.794,-5.787085,6.610962,-3.211646,0.783779695,-0.494867877,-0.101003693,0.139181,7,-0.032116459,-2.294032760,0.000000000,0.000000,recover
pid,17.814,-6.307236,7.366026,-3.398835,0.783192842,-0.438179189,-0.110082038,0.138178,7,-0.033988346,-2.427738993,0.000000000,0.000000,recover
pid,17.834,-6.762116,8.049367,-3.589518,0.782651751,-0.381264532,-0.118021196,0.137184,7,-0.035895178,-2.563941300,0.000000000,0.000000,recover
pid,17.855,-7.150919,8.657141,-3.728188,0.782165892,-0.323301849,-0.124807084,0.136191,7,-0.037281881,-2.662991533,0.000000000,0.000000,recover
pid,17.876,-7.473196,9.186122,-3.845743,0.781748401,-0.265291638,-0.130431874,0.135193,7,-0.038457434,-2.746959566,0.000000000,0.000000,recover
pid,17.897,-7.729216,9.633881,-3.935638,0.781407167,-0.207496521,-0.134900263,0.134231,7,-0.039356375,-2.811169647,0.000000000,0.000000,recover
pid,17.917,-7.919140,9.998403,-3.990296,0.781147862,-0.149989430,-0.138215075,0.133262,7,-0.039902963,-2.850211648,0.000000000,0.000000,recover
pid,17.938,-8.043858,10.278476,-4.028512,0.780974105,-0.093315888,-0.140391799,0.132779,7,-0.040285119,-2.877508533,0.000000000,0.000000,recover
pid,17.959,-8.104196,10.473327,-4.033256,0.780886797,-0.037297082,-0.141444912,0.132779,7,-0.040332560,-2.880897123,0.000000000,0.000000,recover
pid,17.979,-8.101081,10.582681,-4.011564,0.780885502,0.017757828,-0.141390528,0.132779,7,-0.040115636,-2.865402559,0.000000000,0.000000,recover
pid,18.000,-8.035865,10.606920,-3.968854,0.780967449,0.071623854,-0.140252305,0.132779,7,-0.039688538,-2.834895554,0.000000000,0.000000,recover
pid,18.021,-7.909934,10.546884,-3.899676,0.781128313,0.124254877,-0.138054399,0.131820,7,-0.038996765,-2.785483193,0.000000000,0.000000,recover
pid,18.051,-7.598460,10.290611,-3.750087,0.781519208,0.202999141,-0.132618137,0.130427,7,-0.037500870,-2.678633566,0.000000000,0.000000,recover
pid,18.071,-7.340083,10.038192,-3.633799,0.781833236,0.249416013,-0.128108616,0.129507,7,-0.036337988,-2.595570583,0.000000000,0.000000,recover
pid,18.092,-7.014686,9.696957,-3.477110,0.782215385,0.296877655,-0.122429364,0.128568,7,-0.034771103,-2.483650245,0.000000000,0.000000,recover
pid,18.113,-6.636679,9.281295,-3.324412,0.782638857,0.342175554,-0.115831903,0.127644,7,-0.033244116,-2.374579709,0.000000000,0.000000,recover
pid,18.134,-6.208072,8.794562,-3.130273,0.783094557,0.385905806,-0.108351300,0.126708,7,-0.031302730,-2.235909313,0.000000000,0.000000,recover
pid,18.155,-5.730938,8.240502,-2.911883,0.783569824,0.427527656,-0.100023744,0.125773,7,-0.029118833,-2.079916656,0.000000000,0.000000,recover
pid,18.176,-5.208179,7.623585,-2.673307,0.784051453,0.466769777,-0.090899880,0.124851,7,-0.026733069,-1.909504962,0.000000000,0.000000,recover
pid,18.196,-4.642605,6.948559,-2.417994,0.784525899,0.503332994,-0.081028737,0.123954,7,-0.024179942,-1.727138721,0.000000000,0.000000,recover
pid,18.217,-4.037630,6.220755,-2.153612,0.784978779,0.536820995,-0.070469940,0.123070,7,-0.021536125,-1.538294628,0.000000000,0.000000,recover
pid,18.237,-3.396822,5.445851,-1.862962,0.785397985,0.567315357,-0.059285734,0.122192,7,-0.018629625,-1.330687491,0.000000000,0.000000,recover
pid,18.258,-2.723746,4.629774,-1.547242,0.785770310,0.594478202,-0.047538332,0.121305,7,-0.015472423,-1.105173087,0.000000000,0.000000,recover
pid,18.288,-1.663215,3.342820,-1.048336,0.786211165,0.627790335,-0.029028587,0.120022,7,-0.010483361,-0.748811534,0.000000000,0.000000,recover
pid,18.309,-0.929120,2.453073,-0.678622,0.786412207,0.644941800,-0.016216210,0.119149,7,-0.006786225,-0.484730322,0.000000000,0.000000,recover
pid,18.330,-0.179806,1.546652,-0.317162,0.786523643,0.656805746,-0.003138214,0.118294,7,-0.003171618,-0.226544113,0.000000000,0.000000,recover
pid,18.351,0.577197,0.632135,0.768518,0.786521858,0.659880443,0.010073987,0.117433,7,0.007685184,0.548941736,0.000000000,0.000000,recover
pid,18.371,1.315063,-0.272808,1.090093,0.786310135,0.635115966,0.022952177,0.116588,7,0.010900935,0.778638183,0.000000000,0.000000,recover
pid,18.392,2.016214,-1.154815,1.295568,0.786014488,0.603618037,0.035189578,0.115746,7,0.012955677,0.925405491,0.000000000,0.000000,recover
pid,18.412,2.682919,-2.009981,1.727363,0.785682369,0.572819522,0.046825771,0.114907,7,0.017273632,1.233830850,0.000000000,0.000000,recover
pid,18.433,3.308477,-2.830449,1.974385,0.785290570,0.534926928,0.057743823,0.114083,7,0.019743851,1.410275049,0.000000000,0.000000,recover
pid,18.454,3.887973,-3.609434,2.220554,0.784875071,0.494511532,0.067857931,0.113258,7,0.022205537,1.586109775,0.000000000,0.000000,recover
pid,18.474,4.419807,-4.341995,2.471362,0.784450891,0.452167369,0.077140186,0.112451,7,0.024713620,1.765258553,0.000000000,0.000000,recover
pid,18.495,4.900866,-5.022792,2.675617,0.784029263,0.407392622,0.085536244,0.111636,7,0.026756169,1.911154936,0.000000000,0.000000,recover
pid,18.515,5.329590,-5.647546,2.863688,0.783625662,0.361269371,0.093018901,0.110855,7,0.028636883,2.045491667,0.000000000,0.000000,recover
pid,18.535,5.704127,-6.212184,3.005983,0.783250410,0.313612803,0.099555794,0.110057,7,0.030059832,2.147130879,0.000000000,0.000000,recover
pid,18.556,6.038034,-6.736767,3.141566,0.782899884,0.263061993,0.105383579,0.109251,7,0.031415655,2.192744109,0.000000000,0.000000,recover
pid,18.577,6.299073,-7.168572,3.239551,0.782614779,0.214361674,0.109939558,0.108461,7,0.032395511,2.313965057,0.000000000,0.000000,recover
pid,18.597,6.495204,-7.515422,3.309368,0.782394150,0.167956268,0.113362695,0.107690,7,0.033093679,2.363834198,0.000000000,0.000000,recover
pid,18.618,6.647275,-7.812308,3.364796,0.782219094,0.119339079,0.116016836,0.106911,7,0.033647963,2.403425904,0.000000000,0.000000,recover
pid,18.639,6.743776,-8.038042,3.389657,0.782105191,0.070923031,0.117701092,0.106145,7,0.033896568,2.421183434,0.000000000,0.000000,recover
pid,18.659,6.785239,-8.191955,3.393267,0.782053754,0.023085869,0.118424758,0.105386,7,0.033932671,2.423762184,0.000000000,0.000000,recover
pid,18.680,6.772491,-8.273905,3.375168,0.782064235,-0.024015014,0.118202258,0.104631,7,0.033751684,2.410834596,0.000000000,0.000000,recover
pid,18.701,6.706503,-8.284199,3.336670,0.782134677,-0.070201200,0.117050553,0.103867,7,0.033366696,2.383335412,0.000000000,0.000000,recover
pid,18.722,6.581126,-8.218712,3.267627,0.782269687,-0.117662276,0.114862318,0.103094,7,0.032676271,2.334019343,0.000000000,0.000000,recover
pid,18.742,6.419495,-8.093303,3.191936,0.782441188,-0.159344015,0.112041321,0.102356,7,0.031919356,2.279953999,0.000000000,0.000000,recover
pid,18.763,6.201259,-7.894974,3.082811,0.782667228,-0.202064900,0.108232385,0.101621,7,0.030828110,2.202007837,0.000000000,0.000000,recover
pid,18.784,5.935387,-7.630707,2.959371,0.782932910,-0.243162128,0.103592041,0.100878,7,0.029593708,2.113836310,0.000000000,0.000000,recover
pid,18.805,5.623802,-7.303049,2.815893,0.783230735,-0.282596977,0.098153859,0.100141,7,0.028158929,2.011352076,0.000000000,0.000000,recover
pid,18.826,5.268501,-6.914901,2.651551,0.783552408,-0.320222366,0.091952697,0.099414,7,0.026515512,1.893965120,0.000000000,0.000000,recover
pid,18.846,4.871815,-6.469631,2.474988,0.783888408,-0.355694001,0.085029205,0.098695,7,0.024749880,1.767848569,0.000000000,0.000000,recover
pid,18.867,4.436264,-5.970988,2.271926,0.784230049,-0.389127691,0.077427416,0.097974,7,0.022719256,1.622804027,0.000000000,0.000000,recover
pid,18.888,3.964448,-5.423033,2.055111,0.784566826,-0.420054518,0.069192666,0.097261,7,0.020551112,1.467936583,0.000000000,0.000000,recover
pid,18.909,3.433079,-4.799436,1.800319,0.784905201,-0.449831410,0.059918530,0.096554,7,0.018003185,1.285941802,0.000000000,0.000000,recover
pid,18.929,2.924218,-4.197522,1.586513,0.785185403,-0.473379786,0.051037230,0.095869,7,0.015865127,1.133223378,0.000000000,0.000000,recover
pid,18.950,2.362897,-3.530172,1.313580,0.785449509,-0.495769978,0.041240325,0.095161,7,0.013135801,0.938271516,0.000000000,0.000000,recover
pid,18.971,1.778580,-2.833442,1.017979,0.785671380,-0.514884681,0.031042083,0.094477,7,0.010179786,0.727127553,0.000000000,0.000000,recover
pid,18.992,1.175663,-2.113292,0.733604,0.785839968,-0.529757658,0.020519193,0.093781,7,0.007336042,0.524003012,0.000000000,0.000000,recover
pid,19.012,0.558886,-1.375988,0.418217,0.785952119,-0.541014548,0.009754407,0.093104,7,0.004182165,0.298726099,0.000000000,0.000000,recover
pid,19.033,-0.067294,-0.627774,0.012975,0.786000353,-0.547864795,-0.001174497,0.092432,7,0.000129751,0.009267903,0.000000000,0.000000,recover
pid,19.054,-0.693373,0.122670,-0.775515,0.785950012,-0.542850163,-0.012101635,0.091771,7,-0.007755149,-0.553939195,0.000000000,0.000000,recover
pid,19.075,-1.295971,0.860139,-0.870897,0.785776172,-0.518783889,-0.022618958,0.091096,7,-0.008708967,-0.622069065,0.000000000,0.000000,recover
pid,19.096,-1.871309,1.578630,-1.197536,0.785574248,-0.495862291,-0.032660504,0.090432,7,-0.011975364,-0.855383129,0.000000000,0.000000,recover
pid,19.117,-2.444391,2.307394,-1.510168,0.785317181,-0.467501555,-0.042662668,0.089769,7,-0.015101684,-1.078691723,0.000000000,0.000000,recover
pid,19.137,-2.929112,2.937441,-1.689340,0.785051651,-0.437124880,-0.051122643,0.089135,7,-0.016893395,-1.206671093,0.000000000,0.000000,recover
pid,19.158,-3.402825,3.566128,-1.934352,0.784761423,-0.404123431,-0.059390507,0.088488,7,-0.019343516,-1.381679687,0.000000000,0.000000,recover
pid,19.178,-3.836374,4.154780,-2.122345,0.784462784,-0.368129084,-0.066957360,0.087851,7,-0.021223452,-1.515960870,0.000000000,0.000000,recover
pid,19.199,-4.226885,4.698890,-2.288097,0.784169150,-0.330332056,-0.073773062,0.087215,7,-0.022880971,-1.634355105,0.000000000,0.000000,recover
pid,19.229,-4.729114,5.423985,-2.498928,0.783758156,-0.271124279,-0.082538615,0.086291,7,-0.024989277,-1.784948359,0.000000000,0.000000,recover
pid,19.250,-5.006109,5.842009,-2.615396,0.783515696,-0.230512796,-0.087373080,0.085678,7,-0.026153962,-1.868140130,0.000000000,0.000000,recover
pid,19.270,-5.236071,6.204851,-2.710448,0.783305882,-0.189282484,-0.091386681,0.085056,7,-0.027104481,-1.936034340,0.000000000,0.000000,recover
pid,19.291,-5.418389,6.510426,-2.779765,0.783133821,-0.147629883,-0.094568732,0.084442,7,-0.027797650,-1.985546432,0.000000000,0.000000,recover
pid,19.312,-5.552912,6.757190,-2.829632,0.783003449,-0.105923606,-0.096916594,0.083834,7,-0.028296319,-2.021165607,0.000000000,0.000000,recover
pid,19.332,-5.639723,6.944038,-2.857914,0.782917148,-0.064337419,-0.098431740,0.083224,7,-0.028579137,-2.041366901,0.000000000,0.000000,recover
pid,19.353,-5.679138,7.070305,-2.865114,0.782876102,-0.023087950,-0.099119657,0.082624,7,-0.028651139,-2.046509933,0.000000000,0.000000,recover
pid,19.373,-5.671715,7.135774,-2.852172,0.782880240,0.017621675,-0.098990106,0.082033,7,-0.028521716,-2.037265402,0.000000000,0.000000,recover
pid,19.394,-5.618227,7.140652,-2.820189,0.782928301,0.057599113,-0.098056567,0.081446,7,-0.028201885,-2.014420388,0.000000000,0.000000,recover
pid,19.415,-5.519668,7.085576,-2.769292,0.783017926,0.096683134,-0.096336373,0.080860,7,-0.027692924,-1.978065974,0.000000000,0.000000,recover
pid,19.436,-5.377139,6.971549,-2.697516,0.783145853,0.134753634,-0.093848773,0.080273,7,-0.026975156,-1.926796862,0.000000000,0.000000,recover
pid,19.456,-5.191994,6.800003,-2.608103,0.783307775,0.171588735,-0.090617386,0.079694,7,-0.026081032,-1.862930836,0.000000000,0.000000,recover
pid,19.477,-4.965769,6.572754,-2.500640,0.783498635,0.207046600,-0.086669025,0.079114,7,-0.025006404,-1.786171708,0.000000000,0.000000,recover
pid,19.498,-4.700003,6.291913,-2.366523,0.783713103,0.241140230,-0.082030525,0.078534,7,-0.023665229,-1.690373477,0.000000000,0.000000,recover
pid,19.518,-4.396758,5.960110,-2.226073,0.783943957,0.273291948,-0.076737909,0.077975,7,-0.022260727,-1.590051924,0.000000000,0.000000,recover
pid,19.539,-4.058220,5.580302,-2.067579,0.784184782,0.303588940,-0.070829304,0.077420,7,-0.020675790,-1.476842157,0.000000000,0.000000,recover
pid,19.559,-3.686815,5.155807,-1.901221,0.784427894,0.331658133,-0.064347064,0.076858,7,-0.019012208,-1.358014883,0.000000000,0.000000,recover
pid,19.580,-3.284785,4.690091,-1.700599,0.784667538,0.357849255,-0.057330310,0.076310,7,-0.017005987,-1.214713376,0.000000000,0.000000,recover
pid,19.600,-2.854865,4.187068,-1.495379,0.784894754,0.381366218,-0.049826788,0.075758,7,-0.014953789,-1.068127808,0.000000000,0.000000,recover
pid,19.621,-2.400333,3.651104,-1.281103,0.785102496,0.402117285,-0.041893713,0.075217,7,-0.012811033,-0.915073768,0.000000000,0.000000,recover
pid,19.642,-1.924488,3.086756,-1.054780,0.785284176,0.419972435,-0.033588654,0.074679,7,-0.010547803,-0.753414483,0.000000000,0.000000,recover
pid,19.662,-1.430712,2.498776,-0.819893,0.785433365,0.434653901,-0.024970640,0.074142,7,-0.008198933,-0.585638039,0.000000000,0.000000,recover
pid,19.683,-0.922768,1.892227,-0.567649,0.785545307,0.446149278,-0.016105346,0.073606,7,-0.005676493,-0.405463764,0.000000000,0.000000,recover
pid,19.703,-0.378017,1.240900,-0.271081,0.785618953,0.454833345,-0.006597633,0.073070,7,-0.004255834,-0.303988119,0.000000000,0.000000,recover
pid,19.724,0.120211,0.644378,0.089300,0.785639168,0.458266218,0.002098083,0.072546,7,0.000892996,0.063785406,0.000000000,0.000000,recover
pid,19.745,0.642544,0.016075,0.656764,0.785595333,0.452771522,0.011214503,0.072019,7,0.006567643,0.469117345,0.000000000,0.000000,recover
pid,19.766,1.145824,-0.601215,0.744594,0.785473007,0.433437282,0.019998410,0.071495,7,0.007445938,0.531852697,0.000000000,0.000000,recover
pid,19.786,1.626734,-1.202407,1.006090,0.785329331,0.414571057,0.028391866,0.070981,7,0.010060904,0.718635981,0.000000000,0.000000,recover
pid,19.807,2.084232,-1.783625,1.265890,0.785157236,0.392693270,0.036376716,0.070457,7,0.012658897,0.904206894,0.000000000,0.000000,recover
pid,19.828,2.512749,-2.339027,1.437962,0.784960169,0.366560055,0.043855742,0.069943,7,0.014379624,1.027116025,0.000000000,0.000000,recover
pid,19.849,2.909999,-2.864477,1.634460,0.784753392,0.338890208,0.050789057,0.069432,7,0.016344596,1.167471108,0.000000000,0.000000,recover
pid,19.870,3.273702,-3.356045,1.799208,0.784541281,0.308879180,0.057136878,0.068933,7,0.017992081,1.285148627,0.000000000,0.000000,recover
pid,19.891,3.601377,-3.809922,1.943654,0.784332326,0.277141435,0.062855882,0.068424,7,0.019436538,1.388324129,0.000000000,0.000000,recover
pid,19.911,3.891778,-4.223111,2.078774,0.784133710,0.244219799,0.067924348,0.067934,7,0.020787745,1.484838917,0.000000000,0.000000,recover
pid,19.933,4.143173,-4.592639,2.178903,0.783950748,0.209902624,0.072312018,0.067432,7,0.021789034,1.556359595,0.000000000,0.000000,recover
pid,19.964,4.454099,-5.073980,2.314545,0.783711784,0.155630196,0.077738691,0.066703,7,0.023145450,1.653246395,0.000000000,0.000000,recover
pid,19.984,4.602731,-5.322637,2.368206,0.783591996,0.119858609,0.080332813,0.066224,7,0.023682061,1.691575798,0.000000000,0.000000,recover
pid,20.005,4.705954,-5.512450,2.409489,0.783506664,0.085872936,0.082134400,0.065755,7,0.024094894,1.721063822,0.000000000,0.000000,recover
pid,20.025,4.774662,-5.662517,2.433564,0.783448330,0.050122479,0.083333570,0.065278,7,0.024335644,1.738260319,0.000000000,0.000000,recover
pid,20.046,4.802512,-5.760990,2.435904,0.783423205,0.014551475,0.083819654,0.064806,7,0.024359040,1.739931393,0.000000000,0.000000,recover
pid,20.067,4.788307,-5.808698,2.420966,0.783432477,-0.022279829,0.083571720,0.064324,7,0.024209663,1.729261611,0.000000000,0.000000,recover
pid,20.087,4.737764,-5.802937,2.393272,0.783471323,-0.054976715,0.082689588,0.063871,7,0.023932718,1.709479839,0.000000000,0.000000,recover
pid,20.108,4.646666,-5.747212,2.343136,0.783541741,-0.088699756,0.081099629,0.063414,7,0.023431358,1.673668461,0.000000000,0.000000,recover
pid,20.129,4.517706,-5.641480,2.277642,0.783639826,-0.121445944,0.078848837,0.062944,7,0.022776424,1.626887454,0.000000000,0.000000,recover
pid,20.150,4.352148,-5.487061,2.196015,0.783762221,-0.153064067,0.075959312,0.062486,7,0.021960147,1.568581918,0.000000000,0.000000,recover
pid,20.171,4.151392,-5.285591,2.097869,0.783905002,-0.183413087,0.072455460,0.062034,7,0.020978693,1.498478070,0.000000000,0.000000,recover
pid,20.192,3.904477,-5.025586,1.977937,0.784071943,-0.213727993,0.068145974,0.061571,7,0.019779368,1.412812000,0.000000000,0.000000,recover
pid,20.212,3.651001,-4.749811,1.862144,0.784233041,-0.239499683,0.063721995,0.061141,7,0.018621442,1.330103007,0.000000000,0.000000,recover
pid,20.233,3.355069,-4.420398,1.717375,0.784408507,-0.265079745,0.058557005,0.060694,7,0.017173750,1.226696458,0.000000000,0.000000,recover
pid,20.253,3.031532,-4.053791,1.561054,0.784584205,-0.288676537,0.052910216,0.060262,7,0.015610539,1.115038509,0.000000000,0.000000,recover
pid,20.274,2.682744,-3.653196,1.394592,0.784754615,-0.310112509,0.046822721,0.059818,7,0.013945923,0.996137334,0.000000000,0.000000,recover
pid,20.295,2.311068,-3.222005,1.208396,0.784914883,-0.329412893,0.040335751,0.059382,7,0.013013852,0.929560836,0.000000000,0.000000,recover
pid,20.316,1.919489,-2.764062,1.020291,0.785058835,-0.346055545,0.033501397,0.058952,7,0.010202913,0.728779515,0.000000000,0.000000,recover
pid,20.337,1.490138,-2.258787,0.806618,0.785187971,-0.360788997,0.026007817,0.058519,7,0.008066178,0.576155596,0.000000000,0.000000,recover
pid,20.357,1.088776,-1.784129,0.615807,0.785280357,-0.371215429,0.019002725,0.058101,7,0.006158070,0.439862124,0.000000000,0.000000,recover
pid,20.378,0.656015,-1.270674,0.386396,0.785350973,-0.379701586,0.011449619,0.057681,7,0.003863956,0.275996890,0.000000000,0.000000,recover
pid,20.399,0.216356,-0.747617,0.164049,0.785389294,-0.384737543,0.003776122,0.057259,7,0.001640488,0.117177695,0.000000000,0.000000,recover
pid,20.420,-0.248426,-0.193336,-0.293450,0.785393666,-0.386443428,-0.004335843,0.056844,7,-0.002934501,-0.209607196,0.000000000,0.000000,recover
pid,20.440,-0.662973,0.305689,-0.535554,0.785342980,-0.377242804,-0.011571058,0.056438,7,-0.005355542,-0.382538687,0.000000000,0.000000,recover
pid,20.461,-1.082516,0.820506,-0.661283,0.785253959,-0.361936884,-0.018893477,0.056030,7,-0.006612834,-0.472345256,0.000000000,0.000000,recover
pid,20.482,-1.484699,1.321635,-0.914145,0.785148543,-0.346511107,-0.025912885,0.055614,7,-0.009141446,-0.652960426,0.000000000,0.000000,recover
pid,20.503,-1.866104,1.804652,-1.096731,0.785019951,-0.327130806,-0.032569664,0.055216,7,-0.010967305,-0.783378933,0.000000000,0.000000,recover
pid,20.523,-2.222885,2.265051,-1.255634,0.784877255,-0.305177963,-0.038796667,0.054818,7,-0.012556339,-0.896881366,0.000000000,0.000000,recover
pid,20.544,-2.553228,2.699433,-1.422360,0.784727642,-0.281597958,-0.044562230,0.054420,7,-0.014223598,-1.015971276,0.000000000,0.000000,recover
pid,20.565,-2.854792,3.104320,-1.559494,0.784575020,-0.255930622,-0.049825512,0.054024,7,-0.015594943,-1.113924527,0.000000000,0.000000,recover
pid,20.585,-3.125658,3.476618,-1.682011,0.784425638,-0.228796152,-0.054553021,0.053638,7,-0.016820107,-1.201436196,0.000000000,0.000000,recover
pid,20.606,-3.364447,3.813686,-1.790925,0.784284448,-0.200483574,-0.058720670,0.053244,7,-0.017909249,-1.279232068,0.000000000,0.000000,recover
pid,20.627,-3.569903,4.113154,-1.880095,0.784155732,-0.171139272,-0.062306559,0.052857,7,-0.018800946,-1.342924730,0.000000000,0.000000,recover
pid,20.648,-3.741118,4.373037,-1.953562,0.784043442,-0.141090882,-0.065294831,0.052468,7,-0.019535621,-1.395401477,0.000000000,0.000000,recover
pid,20.669,-3.877472,4.591716,-2.010238,0.783950660,-0.110550676,-0.067674661,0.052086,7,-0.020102382,-1.435884422,0.000000000,0.000000,recover
pid,20.690,-3.978572,4.767914,-2.049888,0.783879770,-0.079729293,-0.069439177,0.051708,7,-0.020498880,-1.464205698,0.000000000,0.000000,recover
pid,20.711,-4.044278,4.900715,-2.073352,0.783832406,-0.048844697,-0.070585975,0.051330,7,-0.020733519,-1.480965631,0.000000000,0.000000,recover
pid,20.732,-4.075274,4.992834,-2.080023,0.783808930,-0.016551689,-0.071126942,0.050949,7,-0.020800231,-1.485730769,0.000000000,0.000000,recover
pid,20.752,-4.070069,5.034202,-2.072108,0.783810976,0.012355860,-0.071036111,0.050584,7,-0.020773412,-1.483815123,0.000000000,0.000000,recover
pid,20.773,-4.030963,5.034780,-2.047879,0.783836446,0.042315067,-0.070353569,0.050214,7,-0.020478790,-1.462770711,0.000000000,0.000000,recover
pid,20.794,-3.958061,4.991736,-2.008689,0.783884578,0.071613091,-0.069081202,0.049849,7,-0.020086890,-1.434777893,0.000000000,0.000000,recover
pid,20.815,-3.846085,4.900423,-1.949618,0.783957482,0.101525583,-0.067126848,0.049481,7,-0.019496184,-1.392584547,0.000000000,0.000000,recover
pid,20.835,-3.714579,4.778163,-1.886900,0.784040739,0.127579292,-0.064831627,0.049132,7,-0.018868998,-1.347785565,0.000000000,0.000000,recover
pid,20.857,-3.546267,4.610092,-1.799757,0.784143545,0.154047526,-0.061894042,0.048772,7,-0.017997570,-1.285540718,0.000000000,0.000000,recover
pid,20.877,-3.338161,4.392012,-1.700751,0.784264228,0.180298303,-0.058261894,0.048416,7,-0.017007510,-1.214822142,0.000000000,0.000000,recover
pid,20.908,-3.001489,4.025114,-1.533555,0.784444982,0.214060059,-0.052385866,0.047906,7,-0.015335554,-1.095396741,0.000000000,0.000000,recover
pid,20.928,-2.738313,3.730846,-1.403564,0.784573435,0.235316896,-0.047792582,0.047560,7,-0.014035645,-1.002546046,0.000000000,0.000000,recover
pid,20.949,-2.437548,3.389054,-1.258979,0.784706253,0.255591259,-0.042543247,0.047210,7,-0.012589791,-0.899270811,0.000000000,0.000000,recover
pid,20.970,-2.145974,3.053610,-1.121004,0.784820758,0.272010982,-0.037454303,0.046877,7,-0.011210044,-0.800717451,0.000000000,0.000000,recover
pid,20.990,-1.821161,2.676554,-0.952611,0.784932425,0.287502052,-0.031785253,0.046535,7,-0.009526114,-0.680436700,0.000000000,0.000000,recover
pid,21.011,-1.480640,2.278272,-0.785611,0.785030197,0.300505716,-0.025842048,0.046199,7,-0.007856107,-0.561150487,0.000000000,0.000000,recover
pid,21.032,-1.127213,1.862339,-0.609428,0.785111259,0.311125258,-0.019673582,0.045866,7,-0.006094277,-0.435305497,0.000000000,0.000000,recover
pid,21.052,-0.763669,1.432423,-0.424243,0.785172794,0.319236751,-0.013328543,0.045540,7,-0.004242431,-0.303030757,0.000000000,0.000000,recover
pid,21.072,-0.393085,0.992404,-0.235472,0.785212284,0.324622358,-0.006860622,0.045221,7,-0.002354720,-0.168194279,0.000000000,0.000000,recover
pid,21.093,-0.018640,0.546274,-0.041956,0.785228260,0.327215639,-0.000325333,0.044893,7,-0.000419565,-0.029968901,0.000000000,0.000000,recover
pid,21.114,0.355817,0.098375,0.364124,0.785216607,0.325643088,0.006210187,0.044563,7,0.003641240,0.260088602,0.000000000,0.000000,recover
pid,21.135,0.720597,-0.344207,0.482159,0.785165296,0.314773606,0.012576795,0.044238,7,0.004821588,0.344399149,0.000000000,0.000000,recover
pid,21.155,1.070902,-0.776686,0.642930,0.785097074,0.302329939,0.018690765,0.043922,7,0.006429300,0.459235713,0.000000000,0.000000,recover
pid,21.176,1.406139,-1.196327,0.844011,0.785014485,0.288378982,0.024541748,0.043598,7,0.008440108,0.602864851,0.000000000,0.000000,recover
pid,21.197,1.722480,-1.598980,0.982473,0.784916638,0.271084194,0.030062939,0.043286,7,0.009824725,0.701766082,0.000000000,0.000000,recover
pid,21.218,2.017554,-1.981286,1.127102,0.784811096,0.252165613,0.035212960,0.042965,7,0.011271016,0.805072591,0.000000000,0.000000,recover
pid,21.239,2.289572,-2.340294,1.261050,0.784701150,0.231522096,0.039960572,0.042657,7,0.012610497,0.900749788,0.000000000,0.000000,recover
pid,21.259,2.548139,-2.688981,1.379302,0.784585158,0.208059321,0.044473411,0.042344,7,0.013793022,0.985215823,0.000000000,0.000000,recover
pid,21.280,2.756705,-2.977095,1.472039,0.784483683,0.185595167,0.048113574,0.042042,7,0.014236711,1.016907963,0.000000000,0.000000,recover
pid,21.300,2.949175,-3.250220,1.565672,0.784384157,0.161140240,0.051472819,0.041742,7,0.015656724,1.118337439,0.000000000,0.000000,recover
pid,21.321,3.112760,-3.490478,1.634807,0.784294659,0.135651413,0.054327914,0.041440,7,0.016348065,1.167718937,0.000000000,0.000000,recover
pid,21.342,3.246615,-3.696224,1.693215,0.784218284,0.109634311,0.056664127,0.041135,7,0.016932151,1.209439343,0.000000000,0.000000,recover
pid,21.363,3.350391,-3.866244,1.739610,0.784157041,0.083260400,0.058475349,0.040836,7,0.017396099,1.242578480,0.000000000,0.000000,recover
pid,21.384,3.423642,-3.999484,1.766300,0.784112473,0.056569766,0.059753822,0.040541,7,0.017663003,1.261643042,0.000000000,0.000000,recover
pid,21.405,3.466309,-4.095280,1.781354,0.784085691,0.029908346,0.060498509,0.040246,7,0.017813537,1.272395480,0.000000000,0.000000,recover
pid,21.425,3.478531,-4.153268,1.781569,0.784077090,0.003386621,0.060711818,0.039959,7,0.017815690,1.272549311,0.000000000,0.000000,recover
pid,21.445,3.460595,-4.173366,1.767487,0.784086561,-0.022824584,0.060398773,0.039672,7,0.017674875,1.262491060,0.000000000,0.000000,recover
pid,21.466,3.413043,-4.155819,1.741976,0.784113414,-0.048510313,0.059568844,0.039387,7,0.017419761,1.244268660,0.000000000,0.000000,recover
pid,21.487,3.336534,-4.101133,1.700636,0.784156521,-0.073611854,0.058233497,0.039101,7,0.017006357,1.214739807,0.000000000,0.000000,recover
pid,21.508,3.231888,-4.010093,1.646257,0.784214262,-0.097925356,0.056407088,0.038816,7,0.016462569,1.175897757,0.000000000,0.000000,recover
pid,21.528,3.100162,-3.883787,1.580007,0.784284571,-0.121286332,0.054108027,0.038533,7,0.015800073,1.128576614,0.000000000,0.000000,recover
pid,21.549,2.942643,-3.723607,1.506295,0.784364929,-0.143472010,0.051358807,0.038255,7,0.015062948,1.075924851,0.000000000,0.000000,recover
pid,21.570,2.760599,-3.531116,1.415246,0.784452935,-0.164557956,0.048181536,0.037973,7,0.014152462,1.010890161,0.000000000,0.000000,recover
pid,21.591,2.555431,-3.308111,1.311448,0.784545659,-0.184308916,0.044600680,0.037697,7,0.013114485,0.936748919,0.000000000,0.000000,recover
pid,21.612,2.329051,-3.056795,1.204347,0.784639738,-0.202417912,0.040649610,0.037420,7,0.012043465,0.860247534,0.000000000,0.000000,recover
pid,21.633,2.083132,-2.779410,1.080845,0.784732573,-0.219029262,0.036357509,0.037145,7,0.010808446,0.772031831,0.000000000,0.000000,recover
pid,21.654,1.819670,-2.478491,0.950644,0.784820812,-0.233822922,0.031759234,0.036874,7,0.009506442,0.679031542,0.000000000,0.000000,recover
pid,21.675,1.540822,-2.156776,0.812021,0.784901610,-0.246725342,0.026892419,0.036604,7,0.008120209,0.580014960,0.000000000,0.000000,recover
pid,21.696,1.233805,-1.799701,0.653357,0.784975684,-0.258196132,0.021533953,0.036334,7,0.006533570,0.466683592,0.000000000,0.000000,recover
pid,21.716,0.946007,-1.462653,0.514313,0.785030235,-0.266326781,0.016510931,0.036078,7,0.005143133,0.367366624,0.000000000,0.000000,recover
pid,21.737,0.635022,-1.096543,0.345300,0.785074132,-0.273053554,0.011083230,0.035821,7,0.003452998,0.246642693,0.000000000,0.000000,recover
pid,21.757,0.302435,-0.703200,0.172551,0.785102294,-0.277380766,0.005278484,0.035564,7,0.001725508,0.123250563,0.000000000,0.000000,recover
pid,21.778,-0.016770,-0.323864,0.005993,0.785110830,-0.278768226,-0.000292699,0.035307,7,0.000059934,0.004281029,0.000000000,0.000000,recover
pid,21.798,-0.319162,0.037326,-0.286285,0.785100049,-0.276648215,-0.005570428,0.035058,7,-0.002862853,-0.204489527,0.000000000,0.000000,recover
pid,21.819,-0.629159,0.412836,-0.395885,0.785063300,-0.267842239,-0.010980897,0.034806,7,-0.003958846,-0.282774730,0.000000000,0.000000,recover
pid,21.839,-0.927963,0.780165,-0.559718,0.785014780,-0.257994558,-0.016196015,0.034558,7,-0.005597175,-0.399798247,0.000000000,0.000000,recover
pid,21.860,-1.213972,1.136470,-0.718126,0.784953971,-0.245990873,-0.021187809,0.034308,7,-0.007181262,-0.512947269,0.000000000,0.000000,recover
pid,21.881,-1.483939,1.478222,-0.839227,0.784882638,-0.231429955,-0.025899619,0.034056,7,-0.008392266,-0.599447580,0.000000000,0.000000,recover
pid,21.902,-1.735845,1.802557,-0.958011,0.784805303,-0.215274862,-0.030296207,0.033807,7,-0.009580111,-0.684293626,0.000000000,0.000000,recover
pid,21.923,-1.968167,2.106960,-1.079505,0.784725063,-0.197834510,-0.034350988,0.033561,7,-0.010795048,-0.771074840,0.000000000,0.000000,recover
pid,21.943,-2.179168,2.388940,-1.177804,0.784644085,-0.178791307,-0.038033664,0.033326,7,-0.011778037,-0.841288380,0.000000000,0.000000,recover
pid,21.963,-2.367322,2.646244,-1.261692,0.784565654,-0.158545785,-0.041317563,0.033086,7,-0.012616923,-0.901208797,0.000000000,0.000000,recover
pid,21.984,-2.531656,2.877026,-1.341996,0.784492655,-0.137522527,-0.044185740,0.032845,7,-0.013419959,-0.958568490,0.000000000,0.000000,recover
pid,22.005,-2.671184,3.079594,-1.407459,0.784427170,-0.115688879,-0.046620950,0.032605,7,-0.014074587,-1.005327672,0.000000000,0.000000,recover
pid,22.026,-2.785147,3.252527,-1.457189,0.784371245,-0.093221535,-0.048609980,0.032368,7,-0.014571894,-1.040849545,0.000000000,0.000000,recover
pid,22.046,-2.873022,3.394686,-1.494616,0.784326591,-0.070375633,-0.050143701,0.032135,7,-0.014946162,-1.067583029,0.000000000,0.000000,recover
pid,22.067,-2.934536,3.505225,-1.519894,0.784294397,-0.047325077,-0.051217321,0.031900,7,-0.015198939,-1.085638518,0.000000000,0.000000,recover
pid,22.088,-2.969566,3.583549,-1.531730,0.784275428,-0.024212975,-0.051828698,0.031668,7,-0.015317302,-1.094093000,0.000000000,0.000000,recover
pid,22.109,-2.978192,3.629339,-1.531146,0.784270024,-0.001220724,-0.051979264,0.031441,7,-0.015311456,-1.093675422,0.000000000,0.000000,recover
pid,22.130,-2.960696,3.642552,-1.519313,0.784278071,0.021480460,-0.051673901,0.031211,7,-0.015193130,-1.085223556,0.000000000,0.000000,recover
pid,22.150,-2.917554,3.623418,-1.496871,0.784299024,0.043728795,-0.050920931,0.030988,7,-0.014968712,-1.069193733,0.000000000,0.000000,recover
pid,22.171,-2.849331,3.572383,-1.460278,0.784332021,0.065462585,-0.049730199,0.030763,7,-0.014602784,-1.043056012,0.000000000,0.000000,recover
pid,22.192,-2.756741,3.490143,-1.411584,0.784375819,0.086500718,-0.048114214,0.030539,7,-0.014115841,-1.008274341,0.000000000,0.000000,recover
pid,22.212,-2.640768,3.377685,-1.353384,0.784428792,0.106659729,-0.046090089,0.030321,7,-0.013533844,-0.966703111,0.000000000,0.000000,recover
pid,22.233,-2.502525,3.236225,-1.285245,0.784489103,0.125832799,-0.043677300,0.030099,7,-0.012852447,-0.918031952,0.000000000,0.000000,recover
pid,22.254,-2.343170,3.067156,-1.204792,0.784554784,0.143943941,-0.040896025,0.029878,7,-0.012047919,-0.860565672,0.000000000,0.000000,recover
pid,22.275,-2.163965,2.872070,-1.109249,0.784623757,0.160929051,-0.037768316,0.029662,7,-0.011092487,-0.792320523,0.000000000,0.000000,recover
pid,22.296,-1.966686,2.652938,-1.019320,0.784693125,0.176258430,-0.034325147,0.029445,7,-0.010193199,-0.728085640,0.000000000,0.000000,recover
pid,22.316,-1.752800,2.411720,-0.908273,0.784761369,0.190377077,-0.030592136,0.029233,7,-0.009082734,-0.648766707,0.000000000,0.000000,recover
pid,22.337,-1.524208,2.150699,-0.796956,0.784825598,0.202755095,-0.026602451,0.029021,7,-0.007969555,-0.569253932,0.000000000,0.000000,recover
pid,22.358,-1.282649,1.872189,-0.671412,0.784884152,0.213584930,-0.022386447,0.028808,7,-0.006714123,-0.479580231,0.000000000,0.000000,recover
pid,22.379,-1.030201,1.578758,-0.539394,0.784934807,0.222618574,-0.017980403,0.028599,7,-0.005393942,-0.385281581,0.000000000,0.000000,recover
pid,22.400,-0.769163,1.273162,-0.410742,0.784975466,0.229577833,-0.013424423,0.028390,7,-0.004107420,-0.293387136,0.000000000,0.000000,recover
pid,22.421,-0.501750,0.958185,-0.277602,0.785005030,0.234561369,-0.008757194,0.028183,7,-0.002776016,-0.198286833,0.000000000,0.000000,recover
pid,22.441,-0.230176,0.636663,-0.130352,0.785022868,0.237715395,-0.004017337,0.027981,7,-0.001303516,-0.093108293,0.000000000,0.000000,recover
pid,22.462,0.043074,0.311597,0.028589,0.785027339,0.238458706,0.000751783,0.027779,7,0.000285893,0.020420962,0.000000000,0.000000,recover
pid,22.483,0.314728,-0.013622,0.256766,0.785016451,0.235781237,0.005493032,0.027577,7,0.002567658,0.183404139,0.000000000,0.000000,recover
pid,22.504,0.578892,-0.334376,0.356426,0.784988490,0.228318948,0.010103566,0.027376,7,0.003564261,0.254590059,0.000000000,0.000000,recover
pid,22.525,0.833472,-0.647844,0.489488,0.784951527,0.219684172,0.014546826,0.027174,7,0.004894880,0.349634260,0.000000000,0.000000,recover
pid,22.546,1.076721,-0.951427,0.617516,0.784905786,0.209208175,0.018792323,0.026974,7,0.006175162,0.441083018,0.000000000,0.000000,recover
pid,22.567,1.306344,-1.242339,0.729416,0.784853017,0.196853605,0.022800008,0.026775,7,0.007294161,0.521011497,0.000000000,0.000000,recover
pid,22.588,1.520691,-1.518175,0.839535,0.784795906,0.183103092,0.026541064,0.026581,7,0.008395352,0.599668007,0.000000000,0.000000,recover
pid,22.608,1.717966,-1.776562,0.935702,0.784736375,0.167895396,0.029984167,0.026391,7,0.009357024,0.668358864,0.000000000,0.000000,recover
pid,22.629,1.896811,-2.015440,1.019435,0.784676729,0.151443549,0.033105596,0.026200,7,0.010194350,0.728167879,0.000000000,0.000000,recover
pid,22.650,2.056010,-2.232933,1.098852,0.784619319,0.134101335,0.035884141,0.026009,7,0.010988520,0.784894259,0.000000000,0.000000,recover
pid,22.670,2.194578,-2.427405,1.163766,0.784565863,0.115834912,0.038302611,0.025824,7,0.011637661,0.831261502,0.000000000,0.000000,recover
pid,22.691,2.311605,-2.597389,1.216768,0.784518221,0.096873162,0.040345110,0.025636,7,0.012167680,0.869120029,0.000000000,0.000000,recover
pid,22.712,2.406473,-2.741700,1.258249,0.784477898,0.077392770,0.042000880,0.025449,7,0.012582492,0.898749442,0.000000000,0.000000,recover
pid,22.732,2.478777,-2.859401,1.291450,0.784446117,0.057623723,0.043262822,0.025263,7,0.012914504,0.922464597,0.000000000,0.000000,recover
pid,22.753,2.528228,-2.949761,1.312679,0.784423711,0.037645440,0.044125895,0.025079,7,0.013126788,0.937627682,0.000000000,0.000000,recover
pid,22.774,2.554713,-3.012289,1.321436,0.784411238,0.017598962,0.044588154,0.024896,7,0.013214358,0.943882717,0.000000000,0.000000,recover
pid,22.795,2.558299,-3.046735,1.319369,0.784408925,-0.002337874,0.044650740,0.024713,7,0.013193689,0.942406364,0.000000000,0.000000,recover
pid,22.816,2.539244,-3.053093,1.307299,0.784416644,-0.022005531,0.044318173,0.024536,7,0.013072992,0.933785176,0.000000000,0.000000,recover
pid,22.837,2.497984,-3.031600,1.285985,0.784433935,-0.041264069,0.043598053,0.024357,7,0.012859853,0.918560921,0.000000000,0.000000,recover
pid,22.857,2.435025,-2.982677,1.251760,0.784460107,-0.060054362,0.042499196,0.024184,7,0.012517599,0.894114195,0.000000000,0.000000,recover
pid,22.878,2.351095,-2.907005,1.209330,0.784494121,-0.078165798,0.041034355,0.024006,7,0.012093297,0.863806950,0.000000000,0.000000,recover
pid,22.899,2.246943,-2.805415,1.152012,0.784534860,-0.095609545,0.039216545,0.023832,7,0.011520124,0.822866010,0.000000000,0.000000,recover
pid,22.920,2.123639,-2.679036,1.092855,0.784580679,-0.112007544,0.037064486,0.023659,7,0.010928546,0.780610431,0.000000000,0.000000,recover
pid,22.941,1.982295,-2.529148,1.018575,0.784630231,-0.127531715,0.034597579,0.023484,7,0.010185747,0.727553391,0.000000000,0.000000,recover
pid,22.962,1.824081,-2.357188,0.937456,0.784681700,-0.141898142,0.031836215,0.023315,7,0.009374558,0.669611257,0.000000000,0.000000,recover
pid,22.982,1.650476,-2.164860,0.851138,0.784733285,-0.154984451,0.028806232,0.023146,7,0.008511380,0.607955729,0.000000000,0.000000,recover
pid,23.003,1.462928,-1.953962,0.755433,0.784783367,-0.166784855,0.025532916,0.022979,7,0.007554335,0.539595338,0.000000000,0.000000,recover
pid,23.024,1.263048,-1.726469,0.654073,0.784830171,-0.177137605,0.022044340,0.022812,7,0.006540732,0.467195171,0.000000000,0.000000,recover
pid,23.044,1.052565,-1.484507,0.547117,0.784872119,-0.185964972,0.018370730,0.022646,7,0.005471170,0.390797841,0.000000000,0.000000,recover
pid,23.065,0.833287,-1.230314,0.434841,0.784907794,-0.193191883,0.014543601,0.022482,7,0.004348412,0.310600873,0.000000000,0.000000,recover
pid,23.086,0.607123,-0.966244,0.318659,0.784935944,-0.198729392,0.010596296,0.022320,7,0.003186590,0.227613545,0.000000000,0.000000,recover
pid,23.107,0.376063,-0.694745,0.199294,0.784955597,-0.202514857,0.006563541,0.022157,7,0.001992935,0.142352525,0.000000000,0.000000,recover
pid,23.128,0.142162,-0.418337,0.077618,0.784966061,-0.204492531,0.002481191,0.021997,7,0.000776179,0.055441338,0.000000000,0.000000,recover
pid,23.148,-0.092351,-0.139649,-0.084340,0.784966839,-0.204541331,-0.001611828,0.021837,7,-0.000843405,-0.060243198,0.000000000,0.000000,recover
pid,23.169,-0.324547,0.138349,-0.246762,0.784955736,-0.201265433,-0.005664418,0.021678,7,-0.002467624,-0.176258860,0.000000000,0.000000,recover
pid,23.190,-0.549720,0.411860,-0.327662,0.784933316,-0.194535791,-0.009594426,0.021523,7,-0.003276619,-0.234044189,0.000000000,0.000000,recover
pid,23.210,-0.766427,0.678637,-0.442895,0.784904671,-0.186933903,-0.013376670,0.021367,7,-0.004428946,-0.316353303,0.000000000,0.000000,recover
pid,23.231,-0.973229,0.936490,-0.556982,0.784869877,-0.177823415,-0.016986058,0.021211,7,-0.005569817,-0.397844038,0.000000000,0.000000,recover
pid,23.252,-1.168149,1.183034,-0.649232,0.784829913,-0.166931929,-0.020388044,0.021058,7,-0.006492318,-0.463737031,0.000000000,0.000000,recover
pid,23.273,-1.349543,1.416115,-0.742195,0.784787129,-0.154898146,-0.023553963,0.020904,7,-0.007421950,-0.530139261,0.000000000,0.000000,recover
pid,23.294,-1.516192,1.633864,-0.826190,0.784742893,-0.141666147,-0.026462542,0.020751,7,-0.008261901,-0.590135770,0.000000000,0.000000,recover
pid,23.314,-1.666622,1.834385,-0.894193,0.784698785,-0.127260675,-0.029088040,0.020601,7,-0.008941931,-0.638709367,0.000000000,0.000000,recover
pid,23.335,-1.800022,2.016197,-0.962994,0.784656708,-0.112180917,-0.031416304,0.020452,7,-0.009629935,-0.687852507,0.000000000,0.000000,recover
pid,23.356,-1.915397,2.177849,-1.015574,0.784617794,-0.096227885,-0.033429983,0.020303,7,-0.010155740,-0.725409967,0.000000000,0.000000,recover
pid,23.377,-2.012006,2.318122,-1.060052,0.784583508,-0.079727925,-0.035116135,0.020157,7,-0.010600520,-0.757180032,0.000000000,0.000000,recover
pid,23.397,-2.089360,2.436046,-1.095877,0.784554908,-0.062814548,-0.036466219,0.020011,7,-0.010958766,-0.782769034,0.000000000,0.000000,recover
pid,23.418,-2.147037,2.530807,-1.119451,0.784532827,-0.045558585,-0.037472864,0.019868,7,-0.011194507,-0.799607672,0.000000000,0.000000,recover
pid,23.438,-2.186203,2.604751,-1.136240,0.784517374,-0.027337214,-0.038156434,0.019727,7,-0.011362398,-0.811599859,0.000000000,0.000000,recover
pid,23.468,-2.204190,2.663105,-1.141036,0.784509684,-0.002158238,-0.038470381,0.019519,7,-0.011410359,-0.815025634,0.000000000,0.000000,recover
pid,23.489,-2.191267,2.673495,-1.131386,0.784514067,0.015870654,-0.038244825,0.019377,7,-0.011313859,-0.808132796,0.000000000,0.000000,recover
pid,23.510,-2.159085,2.658666,-1.115064,0.784525697,0.032679845,-0.037683140,0.019237,7,-0.011150636,-0.796474014,0.000000000,0.000000,recover
pid,23.531,-2.107940,2.620053,-1.086786,0.784544115,0.049117098,-0.036790501,0.019098,7,-0.010867859,-0.776275672,0.000000000,0.000000,recover
pid,23.551,-2.042319,2.561830,-1.053529,0.784567221,0.064190979,-0.035645197,0.018963,7,-0.010535290,-0.752520688,0.000000000,0.000000,recover
pid,23.571,-1.955994,2.478564,-1.006626,0.784596634,0.079484951,-0.034138529,0.018828,7,-0.010066257,-0.719018391,0.000000000,0.000000,recover
pid,23.592,-1.852783,2.373639,-0.954309,0.784630162,0.093952797,-0.032337161,0.018692,7,-0.009543087,-0.681649103,0.000000000,0.000000,recover
pid,23.613,-1.727404,2.241400,-0.891590,0.784668498,0.108191311,-0.030148892,0.018555,7,-0.008915899,-0.636849897,0.000000000,0.000000,recover
pid,23.633,-1.599934,2.103442,-0.826473,0.784704797,0.120182212,-0.027924111,0.018424,7,-0.008264731,-0.590337964,0.000000000,0.000000,recover
pid,23.654,-1.444711,1.932185,-0.745287,0.784745321,0.132341844,-0.025214958,0.018290,7,-0.007452872,-0.532348022,0.000000000,0.000000,recover
pid,23.674,-1.292719,1.761800,-0.671737,0.784780926,0.142125237,-0.022562195,0.018158,7,-0.006717373,-0.479812349,0.000000000,0.000000,recover
pid,23.695,-1.121980,1.568138,-0.577913,0.784816486,0.151426074,-0.019582239,0.018025,7,-0.005779131,-0.412795103,0.000000000,0.000000,recover
pid,23.716,-0.941838,1.361659,-0.487928,0.784848376,0.159209676,-0.016438166,0.017895,7,-0.004879281,-0.348520077,0.000000000,0.000000,recover
pid,23.737,-0.753920,1.144317,-0.391810,0.784875766,0.165632431,-0.013158386,0.017766,7,-0.003918097,-0.279864079,0.000000000,0.000000,recover
pid,23.758,-0.549977,0.906598,-0.285052,0.784898665,0.170837713,-0.009598904,0.017634,7,-0.002850521,-0.203608636,0.000000000,0.000000,recover
pid,23.778,-0.351359,0.673400,-0.186654,0.784913878,0.174109154,-0.006132369,0.017507,7,-0.001866540,-0.133324284,0.000000000,0.000000,recover
pid,23.799,-0.160279,0.447693,-0.086486,0.784922185,0.175869813,-0.002797400,0.017381,7,-0.000864864,-0.061775967,0.000000000,0.000000,recover
pid,23.819,0.041750,0.207787,0.040722,0.784924145,0.176244852,0.000728679,0.017257,7,0.000407222,0.029087303,0.000000000,0.000000,recover
pid,23.840,0.242233,-0.031993,0.187353,0.784917620,0.174016473,0.004227755,0.017132,7,0.001873530,0.133823564,0.000000000,0.000000,recover
pid,23.861,0.437424,-0.268520,0.261081,0.784902420,0.168712182,0.007634488,0.017009,7,0.002610814,0.186486717,0.000000000,0.000000,recover
pid,23.882,0.625798,-0.499722,0.365921,0.784882417,0.162652086,0.010922230,0.016883,7,0.003659207,0.261371940,0.000000000,0.000000,recover
pid,23.903,0.806119,-0.723701,0.463316,0.784857399,0.155109923,0.014069428,0.016761,7,0.004633155,0.330939655,0.000000000,0.000000,recover
pid,23.923,0.976435,-0.938278,0.543474,0.784828315,0.146027330,0.017041998,0.016641,7,0.005434735,0.388195363,0.000000000,0.000000,recover
pid,23.944,1.135449,-1.141637,0.621718,0.784796775,0.135854464,0.019817324,0.016520,7,0.006217182,0.444084428,0.000000000,0.000000,recover
pid,23.965,1.281880,-1.332041,0.693091,0.784763919,0.124622879,0.022373024,0.016399,7,0.006930911,0.495065073,0.000000000,0.000000,recover
pid,23.986,1.414820,-1.508009,0.765112,0.784731102,0.112616522,0.024693262,0.016280,7,0.007651123,0.546508798,0.000000000,0.000000,recover
pid,24.006,1.533116,-1.668032,0.817330,0.784699172,0.099549013,0.026757929,0.016163,7,0.008173305,0.583807474,0.000000000,0.000000,recover
pid,24.027,1.635879,-1.810821,0.865473,0.784669580,0.085890856,0.028551468,0.016044,7,0.008654728,0.618194844,0.000000000,0.000000,recover
pid,24.049,1.722686,-1.935406,0.912402,0.784643284,0.071824782,0.030066549,0.015927,7,0.009124023,0.651715895,0.000000000,0.000000,recover
pid,24.069,1.792851,-2.040801,0.942175,0.784620976,0.057154597,0.031291146,0.015811,7,0.009421755,0.672982486,0.000000000,0.000000,recover
pid,24.090,1.845974,-2.126268,0.965925,0.784603496,0.042243025,0.032218319,0.015694,7,0.009659246,0.689946128,0.000000000,0.000000,recover
pid,24.112,1.881883,-2.191287,0.981978,0.784591313,0.027177347,0.032845049,0.015578,7,0.009819784,0.701413110,0.000000000,0.000000,recover
pid,24.133,1.900440,-2.235472,0.987622,0.784584743,0.012025712,0.033168934,0.015463,7,0.009876218,0.705444118,0.000000000,0.000000,recover
pid,24.154,1.901702,-2.258646,0.986207,0.784583915,-0.003025628,0.033190960,0.015349,7,0.009862069,0.704433522,0.000000000,0.000000,recover
pid,24.174,1.885861,-2.260816,0.976507,0.784588743,-0.017886939,0.032914488,0.015239,7,0.009765071,0.697505039,0.000000000,0.000000,recover
pid,24.195,1.853253,-2.242171,0.959520,0.784598957,-0.032435693,0.032345360,0.015127,7,0.009595202,0.685371555,0.000000000,0.000000,recover
pid,24.216,1.804256,-2.203041,0.932223,0.784614154,-0.046625791,0.031490208,0.015017,7,0.009322235,0.665873901,0.000000000,0.000000,recover
pid,24.237,1.739401,-2.143935,0.897289,0.784633736,-0.060301054,0.030358275,0.014906,7,0.008972887,0.640920528,0.000000000,0.000000,recover
pid,24.258,1.659404,-2.065564,0.856048,0.784656952,-0.073336692,0.028962057,0.014799,7,0.008560484,0.611463145,0.000000000,0.000000,recover
pid,24.278,1.565034,-1.968771,0.806912,0.784682986,-0.085679452,0.027314994,0.014692,7,0.008069122,0.576365852,0.000000000,0.000000,recover
pid,24.299,1.457179,-1.854552,0.751299,0.784710904,-0.097214518,0.025432575,0.014584,7,0.007512994,0.536642426,0.000000000,0.000000,recover
pid,24.320,1.336842,-1.724058,0.689445,0.784739725,-0.107854750,0.023332298,0.014479,7,0.006894451,0.492460820,0.000000000,0.000000,recover
pid,24.340,1.205113,-1.578566,0.621728,0.784768449,-0.117519593,0.021033193,0.014375,7,0.006217285,0.444091786,0.000000000,0.000000,recover
pid,24.362,1.063179,-1.419485,0.548875,0.784796079,-0.126128343,0.018555976,0.014270,7,0.005488754,0.392053874,0.000000000,0.000000,recover
pid,24.382,0.912307,-1.248332,0.471143,0.784821666,-0.133611888,0.015922764,0.014168,7,0.004711434,0.336530967,0.000000000,0.000000,recover
pid,24.403,0.753847,-1.066733,0.389547,0.784844323,-0.139898604,0.013157112,0.014064,7,0.003895467,0.278247607,0.000000000,0.000000,recover
pid,24.424,0.589217,-0.876401,0.304412,0.784863275,-0.144934487,0.010283774,0.013962,7,0.003044122,0.217437287,0.000000000,-0.300000,impulse_-0.30N
pid,24.445,0.316585,-0.682233,-11.317579,0.785108881,-0.280566711,0.005525453,0.013860,7,-0.113175790,-8.083985022,-0.120000000,-0.300000,impulse_-0.30N
pid,24.466,0.094096,-0.627655,-11.185255,0.784852224,-0.114840093,0.001642285,0.013759,7,-0.111852548,-7.989467689,-0.120000000,-0.300000,impulse_-0.30N
pid,24.486,0.169873,-0.830825,-7.834456,0.784848160,0.111674573,0.002964851,0.013661,7,-0.078344556,-5.596039695,-0.120000000,-0.300000,impulse_-0.30N
pid,24.507,0.386406,-1.218965,-9.844642,0.784982928,0.219004381,0.006744055,0.013560,7,-0.098446416,-7.031886860,-0.120000000,-0.300000,impulse_-0.30N
pid,24.528,0.789158,-1.835720,-8.958401,0.785358462,0.385902177,0.013773407,0.013460,7,-0.089584007,-6.398857616,-0.120000000,-0.300000,impulse_-0.30N
pid,24.549,1.321756,-2.582907,-8.264326,0.785784197,0.521681418,0.023068989,0.013363,7,-0.082643262,-5.903090112,-0.120000000,-0.300000,impulse_-0.30N
pid,24.569,2.019548,-3.544053,-7.980728,0.786200251,0.641089904,0.035247760,0.013269,7,-0.079807284,-5.700520319,-0.120000000,-0.300000,impulse_-0.30N
pid,24.590,2.847183,-4.675202,-5.702203,0.786563288,0.749612947,0.049692716,0.013172,7,-0.057022026,-4.073001889,-0.120000000,-0.300000,impulse_-0.30N
pid,24.610,3.793991,-6.011447,-5.480854,0.786449342,0.792041855,0.066217643,0.013172,7,-0.054808536,-3.914895435,-0.120000000,-0.300000,impulse_-0.30N
pid,24.631,4.723809,-7.397986,-5.318621,0.786172771,0.822443700,0.082446014,0.013172,7,-0.053186211,-3.799015084,0.000000000,0.000000,recover
pid,24.662,6.309585,-9.559339,8.393225,0.786115858,0.960831313,0.110123025,0.013172,7,0.083932247,5.995160506,0.000000000,0.000000,recover
pid,24.683,7.230599,-10.923133,1.900435,0.783942209,0.752117113,0.126197753,0.013172,7,0.019004352,1.357453683,0.000000000,0.000000,recover
pid,24.704,8.095597,-12.257705,5.068960,0.782954640,0.718524457,0.141294824,0.013172,7,0.050689602,3.620685886,0.000000000,0.000000,recover
pid,24.724,8.820686,-13.388712,5.098146,0.781780627,0.636692415,0.153950006,0.013172,7,0.050981463,3.641533039,0.000000000,0.000000,recover
pid,24.745,9.466975,-14.467843,4.468692,0.780638715,0.543824262,0.165229882,0.013172,7,0.044686922,3.191923000,0.000000000,0.000000,recover
pid,24.766,10.039916,-15.449719,5.419371,0.779718163,0.481447240,0.175229597,0.013172,7,0.054193711,3.870979335,0.000000000,0.000000,recover
pid,24.786,10.545826,-16.363268,5.080233,0.778797927,0.395606818,0.184059388,0.013172,7,0.050802334,3.628738178,0.000000000,0.000000,recover
pid,24.806,10.922840,-17.084257,5.285400,0.778127344,0.330285781,0.190639517,0.013172,7,0.052853996,3.775285404,0.000000000,0.000000,recover
pid,24.827,11.246043,-17.736070,5.423677,0.777541880,0.262892371,0.196280478,0.013172,7,0.054236771,3.874055097,0.000000000,0.000000,recover
pid,24.847,11.490158,-18.273705,5.345992,0.777087771,0.194861105,0.200541083,0.013172,7,0.053459918,3.818565544,0.000000000,0.000000,recover
pid,24.868,11.661512,-18.698056,5.432566,0.776770779,0.132647846,0.203531779,0.013172,7,0.054325663,3.880404465,0.000000000,0.000000,recover
pid,24.890,11.762329,-19.008618,5.397522,0.776580461,0.071102451,0.205291373,0.013172,7,0.053975224,3.855373170,0.000000000,0.000000,recover
pid,24.910,11.794458,-19.205229,5.352096,0.776515917,0.012186319,0.205852132,0.013172,7,0.053520957,3.822925522,0.000000000,0.000000,recover
pid,24.931,11.761671,-19.289147,5.316584,0.776568876,-0.043923746,0.205279879,0.013172,7,0.053165836,3.797559716,0.000000000,0.000000,recover
pid,24.952,11.665833,-19.261214,5.225876,0.776733166,-0.098426380,0.203607192,0.013172,7,0.052258763,3.732768766,0.000000000,0.000000,recover
pid,24.972,11.509579,-19.123097,5.133647,0.776999923,-0.150460937,0.200880052,0.013172,7,0.051336466,3.666890460,0.000000000,0.000000,recover
pid,24.993,11.294626,-18.876479,5.675499,0.777364018,-0.202247514,0.197128417,0.013172,7,0.056754987,4.053927630,0.000000000,0.000000,recover
pid,25.014,11.006323,-18.515682,5.510447,0.777880665,-0.273140780,0.192096581,0.013172,7,0.055104468,3.936033415,0.000000000,0.000000,recover
pid,25.035,10.631511,-18.036187,5.119614,0.778541933,-0.345636454,0.185554867,0.013172,7,0.051196142,3.656867321,0.000000000,0.000000,recover
pid,25.056,10.183184,-17.446496,5.104032,0.779286353,-0.408539433,0.177730083,0.013172,7,0.051040324,3.645737442,0.000000000,0.000000,recover
pid,25.077,9.632475,-16.711506,4.812546,0.780179270,-0.477383081,0.168118404,0.013172,7,0.048125457,3.437532671,0.000000000,0.000000,recover
pid,25.098,9.064921,-15.948143,4.582359,0.781050931,-0.536616387,0.158212711,0.013172,7,0.045823590,3.273113604,0.000000000,0.000000,recover
pid,25.119,8.399611,-15.049008,4.304966,0.782017165,-0.597141729,0.146600876,0.013172,7,0.043049661,3.074975800,0.000000000,0.000000,recover
pid,25.139,7.666481,-14.057025,3.999039,0.783011037,-0.655464964,0.133805329,0.013126,7,0.039990385,2.856456083,0.000000000,0.000000,recover
pid,25.163,6.868715,-12.978577,3.671780,0.784008692,-0.711517369,0.119881685,0.013019,7,0.036717803,2.622700214,0.000000000,0.000000,recover
pid,25.188,6.096281,-11.938822,3.284639,0.784899105,-0.761280199,0.106400178,0.012905,7,0.032846388,2.346170544,0.000000000,0.000000,recover
pid,25.209,5.086732,-10.587500,2.867485,0.785923230,-0.816800023,0.088780224,0.012905,7,0.028674845,2.048203239,0.000000000,0.000000,recover
pid,25.229,4.113458,-9.291898,2.563717,0.786758144,-0.861536707,0.071793391,0.012905,7,0.027357790,1.954127890,0.000000000,0.000000,recover
pid,25.250,3.089244,-7.939986,2.059196,0.787511514,-0.905779754,0.053917479,0.012905,7,0.020591958,1.470854150,0.000000000,0.000000,recover
pid,25.270,2.018327,-6.540586,1.568027,0.788124810,-0.944490534,0.035226447,0.012905,7,0.015680268,1.120019175,0.000000000,0.000000,recover
pid,25.291,0.908631,-5.104564,1.102778,0.788566565,-0.976717347,0.015858609,0.012905,7,0.011027784,0.787698882,0.000000000,0.000000,recover
pid,25.311,-0.233913,-3.642132,0.006012,0.788831150,-1.004293265,-0.004082553,0.012905,7,0.000060121,0.004294379,0.000000000,0.000000,recover
pid,25.342,-1.942688,-1.446907,-1.946943,0.788318549,-0.967482028,-0.033906309,0.012905,7,-0.019469433,-1.390673807,0.000000000,0.000000,recover
pid,25.362,-2.998836,-0.031055,-1.934177,0.787554955,-0.907235948,-0.052339560,0.012905,7,-0.019341771,-1.381555039,0.000000000,0.000000,recover
pid,25.383,-3.997912,1.342172,-3.224685,0.786773452,-0.855616950,-0.069776732,0.012905,7,-0.032246851,-2.303346483,0.000000000,0.000000,recover
pid,25.404,-4.914058,2.653543,-3.042288,0.785773099,-0.777084273,-0.085766484,0.012905,7,-0.030422876,-2.173062568,0.000000000,0.000000,recover
pid,25.425,-5.747004,3.896204,-3.403250,0.784842749,-0.709761760,-0.100304144,0.012905,7,-0.034032504,-2.430893158,0.000000000,0.000000,recover
pid,25.446,-6.506262,5.068466,-3.771738,0.783928599,-0.643401220,-0.113555696,0.012811,7,-0.037717381,-2.694098672,0.000000000,0.000000,recover
pid,25.467,-7.184942,6.161467,-3.855258,0.783033741,-0.573371580,-0.125400894,0.012718,7,-0.038552584,-2.753755976,0.000000000,0.000000,recover
pid,25.487,-7.787683,7.172277,-4.116515,0.782213931,-0.508192705,-0.135920706,0.012626,7,-0.041165150,-2.940367848,0.000000000,0.000000,recover
pid,25.508,-8.315637,8.096865,-4.246196,0.781458152,-0.442636035,-0.145135244,0.012626,7,-0.042461964,-3.032997443,0.000000000,0.000000,recover
pid,25.529,-8.769699,8.931597,-4.360571,0.780787121,-0.379015193,-0.153060114,0.012626,7,-0.043605712,-3.114693693,0.000000000,0.000000,recover
pid,25.550,-9.152962,9.674394,-4.477539,0.780207279,-0.317660875,-0.159749324,0.012626,7,-0.044775393,-3.198242349,0.000000000,0.000000,recover
pid,25.571,-9.466909,10.322925,-4.538164,0.779721238,-0.257598593,-0.165228732,0.012626,7,-0.045381643,-3.241545940,0.000000000,0.000000,recover
pid,25.592,-9.713823,10.875729,-4.592060,0.779333649,-0.199730836,-0.169538199,0.012626,7,-0.045920597,-3.280042624,0.000000000,0.000000,recover
pid,25.613,-9.895988,11.331835,-4.764148,0.779044205,-0.143685758,-0.172717579,0.012626,7,-0.047641480,-3.402962823,0.000000000,0.000000,recover
pid,25.633,-10.011430,11.688721,-5.023110,0.778852463,-0.082917909,-0.174732411,0.012626,7,-0.050231096,-3.587935429,0.000000000,0.000000,recover
pid,25.654,-10.049984,11.950301,-4.834560,0.778779564,-0.012175495,-0.175405308,0.012626,7,-0.048345604,-3.453257447,0.000000000,0.000000,recover
pid,25.675,-10.016208,12.088549,-4.869653,0.778827755,0.046052943,-0.174815812,0.012626,7,-0.048696531,-3.478323647,0.000000000,0.000000,recover
pid,25.696,-9.912642,12.134161,-4.812416,0.778988120,0.107372756,-0.173008241,0.012626,7,-0.048124158,-3.437439838,0.000000000,0.000000,recover
pid,25.716,-9.739103,12.077625,-4.697349,0.779257465,0.167805990,-0.169979409,0.012626,7,-0.046973491,-3.355249337,0.000000000,0.000000,recover
pid,25.737,-9.498465,11.921235,-4.605021,0.779624131,0.225790820,-0.165779495,0.012626,7,-0.046050206,-3.289300446,0.000000000,0.000000,recover
pid,25.757,-9.192299,11.667153,-4.458127,0.780080510,0.282758830,-0.160435879,0.012626,7,-0.044581275,-3.184376776,0.000000000,0.000000,recover
pid,25.778,-8.822165,11.318008,-4.289535,0.780614472,0.337974867,-0.153975827,0.012626,7,-0.042895351,-3.063953664,0.000000000,0.000000,recover
pid,25.799,-8.390717,10.877401,-4.120390,0.781211136,0.390957302,-0.146445646,0.012626,7,-0.041203898,-2.943135597,0.000000000,0.000000,recover
pid,25.820,-7.899710,10.348944,-3.903377,0.781859425,0.442503846,-0.137875956,0.012580,7,-0.039033774,-2.788126731,0.000000000,0.000000,recover
pid,25.841,-7.322254,9.704063,-3.646371,0.782577945,0.494459577,-0.127797446,0.012486,7,-0.036463707,-2.604550490,0.000000000,0.000000,recover
pid,25.862,-6.748252,9.046043,-3.426354,0.783242636,0.538787271,-0.117779222,0.012398,7,-0.034263539,-2.447395650,0.000000000,0.000000,recover
pid,25.883,-6.059018,8.241631,-3.108399,0.783983050,0.586326366,-0.105749805,0.012307,7,-0.031083987,-2.220284787,0.000000000,0.000000,recover
pid,25.903,-5.388364,7.449305,-2.822747,0.784634805,0.626258480,-0.094044689,0.012219,7,-0.028227469,-2.016247759,0.000000000,0.000000,recover
pid,25.923,-4.637841,6.555376,-2.497402,0.785285968,0.665358145,-0.080945592,0.012132,7,-0.024974015,-1.783858247,0.000000000,0.000000,recover
pid,25.944,-3.845252,5.606641,-2.138452,0.785883858,0.701288762,-0.067112308,0.012045,7,-0.021384518,-1.527465552,0.000000000,0.000000,recover
pid,25.965,-3.014638,4.610285,-1.773142,0.786406584,0.733078129,-0.052615357,0.011958,7,-0.017731421,-1.266530047,0.000000000,0.000000,recover
pid,25.986,-2.107475,3.521705,-1.364346,0.786856591,0.761906953,-0.036782386,0.011869,7,-0.013643458,-0.974532713,0.000000000,0.000000,recover
pid,26.007,-1.214621,2.452697,-0.921542,0.787177368,0.785101532,-0.021199144,0.011783,7,-0.009215417,-0.658244072,0.000000000,0.000000,recover
pid,26.027,-0.300087,1.361347,-0.485832,0.787369661,0.802347094,-0.005237504,0.011698,7,-0.004858320,-0.347022875,0.000000000,0.000000,recover
pid,26.048,0.628226,0.257512,1.029909,0.787409146,0.811284966,0.010964604,0.011614,7,0.010299086,0.735648996,0.000000000,0.000000,recover
pid,26.068,1.534531,-0.835813,1.430473,0.787077689,0.777562985,0.026782613,0.011531,7,0.014304734,1.021766748,0.000000000,0.000000,recover
pid,26.089,2.346198,-1.845452,1.539251,0.786635880,0.735667038,0.040948872,0.011448,7,0.015392512,1.099465123,0.000000000,0.000000,recover
pid,26.110,3.157849,-2.876132,2.122552,0.786147039,0.696935236,0.055114862,0.011365,7,0.021225517,1.516108328,0.000000000,0.000000,recover
pid,26.130,3.916915,-3.864131,2.404063,0.785565512,0.648478357,0.068363056,0.011283,7,0.024040626,1.717187575,0.000000000,0.000000,recover
pid,26.151,4.651496,-4.846884,2.720936,0.784925396,0.595358531,0.081183926,0.011200,7,0.027209363,1.943525923,0.000000000,0.000000,recover
pid,26.172,5.259605,-5.682313,2.989851,0.784336356,0.545098051,0.091797425,0.011120,7,0.029898507,2.135607628,0.000000000,0.000000,recover
pid,26.193,5.838640,-6.500538,3.219783,0.783724401,0.489908814,0.101903488,0.011039,7,0.032197829,2.299844947,0.000000000,0.000000,recover
pid,26.214,6.353278,-7.250976,3.427630,0.783141983,0.433564685,0.110885619,0.010958,7,0.034276299,2.448307085,0.000000000,0.000000,recover
pid,26.234,6.802752,-7.929396,3.607778,0.782604106,0.376388188,0.118730420,0.010879,7,0.036077778,2.576984132,0.000000000,0.000000,recover
pid,26.255,7.185962,-8.531852,3.751571,0.782123404,0.318417105,0.125418704,0.010800,7,0.037515707,2.679693370,0.000000000,0.000000,recover
pid,26.276,7.502556,-9.055202,3.861144,0.781711670,0.260284094,0.130944304,0.010722,7,0.038611440,2.757959997,0.000000000,0.000000,recover
pid,26.297,7.752733,-9.497024,3.945241,0.781377167,0.202431266,0.135310716,0.010644,7,0.039452405,2.818028943,0.000000000,0.000000,recover
pid,26.317,7.936941,-9.855477,3.998315,0.781125127,0.144971967,0.138525752,0.010567,7,0.039983150,2.855939258,0.000000000,0.000000,recover
pid,26.338,8.055855,-10.129290,4.028820,0.780958926,0.088258810,0.140601189,0.010567,7,0.040288197,2.877728361,0.000000000,0.000000,recover
pid,26.359,8.110523,-10.317833,4.034427,0.780879322,0.032405120,0.141555336,0.010567,7,0.040344266,2.881733312,0.000000000,0.000000,recover
pid,26.380,8.099823,-10.423796,4.007114,0.780888009,-0.025271824,0.141368582,0.010567,7,0.040071136,2.862224012,0.000000000,0.000000,recover
pid,26.401,8.031309,-10.438857,3.966449,0.780974553,-0.076261325,0.140172779,0.010567,7,0.039664492,2.833178017,0.000000000,0.000000,recover
pid,26.422,7.900139,-10.372625,3.894518,0.781142149,-0.128808691,0.137883437,0.010491,7,0.038945182,2.781798685,0.000000000,0.000000,recover
pid,26.443,7.709878,-10.223549,3.799639,0.781382289,-0.179966024,0.134562755,0.010416,7,0.037996391,2.714027955,0.000000000,0.000000,recover
pid,26.463,7.462256,-9.993523,3.683119,0.781687482,-0.229598906,0.130240945,0.010341,7,0.036831188,2.630799168,0.000000000,0.000000,recover
pid,26.484,7.159076,-9.684885,3.543500,0.782049137,-0.277623650,0.124949448,0.010266,7,0.035435004,2.531071720,0.000000000,0.000000,recover
pid,26.505,6.802297,-9.300439,3.388796,0.782457508,-0.323923463,0.118722475,0.010191,7,0.033887957,2.420568328,0.000000000,0.000000,recover
pid,26.525,6.393863,-8.843363,3.202268,0.782902391,-0.368502526,0.111593958,0.010119,7,0.032022680,2.287334271,0.000000000,0.000000,recover
pid,26.546,5.936100,-8.317375,2.998597,0.783371325,-0.410923087,0.103604487,0.010045,7,0.029985975,2.141855326,0.000000000,0.000000,recover
pid,26.566,5.405209,-7.695519,2.760177,0.783876103,-0.453030573,0.094338689,0.009972,7,0.027601771,1.971555087,0.000000000,0.000000,recover
pid,26.587,4.883356,-7.075944,2.537890,0.784330221,-0.488519796,0.085230643,0.009901,7,0.025378901,1.812778663,0.000000000,0.000000,recover
pid,26.608,4.293991,-6.370046,2.257766,0.784795659,-0.523719673,0.074944280,0.009830,7,0.022577657,1.612689812,0.000000000,0.000000,recover
pid,26.628,3.667116,-5.614561,1.983333,0.785230332,-0.555376970,0.064003243,0.009759,7,0.021013210,1.500943579,0.000000000,0.000000,recover
pid,26.649,2.972905,-4.774539,1.667215,0.785641691,-0.585190883,0.051886986,0.009687,7,0.016672148,1.190867748,0.000000000,0.000000,recover
pid,26.669,2.316652,-3.979114,1.359029,0.785961795,-0.608791397,0.040433209,0.009619,7,0.013590292,0.970735118,0.000000000,0.000000,recover
pid,26.690,1.600838,-3.111798,0.999263,0.786234772,-0.630064135,0.027939890,0.009550,7,0.009992626,0.713759013,0.000000000,0.000000,recover
pid,26.711,0.864890,-2.220991,0.659550,0.786425344,-0.646152063,0.015095185,0.009480,7,0.006595504,0.471107396,0.000000000,0.000000,recover
pid,26.731,0.114386,-1.314250,0.290731,0.786529558,-0.657711908,0.001996404,0.009412,7,0.002907308,0.207664877,0.000000000,0.000000,recover
pid,26.752,-0.643338,-0.400076,-0.871809,0.786516100,-0.659703640,-0.011228372,0.009344,7,-0.008718092,-0.622720844,0.000000000,0.000000,recover
pid,26.773,-1.378573,0.502509,-1.089505,0.786285632,-0.632299234,-0.024060637,0.009277,7,-0.010895048,-0.778217738,0.000000000,0.000000,recover
pid,26.794,-2.110731,1.424816,-1.354964,0.785972684,-0.599775478,-0.036839199,0.009208,7,-0.013549636,-0.967831138,0.000000000,0.000000,recover
pid,26.814,-2.740065,2.233130,-1.741997,0.785649295,-0.569633455,-0.047823148,0.009143,7,-0.017419972,-1.244283727,0.000000000,0.000000,recover
pid,26.835,-3.361933,3.049462,-2.006058,0.785256068,-0.531832835,-0.058676805,0.009077,7,-0.020060584,-1.432898840,0.000000000,0.000000,recover
pid,26.856,-3.965326,3.861478,-2.262319,0.784817319,-0.489053308,-0.069207989,0.009010,7,-0.022623195,-1.615942465,0.000000000,0.000000,recover
pid,26.876,-4.490289,4.586344,-2.500340,0.784391963,-0.446203221,-0.078370332,0.008945,7,-0.025003405,-1.785957496,0.000000000,0.000000,recover
pid,26.897,-4.941991,5.226605,-2.695061,0.783992532,-0.403517884,-0.086254008,0.008882,7,-0.026950614,-1.925043892,0.000000000,0.000000,recover
pid,26.917,-5.385777,5.874739,-2.878874,0.783570957,-0.354713564,-0.093999540,0.008818,7,-0.028788742,-2.056338716,0.000000000,0.000000,recover
pid,26.938,-5.752676,6.429912,-3.023988,0.783200948,-0.307057959,-0.100403140,0.008754,7,-0.030239884,-2.159991711,0.000000000,0.000000,recover
pid,26.968,-6.186681,7.120954,-3.192944,0.782739080,-0.236854647,-0.107977953,0.008663,7,-0.031929444,-2.280674556,0.000000000,0.000000,recover
pid,26.989,-6.417698,7.515332,-3.286643,0.782482707,-0.188218738,-0.112009968,0.008600,7,-0.032866428,-2.347601979,0.000000000,0.000000,recover
pid,27.009,-6.592864,7.840376,-3.347188,0.782282833,-0.139414484,-0.115067184,0.008538,7,-0.033471878,-2.390848453,0.000000000,0.000000,recover
pid,27.030,-6.716714,8.105465,-3.382243,0.782138049,-0.088399724,-0.117228774,0.008475,7,-0.033822434,-2.415888173,0.000000000,0.000000,recover
pid,27.051,-6.776280,8.277274,-3.395987,0.782066174,-0.042740432,-0.118268398,0.008415,7,-0.033959871,-2.425705085,0.000000000,0.000000,recover
pid,27.072,-6.784828,8.391587,-3.384613,0.782052154,0.007061827,-0.118417589,0.008354,7,-0.033846125,-2.417580383,0.000000000,0.000000,recover
pid,27.092,-6.741568,8.426748,-3.355329,0.782097381,0.051319306,-0.117662552,0.008294,7,-0.033553294,-2.396663868,0.000000000,0.000000,recover
pid,27.113,-6.644741,8.394265,-3.303639,0.782201720,0.096933323,-0.115972607,0.008233,7,-0.033036394,-2.359742410,0.000000000,0.000000,recover
pid,27.144,-6.403615,8.214259,-3.180109,0.782458409,0.163277275,-0.111764160,0.008145,7,-0.031801088,-2.271506279,0.000000000,0.000000,recover
pid,27.164,-6.181048,8.009034,-3.074727,0.782688207,0.205774379,-0.107879640,0.008086,7,-0.031295271,-2.235376481,0.000000000,0.000000,recover
pid,27.185,-5.911034,7.738082,-2.948431,0.782957169,0.246758435,-0.103167005,0.008029,7,-0.029484311,-2.106022225,0.000000000,0.000000,recover
pid,27.206,-5.595420,7.403942,-2.802244,0.783257634,0.286069368,-0.097658501,0.007970,7,-0.028022436,-2.001602574,0.000000000,0.000000,recover
pid,27.227,-5.217280,6.988369,-2.632820,0.783597422,0.325241228,-0.091058712,0.007911,7,-0.026328196,-1.880585416,0.000000000,0.000000,recover
pid,27.247,-4.836216,6.558522,-2.462676,0.783917782,0.358753571,-0.084407884,0.007855,7,-0.024626757,-1.759054040,0.000000000,0.000000,recover
pid,27.268,-4.397009,6.054190,-2.246108,0.784260448,0.392229643,-0.076742276,0.007797,7,-0.022461076,-1.604362546,0.000000000,0.000000,recover
pid,27.288,-3.921845,5.500946,-2.033366,0.784596198,0.422815143,-0.068449104,0.007742,7,-0.020333658,-1.452404149,0.000000000,0.000000,recover
pid,27.309,-3.387527,4.872362,-1.782999,0.784932415,0.452230383,-0.059123505,0.007686,7,-0.017829988,-1.273570576,0.000000000,0.000000,recover
pid,27.330,-2.876032,4.266237,-1.553002,0.785211434,0.475838178,-0.050196219,0.007631,7,-0.015530015,-1.109286798,0.000000000,0.000000,recover
pid,27.350,-2.311935,3.594764,-1.271992,0.785472868,0.498065246,-0.040350871,0.007576,7,-0.012719915,-0.908565372,0.000000000,0.000000,recover
pid,27.371,-1.725533,2.894571,-0.999968,0.785688512,0.516345084,-0.030116231,0.007521,7,-0.009999681,-0.714262948,0.000000000,0.000000,recover
pid,27.392,-1.090620,2.135005,-0.684039,0.785860342,0.531843130,-0.019034918,0.007466,7,-0.006840394,-0.488599598,0.000000000,0.000000,recover
pid,27.412,-0.472100,1.394712,-0.379829,0.785962844,0.542255642,-0.008239703,0.007412,7,-0.003798287,-0.271306229,0.000000000,0.000000,recover
pid,27.433,0.154743,0.644601,0.128857,0.786001362,0.548359707,0.002700776,0.007359,7,0.001288568,0.092040544,0.000000000,0.000000,recover
pid,27.454,0.748118,-0.068637,0.801428,0.785939071,0.541414839,0.013057127,0.007307,7,0.008014284,0.572448880,0.000000000,0.000000,recover
pid,27.474,1.349247,-0.806049,0.916256,0.785761853,0.517361075,0.023548798,0.007254,7,0.009162563,0.654468795,0.000000000,0.000000,recover
pid,27.494,1.922042,-1.523610,1.204603,0.785552695,0.493321519,0.033545964,0.007203,7,0.012046034,0.860430965,0.000000000,0.000000,recover
pid,27.515,2.465602,-2.216852,1.517732,0.785307036,0.466451538,0.043032870,0.007151,7,0.015177324,1.084094556,0.000000000,0.000000,recover
pid,27.536,2.974096,-2.879193,1.726996,0.785027392,0.434717637,0.051907764,0.007099,7,0.017269955,1.233568219,0.000000000,0.000000,recover
pid,27.556,3.444350,-3.505502,1.939561,0.784733937,0.400861325,0.060115256,0.007048,7,0.019395607,1.385400500,0.000000000,0.000000,recover
pid,27.577,3.874077,-4.091304,2.136157,0.784435995,0.364913829,0.067615391,0.006997,7,0.021361573,1.525826663,0.000000000,0.000000,recover
pid,27.598,4.261000,-4.632398,2.308806,0.784143458,0.327137625,0.074368485,0.006946,7,0.023088062,1.649147295,0.000000000,0.000000,recover
pid,27.618,4.603417,-5.125129,2.453443,0.783865544,0.287831970,0.080344779,0.006896,7,0.024534430,1.752459310,0.000000000,0.000000,recover
pid,27.639,4.899776,-5.566210,2.576136,0.783611019,0.247484042,0.085517225,0.006847,7,0.025761356,1.840096855,0.000000000,0.000000,recover
pid,27.660,5.149429,-5.953084,2.682730,0.783386852,0.206504083,0.089874493,0.006797,7,0.026827299,1.916235616,0.000000000,0.000000,recover
pid,27.681,5.351528,-6.283419,2.757947,0.783198356,0.164878167,0.093401779,0.006747,7,0.027579468,1.969962005,0.000000000,0.000000,recover
pid,27.702,5.512266,-6.567532,2.817989,0.783044040,0.121070888,0.096207200,0.006697,7,0.028179885,2.012848946,0.000000000,0.000000,recover
pid,27.723,5.612254,-6.767987,2.849975,0.782945546,0.081413494,0.097952307,0.006649,7,0.028499746,2.035696120,0.000000000,0.000000,recover
pid,27.744,5.671106,-6.920095,2.866550,0.782885812,0.040005345,0.098979464,0.006600,7,0.028665502,2.047535892,0.000000000,0.000000,recover
pid,27.765,5.682863,-7.011424,2.861435,0.782871449,-0.000971299,0.099184666,0.006552,7,0.028614352,2.043882260,0.000000000,0.000000,recover
pid,27.785,5.648144,-7.041976,2.834560,0.782901752,-0.041331505,0.098578703,0.006504,7,0.028345598,2.024685599,0.000000000,0.000000,recover
pid,27.806,5.567899,-7.012236,2.791861,0.782974738,-0.080799952,0.097178177,0.006457,7,0.027918610,1.994186440,0.000000000,0.000000,recover
pid,27.826,5.443185,-6.923055,2.726747,0.783087541,-0.119342273,0.095001496,0.006411,7,0.027267466,1.947676126,0.000000000,0.000000,recover
pid,27.847,5.275239,-6.775686,2.643521,0.783236251,-0.156725574,0.092070281,0.006365,7,0.026435208,1.888229116,0.000000000,0.000000,recover
pid,27.868,5.065544,-6.571800,2.542768,0.783416080,-0.192781944,0.088410414,0.006318,7,0.025427684,1.816263139,0.000000000,0.000000,recover
pid,27.889,4.815759,-6.313444,2.427168,0.783621421,-0.227304213,0.084050857,0.006272,7,0.024271678,1.733691292,0.000000000,0.000000,recover
pid,27.910,4.527780,-6.003062,2.293087,0.783846224,-0.260209438,0.079024674,0.006227,7,0.022930865,1.637918936,0.000000000,0.000000,recover
pid,27.931,4.203470,-5.643350,2.134707,0.784084233,-0.291450370,0.073364386,0.006181,7,0.021347073,1.524790947,0.000000000,0.000000,recover
pid,27.951,3.845033,-5.237421,1.965003,0.784327846,-0.320589671,0.067108485,0.006136,7,0.019650034,1.403573840,0.000000000,0.000000,recover
pid,27.972,3.455099,-4.788829,1.783601,0.784569685,-0.347468634,0.060302860,0.006092,7,0.017836006,1.274000441,0.000000000,0.000000,recover
pid,27.993,3.036245,-4.301329,1.583387,0.784802838,-0.372047773,0.052992473,0.006047,7,0.015833869,1.130990628,0.000000000,0.000000,recover
pid,28.014,2.568503,-3.752083,1.358592,0.785030034,-0.395049374,0.044828839,0.006003,7,0.013585920,0.970422839,0.000000000,0.000000,recover
pid,28.034,2.123848,-3.226456,1.154947,0.785212590,-0.412960893,0.037068139,0.005961,7,0.011549470,0.824962146,0.000000000,0.000000,recover
pid,28.055,1.636662,-2.648108,0.904508,0.785377336,-0.429365273,0.028565142,0.005917,7,0.009045080,0.646077130,0.000000000,0.000000,recover
pid,28.076,1.133603,-2.049013,0.658802,0.785505336,-0.442192195,0.019785107,0.005873,7,0.006588023,0.470573103,0.000000000,0.000000,recover
pid,28.097,0.618737,-1.434447,0.402567,0.785592784,-0.451570695,0.010798996,0.005830,7,0.004025665,0.287547511,0.000000000,0.000000,recover
pid,28.118,0.096075,-0.809757,0.134244,0.785636084,-0.457338953,0.001676817,0.005788,7,0.001342442,0.095888743,0.000000000,0.000000,recover
pid,28.139,-0.455037,-0.149649,-0.512931,0.785621534,-0.456593056,-0.007941887,0.005745,7,-0.005129307,-0.366379078,0.000000000,0.000000,recover
pid,28.160,-0.965632,0.471581,-0.683646,0.785519662,-0.440281015,-0.016853462,0.005704,7,-0.006836464,-0.488318888,0.000000000,0.000000,recover
pid,28.180,-1.430663,1.048386,-0.886266,0.785391890,-0.422555351,-0.024969786,0.005664,7,-0.008862657,-0.633046912,0.000000000,0.000000,recover
pid,28.201,-1.898556,1.637933,-1.172331,0.785232261,-0.402389331,-0.033136046,0.005623,7,-0.011723312,-0.837379421,0.000000000,0.000000,recover
pid,28.221,-2.360706,2.231497,-1.369381,0.785033159,-0.376225658,-0.041202094,0.005582,7,-0.012872645,-0.919474631,0.000000000,0.000000,recover
pid,28.242,-2.749656,2.741451,-1.545601,0.784839458,-0.350441908,-0.047990546,0.005542,7,-0.015456011,-1.104000756,0.000000000,0.000000,recover
pid,28.263,-3.127655,3.246893,-1.738352,0.784629335,-0.321649526,-0.054587875,0.005502,7,-0.017383521,-1.241680051,0.000000000,0.000000,recover
pid,28.283,-3.470451,3.716098,-1.884897,0.784417843,-0.290450292,-0.060570805,0.005462,7,-0.018848969,-1.346354908,0.000000000,0.000000,recover
pid,28.304,-3.776482,4.145820,-2.023375,0.784214120,-0.257964403,-0.065912038,0.005423,7,-0.020233745,-1.445267507,0.000000000,0.000000,recover
pid,28.325,-4.044140,4.533041,-2.140018,0.784024037,-0.224224991,-0.070583561,0.005384,7,-0.021400177,-1.528584083,0.000000000,0.000000,recover
pid,28.345,-4.272450,4.875289,-2.239720,0.783853383,-0.189627300,-0.074568311,0.005346,7,-0.022397201,-1.599800060,0.000000000,0.000000,recover
pid,28.366,-4.460444,5.170365,-2.314958,0.783706738,-0.154283813,-0.077849429,0.005307,7,-0.023149575,-1.653541075,0.000000000,0.000000,recover
pid,28.386,-4.607602,5.416549,-2.370940,0.783588074,-0.118554513,-0.080417827,0.005269,7,-0.023709403,-1.693528797,0.000000000,0.000000,recover
pid,28.407,-4.713699,5.612540,-2.412253,0.783500207,-0.082758083,-0.082269573,0.005230,7,-0.024122529,-1.723037778,0.000000000,0.000000,recover
pid,28.428,-4.778804,5.757458,-2.432824,0.783444746,-0.046979006,-0.083405872,0.005192,7,-0.024328237,-1.737731208,0.000000000,0.000000,recover
pid,28.448,-4.803121,5.850768,-2.436340,0.783422537,-0.011489719,-0.083830268,0.005155,7,-0.024363404,-1.740243148,0.000000000,0.000000,recover
pid,28.469,-4.787108,5.892338,-2.420839,0.783433399,0.023574593,-0.083550796,0.005117,7,-0.024208391,-1.729170802,0.000000000,0.000000,recover
pid,28.490,-4.731431,5.882415,-2.389554,0.783476255,0.057968715,-0.082579050,0.005080,7,-0.023895545,-1.706824610,0.000000000,0.000000,recover
pid,28.511,-4.631271,5.817274,-2.335698,0.783553590,0.093263006,-0.080830927,0.005042,7,-0.023356981,-1.668355820,0.000000000,0.000000,recover
pid,28.532,-4.504807,5.710949,-2.273369,0.783649515,0.124235161,-0.078623714,0.005007,7,-0.022733689,-1.623834894,0.000000000,0.000000,recover
pid,28.552,-4.326735,5.542480,-2.184714,0.783780659,0.157308229,-0.075515779,0.004970,7,-0.021847143,-1.560510185,0.000000000,0.000000,recover
pid,28.573,-4.132463,5.345600,-2.096503,0.783918006,0.185877690,-0.072125092,0.004935,7,-0.020965030,-1.497502176,0.000000000,0.000000,recover
pid,28.593,-3.882542,5.080881,-1.965290,0.784086497,0.216258878,-0.067763137,0.004899,7,-0.019652900,-1.403778595,0.000000000,0.000000,recover
pid,28.614,-3.626420,4.801008,-1.850022,0.784248277,0.241863513,-0.063292969,0.004864,7,-0.018500218,-1.321444171,0.000000000,0.000000,recover
pid,28.634,-3.327914,4.467533,-1.701216,0.784424159,0.267339554,-0.058083061,0.004830,7,-0.017012163,-1.215154533,0.000000000,0.000000,recover
pid,28.655,-3.001885,4.097078,-1.544653,0.784599680,0.290743178,-0.052392778,0.004795,7,-0.015446535,-1.103323920,0.000000000,0.000000,recover
pid,28.676,-2.650842,3.692938,-1.376886,0.784769450,0.311988592,-0.046265913,0.004760,7,-0.013768863,-0.983490240,0.000000000,0.000000,recover
pid,28.697,-2.258064,3.236142,-1.183762,0.784935918,0.331894677,-0.039410653,0.004725,7,-0.011837621,-0.845544369,0.000000000,0.000000,recover
pid,28.717,-1.864111,2.774238,-1.004547,0.785076702,0.347981724,-0.032534880,0.004691,7,-0.010045473,-0.717533778,0.000000000,0.000000,recover
pid,28.738,-1.474538,2.314817,-0.807360,0.785191843,0.361172748,-0.025735537,0.004658,7,-0.008073603,-0.576685962,0.000000000,0.000000,recover
pid,28.758,-1.050919,1.813349,-0.582512,0.785288869,0.372449580,-0.018341990,0.004625,7,-0.005825119,-0.416079925,0.000000000,0.000000,recover
pid,28.779,-0.617517,1.298269,-0.378479,0.785355196,0.380127039,-0.010777704,0.004591,7,-0.003784788,-0.270342021,0.000000000,0.000000,recover
pid,28.800,-0.177683,0.774067,-0.157378,0.785390585,0.384860839,-0.003101152,0.004558,7,-0.001573784,-0.112413155,0.000000000,0.000000,recover
pid,28.820,0.264706,0.245534,0.286039,0.785391549,0.385919905,0.004619988,0.004525,7,0.002860390,0.204313591,0.000000000,0.000000,recover
pid,28.841,0.700111,-0.279861,0.552279,0.785337094,0.376293869,0.012219242,0.004492,7,0.005522785,0.394484650,0.000000000,0.000000,recover
pid,28.862,1.118640,-0.794481,0.690149,0.785246413,0.360970491,0.019523946,0.004459,7,0.006901485,0.492963246,0.000000000,0.000000,recover
pid,28.883,1.519212,-1.294884,0.921707,0.785137795,0.344864981,0.026515246,0.004427,7,0.009217066,0.658361845,0.000000000,0.000000,recover
pid,28.903,1.898510,-1.776697,1.108015,0.785008087,0.325378241,0.033135249,0.004395,7,0.011080154,0.791439549,0.000000000,0.000000,recover
pid,28.924,2.253367,-2.235749,1.276195,0.784864866,0.303437708,0.039328670,0.004364,7,0.012761947,0.911567650,0.000000000,0.000000,recover
pid,28.944,2.581404,-2.668387,1.432656,0.784714293,0.279501536,0.045053997,0.004333,7,0.014326558,1.023325599,0.000000000,0.000000,recover
pid,28.964,2.880260,-3.071138,1.560693,0.784561422,0.253539922,0.050270022,0.004302,7,0.015606928,1.114780586,0.000000000,0.000000,recover
pid,28.985,3.148371,-3.441092,1.687337,0.784412770,0.226404210,0.054949448,0.004271,7,0.016873372,1.205240824,0.000000000,0.000000,recover
pid,29.006,3.384322,-3.775609,1.793950,0.784272454,0.197984760,0.059067563,0.004240,7,0.017939499,1.281392818,0.000000000,0.000000,recover
pid,29.027,3.586852,-4.072335,1.882693,0.784145022,0.168589817,0.062602385,0.004209,7,0.018826927,1.344780512,0.000000000,0.000000,recover
pid,29.047,3.755118,-4.329335,1.955933,0.784034296,0.138517422,0.065539179,0.004179,7,0.019559333,1.397095191,0.000000000,0.000000,recover
pid,29.068,3.888559,-4.545039,2.013597,0.783943280,0.107990434,0.067868154,0.004149,7,0.020135968,1.438283418,0.000000000,0.000000,recover
pid,29.089,3.986701,-4.718153,2.051201,0.783874277,0.077137412,0.069581063,0.004119,7,0.020512006,1.465143263,0.000000000,0.000000,recover
pid,29.109,4.049428,-4.847790,2.073438,0.783828933,0.046257412,0.070675851,0.004089,7,0.020734383,1.481027338,0.000000000,0.000000,recover
pid,29.130,4.076900,-4.933440,2.080769,0.783808009,0.015542539,0.071155330,0.004059,7,0.020807689,1.486263509,0.000000000,0.000000,recover
pid,29.151,4.068115,-4.975803,2.069436,0.783812390,-0.016389740,0.071002003,0.004029,7,0.020694364,1.478168854,0.000000000,0.000000,recover
pid,29.172,4.024477,-4.971011,2.045438,0.783840952,-0.046227802,0.070240376,0.004000,7,0.020454378,1.461027007,0.000000000,0.000000,recover
pid,29.192,3.947180,-4.922685,2.003505,0.783891968,-0.075444055,0.068891294,0.003972,7,0.020035049,1.431074962,0.000000000,0.000000,recover
pid,29.212,3.843321,-4.837152,1.950020,0.783959490,-0.102431323,0.067078597,0.003944,7,0.019500200,1.392871409,0.000000000,0.000000,recover
pid,29.233,3.703004,-4.706477,1.877640,0.784048262,-0.129905325,0.064629617,0.003915,7,0.018776402,1.341171552,0.000000000,0.000000,recover
pid,29.254,3.532179,-4.535536,1.793642,0.784152155,-0.156185897,0.061648153,0.003887,7,0.017936420,1.281172827,0.000000000,0.000000,recover
pid,29.274,3.332298,-4.326050,1.695633,0.784267837,-0.181178891,0.058159563,0.003859,7,0.016956331,1.211166464,0.000000000,0.000000,recover
pid,29.294,3.104953,-4.080014,1.584235,0.784391611,-0.204730259,0.054191658,0.003832,7,0.015842345,1.131596097,0.000000000,0.000000,recover
pid,29.315,2.852115,-3.799792,1.469578,0.784519141,-0.226500463,0.049778793,0.003804,7,0.014695777,1.049698374,0.000000000,0.000000,recover
pid,29.336,2.575584,-3.487853,1.332680,0.784647119,-0.246737284,0.044952421,0.003776,7,0.013326800,0.951914264,0.000000000,0.000000,recover
pid,29.357,2.277450,-3.146969,1.186845,0.784770998,-0.265023505,0.039749006,0.003749,7,0.011868452,0.847746537,0.000000000,0.000000,recover
pid,29.377,1.960085,-2.780201,1.031796,0.784886774,-0.281233251,0.034209933,0.003722,7,0.010317955,0.736996819,0.000000000,0.000000,recover
pid,29.398,1.625940,-2.390787,0.866358,0.784990724,-0.295260684,0.028378008,0.003695,7,0.008663581,0.618827191,0.000000000,0.000000,recover
pid,29.418,1.277667,-1.982184,0.692993,0.785079259,-0.306927979,0.022299488,0.003668,7,0.006929934,0.494995277,0.000000000,0.000000,recover
pid,29.439,0.917814,-1.557905,0.498805,0.785150025,-0.316373830,0.016018882,0.003643,7,0.004988055,0.356289637,0.000000000,0.000000,recover
pid,29.459,0.549608,-1.121872,0.315599,0.785198815,-0.322826726,0.009592470,0.003616,7,0.003155985,0.225427507,0.000000000,0.000000,recover
pid,29.480,0.176274,-0.678075,0.124725,0.785224781,-0.326587720,0.003076567,0.003590,7,0.001247247,0.089089053,0.000000000,0.000000,recover
pid,29.501,-0.198922,-0.230572,-0.207713,0.785226037,-0.327262103,-0.003471850,0.003564,7,-0.002077132,-0.148366547,0.000000000,0.000000,recover
pid,29.522,-0.568798,0.214726,-0.441196,0.785190233,-0.319987953,-0.009927405,0.003538,7,-0.004411959,-0.315139911,0.000000000,0.000000,recover
pid,29.542,-0.925426,0.651558,-0.562289,0.785127587,-0.307721660,-0.016151736,0.003513,7,-0.005622890,-0.401634988,0.000000000,0.000000,recover
pid,29.563,-1.267488,1.076808,-0.765802,0.785051558,-0.294775013,-0.022121843,0.003487,7,-0.007658017,-0.547001210,0.000000000,0.000000,recover
pid,29.584,-1.592043,1.486699,-0.913644,0.784958767,-0.278495810,-0.027786388,0.003461,7,-0.009136437,-0.652602618,0.000000000,0.000000,recover
pid,29.605,-1.896344,1.877646,-1.063810,0.784856324,-0.260398713,-0.033097450,0.003436,7,-0.010638098,-0.759864173,0.000000000,0.000000,recover
pid,29.626,-2.178271,2.246485,-1.198559,0.784747570,-0.240373277,-0.038018003,0.003411,7,-0.011985587,-0.856113353,0.000000000,0.000000,recover
pid,29.646,-2.435907,2.590288,-1.321601,0.784636842,-0.218756636,-0.042514599,0.003387,7,-0.013216008,-0.944000592,0.000000000,0.000000,recover
pid,29.667,-2.667653,2.906436,-1.435282,0.784528184,-0.195846784,-0.046559327,0.003362,7,-0.014352821,-1.025201483,0.000000000,0.000000,recover
pid,29.688,-2.872175,3.192599,-1.531341,0.784425012,-0.171712730,-0.050128916,0.003337,7,-0.015313414,-1.093815309,0.000000000,0.000000,recover
pid,29.709,-3.056141,3.458442,-1.610341,0.784326332,-0.145269672,-0.053339716,0.003313,7,-0.016103409,-1.150243496,0.000000000,0.000000,recover
pid,29.730,-3.194633,3.666770,-1.669909,0.784248495,-0.120715308,-0.055756860,0.003289,7,-0.016699094,-1.192792393,0.000000000,0.000000,recover
pid,29.750,-3.311235,3.851685,-1.723316,0.784180611,-0.094496937,-0.057791947,0.003266,7,-0.017233161,-1.230940085,0.000000000,0.000000,recover
pid,29.771,-3.397389,4.000180,-1.755396,0.784128782,-0.067847340,-0.059295616,0.003242,7,-0.017553955,-1.253853932,0.000000000,0.000000,recover
pid,29.792,-3.452964,4.111471,-1.776312,0.784094406,-0.041160309,-0.060265587,0.003218,7,-0.017763118,-1.268794140,0.000000000,0.000000,recover
pid,29.813,-3.478018,4.185067,-1.783529,0.784078105,-0.014560539,-0.060702871,0.003195,7,-0.017835289,-1.273949235,0.000000000,0.000000,recover
pid,29.834,-3.472771,4.220765,-1.775988,0.784079992,0.011802572,-0.060611287,0.003172,7,-0.017759880,-1.272572574,0.000000000,0.000000,recover
pid,29.855,-3.437646,4.218668,-1.755836,0.784099628,0.037730735,-0.059998241,0.003148,7,-0.017558365,-1.254168928,0.000000000,0.000000,recover
pid,29.875,-3.373275,4.179181,-1.721819,0.784136045,0.063094767,-0.058874749,0.003126,7,-0.017218187,-1.229870482,0.000000000,0.000000,recover
pid,29.897,-3.280393,4.102965,-1.672160,0.784187864,0.087790141,-0.057253652,0.003102,7,-0.016721599,-1.194399961,0.000000000,0.000000,recover
pid,29.917,-3.159887,3.990948,-1.609011,0.784253228,0.111616210,-0.055150425,0.003080,7,-0.016090110,-1.149293561,0.000000000,0.000000,recover
pid,29.938,-3.012980,3.844410,-1.536829,0.784329774,0.134356356,-0.052586417,0.003057,7,-0.015368285,-1.097734659,0.000000000,0.000000,recover
pid,29.959,-2.840929,3.664834,-1.450529,0.784415051,0.155977260,-0.049583571,0.003035,7,-0.014505288,-1.036092024,0.000000000,0.000000,recover
pid,29.980,-2.634792,3.442635,-1.347368,0.784510870,0.177270544,-0.045985802,0.003013,7,-0.013473680,-0.962405719,0.000000000,0.000000,recover
pid,30.000,-2.416029,3.201127,-1.246922,0.784604686,0.195895260,-0.042167663,0.002992,7,-0.012469223,-0.890658779,0.000000000,0.000000,recover
pid,30.021,-2.189478,2.946710,-1.132213,0.784693882,0.212340653,-0.038213593,0.002970,7,-0.011322133,-0.808723813,0.000000000,0.000000,recover
pid,30.042,-1.919573,2.639620,-0.989562,0.784789230,0.228819144,-0.033502869,0.002948,7,-0.009895623,-0.706830193,0.000000000,0.000000,recover
pid,30.063,-1.660079,2.341023,-0.871314,0.784868772,0.241592458,-0.028973845,0.002926,7,-0.008713139,-0.622367076,0.000000000,0.000000,recover
pid,30.084,-1.373110,2.008043,-0.719031,0.784944434,0.253531481,-0.023965287,0.002905,7,-0.007190307,-0.513593390,0.000000000,0.000000,recover
pid,30.104,-1.074315,1.658887,-0.569187,0.785008080,0.263181226,-0.018750329,0.002884,7,-0.005691875,-0.406562476,0.000000000,0.000000,recover
pid,30.125,-0.750739,1.278397,-0.405762,0.785059944,0.270937228,-0.013102872,0.002863,7,-0.004057619,-0.289829917,0.000000000,0.000000,recover
pid,30.146,-0.451851,0.925053,-0.262476,0.785091565,0.275575240,-0.007886283,0.002843,7,-0.002624763,-0.187483070,0.000000000,0.000000,recover
pid,30.166,-0.117444,0.528008,-0.082975,0.785109525,0.278544900,-0.002049777,0.002822,7,-0.000829755,-0.120197258,0.000000000,0.000000,recover
pid,30.187,0.201961,0.147153,0.202313,0.785107744,0.278469789,0.003524885,0.002802,7,0.002023132,0.144509443,0.000000000,0.000000,recover
pid,30.208,0.516218,-0.231313,0.370786,0.785079450,0.271742824,0.009009707,0.002782,7,0.003707858,0.264846970,0.000000000,0.000000,recover
pid,30.228,0.804404,-0.584049,0.477842,0.785036247,0.262163474,0.014039501,0.002762,7,0.004778424,0.341315971,0.000000000,0.000000,recover
pid,30.249,1.096090,-0.945789,0.656269,0.784981039,0.251416075,0.019130387,0.002742,7,0.006562690,0.468763560,0.000000000,0.000000,recover
pid,30.270,1.386662,-1.311546,0.798323,0.784910029,0.237140767,0.024201812,0.002722,7,0.007983228,0.570230545,0.000000000,0.000000,recover
pid,30.290,1.645465,-1.643049,0.911335,0.784834284,0.221411534,0.028718783,0.002702,7,0.009113347,0.650953350,0.000000000,0.000000,recover
pid,30.311,1.873760,-1.940410,1.030829,0.784758942,0.205402110,0.032703273,0.002683,7,0.010308291,0.736306465,0.000000000,0.000000,recover
pid,30.331,2.094081,-2.232572,1.140094,0.784677848,0.187018281,0.036548604,0.002664,7,0.011400944,0.814353131,0.000000000,0.000000,recover
pid,30.352,2.292004,-2.500892,1.226986,0.784597876,0.167183424,0.040003009,0.002645,7,0.012269862,0.876418686,0.000000000,0.000000,recover
pid,30.372,2.466526,-2.743446,1.312079,0.784522337,0.146528331,0.043048992,0.002626,7,0.013120787,0.937199078,0.000000000,0.000000,recover
pid,30.393,2.616607,-2.958448,1.382240,0.784453353,0.124977540,0.045668405,0.002607,7,0.013822402,0.987314416,0.000000000,0.000000,recover
pid,30.413,2.741326,-3.144331,1.433843,0.784393105,0.102655424,0.047845170,0.002588,7,0.014338426,1.024173299,0.000000000,0.000000,recover
pid,30.434,2.840190,-3.299896,1.480734,0.784343609,0.080036360,0.049570667,0.002570,7,0.014807336,1.057666865,0.000000000,0.000000,recover
pid,30.454,2.912875,-3.424201,1.512443,0.784306035,0.057075023,0.050839267,0.002551,7,0.015124435,1.080316753,0.000000000,0.000000,recover
pid,30.475,2.959019,-3.516461,1.527102,0.784281417,0.033906786,0.051644629,0.002533,7,0.015271023,1.090787349,0.000000000,0.000000,recover
pid,30.496,2.978745,-3.576302,1.534025,0.784270295,0.010891226,0.051988910,0.002515,7,0.015340254,1.095732399,0.000000000,0.000000,recover
pid,30.516,2.972204,-3.603543,1.526021,0.784272720,-0.011972968,0.051874754,0.002497,7,0.015260205,1.090014673,0.000000000,0.000000,recover
pid,30.537,2.937487,-3.597183,1.506651,0.784289456,-0.035542053,0.051268823,0.002478,7,0.015066515,1.076179611,0.000000000,0.000000,recover
pid,30.558,2.882017,-3.560918,1.477134,0.784316416,-0.056409486,0.050300685,0.002461,7,0.014771337,1.055095527,0.000000000,0.000000,recover
pid,30.578,2.799526,-3.491989,1.431502,0.784355899,-0.077800282,0.048860938,0.002443,7,0.014315019,1.022501377,0.000000000,0.000000,recover
pid,30.600,2.693218,-3.392391,1.377841,0.784405255,-0.098339354,0.047005529,0.002424,7,0.013778410,0.984172135,0.000000000,0.000000,recover
pid,30.621,2.564114,-3.263226,1.312205,0.784462799,-0.117977921,0.044752238,0.002407,7,0.013122046,0.937289017,0.000000000,0.000000,recover
pid,30.641,2.413360,-3.105817,1.235911,0.784526558,-0.136566398,0.042121070,0.002389,7,0.012359107,0.882793337,0.000000000,0.000000,recover
pid,30.663,2.242283,-2.921726,1.150481,0.784594363,-0.153962481,0.039135220,0.002372,7,0.011504813,0.821772391,0.000000000,0.000000,recover
pid,30.683,2.052335,-2.712716,1.055121,0.784663975,-0.170063657,0.035820004,0.002354,7,0.010551205,0.753657525,0.000000000,0.000000,recover
pid,30.704,1.845110,-2.480751,0.951267,0.784733057,-0.184735115,0.032203245,0.002338,7,0.009512665,0.679476105,0.000000000,0.000000,recover
pid,30.725,1.610828,-2.214845,0.833011,0.784802523,-0.198488964,0.028114259,0.002320,7,0.008330113,0.595008050,0.000000000,0.000000,recover
pid,30.745,1.373844,-1.942798,0.718210,0.784863242,-0.209786365,0.023978097,0.002304,7,0.007182097,0.513006954,0.000000000,0.000000,recover
pid,30.766,1.137966,-1.669642,0.601750,0.784914314,-0.218921370,0.019861253,0.002287,7,0.006017496,0.429821115,0.000000000,0.000000,recover
pid,30.787,0.880264,-1.369092,0.463175,0.784959701,-0.226941967,0.015363497,0.002271,7,0.004631755,0.330839625,0.000000000,0.000000,recover
pid,30.807,0.601623,-1.042089,0.318951,0.784995755,-0.233124199,0.010500311,0.002254,7,0.003189506,0.227821871,0.000000000,0.000000,recover
pid,30.828,0.344977,-0.739037,0.200429,0.785016567,-0.236473884,0.006020982,0.002238,7,0.002004292,0.143163748,0.000000000,0.000000,recover
pid,30.849,0.072253,-0.415414,0.054284,0.785026945,-0.238357544,0.001261047,0.002222,7,0.000542845,0.038774608,0.000000000,0.000000,recover
pid,30.870,-0.214219,-0.073777,-0.192847,0.785022849,-0.237482405,-0.003738825,0.002205,7,-0.001928472,-0.137748029,0.000000000,0.000000,recover
pid,30.891,-0.468545,0.232851,-0.313894,0.785001598,-0.231688792,-0.008177647,0.002189,7,-0.003138939,-0.224209928,0.000000000,0.000000,recover
pid,30.912,-0.727310,0.549422,-0.433087,0.784968266,-0.223539954,-0.012693948,0.002173,7,-0.004330873,-0.309348102,0.000000000,0.000000,recover
pid,30.933,-0.987948,0.872480,-0.579565,0.784923966,-0.213482249,-0.017242946,0.002157,7,-0.005795653,-0.413975240,0.000000000,0.000000,recover
pid,30.953,-1.211414,1.153662,-0.681520,0.784875850,-0.202209480,-0.021143169,0.002142,7,-0.006815196,-0.486799703,0.000000000,0.000000,recover
pid,30.974,-1.432496,1.435927,-0.801450,0.784820563,-0.189208351,-0.025001773,0.002126,7,-0.008014499,-0.572464220,0.000000000,0.000000,recover
pid,30.995,-1.637259,1.701728,-0.899431,0.784761596,-0.174495210,-0.028575552,0.002111,7,-0.008994315,-0.642451062,0.000000000,0.000000,recover
pid,31.016,-1.824064,1.948826,-0.988161,0.784701694,-0.158533223,-0.031835930,0.002095,7,-0.009881615,-0.705829625,0.000000000,0.000000,recover
pid,31.036,-1.991734,2.175312,-1.069944,0.784643077,-0.141549528,-0.034762316,0.002080,7,-0.010699435,-0.764245379,0.000000000,0.000000,recover
pid,31.057,-2.139114,2.379413,-1.138632,0.784587656,-0.123594404,-0.037334590,0.002065,7,-0.011386323,-0.813308754,0.000000000,0.000000,recover
pid,31.078,-2.265287,2.559602,-1.196893,0.784537370,-0.104905082,-0.039536711,0.002050,7,-0.011968926,-0.854923299,0.000000000,0.000000,recover
pid,31.099,-2.369555,2.714594,-1.244494,0.784493815,-0.085644668,-0.041356533,0.002035,7,-0.012444944,-0.888924548,0.000000000,0.000000,recover
pid,31.120,-2.451380,2.843326,-1.280427,0.784458307,-0.065958440,-0.042784656,0.002020,7,-0.012804268,-0.914590558,0.000000000,0.000000,recover
pid,31.141,-2.510419,2.944980,-1.305305,0.784431874,-0.046018972,-0.043815081,0.002006,7,-0.013053049,-0.932360647,0.000000000,0.000000,recover
pid,31.162,-2.546509,3.018973,-1.319114,0.784415198,-0.025977274,-0.044444963,0.001991,7,-0.013191138,-0.942224124,0.000000000,0.000000,recover
pid,31.182,-2.559652,3.064959,-1.321492,0.784408633,-0.005978246,-0.044674354,0.001977,7,-0.013214919,-0.943922788,0.000000000,0.000000,recover
pid,31.203,-2.550024,3.082829,-1.313304,0.784412193,0.013825074,-0.044506321,0.001963,7,-0.013133041,-0.938074334,0.000000000,0.000000,recover
pid,31.224,-2.515803,3.071484,-1.294482,0.784426474,0.034233177,-0.043909042,0.001948,7,-0.012944822,-0.924630141,0.000000000,0.000000,recover
pid,31.244,-2.464040,3.034987,-1.268394,0.784448108,0.052250161,-0.043005613,0.001934,7,-0.012683944,-0.905996022,0.000000000,0.000000,recover
pid,31.265,-2.388764,2.970175,-1.227290,0.784479010,0.070704585,-0.041691799,0.001920,7,-0.012272902,-0.876635832,0.000000000,0.000000,recover
pid,31.286,-2.292943,2.879076,-1.176874,0.784517096,0.088429356,-0.040019408,0.001906,7,-0.011768739,-0.840624186,0.000000000,0.000000,recover
pid,31.306,-2.177492,2.762683,-1.117182,0.784561011,0.105303783,-0.038004398,0.001892,7,-0.011171821,-0.797987220,0.000000000,0.000000,recover
pid,31.327,-2.043575,2.622248,-1.051672,0.784609148,0.121157121,-0.035667114,0.001879,7,-0.010516721,-0.751194329,0.000000000,0.000000,recover
pid,31.348,-1.892275,2.459115,-0.975177,0.784659983,0.135985011,-0.033026426,0.001865,7,-0.009751773,-0.696555195,0.000000000,0.000000,recover
pid,31.368,-1.725060,2.274930,-0.893862,0.784711642,0.149567882,-0.030107981,0.001852,7,-0.008938624,-0.638473133,0.000000000,0.000000,recover
pid,31.388,-1.543193,2.071360,-0.796341,0.784762709,0.162041484,-0.026933804,0.001839,7,-0.007963408,-0.568814868,0.000000000,0.000000,recover
pid,31.409,-1.348337,1.850365,-0.703107,0.784810921,0.172895404,-0.023532915,0.001825,7,-0.007031070,-0.502219280,0.000000000,0.000000,recover
pid,31.430,-1.142205,1.614023,-0.598674,0.784855075,0.182376436,-0.019935233,0.001812,7,-0.005986738,-0.427624177,0.000000000,0.000000,recover
pid,31.450,-0.926297,1.364397,-0.479454,0.784893846,0.190476802,-0.016166930,0.001799,7,-0.004794542,-0.342467312,0.000000000,0.000000,recover
pid,31.471,-0.702699,1.103896,-0.368188,0.784925189,0.196660016,-0.012264403,0.001786,7,-0.003681876,-0.262991138,0.000000000,0.000000,recover
pid,31.492,-0.473580,0.835033,-0.258546,0.784948227,0.201016985,-0.008265533,0.001773,7,-0.002585463,-0.184675904,0.000000000,0.000000,recover
pid,31.513,-0.240720,0.560181,-0.134707,0.784962729,0.203833176,-0.004201362,0.001761,7,-0.001347071,-0.096219361,0.000000000,0.000000,recover
pid,31.533,-0.006201,0.281890,-0.012558,0.784967673,0.204741029,-0.000108232,0.001748,7,-0.000125576,-0.008969690,0.000000000,0.000000,recover
pid,31.554,0.227627,0.002855,0.198488,0.784962335,0.203366416,0.003972834,0.001735,7,0.001984882,0.141777275,0.000000000,0.000000,recover
pid,31.575,0.456219,-0.273199,0.291403,0.784943721,0.197585370,0.007962520,0.001722,7,0.002914033,0.208145185,0.000000000,0.000000,recover
pid,31.595,0.676666,-0.543324,0.391813,0.784917536,0.190329388,0.011810048,0.001710,7,0.003918135,0.279866750,0.000000000,0.000000,recover
pid,31.616,0.887930,-0.805491,0.509100,0.784885215,0.181888922,0.015497309,0.001698,7,0.005091003,0.363643056,0.000000000,0.000000,recover
pid,31.636,1.088018,-1.057284,0.607460,0.784847127,0.171664373,0.018989501,0.001686,7,0.006074601,0.433900093,0.000000000,0.000000,recover
pid,31.657,1.275251,-1.296498,0.700896,0.784805350,0.160110493,0.022257324,0.001674,7,0.007008964,0.500640258,0.000000000,0.000000,recover
pid,31.678,1.448315,-1.521183,0.789849,0.784761530,0.147384616,0.025277863,0.001661,7,0.007898491,0.564177929,0.000000000,0.000000,recover
pid,31.699,1.605680,-1.729376,0.862604,0.784717116,0.133411853,0.028024395,0.001649,7,0.008626044,0.616145999,0.000000000,0.000000,recover
pid,31.720,1.746427,-1.919502,0.934568,0.784674054,0.118665995,0.030480901,0.001637,7,0.009345684,0.667548838,0.000000000,0.000000,recover
pid,31.740,1.869534,-2.090045,0.994730,0.784633624,0.103073692,0.032629526,0.001625,7,0.009947297,0.710521192,0.000000000,0.000000,recover
pid,31.761,1.974159,-2.239691,1.040768,0.784597195,0.086744423,0.034455577,0.001614,7,0.010407677,0.743405471,0.000000000,0.000000,recover
pid,31.782,2.059648,-2.367337,1.079425,0.784566073,0.069967697,0.035947644,0.001602,7,0.010794253,0.771018078,0.000000000,0.000000,recover
pid,31.802,2.125724,-2.472184,1.113240,0.784541177,0.052940678,0.037100881,0.001590,7,0.011132401,0.795171478,0.000000000,0.000000,recover
pid,31.823,2.173739,-2.556928,1.130679,0.784522443,0.034682675,0.037938905,0.001579,7,0.011306786,0.807627593,0.000000000,0.000000,recover
pid,31.844,2.198243,-2.610811,1.140766,0.784512550,0.018162482,0.038366585,0.001567,7,0.011407657,0.814832618,0.000000000,0.000000,recover
pid,31.865,2.204644,-2.643899,1.141354,0.784509549,0.000822501,0.038478296,0.001556,7,0.011413540,0.815252848,0.000000000,0.000000,recover
pid,31.885,2.191294,-2.652691,1.131403,0.784514122,-0.016348355,0.038245297,0.001545,7,0.011314029,0.808144929,0.000000000,0.000000,recover
pid,31.906,2.158572,-2.637369,1.114971,0.784525953,-0.033150473,0.037674186,0.001533,7,0.011149711,0.796407926,0.000000000,0.000000,recover
pid,31.928,2.106879,-2.598258,1.086337,0.784544565,-0.049580683,0.036771976,0.001522,7,0.010863373,0.775955219,0.000000000,0.000000,recover
pid,31.949,2.036818,-2.535914,1.048944,0.784569218,-0.065456778,0.035549186,0.001511,7,0.010489437,0.749245503,0.000000000,0.000000,recover
pid,31.970,1.949091,-2.451065,1.002726,0.784599005,-0.080670839,0.034018062,0.001500,7,0.010027262,0.716233030,0.000000000,0.000000,recover
pid,31.991,1.844586,-2.344648,0.949288,0.784632831,-0.095087859,0.032194104,0.001489,7,0.009492878,0.678062733,0.000000000,0.000000,recover
pid,32.011,1.724271,-2.217761,0.887431,0.784669530,-0.108636082,0.030094205,0.001478,7,0.008874307,0.633879105,0.000000000,0.000000,recover
pid,32.032,1.589238,-2.071668,0.818583,0.784707816,-0.121198313,0.027737431,0.001467,7,0.008185828,0.584702004,0.000000000,0.000000,recover
pid,32.053,1.440736,-1.907815,0.746164,0.784746296,-0.132615256,0.025145584,0.001457,7,0.007461636,0.532974019,0.000000000,0.000000,recover
pid,32.073,1.280128,-1.727797,0.666045,0.784783744,-0.142898353,0.022342445,0.001446,7,0.006660453,0.475746609,0.000000000,0.000000,recover
pid,32.094,1.108564,-1.533198,0.570645,0.784819120,-0.152122794,0.019348097,0.001436,7,0.005706448,0.407603462,0.000000000,0.000000,recover
pid,32.116,0.927716,-1.325926,0.480674,0.784850698,-0.159792695,0.016191694,0.001425,7,0.004806742,0.343338681,0.000000000,0.000000,recover
pid,32.136,0.739225,-1.107946,0.384306,0.784877701,-0.166102488,0.012901912,0.001415,7,0.004337159,0.309797048,0.000000000,0.000000,recover
pid,32.156,0.544770,-0.881298,0.285775,0.784899112,-0.170915598,0.009508028,0.001404,7,0.003380765,0.241483241,0.000000000,0.000000,recover
pid,32.178,0.345899,-0.648010,0.178383,0.784914411,-0.174328397,0.006037076,0.001394,7,0.001783833,0.127416650,0.000000000,0.000000,recover
pid,32.198,0.144549,-0.410330,0.075694,0.784922699,-0.176030826,0.002522856,0.001384,7,0.000756940,0.054067146,0.000000000,0.000000,recover
pid,32.219,-0.057456,-0.170475,-0.053201,0.784923961,-0.176180711,-0.001002794,0.001374,7,-0.000532008,-0.038000583,0.000000000,0.000000,recover
pid,32.241,-0.257686,0.069040,-0.194976,0.784916748,-0.173721392,-0.004497477,0.001364,7,-0.001949762,-0.139268684,0.000000000,0.000000,recover
pid,32.261,-0.452455,0.305116,-0.271505,0.784901145,-0.168359484,-0.007896836,0.001354,7,-0.002715055,-0.193932487,0.000000000,0.000000,recover
pid,32.282,-0.640309,0.535715,-0.373781,0.784880647,-0.162134225,-0.011175492,0.001344,7,-0.003737808,-0.266986300,0.000000000,0.000000,recover
pid,32.303,-0.819905,0.758896,-0.469274,0.784855248,-0.154454447,-0.014310043,0.001334,7,-0.004692745,-0.335196071,0.000000000,0.000000,recover
pid,32.323,-0.989419,0.972540,-0.550630,0.784825950,-0.145307320,-0.017268627,0.001325,7,-0.005506299,-0.393307072,0.000000000,0.000000,recover
pid,32.344,-1.147568,1.174844,-0.631363,0.784794311,-0.135106169,-0.020028846,0.001315,7,-0.006313627,-0.450973322,0.000000000,0.000000,recover
pid,32.365,-1.293122,1.364101,-0.703622,0.784761387,-0.123816006,-0.022569243,0.001306,7,-0.006688362,-0.477740120,0.000000000,0.000000,recover
pid,32.386,-1.424929,1.538721,-0.767468,0.784728456,-0.111579478,-0.024869709,0.001296,7,-0.007674683,-0.548191612,0.000000000,0.000000,recover
pid,32.407,-1.542058,1.697307,-0.824560,0.784696750,-0.098565906,-0.026913985,0.001287,7,-0.008245602,-0.588971542,0.000000000,0.000000,recover
pid,32.428,-1.643697,1.838611,-0.873059,0.784667352,-0.084871919,-0.028687918,0.001277,7,-0.008730592,-0.623613745,0.000000000,0.000000,recover
pid,32.449,-1.729177,1.961560,-0.913136,0.784641268,-0.070636060,-0.030179839,0.001268,7,-0.009131358,-0.652239860,0.000000000,0.000000,recover
pid,32.470,-1.797994,2.065258,-0.944955,0.784619346,-0.055992388,-0.031380909,0.001259,7,-0.009449547,-0.674967611,0.000000000,0.000000,recover
pid,32.490,-1.849776,2.148990,-0.968066,0.784602262,-0.041059527,-0.032284686,0.001249,7,-0.009680664,-0.691476015,0.000000000,0.000000,recover
pid,32.511,-1.884299,2.212221,-0.982480,0.784590512,-0.025965067,-0.032887222,0.001240,7,-0.009824796,-0.701771130,0.000000000,0.000000,recover
pid,32.532,-1.901481,2.254600,-0.988420,0.784584398,-0.010832932,-0.033187109,0.001231,7,-0.009884204,-0.706014606,0.000000000,0.000000,recover
pid,32.553,-1.901375,2.275959,-0.985796,0.784584024,0.004221463,-0.033185258,0.001222,7,-0.009857957,-0.704139821,0.000000000,0.000000,recover
pid,32.574,-1.884177,2.276315,-0.975665,0.784589296,0.019062767,-0.032885088,0.001213,7,-0.009756655,-0.696903903,0.000000000,0.000000,recover
pid,32.595,-1.850229,2.255870,-0.957574,0.784599933,0.033595450,-0.032292591,0.001205,7,-0.009575743,-0.683981622,0.000000000,0.000000,recover
pid,32.616,-1.799921,2.214967,-0.929507,0.784615513,0.047753419,-0.031414542,0.001196,7,-0.009295068,-0.663933427,0.000000000,0.000000,recover
pid,32.636,-1.733856,2.154161,-0.895661,0.784635398,0.061351008,-0.030261490,0.001187,7,-0.008956611,-0.639757934,0.000000000,0.000000,recover
pid,32.657,-1.652655,2.074125,-0.851821,0.784658903,0.074379177,-0.028844279,0.001179,7,-0.008518212,-0.608443681,0.000000000,0.000000,recover
pid,32.678,-1.557150,1.975740,-0.802965,0.784685124,0.086646603,-0.027177398,0.001170,7,-0.008029647,-0.573546183,0.000000000,0.000000,recover
pid,32.699,-1.448275,1.860032,-0.749345,0.784713115,0.098065478,-0.025277160,0.001161,7,-0.007493451,-0.535246513,0.000000000,0.000000,recover
pid,32.720,-1.326976,1.728132,-0.684017,0.784742026,0.108698223,-0.023160097,0.001153,7,-0.006840166,-0.488583318,0.000000000,0.000000,recover
pid,32.740,-1.194397,1.581350,-0.617792,0.784770671,0.118246200,-0.020846163,0.001145,7,-0.006177922,-0.441280119,0.000000000,0.000000,recover
pid,32.761,-1.051719,1.421098,-0.544235,0.784798186,0.126779214,-0.018355951,0.001136,7,-0.005442351,-0.388739343,0.000000000,0.000000,recover
pid,32.782,-0.900193,1.248892,-0.466119,0.784823584,0.134176980,-0.015711333,0.001128,7,-0.004661189,-0.332942105,0.000000000,0.000000,recover
pid,32.803,-0.741191,1.066372,-0.384418,0.784845978,0.140366732,-0.012936231,0.001120,7,-0.003844182,-0.274584407,0.000000000,0.000000,recover
pid,32.824,-0.576097,0.875239,-0.300353,0.784864585,0.145275739,-0.010054785,0.001112,7,-0.003003529,-0.214537790,0.000000000,0.500000,impulse_+0.50N
pid,32.845,-0.217700,0.684261,19.970751,0.785360921,0.375417603,-0.003799586,0.001103,7,0.199707511,14.264822226,0.200000000,0.500000,impulse_+0.50N
pid,32.866,0.013180,0.749491,18.145299,0.784816528,0.064299971,0.000230032,0.001095,7,0.181452995,12.960928180,0.200000000,0.500000,impulse_+0.50N
pid,32.886,-0.248332,1.243891,13.095895,0.785153409,-0.298787068,-0.004334216,0.001088,7,0.130958949,9.354210609,0.200000000,0.500000,impulse_+0.50N
pid,32.907,-0.733614,2.042341,16.248902,0.785666779,-0.474063229,-0.012803980,0.001080,7,0.162489021,11.606358623,0.200000000,0.500000,impulse_+0.50N
pid,32.928,-1.486893,3.163078,13.555473,0.786817133,-0.733017628,-0.025951182,0.001076,7,0.135554727,9.682480470,0.200000000,0.500000,impulse_+0.50N
pid,32.948,-2.492980,4.595195,10.162067,0.787739564,-0.909800427,-0.043510704,0.001076,7,0.101620666,7.258619016,0.200000000,0.500000,impulse_+0.50N
pid,32.969,-3.588487,6.256686,11.768028,0.787837732,-0.975589701,-0.062630922,0.001076,7,0.117680281,8.405734327,0.200000000,0.500000,impulse_+0.50N
pid,32.990,-4.796863,8.151598,9.919387,0.788140876,-1.085734879,-0.083721049,0.001076,7,0.099193868,7.085276317,0.200000000,0.500000,impulse_+0.50N
pid,33.011,-6.105825,10.266791,9.103373,0.787919521,-1.156022637,-0.106566751,0.001076,7,0.091033734,6.502409569,0.200000000,0.500000,impulse_+0.50N
pid,33.031,-7.469286,12.572553,8.595415,0.787264033,-1.203502120,-0.130363631,0.001076,7,0.085954149,6.139582050,0.000000000,0.000000,recover
pid,33.052,-9.056868,15.053870,-11.722053,0.788476226,-1.463594751,-0.158072165,0.001076,7,-0.117220528,-8.372894838,0.000000000,0.000000,recover
pid,33.073,-10.595546,17.457082,-7.530569,0.784148132,-1.228687345,-0.184927160,0.001076,7,-0.075305694,-5.378978131,0.000000000,0.000000,recover
pid,33.093,-11.794273,19.632243,-3.902624,0.780757678,-1.029817474,-0.205848902,0.001076,7,-0.039026240,-2.787588583,0.000000000,0.000000,recover
pid,33.114,-12.961889,21.716010,-9.674831,0.778764390,-0.995357533,-0.226227636,0.001076,7,-0.096748307,-6.910593369,0.000000000,0.000000,recover
pid,33.135,-13.951214,23.629324,-6.383939,0.775859331,-0.811571965,-0.243494627,0.001076,7,-0.063839392,-4.559956605,0.000000000,0.000000,recover
pid,33.156,-14.792131,25.378253,-7.567892,0.773843305,-0.715549303,-0.258171383,0.001076,7,-0.075678922,-5.405637275,0.000000000,0.000000,recover
pid,33.177,-15.534817,26.979998,-8.207120,0.771975496,-0.614552291,-0.271133700,0.001076,7,-0.082071199,-5.862228532,0.000000000,0.000000,recover
pid,33.198,-16.139095,28.409032,-7.520760,0.770330307,-0.498724704,-0.281680349,0.001076,7,-0.075207605,-5.371971766,0.000000000,0.000000,recover
pid,33.218,-16.636764,29.675522,-8.066612,0.769046418,-0.410075752,-0.290366307,0.001076,7,-0.080666123,-5.761865931,0.000000000,0.000000,recover
pid,33.239,-17.028280,30.775392,-7.944136,0.767995615,-0.315555643,-0.297199555,0.001076,7,-0.079441359,-5.674382807,0.000000000,0.000000,recover
pid,33.260,-17.236514,31.667488,-11.078484,0.767189875,-0.056281405,-0.300833922,0.001076,7,-0.110784841,-7.913202923,0.000000000,0.000000,recover
pid,33.280,-16.917235,32.181038,-28.000000,0.768618203,0.446901614,-0.295261459,0.001076,7,-0.280000000,-20.000000000,0.000000000,0.000000,recover
pid,33.301,-15.680909,32.126625,-28.000000,0.777236274,1.326713309,-0.273683491,0.001076,7,-0.280000000,-20.000000000,0.000000000,0.000000,recover
pid,33.322,-13.400229,31.450017,-28.000000,0.794291372,2.245800565,-0.233878119,0.001076,7,-0.280000000,-20.000000000,0.000000000,0.000000,recover
pid,33.343,-10.204653,30.229679,23.533520,0.810813135,2.838151819,-0.178104793,0.001076,7,0.235335200,25.349497600,0.000000000,0.000000,recover
pid,33.364,-8.048409,29.414924,75.764947,0.786996728,1.231037943,-0.140471243,0.001076,7,0.757649475,65.382038607,0.000000000,0.000000,recover
pid,33.384,-9.376697,30.179602,24.031152,0.796083884,-2.032666591,-0.163654242,0.001076,7,0.240311525,19.856299008,0.000000000,0.000000,recover
pid,33.405,-13.050128,31.995821,-28.028810,0.819808301,-3.359421912,-0.227767701,0.001076,7,-0.280288100,-25.956467992,0.000000000,0.000000,recover
pid,33.426,-16.043421,33.408939,-80.241903,0.786021123,-2.031262475,-0.280010513,0.001076,7,-0.802419025,-71.903989395,0.000000000,0.000000,recover
pid,33.447,-15.698156,33.101677,-28.658620,0.775721813,1.178787050,-0.273984516,0.001076,7,-0.286586200,-26.510700793,0.000000000,0.000000,recover
pid,33.468,-12.906971,31.494086,-28.000000,0.804841776,2.736610349,-0.225269145,0.001076,7,-0.280000000,-20.000000000,0.000000000,0.000000,recover
pid,33.489,-9.098506,29.295455,24.461383,0.825873358,3.391554294,-0.158798883,0.001076,7,0.244613825,26.166016602,0.000000000,0.000000,recover
pid,33.510,-6.264335,27.474866,76.046938,0.795661689,1.816912360,-0.109333270,0.001076,7,0.760469375,65.923548666,0.000000000,0.000000,recover
pid,33.530,-6.996977,27.275080,24.363778,0.791642943,-1.562474890,-0.122120292,0.001072,7,0.243637775,20.442367866,0.000000000,0.000000,recover
pid,33.551,-10.202278,28.194769,-27.482640,0.813386845,-2.949205452,-0.178063343,0.001072,7,-0.274826400,-25.182479534,0.000000000,0.000000,recover
pid,33.572,-12.813321,28.774724,-79.262882,0.786907945,-1.723337027,-0.223634648,0.001072,7,-0.792628825,-70.749092935,0.000000000,0.000000,recover
pid,33.592,-12.170169,27.719620,-27.993718,0.784337728,1.445389898,-0.212409511,0.001072,7,-0.279937175,-25.632227739,0.000000000,0.000000,recover
pid,33.613,-9.093631,25.411990,23.907877,0.812309676,2.847876474,-0.158713797,0.001072,7,0.239078775,20.041175859,0.000000000,0.000000,recover
pid,33.634,-6.584891,23.293538,49.191740,0.792728190,1.621483648,-0.114928035,0.001072,7,0.491917396,35.136956850,0.000000000,0.000000,recover
pid,33.655,-6.563114,22.237796,-2.944350,0.782900885,-0.410017492,-0.114547950,0.001068,7,-0.029443504,-10.742802349,0.000000000,0.000000,recover
pid,33.675,-6.875826,21.396967,-38.816452,0.781983303,0.036968645,-0.120005802,0.001060,7,-0.388164515,-27.726036821,0.000000000,0.000000,recover
pid,33.696,-5.641281,19.731704,12.498286,0.789735535,1.307286607,-0.098458927,0.001060,7,0.124982860,15.483792656,0.000000000,0.000000,recover
pid,33.717,-4.484581,18.057570,-6.412302,0.786040080,0.781256535,-0.078270696,0.001060,7,-0.064123023,-4.580215928,0.000000000,0.000000,recover
pid,33.738,-3.684128,16.515162,-7.991802,0.786574827,0.804011601,-0.064300167,0.001060,7,-0.079918021,-5.708430072,0.000000000,0.000000,recover
pid,33.759,-2.493438,14.761290,2.613072,0.788972649,1.065852882,-0.043518705,0.001060,7,0.026130722,1.866480130,0.000000000,0.000000,recover
pid,33.779,-1.340927,13.002848,-3.044055,0.788577202,0.985477158,-0.023403597,0.001060,7,-0.030440550,-2.174324974,0.000000000,0.000000,recover
pid,33.800,-0.165693,11.219677,-1.352588,0.789240619,1.053833510,-0.002891893,0.001060,7,-0.013525885,-0.966134634,0.000000000,0.000000,recover
pid,33.821,1.090434,9.392421,2.273598,0.789539885,1.096693538,0.019031658,0.001060,7,0.022735978,1.623998448,0.000000000,0.000000,recover
pid,33.842,2.295771,7.590836,1.567620,0.788729152,1.030061911,0.040068759,0.001060,7,0.015676196,1.119728302,0.000000000,0.000000,recover
pid,33.863,3.433063,5.831534,2.068843,0.787958510,0.982687046,0.059918245,0.001060,7,0.020688435,1.477745344,0.000000000,0.000000,recover
pid,33.884,4.524125,4.112413,3.000624,0.787089917,0.937090403,0.078960875,0.001060,7,0.030006241,2.143302956,0.000000000,0.000000,recover
pid,33.905,5.543651,2.453055,3.506558,0.785998108,0.870833931,0.096754969,0.001060,7,0.035065582,2.504684420,0.000000000,0.000000,recover
pid,33.926,6.525575,0.788569,3.913854,0.784770754,0.792626189,0.113892777,0.001060,7,0.039138545,2.795610341,0.000000000,0.000000,recover
pid,33.946,7.328893,-0.638885,4.052224,0.783662191,0.719027926,0.127913308,0.001060,7,0.040522242,2.894445866,0.000000000,0.000000,recover
pid,33.967,8.092608,-2.057276,4.387625,0.782564646,0.646574315,0.141242659,0.001060,7,0.043876249,3.134017760,0.000000000,0.000000,recover
pid,33.988,8.772633,-3.383802,4.551651,0.781523758,0.573216992,0.153111322,0.001060,7,0.045516507,3.251179095,0.000000000,0.000000,recover
pid,34.008,9.370305,-4.613908,4.719434,0.780573662,0.502389752,0.163542667,0.001060,7,0.047194339,3.371024218,0.000000000,0.000000,recover
pid,34.029,9.889046,-5.744596,4.882396,0.779722916,0.433914223,0.172596420,0.001060,7,0.048823963,3.487425927,0.000000000,0.000000,recover
pid,34.050,10.330373,-6.772531,4.979610,0.778977590,0.366861623,0.180299029,0.001060,7,0.049796095,3.556863957,0.000000000,0.000000,recover
pid,34.071,10.696971,-7.695484,5.074269,0.778346826,0.302371342,0.186697369,0.001060,7,0.050742690,3.624477867,0.000000000,0.000000,recover
pid,34.092,10.991395,-8.511702,5.136478,0.777831934,0.239888844,0.191836037,0.001060,7,0.051364779,3.668912799,0.000000000,0.000000,recover
pid,34.113,11.215898,-9.219818,5.170961,0.777434515,0.179495526,0.195754345,0.001060,7,0.051709607,3.693543369,0.000000000,0.000000,recover
pid,34.133,11.373067,-9.819131,5.205286,0.777153704,0.121324442,0.198497457,0.001060,7,0.052052856,3.718061172,0.000000000,0.000000,recover
pid,34.154,11.463685,-10.308584,5.620780,0.776987302,0.061929710,0.200079052,0.001060,7,0.056207800,4.014842846,0.000000000,0.000000,recover
pid,34.175,11.476991,-10.682097,5.407397,0.776954083,-0.007789452,0.200311276,0.001060,7,0.054073966,3.862426164,0.000000000,0.000000,recover
pid,34.196,11.413929,-10.939674,5.373213,0.777060281,-0.072004797,0.199210643,0.001060,7,0.053732129,3.838009227,0.000000000,0.000000,recover
pid,34.217,11.280067,-11.084087,5.356669,0.777291837,-0.134088497,0.196874305,0.001060,7,0.053566691,3.826192248,0.000000000,0.000000,recover
pid,34.238,11.074162,-11.115399,5.209661,0.777648067,-0.196721108,0.193280584,0.001060,7,0.052096611,3.721186523,0.000000000,0.000000,recover
pid,34.259,10.798771,-11.035993,5.103685,0.778114437,-0.256584683,0.188474116,0.001060,7,0.051036848,3.645489164,0.000000000,0.000000,recover
pid,34.279,10.455960,-10.848529,4.960965,0.778681408,-0.315171236,0.182490930,0.001060,7,0.049609647,3.543546205,0.000000000,0.000000,recover
pid,34.300,10.047115,-10.555833,4.783300,0.779337059,-0.372377329,0.175355245,0.001060,7,0.047832999,3.416642753,0.000000000,0.000000,recover
pid,34.321,9.574151,-10.161450,4.585380,0.780066523,-0.427841752,0.167100457,0.001060,7,0.045853800,3.275271453,0.000000000,0.000000,recover
pid,34.341,9.039079,-9.669428,4.362298,0.780854539,-0.481557820,0.157761684,0.001060,7,0.043622977,3.115926894,0.000000000,0.000000,recover
pid,34.362,8.444000,-9.084294,4.114584,0.781684330,-0.533385863,0.147375610,0.001060,7,0.041145838,2.938988438,0.000000000,0.000000,recover
pid,34.383,7.790854,-8.410915,3.822751,0.782539967,-0.583527737,0.135976059,0.001056,7,0.038227507,2.730536189,0.000000000,0.000000,recover
pid,34.403,7.082963,-7.655209,3.553637,0.783395419,-0.630468471,0.123621021,0.001048,7,0.036925032,2.637502278,0.000000000,0.000000,recover
pid,34.425,6.322358,-6.822865,3.216315,0.784241781,-0.676079641,0.110345961,0.001041,7,0.032163148,2.297367734,0.000000000,0.000000,recover
pid,34.446,5.470189,-5.873495,2.848941,0.785090062,-0.720603509,0.095472806,0.001033,7,0.028489414,2.034958159,0.000000000,0.000000,recover
pid,34.467,4.612174,-4.905318,2.506896,0.785833919,-0.759042646,0.080497619,0.001026,7,0.025068957,1.790639777,0.000000000,0.000000,recover
pid,34.487,3.758378,-3.934556,2.117926,0.786471682,-0.793031767,0.065596075,0.001018,7,0.021179262,1.512804397,0.000000000,0.000000,recover
pid,34.508,2.774763,-2.811957,1.648685,0.787072274,-0.826489626,0.048428748,0.001011,7,0.016486853,1.177632381,0.000000000,0.000000,recover
pid,34.529,1.855011,-1.760181,1.270871,0.787490268,-0.850868475,0.032376053,0.001003,7,0.012708715,0.907765333,0.000000000,0.000000,recover
pid,34.549,0.810781,-0.567225,0.737934,0.787816967,-0.874107392,0.014150806,0.000996,7,0.007379335,0.527095366,0.000000000,0.000000,recover
pid,34.570,-0.152827,0.530528,-0.019862,0.787955089,-0.888325023,-0.002667342,0.000989,7,-0.000198624,-0.014187401,0.000000000,0.000000,recover
pid,34.590,-1.168186,1.689734,-1.751157,0.787802874,-0.878127420,-0.020388695,0.000982,7,-0.017511574,-1.250826729,0.000000000,0.000000,recover
pid,34.611,-2.128938,2.819878,-1.587204,0.787234060,-0.822330636,-0.037156986,0.000975,7,-0.015872041,-1.133717243,0.000000000,0.000000,recover
pid,34.632,-3.031939,3.912639,-2.234454,0.786660501,-0.776173334,-0.052917316,0.000968,7,-0.022344539,-1.596038503,0.000000000,0.000000,recover
pid,34.652,-3.917728,5.012656,-2.831706,0.785938868,-0.716908966,-0.068377246,0.000961,7,-0.028317063,-2.022647391,0.000000000,0.000000,recover
pid,34.673,-4.646391,5.952019,-2.788084,0.785216678,-0.653118358,-0.081094815,0.000954,7,-0.027880842,-1.991488716,0.000000000,0.000000,recover
pid,34.703,-5.670554,7.321870,-3.315098,0.784155369,-0.564709260,-0.098969844,0.000944,7,-0.033150982,-2.367927266,0.000000000,0.000000,recover
pid,34.724,-6.265892,8.150066,-3.409524,0.783465728,-0.502465228,-0.109360454,0.000937,7,-0.034095239,-2.435374183,0.000000000,0.000000,recover
pid,34.745,-6.817037,8.941325,-3.618190,0.782802626,-0.440679328,-0.118979740,0.000930,7,-0.036181901,-2.584421507,0.000000000,0.000000,recover
pid,34.766,-7.273395,9.617045,-3.754771,0.782226396,-0.382068833,-0.126944696,0.000923,7,-0.037547709,-2.681979222,0.000000000,0.000000,recover
pid,34.786,-7.645226,10.185482,-3.843414,0.781740447,-0.327320741,-0.133434366,0.000917,7,-0.038434136,-2.745295403,0.000000000,0.000000,recover
pid,34.807,-7.988769,10.728439,-3.974112,0.781281231,-0.268953239,-0.139430329,0.000910,7,-0.039741121,-2.838651489,0.000000000,0.000000,recover
pid,34.827,-8.238580,11.140078,-4.307952,0.780934696,-0.214637548,-0.143790351,0.000910,7,-0.043079519,-3.077108526,0.000000000,0.000000,recover
pid,34.848,-8.431655,11.486163,-4.253793,0.780649549,-0.150677692,-0.147160145,0.000910,7,-0.042537933,-3.038423755,0.000000000,0.000000,recover
pid,34.868,-8.553219,11.741218,-4.275381,0.780468023,-0.089775665,-0.149281827,0.000910,7,-0.042753812,-3.053843737,0.000000000,0.000000,recover
pid,34.889,-8.607125,11.905889,-4.314061,0.780384477,-0.030712191,-0.150222664,0.000910,7,-0.043140609,-3.081472088,0.000000000,0.000000,recover
pid,34.910,-8.593000,11.979320,-4.259036,0.780398417,0.028492964,-0.149976147,0.000910,7,-0.042590360,-3.042168565,0.000000000,0.000000,recover
pid,34.931,-8.512642,11.962160,-4.214770,0.780506381,0.085678783,-0.148573639,0.000910,7,-0.042147698,-3.010549837,0.000000000,0.000000,recover
pid,34.951,-8.367926,11.855570,-4.140483,0.780702672,0.141580963,-0.146047866,0.000910,7,-0.041404827,-2.957487626,0.000000000,0.000000,recover
pid,34.972,-8.160154,11.660905,-4.032060,0.780980953,0.196170719,-0.142421560,0.000910,7,-0.040320598,-2.880042712,0.000000000,0.000000,recover
pid,34.993,-7.891305,11.380289,-3.908866,0.781332062,0.248982372,-0.137729261,0.000907,7,-0.039088659,-2.792047055,0.000000000,0.000000,recover
pid,35.013,-7.563301,11.016254,-3.758475,0.781746505,0.300152151,-0.132004500,0.000900,7,-0.037584746,-2.684624709,0.000000000,0.000000,recover
pid,35.034,-7.178157,10.571797,-3.584930,0.782213081,0.349482261,-0.125282472,0.000894,7,-0.035849301,-2.560664356,0.000000000,0.000000,recover
pid,35.054,-6.738124,10.050431,-3.397692,0.782719571,0.396849253,-0.117602447,0.000887,7,-0.033976922,-2.426922976,0.000000000,0.000000,recover
pid,35.075,-6.245369,9.456015,-3.176129,0.783253688,0.442303521,-0.109002260,0.000881,7,-0.031761291,-2.268663653,0.000000000,0.000000,recover
pid,35.098,-5.980013,9.132774,-3.066986,0.783526390,0.464142674,-0.104370917,0.000874,7,-0.030669856,-2.190704029,0.000000000,0.000000,recover
pid,35.119,-5.413017,8.437186,-2.806759,0.784074700,0.506108953,-0.094474974,0.000868,7,-0.028067592,-2.004827999,0.000000000,0.000000,recover
pid,35.139,-4.800258,7.680490,-2.534115,0.784612532,0.545179338,-0.083780313,0.000861,7,-0.025341153,-1.810082350,0.000000000,0.000000,recover
pid,35.160,-4.145255,6.868386,-2.242778,0.785124795,0.581229963,-0.072348346,0.000855,7,-0.022427781,-1.601984345,0.000000000,0.000000,recover
pid,35.181,-3.451531,6.006866,-1.925500,0.785596683,0.614097588,-0.060240582,0.000849,7,-0.019254998,-1.375356979,0.000000000,0.000000,recover
pid,35.202,-2.723165,5.102455,-1.590277,0.786012121,0.643280523,-0.047528197,0.000843,7,-0.015902774,-1.135912419,0.000000000,0.000000,recover
pid,35.222,-1.964652,4.162116,-1.234484,0.786356667,0.668455826,-0.034289654,0.000837,7,-0.012344841,-0.881774336,0.000000000,0.000000,recover
pid,35.243,-1.180924,3.193227,-0.858946,0.786616635,0.689198852,-0.020611005,0.000831,7,-0.008589460,-0.613532863,0.000000000,0.000000,recover
pid,35.264,-0.336860,2.153728,-0.443232,0.786785449,0.705732124,-0.005879312,0.000824,7,-0.004432325,-0.316594628,0.000000000,0.000000,recover
pid,35.284,0.439210,1.201740,0.623689,0.786831519,0.714676256,0.007665665,0.000819,7,0.006236892,0.445492275,0.000000000,0.000000,recover
pid,35.305,1.285603,0.154447,1.259953,0.786621841,0.692931504,0.022438001,0.000813,7,0.012599533,0.899966674,0.000000000,0.000000,recover
pid,35.326,2.010174,-0.769006,1.255032,0.786283800,0.656749164,0.035084160,0.000807,7,0.012550316,0.896451133,0.000000000,0.000000,recover
pid,35.347,2.736992,-1.714030,1.773280,0.785916693,0.625364216,0.047769521,0.000801,7,0.017732796,1.266628273,0.000000000,0.000000,recover
pid,35.367,3.421776,-2.623833,2.088719,0.785474347,0.586069831,0.059721262,0.000795,7,0.020887186,1.491941874,0.000000000,0.000000,recover
pid,35.388,4.057458,-3.490211,2.338574,0.784994511,0.542684214,0.070816001,0.000789,7,0.023385737,1.670409809,0.000000000,0.000000,recover
pid,35.409,4.642292,-4.307747,2.619707,0.784503710,0.497748338,0.081023275,0.000784,7,0.026197067,1.871219052,0.000000000,0.000000,recover
pid,35.430,5.173225,-5.070750,2.838697,0.784011396,0.449939184,0.090289816,0.000778,7,0.028386974,2.027640993,0.000000000,0.000000,recover
pid,35.451,5.647903,-5.774201,3.031904,0.783536814,0.400541157,0.098574511,0.000772,7,0.030319037,2.165645495,0.000000000,0.000000,recover
pid,35.472,6.065115,-6.413987,3.204665,0.783093781,0.350091245,0.105856228,0.000767,7,0.032046647,2.289046224,0.000000000,0.000000,recover
pid,35.492,6.423647,-6.986385,3.338735,0.782693155,0.298625827,0.112113793,0.000761,7,0.033387352,2.384810876,0.000000000,0.000000,recover
pid,35.513,6.736261,-7.511539,3.459409,0.782329858,0.244308570,0.117569930,0.000756,7,0.034594088,2.471006286,0.000000000,0.000000,recover
pid,35.534,6.962646,-7.917439,3.540747,0.782058212,0.194940750,0.121521094,0.000750,7,0.035407473,2.529105220,0.000000000,0.000000,recover
pid,35.555,7.150422,-8.287460,3.607833,0.781827184,0.140503980,0.124798415,0.000744,7,0.036078332,2.577023688,0.000000000,0.000000,recover
pid,35.575,7.263988,-8.549784,3.637258,0.781684099,0.091458520,0.126780511,0.000739,7,0.036372576,2.598041137,0.000000000,0.000000,recover
pid,35.597,7.326438,-8.750812,3.650325,0.781602909,0.040553148,0.127870474,0.000734,7,0.036503255,2.607375355,0.000000000,0.000000,recover
pid,35.617,7.331133,-8.874511,3.636577,0.781592601,-0.009634547,0.127952407,0.000728,7,0.036365774,2.597555303,0.000000000,0.000000,recover
pid,35.638,7.279079,-8.921068,3.600225,0.781651424,-0.058874037,0.127043898,0.000723,7,0.036002247,2.571589049,0.000000000,0.000000,recover
pid,35.659,7.171505,-8.891176,3.541508,0.781776038,-0.107026007,0.125166367,0.000718,7,0.035415081,2.529648636,0.000000000,0.000000,recover
pid,35.680,7.000220,-8.778745,3.453227,0.781972657,-0.156309999,0.122176895,0.000713,7,0.034532269,2.466590640,0.000000000,0.000000,recover
pid,35.701,6.795319,-8.607072,3.364343,0.782202640,-0.199486591,0.118600682,0.000707,7,0.033643427,2.403101894,0.000000000,0.000000,recover
pid,35.722,6.529743,-8.356452,3.233021,0.782492246,-0.243804097,0.113965516,0.000702,7,0.032330209,2.309300659,0.000000000,0.000000,recover
pid,35.743,6.214859,-8.036609,3.089756,0.782821693,-0.286294546,0.108469752,0.000697,7,0.030897561,2.206968667,0.000000000,0.000000,recover
pid,35.764,5.852802,-7.650528,2.926292,0.783182132,-0.326975606,0.102150659,0.000692,7,0.029262917,2.090208375,0.000000000,0.000000,recover
pid,35.784,5.424194,-7.177479,2.728877,0.783583488,-0.367627813,0.094670038,0.000687,7,0.027288771,1.949197897,0.000000000,0.000000,recover
pid,35.805,4.996164,-6.693442,2.545404,0.783955790,-0.402088674,0.087199507,0.000682,7,0.025454042,1.818145849,0.000000000,0.000000,recover
pid,35.826,4.506548,-6.130330,2.310767,0.784348950,-0.436494377,0.078654101,0.000677,7,0.023107675,1.650548202,0.000000000,0.000000,recover
pid,35.847,3.979875,-5.516810,2.072283,0.784729776,-0.467988374,0.069461915,0.000672,7,0.020722826,1.480201875,0.000000000,0.000000,recover
pid,35.867,3.419490,-4.857924,1.814985,0.785087988,-0.496643305,0.059681355,0.000667,7,0.018149848,1.296417733,0.000000000,0.000000,recover
pid,35.889,2.798482,-4.123058,1.520983,0.785428079,-0.523460484,0.048842728,0.000662,7,0.015209828,1.086416275,0.000000000,0.000000,recover
pid,35.909,2.211785,-3.425773,1.257549,0.785691876,-0.544108065,0.038602928,0.000658,7,0.012575491,0.898249392,0.000000000,0.000000,recover
pid,35.930,1.539801,-2.625509,0.915498,0.785929356,-0.563704580,0.026874604,0.000653,7,0.009154978,0.653927035,0.000000000,0.000000,recover
pid,35.951,0.915250,-1.880912,0.628396,0.786080847,-0.576825588,0.015974120,0.000648,7,0.006283958,0.448854118,0.000000000,0.000000,recover
pid,35.972,0.245460,-1.082516,0.293478,0.786173562,-0.586762938,0.004284077,0.000643,7,0.002934783,0.209627333,0.000000000,0.000000,recover
pid,35.993,-0.431470,-0.276180,-0.594688,0.786186225,-0.591048080,-0.007530574,0.000639,7,-0.005946884,-0.424777422,0.000000000,0.000000,recover
pid,36.014,-1.096068,0.524407,-0.984864,0.786038118,-0.572258013,-0.019129990,0.000634,7,-0.009848643,-0.703474469,0.000000000,0.000000,recover
pid,36.035,-1.757972,1.343208,-1.096543,0.785790560,-0.542044876,-0.030682400,0.000629,7,-0.010965426,-0.783244701,0.000000000,0.000000,recover
pid,36.055,-2.328432,2.062068,-1.486171,0.785545948,-0.517187077,-0.040638802,0.000625,7,-0.012798646,-0.914188974,0.000000000,0.000000,recover
pid,36.076,-2.894929,2.789826,-1.749032,0.785239538,-0.484846991,-0.050526042,0.000620,7,-0.017490324,-1.249308840,0.000000000,0.000000,recover
pid,36.097,-3.420820,3.481241,-1.959308,0.784907046,-0.448948784,-0.059704566,0.000616,7,-0.019593077,-1.399505528,0.000000000,0.000000,recover
pid,36.119,-3.904523,4.131780,-2.199225,0.784566877,-0.411604840,-0.068146790,0.000611,7,-0.021992251,-1.570875052,0.000000000,0.000000,recover
pid,36.142,-4.343598,4.736780,-2.410002,0.784226748,-0.372089737,-0.075810085,0.000606,7,-0.024100015,-1.721429663,0.000000000,0.000000,recover
pid,36.166,-4.735078,5.291629,-2.544470,0.783896089,-0.329899931,-0.082642693,0.000601,7,-0.025444695,-1.817478224,0.000000000,0.000000,recover
pid,36.186,-5.077701,5.792820,-2.684599,0.783589890,-0.287153823,-0.088622597,0.000597,7,-0.026845992,-1.917570872,0.000000000,0.000000,recover
pid,36.208,-5.370847,6.237474,-2.815179,0.783315022,-0.243807485,-0.093738964,0.000592,7,-0.028151791,-2.010842201,0.000000000,0.000000,recover
pid,36.229,-5.613560,6.622895,-2.906132,0.783077481,-0.199576388,-0.097975108,0.000588,7,-0.029061319,-2.075808473,0.000000000,0.000000,recover
pid,36.250,-5.805347,6.946944,-2.976647,0.782883762,-0.155140487,-0.101322415,0.000583,7,-0.029766469,-2.126176329,0.000000000,0.000000,recover
pid,36.271,-5.946255,7.208087,-3.027670,0.782737758,-0.110750151,-0.103781719,0.000579,7,-0.030276695,-2.162621106,0.000000000,0.000000,recover
pid,36.295,-6.036381,7.405167,-3.054431,0.782641957,-0.066498505,-0.105354725,0.000575,7,-0.030544306,-2.181736160,0.000000000,0.000000,recover
pid,36.325,-6.077312,7.579356,-3.053454,0.782594694,-0.001002043,-0.106069109,0.000568,7,-0.030534539,-2.181038493,0.000000000,0.000000,recover
pid,36.346,-6.042809,7.614421,-3.026871,0.782626631,0.041818496,-0.105466921,0.000564,7,-0.030268712,-2.162050867,0.000000000,0.000000,recover
pid,36.367,-5.959971,7.585130,-2.981260,0.782706996,0.083730251,-0.104021111,0.000560,7,-0.029812604,-2.129471697,0.000000000,0.000000,recover
pid,36.387,-5.829928,7.492379,-2.914019,0.782832559,0.124635220,-0.101751446,0.000556,7,-0.029140185,-2.081441812,0.000000000,0.000000,recover
pid,36.408,-5.653980,7.337475,-2.827042,0.782999024,0.164347791,-0.098680571,0.000552,7,-0.028270417,-2.019315477,0.000000000,0.000000,recover
pid,36.428,-5.433647,7.122153,-2.721295,0.783201089,0.202686705,-0.094835022,0.000548,7,-0.027212954,-1.943782453,0.000000000,0.000000,recover
pid,36.449,-5.170632,6.848548,-2.597527,0.783432657,0.239500038,-0.090244549,0.000544,7,-0.025975267,-1.855376244,0.000000000,0.000000,recover
pid,36.469,-4.866804,6.519173,-2.454888,0.783686951,0.274637704,-0.084941756,0.000540,7,-0.024548880,-1.753491412,0.000000000,0.000000,recover
pid,36.490,-4.524245,6.136929,-2.295271,0.783956521,0.307904948,-0.078962974,0.000536,7,-0.022952712,-1.639479456,0.000000000,0.000000,recover
pid,36.511,-4.145243,5.705088,-2.118504,0.784233517,0.339127523,-0.072348140,0.000532,7,-0.021185043,-1.513217391,0.000000000,0.000000,recover
pid,36.532,-3.732303,5.227281,-1.925430,0.784509765,0.368108496,-0.065140976,0.000529,7,-0.019254296,-1.375306847,0.000000000,0.000000,recover
pid,36.553,-3.288162,4.707488,-1.716391,0.784776964,0.394644366,-0.057389261,0.000525,7,-0.017163914,-1.225993881,0.000000000,0.000000,recover
pid,36.574,-2.815806,4.150028,-1.492685,0.785026835,0.418512223,-0.049145084,0.000521,7,-0.014926855,-1.066203897,0.000000000,0.000000,recover
pid,36.595,-2.318477,3.559542,-1.254621,0.785251386,0.439489627,-0.040465052,0.000517,7,-0.012546205,-0.896157511,0.000000000,0.000000,recover
pid,36.615,-1.799685,2.940976,-1.003449,0.785443065,0.457335550,-0.031410423,0.000513,7,-0.010034492,-0.716749431,0.000000000,0.000000,recover
pid,36.637,-1.263223,2.299568,-0.740296,0.785595036,0.471805601,-0.022047393,0.000510,7,-0.007402961,-0.528782901,0.000000000,0.000000,recover
pid,36.657,-0.713163,1.640819,-0.466143,0.785701418,0.482652632,-0.012447036,0.000506,7,-0.004661434,-0.332959579,0.000000000,0.000000,recover
pid,36.678,-0.153871,0.970474,-0.182795,0.785757495,0.489619676,-0.002685551,0.000502,7,-0.001827952,-0.130568024,0.000000000,0.000000,recover
pid,36.699,0.409062,0.294934,0.478182,0.785752428,0.490517149,0.007139477,0.000498,7,0.004781820,0.341558559,0.000000000,0.000000,recover
pid,36.720,0.960107,-0.374718,0.750112,0.785647470,0.475015988,0.016757021,0.000495,7,0.007501124,0.535794582,0.000000000,0.000000,recover
pid,36.740,1.486619,-1.028743,0.922053,0.785492009,0.453896018,0.025946401,0.000491,7,0.009220532,0.658609454,0.000000000,0.000000,recover
pid,36.761,1.989138,-1.663680,1.223230,0.785310698,0.432188729,0.034717006,0.000488,7,0.012232296,0.873735431,0.000000000,0.000000,recover
pid,36.782,2.463105,-2.273852,1.443424,0.785096699,0.405966665,0.042989287,0.000484,7,0.014434242,1.031017305,0.000000000,0.000000,recover
pid,36.803,2.904282,-2.853899,1.636891,0.784864164,0.376886164,0.050689289,0.000481,7,0.016368913,1.169208055,0.000000000,0.000000,recover
pid,36.823,3.310902,-3.399821,1.840631,0.784624109,0.346079876,0.057786148,0.000477,7,0.018406307,1.314736200,0.000000000,0.000000,recover
pid,36.844,3.680102,-3.907333,2.000166,0.784382338,0.312841621,0.064229904,0.000474,7,0.020001655,1.428689643,0.000000000,0.000000,recover
pid,36.865,4.009963,-4.372830,2.146578,0.784148910,0.278182879,0.069987063,0.000470,7,0.021465783,1.533270222,0.000000000,0.000000,recover
pid,36.887,4.299163,-4.793247,2.279957,0.783930955,0.242424730,0.075034543,0.000467,7,0.022799565,1.628540375,0.000000000,0.000000,recover
pid,36.908,4.546390,-5.165798,2.381024,0.783734218,0.205494300,0.079349481,0.000463,7,0.023810235,1.700731078,0.000000000,0.000000,recover
pid,36.928,4.750686,-5.488141,2.459107,0.783564651,0.167881404,0.082915116,0.000460,7,0.024591075,1.756505356,0.000000000,0.000000,recover
pid,36.949,4.911610,-5.758469,2.523136,0.783426704,0.130009200,0.085723763,0.000457,7,0.025231357,1.802239764,0.000000000,0.000000,recover
pid,36.970,5.029127,-5.975462,2.572788,0.783323293,0.092100445,0.087774829,0.000453,7,0.025727884,1.837706015,0.000000000,0.000000,recover
pid,36.990,5.103026,-6.138017,2.591816,0.783256356,0.054047067,0.089064605,0.000450,7,0.025918158,1.851296970,0.000000000,0.000000,recover
pid,37.011,5.133661,-6.245598,2.598366,0.783227032,0.016417245,0.089599281,0.000447,7,0.025983657,1.855975483,0.000000000,0.000000,recover
pid,37.032,5.121517,-6.298030,2.583792,0.783235114,-0.020783054,0.089387340,0.000444,7,0.025837916,1.845565401,0.000000000,0.000000,recover
pid,37.053,5.067295,-6.295539,2.552889,0.783279488,-0.057286302,0.088440986,0.000440,7,0.025528892,1.823492262,0.000000000,0.000000,recover
pid,37.073,4.971871,-6.238726,2.500530,0.783358159,-0.093027606,0.086775519,0.000437,7,0.025005296,1.786092555,0.000000000,0.000000,recover
pid,37.094,4.836302,-6.128567,2.431160,0.783468197,-0.127751576,0.084409398,0.000434,7,0.024311599,1.736542778,0.000000000,0.000000,recover
pid,37.115,4.661923,-5.966451,2.346501,0.783605844,-0.161285380,0.081365897,0.000431,7,0.023465011,1.676072205,0.000000000,0.000000,recover
pid,37.136,4.450172,-5.754088,2.243489,0.783766795,-0.193524556,0.077670152,0.000428,7,0.022434893,1.602492367,0.000000000,0.000000,recover
pid,37.157,4.202704,-5.493553,2.125011,0.783946019,-0.224262859,0.073351028,0.000425,7,0.021250114,1.517865295,0.000000000,0.000000,recover
pid,37.177,3.921373,-5.187267,1.990966,0.784138061,-0.253344201,0.068440874,0.000421,7,0.019909664,1.422118890,0.000000000,0.000000,recover
pid,37.199,3.608345,-4.838035,1.846038,0.784336862,-0.280520217,0.062977499,0.000418,7,0.018460378,1.318598436,0.000000000,0.000000,recover
pid,37.220,3.265543,-4.448777,1.675500,0.784537189,-0.305919560,0.056994486,0.000415,7,0.016755000,1.196785738,0.000000000,0.000000,recover
pid,37.241,2.895632,-4.022967,1.501779,0.784731734,-0.328916932,0.050538306,0.000412,7,0.015017789,1.072699236,0.000000000,0.000000,recover
pid,37.261,2.501435,-3.564353,1.317048,0.784914746,-0.349518636,0.043658279,0.000409,7,0.013170483,0.940748802,0.000000000,0.000000,recover
pid,37.282,2.085470,-3.076711,1.114917,0.785080821,-0.367670353,0.036398324,0.000406,7,0.011149172,0.796369452,0.000000000,0.000000,recover
pid,37.304,1.650986,-2.564321,0.896298,0.785224438,-0.383188722,0.028815149,0.000403,7,0.008962980,0.640212849,0.000000000,0.000000,recover
pid,37.324,1.201161,-2.031563,0.671747,0.785340000,-0.395672287,0.020964215,0.000400,7,0.006717473,0.479819477,0.000000000,0.000000,recover
pid,37.345,0.740060,-1.483352,0.458961,0.785422081,-0.404602670,0.012916492,0.000397,7,0.004589614,0.327829544,0.000000000,0.000000,recover
pid,37.366,0.270682,-0.924198,0.197636,0.785471544,-0.411072546,0.004724298,0.000394,7,0.001976357,0.141168373,0.000000000,0.000000,recover
pid,37.387,-0.202418,-0.359402,-0.215049,0.785480160,-0.413100617,-0.003532864,0.000392,7,-0.002150489,-0.153606391,0.000000000,0.000000,recover
pid,37.408,-0.670089,0.203541,-0.561593,0.785427414,-0.404428441,-0.011695264,0.000389,7,-0.005615934,-0.401138108,0.000000000,0.000000,recover
pid,37.429,-1.120029,0.755659,-0.701276,0.785327668,-0.388149538,-0.019548201,0.000386,7,-0.007012757,-0.500911227,0.000000000,0.000000,recover
pid,37.449,-1.551243,1.293325,-0.963594,0.785208169,-0.371476297,-0.027074297,0.000383,7,-0.009635940,-0.688281448,0.000000000,0.000000,recover
pid,37.471,-1.979937,1.837171,-1.167983,0.785054782,-0.349660547,-0.034556417,0.000380,7,-0.011679830,-0.834273560,0.000000000,0.000000,recover
pid,37.491,-2.342721,2.306405,-1.324065,0.784900366,-0.327237034,-0.040888197,0.000378,7,-0.013240645,-0.945760360,0.000000000,0.000000,recover
pid,37.512,-2.697181,2.773464,-1.509676,0.784730700,-0.302243193,-0.047074682,0.000375,7,-0.015096756,-1.078339731,0.000000000,0.000000,recover
pid,37.533,-3.021000,3.209275,-1.654444,0.784556853,-0.274852984,-0.052726395,0.000372,7,-0.016544435,-1.181745391,0.000000000,0.000000,recover
pid,37.554,-3.312063,3.610489,-1.783910,0.784386505,-0.245937237,-0.057806397,0.000369,7,-0.017839103,-1.274221615,0.000000000,0.000000,recover
pid,37.574,-3.569028,3.974334,-1.901451,0.784225315,-0.215850248,-0.062291298,0.000367,7,-0.019014506,-1.358179027,0.000000000,0.000000,recover
pid,37.595,-3.790540,4.298257,-1.993840,0.784077902,-0.184606095,-0.066157397,0.000364,7,-0.019938395,-1.424171080,0.000000000,0.000000,recover
pid,37.616,-3.975635,4.580128,-2.073942,0.783949043,-0.152729561,-0.069387929,0.000361,7,-0.020739417,-1.481386934,0.000000000,0.000000,recover
pid,37.637,-4.123841,4.818288,-2.137811,0.783842015,-0.120373375,-0.071974595,0.000359,7,-0.021378108,-1.527007688,0.000000000,0.000000,recover
pid,37.658,-4.234593,5.011293,-2.178482,0.783759492,-0.087627234,-0.073907596,0.000356,7,-0.021784821,-1.556058622,0.000000000,0.000000,recover
pid,37.679,-4.310485,5.164292,-2.205856,0.783701402,-0.053258338,-0.075232153,0.000354,7,-0.022058559,-1.575611390,0.000000000,0.000000,recover
pid,37.699,-4.343588,5.258305,-2.213653,0.783674934,-0.022267653,-0.075809916,0.000351,7,-0.022136533,-1.581180906,0.000000000,0.000000,recover
pid,37.720,-4.342243,5.311426,-2.206098,0.783674049,0.010016853,-0.075786444,0.000348,7,-0.022060985,-1.575784628,0.000000000,0.000000,recover
pid,37.741,-4.304302,5.317629,-2.181958,0.783700224,0.041795494,-0.075124242,0.000346,7,-0.021819581,-1.558541524,0.000000000,0.000000,recover
pid,37.762,-4.230513,5.277368,-2.142748,0.783752084,0.072876417,-0.073836385,0.000343,7,-0.021427475,-1.530533954,0.000000000,0.000000,recover
pid,37.792,-4.054596,5.131619,-2.051529,0.783873492,0.117918934,-0.070766052,0.000340,7,-0.020515285,-1.465377511,0.000000000,0.000000,recover
pid,37.813,-3.886759,4.970578,-1.971519,0.783985023,0.147948175,-0.067836740,0.000337,7,-0.019715186,-1.408227536,0.000000000,0.000000,recover
pid,37.834,-3.704724,4.784738,-1.884984,0.784101040,0.173954340,-0.064659636,0.000335,7,-0.018849836,-1.346416825,0.000000000,0.000000,recover
pid,37.864,-3.349437,4.403970,-1.702631,0.784312656,0.213870860,-0.058458699,0.000331,7,-0.017026310,-1.216164982,0.000000000,0.000000,recover
pid,37.884,-3.098688,4.126317,-1.595383,0.784449102,0.236022698,-0.054082305,0.000329,7,-0.015953828,-1.139559170,0.000000000,0.000000,recover
pid,37.906,-2.809767,3.800580,-1.445899,0.784594710,0.258096389,-0.049039680,0.000326,7,-0.014458989,-1.032784933,0.000000000,0.000000,recover
pid,37.927,-2.497091,3.443230,-1.288215,0.784736806,0.278125305,-0.043582452,0.000324,7,-0.012882150,-0.920153580,0.000000000,0.000000,recover
pid,37.948,-2.163489,3.057634,-1.131633,0.784870263,0.295793671,-0.037760000,0.000322,7,-0.011316332,-0.808309440,0.000000000,0.000000,recover
pid,37.969,-1.811382,2.647119,-0.960187,0.784991511,0.311284911,-0.031614584,0.000319,7,-0.009601867,-0.685847663,0.000000000,0.000000,recover
pid,37.990,-1.443582,2.215334,-0.780072,0.785096229,0.324334151,-0.025195258,0.000317,7,-0.007800725,-0.557194611,0.000000000,0.000000,recover
pid,38.011,-1.062930,1.766057,-0.591093,0.785180869,0.334810260,-0.018551630,0.000315,7,-0.005910931,-0.422209354,0.000000000,0.000000,recover
pid,38.032,-0.672370,1.303215,-0.387887,0.785242743,0.342695890,-0.011735062,0.000312,7,-0.003878867,-0.277061940,0.000000000,0.000000,recover
pid,38.052,-0.275385,0.831066,-0.189305,0.785278448,0.347483904,-0.004806370,0.000310,7,-0.001893046,-0.135217592,0.000000000,0.000000,recover
pid,38.074,0.144796,0.329902,0.151933,0.785287495,0.349552710,0.002527170,0.000308,7,0.001519333,0.108523764,0.000000000,0.000000,recover
pid,38.094,0.521577,-0.122761,0.437009,0.785255921,0.343576741,0.009103232,0.000306,7,0.004370088,0.312149154,0.000000000,0.000000,recover
pid,38.115,0.904831,-0.591174,0.562108,0.785188827,0.330816251,0.015792281,0.000303,7,0.005621081,0.401505785,0.000000000,0.000000,recover
pid,38.136,1.272873,-1.047961,0.772854,0.785105771,0.317253972,0.022215826,0.000301,7,0.007728536,0.552038320,0.000000000,0.000000,recover
pid,38.157,1.622991,-1.489269,0.953914,0.785004298,0.300714546,0.028326541,0.000299,7,0.009539143,0.681367369,0.000000000,0.000000,recover
pid,38.178,1.951923,-1.911098,1.108312,0.784889488,0.281591362,0.034067490,0.000297,7,0.011083121,0.791651505,0.000000000,0.000000,recover
pid,38.198,2.257358,-2.310020,1.256348,0.784767144,0.260601231,0.039398332,0.000295,7,0.012563483,0.897391659,0.000000000,0.000000,recover
pid,38.219,2.537256,-2.682885,1.389044,0.784641568,0.237833186,0.044283466,0.000293,7,0.013890443,0.992174492,0.000000000,0.000000,recover
pid,38.239,2.789756,-3.026790,1.505197,0.784517344,0.213538616,0.048690422,0.000290,7,0.014488679,1.034905623,0.000000000,0.000000,recover
pid,38.261,3.013387,-3.339194,1.607539,0.784398848,0.188034187,0.052593523,0.000288,7,0.016075392,1.148242287,0.000000000,0.000000,recover
pid,38.282,3.206841,-3.617823,1.690916,0.784289825,0.161467927,0.055969936,0.000286,7,0.016909156,1.207796859,0.000000000,0.000000,recover
pid,38.303,3.369393,-3.860874,1.766980,0.784193834,0.134303581,0.058806993,0.000284,7,0.017669797,1.262128388,0.000000000,0.000000,recover
pid,38.324,3.500203,-4.066702,1.820073,0.784113331,0.106443791,0.061090075,0.000282,7,0.018200734,1.300052401,0.000000000,0.000000,recover
pid,38.344,3.598757,-4.234028,1.856907,0.784050710,0.078243192,0.062810167,0.000280,7,0.018569073,1.326362379,0.000000000,0.000000,recover
pid,38.365,3.665002,-4.362007,1.885731,0.784007507,0.050059742,0.063966350,0.000278,7,0.018857309,1.346950654,0.000000000,0.000000,recover
pid,38.385,3.698902,-4.450024,1.894441,0.783984479,0.021822063,0.064558018,0.000276,7,0.018944410,1.353172169,0.000000000,0.000000,recover
pid,38.406,3.700633,-4.497788,1.889723,0.783981960,-0.006150460,0.064588227,0.000274,7,0.018897235,1.349802470,0.000000000,0.000000,recover
pid,38.427,3.670647,-4.505357,1.871590,0.783999552,-0.033698541,0.064064881,0.000272,7,0.018715897,1.336849815,0.000000000,0.000000,recover
pid,38.447,3.609570,-4.473092,1.839764,0.784036290,-0.060668420,0.062998889,0.000270,7,0.018397636,1.314116847,0.000000000,0.000000,recover
pid,38.468,3.518097,-4.401603,1.790639,0.784090770,-0.086978657,0.061402377,0.000268,7,0.017906394,1.279028140,0.000000000,0.000000,recover
pid,38.489,3.397271,-4.291874,1.731623,0.784160897,-0.112339487,0.059293559,0.000266,7,0.017316228,1.236873428,0.000000000,0.000000,recover
pid,38.509,3.248119,-4.145091,1.655000,0.784244428,-0.136753897,0.056690379,0.000264,7,0.016550002,1.182143021,0.000000000,0.000000,recover
pid,38.530,3.072085,-3.962829,1.571136,0.784338332,-0.159882976,0.053617992,0.000262,7,0.015711363,1.122240222,0.000000000,0.000000,recover
pid,38.551,2.870553,-3.746830,1.471217,0.784439792,-0.181772118,0.050100604,0.000260,7,0.014712166,1.050869000,0.000000000,0.000000,recover
pid,38.572,2.645003,-3.499059,1.352597,0.784545697,-0.202328401,0.046164007,0.000258,7,0.013525972,0.966140837,0.000000000,0.000000,recover
pid,38.593,2.397403,-3.221881,1.233505,0.784652008,-0.221057032,0.041842568,0.000257,7,0.012335046,0.881074722,0.000000000,0.000000,recover
pid,38.613,2.129943,-2.917923,1.110803,0.784755288,-0.237904494,0.037174516,0.000255,7,0.011108028,0.793430569,0.000000000,0.000000,recover
pid,38.634,1.844503,-2.589811,0.966501,0.784852951,-0.253115027,0.032192651,0.000253,7,0.009665011,0.690357919,0.000000000,0.000000,recover
pid,38.655,1.543269,-2.240446,0.810376,0.784941460,-0.266361726,0.026935123,0.000251,7,0.008103764,0.578840253,0.000000000,0.000000,recover
pid,38.676,1.228614,-1.872932,0.649504,0.785017545,-0.277379554,0.021443360,0.000249,7,0.006495041,0.463931522,0.000000000,0.000000,recover
pid,38.697,0.903388,-1.490696,0.488917,0.785078336,-0.285967842,0.015767087,0.000247,7,0.004889166,0.349226139,0.000000000,0.000000,recover
pid,38.718,0.570204,-1.097141,0.317406,0.785122244,-0.292265295,0.009951945,0.000246,7,0.003174057,0.226718331,0.000000000,0.000000,recover
pid,38.738,0.231901,-0.695838,0.143157,0.785147284,-0.296014325,0.004047443,0.000244,7,0.001431573,0.102255250,0.000000000,0.000000,recover
pid,38.759,-0.108519,-0.290482,-0.106318,0.785152467,-0.297141019,-0.001894019,0.000242,7,-0.001063175,-0.075941091,0.000000000,0.000000,recover
pid,38.780,-0.446129,0.114307,-0.376900,0.785130509,-0.292576731,-0.007786425,0.000240,7,-0.003768997,-0.269214079,0.000000000,0.000000,recover
pid,38.800,-0.772735,0.512377,-0.475104,0.785082182,-0.281899168,-0.013486774,0.000239,7,-0.004751037,-0.339359820,0.000000000,0.000000,recover
pid,38.821,-1.086528,0.900599,-0.652648,0.785022448,-0.270648324,-0.018963496,0.000237,7,-0.006526485,-0.466177475,0.000000000,0.000000,recover
pid,38.842,-1.385613,1.275884,-0.811302,0.784949307,-0.256927744,-0.024183504,0.000235,7,-0.008113024,-0.579501750,0.000000000,0.000000,recover
pid,38.862,-1.666763,1.634613,-0.938037,0.784865822,-0.240751936,-0.029090498,0.000233,7,-0.009380371,-0.670026521,0.000000000,0.000000,recover
pid,38.883,-1.928175,1.973938,-1.070171,0.784776972,-0.223132268,-0.033653006,0.000232,7,-0.010701712,-0.764408017,0.000000000,0.000000,recover
pid,38.904,-2.168004,2.291118,-1.184967,0.784685299,-0.203825997,-0.037838808,0.000230,7,-0.011849668,-0.846404873,0.000000000,0.000000,recover
pid,38.925,-2.384506,2.583601,-1.285318,0.784594379,-0.183133272,-0.041617488,0.000228,7,-0.012853176,-0.918084006,0.000000000,0.000000,recover
pid,38.946,-2.576389,2.849195,-1.375395,0.784507506,-0.161363564,-0.044966475,0.000227,7,-0.013753947,-0.982424800,0.000000000,0.000000,recover
pid,38.968,-2.750129,3.096993,-1.454449,0.784423681,-0.137492369,-0.047998811,0.000225,7,-0.014544489,-1.038892057,0.000000000,0.000000,recover
pid,38.988,-2.881930,3.292146,-1.510216,0.784356753,-0.115146996,-0.050299166,0.000223,7,-0.015102160,-1.078725750,0.000000000,0.000000,recover
pid,39.009,-2.994092,3.466477,-1.562975,0.784297665,-0.091268881,-0.052256765,0.000222,7,-0.015629751,-1.116410791,0.000000000,0.000000,recover
pid,39.030,-3.078515,3.607818,-1.597313,0.784251649,-0.066951710,-0.053730229,0.000220,7,-0.015973127,-1.140937619,0.000000000,0.000000,recover
pid,39.051,-3.134916,3.715335,-1.618512,0.784220006,-0.042487728,-0.054714610,0.000219,7,-0.016185116,-1.156079714,0.000000000,0.000000,recover
pid,39.072,-3.163311,3.788525,-1.627752,0.784203408,-0.018068699,-0.055210199,0.000217,7,-0.016277519,-1.162679946,0.000000000,0.000000,recover
pid,39.092,-3.163139,3.828158,-1.621827,0.784202386,0.007396619,-0.055207190,0.000215,7,-0.016218265,-1.158447522,0.000000000,0.000000,recover
pid,39.113,-3.136857,3.831210,-1.606608,0.784215675,0.030073666,-0.054748490,0.000214,7,-0.016066076,-1.147576856,0.000000000,0.000000,recover
pid,39.134,-3.082897,3.801061,-1.576968,0.784243547,0.053480832,-0.053806710,0.000212,7,-0.015769678,-1.126405567,0.000000000,0.000000,recover
pid,39.154,-3.002606,3.737243,-1.533785,0.784284563,0.076268697,-0.052405359,0.000211,7,-0.015337848,-1.095560585,0.000000000,0.000000,recover
pid,39.176,-2.896857,3.640603,-1.479689,0.784337177,0.098250565,-0.050559687,0.000209,7,-0.014796894,-1.056921001,0.000000000,0.000000,recover
pid,39.196,-2.766668,3.512232,-1.413610,0.784399556,0.119313491,-0.048287469,0.000208,7,-0.014136097,-1.009721241,0.000000000,0.000000,recover
pid,39.217,-2.613211,3.353465,-1.336429,0.784469569,0.139312574,-0.045609131,0.000206,7,-0.013364295,-0.954592496,0.000000000,0.000000,recover
pid,39.238,-2.437820,3.165879,-1.248834,0.784544862,0.158110447,-0.042547992,0.000205,7,-0.012488337,-0.892024093,0.000000000,0.000000,recover
pid,39.259,-2.241977,2.951274,-1.151198,0.784622944,0.175582215,-0.039129885,0.000203,7,-0.011511981,-0.822284392,0.000000000,0.000000,recover
pid,39.279,-2.027308,2.711664,-1.043953,0.784701229,0.191598775,-0.035383195,0.000202,7,-0.010439534,-0.745680966,0.000000000,0.000000,recover
pid,39.300,-1.795693,2.449319,-0.931770,0.784776989,0.205966588,-0.031340754,0.000200,7,-0.009317698,-0.665549878,0.000000000,0.000000,recover
pid,39.321,-1.548904,2.166580,-0.806129,0.784848031,0.218750136,-0.027033476,0.000199,7,-0.008061286,-0.575806109,0.000000000,0.000000,recover
pid,39.341,-1.289072,1.866068,-0.681425,0.784911468,0.229552191,-0.022498554,0.000197,7,-0.006814249,-0.486732041,0.000000000,0.000000,recover
pid,39.362,-1.018243,1.550460,-0.540794,0.784965817,0.238632710,-0.017771693,0.000196,7,-0.005407942,-0.386281594,0.000000000,0.000000,recover
pid,39.383,-0.738880,1.222715,-0.402993,0.785008498,0.245522861,-0.012895883,0.000195,7,-0.004029926,-0.287851883,0.000000000,0.000000,recover
pid,39.403,-0.453249,0.885767,-0.254786,0.785038576,0.250426524,-0.007910694,0.000193,7,-0.002547865,-0.181990328,0.000000000,0.000000,recover
pid,39.424,-0.163844,0.542707,-0.105256,0.785054621,0.253093512,-0.002859623,0.000192,7,-0.001052560,-0.075182885,0.000000000,0.000000,recover
pid,39.445,0.126733,0.196714,0.119196,0.785056076,0.253493410,0.002211904,0.000190,7,0.001191957,0.085139776,0.000000000,0.000000,recover
pid,39.466,0.414333,-0.148290,0.326032,0.785037962,0.249109647,0.007231467,0.000189,7,0.003260316,0.232879696,0.000000000,0.000000,recover
pid,39.487,0.692320,-0.487226,0.410492,0.785001847,0.240048531,0.012083261,0.000188,7,0.004104917,0.293208339,0.000000000,0.000000,recover
pid,39.507,0.959693,-0.817678,0.566331,0.784957565,0.230547612,0.016749801,0.000186,7,0.005663305,0.404521788,0.000000000,0.000000,recover
pid,39.528,1.214422,-1.136824,0.702406,0.784903430,0.218843963,0.021195664,0.000185,7,0.007024056,0.501718296,0.000000000,0.000000,recover
pid,39.549,1.453854,-1.441624,0.808844,0.784841715,0.204960492,0.025374536,0.000184,7,0.008088441,0.577745758,0.000000000,0.000000,recover
pid,39.570,1.676214,-1.729543,0.918014,0.784776155,0.189780860,0.029255458,0.000182,7,0.009180137,0.655724070,0.000000000,0.000000,recover
pid,39.591,1.880181,-1.998365,1.024793,0.784708981,0.173377816,0.032815352,0.000181,7,0.010247933,0.731995210,0.000000000,0.000000,recover
pid,39.611,2.064197,-2.245883,1.108747,0.784642122,0.155524891,0.036027026,0.000180,7,0.011087470,0.791962163,0.000000000,0.000000,recover
pid,39.632,2.226809,-2.470071,1.181718,0.784578401,0.136678394,0.038865149,0.000178,7,0.011817179,0.844084197,0.000000000,0.000000,recover
pid,39.654,2.367335,-2.669401,1.253980,0.784520068,0.117223809,0.041317796,0.000177,7,0.012539799,0.895699897,0.000000000,0.000000,recover
pid,39.674,2.484826,-2.842369,1.302784,0.784468581,0.096875679,0.043368404,0.000176,7,0.013027836,0.930559730,0.000000000,0.000000,recover
pid,39.695,2.578654,-2.987772,1.345003,0.784425859,0.076162645,0.045006001,0.000174,7,0.013450035,0.960716756,0.000000000,0.000000,recover
pid,39.716,2.648569,-3.104749,1.379310,0.784393016,0.055214091,0.046226242,0.000173,7,0.013793097,0.985221189,0.000000000,0.000000,recover
pid,39.737,2.694210,-3.192546,1.395029,0.784370871,0.033977440,0.047022837,0.000172,7,0.013950288,0.996449153,0.000000000,0.000000,recover
pid,39.758,2.715538,-3.250724,1.401268,0.784360015,0.012799237,0.047395076,0.000171,7,0.014012679,1.000905652,0.000000000,0.000000,recover
pid,39.778,2.712730,-3.279114,1.396397,0.784360540,-0.008210625,0.047346065,0.000169,7,0.013963973,0.997426639,0.000000000,0.000000,recover
pid,39.799,2.686090,-3.277772,1.380693,0.784372204,-0.028902457,0.046881120,0.000168,7,0.013806927,0.986209102,0.000000000,0.000000,recover
pid,39.820,2.636095,-3.246999,1.353548,0.784394426,-0.049157988,0.046008543,0.000167,7,0.013535483,0.966820207,0.000000000,0.000000,recover
pid,39.840,2.563331,-3.187311,1.314303,0.784426329,-0.068857456,0.044738567,0.000166,7,0.013143034,0.938788142,0.000000000,0.000000,recover
pid,39.861,2.468649,-3.099506,1.268592,0.784466637,-0.087761285,0.043086057,0.000164,7,0.012685921,0.906137233,0.000000000,0.000000,recover
pid,39.882,2.352900,-2.984536,1.206725,0.784514076,-0.105950305,0.041065858,0.000163,7,0.012067249,0.861946356,0.000000000,0.000000,recover
pid,39.903,2.217075,-2.843566,1.135977,0.784566925,-0.123149470,0.038695250,0.000162,7,0.011359772,0.811412301,0.000000000,0.000000,recover
pid,39.924,2.062521,-2.678070,1.059956,0.784623270,-0.139182232,0.035997774,0.000161,7,0.010599557,0.757111202,0.000000000,0.000000,recover
pid,39.945,1.890530,-2.489630,0.972326,0.784681361,-0.154071092,0.032995967,0.000160,7,0.009723256,0.694518292,0.000000000,0.000000,recover
pid,39.966,1.702570,-2.280036,0.877658,0.784739157,-0.167623603,0.029715450,0.000159,7,0.008776578,0.626898430,0.000000000,0.000000,recover
pid,39.986,1.500261,-2.051261,0.775775,0.784794724,-0.179747456,0.026184496,0.000157,7,0.007757755,0.554125322,0.000000000,0.000000,recover
pid,40.007,1.285307,-1.805427,0.666743,0.784846209,-0.190354209,0.022432843,0.000156,7,0.006667430,0.476244995,0.000000000,0.000000,recover
pid,40.028,1.059649,-1.544857,0.555481,0.784891720,-0.199265038,0.018494361,0.000155,7,0.005554806,0.396771862,0.000000000,0.000000,recover
pid,40.049,0.825150,-1.271919,0.439021,0.784929824,-0.206468274,0.014401584,0.000154,7,0.004390208,0.313586300,0.000000000,0.000000,recover
pid,40.070,0.583830,-0.989125,0.315020,0.784959321,-0.211950630,0.010189750,0.000153,7,0.003150198,0.225014153,0.000000000,0.000000,recover
pid,40.091,0.337563,-0.698972,0.178030,0.784979411,-0.215766830,0.005891584,0.000152,7,0.001780297,0.127164062,0.000000000,0.000000,recover
pid,40.111,0.088753,-0.404245,0.051932,0.784988543,-0.217378611,0.001549025,0.000151,7,0.000519315,0.037093941,0.000000000,0.000000,recover
pid,40.132,-0.160122,-0.107794,-0.141998,0.784986394,-0.216752151,-0.002794664,0.000150,7,-0.001419985,-0.101427488,0.000000000,0.000000,recover
pid,40.153,-0.405145,0.186850,-0.285744,0.784970159,-0.212113662,-0.007071119,0.000148,7,-0.002857445,-0.204103181,0.000000000,0.000000,recover
pid,40.173,-0.642107,0.476025,-0.380449,0.784942886,-0.204650266,-0.011206875,0.000147,7,-0.003804492,-0.271749440,0.000000000,0.000000,recover
pid,40.194,-0.869743,0.757484,-0.504650,0.784908679,-0.196143246,-0.015179878,0.000146,7,-0.005046497,-0.360464046,0.000000000,0.000000,recover
pid,40.215,-1.086088,1.028711,-0.615810,0.784867660,-0.185847345,-0.018955806,0.000145,7,-0.006158100,-0.439864284,0.000000000,0.000000,recover
pid,40.236,-1.289377,1.287351,-0.715416,0.784821691,-0.173959563,-0.022503879,0.000144,7,-0.007154160,-0.511011457,0.000000000,0.000000,recover
pid,40.257,-1.477915,1.531162,-0.811191,0.784772912,-0.160816185,-0.025794485,0.000143,7,-0.008111911,-0.579422210,0.000000000,0.000000,recover
pid,40.278,-1.650395,1.758178,-0.896644,0.784723003,-0.146443333,-0.028804819,0.000142,7,-0.008966439,-0.640459945,0.000000000,0.000000,recover
pid,40.299,-1.805406,1.966489,-0.966052,0.784673747,-0.130897962,-0.031510276,0.000141,7,-0.009660521,-0.690037202,0.000000000,0.000000,recover
pid,40.319,-1.942002,2.154513,-1.035396,0.784627227,-0.114679424,-0.033894331,0.000140,7,-0.010353965,-0.739568927,0.000000000,0.000000,recover
pid,40.340,-2.059291,2.320818,-1.088529,0.784584690,-0.097610511,-0.035941417,0.000139,7,-0.010885292,-0.777520856,0.000000000,0.000000,recover
pid,40.361,-2.156587,2.464192,-1.132779,0.784547672,-0.080004171,-0.037639538,0.000138,7,-0.011327786,-0.809127583,0.000000000,0.000000,recover
pid,40.382,-2.236638,2.588958,-1.168640,0.784515985,-0.061091989,-0.039036695,0.000137,7,-0.011686396,-0.834742536,0.000000000,0.000000,recover
pid,40.403,-2.289243,2.678361,-1.192091,0.784494484,-0.043742429,-0.039954831,0.000136,7,-0.011920909,-0.851493518,0.000000000,0.000000,recover
pid,40.423,-2.324118,2.747836,-1.206802,0.784479792,-0.025370150,-0.040563510,0.000135,7,-0.012068023,-0.862001654,0.000000000,0.000000,recover
pid,40.444,-2.337895,2.791690,-1.209174,0.784473574,-0.006974952,-0.040803973,0.000134,7,-0.012091738,-0.863695556,0.000000000,0.000000,recover
pid,40.465,-2.330745,2.809815,-1.203299,0.784475878,0.011225505,-0.040679181,0.000133,7,-0.012032986,-0.859499026,0.000000000,0.000000,recover
pid,40.486,-2.302968,2.802309,-1.187746,0.784486459,0.029131564,-0.040194372,0.000132,7,-0.011877464,-0.848390306,0.000000000,0.000000,recover
pid,40.507,-2.254991,2.769473,-1.161277,0.784504834,0.046645646,-0.039357015,0.000131,7,-0.011612767,-0.829483361,0.000000000,0.000000,recover
pid,40.527,-2.187394,2.711818,-1.125893,0.784530258,0.063610939,-0.038177232,0.000130,7,-0.011258926,-0.804209007,0.000000000,0.000000,recover
pid,40.548,-2.100869,2.630045,-1.081656,0.784561787,0.079912341,-0.036667087,0.000129,7,-0.010816562,-0.772611564,0.000000000,0.000000,recover
pid,40.569,-1.996275,2.525067,-1.026058,0.784598324,0.095490279,-0.034841573,0.000128,7,-0.010260582,-0.732898699,0.000000000,0.000000,recover
pid,40.590,-1.874565,2.397968,-0.963586,0.784638535,0.110151462,-0.032717334,0.000127,7,-0.009635857,-0.688275531,0.000000000,0.000000,recover
pid,40.610,-1.736895,2.250046,-0.894116,0.784681018,0.123800312,-0.030314531,0.000126,7,-0.008941157,-0.638654052,0.000000000,0.000000,recover
pid,40.631,-1.584505,2.082757,-0.819687,0.784724274,0.136304750,-0.027654827,0.000126,7,-0.008196870,-0.585490718,0.000000000,0.000000,recover
pid,40.652,-1.418723,1.897700,-0.735380,0.784766949,0.147680271,-0.024761394,0.000125,7,-0.007353795,-0.525271102,0.000000000,0.000000,recover
pid,40.672,-1.241022,1.696640,-0.646748,0.784807474,0.157732469,-0.021659922,0.000124,7,-0.006467482,-0.461962982,0.000000000,0.000000,recover
pid,40.692,-1.052883,1.481434,-0.550161,0.784844587,0.166462921,-0.018376280,0.000123,7,-0.005501606,-0.392971866,0.000000000,0.000000,recover
pid,40.714,-0.855900,1.254070,-0.445319,0.784877062,0.173812565,-0.014938277,0.000122,7,-0.004453189,-0.318084915,0.000000000,0.000000,recover
pid,40.735,-0.651725,1.016629,-0.337786,0.784903641,0.179601138,-0.011374744,0.000121,7,-0.003377860,-0.241275748,0.000000000,0.000000,recover
pid,40.756,-0.442357,0.771411,-0.232396,0.784923271,0.183688850,-0.007720594,0.000120,7,-0.002323964,-0.165997417,0.000000000,0.000000,recover
pid,40.777,-0.229621,0.520679,-0.123694,0.784935463,0.186154444,-0.004007637,0.000119,7,-0.001236939,-0.088352771,0.000000000,0.000000,recover
pid,40.797,-0.015449,0.266776,-0.010165,0.784939876,0.187009869,-0.000269644,0.000118,7,-0.000101652,-0.007260889,0.000000000,0.000000,recover
pid,40.818,0.198076,0.012134,0.163368,0.784935448,0.185602304,0.003457075,0.000118,7,0.001633682,0.116691593,0.000000000,0.000000,recover
pid,40.839,0.406768,-0.239828,0.249903,0.784920493,0.180542307,0.007099446,0.000117,7,0.002499032,0.178502290,0.000000000,0.000000,recover
pid,40.859,0.608723,-0.486770,0.361583,0.784899631,0.174482854,0.010624228,0.000116,7,0.003615828,0.258273413,0.000000000,0.000000,recover
pid,40.880,0.802333,-0.726531,0.456792,0.784872618,0.166651677,0.014003358,0.000115,7,0.004567921,0.326280092,0.000000000,0.000000,recover
pid,40.901,0.985784,-0.956901,0.548556,0.784841109,0.157469529,0.017205183,0.000114,7,0.005485561,0.391825790,0.000000000,0.000000,recover
pid,40.921,1.157712,-1.175942,0.636660,0.784806409,0.147063127,0.020205888,0.000113,7,0.006366597,0.454756903,0.000000000,0.000000,recover
pid,40.942,1.316737,-1.381784,0.718647,0.784769849,0.135523528,0.022981398,0.000113,7,0.007186473,0.513319484,0.000000000,0.000000,recover
pid,40.963,1.461659,-1.572719,0.788267,0.784732700,0.122861802,0.025510755,0.000112,7,0.007882673,0.563048049,0.000000000,0.000000,recover
pid,40.984,1.591223,-1.747108,0.848065,0.784696457,0.109286203,0.027772080,0.000111,7,0.008480651,0.605760805,0.000000000,0.000000,recover
pid,41.005,1.704783,-1.903693,0.906869,0.784662502,0.095113297,0.029754076,0.000110,7,0.009068695,0.647763918,0.000000000,0.000000,recover
pid,41.026,1.801484,-2.041227,0.952989,0.784631813,0.080247229,0.031441831,0.000109,7,0.009529886,0.680706140,0.000000000,0.000000,recover
pid,41.047,1.880668,-2.158667,0.986616,0.784605445,0.064831328,0.032823841,0.000109,7,0.009866162,0.704725830,0.000000000,0.000000,recover
pid,41.067,1.942017,-2.255245,1.017972,0.784584307,0.049214935,0.033894592,0.000108,7,0.010179717,0.727122669,0.000000000,0.000000,recover
pid,41.088,1.985172,-2.330294,1.034032,0.784568915,0.033255844,0.034647788,0.000107,7,0.010340317,0.738594038,0.000000000,0.000000,recover
pid,41.109,2.010013,-2.383383,1.044874,0.784559758,0.017293616,0.035081342,0.000106,7,0.010448736,0.746338259,0.000000000,0.000000,recover
pid,41.130,2.016579,-2.414280,1.045606,0.784556989,0.001348027,0.035195937,0.000105,7,0.010456063,0.746861635,0.000000000,0.000000,recover
pid,41.151,2.004984,-2.422914,1.037246,0.784560601,-0.014436175,0.034993581,0.000105,7,0.010372463,0.740890197,0.000000000,0.000000,recover
pid,41.171,1.975568,-2.409443,1.022384,0.784570338,-0.029891237,0.034480164,0.000104,7,0.010223836,0.730274006,0.000000000,0.000000,recover
pid,41.192,1.928701,-2.374164,0.995633,0.784585808,-0.045025468,0.033662184,0.000103,7,0.009956325,0.711166081,0.000000000,0.000000,recover
pid,41.213,1.864906,-2.317567,0.961479,0.784606385,-0.059634085,0.032548744,0.000102,7,0.009614792,0.686770879,0.000000000,0.000000,recover
pid,41.234,1.784900,-2.240350,0.921311,0.784631270,-0.073588934,0.031152382,0.000102,7,0.009213112,0.658079445,0.000000000,0.000000,recover
pid,41.255,1.689501,-2.143373,0.872118,0.784659595,-0.086860640,0.029487347,0.000101,7,0.008721185,0.622941759,0.000000000,0.000000,recover
pid,41.276,1.579540,-2.027611,0.816577,0.784690337,-0.099298073,0.027568166,0.000100,7,0.008165768,0.583269125,0.000000000,0.000000,recover
pid,41.296,1.456084,-1.894253,0.754084,0.784722426,-0.110830971,0.025413464,0.000099,7,0.007540844,0.538631727,0.000000000,0.000000,recover
pid,41.317,1.320210,-1.744587,0.684294,0.784754773,-0.121385640,0.023042013,0.000099,7,0.006842936,0.488781166,0.000000000,0.000000,recover
pid,41.338,1.173146,-1.580065,0.609370,0.784786228,-0.130843086,0.020475259,0.000098,7,0.006093700,0.435264317,0.000000000,0.000000,recover
pid,41.359,1.016083,-1.402201,0.523264,0.784815872,-0.139261015,0.017733997,0.000097,7,0.005232638,0.373759872,0.000000000,0.000000,recover
pid,41.379,0.850519,-1.212726,0.439852,0.784842370,-0.146289560,0.014844357,0.000097,7,0.004398517,0.314179757,0.000000000,0.000000,recover
pid,41.400,0.678096,-1.013504,0.357532,0.784864838,-0.151919986,0.011835006,0.000096,7,0.003575324,0.255380258,0.000000000,0.000000,recover
pid,41.421,0.500174,-0.806321,0.263284,0.784882865,-0.156378540,0.008729690,0.000095,7,0.002632837,0.188059791,0.000000000,0.000000,recover
pid,41.442,0.318195,-0.593042,0.161876,0.784895741,-0.159524410,0.005553551,0.000094,7,0.001618759,0.115625651,0.000000000,0.000000,recover
pid,41.462,0.133991,-0.375753,0.068585,0.784902633,-0.161017478,0.002338587,0.000094,7,0.000685847,0.048989050,0.000000000,0.000000,recover
pid,41.483,-0.050731,-0.156501,-0.046555,0.784903652,-0.161094762,-0.000885426,0.000093,7,-0.000465553,-0.033253763,0.000000000,0.000000,recover
pid,41.504,-0.233710,0.062397,-0.170469,0.784897622,-0.158812799,-0.004079010,0.000092,7,-0.001704690,-0.121763552,0.000000000,0.000000,recover
pid,41.525,-0.411859,0.278239,-0.242533,0.784884769,-0.154034988,-0.007188288,0.000092,7,-0.002425327,-0.173237634,0.000000000,0.000000,recover
pid,41.545,-0.583780,0.489131,-0.335316,0.784867722,-0.148400125,-0.010188881,0.000091,7,-0.003353158,-0.239511302,0.000000000,0.000000,recover
pid,41.566,-0.748237,0.693293,-0.425818,0.784846639,-0.141508795,-0.013059194,0.000090,7,-0.004258179,-0.304155630,0.000000000,0.000000,recover
pid,41.587,-0.903565,0.888788,-0.498161,0.784822121,-0.133149427,-0.015770189,0.000090,7,-0.004981607,-0.355829039,0.000000000,0.000000,recover
pid,41.608,-1.048551,1.073946,-0.575320,0.784795722,-0.123926216,-0.018300665,0.000089,7,-0.005753198,-0.410942714,0.000000000,0.000000,recover
pid,41.629,-1.182143,1.247239,-0.641366,0.784768118,-0.113617601,-0.020632283,0.000088,7,-0.006413663,-0.458118785,0.000000000,0.000000,recover
pid,41.649,-1.303052,1.407100,-0.697054,0.784740450,-0.102378361,-0.022742551,0.000088,7,-0.006970545,-0.497896060,0.000000000,0.000000,recover
pid,41.670,-1.410632,1.552344,-0.754991,0.784713902,-0.090585873,-0.024620171,0.000087,7,-0.007549908,-0.539279162,0.000000000,0.000000,recover
pid,41.691,-1.504108,1.681813,-0.800341,0.784689166,-0.078053848,-0.026251636,0.000087,7,-0.008003415,-0.571672466,0.000000000,0.000000,recover
pid,41.711,-1.582716,1.794449,-0.835628,0.784667178,-0.064964602,-0.027623613,0.000086,7,-0.008356276,-0.596876833,0.000000000,0.000000,recover
pid,41.732,-1.646020,1.889445,-0.865139,0.784648704,-0.051529766,-0.028728464,0.000085,7,-0.008651391,-0.617956533,0.000000000,0.000000,recover
pid,41.753,-1.693695,1.966148,-0.886221,0.784634286,-0.037809045,-0.029560548,0.000085,7,-0.008862211,-0.633015057,0.000000000,0.000000,recover
pid,41.774,-1.725511,2.024056,-0.900010,0.784624361,-0.023946547,-0.030115852,0.000084,7,-0.009000099,-0.642864247,0.000000000,0.000000,recover
pid,41.794,-1.741406,2.062852,-0.906246,0.784619178,-0.010047474,-0.030393261,0.000083,7,-0.009062460,-0.647318591,0.000000000,0.000000,recover
pid,41.815,-1.741410,2.082373,-0.904148,0.784618831,0.003792137,-0.030393340,0.000083,7,-0.009041477,-0.645819795,0.000000000,0.000000,recover
pid,41.836,-1.725699,2.082631,-0.895223,0.784623245,0.017440642,-0.030119137,0.000082,7,-0.009003687,-0.643120472,0.000000000,0.000000,recover
pid,41.857,-1.694573,2.063805,-0.878281,0.784632189,0.030816875,-0.029575884,0.000082,7,-0.008782805,-0.627343219,0.000000000,0.000000,recover
pid,41.878,-1.648396,2.026211,-0.852566,0.784645302,0.043838957,-0.028769934,0.000081,7,-0.008525665,-0.608976053,0.000000000,0.000000,recover
pid,41.898,-1.587700,1.970349,-0.820515,0.784662059,0.056362265,-0.027710596,0.000081,7,-0.008205146,-0.586081861,0.000000000,0.000000,recover
pid,41.919,-1.513122,1.896868,-0.781469,0.784681838,0.068313209,-0.026408953,0.000080,7,-0.007814691,-0.558192188,0.000000000,0.000000,recover
pid,41.940,-1.425413,1.806570,-0.737683,0.784703892,0.079558998,-0.024878152,0.000079,7,-0.007376834,-0.526916688,0.000000000,0.000000,recover
pid,41.961,-1.325383,1.700377,-0.683807,0.784727515,0.090134989,-0.023132301,0.000079,7,-0.006838075,-0.488433903,0.000000000,0.000000,recover
pid,41.981,-1.213937,1.579343,-0.626004,0.784751798,0.099835110,-0.021187193,0.000078,7,-0.006260036,-0.447145429,0.000000000,0.000000,recover
pid,42.002,-1.092156,1.444686,-0.563997,0.784775889,0.108600563,-0.019061719,0.000078,7,-0.005639973,-0.402855196,0.000000000,0.000000,recover
pid,42.023,-0.961116,1.297697,-0.495985,0.784798996,0.116407757,-0.016774636,0.000077,7,-0.004959853,-0.354275235,0.000000000,0.000000,final_hold
pid,42.044,-0.822004,1.139789,-0.424241,0.784820284,0.123152876,-0.014346670,0.000077,7,-0.004242414,-0.303029544,0.000000000,0.000000,final_hold
pid,42.065,-0.676081,0.972466,-0.348890,0.784839027,0.128787223,-0.011799837,0.000076,7,-0.003488905,-0.249207471,0.000000000,0.000000,final_hold
pid,42.085,-0.524678,0.797320,-0.272379,0.784854536,0.133218675,-0.009157355,0.000075,7,-0.002723786,-0.194556138,0.000000000,0.000000,final_hold
pid,42.107,-0.361432,0.606864,-0.190758,0.784866778,0.136551749,-0.006308174,0.000075,7,-0.001907578,-0.136255575,0.000000000,0.000000,final_hold
pid,42.128,-0.203131,0.420907,-0.105568,0.784874340,0.138569967,-0.003545306,0.000074,7,-0.001055684,-0.075406022,0.000000000,0.000000,final_hold
pid,42.149,-0.043659,0.232322,-0.021660,0.784877472,0.139271379,-0.000761995,0.000074,7,-0.000216603,-0.015471652,0.000000000,0.000000,final_hold
pid,42.169,0.107615,0.052333,0.088683,0.784876217,0.138662599,0.001878242,0.000073,7,0.000886833,0.063345222,0.000000000,0.000000,final_hold
pid,42.190,0.264408,-0.135932,0.174537,0.784869607,0.135817138,0.004614789,0.000073,7,0.001745375,0.124669619,0.000000000,0.000000,final_hold
pid,42.210,0.416460,-0.320857,0.242050,0.784858712,0.131412816,0.007268604,0.000072,7,0.002420505,0.172893208,0.000000000,0.000000,final_hold
pid,42.231,0.562826,-0.500940,0.321922,0.784844741,0.126167584,0.009823164,0.000072,7,0.003219219,0.229944213,0.000000000,0.000000,final_hold
pid,42.251,0.702159,-0.674525,0.393415,0.784827880,0.119734721,0.012254984,0.000071,7,0.003934151,0.281010767,0.000000000,0.000000,final_hold
pid,42.272,0.839603,-0.848120,0.462299,0.784807928,0.111868804,0.014653837,0.000071,7,0.004622986,0.330213282,0.000000000,0.000000,final_hold
pid,42.293,0.960832,-1.003642,0.521655,0.784787611,0.103422876,0.016769677,0.000070,7,0.005216547,0.372610521,0.000000000,0.000000,final_hold
pid,42.314,1.071764,-1.148309,0.576908,0.784766837,0.094189261,0.018705815,0.000070,7,0.005769082,0.412077301,0.000000000,0.000000,final_hold
pid,42.335,1.171506,-1.280897,0.626540,0.784746368,0.084245994,0.020446638,0.000069,7,0.006265399,0.447528490,0.000000000,0.000000,final_hold
pid,42.355,1.255220,-1.394686,0.667334,0.784727868,0.074213501,0.021907724,0.000069,7,0.006673338,0.476666988,0.000000000,0.000000,final_hold
pid,42.376,1.334622,-1.505685,0.707601,0.784709240,0.062631383,0.023293549,0.000068,7,0.007076014,0.505429571,0.000000000,0.000000,final_hold
pid,42.397,1.394053,-1.591967,0.734161,0.784694543,0.051684200,0.024330815,0.000068,7,0.007341612,0.524400889,0.000000000,0.000000,final_hold
pid,42.418,1.443552,-1.667646,0.759584,0.784681847,0.039948230,0.025194734,0.000067,7,0.007595844,0.542560299,0.000000000,0.000000,final_hold
pid,42.439,1.479391,-1.727279,0.775673,0.784672329,0.027952973,0.025820236,0.000067,7,0.007756734,0.554052421,0.000000000,0.000000,final_hold
pid,42.460,1.501360,-1.770463,0.783883,0.784666294,0.015837202,0.026203667,0.000066,7,0.007838827,0.559916240,0.000000000,0.000000,final_hold
pid,42.480,1.509459,-1.796987,0.786494,0.784663889,0.003745380,0.026345028,0.000066,7,0.007864944,0.561781721,0.000000000,0.000000,final_hold
pid,42.501,1.503761,-1.806768,0.781842,0.784665132,-0.008262157,0.026245581,0.000065,7,0.007818424,0.558458824,0.000000000,0.000000,final_hold
pid,42.521,1.483158,-1.799105,0.770849,0.784670240,-0.020636145,0.025885986,0.000065,7,0.007708491,0.550606527,0.000000000,0.000000,final_hold
pid,42.541,1.451896,-1.776544,0.754608,0.784678006,-0.031569064,0.025340370,0.000064,7,0.007546085,0.539006057,0.000000000,0.000000,final_hold
pid,42.562,1.406386,-1.737084,0.729353,0.784689104,-0.042751663,0.024546064,0.000064,7,0.007293531,0.520966519,0.000000000,0.000000,final_hold
pid,42.583,1.345228,-1.678835,0.696075,0.784703514,-0.053999096,0.023478656,0.000063,7,0.006960747,0.497196215,0.000000000,0.000000,final_hold
pid,42.604,1.278680,-1.611893,0.662673,0.784718473,-0.063615729,0.022317177,0.000063,7,0.006626727,0.473337671,0.000000000,0.000000,final_hold
pid,42.625,1.197752,-1.527524,0.618673,0.784735694,-0.073197937,0.020904723,0.000062,7,0.006186726,0.441908998,0.000000000,0.000000,final_hold
pid,42.647,1.106459,-1.429762,0.572798,0.784753738,-0.082012072,0.019311360,0.000062,7,0.005727982,0.409141548,0.000000000,0.000000,final_hold
pid,42.667,1.005710,-1.319611,0.521605,0.784772003,-0.090071369,0.017552949,0.000061,7,0.005216050,0.372575025,0.000000000,0.000000,final_hold
pid,42.689,0.890689,-1.191771,0.460880,0.784790753,-0.097680073,0.015545452,0.000061,7,0.004608799,0.329199957,0.000000000,0.000000,final_hold
pid,42.710,0.773476,-1.059686,0.402728,0.784807453,-0.103933535,0.013499710,0.000061,7,0.004027285,0.287663187,0.000000000,0.000000,final_hold
pid,42.730,0.649823,-0.918786,0.337975,0.784822553,-0.109304590,0.011341547,0.000060,7,0.003379751,0.241410764,0.000000000,0.000000,final_hold
pid,42.751,0.527389,-0.777982,0.273073,0.784834906,-0.113499789,0.009204667,0.000060,7,0.002730728,0.195051974,0.000000000,0.000000,final_hold
pid,42.772,0.387599,-0.615920,0.196477,0.784845862,-0.117090054,0.006764872,0.000059,7,0.001964766,0.140340413,0.000000000,0.000000,final_hold
pid,42.792,0.251545,-0.456881,0.130152,0.784853088,-0.119236958,0.004390293,0.000059,7,0.001301519,0.092965671,0.000000000,0.000000,final_hold
pid,42.813,0.120745,-0.302911,0.060959,0.784857086,-0.120372094,0.002107391,0.000058,7,0.000609585,0.043541817,0.000000000,0.000000,final_hold
pid,42.834,-0.024363,-0.131017,-0.025841,0.784858067,-0.120522154,-0.000425215,0.000058,7,-0.000258407,-0.018457636,0.000000000,0.000000,final_hold
pid,42.855,-0.161356,0.032593,-0.113807,0.784855050,-0.118960010,-0.002816187,0.000058,7,-0.001138071,-0.081290782,0.000000000,0.000000,final_hold
pid,42.875,-0.288521,0.186177,-0.170028,0.784848766,-0.115911062,-0.005035636,0.000057,7,-0.001700280,-0.121448545,0.000000000,0.000000,final_hold
pid,42.896,-0.418197,0.344522,-0.244696,0.784839776,-0.112058842,-0.007298912,0.000057,7,-0.002446960,-0.174782862,0.000000000,0.000000,final_hold
pid,42.917,-0.542580,0.498099,-0.308321,0.784828233,-0.107037005,-0.009469802,0.000056,7,-0.003083212,-0.220229403,0.000000000,0.000000,final_hold
pid,42.938,-0.660313,0.645400,-0.364889,0.784814766,-0.101025058,-0.011524640,0.000056,7,-0.003648892,-0.260635146,0.000000000,0.000000,final_hold
pid,42.958,-0.770572,0.785204,-0.423359,0.784800075,-0.094289841,-0.013449024,0.000056,7,-0.004233592,-0.302399444,0.000000000,0.000000,final_hold
pid,42.979,-0.872398,0.916279,-0.472686,0.784784573,-0.086687338,-0.015226226,0.000055,7,-0.004726864,-0.337633158,0.000000000,0.000000,final_hold
pid,43.001,-0.969296,1.043267,-0.520321,0.784768183,-0.077996798,-0.016917404,0.000055,7,-0.005203209,-0.371657812,0.000000000,0.000000,final_hold
pid,43.021,-1.047500,1.147839,-0.559578,0.784753793,-0.069586921,-0.018282323,0.000054,7,-0.005595784,-0.399698868,0.000000000,0.000000,final_hold
pid,43.042,-1.119561,1.246476,-0.597077,0.784739621,-0.060271732,-0.019540031,0.000054,7,-0.005970771,-0.426483620,0.000000000,0.000000,final_hold
pid,43.072,-1.206704,1.370720,-0.637621,0.784721235,-0.045439687,-0.021060966,0.000053,7,-0.006376207,-0.455443367,0.000000000,0.000000,final_hold
pid,43.093,-1.250301,1.436842,-0.658648,0.784711533,-0.035207388,-0.021821869,0.000053,7,-0.006586478,-0.470462735,0.000000000,0.000000,final_hold
pid,43.114,-1.281990,1.489034,-0.672873,0.784704233,-0.024767796,-0.022374948,0.000053,7,-0.006728734,-0.480623889,0.000000000,0.000000,final_hold
pid,43.134,-1.302285,1.528475,-0.681049,0.784699395,-0.013697398,-0.022729164,0.000052,7,-0.006810490,-0.486463575,0.000000000,0.000000,final_hold
pid,43.155,-1.309153,1.550406,-0.683138,0.784697627,-0.003675229,-0.022849034,0.000052,7,-0.006831377,-0.487955536,0.000000000,0.000000,final_hold
pid,43.176,-1.304655,1.559308,-0.679493,0.784698460,0.006796618,-0.022770529,0.000051,7,-0.006794926,-0.485351828,0.000000000,0.000000,final_hold
pid,43.197,-1.288298,1.553720,-0.671174,0.784701977,0.017082205,-0.022485049,0.000051,7,-0.006711742,-0.479410129,0.000000000,0.000000,final_hold
pid,43.217,-1.260329,1.533819,-0.655504,0.784708020,0.027157516,-0.021996899,0.000051,7,-0.006555036,-0.468216843,0.000000000,0.000000,final_hold
pid,43.238,-1.221088,1.499905,-0.635155,0.784716332,0.036889101,-0.021312014,0.000050,7,-0.006351552,-0.453682315,0.000000000,0.000000,final_hold
pid,43.259,-1.170977,1.452383,-0.606857,0.784726617,0.046271263,-0.020437407,0.000050,7,-0.006068571,-0.433469375,0.000000000,0.000000,final_hold
pid,43.280,-1.110529,1.391801,-0.575208,0.784738456,0.055139552,-0.019382396,0.000050,7,-0.005752083,-0.410863042,0.000000000,0.000000,final_hold
pid,43.301,-1.036620,1.314856,-0.536392,0.784752094,0.063866709,-0.018092435,0.000049,7,-0.005363917,-0.383136957,0.000000000,0.000000,final_hold
pid,43.322,-0.961202,1.234199,-0.498682,0.784765030,0.071146298,-0.016776143,0.000049,7,-0.004986820,-0.356201458,0.000000000,0.000000,final_hold
pid,43.343,-0.873726,1.138777,-0.452193,0.784778839,0.078203508,-0.015249397,0.000049,7,-0.004521931,-0.322995056,0.000000000,0.000000,final_hold
pid,43.363,-0.778802,1.033514,-0.402551,0.784792321,0.084513834,-0.013592663,0.000048,7,-0.004025510,-0.287536438,0.000000000,0.000000,final_hold
pid,43.384,-0.677274,0.919423,-0.350071,0.784805004,0.090025135,-0.011820662,0.000048,7,-0.003500709,-0.250050665,0.000000000,0.000000,final_hold
pid,43.405,-0.570149,0.797640,-0.294290,0.784816454,0.094712462,-0.009950984,0.000047,7,-0.002942901,-0.210207194,0.000000000,0.000000,final_hold
pid,43.426,-0.458315,0.669287,-0.234181,0.784826304,0.098561597,-0.007999111,0.000047,7,-0.002341805,-0.167271808,0.000000000,0.000000,final_hold
pid,43.447,-0.342899,0.535637,-0.176665,0.784834106,0.101406336,-0.005984719,0.000047,7,-0.001766648,-0.126189112,0.000000000,0.000000,final_hold
pid,43.467,-0.219017,0.390993,-0.110176,0.784839968,0.103483034,-0.003822576,0.000046,7,-0.001101756,-0.078696832,0.000000000,0.000000,final_hold
pid,43.488,-0.105578,0.257551,-0.054583,0.784842880,0.104338666,-0.001842683,0.000046,7,-0.000545829,-0.038987785,0.000000000,0.000000,final_hold
pid,43.508,0.014143,0.115742,0.014777,0.784843627,0.104449262,0.000246843,0.000046,7,0.000147771,0.010555083,0.000000000,0.000000,final_hold
pid,43.529,0.133111,-0.026141,0.098452,0.784841665,0.103349101,0.002323221,0.000045,7,0.000984516,0.070322568,0.000000000,0.000000,final_hold
pid,43.549,0.249364,-0.166365,0.148019,0.784836764,0.100598655,0.004352228,0.000045,7,0.001480187,0.105727668,0.000000000,0.000000,final_hold
pid,43.570,0.361879,-0.303644,0.207689,0.784829963,0.097197997,0.006315975,0.000045,7,0.002076893,0.148349466,0.000000000,0.000000,final_hold
pid,43.591,0.469750,-0.436769,0.261634,0.784821307,0.092864568,0.008198687,0.000044,7,0.002616341,0.186881470,0.000000000,0.000000,final_hold
pid,43.612,0.572005,-0.564527,0.314832,0.784811262,0.087773748,0.009983366,0.000044,7,0.003148324,0.224880265,0.000000000,0.000000,final_hold
pid,43.633,0.667845,-0.685821,0.366437,0.784800224,0.081976293,0.011656085,0.000044,7,0.003664370,0.261740701,0.000000000,0.000000,final_hold
pid,43.654,0.756420,-0.799570,0.410808,0.784788563,0.075430275,0.013202023,0.000044,7,0.004108077,0.293434101,0.000000000,0.000000,final_hold
pid,43.674,0.836968,-0.904779,0.450625,0.784776779,0.068273887,0.014607849,0.000043,7,0.004506250,0.321874980,0.000000000,0.000000,final_hold
pid,43.695,0.908889,-1.000583,0.486838,0.784765323,0.060607667,0.015863105,0.000043,7,0.004868379,0.347741336,0.000000000,0.000000,final_hold
pid,43.716,0.971628,-1.086192,0.517580,0.784754593,0.052473714,0.016958115,0.000043,7,0.005175799,0.369699934,0.000000000,0.000000,final_hold
pid,43.737,1.024712,-1.160916,0.542143,0.784744969,0.043941712,0.017884599,0.000042,7,0.005421430,0.387244976,0.000000000,0.000000,final_hold
pid,43.758,1.067802,-1.224190,0.564159,0.784736805,0.035170458,0.018636666,0.000042,7,0.005641585,0.402970369,0.000000000,0.000000,final_hold
pid,43.779,1.100632,-1.275551,0.578753,0.784730336,0.026140786,0.019209644,0.000042,7,0.005787529,0.413394949,0.000000000,0.000000,final_hold
pid,43.800,1.122988,-1.314630,0.588794,0.784725787,0.016993707,0.019599832,0.000041,7,0.005887940,0.420567157,0.000000000,0.000000,final_hold
pid,43.820,1.134835,-1.341213,0.594001,0.784723276,0.007803099,0.019806614,0.000041,7,0.005940007,0.424286216,0.000000000,0.000000,final_hold
pid,43.841,1.136139,-1.355156,0.592971,0.784722864,-0.001382531,0.019829364,0.000041,7,0.005929715,0.423551041,0.000000000,0.000000,final_hold
pid,43.861,1.127008,-1.356454,0.587825,0.784724527,-0.010443156,0.019669999,0.000040,7,0.005878249,0.419874953,0.000000000,0.000000,final_hold
pid,43.882,1.107658,-1.345225,0.578230,0.784728168,-0.019315703,0.019332272,0.000040,7,0.005841995,0.417285321,0.000000000,0.000000,final_hold
pid,43.903,1.078282,-1.321649,0.560819,0.784733648,-0.027995828,0.018819574,0.000040,7,0.005608190,0.400584980,0.000000000,0.000000,final_hold
pid,43.924,1.039242,-1.286050,0.540054,0.784740731,-0.036325439,0.018138201,0.000040,7,0.005400537,0.385752672,0.000000000,0.000000,final_hold
pid,43.944,0.991006,-1.238872,0.516152,0.784749134,-0.044237898,0.017296324,0.000039,7,0.005161519,0.368679895,0.000000000,0.000000,final_hold
pid,43.965,0.934032,-1.180621,0.485742,0.784758570,-0.051744387,0.016301938,0.000039,7,0.004857415,0.346958234,0.000000000,0.000000,final_hold
pid,43.986,0.865367,-1.108186,0.447084,0.784769224,-0.059118413,0.015103499,0.000039,7,0.004470842,0.319345886,0.000000000,0.000000,final_hold
pid,44.006,0.796124,-1.033413,0.413471,0.784779097,-0.065146813,0.013894979,0.000038,7,0.004134709,0.295336371,0.000000000,0.000000,final_hold
pid,44.028,0.712408,-0.941377,0.367309,0.784789982,-0.071264968,0.012433867,0.000038,7,0.003673086,0.262363305,0.000000000,0.000000,final_hold
pid,44.048,0.630912,-0.850440,0.327116,0.784799357,-0.076070838,0.011011498,0.000038,7,0.003271155,0.233653956,0.000000000,0.000000,final_hold
pid,44.069,0.539964,-0.747739,0.277545,0.784808514,-0.080528349,0.009424149,0.000038,7,0.002775453,0.198246666,0.000000000,0.000000,final_hold
pid,44.089,0.439687,-0.633278,0.225043,0.784816909,-0.084354456,0.007673985,0.000037,7,0.002250425,0.160744652,0.000000000,0.000000,final_hold
pid,44.110,0.340654,-0.519095,0.177121,0.784823420,-0.087114165,0.005945531,0.000037,7,0.001771210,0.126515024,0.000000000,0.000000,final_hold
pid,44.130,0.244186,-0.406937,0.126431,0.784828170,-0.089069756,0.004261852,0.000037,7,0.001264307,0.090307635,0.000000000,0.000000,final_hold
pid,44.151,0.140926,-0.286024,0.068052,0.784831504,-0.090403383,0.002459616,0.000037,7,0.000680523,0.048608761,0.000000000,0.000000,final_hold
pid,44.172,0.036921,-0.163348,0.015367,0.784832870,-0.090762642,0.000644388,0.000036,7,0.000153675,0.010976766,0.000000000,0.000000,final_hold
pid,44.193,-0.071927,-0.033958,-0.055521,0.784832269,-0.090247501,-0.001255358,0.000036,7,-0.000555209,-0.039657804,0.000000000,0.000000,final_hold
pid,44.213,-0.168911,0.082395,-0.104185,0.784829634,-0.088514592,-0.002948056,0.000036,7,-0.001041852,-0.074418034,0.000000000,0.000000,final_hold
pid,44.234,-0.268227,0.202874,-0.154500,0.784825226,-0.085916168,-0.004681446,0.000035,7,-0.001544998,-0.110356985,0.000000000,0.000000,final_hold
pid,44.255,-0.364059,0.320323,-0.208014,0.784819401,-0.082646788,-0.006354035,0.000035,7,-0.002080143,-0.148581669,0.000000000,0.000000,final_hold
pid,44.276,-0.455404,0.433604,-0.251919,0.784812252,-0.078496688,-0.007948300,0.000035,7,-0.002519190,-0.179942134,0.000000000,0.000000,final_hold
pid,44.297,-0.545616,0.546950,-0.299342,0.784803821,-0.073506728,-0.009522797,0.000035,7,-0.002993416,-0.213815402,0.000000000,0.000000,final_hold
pid,44.317,-0.621568,0.643681,-0.337469,0.784795603,-0.068361341,-0.010848400,0.000034,7,-0.003374694,-0.241049592,0.000000000,0.000000,final_hold
pid,44.338,-0.695034,0.738660,-0.375721,0.784786720,-0.062432187,-0.012130631,0.000034,7,-0.003757205,-0.268371806,0.000000000,0.000000,final_hold
pid,44.359,-0.764377,0.829963,-0.410443,0.784777465,-0.055642797,-0.013340894,0.000034,7,-0.004104426,-0.293173254,0.000000000,0.000000,final_hold
pid,44.380,-0.819697,0.904424,-0.436366,0.784769470,-0.049055695,-0.014306415,0.000034,7,-0.004363656,-0.311689736,0.000000000,0.000000,final_hold
pid,44.400,-0.869948,0.973849,-0.462264,0.784761768,-0.041827132,-0.015183451,0.000033,7,-0.004622635,-0.330188218,0.000000000,0.000000,final_hold
pid,44.421,-0.911624,1.033534,-0.481981,0.784755029,-0.034265959,-0.015910836,0.000033,7,-0.004819805,-0.344271816,0.000000000,0.000000,final_hold
pid,44.442,-0.944455,1.083031,-0.497868,0.784749499,-0.026496612,-0.016483847,0.000033,7,-0.004978681,-0.355620075,0.000000000,0.000000,final_hold
pid,44.463,-0.968250,1.121987,-0.509349,0.784745351,-0.018576979,-0.016899150,0.000033,7,-0.005093492,-0.363820872,0.000000000,0.000000,final_hold
pid,44.483,-0.982887,1.150143,-0.515521,0.784742710,-0.010561050,-0.017154619,0.000033,7,-0.005155211,-0.368229349,0.000000000,0.000000,final_hold
pid,44.504,-0.988345,1.167904,-0.516905,0.784741639,-0.002131006,-0.017249869,0.000032,7,-0.005169046,-0.369217548,0.000000000,0.000000,final_hold
pid,44.525,-0.984164,1.173530,-0.513840,0.784742250,0.005832347,-0.017176896,0.000032,7,-0.005138395,-0.367028239,0.000000000,0.000000,final_hold
pid,44.547,-0.970984,1.168198,-0.508145,0.784744397,0.013632606,-0.016946868,0.000032,7,-0.005081446,-0.362960410,0.000000000,0.000000,final_hold
pid,44.576,-0.936258,1.141295,-0.488295,0.784750045,0.024662962,-0.016340786,0.000031,7,-0.004882946,-0.348781878,0.000000000,0.000000,final_hold
pid,44.597,-0.899984,1.108032,-0.467889,0.784755765,0.032296192,-0.015707678,0.000031,7,-0.004678889,-0.334206376,0.000000000,0.000000,final_hold
pid,44.627,-0.832991,1.041431,-0.433545,0.784765747,0.042474109,-0.014538444,0.000031,7,-0.004335451,-0.309675069,0.000000000,0.000000,final_hold
pid,44.648,-0.781910,0.988275,-0.406136,0.784772855,0.048462087,-0.013646898,0.000031,7,-0.004061357,-0.290096950,0.000000000,0.000000,final_hold
pid,44.669,-0.718273,0.920319,-0.371486,0.784781085,0.054587646,-0.012536235,0.000030,7,-0.003714857,-0.265346958,0.000000000,0.000000,final_hold
pid,44.689,-0.654825,0.851158,-0.341461,0.784788553,0.059540656,-0.011428855,0.000030,7,-0.003414613,-0.243900914,0.000000000,0.000000,final_hold
pid,44.710,-0.582584,0.771163,-0.301209,0.784796264,0.064321300,-0.010168002,0.000030,7,-0.003012085,-0.215148934,0.000000000,0.000000,final_hold
pid,44.731,-0.505411,0.684564,-0.262377,0.784803452,0.068407637,-0.008821090,0.000030,7,-0.002623766,-0.187411873,0.000000000,0.000000,final_hold
pid,44.752,-0.419885,0.587459,-0.216774,0.784810231,0.072055549,-0.007328376,0.000030,7,-0.002167739,-0.154838497,0.000000000,0.000000,final_hold
pid,44.772,-0.339289,0.495016,-0.176357,0.784815418,0.074663134,-0.005921712,0.000029,7,-0.001763574,-0.125969576,0.000000000,0.000000,final_hold
pid,44.792,-0.251841,0.393873,-0.126494,0.784819833,0.076849792,-0.004395459,0.000029,7,-0.001264936,-0.090352588,0.000000000,0.000000,final_hold
pid,44.813,-0.162554,0.289765,-0.080234,0.784822894,0.078218866,-0.002837100,0.000029,7,-0.000802345,-0.057310327,0.000000000,0.000000,final_hold
pid,44.834,-0.072322,0.183715,-0.033576,0.784824560,0.078855368,-0.001262257,0.000029,7,-0.000335761,-0.023982939,0.000000000,0.000000,final_hold
pid,44.855,0.018049,0.076710,0.016640,0.784824793,0.078759304,0.000315016,0.000029,7,0.000166396,0.011885404,0.000000000,0.000000,final_hold
pid,44.875,0.107592,-0.030178,0.073014,0.784823511,0.077785965,0.001877830,0.000028,7,0.000730144,0.052153173,0.000000000,0.000000,final_hold
pid,44.896,0.195178,-0.135808,0.115416,0.784820715,0.075814864,0.003406495,0.000028,7,0.001154159,0.082439900,0.000000000,0.000000,final_hold
pid,44.917,0.279942,-0.239167,0.157985,0.784816744,0.073191774,0.004885916,0.000028,7,0.001579851,0.112846484,0.000000000,0.000000,final_hold
pid,44.938,0.361207,-0.339345,0.202033,0.784811794,0.069984745,0.006304258,0.000028,7,0.002020335,0.144309625,0.000000000,0.000000,final_hold
pid,44.958,0.438273,-0.435445,0.242232,0.784806012,0.066128409,0.007649304,0.000028,7,0.002422324,0.173023154,0.000000000,0.000000,final_hold
pid,44.979,0.510403,-0.526577,0.278231,0.784799644,0.061672360,0.008908212,0.000027,7,0.002782305,0.198736075,0.000000000,0.000000,final_hold
pid,45.000,0.577017,-0.611955,0.312579,0.784792973,0.056725891,0.010070844,0.000027,7,0.003125792,0.223270885,0.000000000,0.000000,final_hold
pid,45.021,0.637555,-0.690837,0.342337,0.784786228,0.051286506,0.011127442,0.000027,7,0.003423375,0.244526773,0.000000000,0.000000,final_hold
