elapsed_s,degree_deg,cmX_cm,setspeed_cm_s,energy_j,theta_dot_rad_s,theta_rad,x_center_cm,mode,cart_force_cmd_n,hinge_assist_torque_nm
3.4968776340010663,-180.0,0.0,0.0,0.0,0.0,-3.141592653589793,0.0,1,0.0,0.0
3.5072612540006958,-180.0,0.0,0.0,0.0,0.0,-3.141592653589793,0.0,1,0.0,0.0
3.5185309290009172,-180.0,0.0,0.0,0.0,0.0,-3.141592653589793,0.0,3,0.0,0.0
3.529129845999705,-180.0,0.0,0.0,0.0,0.0,-3.141592653589793,0.0,3,0.0,0.0
3.539818039000238,-180.0,0.0,0.0,0.0,0.0,-3.141592653589793,0.0,3,0.0,0.0
3.550597393001226,-180.0,0.0,0.0,0.0,0.0,-3.141592653589793,0.0,3,0.0,0.0
3.5609349090009346,-180.0,0.0,0.0,0.0,0.0,-3.141592653589793,0.0,3,0.0,0.0
3.5714765430002444,-180.0,0.0,0.0,0.0,0.0,-3.141592653589793,0.0,3,0.0,0.0
3.583003916999587,-180.0,0.0,0.0,0.0,0.0,-3.141592653589793,0.0,3,0.0,0.0
3.592976923000606,-180.0,0.0,0.0,0.0,0.0,-3.141592653589793,0.0,3,0.0,0.0
3.6031247089995304,-180.0,0.0,0.0,0.0,0.0,-3.141592653589793,0.0,3,0.0,0.0
3.613784540000779,-180.0,0.0,0.0,0.0,0.0,-3.141592653589793,0.0,3,0.0,0.0
3.623555383001076,-180.0,0.0,0.0,0.0,0.0,-3.141592653589793,0.0,3,0.0,0.0
3.6342787829998997,-180.0,0.0,0.0,0.0,0.0,-3.141592653589793,0.0,3,0.0,0.0
3.644562647999919,-180.0,0.0,0.0,0.0,0.0,-3.141592653589793,0.0,3,0.0,0.0
3.6547364910002216,-180.0,0.0,0.0,0.0,0.0,-3.141592653589793,0.0,3,0.0,0.0
3.6653597870008525,-180.0,0.0,0.0,0.0,0.0,-3.141592653589793,0.0,3,0.0,0.0
3.6755302760011546,-180.0,0.0,0.0,0.0,0.0,-3.141592653589793,0.0,3,0.0,0.0
3.6859303809997073,-180.0,0.0,0.0,0.0,0.0,-3.141592653589793,0.0,3,0.0,0.0
3.6960308010002336,-180.0,0.0,0.0,0.0,0.0,-3.141592653589793,0.0,3,0.0,0.0
3.706023433000155,-180.0,0.0,0.0,0.0,0.0,-3.141592653589793,0.0,3,0.0,0.0
3.71661424299964,-180.0,0.0,0.0,0.0,0.0,-3.141592653589793,0.0,3,0.0,0.0
3.7270776349996595,-180.0,0.0,0.0,0.0,0.0,-3.141592653589793,0.0,3,0.0,0.0
3.7372211559995776,-180.0,0.0,0.0,0.0,0.0,-3.141592653589793,0.0,3,0.0,0.0
3.747723317999771,-180.0,0.0,0.0,0.0,0.0,-3.141592653589793,0.0,3,0.0,0.0
3.7581089610011986,-180.0,0.0,6.557433750767813,0.0,0.0,-3.141592653589793,0.0,6,4.683881250548438,0.0
3.7687455960003717,-179.96386005580442,0.01685501672258345,2.8007756377212147,2.4155574746492656e-05,0.07758465493050312,-3.140961892572093,0.0,6,2.0005540269437248,0.0
3.778999768999711,-179.86854120428023,0.061483975432826396,2.80356044315954,0.00011088237268270997,0.16571778206044857,-3.1392982647737764,0.0,6,2.0005540269437248,0.0
3.789228585001183,-179.7399989045598,0.12205450607735104,2.806735224095142,0.00020975412182009344,0.22677848074497767,-3.1370547784155693,0.0,6,2.0025431736853854,0.0
3.8010472540008777,-179.5789040983359,0.198545907324633,-3.8926918311530443,0.00033288839215547025,0.28385323614620256,-3.1342431436391003,0.0,6,-2.7804941651093174,0.0
3.810413138000513,-179.41562000605876,0.2771462248383345,-2.2626982388883126,0.00031697497897234734,0.2722889501588396,-3.1313932986127337,0.0,6,-2.7804941651093174,0.0
3.82119234899983,-179.2934501782852,0.33790639285726654,2.806693255165482,0.00020844708943939706,0.2113123016571027,-3.129261032871491,0.0,6,2.004780896546773,0.0
3.832273758000156,-179.1745928395758,0.39858386165629145,2.807299192753675,0.00022731771718584415,0.2159861502821377,-3.127186580970854,0.0,6,2.0052137091097677,0.0
3.8421409290003794,-179.02543177660561,0.4750798605611016,-1.2374947545370156,0.00033451208455730617,0.26350937754019893,-3.1245832293062494,0.0,6,-0.8839248246692968,0.0
3.8528146570006356,-178.86903071737575,0.5569577383810151,-1.8186590451921683,0.0003606239887423185,0.26654285152806917,-3.121853515869082,0.0,6,-1.299042175137263,0.0
3.8632591189998493,-178.73646574095898,0.6299841945745611,2.8097241333591474,0.00030283729604210243,0.2277189706260771,-3.1195398205577805,0.0,6,2.0069458095422483,0.0
3.873269354000513,-178.6065552980155,0.7042117102976658,2.8016236234936636,0.0003357102992159342,0.23434440818739338,-3.1172724555956925,0.0,6,2.0069458095422483,0.0
3.884504237001238,-178.44875270310683,0.7941305819382077,-3.9589057689813294,0.0004535784416158308,0.2782841964381569,-3.1145182807463456,0.0,6,-2.827789834986664,0.0
3.894443010000032,-178.29371715204934,0.8857706599942028,-0.9599164770276758,0.00043904945146696066,0.2574197401321655,-3.1118123999227483,0.0,6,-0.6856546264483399,0.0
3.904925054001069,-178.17760128122617,0.9624868613206284,2.811682323179968,0.00036382092189044153,0.20331427811119626,-3.1097857956630635,0.0,6,2.00834451655712,0.0
3.9164102310005546,-178.0605659983428,1.0429956862651106,2.8129406201170157,0.0004030078836441863,0.21108380772377588,-3.107743144635746,0.0,6,2.0092433000835825,0.0
3.9254890760003036,-177.9177493027229,1.1391202384427974,-0.544851800842531,0.0005129302098218235,0.2519064760889535,-3.10525052307036,0.0,6,-0.389179857744665,0.0
3.935550795000381,-177.76836302538715,1.2421958831878908,-1.24147355788231,0.0005585831957802376,0.2554282116258035,-3.1026432406735536,0.0,6,-0.389179857744665,0.0
3.946197000999746,-177.63945151338527,1.3398534691403972,2.816994731398937,0.0005292644921382635,0.22152002469895127,-3.100393310345397,0.0,6,2.0121390938563835,0.0
3.9564652850003768,-177.513766401049,1.4403161134322076,2.8184163997907485,0.0005735393077690976,0.22592180332733022,-3.09819969131439,0.0,6,2.013154571279106,0.0
3.967306599000949,-177.36454119748714,1.5563073485903185,-2.8805725321199334,0.0006914769401793248,0.2628865020636493,-3.095595220185277,0.0,6,-2.057551808657095,0.0
3.977052709000418,-177.22388058748572,1.673145773429239,1.1501696821880343,0.0006810978644389537,0.23483052890838677,-3.0931402294128882,0.0,6,0.8215497729914532,0.0
3.9876892040010716,-177.10839910357106,1.7832673596139592,2.821471966356311,0.0006686983808108865,0.20559679707717096,-3.0911246972934885,0.0,6,2.0153371188259364,0.0
3.998903200001223,-176.9821750265453,1.9036087142764304,2.32126113648933,0.0007457430586634822,0.22447967380204015,-3.088921671554098,0.0,6,1.65804366892095,0.0
4.009828131000177,-176.8367715795265,2.0383588944996203,-2.438414348135931,0.0008572524710165981,0.2546495338222832,-3.086383902659871,0.0,6,-1.7417245343828078,0.0
4.019160482999723,-176.69769272910517,2.1758962772163013,0.593581249804501,0.0008687103554091526,0.23298565687710285,-3.08395651880013,0.0,6,0.423986607003215,0.0
4.029115323000951,-176.58545184861993,2.30683740113374,2.827402181026231,0.0008533822091027438,0.197970350149528,-3.0819975458803253,0.0,6,0.423986607003215,0.0
4.039470648000133,-176.46831466345162,2.4461559346069173,2.8295373391186076,0.0009198771325509325,0.20896438629613548,-3.07995311632262,0.0,6,2.019572986447308,0.0
4.0498939429999155,-176.3317945826984,2.600844075500725,-1.1962137282114838,0.0010346655279025766,0.24018003623215053,-3.0775703914183876,0.0,6,2.021098099370434,0.0
4.0610410860008415,-176.19868052175335,2.7605289889497766,0.8215910454899977,0.0010658115633368802,0.22500484533636697,-3.0752471127741963,0.0,6,0.5868507467785697,0.0
4.071403816000384,-176.08762507810707,2.9166925171233133,2.83425713988366,0.0010668652135196117,0.19519392944063568,-3.0733088296303053,0.0,6,2.0244693856311855,0.0
4.081487121000464,-175.97240365861,3.0817458685680554,2.836523754298349,0.0011374540624342108,0.2051573336952881,-3.07129783649126,0.0,6,2.026088395927392,0.0
4.091845659000683,-175.8397650652851,3.2621020235199305,-1.2415489820822778,0.001251488424374281,0.23320622306732533,-3.0689828563225268,0.0,6,2.026088395927392,0.0
4.10236458700092,-175.71274243896025,3.447256948206311,1.324331833207144,0.001281369192340031,0.21409648119919256,-3.0667658932686277,0.0,6,0.9459513094336742,0.0
4.112757774000784,-175.60506399577588,3.630975911840331,2.8416932661475443,0.0012984474314520489,0.19013588518698038,-3.064886549901639,0.0,6,2.029780904391103,0.0
4.122990152000057,-175.4915431591995,3.8251945391365076,2.5962686459086686,0.0013765282997242505,0.20145817893868806,-3.0629052375337626,0.0,6,1.8544776042204774,0.0
4.132781668000462,-175.36386555252142,4.034018421674621,-3.7403261642731818,0.0014841999412339036,0.22377834860531837,-3.060676842916164,0.0,6,1.8544776042204774,0.0
4.143879424000261,-175.25906460135892,4.240368610175015,-10.371431484903196,0.001458009454576821,0.16988857682315356,-3.0588477212591565,0.0,6,-7.408165346359425,0.0
4.153399130000253,-175.24899848688693,4.41071691121306,-16.735884264701934,0.001348329871060965,-0.004031347928648801,-3.0586720344187377,0.0,6,-7.408165346359425,0.0
4.1635498460000235,-175.41202161240844,4.508173093287306,-10.478682054902647,0.0016485299564311055,-0.3127124067635646,-3.0615173247159797,0.0,6,-7.484772896359033,0.0
4.174024066000129,-175.76187316679528,4.525630856392271,-3.9015318252251463,0.002595470715081377,-0.6169402542542282,-3.0676233862332505,0.0,6,-2.78680844658939,0.0
4.184370380000473,-176.21892709063354,4.499388069565077,2.510758745472077,0.003380261208527764,-0.794689685695036,-3.0756004820633875,0.0,6,1.7933991039086266,0.0
4.194925493000483,-176.70144839296276,4.46669009676878,9.14991798458398,0.003419510014656086,-0.8320771807841199,-3.084022067500043,0.0,6,6.535655703274273,0.0
4.204957943000409,-177.13508446821714,4.461425265369188,15.49584309522,0.002673753452896291,-0.738801785310037,-3.091590444768658,0.0,6,11.06845935372857,0.0
4.214678835000086,-177.43231258220797,4.523855398095412,21.88366509483497,0.0013722440983243043,-0.4945381929655529,-3.096778053987291,0.0,6,11.06845935372857,0.0
4.225208660000135,-177.51401212564753,4.6907264087555935,15.536288464651834,0.0004193481009876303,-0.11185306995398202,-3.0982039800176873,0.0,6,11.09734890332274,0.0
4.235374046000288,-177.3730351894448,4.965732546276623,9.07140612462793,0.0006727544723737682,0.2551398253138402,-3.095743468311576,0.0,6,6.479575803305664,0.0
4.245574010999917,-177.0894049436124,5.312217928295943,2.56660761415954,0.0014875265440274918,0.49530911419704227,-3.09079318666356,0.0,6,1.8332911529710998,0.0
4.2562855320011295,-176.74429993165558,5.6930525078906395,-3.9857653459813887,0.0020507468579706797,0.5952779348084714,-3.0847699679397786,0.0,6,-2.8469752471295635,0.0
4.266317773000992,-176.4191927426726,6.070878942718391,-10.246135825794381,0.0019903116600547065,0.5532249565854808,-3.079095777070122,0.0,6,-7.318668446995986,0.0
4.276379003000329,-176.19367926449428,6.408980650966553,-16.66428035531969,0.0014222910269541585,0.37306698291538315,-3.075159824368286,0.0,6,-11.90305739665692,0.0
4.286513373001071,-176.13832929920093,6.67450274053315,-23.06578910601563,0.0009098214326933736,0.0687371545403843,-3.0741937852330525,0.0,6,-16.47556364715402,0.0
4.296538349000912,-176.33693510443422,6.8279636979840035,-16.582159226575794,0.0013816660583318816,-0.3807877248846989,-3.077660110447948,0.0,6,-11.844399447554139,0.0
4.307099120000203,-176.79546094155606,6.865670956267669,-10.053815726144574,0.0032524050872346803,-0.8122229414298167,-3.085662896011187,0.0,6,-7.181296947246125,0.0
4.317322975999559,-177.4313526239097,6.8249212493280105,-3.6628248262360725,0.005347754694013709,-1.1128216507612627,-3.0967612995543043,0.0,6,-2.6163034473114806,0.0
4.327597966001122,-178.16214271354227,6.742817620716196,2.9770381237420507,0.006666513257010864,-1.271284586329125,-3.109515992759337,0.0,6,2.1264558026728935,0.0
4.337898593999853,-178.91216186756444,6.653264519507136,9.325163823165742,0.006796384363573789,-1.2966938697485584,-3.1226062964500465,0.0,6,6.6608313022612435,0.0
4.347671878000256,-179.59210611355834,6.596635584859772,15.754486443371963,0.005466899853084618,-1.16800644180559,-3.1344735622726305,0.0,6,6.6608313022612435,0.0
4.358089933000883,179.87938842112496,6.6098990890095575,22.178439573351017,0.0032184451481742193,-0.8968801096379806,3.139487584422395,0.0,6,15.841742552393583,0.0
4.368451615000595,179.58231084517612,6.729819042519002,22.82959719115238,0.000955951430739786,-0.48619040987119905,3.134302602588244,0.0,6,16.306855136537415,0.0
4.378860310000164,179.56340945256184,6.978230105944652,16.322773862042915,1.1578782267380223e-05,-0.006833262971400779,3.1339727110539126,0.0,6,11.65912418717351,0.0
4.389278784999988,179.78977513978296,7.3403615337910395,9.837515431203748,0.0006590038330780658,0.4050810137465561,3.1379235376094607,0.0,6,7.026796736574106,0.0
4.399083574000542,-179.82033575866734,7.778975528041807,3.52662210195772,0.001864441851924293,0.6823695213151207,-3.1384569210304405,0.0,6,2.5190157871126573,0.0
4.409045888000037,-179.3477982413733,8.257342601028652,-2.7847556981811508,0.0027134198401869546,0.8197557027919571,-3.1302095855144603,0.0,6,-1.9891112129865363,0.0
4.419361954000124,-178.87222242600285,8.739288883594513,-9.088343547906014,0.002753584178221542,0.8181643167290851,-3.121909221693389,0.0,6,-6.49167396279001,0.0
4.4290082400002575,-178.472743369566,9.188687215955008,-15.399413278724431,0.001981136212054218,0.6785535443724755,-3.1149369968658056,0.0,6,-10.999580913374594,0.0
4.439442921000591,-178.22771299773186,9.569462319429496,-21.960631438146855,0.0008350338007507049,0.4022822034751975,-3.110660410109914,0.0,6,-15.68616531296204,0.0
4.4495121849995485,-178.21583528565247,9.844933026912054,-28.48448618877742,0.00019078777832937286,-0.011764401859507445,-3.1104531049265245,0.0,6,-15.68616531296204,0.0
4.459993251000924,-178.51593472079776,9.977798585879015,-21.929825068769468,0.0013989935590871228,-0.5628875206048831,-3.115690828153185,0.0,6,-20.34606156341244,0.0
4.4700879430001805,-179.14010567372247,9.961205965202073,-15.736920659697399,0.004932876809372719,-1.1055186128689338,-3.126584666377032,0.0,6,-11.240657614069569,0.0
4.480109775000528,-179.99950030901923,9.834890405176099,-9.207388979799042,0.009096949969080788,-1.508057521628217,-3.1415839323369363,0.0,6,-11.240657614069569,0.0
4.490883537000627,178.98909195613663,9.635724126531308,-2.6578327493786205,0.012530249922077323,-1.7655859224712775,3.123948979789482,0.0,6,-1.8984519638418718,0.0
4.501075399000911,177.9106936489811,9.40133103394403,3.7790593207085763,0.014323646808596614,-1.8750190254707375,3.1051273786816846,0.0,6,2.6993280862204116,0.0
4.511195658000361,176.74702334153702,9.147109156476883,10.339045830837087,0.014002898306070617,-1.8282938464575809,3.084817500409091,0.0,6,2.6993280862204116,0.0
4.521387101000073,175.8822493018111,8.972933925005606,16.368103620529247,0.012119322180753062,-1.6663114030448094,3.0697243461301014,0.0,6,11.69150258609232,0.0
4.531301494000218,175.09540534929693,8.85208619635796,22.79984670092231,0.00867916516086989,-1.3455826147936147,3.0559913284593234,0.0,6,16.285604786373078,0.0
4.541483506000077,174.56753788509462,8.842428550968325,29.407143061229686,0.004906604948642065,-0.8865854125428566,3.0467783031948397,0.0,6,16.285604786373078,0.0
4.5517944719995285,174.37834084451995,8.981080182325508,22.917307681522608,0.002220110167339764,-0.28846096614864547,3.0434761919017825,0.0,6,21.00510218659263,0.0
4.562379274000705,174.53522794502098,9.272009977939945,16.372240831182673,0.002127890617295717,0.29343194166795983,3.0462143883594326,0.0,6,11.694457736559052,0.0
4.572683324000536,174.9565351224145,9.677916638007234,9.86524173192661,0.0037453606147240513,0.7460066078060087,3.053567585767233,0.0,6,7.046601237090435,0.0
4.582968234000873,175.5598522604612,10.161408225327847,3.4027798520895445,0.005640720284469696,1.0562941880233894,3.0640974562598577,0.0,6,2.4305570372068175,0.0
4.593580210001164,176.26285308219454,10.685303255137784,-3.206012758151381,0.006818421380907816,1.22311183246063,3.0763671352433297,0.0,6,-2.290009112965272,0.0
4.604108080000515,176.98981304811943,11.215562499262505,-9.856262518010816,0.006861112259332368,1.2569491015873226,3.089054980178905,0.0,6,-7.040187512864868,0.0
4.613743398000224,177.65752638556464,11.71458196706287,-16.154965348401355,0.0055808944830831484,1.1459704996990037,3.1007087763768038,0.0,6,-7.040187512864868,0.0
4.623835156000496,178.1768523034937,12.141742751810394,-22.472328148274435,0.0033035724103088948,0.8810413032011158,3.109772723535608,0.0,6,-11.539260963143825,0.0
4.634203892999722,178.46844849731949,12.460574695040142,-29.03323823837641,0.0010507509472730333,0.47711878035991556,3.1148620372041513,0.0,6,-16.051662963053168,0.0
4.644900115001292,178.4329897582919,12.642654107849124,-22.29342956878613,0.00020818839260708627,-0.12393649486834016,3.1142431654595146,0.0,6,-20.738027313126004,0.0
4.655169797000781,178.11991430640296,12.656519295935361,-16.026765388492684,0.0016419187083569473,-0.5980555315696464,3.1087789680168836,0.0,6,-11.44768956320906,0.0
4.6652936179998505,177.5567017881666,12.567539508846432,-9.637975708797647,0.004282104611382065,-0.9906277793496183,3.0989490551852104,0.0,6,-6.884268363426891,0.0
4.6757770590011205,176.84581833735467,12.404139437257655,-3.0484592089720977,0.006755897571426225,-1.2411128734257297,3.086541798370603,0.0,6,-2.1774708635514983,0.0
4.685933991000638,176.07024474778962,12.203530862604776,3.5351598610526267,0.008174216866625002,-1.346441111243414,3.0730054856411817,0.0,6,-2.1774708635514983,0.0
4.696357283000907,175.30673675909628,12.000129748531647,9.9334096215483,0.008260309794169331,-1.3176302729859681,3.0596797573732033,0.0,6,7.095292586820214,0.0
4.706569399000728,174.64398397980048,11.83419325936125,16.42139406192141,0.006869277953290608,-1.1353442399364553,3.0481125392477484,0.0,6,11.729567187086722,0.0
4.716607993001162,174.16319077462688,11.742916858491082,22.91598027094947,0.004665129291597254,-0.8109813741295582,3.0397211147962526,0.0,6,11.729567187086722,0.0
4.727562609001325,173.93891469449716,11.77263717531966,16.227400680485836,0.002544044479334119,-0.29600870810688756,3.0358067587645223,0.0,6,11.591000486061311,0.0
4.73746561200096,174.00001791694203,11.9020116603593,10.021427550959153,0.002197728415363962,0.10969615336978497,3.0368732111797634,0.0,6,7.158162536399395,0.0
4.747698686000149,174.2442195014165,12.118883433189719,3.5780685302182533,0.002720272654780713,0.4306828619969732,3.04113533286743,0.0,6,2.555763235870181,0.0
4.7575773790013045,174.5971825181239,12.377457150289198,-2.8895839194462027,0.0032477085116424226,0.6132713581042641,3.047295699646746,0.0,6,2.555763235870181,0.0
4.768158615001084,174.97841615749888,12.64081023503906,-9.323921339333218,0.003225011929479697,0.6555341915274718,3.0539494818732003,0.0,6,-6.659943813809441,0.0
4.778608800001166,175.33528628646673,12.892277356533622,-15.753506039059765,0.002478240649040136,0.5427887880662203,3.060178040625706,0.0,6,-11.252504313614118,0.0
4.787957775000905,175.51242896276688,13.037668714022654,-21.828023369876654,0.001647556828839444,0.3333871503162277,3.0632697635729382,0.0,6,-15.59144526419761,0.0
4.798345580000387,175.50986158094278,13.09898252747368,-28.326702059171705,0.0012090064437714342,-0.03413734826376727,3.0632249543069516,0.0,6,-20.233358613694072,0.0
4.809029224001279,175.22393746146577,13.019926522827422,-21.578886088887565,0.0025096823486341954,-0.5355287860049311,3.0582346370112123,0.0,6,-15.413490063491118,0.0
4.819083047001186,174.64365483006821,12.794154298066122,-15.230762908291261,0.0059240753345767404,-1.0259889287611907,3.048106794501188,0.0,6,-10.879116363065187,0.0
4.829309414000818,173.85986252430115,12.462495031678547,-8.785290868696073,0.00979276665127641,-1.3731050061492196,3.034427038113755,0.0,6,-6.275207763354338,0.0
4.839626803001011,172.95576792553084,12.062084567276363,-2.3054920191367714,0.012894169903079605,-1.575773282663445,3.018647610615716,0.0,6,-1.6467800136691224,0.0
4.849934203000885,172.01439132695688,11.630037687351042,4.17650742150213,0.014479795189184469,-1.633607221155773,3.002217489469375,0.0,6,2.9832195867872358,0.0
4.860331507999945,171.11830085645676,11.203514243285765,10.6509815112207,0.01428415851888451,-1.547496440920521,2.986577760363403,0.0,6,7.607843936586214,0.0
4.86980608399972,170.34190188785317,10.816245435724737,16.916323320887706,0.012650283597799891,-1.331218728399252,2.9730270420521823,0.0,6,7.607843936586214,0.0
4.880427486999906,169.7635574591617,10.504355206898666,23.337501931559338,0.010080172047321938,-0.9790624542063058,2.9629330275609504,0.0,6,16.6696442368281,0.0
4.890799922999577,169.45997765430485,10.303804795999907,20.023197165102623,0.007592094267392105,-0.492766457788388,2.957634560423637,0.0,6,14.302283689359015,0.0
4.900919690000592,169.4618931937451,10.229393370612398,13.481477505176166,0.006620985017160422,0.025324896500354962,2.957667992893821,0.0,6,9.629626789411546,0.0
4.911198030000378,169.71126819546163,10.254261512344685,7.0004016456566855,0.0071023531730196165,0.44514973533860913,2.962020407745941,0.0,6,5.000286889754776,0.0
4.920821818001059,170.13485436056465,10.344561435481445,0.7957489947709945,0.007999859516482969,0.7412368202916428,2.9694133809928847,0.0,6,5.000286889754776,0.0
4.930811792000895,170.64767498604078,10.461060253910368,-5.501015325206234,0.008389709799880858,0.890760855363473,2.9783637893795802,0.0,6,0.5683921391221389,0.0
4.941343989001325,171.17135570696075,10.567714536543612,-11.809662074718497,0.007910741735475303,0.9029809111082088,2.987503742188851,0.0,6,-8.435472910513212,0.0
4.951034769999751,171.62770235660707,10.628517488036328,-18.090758925080287,0.006607168065953609,0.7786690012675311,2.9954684937556246,0.0,6,-12.921970660771635,0.0
4.961246048000248,171.9390523530464,10.60750868924007,-24.683090264932826,0.004954478276887435,0.518978879510076,3.0009025763195636,0.0,6,-12.921970660771635,0.0
4.971575383000527,172.02714490981307,10.468063780153065,-31.176575864427132,0.0038526493402189044,0.12213629622065436,3.002440081481642,0.0,6,-17.630778760666303,0.0
4.9818368870000995,171.81360990348642,10.17291877051807,-24.710859404056674,0.004673378894060368,-0.41074790147773477,2.998713192552975,0.0,6,-22.268982760305093,0.0
4.9917287139996915,171.29325393099424,9.718487396160567,-18.438872353616016,0.007938646338603663,-0.9242099788098541,2.9896312675505694,0.0,6,-17.65061386004048,0.0
5.004874854001173,170.54739500504658,9.141396560488372,-10.644735373460415,0.01218560180031796,-1.3093426498482867,2.976613573537394,0.0,6,-13.170623109725724,0.0
5.015511974001129,169.65626463500055,8.477588668706352,-3.9264500242991094,0.0160099553072768,-1.5518356260992499,2.9610604145155754,0.0,6,-2.8046071602136493,0.0
5.026323526000851,168.71278478840242,7.7690784550104235,2.923291756143746,0.018304750216497676,-1.6366955630342341,2.944593584766227,0.0,6,2.0880655401026758,0.0
5.037186980000115,167.80234611099587,7.054641957258216,9.839574765648441,0.018738741784112896,-1.571634013798004,2.92870343220798,0.0,6,7.028267689748887,0.0
5.047682362001069,167.01018013512538,6.373477424490956,16.53893617611336,0.01741677050689499,-1.3578716408709834,2.914877527706766,0.0,6,11.81352584008097,0.0
5.058751333001055,166.41949419490706,5.764450048458965,23.44597771565693,0.014967998136627483,-0.9996082179122376,2.904568113204718,0.0,6,11.81352584008097,0.0
5.069425687001058,166.111079442483,5.265961775921421,29.023669605908765,0.012471834753237163,-0.4998008049806759,2.899185260313195,0.0,6,20.731192575649118,0.0
5.079558725999959,166.1600373481559,4.9143627441596145,22.482433786595323,0.011457683374971505,0.12786481333281918,2.900039736962068,0.0,6,16.058881276139516,0.0
5.090069198000492,166.57878446864487,4.716507226051899,15.882621195929062,0.012976789492644369,0.7517222521963427,2.9073482529478456,0.0,6,11.344729425663616,0.0
5.1007388010002614,167.28828723134617,4.635759441368377,9.071783805744019,0.01586908903379157,1.250120063867072,2.9197314122089795,0.0,6,6.479845575531442,0.0
5.110587876000864,168.20593865745923,4.6341296731328745,2.6869574562493312,0.018594145779318248,1.6054613287594721,2.9357474509802737,0.0,6,6.479845575531442,0.0
5.1208403689997795,169.24845245584788,4.6736619967908855,-3.7715851934939906,0.020090300831907826,1.8167181854220826,2.953942749259628,0.0,6,1.9192553258923795,0.0
5.131738611000401,170.32764977139257,4.714369971565787,-10.417915723259682,0.019624874037338036,1.8739514486240456,2.9727782956945674,0.0,6,-7.441368373756916,0.0
5.1422326669999165,171.3595653405418,4.71840932809267,-17.027938094246963,0.017184234456526587,1.784007559048572,2.9907886199788125,0.0,6,-12.162812924462116,0.0
5.152824939999846,172.26715081721366,4.651158637577849,-23.524768993315263,0.013293776800602309,1.559276847530775,3.0066289747900186,0.0,6,-16.803406423796616,0.0
5.162949526000375,172.96821195508053,4.475331208673367,-30.010685144074557,0.008632267920964139,1.1917199975314798,3.0188647999035734,0.0,6,-21.43620367433897,0.0
5.172969399000067,173.37468665494023,4.150417612990286,-36.553637713854584,0.00442259160783681,0.6712117702379555,3.025959121742181,0.0,6,-21.43620367433897,0.0
5.183353710001029,173.41347469827852,3.6422311077009843,-42.76354092167422,0.0025919488545412457,0.02246181260570357,3.0266361008088403,0.0,6,-30.545386372624442,0.0
5.1931481570009055,173.00922616047413,2.9146279812622975,-36.54322080117309,0.005206930975295003,-0.7565937452743451,3.0195806328277808,0.0,6,-26.102300572266493,0.0
5.20322482300071,172.1523146451551,1.9612083442318917,-30.251561371929352,0.012972675658862596,-1.5246041654829614,3.0046247054872097,0.0,6,-21.60825812280668,0.0
5.213196983000671,170.92485852341537,0.8177708337444927,-23.91430821154755,0.023609351504178366,-2.1620256057471527,2.9832015547390913,0.0,6,-17.081648722533963,0.0
5.22311570400052,169.40484694360174,-0.48233739245522433,-17.65790043165508,0.0350853062734579,-2.6643593126698364,2.956672348002903,0.0,6,-12.61278602261077,0.0
5.23375694599963,167.50323280239016,-2.0467091330971154,-10.953478231709239,0.04618173906585266,-3.0366545617758423,2.9234829201362764,0.0,6,-7.823913022649457,0.0
5.243992884001273,165.84197792005082,-3.3998240442967274,-4.690688551123101,0.053142682135691954,-3.2102748903859792,2.8944885527246242,0.0,6,-3.3504918222307865,0.0
5.253958897001212,163.97238385769052,-4.942233827204039,1.8035013883712894,0.05757033936455693,-3.252585612623402,2.8618579806607007,0.0,6,1.2882152774080637,0.0
5.264347959000588,162.15846680278105,-6.489955911207325,8.320356208827791,0.05852089475315479,-3.148389116849539,2.8301991556944515,0.0,6,5.943111577734136,0.0
5.2746663260004425,160.48195130123037,-8.005952652649752,14.814018208748521,0.05623150230979583,-2.901841799807987,2.8009384402316684,0.0,6,10.581441577677516,0.0
5.284930066000015,159.02155822481427,-9.453491758676535,21.302575317935766,0.0513768570458673,-2.5182683426155084,2.775449772674878,0.0,6,15.216125227096974,0.0
5.295423702000335,157.8527543600762,-10.796219244529473,27.75460439809139,0.0450035421898362,-2.0032173190331095,2.7550502969251642,0.0,6,19.824717427208135,0.0
5.3055749040013325,157.0415508678018,-12.00136676969778,34.21970408839515,0.03862055713680794,-1.372748731479336,2.7408921250812996,0.0,6,24.442645777425106,0.0
5.3163143640013,156.66393109319725,-13.030180609822809,41.172603328290634,0.03358958031266755,-0.6103604814832275,2.7343014166938113,0.0,6,24.442645777425106,0.0
5.326334516001225,156.7851921054641,-13.848627545330974,34.729464177802946,0.03205761924551238,0.26756444879900715,2.7364178206121688,0.0,6,29.409002377350454,0.0
5.336871462999625,157.4190612114378,-14.448498237555258,28.09492850878486,0.03529614185917438,1.1417068854194894,2.747480923538083,0.0,6,24.8067601270021,0.0
5.3471772560005775,158.49150757944705,-14.865897247237235,21.59171633815676,0.04174442670210571,1.898615284610018,2.766198643710899,0.0,6,20.067806077703473,0.0
5.3582440610007325,159.92636220880442,-15.137527184694264,28.23822263806905,0.04932538252675856,2.5242808117234343,2.7912415812806683,0.0,6,20.170159027192177,0.0
5.367952446000345,161.70716736114667,-15.269793995346864,34.66719119800872,0.059486571623812975,3.1486719046886487,2.82232249452552,0.0,6,20.170159027192177,0.0
5.378594735000661,163.9110519858699,-15.2224672726471,41.29525739754571,0.07603017560020556,3.8942553530553723,2.86078753756102,0.0,6,24.76227942714909,0.0
5.3887850570008595,166.6101052225425,-14.957937672506993,34.7890527270505,0.10149021406744967,4.765068241882047,2.9078949032275663,0.0,6,29.496612426818366,0.0
5.400130308000371,169.80661323022645,-14.471880531879261,27.96096404738309,0.13213547014757235,5.6111907077883085,2.9636844925280155,0.0,6,19.972117176702206,0.0
5.409748019001199,173.419427385682,-13.79879169478319,21.586126976530426,0.16269256181642805,6.326675770576728,3.026739994803373,0.0,6,19.972117176702206,0.0
5.420327788000577,177.34837569256493,-12.980408971329984,14.961141477073756,0.18922753298747605,6.870360016297274,3.095313078899137,0.0,6,15.41866212609316,0.0
5.431079542000589,-178.50399835221782,-12.055713488457826,8.366477877247592,0.20996602381714036,7.242794246634523,-3.1154824992207337,0.0,6,5.976055626605422,0.0
5.44124597300106,-174.23892510199803,-11.064529984939158,1.916341316559185,0.22332015233002886,7.4387195218598245,-3.041042928165662,0.0,6,1.3688152261137034,0.0
5.4518258110001625,-169.95736707589637,-10.046395966031413,-4.630880132768296,0.22856208459897645,7.4590521901456,-2.966315643494999,0.0,6,-3.3077715234059255,0.0
5.462067337000917,-165.75790499304873,-9.040419127569736,-11.08471353332389,0.2256606288056157,7.307533109317489,-2.893021203336649,0.0,6,-7.917652523802779,0.0
5.471644113000366,-161.73478508681288,-8.08516717123885,-17.421746823452494,0.21535284109803365,6.992534104338123,-2.822804514770308,0.0,6,-7.917652523802779,0.0
5.481999712999823,-157.9746197945246,-7.217738647279321,-23.732197893364727,0.19906091220476907,6.527302403416422,-2.7571772500006624,0.0,6,-16.951569923831947,0.0
5.492089442001088,-154.5556887244726,-6.473800296274279,-30.085778132975616,0.1785364487625454,5.926106253040626,-2.697505645929522,0.0,6,-21.489841523554013,0.0
5.502096600999721,-151.5487218749136,-5.888075665106185,-36.38298282259312,0.15563439501442594,5.201954529900982,-2.6450241739063967,0.0,6,-25.9878448732808,0.0
5.512112980000893,-149.01750386322826,-5.494471397913508,-42.88064973284746,0.13227084860848243,4.367064905447771,-2.600846085516703,0.0,6,-25.9878448732808,0.0
5.522764421000829,-147.02082879605658,-5.326672093739145,-49.3908152124237,0.110270828295704,3.4293887919796253,-2.565997531502078,0.0,6,-35.27915372315979,0.0
5.532951877999949,-145.6148761168745,-5.418763078569869,-55.94939052257869,0.091489791138681,2.3938398399323186,-2.5414590281231155,0.0,6,-35.27915372315979,0.0
5.543126063001182,-144.85448203714006,-5.80509033131358,-62.37712680294463,0.07791115474094545,1.2623145222033276,-2.528187647819077,0.0,6,-39.963850373270496,0.0
5.5533896630004165,-144.79499266725136,-6.520285772144942,-55.9078458030268,0.07177674035174005,0.03401950352689212,-2.5271493624445824,0.0,6,-44.55509057353188,0.0
5.564093007000338,-145.4383379700954,-7.567478266476417,-49.368150332607556,0.07478251584825896,-1.175824175925425,-2.538377856206451,0.0,6,-35.26296452329111,0.0
5.573961222000435,-146.7216023217799,-8.911476934823854,-42.906659283103735,0.0852558283026145,-2.2862545783463495,-2.560775044316816,0.0,6,-35.26296452329111,0.0
5.5847425259999,-148.5835530080557,-10.517595895025051,-36.42421947282456,0.10084581543381745,-3.290913548456881,-2.5932722143020968,0.0,6,-26.017299623446114,0.0
5.5950551650003035,-150.96256761206035,-12.351501644024122,-29.923119693062844,0.11946894695986437,-4.187641340060599,-2.634793852095007,0.0,6,-21.373656923616316,0.0
5.605912820999947,-153.7939410361147,-14.37857867221824,-22.97435766267482,0.13917280599689258,-4.970881904277611,-2.6842106406982205,0.0,6,-21.373656923616316,0.0
5.615927245000421,-156.99026916304408,-16.554592827868465,-16.75689774286694,0.15546912154425657,-5.57335583858395,-2.739997090487242,0.0,6,-11.969212673476385,0.0
5.625956268000664,-160.30012855826217,-18.754592827878902,-10.219270563207472,0.15618642749923942,-5.771043364921306,-2.797765034711866,0.0,6,-11.969212673476385,0.0
5.636425873999542,-163.66518589418965,-20.95459282788561,-3.8030210731227343,0.15390837808777966,-5.875137991225292,-2.8564963647421893,0.0,6,-2.716443623659096,0.0
5.646285775999786,-167.07349294514628,-23.154592827888944,2.5884511474254324,0.1515770851295477,-5.950479148590983,-2.9159825447003205,0.0,6,-2.716443623659096,0.0
5.6567627170006745,-170.5021017927864,-25.349497072216003,9.10530596673597,0.14844321438281344,-5.980469461957692,-2.975823057854649,0.0,6,1.8488936767324518,0.0
5.666920485000446,-173.89515676343655,-27.518835893570415,15.637123916807823,0.14165841723824196,-5.904089692125746,-3.0350430387936536,0.0,6,6.503789976239979,0.0
5.677493618000881,-177.15866455477527,-29.62436187512446,22.070273157227703,0.12902548197278507,-5.668842016853822,-3.092001994917003,0.0,6,15.764480826591218,0.0
5.687358338000195,179.80146931467567,-31.627637100178767,28.53154307706463,0.11111911898916273,-5.270596819881242,3.138127639464643,0.0,6,15.764480826591218,0.0
5.698079281999526,177.08384201852172,-33.48744943958562,35.041706666947356,0.08890740694520595,-4.701044258186095,3.0906960953046854,0.0,6,25.029790476390964,0.0
5.708250458999828,174.77080384481894,-35.169063109541625,41.444971227123816,0.06522812375270455,-3.9873233066509863,3.0503259634492554,0.0,6,29.603550876517012,0.0
5.718201031000717,172.94644171931927,-36.63563278809979,47.72465813692578,0.04209736613643322,-3.12760306922084,3.018484837610604,0.0,6,34.08904152637556,0.0
5.728625855001155,171.6974150845668,-37.84773097278842,54.16748669697371,0.02205131848740456,-2.11770407226425,2.996685210389069,0.0,6,38.691061926409795,0.0
5.73877656500008,171.10097849358075,-38.76906467482989,60.68601164667088,0.008505615751338366,-0.9723815861127653,2.9862754280969916,0.0,6,43.347151176193485,0.0
5.7489942660013185,172.1126321939204,-38.947878050333614,67.12567193670512,0.020794772764309008,2.066553140854362,3.0039321160579027,0.0,6,47.94690852621793,0.0
5.759242494001228,174.33579276480665,-38.566495743723564,73.5650682575255,0.06296208655185034,3.9066021858200393,3.0427335878203845,0.0,6,52.54647732680392,0.0
5.768924609999885,177.41631398832482,-37.787796526174084,79.89171284693329,0.11951554796626632,5.457028771004735,3.0964988258483404,0.0,6,52.54647732680392,0.0
5.7799993050011835,-178.5751840048192,-36.57308731162771,86.57170805707611,0.20096072560059158,7.0858909282068065,-3.1167249232388086,0.0,6,61.836934326482925,0.0
5.78957258400078,-173.5893321527878,-34.890569727967005,92.90728667740439,0.3119356338566973,8.796050457316959,-3.0297053924042032,0.0,6,61.836934326482925,0.0
5.80032475400003,-167.70219950976457,-32.762687134737945,99.3989660668052,0.4283559682715812,10.239041220101612,-2.926955544281812,0.0,6,70.99926147628943,0.0
5.810563901000933,-161.73510195724083,-30.562687134683348,105.81349691672983,0.45018584799113637,10.37323261868995,-2.8228100452025777,0.0,6,75.5810692262356,0.0
5.820451113000672,-155.86217687965652,-28.362687134625915,112.36256426659055,0.4533776831611022,10.235574765278455,-2.720308165875788,0.0,6,75.5810692262356,0.0
5.8307932280004025,-150.10302920385377,-26.162687134565655,113.0088383628541,0.4553067918160457,10.038518531901865,-2.619792076824451,0.0,6,80.2589744761361,0.0
5.841436701999555,-144.4758931051679,-23.962687134505558,106.5868256329819,0.45775167414730267,9.807072716844056,-2.521580024444554,0.0,6,76.13344688070136,0.0
5.8513361389996135,-138.9974369255493,-21.76268713444937,100.0492009732958,0.4607986653007813,9.546402307273297,-2.4259629261839795,0.0,6,76.13344688070136,0.0
5.861534141000448,-133.68265146204067,-19.562687134397397,93.64003898331849,0.4643512894499475,9.25969270804218,-2.333202420808621,0.0,6,71.46371498092556,0.0
5.872182713999791,-128.54479271792897,-17.362687134349418,87.15786566337248,0.4682953673486445,8.95000163815633,-2.243529869221491,0.0,6,62.25561833098034,0.0
5.882129374000215,-123.595354102359,-15.162687134305292,80.86871678307635,0.4725211531314258,8.620404489666818,-2.157145869254445,0.0,6,57.76336913076882,0.0
5.892446830001063,-118.8440828379529,-12.962687134264774,74.37087662379473,0.4769277834402522,8.27394153295218,-2.0742205420351647,0.0,6,53.12205473128195,0.0
5.902759745000367,-114.29903502755522,-10.762687134227813,67.86634649335302,0.4814251773053939,7.913554642757253,-1.9948944930831662,0.0,6,48.47596178096644,0.0
5.912839900000108,-109.96666256678182,-8.562687134194297,61.31807105342578,0.48593483650923264,7.542031724079107,-1.9192803292199414,0.0,6,48.47596178096644,0.0
5.923180198000409,-105.85192680209565,-6.362687134163812,55.01294726332764,0.4903898509303761,7.161961483721496,-1.8474646422766012,0.0,6,39.29496233094831,0.0
5.933015089000037,-101.95842619658488,-4.1626871341368465,48.62596568341961,0.494734899072641,6.775708850115981,-1.7795102372820455,0.0,6,39.29496233094831,0.0
5.943074496000918,-98.28854176519609,-1.9626871341127012,42.259316723354104,0.4989248634723799,6.3853853421554785,-1.715458670786631,0.0,6,34.732832631014006,0.0
5.953725864001171,-94.84358250042125,0.23731286590801307,35.742200453657105,0.5029243201048319,5.99284848237715,-1.655332789019227,0.0,6,25.530143181183647,0.0
5.964176535000661,-91.62393591439942,2.4373128659255774,29.18283449298234,0.5067059692548121,5.599693845245731,-1.5991393553425512,0.0,6,20.84488178070167,0.0
5.974344848000328,-88.62921370873529,4.637312865940307,22.764254633763457,0.5102495410860505,5.207263460797115,-1.5468715926711254,0.0,6,16.260181881259612,0.0
5.984637364999799,-85.85839135184331,6.837312865951592,16.268834303242883,0.5135405511125954,4.816656690099357,-1.4985116195554908,0.0,6,11.620595930887774,0.0
5.994736102000388,-83.30993954092715,9.037312865959729,9.710481383314445,0.5165690994806924,4.428744480519589,-1.454032744626592,0.0,6,11.620595930887774,0.0
6.005269203000353,-80.98194542512995,11.237312865964672,3.2832755636414817,0.5193288105036987,4.044187246697951,-1.4134015823388768,0.0,6,2.345196831172487,0.0
6.015240103000906,-78.87222281266737,13.437312865966447,-3.2262277863477635,0.5218158738201214,3.6634541426243765,-1.3765799764476285,0.0,6,2.345196831172487,0.0
6.025980467000409,-76.97487533033559,15.629280530826438,-9.753818437005421,0.5242525617028757,3.294469456836099,-1.3434650158265138,0.0,6,-6.9670131692895865,0.0
6.036275010001191,-75.27504701970781,17.788924054255002,-16.214735557135455,0.5270102371283245,2.9525551694540124,-1.3137974150874463,0.0,6,-11.581953969382468,0.0
6.046421388000454,-73.75228586818291,19.88665615426913,-22.61549145691187,0.5301982706403714,2.6461479246917397,-1.2872202192718762,0.0,6,-16.153922469222763,0.0
6.0567688120008825,-72.38160268075234,21.89028605632857,-29.14721931707699,0.5338929475394671,2.383427635131225,-1.2632972846494823,0.0,6,-20.819442369340706,0.0
6.067155914000978,-71.1329785356481,23.763983762929726,-35.67340191686834,0.5381826980720118,2.173200765631039,-1.241504682197514,0.0,6,-25.481001369191674,0.0
6.077373685000566,-69.97740371705481,25.477024372496487,-42.13062219713119,0.5429779886900195,2.013943469914344,-1.221336096859925,0.0,6,-30.09330156937942,0.0
6.087525791999724,-68.88217538664092,26.996285326934373,-48.546473526842775,0.5483973877770126,1.911854915441647,-1.2022207564330822,0.0,6,-34.67605251917341,0.0
6.097986872000547,-67.7029734406841,28.400685172574185,-55.100381797077155,0.5553225884152958,1.8736883877971364,-1.1816397999302115,0.0,6,-39.35741556934083,0.0
6.108125775001099,-66.72600301526745,29.313562686526723,-61.498849536986555,0.5618806065005152,1.8994821549652676,-1.1645884493120813,0.0,6,-43.92774966927611,0.0
6.118036320000101,-65.58755883495631,30.044013090270887,-67.79512749637742,0.570548918459552,1.9980708695931055,-1.1447188500154837,0.0,6,-48.42509106884101,0.0
6.128219791000447,-64.35180024236476,30.443041130237813,-74.127801186772,0.5811192299982656,2.1720464645429054,-1.12315079381495,0.0,6,-52.94842941912286,0.0
6.1378112330003205,-62.97225240070926,30.47717115069002,-80.42183508640247,0.5942910535529982,2.427750019830839,-1.09907314178928,0.0,6,-52.94842941912286,0.0
6.148352367999905,-61.3974278503859,30.11257585057376,-86.77756929701299,0.6110321705596122,2.773897047143209,-1.0715872682448984,0.0,6,-61.98397806929499,0.0
6.15884027300126,-59.56942920432605,29.3149297032546,-93.36950184621254,0.6326722122092845,3.2219562191952873,-1.0396826731491555,0.0,6,-66.69250131872325,0.0
6.169040091001079,-57.42488415841543,28.051664692517953,-99.83530398682286,0.6608861395215357,3.782065475824777,-1.0022533011406822,0.0,6,-71.31093141915919,0.0
6.17933204899964,-54.883312995430295,26.283102196769903,-106.26783456633657,0.6985251820444596,4.483292022546833,-0.9578945161728503,0.0,6,-75.90559611881183,0.0
6.189338086000134,-52.03072354030752,24.108757687291448,-112.57326642690113,0.7302477131649411,4.909887845181178,-0.9081074379732867,0.0,6,-80.40947601921509,0.0
6.199741954000274,-49.32533153831061,21.90875768723187,-113.022964958271,0.7363392789691482,4.695407784815775,-0.8608894399813196,0.0,6,-80.73068925590786,0.0
6.209597242001109,-46.79225721132698,19.70875768717152,-110.85003441897614,0.7386988406372657,4.405788893791967,-0.8166789527777158,0.0,6,-80.73068925590786,0.0
6.2204429490011535,-44.42451405327403,17.50875768711187,-84.9659319174262,0.7405046436962055,4.118951791447458,-0.7753540388281235,0.0,6,-17.056750009834545,0.0
6.229898801000672,-42.21515285932657,15.308757687089875,-60.17507442087124,0.7421050584192733,3.8432751047872364,-0.7367934116279473,0.0,6,-17.056750009834545,0.0
6.240444267001294,-40.34664318111062,13.226300182010666,-34.91443691749198,0.7311561616766358,3.1500722715422245,-0.7041817656376992,0.0,6,29.143813924805414,0.0
6.250223271999857,-39.092503829830164,11.431873985765714,-60.57919191610752,0.7155004519938838,2.1533384732484873,-0.6822929046790294,0.0,6,29.143813924805414,0.0
6.260618058000546,-38.00263380279699,9.654423065454912,-86.45421191707472,0.717623544776209,2.001201559125467,-0.663271084288501,0.0,6,-32.45159807187187,0.0
6.271055246999822,-36.45708377949906,7.527869684689936,-61.014566920706855,0.7372937218333536,2.705806184919483,-0.636296147627677,0.0,6,-37.89451932790243,0.0
6.281676157999755,-34.91940213439306,5.3278696846570215,-73.98185515272702,0.7422762064881613,2.651634162838426,-0.6094585400730943,0.0,6,-52.84418225194787,0.0
6.291606681001213,-33.50941483851263,3.127869684619084,-100.00008265238934,0.7435556674462896,2.4481862524702698,-0.5848496193486894,0.0,6,-52.84418225194787,0.0
6.30184079799983,-32.222384387074236,0.9278696845612309,-125.47762265500127,0.7443628850458855,2.235978739864981,-0.5623867003976604,0.0,6,-81.18497496299764,0.0
6.312278475999847,-31.05398483902374,-1.2721303155212653,-151.49794515297174,0.7450369679677611,2.0294759555428543,-0.5419942813053655,0.0,6,-110.0712822386185,0.0
6.322431561000485,-30.00020028678949,-3.4721303156236316,-177.07957265416837,0.7456197244281467,1.8297569397648947,-0.5236022712622237,0.0,6,-138.2087503160522,0.0
6.33315432100062,-29.057333658683678,-5.6721303157388,-202.9947601566738,0.7461222554407799,1.6364610612635402,-0.5071461441946004,0.0,6,-191.9945629829743,0.0
6.343352531999699,-28.22191618796444,-7.872130315855063,-228.43161015304133,0.7465531633920647,1.4491930900299146,-0.49256535870186635,0.0,6,-217.7147543989822,0.0
6.3537063830008265,-27.490767824430865,-10.072130315971485,-254.3853951554985,0.7469178412731863,1.2674382968879616,-0.47980441243763705,0.0,6,-242.71541030675291,0.0
6.363562370001091,-26.86104002993075,-12.272130316088045,-279.96789265658947,0.7472198488393252,1.0906258145159853,-0.46881358903228776,0.0,6,-242.71541030675291,0.0
6.374423794000904,-26.330212265160135,-14.472130316204721,-300.0,0.747461798723838,0.9181843399818731,-0.4595488967760386,0.0,6,-260.0,0.0
6.384662452999692,-25.896088132259543,-16.67213031632149,-300.0,0.7476454664215362,0.7495485945377544,-0.45197200129455783,0.0,6,-260.0,0.0
6.395180884001093,-25.55679136941898,-18.872130316438344,-300.0,0.7477718188515794,0.5841602017203326,-0.44605015564163164,0.0,6,-260.0,0.0
6.405123283000648,-25.31076185344008,-21.072130316555253,-300.0,0.7478410282724687,0.42146773307209245,-0.44175613053071183,0.0,6,-260.0,0.0
6.41484130400022,-25.156751731094527,-23.2721303166722,-300.0,0.7478524776840164,0.26092648489594483,-0.43906814681438266,0.0,6,-260.0,0.0
6.425536192000436,-25.093821769274182,-25.472130316789176,-300.0,0.7478047581230426,0.1019980935808552,-0.4379698117824633,0.0,6,-260.0,0.0
6.435868876000313,-25.12133798651286,-27.672130316906173,-300.0,0.7476956577857796,-0.05584995703975826,-0.4384500603709722,0.0,6,-260.0,0.0
6.445792274000269,-25.238968603688438,-29.872130317023142,-300.0,0.7475221429241388,-0.21314489255653193,-0.44050310194183906,0.0,6,-260.0,0.0
6.455915739001284,-25.446681328842818,-32.072130317140086,-274.68854249746073,0.7472803305200769,-0.37040922915971475,-0.44412837289407303,0.0,6,-260.0,0.0
6.46615921800003,-25.744740969398784,-34.27213031725698,-249.07565499943303,0.7469654528091569,-0.5281613413136454,-0.4493304949890855,0.0,6,-199.25250199390575,0.0
6.476816452999628,-26.133668442420095,-36.472130317365206,-223.26996499741654,0.7465714722578252,-0.6868324666858996,-0.4561185599447688,0.0,6,-75.84791599379969,0.0
6.4871882570005255,-26.614073207352444,-38.67213031742885,0.0,0.7460894535514166,-0.8465367483678633,-0.46450320483510765,0.0,6,0.0,0.0
6.497529324000425,-30.77206468534507,-39.00000000000007,0.0,0.9398255588227644,-7.250375359095956,-0.5370738463959444,0.0,6,0.0,0.0
6.507839793999665,-35.64398414812319,-39.00000000000009,0.0,0.993071416017911,-8.393243205546595,-0.6221048819134158,0.0,6,0.0,0.0
6.517682648000118,-40.61546928764704,-39.00000000000011,0.0,0.9912803818103217,-8.674838288752925,-0.7088736663120767,0.0,6,0.0,0.0
6.527936534001128,-45.70037353231921,-39.00000000000012,0.0,0.9822534542702578,-8.885340836995821,-0.7976219875302415,0.0,6,0.0,0.0
6.538208863001273,-50.911745640707366,-39.00000000000015,0.0,0.9716596598580889,-9.108305344275184,-0.8885775893682135,0.0,6,0.0,0.0
6.548501938999834,-56.26168091944458,-39.00000000000017,0.0,0.9601171704002178,-9.351175488310943,-0.9819515747507785,0.0,6,0.0,0.0
6.558482338999966,-61.761150964607346,-39.0000000000002,0.0,0.9476987196581876,-9.612951664031392,-1.07793543415367,0.0,6,0.0,0.0
6.568821660001049,-67.41981235616706,-39.000000000000234,0.0,0.9344333001189494,-9.891424232278316,-1.1766977066918711,0.0,6,0.0,0.0
6.579300553001303,-73.24579609738997,-39.00000000000027,0.0,0.9203647631387207,-10.183920883513077,-1.2783803051438682,0.0,6,0.0,0.0
6.589189721000366,-79.24548126318528,-39.0000000000003,0.0,0.9055616058185836,-10.487363468524892,-1.3830945653700581,0.0,6,0.0,0.0
6.5993358899995656,-85.42325828609168,-39.00000000000033,0.0,0.8901209301800248,-10.798259699449662,-1.490917114873828,0.0,6,0.0,0.0
6.609302877999653,-91.78128950326031,-39.00000000000036,0.0,0.8741709329509915,-11.112700339407189,-1.6018856935580033,0.0,6,0.0,0.0
6.619733920000726,-98.31927689179123,-39.00000000000039,0.0,0.8578719967393139,-11.426373058580946,-1.7159950999417337,0.0,6,0.0,0.0
6.629845440000281,-105.03424914550175,-39.00000000000041,0.0,0.841415976752143,-11.734597570620732,-1.8331934749490462,0.0,6,0.0,0.0
6.64031294599954,-111.92038213831763,-39.000000000000426,0.0,0.8250232761898486,-12.03238536211352,-1.9533791684038944,0.0,6,0.0,0.0
6.650651149000623,-118.96886806713309,-39.00000000000043,0.0,0.8089374247338788,-12.314526096051967,-2.0763984551422148,0.0,6,0.0,0.0
6.6606641720009065,-126.16784883305274,-39.000000000000426,5.1659971111857175,0.7934170838863143,-12.57570101957007,-2.202044372295256,0.0,6,0.0,0.0
6.6707739459998265,-133.50243599296812,-39.000000000000135,11.557555641107612,0.7787273787353962,-12.810638310052319,-2.330057067510279,0.0,6,3.6899979365612268,0.0
6.68082490100096,-140.93869843037498,-38.989600698346855,17.878082301327524,0.7615423959848204,-12.979118676325083,-2.4598443310854075,0.0,6,8.255396886505437,0.0
6.691396350001014,-148.4012070187702,-38.93711938313625,24.275976110717167,0.7354659951987813,-13.01237848741609,-2.5900896764112584,0.0,6,17.339982936226548,0.0
6.7016850220006745,-155.78434678180327,-38.80052616491779,30.771438021371,0.6962244285958548,-12.861730089066477,-2.718949774411099,0.0,6,21.97959858669357,0.0
6.7121793490005075,-162.96674471648254,-38.535102082336365,37.36768103025126,0.6421050796185716,-12.498924090442038,-2.844306266559693,0.0,6,26.69120073589376,0.0
6.721781895001186,-169.81808234875555,-38.09452526278691,43.68437729087047,0.5734841549989134,-11.909076606945224,-2.96388466640865,0.0,6,26.69120073589376,0.0
6.73219134700048,-176.20929213239643,-37.433234958409855,49.9736559503671,0.4933369828263725,-11.095928210658855,-3.0754323203188574,0.0,6,35.6954685359765,0.0
6.742517112001224,177.9787610212264,-36.50824785744716,56.47941584040921,0.4063687627611932,-10.076266916634902,3.106315378440546,0.0,6,40.342439886006574,0.0
6.7527601680012594,172.85331391014964,-35.27852566765108,62.92312262091029,0.31779100280636585,-8.870490486956914,3.016859450715425,0.0,6,44.945087586364494,0.0
6.763158234000002,168.5080997161004,-33.70509793110425,69.49784546076073,0.233030979877902,-7.502740991238509,2.941021156324874,0.0,6,49.641318186257664,0.0
6.7734218269997655,165.02373020286305,-31.751081463903613,75.96056438131738,0.15707775013156303,-5.99477012123563,2.8802074359627703,0.0,6,54.25754598665527,0.0
6.783806620000178,162.11500099480344,-29.55366891786176,82.49352263136272,0.1250540526732258,-5.150030602359578,2.8294405342332025,0.0,6,58.92394473668766,0.0
6.794199167999977,159.28924068463,-27.353668917814943,89.0456681613304,0.12271010379068724,-4.933363165933153,2.7801217129484996,0.0,6,63.60404868666457,0.0
6.804009256000427,156.55046578800147,-25.15366891776457,95.49729656113952,0.12350214860436376,-4.7721640606782065,2.7323210735313648,0.0,6,63.60404868666457,0.0
6.814170998999543,153.90754441863723,-22.953668917710736,101.94324803053489,0.12475074170828335,-4.603245884919607,2.6861933937646416,0.0,6,68.21235468652823,0.0
6.824939162001101,151.36880036347628,-20.753668917653503,108.50181956130285,0.12615143272724758,-4.420679139384284,2.6418839511366503,0.0,6,77.50129968664488,0.0
6.83501176900063,148.94198978749588,-18.55366891759286,114.87299948043612,0.12764526294986528,-4.224716511337512,2.5995281162635724,0.0,6,82.0521424860258,0.0
6.845409206000113,146.63428672279645,-16.353668917528935,121.40336024073433,0.12919898105014901,-4.016294529862652,2.559251099626204,0.0,6,86.7166858862388,0.0
6.85584820800068,144.4522756523453,-14.15366891746169,127.8864558812401,0.1307826173422259,-3.7964336591471683,2.521167822131865,0.0,6,91.34746848660008,0.0
6.866153994000342,142.4019502987629,-11.953668917391164,134.43776540116772,0.13236746549439227,-3.5661628906034717,2.4853828939747356,0.0,6,96.02697528654836,0.0
6.8763439590002235,140.48871908125707,-9.753668917317347,140.88332060102942,0.1339261401432995,-3.3265025864407827,2.451990709877319,0.0,6,100.63094328644958,0.0
6.886284538000837,138.71741531990727,-7.553668917240304,147.36610817106876,0.1354327828534703,-3.078454759170972,2.421075627188805,0.0,6,100.63094328644958,0.0
6.896606880000036,137.0923115435311,-5.353668917160031,153.8679513509905,0.1368632520022942,-2.8229965928744796,2.3927122156044476,0.0,6,105.2615058364777,0.0
6.907121047001056,135.6171364217311,-3.153668917076518,160.29973160070398,0.13819524750225803,-2.561075367424937,2.366965552685529,0.0,6,114.49980828621712,0.0
6.9171596340002,134.29509429369404,-0.9536689169897918,166.761922580541,0.13940837009636112,-2.2936042354696613,2.3438915647012095,0.0,6,114.49980828621712,0.0
6.92748812300124,133.12888567926493,1.246331083100167,160.24753673004483,0.14048417244786485,-2.0214607403863307,2.3235373846143004,0.0,6,119.11565898610071,0.0
6.937706310000067,132.12074931847374,3.4463310831871077,153.77724773047333,0.1414054227721216,-1.7454404515824584,2.305942085809421,0.0,6,114.4625262357463,0.0
6.94768272500005,131.27248606566357,5.646331083270397,147.46504084993458,0.1421573031596994,-1.466318875018561,2.2911370991242066,0.0,6,109.84089123605237,0.0
6.957997034000073,130.58545096629743,7.846331083350157,141.06851162043853,0.14272751791117505,-1.1848689333689322,2.279146074563501,0.0,6,105.33217203566757,0.0
6.968250218000321,130.06057135741614,10.046331083426391,134.60213996012126,0.1431057294958049,-0.9018352565477545,2.269985197211942,0.0,6,100.76322258602751,0.0
6.978606579999905,129.6983630804383,12.246331083499095,128.0580918207542,0.14328350896959813,-0.6179350559501015,2.2636634702007035,0.0,6,96.14438568580091,0.0
6.989156583000295,129.49894368902744,14.446331083568264,121.59871757063767,0.1432543458402165,-0.33386271503209064,2.2601829452282605,0.0,6,86.85622683616977,0.0
6.999207533999652,129.4620426423167,16.646331083633957,115.04243483001657,0.14301366914417557,-0.05029520986508418,2.259538900465726,0.0,6,86.85622683616977,0.0
7.009751530000358,129.58700874803355,18.84633108369616,108.5864934505534,0.14255887565627187,0.23210346075222,2.26171997046388,0.0,6,77.56178103610956,0.0
7.019946454000092,129.87281464287952,21.046331083754946,102.11492870043541,0.1418893753442851,0.512676525660306,2.266708224350551,0.0,6,72.9392347860253,0.0
7.029723850000664,130.3180580547205,23.246331083810322,95.7859537407475,0.14100664648470873,0.7907694617918279,2.2744791878599893,0.0,6,72.9392347860253,0.0
7.039802254999813,130.92096037344163,25.446331083862372,89.50067999043851,0.13991429581090026,1.0657247804762071,2.2850018183895813,0.0,6,68.41853838624822,0.0
7.050405977000992,131.67936247281426,27.64633108391114,82.9746315806605,0.13861812376038582,1.3368777443362987,2.298238432077671,0.0,6,59.26759398618607,0.0
7.0606131960012135,132.59071901954394,29.846331083956517,76.42767914049357,0.1371261975953097,1.603553594650092,2.3141446044777094,0.0,6,59.26759398618607,0.0
7.071198405999894,133.6520904564364,32.04633108399849,69.91536158075716,0.13544889564858706,1.8650630938794754,2.3326690306381064,0.0,6,49.93954398625512,0.0
7.081187256000703,134.8601328364431,34.24633108403706,63.62859158051462,0.13359893058097755,2.1206994604087077,2.3537533476728516,0.0,6,45.448993986081874,0.0
7.091247009000654,136.2110868607277,36.44633108407234,57.30274141986767,0.13159134459144334,2.369736663344421,2.3773319434396853,0.0,6,40.930529585619766,0.0
7.101207357000021,137.70076715417247,38.646331084104325,0.0,0.12944349701748864,2.6114303867933475,2.4033317693623717,0.0,6,40.930529585619766,0.0
7.111924106000515,136.38892717957663,39.00000000000008,0.0,0.12967732787990893,-2.312469692447174,2.3804358425463956,0.0,6,0.0,0.0
7.122201531001338,134.66676832971086,39.00000000000008,0.0,0.149957873497568,-2.8899885646312784,2.3503785003738793,0.0,6,0.0,0.0
7.132383043999653,133.10197008232865,39.00000000000007,0.0,0.1535614597059897,-2.705916666128711,2.323067618827623,0.0,6,0.0,0.0
7.142318244001217,131.69777456029948,39.00000000000007,0.0,0.15509500302278098,-2.4351598638921965,2.2985597836264535,0.0,6,0.0,0.0
7.1527489319996675,130.45690341358556,39.00000000000007,0.0,0.1562881206130207,-2.1509896299783846,2.276902496523298,0.0,6,0.0,0.0
7.162791781000124,129.3815835275484,39.000000000000064,0.0,0.1572979574829153,-1.862037483901542,2.258134623999779,0.0,6,0.0,0.0
7.173238815999866,128.47357196412145,39.000000000000064,0.0,0.1581259764097671,-1.569955744373874,2.2422868325717973,0.0,6,0.0,0.0
7.1834857129997545,127.73417936981063,39.00000000000006,-0.8368640199424391,0.15876035750750966,-1.2756113806835274,2.229381997336211,0.0,6,-0.5977600142445993,0.0
7.194041724000272,127.16429242669304,39.000000000000014,-7.359611859386931,0.15918980026388907,-0.9797519988600341,2.2194355938146835,0.0,6,-5.256865613847808,0.0
7.20417321900095,126.74487699219266,38.984878120498436,-13.86766053957588,0.15974786671606064,-0.7249700701496161,2.212115413548969,0.0,6,-9.905471813982771,0.0
7.214134825000656,126.4326553570986,38.920570360036066,-20.34375813960112,0.16053829219865676,-0.5421800007404265,2.2066661180206175,0.0,6,-9.905471813982771,0.0
7.224789751000571,126.18440108501787,38.772610888786076,-26.844325570122308,0.16148683868387204,-0.4342479146127602,2.202333263590667,0.0,6,-19.174518264373077,0.0
7.235089949001122,125.95751094332283,38.50663459087895,-33.391586079609695,0.1626305233099817,-0.40061644175265587,2.198373283577772,0.0,6,-23.851132914006925,0.0
7.245470830001068,125.70980451407611,38.088148494157,-39.7965648702794,0.16414026583934824,-0.44055746697344234,2.1940499908090585,0.0,6,-28.426117764485284,0.0
7.255677840001226,125.4002799336503,37.48292451903553,-46.35253953928812,0.16630610854970132,-0.5517253202153606,2.188647767764774,0.0,6,-33.108956813777226,0.0
7.266026238999984,124.98937940322672,36.65687471223918,-52.817195079418596,0.16953142276004507,-0.7319887070538854,2.1814762006106916,0.0,6,-37.726567913870426,0.0
7.276279282999894,124.43927319063695,35.575814123057384,-59.31718983997969,0.17430952404830444,-0.9778105917068226,2.171875035965324,0.0,6,-42.36942131427121,0.0
7.286437115000808,123.71515327671572,34.20591660297011,-65.71578736023555,0.18118830238936767,-1.2840938590100364,2.1592367592881407,0.0,6,-46.939848114453966,0.0
7.2968828920002125,122.7860924905131,32.51373182939446,-72.2693415702034,0.19072147849178883,-1.643754215379694,2.143021589617738,0.0,6,-51.620958264430996,0.0
7.307103035000182,121.6276215644851,30.467627741867087,-78.70759128939797,0.20331623512312158,-2.0426332754644703,2.1228024576699216,0.0,6,-56.21970806385569,0.0
7.317245776999698,120.4783888358011,28.26762774182671,-85.02415524969736,0.20874213449607892,-1.9603983104908844,2.102744562682707,0.0,6,-60.73153946406954,0.0
7.327383978999933,119.51569696941868,26.067627741783046,-91.41940809951309,0.21011062851439133,-1.6606619492160655,2.085942419932165,0.0,6,-65.29957721393792,0.0
7.336876711000514,118.74044878806703,23.867627741736406,-97.6821933692864,0.21085983790781368,-1.3362708164182335,2.0724117866474803,0.0,6,-65.29957721393792,0.0
7.347140165000383,118.15316471197436,21.667627741686175,-92.87097228275407,0.21132227635311954,-1.0085197186364367,2.0621617458751302,0.0,6,-69.772995263776,0.0
7.357297996000852,117.75399269269322,19.467627741637646,-86.43228219277326,0.21151977009200518,-0.680276983033959,2.05519487985684,0.0,6,-66.33640877339576,0.0
7.368049951999637,117.54272243721354,17.267627741592644,-79.88422914307257,0.21144709956394225,-0.35239794288748316,2.05150751828719,0.0,6,-57.060163673623265,0.0
7.37807645400062,117.51881790804744,15.067627741551076,-73.53976311304969,0.21109813445442,-0.025477496862547612,2.0510903055471026,0.0,6,-52.52840222360692,0.0
7.388022761000684,117.68142788987669,12.867627741512825,-67.25985885296787,0.2104684425010187,0.2999310957973883,2.053928385126631,0.0,6,-48.042756323548474,0.0
7.39838233699993,118.02938951488665,10.667627741477842,-60.72166404214904,0.20955559054163012,0.6232829362154467,2.060001461153645,0.0,6,-43.3726171729636,0.0
7.408986198999628,118.56122573232092,8.467627741446254,-54.164808632713815,0.20835926797242188,0.9440285598022292,2.0692837542292253,0.0,6,-38.68914902336701,0.0
7.4186613250003575,119.27513798359034,6.267627741418087,-56.43451798919473,0.2068814279265692,1.261605635474209,2.0817438735842018,0.0,6,-38.68914902336701,0.0
7.429525540001123,120.16900487684904,4.067627741389184,-62.98657594922902,0.2051266763268694,1.57545312569359,2.0973447939461387,0.0,6,-44.99041139230644,0.0
7.439766638999572,121.24037237211802,1.867627741357394,-69.44256142879881,0.2031024158802923,1.8849847242030129,2.116043684237427,0.0,6,-49.60182959199915,0.0
7.450192997001068,122.48642760661087,-0.3323722586781646,-75.99576346819363,0.20081890765141708,2.189570300100135,2.1377914507410374,0.0,6,-54.282688191566876,0.0
7.46018170699972,123.90396567593567,-2.532372258717214,-82.28821039884993,0.19828929312952553,2.488524471545308,2.1625321573231187,0.0,6,-58.77729314203566,0.0
7.470262206999905,125.48936488342177,-4.732372258759665,-88.63580122905974,0.1955299116353469,2.7811171436726245,2.19020259345226,0.0,6,-63.311286592185525,0.0
7.480439459000991,127.23855941736399,-6.932372258805565,-95.06938642830706,0.19256044022389007,3.0665708622756043,2.2207317973274394,0.0,6,-67.9067045916479,0.0
7.490388141000949,129.14701184690855,-9.132372258854991,-101.60885761880623,0.18940398246972734,3.344059981502274,2.254040575840677,0.0,6,-67.9067045916479,0.0
7.501166922000266,131.20968549764845,-11.332372258908057,-108.12267142847618,0.1860870694265172,3.6127108820393135,2.29004102244022,0.0,6,-77.2304795917687,0.0
7.5108732740009145,133.4210180364956,-13.532372258964799,-114.50489713911651,0.18263956344139354,3.871604053636423,2.3286360560995885,0.0,6,-77.2304795917687,0.0
7.521219297001153,135.77489742643866,-15.732372259025206,-108.27001393906673,0.1790944596387038,4.119778481727543,2.36971900164893,0.0,6,-77.33572424219051,0.0
7.531140037001023,138.26461972641118,-17.932372259083188,-101.73903703898164,0.1754860261815384,4.356191068462831,2.4131728532437764,0.0,6,-77.33572424219051,0.0
7.5417962210012774,140.88286695465277,-20.132372259137913,-95.2392180497131,0.17185102010643427,4.579782036421815,2.4588698880078077,0.0,6,-68.02801289265221,0.0
7.552297394000561,143.62172429425078,-22.332372259189384,-88.67774221929126,0.168228914195481,4.789506967244258,2.5066719663262056,0.0,6,-63.3412444423509,0.0
7.562422184000752,146.47268007683724,-24.532372259237533,-82.2872861897426,0.16466048559196678,4.984324796329968,2.5564305315611104,0.0,6,-58.776632992673285,0.0
7.572330839000642,149.42663412506468,-26.73237225928244,-75.78165860002032,0.1611869872924465,5.163210619761983,2.607986755655295,0.0,6,-58.776632992673285,0.0
7.582610499001021,152.47391527903028,-28.932372259324023,-69.3001033095547,0.15784923961819855,5.325170539199945,2.661171845025967,0.0,6,-54.129756142871656,0.0
7.593292948000453,155.6043084814681,-31.132372259362256,-62.83747258921126,0.1546867367542558,5.469259407637304,2.7158075132905566,0.0,6,-44.883908992293755,0.0
7.603828979999889,158.80709291740627,-33.332372259397125,-55.98333466999379,0.1517367413159879,5.5945992879238995,2.7717066469293066,0.0,6,-44.883908992293755,0.0
7.614262881999821,162.07109227859348,-35.53237225942878,-49.647802669745445,0.1490335057108952,5.700400248217074,2.828674182565015,0.0,6,-35.462716192675316,0.0
7.624149183000554,165.38472716015465,-37.73237225945702,-43.36288109000948,0.14660693935419167,5.785966605527101,2.88650802145719,0.0,6,-30.973486492863913,0.0
7.634098354001253,170.68907939542922,-39.00000000000236,0.0,0.4678861202428473,10.755419676986065,2.979086432648252,0.0,6,0.0,0.0
7.64436551000108,178.6576913565962,-38.99725657574957,0.0,0.7363460973889346,13.566856825515302,3.1181649481844183,0.0,6,0.0,0.0
7.654684709001231,-173.40681405466427,-38.99486547669419,0.0,0.7647602365734962,13.803668632254546,-3.0265198506474698,0.0,6,0.0,0.0
7.664736359000017,-165.54851841312293,-39.00000000000027,0.0,0.7637653648626017,13.705378147570906,-2.8893667181074534,0.0,6,0.0,0.0
7.6749064850009745,-157.76860297447703,-39.00000000000027,0.0,0.765168715232388,13.564651044587352,-2.7535815781763437,0.0,6,0.0,0.0
7.6855776160009555,-150.1043474533035,-39.000000000000334,0.0,0.7664460557661291,13.362551975423342,-2.619815084617711,0.0,6,0.0,0.0
7.695974701000523,-142.5803854699353,-39.000000000000384,1.8800214404896451,0.768878337485909,13.116068631713482,-2.488497175213053,0.0,6,1.3428724574926036,0.0
7.7058491930001765,-135.21897226138796,-39.00000000000031,8.341462090526466,0.7723936639436918,12.830829690592239,-2.3600162771241022,0.0,6,1.3428724574926036,0.0
7.716248722001183,-128.03770039757165,-38.998653672212946,14.891361040760376,0.7771903649981411,12.51578341667989,-2.234679438619678,0.0,6,5.958187207518904,0.0
7.726571758999853,-121.03703445628123,-38.982747124084064,21.395006650242568,0.7860932325068415,12.20667379014389,-2.112494768111932,0.0,6,10.636686457685983,0.0
7.737356824000017,-114.1940320278062,-38.91607259024551,27.7935581806983,0.8010445441356739,11.931691633474847,-1.993061845013075,0.0,6,19.852541557641644,0.0
7.7474539459999505,-107.50155656670222,-38.76502896082399,34.30076833087383,0.8189187084723515,11.667538634739408,-1.876256113107885,0.0,6,24.500548807767018,0.0
7.757266127000548,-100.9657319843441,-38.495972290181875,40.74552910082871,0.8368389532839811,11.39168568756155,-1.7621844548129524,0.0,6,24.500548807767018,0.0
7.7679262190013105,-94.60559423245046,-38.07441562274369,47.209434310013016,0.8520805374820386,11.081389634096494,-1.6511791101620181,0.0,6,33.72102450715215,0.0
7.777988413999992,-88.45330229355876,-37.46508217539164,53.56960939093055,0.8621401426726953,10.713876561768604,-1.5438013592844524,0.0,6,38.26400670780754,0.0
7.787694272999943,-82.5536578159774,-36.63176099649823,59.89589740009846,0.8649126365990141,10.267162729751686,-1.4408331384535566,0.0,6,38.26400670780754,0.0
7.798635536000802,-76.96320371567583,-35.53738887407238,61.064012399005755,0.85890169407901,9.720922947209466,-1.343261307721677,0.0,6,43.61715171357554,0.0
7.808676075001131,-71.74221219042336,-34.15574514425231,54.55856246797764,0.8445201661121116,9.071714781190003,-1.2521378153873006,0.0,6,38.97040176284116,0.0
7.819021745999635,-66.93292904969658,-32.49228265292407,52.90054229264336,0.825321618832066,8.354280311229518,-1.1681999899209647,0.0,6,37.7861016376024,0.0
7.828869273000237,-62.56193170870753,-30.563054558086083,57.74155295454082,0.8034140000344215,7.58617452317696,-1.0919116947247884,0.0,6,37.7861016376024,0.0
7.839206141999966,-58.62915699334398,-28.396147861731386,61.914099764542506,0.7846983123651515,6.856103157467255,-1.0232718272025116,0.0,6,44.22435697467322,0.0
7.84947098900011,-54.92794188115913,-26.196147861699504,55.470426404851246,0.7843477901720972,6.451207660871008,-0.9586734371703147,0.0,6,39.62173314632232,0.0
7.859481211000457,-51.4157007189751,-23.996147861670103,49.00779757420133,0.78672751913012,6.115578687761574,-0.8973732647661312,0.0,6,39.62173314632232,0.0
7.8698783649997495,-48.08384780651695,-21.796147861643814,42.44069080431183,0.7891374297491907,5.80081047900347,-0.839221461251574,0.0,6,35.00556969585809,0.0
7.880089633001262,-44.92366467805025,-19.596147861620413,68.00273830339103,0.7913211169533312,5.501885814935131,-0.7840658606938553,0.0,6,30.314779145937017,0.0
7.890587449001032,-41.9262356306364,-17.39614786155567,93.99195830172795,0.793284951620928,5.218647505173835,-0.7317508547215663,0.0,6,91.6636931437271,0.0
7.90088184600063,-39.08249849027336,-15.196147861450267,119.22795330082118,0.7950534969118718,4.951194473571945,-0.6821182785609832,0.0,6,214.60420913755948,0.0
7.910995453999931,-36.38356614674754,-12.996147861335322,144.54830080484209,0.7966358873681804,4.699169738928388,-0.635013022877891,0.0,6,260.0,0.0
7.921218388000852,-33.82090008623507,-10.796147861219744,169.6232783025942,0.79803843691539,4.462056135197143,-0.5902860624928361,0.0,6,260.0,0.0
7.930800531999921,-31.386146856799584,-8.596147861103585,194.7000033034663,0.7992763719986118,4.239505213441302,-0.547791602165622,0.0,6,260.0,0.0
7.941106035999837,-29.07116156206585,-6.396147860986903,219.88465580324083,0.8003648718836975,4.031148760866123,-0.507387486637267,0.0,6,260.0,0.0
7.951145946999532,-26.868026464309423,-4.196147860869746,245.65382830149866,0.8013180430060735,3.836589449709485,-0.46893552531517013,0.0,6,260.0,0.0
7.961539608000749,-24.769062669604867,-1.9961478607521632,271.40413830255676,0.8021488014209649,3.6554102856402833,-0.4323016962174213,0.0,6,260.0,0.0
7.971774347000974,-22.76683604978903,0.2038521393657992,297.2780933034181,0.8028688739280069,3.4871843159166214,-0.39735624933055824,0.0,6,260.0,0.0
7.981962842000939,-20.854158407898712,2.403852139484098,300.0,0.8034888292373257,3.3314828352268617,-0.3639737269502912,0.0,6,260.0,0.0
7.992235932000767,-19.02408475514493,4.603852139602696,300.0,0.8040181237453496,3.187882113012578,-0.33203291615573827,0.0,6,260.0,0.0
8.00218663600026,-17.26990744073354,6.803852139721553,300.0,0.8044651554247276,3.0559688389522814,-0.3014167463554678,0.0,6,260.0,0.0
8.012573312000313,-15.585147762005223,9.003852139840637,300.0,0.8048373214303038,2.935344481588629,-0.27201214285681674,0.0,6,260.0,0.0
8.023203646000184,-13.963545581618817,11.203852139959919,300.0,0.8051410761774487,2.8256287345582205,-0.24370984565155496,0.0,6,260.0,0.0
8.033536463000928,-12.39904739042669,13.403852140079369,300.0,0.805381987502266,2.7264622031080217,-0.21640420107375657,0.0,6,260.0,0.0
8.043864389999726,-10.885793178504322,15.60385214019896,300.0,0.805564789167547,2.6375084629626704,-0.18999293265603923,0.0,6,260.0,0.0
8.053936295000312,-9.418102411519122,17.803852140318664,300.0,0.805693428476198,2.5584556046778424,-0.1643768963710266,0.0,6,260.0,0.0
8.064520104000621,-7.990459354182773,20.003852140438468,300.0,0.8057711081266729,2.489017359541439,-0.13945982447726912,0.0,6,260.0,0.0
8.074454882000282,-6.597497935857985,22.20385214055835,300.0,0.8058003217185213,2.4289338878750004,-0.11514806137425149,0.0,6,260.0,0.0
8.085262230000808,-5.233986314456191,24.403852140678282,300.0,0.8057828825118396,2.3779722971599497,-0.0913502941915838,0.0,6,260.0,0.0
8.095197636001103,-3.89481126261909,26.603852140798274,300.0,0.8057199451796432,2.335926945627548,-0.06797728027646066,0.0,6,260.0,0.0
8.105296155999895,-2.574962473977627,28.803852140918266,300.0,0.8056120203812311,2.302619576638495,-0.0449415732862084,0.0,6,260.0,0.0
8.11611740599983,-1.2695168662808005,31.003852141038262,273.95437249906536,0.8054589820391037,2.2778993201532014,-0.022157249226200548,0.0,6,197.49049399775686,0.0
8.12582668899995,0.026377058250788323,33.20385214115826,248.7430025010326,0.8052600672315218,2.261642589669309,0.0004603665134665924,0.0,6,197.49049399775686,0.0
8.13586359600049,1.3174676339478322,35.40385214126886,223.78607999853557,0.8050120521891901,2.253651737169105,0.02299414800084909,0.0,6,136.98320600247825,0.0
8.1458572620013,2.608235561850133,37.60385214133527,198.66045500093605,0.8047051058891066,2.253420563605255,0.045522298221889024,0.0,6,77.08659199648537,0.0
8.15587460900133,5.6257855669578465,39.00000000000138,0.0,0.9693498410135457,6.827149508491036,0.09818848115459033,0.0,6,16.78509200224653,0.0
8.166116893000435,11.63552278851395,39.000000000000064,0.0,1.18452530546759,10.096892720340369,0.20307818285040025,0.0,6,0.0,0.0
8.176474928000971,17.659498998613405,39.000000000000085,0.0,1.205284668571852,10.47587782270869,0.30821640177844545,0.0,6,0.0,0.0
8.187094294000417,23.718987835084288,39.000000000000114,0.0,1.1991836888719147,10.577452160710678,0.41397443296270264,0.0,6,0.0,0.0
8.197830738999983,29.834577850164184,39.00000000000014,0.0,1.1891377566096601,10.68110884087665,0.5207116144279365,0.0,6,0.0,0.0
8.20731711100052,36.02599410395517,39.00000000000017,0.0,1.177650595086194,10.815463463071191,0.628772213418082,0.0,6,0.0,0.0
8.217774271000962,42.31190303265428,39.0000000000002,-2.874550216395794,1.1649835478578354,10.981884815552638,0.738482020704391,0.0,6,0.0,0.0
8.228343201000826,48.70969176924893,39.000000000000085,-9.344000685953862,1.15116697283243,11.178463532040912,0.8501444990049758,0.0,6,-6.674286204252759,0.0
8.238630752000972,55.24989479949889,38.9891271638658,-15.80944624632429,1.1389734272102126,11.43357015092567,0.964292575631748,0.0,6,-11.29246160451735,0.0
8.2487078260001,61.975341555825274,38.941857832036035,-22.328890366328043,1.129984753509183,11.760261681511357,1.0816737651972161,0.0,6,-11.29246160451735,0.0
8.259344377000161,68.91877635995644,38.82964221144324,-28.810091596527123,1.1231808363965121,12.141232102725093,1.2028595639268724,0.0,6,-20.57863685466223,0.0
8.269220964000851,76.09561555158373,38.62480026716169,-35.24437798666731,1.1164280707901348,12.54724510464608,1.3281190377069372,0.0,6,-20.57863685466223,0.0
8.27948364599979,83.5027997820789,38.30023135774587,-41.7656270562049,1.1072139319179979,12.946158140731114,1.4573987908308803,0.0,6,-25.174555704762362,0.0
8.289848526999776,91.1179778818926,37.82836185714709,-48.28881274646227,1.092755054337342,13.304240229038077,1.5903087217983947,0.0,6,-29.83259075443207,0.0
8.300072787000317,98.89829711334588,37.180050388188356,-54.742507546191696,1.0699674214754207,13.585509329232107,1.7261009092434891,0.0,6,-34.49200910461591,0.0
8.311033609001242,107.56959216124805,36.22596240902145,-61.418053066693744,1.0314123716542194,13.761030075630828,1.8774435582412616,0.0,6,-43.87003790478125,0.0
8.32068672800051,114.67400386417097,35.22850630649102,-67.73294311607351,0.9865104589070511,13.765171011475495,2.001438933874484,0.0,6,-43.87003790478125,0.0
8.330815495000934,122.47013232115494,33.85230037179359,-74.08356802628367,0.919367363434124,13.579683189155546,2.137507044357279,0.0,6,-48.38067365433822,0.0
8.341011673999674,130.0344622945041,32.15339913825015,-80.37209635598009,0.8327891916060621,13.16054526366927,2.2695295080995166,0.0,6,-57.408640254271496,0.0
8.351184660001309,137.22391635523084,30.091495696616168,-86.8873597966496,0.7297533170291644,12.503801222499382,2.3950091528800748,0.0,6,-57.408640254271496,0.0
8.361745416999838,144.31667685067993,27.891495696572598,-93.40249156613316,0.6905958179486433,12.418977706930757,2.5188011765810456,0.0,6,-66.71606540438083,0.0
8.371604890000526,151.49896407234007,25.69149569652437,-99.7901289762678,0.6769218367512336,12.543586871300533,2.644155736422931,0.0,6,-66.71606540438083,0.0
8.382316047000131,158.74817316594854,23.49149569647137,-106.21882663620742,0.6672776692331049,12.654969600429213,2.7706783032719127,0.0,6,-75.87059045443388,0.0
8.39236510900082,166.04000955696873,21.291495696413506,-112.58951956562049,0.6594646886189099,12.726693682548015,2.8979448568119555,0.0,6,-80.42108540401463,0.0
8.402201040000364,173.3489248386524,19.091495696350833,-119.02231033610695,0.6533082627314875,12.754091269161833,3.0255094932266644,0.0,6,-80.42108540401463,0.0
8.412892497999565,-179.35139603360307,16.89149569628345,-125.59901074653061,0.6488073433275903,12.735601682260064,-3.130272378834672,0.0,6,-89.71357910466472,0.0
8.423283505000654,-172.08751604417785,14.691495696211534,-132.1104022063202,0.6459336444623379,12.670810918268113,-3.003493756549471,0.0,6,-94.36457300451443,0.0
8.433692116001112,-164.88572053336145,12.491495696135425,-138.68617840649057,0.6446130577246673,12.56024512278734,-2.877798712830378,0.0,6,-99.06155600463612,0.0
8.444332508001025,-157.771507802984,10.291495696055472,-145.25161315629992,0.644729806009308,12.405317902970427,-2.7536322769979957,0.0,6,-103.75115225449994,0.0
8.453925620000518,-150.76912101779251,8.09149569597243,-151.60703551591104,0.6461344128205342,12.208253495380662,-2.6314175720982638,0.0,6,-103.75115225449994,0.0
8.464219667001089,-143.9011273525041,5.891495695886025,-158.09650990571134,0.6486555790230397,11.972002323235937,-2.511548469632867,0.0,6,-108.29073965422216,0.0
8.474939626001287,-137.18808664878387,3.691495695796867,-164.5777105056306,0.6521079283986322,11.700086377446745,-2.3943838065325522,0.0,6,-117.55550750402185,0.0
8.485327350001171,-130.64829237555912,1.491495695705176,-163.14488628803474,0.6563033377702636,11.396470618658915,-2.2802428640617105,0.0,6,-116.53206163431052,0.0
8.49554616200112,-124.29761376100507,-0.708504304385121,-156.6908834178389,0.6610567331329505,11.065383567420982,-2.1694026125017505,0.0,6,-111.92205958417064,0.0
8.505285412000376,-118.14941554646772,-2.9085043044712515,-150.2470903279641,0.6661954596880543,10.711197319424686,-2.062096310592837,0.0,6,-111.92205958417064,0.0
8.51554509000016,-112.21453231210864,-5.108504304553083,-143.7918110780879,0.671566524039819,10.338319413412611,-1.958513057431861,0.0,6,-107.31935023426006,0.0
8.52617898599965,-106.50132144682605,-7.30850430463076,-137.2914666680731,0.677037834527548,9.95105689396564,-1.8587987169719655,0.0,6,-98.06533333433792,0.0
8.536092108000958,-101.0157835246803,-9.508504304704413,-131.01306054761835,0.6824982840862179,9.553505131385753,-1.7630580189875138,0.0,6,-93.5807575340131,0.0
8.54631867399985,-95.76172670640415,-11.708504304774287,-124.57239225793046,0.6878575655454385,9.14947086411915,-1.6713574284217376,0.0,6,-88.98028018423604,0.0
8.55640154700086,-90.74096254125595,-13.908504304840452,-118.01316363752221,0.693045029057739,8.742418100966697,-1.5837285627737572,0.0,6,-88.98028018423604,0.0
8.56684571400001,-85.9535210038385,-16.108504304902958,-111.6433942880826,0.69800792782332,8.335435690150295,-1.5001719451990834,0.0,6,-79.74528163434472,0.0
8.576786499001173,-81.39787396509269,-18.30850430496198,-105.18613494765987,0.7027092595991449,7.931223015232491,-1.4206609048142393,0.0,6,-79.74528163434472,0.0
8.587454554999567,-77.07115870141051,-20.508504305017556,-80.1729774464252,0.7071254253787534,7.532090540715903,-1.3451454776666907,0.0,6,-15.10137553107954,0.0
8.597389332000603,-72.96934938000629,-22.708504305033852,-54.542819949135726,0.7112497950527168,7.140070217360145,-1.2735553997191928,0.0,6,46.4110024624152,0.0
8.608036501000242,-69.1872276637056,-24.76161491434572,-28.187554945150172,0.7029361559303516,6.54045898296604,-1.2075449230585669,0.0,6,109.66363847198052,0.0
8.618059717000506,-66.03583844917793,-26.278521919137983,-53.602207440933405,0.6676927495216104,5.383157713331872,-1.152542805253221,0.0,6,48.66847248210077,0.0
8.628260855000917,-63.60119919954291,-27.199971004651946,-79.01074744110474,0.6384789436942415,4.231177608928292,-1.1100503342488057,0.0,6,-12.312023518310454,0.0
8.638552456999605,-61.5082474122633,-27.966188034457556,-85.85141226815493,0.6339406389669022,3.6862305384158516,-1.0735214344752766,0.0,6,-61.32243733439638,0.0
8.648694008001257,-59.34949421123973,-28.9827639333789,-79.27198269794417,0.6512437856876908,3.834001930296874,-1.0358440833794482,0.0,6,-61.32243733439638,0.0
8.659516865000114,-56.907602360048365,-30.433188042154306,-72.79469880814531,0.6802941493276048,4.290901957437082,-0.9932250305985395,0.0,6,-51.9962134343895,0.0
8.669388841999535,-54.183030683713625,-32.2854619729719,-46.902231306382866,0.7134303709228218,4.780134142850262,-0.945672284139917,0.0,6,-51.9962134343895,0.0
8.679979148000712,-51.42538974640776,-34.31536680773385,-21.077698806955137,0.7267708895809445,4.735410630774554,-0.8975423701961471,0.0,6,72.12458656846691,0.0
8.690320274999976,-49.23144254381734,-36.06011336209277,4.627548692035366,0.7029045569202783,3.6832513347410236,-0.8592507678960253,0.0,6,133.8171805660441,0.0
8.701605644000665,-48.26022663203573,-37.053407504514354,-22.871771307115974,0.6624652666599828,1.485392042731774,-0.8422998524876775,0.0,6,67.81881256808089,0.0
8.71130367600017,-48.688396107164685,-37.17672842115866,-47.4764363070858,0.6537877904146284,-0.7654144815753967,-0.8497728195852137,0.0,6,8.7676165681533,0.0
8.721179701000437,-49.738767521624496,-36.97122272492923,-53.15662671827111,0.6587519161954237,-1.7856481907462562,-0.8681052591363674,0.0,6,8.7676165681533,0.0
8.732057810000697,-50.825394810390065,-36.85293400163532,-46.57631955788701,0.653592049540801,-1.8247297361088128,-0.8870704830673457,0.0,6,-33.26879968420501,0.0
8.742129571999612,-51.71339264764731,-36.997673030780206,-40.16109066846865,0.6449565816418085,-1.5351935830516843,-0.9025689690780734,0.0,6,-28.686493334620465,0.0
8.75234230299975,-52.459514314535035,-37.370125511999305,-33.70497792852574,0.6382308158198291,-1.2973930714205604,-0.9155912487857325,0.0,6,-24.074984234661244,0.0
8.76231892100077,-53.11642084849631,-37.93564235935759,-27.18390651768231,0.6331724643625211,-1.1464631437531971,-0.9270564306812208,0.0,6,-24.074984234661244,0.0
8.77263755400054,-53.73446419584778,-38.65950229034782,0.0,0.6292056765152092,-1.0828173464766546,-0.9378433220125508,0.0,6,-19.41707608405879,0.0
8.782908684001086,-55.00180372855248,-38.999727669379546,0.0,0.6424996971006841,-2.5019203970255166,-0.9599625695989342,0.0,6,0.0,0.0
8.793559202000324,-56.86602627583977,-38.99736006811334,0.0,0.6482976661750239,-3.2176225012930035,-0.9924993910390132,0.0,6,0.0,0.0
8.803941963000398,-58.89958711080851,-38.9931325846119,0.0,0.645752029597567,-3.558859720915332,-1.0279917231488227,0.0,6,0.0,0.0
8.814320810999561,-61.104678092124836,-38.9878193411934,5.3793306213197045,0.6417129662827137,-3.8633213847364116,-1.0664778210788253,0.0,6,3.84237901522836,0.0
8.824214370000846,-63.49628240454246,-38.96966841228791,11.798475591724591,0.6378889291137487,-4.194583473347212,-1.108219190735408,0.0,6,3.84237901522836,0.0
8.834889757001292,-66.10449023891813,-38.90936126950898,18.280334541843796,0.6350921913109716,-4.575553202700361,-1.1537410050215744,0.0,6,13.05738181560271,0.0
8.845052541000769,-68.95626707072516,-38.774967409062086,24.732134931266508,0.6333876510186531,-5.002111794336203,-1.2035139002686996,0.0,6,17.665810665190364,0.0
8.854729476999637,-72.07130701476567,-38.53499529656467,31.007237961414386,0.6325325480227257,-5.462115652676327,-1.2578816036233462,0.0,6,17.665810665190364,0.0
8.864978603000054,-75.46060942234186,-38.158974059095094,37.313543631619275,0.6320606407082876,-5.940336062088294,-1.3170360899813218,0.0,6,26.65253116544234,0.0
8.87496604900116,-79.1256251624549,-37.61731044978357,43.616548731490646,0.6313052430346533,-6.420212822351557,-1.3810026817837109,0.0,6,31.154677665350462,0.0
8.884853110999757,-83.05764753735248,-36.88064636866729,49.973024451421686,0.6293793631743944,-6.883852903506273,-1.4496294184877607,0.0,6,31.154677665350462,0.0
8.895579912001267,-87.2368476410642,-35.91962594372142,56.526178611322855,0.6251657415579915,-7.31179102484156,-1.5225702203972187,0.0,6,40.37584186523061,0.0
8.905744233001315,-91.63145118313075,-34.70413823280268,63.10437338198655,0.6173485693946843,-7.683103761246625,-1.5992705215260852,0.0,6,40.37584186523061,0.0
8.916458110999884,-96.19709034160375,-33.20600321949796,69.63226517232444,0.6044892096210168,-7.975718557047864,-1.6789559572994222,0.0,6,49.73733226594602,0.0
8.926381149000008,-100.87631702531554,-31.393539274049225,76.13700887136703,0.5851479679018514,-8.16684980137546,-1.7606238693773681,0.0,6,49.73733226594602,0.0
8.937035020000621,-105.61331898640353,-29.261841375252512,82.60236371155088,0.5608591893370554,-8.277547662953394,-1.8433001502717818,0.0,6,59.00168836539349,0.0
8.946862566001073,-110.49793644019276,-27.061841375212886,89.03959724203789,0.5471050966932325,-8.545660234228563,-1.928552807540786,0.0,6,59.00168836539349,0.0
8.957206556000529,-115.55642925058332,-24.861841375169817,95.33027954158798,0.5359426952521529,-8.84341542703528,-2.0168401622705625,0.0,6,68.09305681541998,0.0
8.967526376000023,-120.780777063384,-22.661841375122897,101.84193245176402,0.5251176773128409,-9.131404639317749,-2.1080222328732985,0.0,6,72.74423746554574,0.0
8.977867012999923,-126.16121884479107,-20.461841375072176,108.36155108135472,0.5145014588563364,-9.402669056914265,-2.201928657170721,0.0,6,77.40110791525338,0.0
8.98817726299967,-131.68621263216394,-18.26184137501746,114.8280941021517,0.504208370281676,-9.653681324517342,-2.298357989912609,0.0,6,82.02006721582264,0.0
8.998425691001103,-137.34243368743893,-16.06184137495859,121.30572764140426,0.4943821502544389,-9.881290923443048,-2.3970776705477856,0.0,6,86.64694831528875,0.0
9.00875228699988,-143.1148177201813,-13.86184137489537,127.80532235189868,0.48516744228808517,-10.082467746689215,-2.497824777608688,0.0,6,91.28951596564191,0.0
9.01879631600059,-148.98665268923244,-11.661841374827628,134.31085796202072,0.47670147814294855,-10.254350753276459,-2.6003076309523703,0.0,6,91.28951596564191,0.0
9.029444738000166,-154.93972028082288,-9.461841374755238,140.8471999415201,0.4691079297411799,-10.394330624702581,-2.7042082610193923,0.0,6,100.60514281537151,0.0
9.039954567000677,-160.95448612429524,-7.261841374678117,147.43393247127872,0.4624913653979268,-10.500133983573898,-2.8091857287244792,0.0,6,105.30995176519907,0.0
9.050112181001168,-167.01033183982938,-5.061841374596609,153.85607057183051,0.4569320621691455,-10.569895774936173,-2.9148801754533418,0.0,6,109.89719326559323,0.0
9.060307239000394,-173.08583732258566,-2.8618413745101257,160.2820371822895,0.452484060770152,-10.602244775349135,-3.0209177498504065,0.0,6,114.48716941592109,0.0
9.070579278000878,-179.15907489670127,-0.6618413744192022,166.7499013120073,0.44917073144988007,-10.596325641762313,-3.126915741774557,0.0,6,119.1070723657195,0.0
9.080834970000069,174.7920698283504,1.5381586256755921,173.21305556225755,0.44698540680453935,-10.551842477966124,3.0506971248805543,0.0,6,123.72361111589824,0.0
9.091148921999775,168.789560199691,3.7381586257747212,179.7256767816475,0.4458941886728874,-10.469086609219904,2.945933568477786,0.0,6,128.3754834154625,0.0
9.101179678000335,162.85489947946385,5.938158625877164,186.05851994168233,0.4458356680939295,-10.348887719604924,2.8423541989210435,0.0,6,132.89894281548737,0.0
9.111016724000365,157.00882005929898,8.138158625982898,192.3054569317469,0.4467277591785067,-10.192613278472312,2.740320864706086,0.0,6,137.3610406655335,0.0
9.120994808999967,151.27101058150006,10.338158626091925,198.58214441204154,0.4484715322629779,-10.002103525601383,2.6401771974663584,0.0,6,141.84438886574395,0.0
9.131103663999966,145.65988743703457,12.538158626203625,204.92893892150502,0.45095571168209847,-9.779593452502944,2.5422446238605776,0.0,6,146.37781351536074,0.0
9.140889156000412,140.19240337918052,14.73815862631783,210.0,0.45406306879524394,-9.52764684965854,2.4468190252507247,0.0,6,146.37781351536074,0.0
9.150819180000326,134.88391025815443,16.93815862643376,203.68590500966093,0.45767461316166547,-9.249061468953128,2.3541683419693493,0.0,6,150.0,0.0
9.161008439999932,129.748086765586,19.138158626546108,197.4554267700114,0.4616716924946787,-8.946751959637101,2.264531312222756,0.0,6,141.03959055000814,0.0
9.17115948799983,124.79689991881482,21.33815862665369,191.08504379961232,0.46594325326967934,-8.623714726290721,2.1781167998651627,0.0,6,136.4893169997231,0.0
9.181145466000089,120.04057678372989,23.538158626756903,184.60723385993333,0.47039012649833845,-8.282975661096529,2.0951033008691518,0.0,6,136.4893169997231,0.0
9.191760218000127,115.4876506950276,25.738158626855817,178.0634547297268,0.47492362399291344,-7.927481269264375,2.015639750021349,0.0,6,127.18818194980486,0.0
9.202034212999934,111.14503943426058,27.938158626950532,171.6002116501295,0.479466337794377,-7.560040025749932,1.9398468853867827,0.0,6,122.5715797500925,0.0
9.211784917000841,107.01814988148202,30.13815862704121,165.30583250956624,0.4839523212101582,-7.1832764727911,1.8678190748246406,0.0,6,122.5715797500925,0.0
9.221997298000133,103.1110025485906,32.33815862712808,159.02175134953723,0.48832671502792624,-6.799597015397763,1.7996264895051706,0.0,6,113.58696524966945,0.0
9.232189352000205,99.42636967283961,34.538158627211246,152.4083055598021,0.49254496428096495,-6.411166767440441,1.7353175140960886,0.0,6,113.58696524966945,0.0
9.24303455900008,95.96592076957208,36.73815862729067,145.85810042994126,0.4965717980068626,-6.019897026867175,1.6749212871370434,0.0,6,104.18435744995804,0.0
9.252941181001006,92.40300053205857,39.00000000016569,0.0,0.503397518351199,-5.6446890190315315,1.612736598006494,0.0,6,104.18435744995804,0.0
9.26331171700076,89.50806559222278,39.000000000000085,0.0,0.5198949579635554,-5.570590228151781,1.5622104516753357,0.0,6,0.0,0.0
9.273412119000568,86.50522430366182,39.00000000000007,0.0,0.525180388954427,-5.216815478492436,1.5098009842751177,0.0,6,0.0,0.0
9.28443755400076,83.72599568948695,39.00000000000005,0.0,0.5286335085022825,-4.830909076958413,1.4612942942921272,0.0,6,0.0,0.0
9.294688007999866,81.16847694422762,39.00000000000004,0.0,0.5316637903451976,-4.444626182319476,1.4166571715058778,0.0,6,0.0,0.0
9.304465396000523,78.83040839160853,39.00000000000002,0.0,0.5344094404003494,-4.061901727693843,1.3758501771253364,0.0,6,0.0,0.0
9.3152273350006,76.70928383440392,39.000000000000014,0.0,0.5368827608822859,-3.68351468681132,1.338829569757209,0.0,6,0.0,0.0
9.325447540000823,74.80244905257719,39.0,0.0,0.5390847564728986,-3.30975485708968,1.3055490245227848,0.0,6,0.0,0.0
9.335390137999639,73.10728139777513,38.99984356765111,0.0,0.54101007076899,-2.940503579785573,1.2759627675731782,0.0,6,0.0,0.0
9.346154173001196,71.6215460779569,38.998800513291,0.0,0.5426459392859144,-2.575135142270838,1.2500317944291792,0.0,6,0.0,0.0
9.355889508000473,70.34317587158782,38.99611202683013,0.0,0.5439939416323702,-2.2133792113582316,1.2277200252686393,0.0,6,0.0,0.0
9.366634332000103,69.2702076586256,38.991144170478634,0.0,0.5450590545470048,-1.8550389822661004,1.2089931971832089,0.0,6,0.0,0.0
9.376972314999875,68.40080274263131,38.98338053370542,0.0,0.5458456950183016,-1.4998943471704194,1.1938192188660839,0.0,6,0.0,0.0
9.387264750999748,67.73326513705999,38.97241526967722,0.0,0.5463566025219874,-1.1476948359815173,1.1821684897679852,0.0,6,0.0,0.0
9.397187649999978,67.26605720998475,38.95794681331258,0.0,0.5465922179297623,-0.7981631259306425,1.1740141731491045,0.0,6,0.0,0.0
9.407686720000129,66.99781215658787,38.93977250695016,0.0,0.546550293145059,-0.45100048694096995,1.169332413765141,0.0,6,0.0,0.0
9.418147440001121,66.92734287866547,38.91778429217485,0.0,0.5462256724021414,-0.1058930579068924,1.1681024928438921,0.0,6,0.0,0.0
9.429247412001132,67.07706688155866,38.8891750517319,0.0,0.5455322702396538,0.2717359770405927,1.170715669663644,0.0,6,0.0,0.0
9.438904578000802,67.375907711871,38.862389235602535,0.0,0.5446928331540283,0.5794462933111916,1.1759314260919878,0.0,6,0.0,0.0
9.449168303999613,67.89349087081543,38.829216981708605,0.0,0.5434596549998613,0.9203194388611151,1.1849649563684412,0.0,6,0.0,0.0
9.459852563000823,68.60593770917902,38.79269963624478,0.0,0.5418942792772006,1.260405852297675,1.1973994994433097,0.0,6,0.0,0.0
9.46959942400099,69.51295411890932,38.75317860209649,0.0,0.5399781627476017,1.5999914074125035,1.2132299221627214,0.0,6,0.0,0.0
9.480285150000782,70.61439637896488,38.71108814057946,-3.5598217198821662,0.5376911358005659,1.9393368594019667,1.2324537161212987,0.0,6,-2.5427297999158327,0.0
9.490751528001056,71.91600223157555,38.658696080185926,-10.131458819705585,0.5351995285501053,2.290975402028249,1.2551710238125828,0.0,6,-7.236756299789704,0.0
9.500647462000416,73.43211739958052,38.57439165921065,-16.544883389869938,0.5327698669874457,2.668171814355627,1.2816322253336967,0.0,6,-11.817773849907098,0.0
9.511333956001181,75.18312670328608,38.4228938667609,-23.13051531009478,0.5306722680052869,3.0791082777096928,1.312193102916412,0.0,6,-16.5217966500677,0.0
9.521161991000554,77.18319239377102,38.171654791599224,-29.431980059925994,0.5288482696331331,3.5142706810908013,1.347100834471548,0.0,6,-21.022842899947136,0.0
9.531437941001059,79.44066572948485,37.78895202301837,-35.94900246032921,0.5271381867044647,3.963251459104202,1.3865011769557336,0.0,6,-25.67785890023515,0.0
9.541771592999794,81.95726859444656,37.243664115339904,-42.39464144959129,0.5252588574377755,4.414678429356456,1.4304241829144377,0.0,6,-30.281886749708065,0.0
9.552045378000912,84.72748928934085,36.50446979805472,-48.8947193704189,0.5227674433164026,4.855633048389535,1.4787736550472284,0.0,6,-34.92479955029921,0.0
9.561969604001206,87.73740700326232,35.540271762442224,-55.17145094967418,0.5190444319201781,5.2714490839131525,1.5313066293692588,0.0,6,-39.40817924976727,0.0
9.57236102600109,90.96391215254977,34.320340618818726,-61.54993193980772,0.5133083366544436,5.646006186041212,1.587619767556876,0.0,6,-43.96423709986266,0.0
9.582077990000471,94.37412041976043,32.814165861896974,-67.81174448955426,0.5046665496789728,5.962264143495821,1.6471391299984326,0.0,6,-48.43696034968161,0.0
9.592212272000324,97.9250734533038,30.990833383375133,-74.21205372033,0.49218753943372273,6.202637831450824,1.709114952017445,0.0,6,-53.00860980023572,0.0
9.602703518999988,101.57638112832566,28.85161057845381,-80.68009362019438,0.47680264590644234,6.3864536603785425,1.7728422929499157,0.0,6,-57.628638300138846,0.0
9.612771369000257,105.39524229638533,26.65161057841422,-87.17167787974176,0.4669726459041176,6.684785935407138,1.8394939940091133,0.0,6,-62.265484199815546,0.0
9.623204286001055,109.39873563628352,24.451610578371287,-93.6868077595318,0.45824840249289017,7.003218243190393,1.9093681343720013,0.0,6,-66.91914839966557,0.0
9.632913565001218,113.58164134857658,22.251610578324925,-99.99975866936438,0.44947686218715177,7.31537077036322,1.9823736113519939,0.0,6,-66.91914839966557,0.0
9.643325944000026,117.93754159899439,20.05161057827511,-106.42537311039632,0.44060263359047735,7.6165195191496435,2.05839841261023,0.0,6,-76.01812365028309,0.0
9.653702487001283,122.45873383893371,17.85161057822167,-112.94899665032064,0.4317034661855553,7.904135308426842,2.1373081033127885,0.0,6,-80.67785475022902,0.0
9.663975294999545,127.1361629062717,15.651610578164421,-119.41267947042434,0.4228801059282263,8.175824256356385,2.218944641066324,0.0,6,-85.2947710503031,0.0
9.674007518000508,131.95937572960833,13.451610578103224,-125.77228061967618,0.41424178917142024,8.429143100884279,2.30312558535796,0.0,6,-89.83734329976869,0.0
9.683813547000682,136.91650346679253,11.251610578037981,-132.0941208300428,0.40590198796688987,8.661623428885344,2.3896437858137602,0.0,6,-89.83734329976869,0.0
9.69387475700023,141.9942755049901,9.051610577968573,-138.45741630033444,0.3979748567486006,8.870824902402374,2.4782676265460113,0.0,6,-94.35294345003058,0.0
9.704508365999573,147.17806835718017,6.851610577894834,-144.99626504939442,0.390571396723478,9.054395918234167,2.5687418795580754,0.0,6,-103.56876074956745,0.0
9.714823223001076,152.45199119610393,4.65161057781657,-151.4823462601271,0.3837954253654174,9.21013752319097,2.660789197593422,0.0,6,-108.20167590009078,0.0
9.724637422999876,157.79900746290105,2.451610577733724,-157.8531670801931,0.37773944597044135,9.336065753297332,2.754112236606727,0.0,6,-108.20167590009078,0.0
9.735012565000943,163.20109094618627,0.2516105776463332,-164.32402118980463,0.37248087814557984,9.43047199799082,2.8483963798576584,0.0,6,-112.75226220013792,0.0
9.745227667999643,168.63941471905747,-1.9483894224456122,-170.8158675300183,0.3680790465012829,9.49197976880072,2.943313035483741,0.0,6,-117.37430084986045,0.0
9.755685379999704,174.09456698047677,-4.148389422542035,-177.36356210978556,0.3645728407651924,9.519590322630687,3.038523403643122,0.0,6,-122.01133395001307,0.0
9.766197859000386,179.54678642142233,-6.348389422642812,-183.82587783002236,0.3619793831456092,9.51271658273452,3.1336825844288665,0.0,6,-131.30419845001597,0.0
9.776047475999803,-175.02379365138515,-8.548389422747332,-190.02141059994756,0.36029335043675365,9.471197373050002,-3.054741468547819,0.0,6,-135.72957899996254,0.0
9.786220874000719,-169.63688527166624,-10.748389422855945,-196.27626731962664,0.3594894560103533,9.39532361129772,-2.9607221808184514,0.0,6,-140.19733379973331,0.0
9.796344885000508,-164.31180848365528,-12.948389422968035,-202.81243101015204,0.3595222244702684,9.285800205972437,-2.867782057946136,0.0,6,-144.86602215010862,0.0
9.806729666999672,-159.06725543047986,-15.148389423083481,-196.26029178069075,0.360330196916164,9.143740643892277,-2.776247339372704,0.0,6,-140.1859227004934,0.0
9.816655147000347,-153.92111021597213,-17.34838942319544,-189.81263112074885,0.36183398126011235,8.97055716120751,-2.686430161593794,0.0,6,-140.1859227004934,0.0
9.827045099000316,-148.89027005708087,-19.548389423303096,-183.45351633093742,0.36394671339368584,8.768002797357223,-2.598625436679587,0.0,6,-131.03822595066958,0.0
9.836896532000537,-143.99045396065665,-21.74838942340644,-177.13361400070426,0.36657925455930024,8.538136370174087,-2.513107513054768,0.0,6,-131.03822595066958,0.0
9.847397695000836,-139.2360880142485,-23.94838942350548,-170.62834425063556,0.36964052728773783,8.28321834108953,-2.43012817344525,0.0,6,-121.87738875045397,0.0
9.857672244999776,-134.64022595988908,-26.148389423600506,-164.15986713023813,0.37304044553226207,8.00564480224033,-2.349915248629207,0.0,6,-117.25704795017009,0.0
9.868112144000406,-130.21451518922572,-28.34838942369085,-157.61371290051102,0.37669147828449256,7.7078692841513705,-2.2726720239401557,0.0,6,-112.58122350036501,0.0
9.878019601001142,-125.96918329839801,-30.54838942377692,-151.34112042045672,0.38051209472916686,7.392365124280922,-2.198577004605296,0.0,6,-108.10080030032623,0.0
9.888173649000237,-121.9130636544681,-32.74838942385893,-144.82212045062624,0.3844273410005011,7.061559575175242,-2.127784361963899,0.0,6,-108.10080030032623,0.0
9.898843584000133,-118.05364667267433,-34.94838942393686,-138.28322823059352,0.3883697512071079,6.717788216088124,-2.0604248284242157,0.0,6,-98.77373445042394,0.0
9.909348798000792,-114.39715162629454,-37.14838942401113,-131.70045840075545,0.39227992998649075,6.363260618926411,-1.9966069507820254,0.0,6,-94.07175600053961,0.0
9.919187936000526,-110.67427352658119,-39.00000000009862,0.0,0.4435685982504133,6.886713567657745,-1.9316304702916378,0.0,6,0.0,0.0
9.928863610999542,-105.71563424759313,-39.000000000000234,0.0,0.5687160336008019,8.405395941642633,-1.8450858884545784,0.0,6,0.0,0.0
9.939432115001182,-100.98218654893353,-39.00000000000021,0.0,0.5876990824749841,8.21664121792601,-1.76247164114202,0.0,6,0.0,0.0
9.949318126000435,-96.47690023226025,-39.000000000000185,0.0,0.5940206867411981,7.840351370245339,-1.6838395611710233,0.0,6,0.0,0.0
9.960130426999967,-92.20123029763295,-39.00000000000016,0.0,0.5988636543962734,7.442033498531806,-1.6092150430832461,0.0,6,0.0,0.0
9.970425096000326,-88.15530459315973,-39.000000000000135,0.0,0.6033611104561388,7.041476749205368,-1.5386003182491175,0.0,6,0.0,0.0
9.980908585001089,-84.33811045587166,-39.000000000000114,0.0,0.6076063582208685,6.642533637649191,-1.4719777123656161,0.0,6,0.0,0.0
9.990908322000905,-80.74767719477398,-39.00000000000009,0.0,0.6115942665288994,6.247062961308763,-1.4093128303863445,0.0,6,0.0,0.0
10.000908617001187,-77.38125022121208,-39.00000000000007,0.0,0.6153163198489705,5.856440855601215,-1.3505575956697413,0.0,6,0.0,0.0
10.0110938910002,-74.23545384659492,-39.00000000000005,0.0,0.6187689233480799,5.47174132931029,-1.295653091335371,0.0,6,0.0,0.0
10.02181936099987,-71.30644083137965,-39.000000000000036,0.0,0.6219529969736302,5.093776663467849,-1.2445321703860976,0.0,6,0.0,0.0
10.031976484000552,-68.59002765873724,-39.00000000000002,0.0,0.6248728436194326,4.723124152013826,-1.1971218166789424,0.0,6,0.0,0.0
10.04185271499955,-66.08181521766723,-39.00000000000001,0.0,0.6275351047923144,4.360151702923611,-1.1533452512427864,0.0,6,0.0,0.0
10.05213341200033,-63.77732023126947,-38.999972953051156,0.0,0.6299453532267631,4.004968862172651,-1.1131242261344436,0.0,6,0.0,0.0
10.062318197000423,-61.67254964859384,-38.99936989226806,0.0,0.6320811491752673,3.6566182779308196,-1.0763890494676343,0.0,6,0.0,0.0
10.07310975099972,-59.764033295919,-38.99725170836387,0.0,0.6339380429023522,3.314368830766276,-1.0430791552853051,0.0,6,0.0,0.0
10.082636213999649,-58.048413899740765,-38.99279828349148,0.0,0.6355324023123381,2.977975206173673,-1.013135948110918,0.0,6,0.0,0.0
10.092842934000146,-56.52246001826677,-38.985315268247454,0.0,0.636882607419564,2.647207038543212,-0.9865030286456093,0.0,6,0.0,0.0
10.103493587999765,-55.18309602075915,-38.974221931488756,0.0,0.6380058746913029,2.321788975805421,-0.9631267170064284,0.0,6,0.0,0.0
10.11393006400067,-54.02743117473285,-38.95903947390721,0.0,0.6389172609701014,2.001395893476343,-0.942956560393716,0.0,6,0.0,0.0
10.12429326200072,-53.052786918226325,-38.93938012201899,3.7260835490269533,0.6396291289371884,1.685655434433919,-0.925945809082025,0.0,6,2.6614882493049663,0.0
10.134186957000566,-52.265987364657455,-38.9078114290189,9.958935629929329,0.6398716022417614,1.353156057264874,-0.9122135663190267,0.0,6,7.11352544994952,0.0
10.14422036399992,-51.700972556955854,-38.83668806729008,16.28183108916346,0.6392860592602911,0.9604679064638537,-0.9023521976021112,0.0,6,11.629879349402472,0.0
10.154198027001257,-51.400912563013954,-38.69221525125171,22.813329629461805,0.6381812931600858,0.49391897715962446,-0.8971151627543108,0.0,6,11.629879349402472,0.0
10.164953535000677,-51.41028529131977,-38.44011552968995,29.390906369499138,0.6371654032677411,-0.050259883595535564,-0.8972787477231421,0.0,6,20.99350454964224,0.0
10.174914221999643,-51.77406328161404,-38.04558725593376,35.71300928966593,0.6370127635080544,-0.6726330065503536,-0.9036278714000652,0.0,6,25.50929234976138,0.0
10.185094397000285,-52.534862987822045,-37.474641736464335,42.08532635966549,0.6385814437925096,-1.3686606959481176,-0.9169063312216004,0.0,6,30.060947399761062,0.0
10.195003390999773,-53.731295095099725,-36.69441061036407,48.33912719905129,0.6427110964291807,-2.131777086914428,-0.9377880107701699,0.0,6,34.52794799932235,0.0
10.20508604600036,-55.39697904807391,-35.672823678189545,54.670427489072615,0.6501133106700704,-2.952727346615414,-0.9668596800472038,0.0,6,39.05030534933758,0.0
10.215485988001092,-57.558667249753974,-34.37880375939763,61.23550565978804,0.6612565193360869,-3.8196574471756986,-1.0045882565680362,0.0,6,43.739646899848594,0.0
10.225916736000727,-60.235347685901594,-32.78148319668818,67.73839841949666,0.6762733626192043,-4.718868777446376,-1.05130514320253,0.0,6,48.38457029964047,0.0
10.236006656001337,-63.435720150296724,-30.85057440021147,42.24989092032047,0.6947502176078623,-5.6317920687424365,-1.10716217999639,0.0,6,-12.787847698382393,0.0
10.24612612599958,-66.95810237092807,-28.772545188823674,17.011815920486693,0.6955574911442438,-6.1149510384073515,-1.1686393472601164,0.0,6,-73.35922769798344,0.0
10.256392573000994,-70.44925732911396,-26.952361294140363,42.40759092150256,0.6694725681953376,-6.0365391856264585,-1.229571495977785,0.0,6,-12.40936769554537,0.0
10.26633488799962,-73.8456402070026,-25.50667754355831,67.46526092152635,0.6440574913963919,-5.968282409981006,-1.2888495598553025,0.0,6,47.72904030451173,0.0
10.276548105000984,-77.47393127201632,-23.967936422551844,87.0305072701558,0.6408290806186552,-6.389911594834527,-1.3521751851604833,0.0,6,47.72904030451173,0.0
10.287119892000192,-81.45928346646438,-22.05977117498488,93.5544804595338,0.6460691946517574,-6.989152401809533,-1.4217327028051834,0.0,6,66.824628899667,0.0
10.297552595000525,-85.73413881733974,-19.866107128886775,87.03301592940988,0.6443480613087569,-7.462565938425703,-1.4963430037244558,0.0,6,62.16643994957849,0.0
10.30792801700045,-90.65720766586783,-17.446107128839156,80.26985252956365,0.6339330814380876,-7.84273521273113,-1.582266764433637,0.0,6,62.16643994957849,0.0
10.318260199001088,-94.85525805012013,-15.466107128803696,73.99501535946911,0.6242751344186817,-8.14075275720491,-1.6555365658034527,0.0,6,52.85358239962079,0.0
10.328821856001014,-99.69772105497334,-13.266107128767397,67.46334041874434,0.6131049855718418,-8.467656603962686,-1.7400534891441595,0.0,6,48.1881002991031,0.0
10.338674337001066,-104.72446921791332,-11.066107128734513,72.79129246904348,0.6016359823554793,-8.788809462156365,-1.8277867952560385,0.0,6,48.1881002991031,0.0
10.348879241000759,-109.93076055059726,-8.866107128700127,79.25017657918659,0.5899867889663182,-9.10150804395594,-1.9186537208294165,0.0,6,51.993780335031055,0.0
10.359666184000162,-115.31010423178856,-6.666107128662098,85.82379187871709,0.578285681822112,-9.402705299995798,-2.012540979662557,0.0,6,61.302708484797925,0.0
10.369510071999684,-120.85414859109375,-4.466107128620771,92.28830881916737,0.5666744926337814,-9.689150695773934,-2.109302807609052,0.0,6,61.302708484797925,0.0
10.380323909999788,-126.55261215053608,-2.2661071285753214,98.84220826892206,0.5553072388454146,-9.957475211215925,-2.2087597590262362,0.0,6,70.60157733494432,0.0
10.39024624600097,-132.39324551099563,-0.06610712852620648,105.26716057922103,0.5443446400713118,-10.204248315144675,-2.3106980415680765,0.0,6,70.60157733494432,0.0
10.400699837000502,-138.36184972450368,2.1338928715270717,111.65285695896901,0.5339497850282093,-10.426075734806904,-2.4148698368421986,0.0,6,79.75204068497786,0.0
10.410663458000272,-144.44234351732547,4.3338928715850225,118.17181282869286,0.5242814573225579,-10.619685996360335,-2.5209944736740164,0.0,6,79.75204068497786,0.0
10.421122498000841,-150.61687856464786,6.533892871647177,124.59245215933778,0.5154863238921876,-10.782014595267011,-2.628760440029576,0.0,6,88.99460868524127,0.0
10.431121884999811,-156.86602697190452,8.73389287171433,131.06273422926907,0.5076943943397682,-10.91032769121486,-2.737828655181964,0.0,6,88.99460868524127,0.0
10.441247222999664,-163.16900322375588,10.933892871785837,137.49657646923598,0.5010102823596282,-11.002284315089081,-2.8478363434517817,0.0,6,93.61623873519218,0.0
10.45155034399977,-169.50395542177137,13.133892871862397,143.96685853916725,0.49551112278782555,-11.05605359345117,-2.9584021172636037,0.0,6,98.21184033516855,0.0
10.46225269200113,-175.84827752058743,15.333892871943558,137.4922634895819,0.49124054825565955,-11.070352585202752,-3.069131426694981,0.0,6,98.20875963541565,0.0
10.472367690999818,177.82107353885144,17.53389287202249,131.19344158901814,0.4882022087760605,-11.044438543933158,3.1035632126839223,0.0,6,93.70960113501295,0.0
10.481860064001012,171.5272175703318,19.733892872098664,124.86258103950321,0.4863688021376011,-10.978229996548224,2.993714703386958,0.0,6,93.70960113501295,0.0
10.492193781999958,165.29295040584265,21.93389287217148,118.57876636980735,0.4856855710308679,-10.872317862613132,2.8849062149176516,0.0,6,84.69911883557668,0.0
10.50221433600018,159.14038932571114,24.133892872240764,112.2650689095616,0.4860720774760854,-10.727913363806172,2.7775237666392982,0.0,6,80.18933493540115,0.0
10.512222036000821,153.0906484283594,26.333892872306336,105.96307873898412,0.4874267590298541,-10.546790132807253,2.671935869087954,0.0,6,75.68791338498866,0.0
10.522442657000283,147.16355490512333,28.533892872368092,99.63160141940251,0.48963272926977397,-10.331212260946689,2.5684885720338535,0.0,6,71.16542958528751,0.0
10.532762823000667,141.377416987085,30.733892872425606,93.01261225898715,0.4925634847329118,-10.083843547940983,2.467501414389595,0.0,6,66.43758018499082,0.0
10.543299822000336,135.7488397844073,32.933892872479056,86.39806837969162,0.49608969645804973,-9.807663258925436,2.3692642100001766,0.0,6,61.71290598549402,0.0
10.553627672001312,130.29260304630188,35.13389287252879,79.87831996975446,0.5000837968098512,-9.505859612941284,2.2740349141519616,0.0,6,57.0559428355389,0.0
10.564010080001026,125.02159978911958,37.333892872574545,73.3322980392012,0.5044236239477644,-9.181723403471914,2.182038552430785,0.0,6,52.38021288514372,0.0
10.573954560000857,119.35352825759833,39.000000000004334,0.0,0.6500716025355353,-10.606895058718724,2.0831120419671816,0.0,6,52.38021288514372,0.0
10.58413452500099,112.05200476804694,39.000000000000476,0.0,0.8655488402113443,-12.454664146514288,1.9556764166628042,0.0,6,0.0,0.0
10.594616967000547,104.28453120654976,39.00000000000045,0.0,0.8967965378934635,-12.259856124332218,1.820108428453068,0.0,6,0.0,0.0
10.60490506899987,98.14158427568978,39.00000000000041,0.0,0.9041295464806527,-11.909042059890329,1.7128937787342808,0.0,6,0.0,0.0
10.615140010000687,90.8972690637715,39.00000000000038,0.0,0.9108328791841348,-11.451830961807334,1.5864566262339963,0.0,6,0.0,0.0
10.62546080500033,85.18658039671949,39.000000000000334,0.0,0.9159074277779139,-11.074527741890787,1.4867863064376126,0.0,6,0.0,0.0
10.636162454000441,79.06814095818112,39.0000000000003,0.0,0.9212148623687981,-10.658324989899473,1.3799993931512446,0.0,6,0.0,0.0
10.646039594001195,73.18433002248526,39.00000000000025,0.0,0.9261290881451483,-10.249515563431688,1.2773075197585033,0.0,6,0.0,0.0
10.65663373499956,67.52890777144252,39.00000000000021,0.0,0.9306082611933428,-9.851728413892124,1.1786017808872584,0.0,6,0.0,0.0
10.666617195000072,62.09386497048974,39.00000000000018,0.0,0.9346270993477919,-9.468029207241536,1.0837423890238176,0.0,6,0.0,0.0
10.676630414000101,56.86971766302576,39.00000000000014,0.0,0.938174699248788,-9.100969481637422,0.9925638178993745,0.0,6,0.0,0.0
10.686961684999915,51.84577858295575,39.00000000000012,-4.129018060778532,0.9412510941980261,-8.75262962066207,0.904879539532538,0.0,6,-2.9492986148418083,0.0
10.697447127000487,47.01764193897746,38.994745729462565,-10.573112290333581,0.9427643187562781,-8.408872396534639,0.8206126583589275,0.0,6,-7.552223064523986,0.0
10.707559538001078,42.40427184891918,38.96357089698857,-16.976101540843143,0.9397973861661519,-8.025696839408278,0.7400941606743832,0.0,6,-12.12578681488796,0.0
10.717404959001215,38.05469373757079,38.86920929592696,-23.289753011288763,0.9299525757466137,-7.559231294056266,0.6641797015586772,0.0,6,-16.63553786520626,0.0
10.727844156001083,34.03097382043607,38.67081599367395,-29.844749920324016,0.912749994411805,-6.984882243140759,0.5939525408266029,0.0,6,-21.317678514517155,0.0
10.738181364000411,30.397406516346937,38.32973075747986,-55.70261242197658,0.8894890802823792,-6.297414721564973,0.5305348277774335,0.0,6,-83.3765485184833,0.0
10.748588077000022,27.59954410718621,37.60583292613752,-81.4370049197015,0.8277492394194548,-4.679783873462991,0.48170291671979815,0.0,6,-145.1390905130231,0.0
10.75889357000051,26.56526647685859,36.012070412406686,-107.44278742137168,0.7524811836968105,-1.5090239705872748,0.4636513666908564,0.0,6,-207.55296851703153,0.0
10.76913409699955,26.789258224592967,33.81207041229929,-93.57561710533292,0.7428626671848412,0.2114406054524962,0.4675607601861178,0.0,6,-146.04861251782697,0.0
10.779131245000826,27.105837956026615,31.612070412184543,-68.40077210529518,0.7428700653657101,0.5405498029933374,0.4730861188447144,0.0,6,-85.62898451773637,0.0
10.789131188001193,27.51581520362459,29.4120704121126,-42.74444210625763,0.7424964775137387,0.7217086109950119,0.4802415716735631,0.0,6,-85.62898451773637,0.0
10.799490051000248,28.020477111589496,27.21207041208381,-17.704767104649655,0.7419644974481356,0.8890617676964813,0.4890495835769473,0.0,6,18.184921992687606,0.0
10.809787301001052,28.50441620070014,25.073935338894742,8.151347893882921,0.7398340445804426,0.8063253554590717,0.4974959140610302,0.0,6,19.25038644401505,0.0
10.819930098999976,28.842700407136267,22.885125355451514,0.06898554371892374,0.7371351717384873,0.5033414684645836,0.5034000872708368,0.0,6,19.25038644401505,0.0
10.830567826000333,29.064622618805416,21.17133741364731,2.9459276830290095,0.7362435007348925,0.4630098585998305,0.5072733605477713,0.0,6,2.1042340593064353,0.0
10.840810379000686,29.4035490679658,19.269018660127777,29.091595181014423,0.7356875110103993,0.5989875388589816,0.5131887430077131,0.0,6,21.17699804414056,0.0
10.85108695100098,29.743881445796045,17.256748649750453,26.139128769927783,0.7340403157965604,0.4843318830461372,0.5191286635519923,0.0,6,18.67080626423413,0.0
10.861132858999554,29.862019409411324,15.746118683706598,1.5664867625051273,0.7329117049316111,0.2301252147960032,0.5211905599886801,0.0,6,1.1189191160750909,0.0
10.871389173000352,29.95824096404575,14.139664162940985,5.1400876274340535,0.7325318164680166,0.2003380416615827,0.5228699429284385,0.0,6,3.671491162452895,0.0
10.88140811700032,30.134828614968253,12.546175104102339,27.291225542906567,0.7321565693280115,0.31258592675796604,0.5259519788553986,0.0,6,3.671491162452895,0.0
10.892102428000726,30.269332271111224,11.031820583234563,21.06397907109834,0.731460498114429,0.19884983907695897,0.5282995105110637,0.0,6,15.045699336498814,0.0
10.902237612001045,30.266429430528586,9.648541178899466,1.5804395355217877,0.7313127655773037,-0.010146519322601348,0.5282488463852362,0.0,6,1.1288853825155627,0.0
10.911879613000565,30.23407578222611,8.338407832324581,5.610288843834104,0.7314270022649005,-0.027484787642589038,0.5276841686973257,0.0,6,1.1288853825155627,0.0
10.922643150999647,30.279590335019765,7.043419790359337,26.374142002177926,0.7312945091267533,0.08305743113967479,0.5284785475011478,0.0,6,18.838672858698516,0.0
10.932524199000909,30.28606356643435,5.826593294424706,20.0394565137775,0.7312465705815633,-0.022424157170478687,0.5285915267025758,0.0,6,18.838672858698516,0.0
10.943052602000535,30.148887623395495,4.632136981103586,0.33841169252730197,0.731929587421243,-0.230329662832377,0.5261973548420196,0.0,6,14.31389750984107,0.0
10.953003644999626,30.02782074836469,3.7112116329234364,7.731300842722791,0.7323105792307922,-0.21066468202659785,0.5240843392576315,0.0,6,5.522357744801994,0.0
10.963086927000404,29.964620995450353,2.703642130562798,26.19558741932816,0.7323995328625874,-0.11189237215158332,0.5229812954828295,0.0,6,18.711133870948686,0.0
10.97279116900063,29.850186880695617,1.7802694899919944,17.214527542064882,0.7329549606212147,-0.23170238290660022,0.5209840434037543,0.0,6,18.711133870948686,0.0
10.983219888001258,29.62128528438279,0.9750177905751936,1.5221642372891353,0.7341526713261519,-0.3983997257782681,0.5169889568850246,0.0,6,12.296091101474914,0.0
10.994273887001327,29.401354449413763,0.22131333195375197,11.406134574262756,0.734776598202061,-0.35946228087277154,0.5131504396881548,0.0,6,8.147238981616255,0.0
11.004588530000547,29.232541294523443,-0.5040264036661466,23.929043174584375,0.7351934343372287,-0.30314729492887676,0.5102040943146395,0.0,6,17.092173696131695,0.0
11.014877956000419,28.998874422494506,-1.1394798332144693,13.634770719399617,0.7363541736270797,-0.4329155097970223,0.5061258380448983,0.0,6,17.092173696131695,0.0
11.0258405830009,28.67613434394188,-1.6724781533613502,4.449879236157081,0.7379134635221398,-0.5574152740329387,0.5004929610460098,0.0,6,3.178485168683629,0.0
11.036461685000177,28.36538912092739,-2.15740644581707,13.477632955970018,0.7387975049178416,-0.5269550818455022,0.4950694337695629,0.0,6,9.626880682835726,0.0
11.0466556880001,28.08395285052888,-2.604228606754388,22.114663041053298,0.7396085019050463,-0.5025356374467037,0.4901574442165759,0.0,6,9.626880682835726,0.0
11.057521984001141,27.729713289203502,-2.959613289780533,11.853256108257042,0.7413665418801165,-0.6388903683643392,0.48397479753062767,0.0,6,8.466611505897887,0.0
11.068167954001183,27.29898345015681,-3.2222430860548346,4.890041140453775,0.7433127844643538,-0.7443435530214502,0.47645714365267766,0.0,6,3.4928865288955535,0.0
11.078299574999619,26.88297893369656,-3.4409275700927506,13.82560758732353,0.744430880839963,-0.7135833136568652,0.46919649513727935,0.0,6,3.4928865288955535,0.0
11.089162378000765,26.477607486939803,-3.6145220327799423,18.726937946892775,0.7457115093246668,-0.7195248802457194,0.46212142869780104,0.0,6,13.376384247780553,0.0
11.098840774000564,26.00484066401907,-3.7032203424351033,10.383986462004797,0.7478921760731704,-0.8396318385089422,0.4538700910436413,0.0,6,13.376384247780553,0.0
11.108948434999547,25.47410568582806,-3.712825532516279,6.537227399041387,0.7500333001073315,-0.9195818542879302,0.44460701821870785,0.0,6,7.417133187146284,0.0
11.119874598000024,24.951315215983996,-3.6785410518144124,13.575528828216065,0.7514545648145237,-0.9053460136957411,0.4354826032218808,0.0,6,9.696806305868618,0.0
11.130032275001213,24.422580886970806,-3.5943858224833445,15.851626601967359,0.7531780451617236,-0.9340356839565419,0.42625444831227766,0.0,6,9.696806305868618,0.0
11.14080964400091,23.832112430068825,-3.4328488162342947,9.270923744233851,0.7556725664349708,-1.0405767468426217,0.4159488296101679,0.0,6,6.622088388738465,0.0
11.151588900000206,23.19614797312049,-3.2033707351384124,7.512841141152073,0.7579579689290585,-1.1044082050010187,0.40484915591076165,0.0,6,5.366315100822909,0.0
11.161845284001174,22.560513599324654,-2.9305448590978993,12.819862273048058,0.7596673245412442,-1.1063223567713236,0.393755243249172,0.0,6,9.157044480748613,0.0
11.172297404000346,21.906526406223232,-2.6062663384860842,19.50150100049808,0.7617705599352421,-1.1515519726130958,0.3823410134636762,-2.6062663384860842,7,13.929643571784343,0.0
11.182474082001136,21.165038317829424,-2.1970912620242964,7.234850141427331,0.7652307185432522,-1.313424843525557,0.3693996049568855,-2.6062663384860842,7,13.929643571784343,0.0
11.193038252000406,20.353707460779077,-1.7132149721245877,2.9246035413505735,0.7681833567203707,-1.4038796224311225,0.3552392101783295,-2.6062663384860842,7,2.089002529536124,0.0
11.203072284000882,19.567080474100464,-1.2033581740227015,13.165126484588136,0.769570401942138,-1.363037897718631,0.3415099792757461,-2.6062663384860842,7,9.40366177470581,0.0
11.213451335001082,18.77610417265569,-0.6547616765138529,15.275052240183182,0.7717279524266645,-1.3973255503629467,0.32770483851028764,-2.6062663384860842,7,9.40366177470581,0.0
11.223831923000034,17.90208985261353,-0.030126981358065397,4.791205845385659,0.7752603612429309,-1.5377838369483274,0.3124504109159725,-2.6062663384860842,7,10.910751600130844,0.0
11.234578206000151,16.982347806129656,0.6506575301559168,2.463834165048826,0.777840279485695,-1.5930289581310186,0.29639788393579813,-2.6062663384860842,7,1.759881546463447,0.0
11.244842273999893,16.091764914720983,1.3492596344508776,11.776147459298448,0.7790027406119578,-1.5473658290195775,0.28085428021878567,-2.6062663384860842,7,8.411533899498892,0.0
11.255120034000356,15.19248942754926,2.082316649719896,11.412885899041388,0.7811459293323554,-1.5858730886188266,0.2651589620851631,-2.6062663384860842,7,8.152061356458134,0.0
11.265331571001298,14.22271618262102,2.8780989276350444,2.430662683524653,0.7843290558457802,-1.6997716249944872,0.2482332259634159,-2.6062663384860842,7,1.736187631089038,0.0
11.275380553001014,13.228425291026833,3.712757529852314,3.6738894798122943,0.7862649351341324,-1.7231566221770893,0.23087957618250732,-2.6062663384860842,7,2.624206771294496,0.0
11.285459922000882,12.257195491189092,4.561621513080311,10.666962402883485,0.787343607993015,-1.6947404567558901,0.21392841838185328,-2.6062663384860842,7,2.624206771294496,0.0
11.295655879999686,11.259297800967284,5.446636151176995,7.512443529333251,0.7895881791323371,-1.7564497609406424,0.1965118180894363,-2.6062663384860842,7,7.619258859202489,0.0
11.305760467001164,10.20169827623532,6.3817953519094885,1.0925849189175152,0.7922447732484631,-1.8471922282492366,0.17805322421533631,-2.6062663384860842,7,5.366031092380894,0.0
11.316065959999833,9.135603213165645,7.340994910906836,4.167002818771129,0.793525053399316,-1.8508454056386683,0.15944635522551387,-2.6062663384860842,7,0.7804177992267967,0.0
11.326624819999779,8.082388889997857,8.312207462008855,8.420858953399113,0.7944768054116689,-1.8421825367808478,0.1410642975570724,-2.6062663384860842,7,6.014899252427938,0.0
11.336606390999805,6.994078897870806,9.316174438058066,4.170298393455403,0.7964840567354143,-1.9107594631278662,0.12206970491210178,-2.6062663384860842,7,6.014899252427938,0.0
11.346971261000363,5.861177279961114,10.355532883913451,0.2678695441702871,0.7983522810606957,-1.9750730574906354,0.1022968415784069,-2.6062663384860842,7,2.978784566753859,0.0
11.357252374000382,4.72894714272044,11.407136120680546,3.6002750106116768,0.7989806153596112,-1.969543027607277,0.08253569779324987,-2.6062663384860842,7,0.1913353886930622,0.0
11.367553396001313,3.6005825772937436,12.46750234954342,5.5134668510099,0.7996271994081471,-1.9749532728538928,0.06284202096371905,-2.6062663384860842,7,2.571625007579769,0.0
11.377706602999751,2.4385813182586045,13.552218222499887,1.4593679961647126,0.8010153392330399,-2.035355891684984,0.04256127308123636,-2.6062663384860842,7,3.9381906078642146,0.0
11.387741893000566,1.2478350915365801,14.657078691377103,-0.6441044735537048,0.8019242126419329,-2.0746849189708785,0.021778830869238153,-2.6062663384860842,7,1.0424057115462233,0.0
11.398255276000782,0.0625021368319828,15.76415072843603,1.9376016222930674,0.8018553209900815,-2.0649185496476923,0.0010908680772501178,-2.6062663384860842,7,1.3840011587807624,0.0
11.408299787000942,-1.122336727910326,16.873678876260083,-8.933406086723359,0.8019103514895709,-2.0727778843928997,-0.019588471218094927,-2.6062663384860842,7,1.3840011587807624,0.0
11.41865494800004,-2.2689257542651178,17.96604242363141,-10.281735787032876,0.8001737001782668,-1.9799833622668488,-0.03960022489522208,-2.6062663384860842,7,-6.381004347659541,0.0
11.428985868000382,-3.3016432435713874,19.003861928491812,-0.6850766673885857,0.796959381337634,-1.789601945059869,-0.05762454532654582,-2.6062663384860842,7,-7.344096990737768,0.0
11.439589715000693,-4.2691788405887925,20.00781322269079,-1.1309703102425148,0.795270806664572,-1.6999698581264735,-0.07451122712474856,-2.6062663384860842,7,-0.8078359358875105,0.0
11.449581206001312,-5.237845146941151,21.007094344446973,-10.478653176774417,0.7946089616573998,-1.6917077062964216,-0.09141764352372928,-2.6062663384860842,7,-0.8078359358875105,0.0
11.460106255000937,-6.157346886247122,21.976486735768052,-9.268806151520256,0.7925863423281202,-1.5850917714743968,-0.10746597635243305,-2.6062663384860842,7,-6.620575822514468,0.0
11.469816435999746,-6.975960072231723,22.889983816049796,-1.1658113141357547,0.7899780737507146,-1.4215250057932407,-0.12175347174810502,-2.6062663384860842,7,-6.620575822514468,0.0
11.479799893000745,-7.750132103225273,23.772396836052536,-3.9327895797096972,0.7886337326492896,-1.3618073027796702,-0.13526532266579405,-2.6062663384860842,7,-0.8327223672398247,0.0
11.490359241999613,-8.5222457876748,24.64220838394503,-11.478127021005252,0.7876940851571057,-1.3441362463812885,-0.14874124865914284,-2.6062663384860842,7,-2.809135414078355,0.0
11.500935146999836,-9.236109696456968,25.471561768783495,-8.017017261438065,0.7857466965432792,-1.2282143771462453,-0.16120052427854814,-2.6062663384860842,7,-5.726440901027189,0.0
11.511018078001143,-9.86391940934937,26.24588298477696,-1.8213925542302747,0.783784033342519,-1.093700829370614,-0.17215787084452083,-2.6062663384860842,7,-5.726440901027189,0.0
11.520814671001062,-10.465352600539132,26.992061766723136,-6.417455071258734,0.7827556638484572,-1.0586862425857886,-0.18265486026155875,-2.6062663384860842,7,-1.3009946815930533,0.0
11.53123395900002,-11.059160306907712,27.717856221518634,-11.73016360942444,0.7817489719383738,-1.0290748838291544,-0.19301875986140615,-2.6062663384860842,7,-4.583896479470525,0.0
11.541820831000223,-11.594749627618745,28.39814348022668,-7.839012724751544,0.7801763180243564,-0.9197501453989144,-0.20236655694633354,-2.6062663384860842,7,-5.59929480339396,0.0
11.552138758001092,-12.055774097569312,29.024004942386345,-2.662421544479122,0.7787324751541185,-0.8042008865112625,-0.2104129518792326,-2.6062663384860842,7,-1.9017296746279442,0.0
11.56240575999982,-12.497342383445417,29.620680149898053,-7.405230502962351,0.7779261690945461,-0.7784081294879798,-0.21811977234015822,-2.6062663384860842,7,-5.289450359258822,0.0
11.572350517000814,-12.929907850620545,30.192320965213053,-11.596119456650959,0.7770833599701504,-0.7471357956730533,-0.22566946397279164,-2.6062663384860842,7,-5.289450359258822,0.0
11.58277623200047,-13.302039500961543,30.713507187919802,-6.5267805395695575,0.775895177141119,-0.6369852845350001,-0.23216438652212235,-2.6062663384860842,7,-8.2829424690364,0.0
11.592844144000992,-13.61548803335561,31.184222731647537,-18.486708381156927,0.7749833340506543,-0.5501803023483682,-0.23763509544794292,-2.6062663384860842,7,-4.661986099692541,0.0
11.603372547000617,-13.84129483560701,31.58984957933404,-2.636215378244324,0.7739449043869935,-0.3672099901957343,-0.2415761676206296,-2.6062663384860842,7,-1.8830109844602312,0.0
11.613461556000402,-13.987639587397661,31.93363704395721,-28.000000000000004,0.7734644872024175,-0.27384931979688304,-0.2441303653823903,-2.6062663384860842,7,-1.8830109844602312,0.0
11.62434964699969,-14.023679531239816,32.20035298019119,-28.000000000000004,0.7731054244339747,-0.012720466192328445,-0.24475938106466977,-2.6062663384860842,7,-20.0,0.0
11.6344944020002,-13.785686545367978,32.31091907447195,-28.000000000000004,0.7742779947390263,0.44202154893632095,-0.24060561986455387,-2.6062663384860842,7,-20.0,0.0
11.645401633000802,-13.273740886764058,32.26532531129601,-28.000000000000004,0.7776865250752407,0.9178512063143793,-0.2316704825306246,-2.6062663384860842,7,-20.0,0.0
11.655864301001202,-12.486333995275013,32.06344365882561,-28.000000000000004,0.7833444197190573,1.3987154800900568,-0.21792763972124707,-2.6062663384860842,7,-20.0,0.0
11.66641268300009,-11.420407493211956,31.705030630957836,-28.000000000000004,0.7912479427851677,1.8852840427787523,-0.1993237126759806,-2.6062663384860842,7,-20.0,0.0
11.67656672799967,-10.07144028150548,31.189746962987897,-28.000000000000004,0.801408676139539,2.3798831513688974,-0.17577979333025517,-2.6062663384860842,7,-20.0,0.0
11.686932225000419,-8.43355564796028,30.517179074936145,-1.749027499252409,0.8138460582904598,2.8848411128527918,-0.14719331370707067,-2.6062663384860842,7,-20.0,0.0
11.697388044000036,-6.884649601616284,29.867925631374693,24.228802501304013,0.8075814717210755,2.5303593994725087,-0.12015980339432009,-2.6062663384860842,7,43.002334001794225,0.0
11.708128805001252,-6.569012563439216,29.782694353563887,50.17362749847234,0.7825365364615969,0.279610428447306,-0.1146508978368872,-2.59679966111936,7,65.72558800615235,0.0
11.718424864000553,-7.769209657332999,30.39756466091823,24.743639998880095,0.7995574465444992,-2.14239534968195,-0.13559828879820124,-2.59679966111936,7,4.693618007130965,0.0
11.7283991660006,-9.642570135307508,31.31857615940935,-1.1863400029396898,0.8196090242982494,-3.1761969154505265,-0.16829459721559115,-2.59679966111936,7,4.693618007130965,0.0
11.738825087000805,-11.152064932679378,32.05464413140558,-27.398537502202092,0.8013014775048048,-2.444945999889047,-0.19464025147145492,-2.59679966111936,7,-57.53833399723652,0.0
11.748931766000169,-11.26045890854691,32.108705623468566,-28.000000000000004,0.7772800751830653,0.09207580194627943,-0.19653208323967064,-2.59679966111936,7,-120.44760799546629,0.0
11.7593611100001,-9.854441096115956,31.423046061159116,-28.000000000000004,0.8031011752432717,2.4541165873647843,-0.17199244307106243,-2.59679966111936,7,-59.85154400043092,0.0
11.770166348000203,-7.790487946178063,30.405343316741394,-2.0679249998720506,0.8317788112165332,3.5567022222406943,-0.135969664997738,-2.59679966111936,7,42.236980000307085,0.0
11.780422658999669,-5.905453101175835,29.45335128761526,23.23684499722003,0.8216055273447094,3.118011490410694,-0.10306960043762814,-2.59679966111936,7,102.96842799332808,0.0
11.790982004000398,-5.239584627992622,29.05862658159531,50.09206750152953,0.7863906196241357,0.8986441948066535,-0.09144800319535351,-2.5870363925415734,7,94.58554263556532,0.0
11.801001713000005,-6.302638994205581,29.463618813716003,24.900990003763578,0.7983370160510619,-1.994286892527687,-0.1100018020134712,-2.5870363925415734,7,34.12695664092705,0.0
11.810901967999598,-8.532758459872273,30.407927150797693,-0.6182374979543992,0.8396526103560041,-3.8469471770291523,-0.1489247294021716,-2.5870363925415734,7,34.12695664092705,0.0
11.820849236000868,-10.89586788639848,31.404862453093337,-25.31264249476226,0.8410880861744164,-3.980016865845805,-0.19016876947996897,-2.5870363925415734,7,-27.1191893631961,0.0
11.831093741000586,-12.38818476003027,31.974186080661298,-50.432817495428026,0.7983066965814165,-2.3792397214101255,-0.21621461240791184,-2.5870363925415734,7,-146.6741813571328,0.0
11.841168147000644,-12.030899126774653,31.642353670570333,-28.000000000000004,0.7796889897757466,0.936472759008137,-0.20997880173752836,-2.5870363925415734,7,-86.41593535566545,0.0
11.851395677000255,-9.72951746865583,30.361431472974648,-1.7974075014790314,0.8449723965348628,4.056367452521093,-0.16981211445834843,-2.5870363925415734,7,-86.41593535566545,0.0
11.861776470999757,-6.501181756750358,28.618991576816562,24.2200649993465,0.9058605315591755,5.558413705383635,-0.11346702692588284,-2.5870363925415734,7,-23.529713359215123,0.0
11.872217550000641,-3.3939276615077407,26.91444403170421,49.52780500140943,0.894441929036966,5.251908137964225,-0.05923521226782169,-2.5870363925415734,7,99.65079664771719,0.0
11.882124372001272,-1.4501823136528105,25.740784676563045,75.08405499927176,0.823943913606274,3.1332729047055734,-0.02531045612743066,-2.5870363925415734,7,99.65079664771719,0.0
11.892519696000818,-1.6187867736744908,25.546088603858806,49.18673249655694,0.7861359935687477,-0.6108596473188145,-0.028253159088356128,-2.577656768331826,7,160.98579664258676,0.0
11.902981172999716,-3.967922555817487,26.36689405592685,22.886689996332276,0.8535692841353433,-4.174622363415815,-0.06925331306316362,-2.577656768331826,7,98.83222263607121,0.0
11.913370140000552,-7.52283736189846,27.749964222395096,-3.1508675035438527,0.9326530889284161,-6.148791980060965,-0.13129828105717234,-2.577656768331826,7,35.71212063553202,0.0
11.923860189001061,-11.215805872780557,29.19236519283437,-29.33582000216848,0.9359390414400814,-6.2974851895027895,-0.19575274074453697,-2.577656768331826,7,-26.778017364170694,0.0
11.93419466799969,-14.010586552238482,30.195586795794902,-55.140410002175486,0.8593680192142933,-4.6433157060788215,-0.24453086547220204,-2.577656768331826,7,-89.6219033608698,0.0
11.944590619999872,-14.915838808058586,30.272152659421465,-81.2094025038532,0.7780011848184476,-1.2671935734323667,-0.26033049789736884,-2.577656768331826,7,-151.55291936088662,0.0
11.954788462000579,-13.408115310537916,29.160781712929705,-55.75688750716654,0.8066642637158514,2.8530638476579955,-0.2340157586559486,-2.577656768331826,7,-167.91371601192495,0.0
11.965291853000963,-9.967025208088536,27.09440218641247,-29.8464675076757,0.9181743636823393,5.901200085986365,-0.1739574065104179,-2.577656768331826,7,-106.82768001987696,0.0
11.975398462000157,-6.299412271554441,24.89440218637201,-4.0974150058245895,0.942963743021912,6.335081341698226,-0.10994548507916013,-2.577656768331826,7,-44.642672021098946,0.0
11.985869928999819,-2.805194677266329,22.756644844679982,21.963719993684204,0.9300985700451275,6.0367371417408,-0.048959883277717164,-2.577656768331826,7,17.15505398334372,0.0
11.9961199520003,-0.11649541559160576,20.98239277652832,47.44295499428699,0.8646764970012035,4.468705296149379,-0.0020332285655526583,-2.577656768331826,7,79.70177798216483,0.0
12.006869376000395,0.7189337938718028,20.0665483597406,44.83438207805968,0.7899567276883519,1.1388171771931375,0.01254776180691719,-2.577656768331826,7,78.69207998902439,0.0
12.017375839999659,-0.3817888885590655,20.053593491362893,18.791584574481497,0.7999917812715607,-1.9493904744236725,-0.006663473152885402,-2.577656768331826,7,16.189365980436747,0.0
12.027375011000913,-2.3445432981421233,20.444740399832632,-7.245622924548551,0.8290833586288585,-3.3396047361018586,-0.040920000008147106,-2.577656768331826,7,16.189365980436747,0.0
12.037733731000117,-4.198081531463297,20.785207796047096,-33.174730425363556,0.8209174717369585,-3.048372878257832,-0.07327034499120044,-2.577656768331826,7,-46.29993201723536,0.0
12.048109704001035,-4.895421699067585,20.581772670442827,-59.0477779233165,0.7868802351467821,-0.9369717042129853,-0.08544122692230438,-2.56831991129176,7,-108.52979001919138,0.0
12.058271150999644,-3.6360206782229465,19.455566775769775,-33.59910542351052,0.8078333368512942,2.4404515996093976,-0.0634605325055877,-2.56831991129176,7,-129.8481471661026,0.0
12.068597527000748,-0.652122342216009,17.513918144565622,-7.647995422322751,0.8936580664994491,5.217362420320509,-0.01138168199748657,-2.56831991129176,7,-68.77133316656824,0.0
12.07878209500086,2.868378744577416,15.313918144556718,17.954884578083252,0.9303169247539579,6.0416999281979,0.05006265328709736,-2.56831991129176,7,-6.488669163717589,0.0
12.089667807000296,5.958822940840577,13.312113564339963,43.870544576728676,0.8914259243625388,5.214071238552102,0.10400107986103935,-2.56831991129176,7,117.15582683400584,0.0
12.099592792001204,7.643510719220809,11.973280288293134,69.85029707628065,0.8096271488725121,2.6605306892979317,0.13340442846188294,-2.56831991129176,7,117.15582683400584,0.0
12.109913579000931,7.1118086587399105,11.6866825007371,44.14996957528139,0.7876369178171657,-1.2099452220124407,0.12412447686685324,-2.559078978493105,7,158.45824029190146,0.0
12.120178062999912,4.47117027814271,12.405064988726313,18.164802076151787,0.8709273411881429,-4.672299690009781,0.07803664277090094,-2.559078978493105,7,96.77745428950323,0.0
12.130495917001099,0.6895097251925483,13.671435363376924,-7.597697923321434,0.9559675519880875,-6.542093812116158,0.01203421492913126,-2.559078978493105,7,34.41305229159218,0.0
12.141087256000901,-3.181728315889784,14.989285336202856,-33.696555425214214,0.9586731960228925,-6.604507452435827,-0.055531635016210945,-2.559078978493105,7,-27.41694770714355,0.0
12.151311781999539,-6.189657033163785,15.906563757234766,-59.45084542510948,0.882477574038575,-4.999127222182943,-0.1080298947979319,-2.559078978493105,7,-90.05420571168622,0.0
12.161621602001105,-7.316579694086812,15.937150552829591,-85.25368792654398,0.7922621186247685,-1.6322671114678171,-0.12769840564637436,-2.559078978493105,7,-151.86450171143485,0.0
12.17211612200117,-5.930577686300246,14.77622849483662,-59.58828542681793,0.8108395554891339,2.652345758659752,-0.1035081071712467,-2.559078978493105,7,-135.04958674045727,0.0
12.182206385001336,-2.5462224676290077,12.66398581158355,-33.88900542724649,0.9158176166029595,5.7316016584646725,-0.04443996554838092,-2.559078978493105,7,-135.04958674045727,0.0
12.192622734999532,0.9992105284908076,10.463985811520061,-7.623717930092866,0.9352320008809847,6.1337523380195575,0.0174395136427572,-2.559078978493105,7,-73.3713147414858,0.0
12.203392766001343,4.531370322369339,8.263985811506881,18.430432072799263,0.9353484924947277,6.15985076766005,0.07908733175250182,-2.559078978493105,7,52.195335258624,0.0
12.21406660499997,7.662013192117082,6.252125194577177,44.76208206959065,0.8938406553884394,5.304339627849625,0.13372735753368392,-2.559078978493105,7,115.39129525092332,0.0
12.224144433999754,9.438781761377044,4.884101319355398,71.0069370725055,0.8114335740832345,2.8260452272227963,0.16473781911321916,-2.559078978493105,7,115.39129525092332,0.0
12.234468853999715,9.087518922004511,4.53433684782483,45.15990957222904,0.7831061488951263,-0.8988132670244893,0.15860712602626448,-2.559078978493105,7,176.72508172851892,0.0
12.244780630000605,6.462431030940079,5.275056456683294,19.56698457341055,0.8705745606876563,-4.697550463438189,0.11279069917295592,-2.559078978493105,7,114.69221572785543,0.0
12.25482430000011,2.3907654560996336,6.712583709460672,-5.827375426653347,0.9849494979128038,-7.079743217009935,0.041726728851882555,-2.559078978493105,7,53.26919573069105,0.0
12.26490890400055,-2.092002210006657,8.355555438024087,-30.808012926192063,1.021861557822434,-7.702647155243611,-0.036512326523614025,-2.559078978493105,7,-7.677268269462303,0.0
12.27499225199972,-5.964926573891652,9.719880240189246,-56.118720427567936,0.9544005331940216,-6.552196314332459,-0.10410760835411415,-2.559078978493105,7,-67.63079826835522,0.0
12.285598401000243,-8.223198237291513,10.324812663522184,-82.23539042866967,0.8339721790514982,-3.647145402615139,-0.14352188428493085,-2.559078978493105,7,-191.0565042743015,0.0
12.296396024999922,-8.16379966287272,9.828559875661682,-96.79817829387083,0.7813597854901871,0.36616554844741556,-0.14248518359033202,-2.559078978493105,7,-128.33877428040935,0.0
12.305927301000338,-5.729552209668332,8.199221550248966,-71.81998579348637,0.860429260980786,4.4042482027438865,-0.09999955072362887,-2.559078978493105,7,-128.33877428040935,0.0
12.316254655001103,-2.114969680753329,5.9998233586286895,-45.983438291519086,0.9332371834020303,6.097222561737739,-0.03691318450899894,-2.559078978493105,7,-68.39111227948663,0.0
12.32674519200009,1.4759229027208223,3.7998233586187533,-19.723563292832658,0.9406381192834015,6.244363520811806,0.025759714158070324,-2.559078978493105,7,-6.383398274765142,0.0
12.336823510000613,4.617552778418044,1.8041672691336559,5.665556708076657,0.8961402740339528,5.305984862709827,0.08059149936800702,-2.559078978493105,7,56.640301722082285,0.0
12.346906229000524,6.3250499086973,0.48087433783236927,30.608996706500513,0.8115910663983176,2.7009095976761155,0.11039294625973461,-2.559078978493105,7,117.57418972426464,0.0
12.357023456999741,5.8998374787459005,0.16538939011257622,5.356791706030528,0.7865955609199182,-0.9841317329233342,0.10297158933667694,-2.550031844316283,7,136.87128841781384,0.0
12.367255037999712,3.54145434032516,0.7677730876019859,-20.520970794355343,0.8522426490605601,-4.128922038223316,0.06181003854771783,-2.550031844316283,7,76.26599641668588,0.0
12.378159891000905,0.37383463876898665,1.7601239770897286,-46.83236329278352,0.9030085409092423,-5.436379615817293,0.006524645304522458,-2.550031844316283,7,-48.98797558046783,0.0
12.388312535000296,-2.5306401456005077,2.6374441260521126,-71.88303329407553,0.8797784684721017,-4.882651832227356,-0.04416800272387755,-2.550031844316283,7,-109.10958358356868,0.0
12.398557180000353,-4.127602644759227,2.9062074074392994,-98.07305079597917,0.8091373131702196,-2.517692959255395,-0.07204025636507438,-2.550031844316283,7,-171.9656255881374,0.0
12.408621806000156,-3.553360539239776,2.156147795233905,-72.14796079701536,0.7908109221021542,1.300510204928875,-0.06201784092017526,-2.550031844316283,7,-171.9656255881374,0.0
12.419263791000049,-0.7414295424677542,0.35272552581546823,-46.61057079978982,0.885317331822276,5.013735776884062,-0.012940386687617433,-2.550031844316283,7,-48.45567359728295,0.0
12.429358733999834,2.9031682489511295,-1.8472744742278473,-20.538958298534816,0.9386970330038199,6.212903017603301,0.05066984468355562,-2.550031844316283,7,-48.45567359728295,0.0
12.44021832100043,6.431234953020287,-3.995895563635252,5.539464203461286,0.9311259702422612,6.0990848066178085,0.11224622489954683,-2.550031844316283,7,76.7044104105197,0.0
12.449907890000759,9.24593119203561,-5.805908740816868,30.850171700289685,0.8680143521783894,4.698736523669632,0.16137194171386549,-2.550031844316283,7,76.7044104105197,0.0
12.460260672000004,10.326723883517342,-6.786608690691005,56.90659170191302,0.7884657564108263,1.5828798483612505,0.180235332711713,-2.550031844316283,7,137.45010840290786,0.0
12.471141145000729,9.574226169610643,-6.882757192779643,30.751326701969994,0.7865643873094068,-1.3444463612128519,0.1671017699903108,-2.550031844316283,7,16.381413963259803,0.0
12.481221908001316,8.007539981317095,-6.575082197130894,4.690541703307282,0.8090052148274433,-2.6472256589704726,0.13975793765906852,-2.550031844316283,7,16.381413963259803,0.0
12.49180849700133,6.681632023374259,-6.363110578940673,-21.804398299214334,0.8003164171531103,-2.131994228409384,0.11661647821457155,-2.550031844316283,7,-46.164470033530705,0.0
12.502323832999537,6.564070244212287,-6.704132998777425,-47.416708299938726,0.7822530035036944,0.07956791892479739,0.11456463809369266,-2.5408881354611146,7,-48.28278203784404,0.0
12.5122932459999,7.85811076433668,-7.69671734391363,-21.64355580284373,0.8013341902819557,2.2482743338726245,0.13714990582408326,-2.5408881354611146,7,-48.28278203784404,0.0
12.523185594000097,9.523209953263187,-8.853257823188047,4.302841697021542,0.8103369067482009,2.781398209080489,0.16621136904313794,-2.5408881354611146,7,75.8441379548606,0.0
12.533470964999651,10.516752968025724,-9.679242674552208,29.68270669803551,0.7874135395675604,1.5170068582185494,0.1835519659109348,-2.5408881354611146,7,88.74629625861812,0.0
12.543199374000324,10.176128082888319,-9.856436664432486,3.8234566985507645,0.7808903404173234,-0.752174451606678,0.1776069401510596,-2.5408881354611146,7,88.74629625861812,0.0
12.55361942700074,8.856752565898452,-9.551069057834585,-22.21811830317656,0.8002597553091517,-2.243802082477399,0.15457949330938403,-2.5408881354611146,7,26.684096259854726,0.0
12.564180240000496,7.605489103637188,-9.25917801939919,-47.842653304219674,0.7976475751937011,-2.0186363533156246,0.13274082608302118,-2.5408881354611146,7,-97.31456774679432,0.0
12.574006238000948,7.46874139227005,-9.475780918579352,-45.503997616800014,0.7814720557141461,0.017370732142775736,0.13035412827509774,-2.5319282361859674,7,-97.31456774679432,0.0
12.584425383000053,8.644006914525916,-10.296750183702484,-19.222467617476475,0.79661433405846,2.0168981673035042,0.15086638122363327,-2.5319282361859674,7,-36.86394375253772,0.0
12.595301733999804,10.097343651166751,-11.236501543429531,7.030422384593288,0.8014344055219482,2.3828642304321943,0.17623189241820558,-2.5319282361859674,7,89.2186642508062,0.0
12.605729122000412,10.771988621443608,-11.792970397046663,33.09417488256894,0.7813509085675174,0.9307913402372103,0.188006668431556,-2.5319282361859674,7,59.687286842209815,0.0
12.616184591001002,10.223528203373274,-11.751574172813582,6.970694880726108,0.7826396460925552,-1.0086943269905067,0.17843422831936406,-2.5319282361859674,7,-3.009065162212991,0.0
12.62687442800052,9.191289228371227,-11.461559550659427,-19.72647761700774,0.7912019358932261,-1.6911632009042956,0.1604182595381669,-2.5319282361859674,7,-67.08227915677422,0.0
12.637158751000243,8.642493947639506,-11.38152804325002,-45.33005761910591,0.782515843468608,-0.7367945928946558,0.1508399749699918,-2.5319282361859674,7,-64.96438358033524,0.0
12.646927466999841,9.238307300340653,-11.8256259266993,-20.043277618208784,0.7849960452166354,1.1495441340807897,0.16123887970197304,-2.5319282361859674,7,-64.96438358033524,0.0
12.657673327999873,10.503332055608974,-12.571394427588706,5.969657381717291,0.7962386477480107,2.122120479347278,0.18331772680064073,-2.5319282361859674,7,58.15493242164044,0.0
12.667619758,11.498521920615573,-13.173627391531348,31.92914988179563,0.7864265403120806,1.5412712422678745,0.2006870666274838,-2.5319282361859674,7,58.15493242164044,0.0
12.677922312999726,11.10341550406526,-13.096587901804838,6.4961948828904434,0.781238609940384,-0.9726089506737963,0.19379115876292463,-2.5319282361859674,7,120.45771442182846,0.0
12.687747960000706,9.198145966980306,-12.28124025698932,-18.43344511595479,0.823973168431693,-3.324863459687119,0.16053793220284396,-2.5319282361859674,7,59.418622424456004,0.0
12.697782893999829,6.792544127772849,-11.20868298226531,-43.430142618456564,0.8490010128759907,-4.091311059829,0.11855225961664262,-2.5319282361859674,7,-0.4125135727725535,0.0
12.708167107000918,4.893425894181023,-10.356617579208176,-69.17464511840355,0.8221994019564629,-3.115672660205684,0.08540639355580648,-2.5319282361859674,7,-60.40458757877681,0.0
12.718905908999659,4.529877357826315,-10.210815091768053,-42.90901511918766,0.7840386613389173,-0.34073709990480994,0.07906127460561052,-2.522617859552896,7,-59.15388158053142,0.0
12.728906682999877,5.788168823497466,-10.815704320529006,-17.367270120269506,0.8020834946838528,2.195684659070799,0.10102260363131732,-2.522617859552896,7,-59.15388158053142,0.0
12.739275947000351,7.60062326789576,-11.673245701593626,7.685837381392946,0.8186666131651512,3.054267495548207,0.13265590122847204,-2.522617859552896,7,62.27376442086202,0.0
12.749552512001173,8.938781969650227,-12.298340425154496,33.66575488147372,0.798347982099961,2.13972611725835,0.15601117648830032,-2.522617859552896,7,124.62556642105588,0.0
12.760136582999621,8.780001663048878,-12.204298103623081,7.223739885409475,0.7814869641014981,-0.5668371877276451,0.15323993735078068,-2.522617859552896,7,61.16473043050169,0.0
12.770128416001171,7.034945255873162,-11.3457887733244,-18.429427618651072,0.8189116753281629,-3.0440846194474336,0.12278295741254164,-2.522617859552896,7,61.16473043050169,0.0
12.780595199001255,4.760190772209845,-10.221811742465345,-44.533165114410636,0.8430333824180967,-3.8596264352222915,0.08308100199811319,-2.522617859552896,7,-0.40287157924362305,0.0
12.791258066999944,3.0055249172787404,-9.327761396496564,-70.51587511792879,0.8168642210343385,-2.8549944712953716,0.05245630555724423,-2.522617859552896,7,-125.41034557751013,0.0
12.801451504001307,2.735993824791608,-9.118378897323192,-45.18474262109795,0.7844602865354411,-0.16400392537559913,0.04775210055684642,-2.513671752139407,7,-64.61562758511613,0.0
12.811348612000074,4.239951707329536,-9.732243642992726,-19.366190117546477,0.8114387209061711,2.6321404945845064,0.07400111741845539,-2.513671752139407,7,-64.61562758511613,0.0
12.821806453001045,6.390488775290412,-10.644621529028118,6.665244882276045,0.8355806686859851,3.647563624420348,0.11153506994055773,-2.513671752139407,7,-2.6511015765925947,0.0
12.831988504000037,8.121960067974706,-11.353864856599413,32.23179237924067,0.8127795689093145,2.824690483940636,0.14175494490166107,-2.513671752139407,7,59.82434242298146,0.0
12.842346870000256,8.396224549699049,-11.366379939707226,58.15652238201163,0.7807455481030601,0.19449180475946581,0.14654176312902667,-2.513671752139407,7,121.18405641569657,0.0
12.852704957000242,7.127057592146695,-10.637115696654805,32.10011238483001,0.8013371263521553,-2.2118443524731353,0.12439062096221898,-2.513671752139407,7,58.96470440904628,0.0
12.863386476999949,5.371138451066257,-9.663492353502301,6.337619884140611,0.8178366191071035,-2.947861597964973,0.09374405055157453,-2.513671752139407,7,-65.40066158584418,0.0
12.87350733400126,4.087438299526749,-8.897735685592185,-19.581697615615678,0.8001927388240712,-2.0242797493501627,0.07133925629885995,-2.513671752139407,7,-65.40066158584418,0.0
12.883890150000298,4.212814015355336,-8.781138821006042,6.363992383773609,0.7845275709176702,0.4437925055565033,0.07352747534211357,-2.504541099413635,7,-101.59484514431519,0.0
12.89382225600093,5.611221970382145,-9.253275085291664,31.101349886773267,0.8061122855714826,2.4079327804605533,0.09793429844341217,-2.504541099413635,7,-39.3251891457809,0.0
12.904302590999578,7.239582368956515,-9.826604202676371,57.58492738553922,0.8110349058241735,2.7093895112300808,0.1263545488076221,-2.504541099413635,7,20.04446886141828,0.0
12.914731930999551,8.062732571118383,-10.012379587854344,83.5311398850872,0.7867189416335105,1.2039287735902708,0.14072123007380366,-2.504541099413635,7,83.60505485845657,0.0
12.925322289000178,7.0499453209424505,-9.321528222952594,57.845489886892196,0.7991404126572068,-2.0800923804730846,0.1230447579360141,-2.504541099413635,7,80.67956202059457,0.0
12.935436298999775,4.125455172382848,-7.71737094886743,31.65478238319064,0.8892603145202047,-5.135101127761088,0.07200277590151094,-2.504541099413635,7,80.67956202059457,0.0
12.94641617399975,0.33847805898159666,-5.695723992574666,5.236169886336017,0.9550886376559986,-6.524865609036871,0.005907556574988426,-2.504541099413635,7,-45.58280598074026,0.0
12.95686556200053,-3.24275016539463,-3.761042584525819,-21.399520114721792,0.9314888880351867,-6.06871454159037,-0.05659666720572698,-2.504541099413635,7,-45.58280598074026,0.0
12.967273876000036,-5.643742017678584,-2.3757301511348183,-47.04552761719516,0.8440038722921138,-3.9085159496790225,-0.09850188034163931,-2.504541099413635,7,-171.0588799892151,0.0
12.977992838001228,-5.888119898798323,-2.005589681320851,-20.35779511967395,0.782794852857253,-0.12758556977562746,-0.10276707898622606,-2.4951834262090067,7,-107.00832199516418,0.0
12.988372441001047,-3.8636181521943707,-2.708984641352477,5.444514881707607,0.836487911048091,3.6255941502835407,-0.06743285779561115,-2.4951834262090067,7,-45.082777991848445,0.0
12.998510761999569,-0.5059669634156071,-4.047273720488716,31.623172380966015,0.9202105434317599,5.81863049965111,-0.008830789417920037,-2.4951834262090067,7,-45.082777991848445,0.0
13.009294620000219,3.2161780895941185,-5.564041924039611,57.80811738080682,0.9455042808064319,6.350636296753646,0.056132896993918546,-2.4951834262090067,7,80.58986800598967,0.0
13.019773347999944,6.154031622419498,-6.716798373567781,83.88181738158617,0.8783443225444112,4.894016990869887,0.10740811408306872,-2.4951834262090067,7,143.16674800786012,0.0
13.029728088000411,7.249351546550192,-7.000885856930589,109.86225988293607,0.7917927231091577,1.5913375211178247,0.1265250531218438,-2.4951834262090067,7,143.16674800786012,0.0
13.040084358999593,5.884740204532114,-6.118599378556348,84.2347648859113,0.8102657093281468,-2.6236232082474875,0.10270809219356991,-2.4951834262090067,7,178.04457547973138,0.0
13.050272626000151,2.2728664931692726,-4.16899974705002,58.59993488687631,0.9441693746266854,-6.318189620444789,0.03966900376406102,-2.4951834262090067,7,116.53858748687193,0.0
13.060625613999946,-1.8478010241398695,-1.9689997470012335,32.53636488356004,0.9858271895181979,-7.092799778204449,-0.032250211792963945,-2.4951834262090067,7,55.01499548918795,0.0
13.071139829000458,-5.896044099608505,0.20312667721651487,6.978899882630674,0.9805271405254332,-7.032122209818805,-0.10290538238095293,-2.4951834262090067,7,-68.87548852100159,0.0
13.081378113000028,-9.346249608878168,2.093069952372849,-19.109470113074178,0.9152044811052594,-5.822662876512554,-0.16312282838815628,-2.4951834262090067,7,-68.87548852100159,0.0
13.091701201999967,-11.177725403846303,3.208875476101844,-45.18316761729058,0.8109990533038541,-2.9001141663492676,-0.19508811118093083,-2.4951834262090067,7,-131.48757651069323,0.0
13.10230881499956,-10.701535011357313,3.212700179571125,-19.413515119561463,0.7826884957760357,1.085493715400961,-0.18677702096563387,-2.4951834262090067,7,-132.21728452626272,0.0
13.11263930899986,-7.887031335662621,2.0872265539917745,6.964582380566742,0.884328890632506,5.080373501205631,-0.1376546650152788,-2.4951834262090067,7,-132.21728452626272,0.0
13.12296868500016,-3.2752337791177126,0.09460292465612871,32.8070573823761,1.0415646952970115,8.021933047768176,-0.057163613218140785,-2.4951834262090067,7,-68.90985052595502,0.0
13.132976374999998,1.7448712877815922,-2.105397075354196,57.98118987971701,1.0856733203170812,8.675472151169233,0.030453748995302288,-2.4951834262090067,7,-6.887910521612554,0.0
13.143524261000493,6.333425861695079,-4.111817035058935,84.31090987872902,1.0279110936544495,7.834315569763728,0.11053913421753814,-2.4951834262090067,7,53.53000747200562,0.0
13.153996352000831,9.5267732797103,-5.461978537828722,110.43892237925046,0.8915200511840127,5.2946172372217015,0.16627356082196343,-2.4951834262090067,7,116.72133546963445,0.0
13.164446370001315,10.520192229055027,-5.762353267083638,136.45498987901829,0.7866808057215258,1.4557476854979319,0.1836119923397317,-2.4951834262090067,7,179.4285654708859,0.0
13.174802780000391,9.030711066735808,-4.869384402847502,110.38635487697046,0.8117990284632983,-2.8223696671475142,0.15761564191082922,-2.4951834262090067,7,178.22835763303115,0.0
13.184955001999697,5.370037719724783,-2.9316277107970157,85.02099237833771,0.9478687131353472,-6.418546183598736,0.09372483916548591,-2.4951834262090067,7,115.6636336281164,0.0
13.195998655000949,1.1898341339548948,-0.7316277107484589,58.97278987962362,0.991687965220957,-7.19327069442583,0.020766523190128172,-2.4951834262090067,7,-7.728922365516013,0.0
13.205656227000873,-2.9172974192212746,1.4455826067860813,33.236844878990254,0.9877684449352129,-7.132267880817083,-0.05091644522534455,-2.4951834262090067,7,-7.728922365516013,0.0
13.216551436000373,-6.406569695652044,3.337958419296837,7.489547379042949,0.9209445819912924,-5.88632033775732,-0.1118157349476192,-2.4951834262090067,7,-131.28870436690963,0.0
13.225848412999767,-8.341468035584548,4.497069503080297,-17.167477621990667,0.8183826643770208,-3.071393972665935,-0.14558608167081388,-2.4951834262090067,7,-131.28870436690963,0.0
13.235965497000507,-7.9449375629519645,4.5473125244854,7.966309876826005,0.7846663592781038,0.9530039006739353,-0.13866531933888604,-2.48640354880832,7,-190.4655643693903,0.0
13.24620629600031,-5.191869347371983,3.473276899437652,33.6973673802613,0.8819458532606017,4.968796946398716,-0.0906152144450103,-2.48640354880832,7,-130.1444743722303,0.0
13.256793649999963,-0.7288697114067889,1.5825775950585346,59.97155237768037,1.027420850427329,7.788655222769716,-0.012721176282109337,-2.48640354880832,7,-68.38993636398558,0.0
13.267144333000033,4.369330338774141,-0.6159062121645076,85.95583738045842,1.0918643505254018,8.77788118005542,0.07625920051888802,-2.48640354880832,7,-5.3318923701798155,0.0
13.277447722999568,9.023098066416631,-2.6096684231714287,112.02778987811779,1.031782182633727,7.934703142121094,0.15748276998930422,-2.48640354880832,7,57.03039163648751,0.0
13.287684680000893,12.247568172649418,-3.922215009217364,137.6959748768395,0.8903061088942466,5.348763625586098,0.21376038997519764,-2.48640354880832,7,119.60307763086999,0.0
13.29801335800039,13.280373030762338,-4.174775999238056,163.40607488021942,0.7837164675720727,1.533800616087923,0.23178623527986097,-2.48640354880832,7,181.20672162780207,0.0
13.308656457000325,11.871681661747587,-3.2371879414388336,137.44274738204422,0.8050777657730861,-2.6772604962158164,0.20719993274612714,-2.48640354880832,7,152.1436464181406,0.0
13.31906022899966,8.254804384556296,-1.2227065660988223,111.46928988185844,0.937352976007823,-6.2573655522232325,0.1440735156185715,-2.48640354880832,7,89.80734841769478,0.0
13.328752800000075,4.295678708960138,0.9772934339776114,86.53546488407027,0.9702291719413721,-6.828826906133572,0.07497373707917365,-2.48640354880832,7,89.80734841769478,0.0
13.339196529999754,0.3712925415324832,3.1772934340062364,61.33548738038097,0.9719375872907535,-6.840062618200521,0.006480277337839624,-2.48640354880832,7,-30.51377758585116,0.0
13.34877935700024,-3.2963791014667994,5.266849651961433,36.45701988265226,0.9431986077578904,-6.305708766826996,-0.05753266871452789,-2.48640354880832,7,-30.51377758585116,0.0
13.358912159001193,-5.975303577758965,6.896577934343402,11.138812383284847,0.8616080057001565,-4.442408426382894,-0.10428872123809096,-2.48640354880832,7,-90.22209958040006,0.0
13.36926025700086,-6.668808463918822,7.590755926470873,-9.651922603630103,0.7852813239861898,-0.8854794726053845,-0.11639266488024891,-2.48640354880832,7,-150.98579757888186,0.0
13.37996461900002,-5.305834907594373,7.309148749381578,16.201207396911464,0.8065541311197568,2.4205088738359484,-0.09260428870477089,-2.48640354880832,7,-26.469963576359106,0.0
13.389953518000766,-2.9389882579802493,6.544696060862471,41.882664897379705,0.8502160676269567,4.059932013433504,-0.05129502177920786,-2.48640354880832,7,-26.469963576359106,0.0
13.400291416999607,-0.6188001865404482,5.791481721228184,67.80442989740068,0.8451634366340016,3.8854318166123796,-0.010800100667085921,-2.48640354880832,7,35.16553442476467,0.0
13.411042302999704,0.6035405664224296,5.544176701632086,93.84023239537301,0.7988587038741958,1.8761978897504197,0.01053377005342293,-2.48640354880832,7,159.86369641994858,0.0
13.420984120000867,-0.25359522078039254,6.265227360400375,68.66697489559984,0.7979850651556732,-1.8158268590982576,-0.0044260715699397934,-2.48640354880832,7,99.44787842049297,0.0
13.431153247000111,-3.28753275388017,8.003491393432016,43.66014989219793,0.8995834427597519,-5.371899295015591,-0.05737827082236535,-2.48640354880832,7,39.43149841232841,0.0
13.440948434999882,-7.302096800616472,10.200998633494764,18.47152489237005,0.9686081837630987,-6.837225852589246,-0.12744563147010135,-2.48640354880832,7,39.43149841232841,0.0
13.450821443000677,-11.167963248469974,12.324696575962706,-6.381095106994783,0.9551095099489291,-6.665961115261928,-0.1949177294275226,-2.48640354880832,7,-21.021201587258503,0.0
13.46126922500116,-14.254140585166885,14.066057524733235,-32.49583510576968,0.8798828489559297,-5.1759931721964625,-0.24878168525331334,-2.48640354880832,7,-80.6674895857341,0.0
13.471755776999998,-15.5830742039268,14.943422873031725,-58.63205510475864,0.786615320973702,-2.0148928803183184,-0.27197595244111694,-2.48640354880832,7,-143.34286558279385,0.0
13.482036953000716,-14.568607540839887,14.662587790680734,-33.07756010425265,0.7881918553158885,2.0005399114437488,-0.2542701690185303,-2.48640354880832,7,-168.40417851260736,0.0
13.49264442599997,-11.464005285394235,13.346546498135831,-7.11301010422658,0.8982631784087942,5.506624483605767,-0.20008463769616158,-2.48640354880832,7,-44.758470511330415,0.0
13.502971007999804,-7.098725005074499,11.402359703541979,18.844204898336734,1.0115097625441662,7.5782192981513505,-0.12389612403220118,-2.48640354880832,7,17.538845494821544,0.0
13.513080337999781,-2.4994456464435317,9.32531946992782,44.036497399169725,1.0333582850930612,7.888783134266461,-0.043623556005077724,-2.48640354880832,7,78.00034749682072,0.0
13.523130780000429,1.2999103177107683,7.607236302043595,69.94708489575233,0.9487937842575016,6.4049740519593605,0.022687715024698463,-2.48640354880832,7,78.00034749682072,0.0
13.533655193999948,3.2678401110353357,6.737742829949125,96.1175348965432,0.8229857194916912,3.1154363154031275,0.05703456936630369,-2.48640354880832,7,140.18575748861895,0.0
13.544070493000618,2.7640376169251586,7.024304414549347,70.7104348947857,0.7894365552221425,-1.1283918534705881,0.04824155706432176,-2.477559426303018,7,142.01779748629906,0.0
13.554128408999532,-0.2322074773162071,8.480757963344601,45.653312396929955,0.9027507257341272,-5.430330292158993,-0.00405278502691786,-2.477559426303018,7,81.88070349144527,0.0
13.564528550001342,-4.770640724435291,10.663410102444445,19.648597396476084,1.0199599936421115,-7.6895939706463095,-0.08326338807112332,-2.477559426303018,7,19.469387490355984,0.0
13.575210070001049,-9.342003883613824,12.863410102464723,-6.900995102191976,1.0323290723633136,-7.948796795830052,-0.16304872650315838,-2.477559426303018,7,-44.249634506447364,0.0
13.585608602999855,-13.656930504745747,14.935524729981791,-32.98080760313069,0.9922708787889638,-7.391976257139227,-0.23835840302386435,-2.477559426303018,7,-106.84118450870028,0.0
13.595871337000062,-16.90202113798289,16.478739970134836,-58.66715760301786,0.8847499191391571,-5.406021941330943,-0.2949959190994802,-2.477559426303018,7,-168.4884245084295,0.0
13.606727706001038,-18.15367383296952,17.027726763961326,-85.6144051050117,0.7797630459410813,-1.9036175713244912,-0.31684137971845727,-2.477559426303018,7,-215.1187681710765,0.0
13.617383868000616,-17.052122638469,16.393420877453245,-59.392262604056036,0.7857854428881025,2.135180325308875,-0.29761568449514675,-2.477559426303018,7,-152.1856261687829,0.0
13.627392116999545,-13.625529045664416,14.59276070208928,-33.0274401067848,0.9240452410753867,6.129618555982026,-0.23781034417296487,-2.477559426303018,7,-152.1856261687829,0.0
13.637958094999703,-9.440707476535811,12.392760702013685,-7.090657607555206,0.9846278792297485,7.16139991056853,-0.1647714291831952,-2.477559426303018,7,-26.661774177180916,0.0
13.647777174001021,-5.310371098322081,10.192760701987513,18.026367394590757,0.9899860924987021,7.191493034363317,-0.09268346016846785,-2.477559426303018,7,-26.661774177180916,0.0
13.658019231001163,-1.478841926633978,8.114217716158883,43.32815739591269,0.9578529248811029,6.579962464629262,-0.02581066073629934,-2.477559426303018,7,33.6190858279694,0.0
13.668052418001025,1.2820109058021323,6.524292414366122,68.75883489275539,0.8683858502133305,4.573950003538926,0.022375311352722083,-2.477559426303018,7,94.34338183114204,0.0
13.678648085000532,1.9868650136290575,5.889837299661234,42.96060941909519,0.7878553657516635,0.9070937207561971,0.034677336280509063,-2.468608166374898,7,93.44098781644033,0.0
13.68894441700104,0.5627155597601318,6.251151577030993,17.099974422888693,0.8106592432463782,-2.5435294330321985,0.009821239270017212,-2.468608166374898,7,31.375463825544728,0.0
13.699048086000403,-1.973852732510108,7.135773240276534,-7.975825580944446,0.8607806402248903,-4.3650163500314,-0.0344502291317883,-2.468608166374898,7,-28.806456183654802,0.0
13.708758746000967,-4.577858213869019,8.054083422102655,-32.98107057831811,0.8607889077897732,-4.39433566021516,-0.07989869852148113,-2.468608166374898,7,-28.806456183654802,0.0
13.719008972000665,-6.233143023481836,8.526159986324016,-57.91261807859127,0.8106097296883485,-2.6518611860215344,-0.10878886850747227,-2.468608166374898,7,-148.65475817800717,0.0
13.729296641000474,-5.934419137022855,8.074488743046496,-32.25771308039993,0.7855582615749491,0.8457507574227221,-0.10357515313440935,-2.4597416992568433,7,-87.08298618234795,0.0
13.740086572999644,-3.6020626131075013,6.657993902063689,-6.074175578179797,0.8516322149417408,4.111186384403375,-0.06286785246171656,-2.4597416992568433,7,-24.242496177019632,0.0
13.750429428000643,-0.29191519051903897,4.7726776879760795,19.78575691977158,0.9148541661527072,5.702176318409184,-0.005094881211143765,-2.4597416992568433,7,37.82134181806367,0.0
13.76058807300069,2.935507500194324,2.918041963877817,45.797799423451856,0.9037451780821926,5.464889768547021,0.051234271095379036,-2.4597416992568433,7,100.25024382689634,0.0
13.770964809000361,5.028851341764167,1.5912164769049733,71.80058692268932,0.8293691279719984,3.3940977960782375,0.08777001350711933,-2.4597416992568433,7,162.65693382506623,0.0
13.781335047000539,5.03814524784191,1.2441774842846107,45.936114422728046,0.7836330708913081,-0.29543481966321194,0.08793222276854706,-2.450834910241602,7,100.5821998251592,0.0
13.791519329000948,2.8880195387541088,1.9170909676865657,19.578459421280336,0.8430119756609052,-3.831134208880594,0.050405449813187175,-2.450834910241602,7,100.5821998251592,0.0
13.80206553500102,-0.4725799888751774,3.1655167437250693,-6.452618074364813,0.919859720585007,-5.8110469828280005,-0.008248076784910019,-2.450834910241602,7,37.32382782168469,0.0
13.812137908000295,-3.974339344668812,4.486475615190854,-32.008328077937854,0.9260512174895945,-5.962274405062919,-0.06936530715602451,-2.450834910241602,7,-25.15075816786367,0.0
13.823050507000517,-6.571230544411349,5.384935973863014,-57.970948075637075,0.8560448583730742,-4.296009425334319,-0.1146896089075975,-2.450834910241602,7,-148.7947501709171,0.0
13.83295452800121,-7.232767680281038,5.369083951892175,-83.7681855749558,0.7844142960793905,-0.8271453344726156,-0.12623561005273665,-2.4419834424064444,7,-148.7947501709171,0.0
13.843016004000674,-5.506790018008013,4.219902885056442,-59.13649557202161,0.8238557233732567,3.1963539757834054,-0.09611161703019766,-2.4419834424064444,7,-74.84918641242524,0.0
13.852970600000845,-2.001860809365702,2.2232195119527427,-33.9365255716636,0.9334190410574552,6.100379609166026,-0.034939062290070044,-2.4419834424064444,7,-14.369258411566022,0.0
13.86310416699962,1.9135584283540825,0.0232195119365479,-8.08916807487703,0.9668392691804994,6.750149889515206,0.03339789500406676,-2.4419834424064444,7,-14.369258411566022,0.0
13.87354021000101,5.449002991680044,-2.0046563657607064,17.821584426781833,0.9277390926287838,6.014821357549953,0.09510304315583795,-2.4419834424064444,7,47.66439958072175,0.0
13.8843423670005,7.69703669598474,-3.4273556171451505,43.56258692736292,0.8347211962892644,3.6557034217844295,0.13433863299175952,-2.4419834424064444,7,171.62861158609763,0.0
13.894530212000973,7.794396663843136,-3.8296538948600594,17.498851928065328,0.781234912199971,-0.12273275560811445,0.13603788499052438,-2.433072833102267,7,109.07564758778341,0.0
13.904704435000895,5.692197904774693,-3.1832101654469023,-8.256645571565691,0.8397415225190233,-3.7708226368978903,0.09934759511344105,-2.433072833102267,7,47.26245358866896,0.0
13.914918825001223,2.240051447884984,-1.8889134637260323,-34.0283830722562,0.9279763314836841,-5.989077321063595,0.039096273179659136,-2.433072833102267,7,47.26245358866896,0.0
13.925685006001004,-1.5170551104834022,-0.44044331021933075,-60.06417807144471,0.9497502039705282,-6.424323789772636,-0.026477606612141713,-2.433072833102267,7,-77.07562441104068,0.0
13.935828073001176,-4.528007200313426,0.6653718953755059,-86.22536307244599,0.8847415486287595,-5.029072553997518,-0.0790286341994797,-2.433072833102267,7,-77.07562441104068,0.0
13.946146338999824,-5.741997863600346,0.9290806834989427,-111.99954807340117,0.7958123192787245,-1.8014706365650355,-0.10021676836230631,-2.433072833102267,7,-139.86246841344376,0.0
13.956467887999679,-4.511406995675428,0.03982910913447486,-86.0877505759724,0.8065511038625526,2.396188603824873,-0.0787389059720418,-2.433072833102267,7,-201.29987282598404,0.0
13.96681339800125,-0.9828248039984349,-1.9354993592519645,-59.96184057709042,0.9362093230477578,6.153597570055425,-0.01715352880004062,-2.433072833102267,7,-139.11155883215497,0.0
13.976830236000751,3.0050861861952947,-4.135499359317954,-34.95502307701981,0.9730264989742545,6.869608688480737,0.05244864825530726,-2.433072833102267,7,-76.40937483483822,0.0
13.987047698999959,6.984966911777336,-6.335499359335685,-9.173505575164832,0.9744305298685815,6.937991173720471,0.1219106707533748,-2.433072833102267,7,-16.393012834668752,0.0
13.997762537001108,10.623591234444335,-8.371460372439088,16.604519426108077,0.9324766357881684,6.212941297062761,0.1854166454270625,-2.433072833102267,7,107.34988917283817,0.0
14.008290929001305,13.053239026439021,-9.822668177098402,42.90401942638555,0.838191225791231,3.9853042014155253,0.22782199906118006,-2.433072833102267,7,170.46868917350412,0.0
14.018433717001244,13.483616338720498,-10.299544943199265,51.03077194564305,0.7748290514449043,0.459596626107468,0.23533350018637567,-2.433072833102267,7,111.18120117862463,0.0
14.028277871000682,11.776421893699608,-9.728900014393531,25.048766946037926,0.8146315462637159,-3.085895075907105,0.20553733614900382,-2.433072833102267,7,111.18120117862463,0.0
14.038809056999526,8.737636417409947,-8.498706906051956,-0.8984830550436307,0.8913033314260848,-5.269188809340182,0.15250052432596517,-2.433072833102267,7,48.824389179572336,0.0
14.048897427999691,5.3984214458547966,-7.1040137810476995,-26.37875055495913,0.9128252286440963,-5.6957373639674715,0.094220228640439,-2.433072833102267,7,-13.4490108230234,0.0
14.059400602000096,2.7969345088082354,-6.037956587914387,-51.779378055816935,0.8589060227336145,-4.317796585736069,0.04881571614135405,-2.433072833102267,7,-135.56315882487934,0.0
14.069383210000524,1.8732860766262305,-5.744978232199046,-77.58901555587742,0.7912785280696559,-1.2930815963781144,0.03269500986889451,-2.424281291205561,7,-135.56315882487934,0.0
14.07967108900084,3.13601502311065,-6.467463221527825,-51.935683055835554,0.8062811787875223,2.348872366287955,0.054733787545286905,-2.424281291205561,7,-113.24965647431596,0.0
14.089958407999802,5.871237493103602,-7.875474245048188,-26.15626055683622,0.8729444733986919,4.748760063395902,0.10247242542119572,-2.424281291205561,7,-51.68165847421547,0.0
14.099889114000689,9.11507847216517,-9.517721316846249,-1.319715558002077,0.9022552252028428,5.53196152916729,0.15908813091693652,-2.424281291205561,7,10.188955523382944,0.0
14.110216390999994,11.76288552603254,-10.869249877135436,24.427746942474027,0.8545188827524534,4.414731594132856,0.20530108196445296,-2.424281291205561,7,69.79666352058489,0.0
14.121157560999563,12.8127878243673,-11.4447313901821,50.75099694169678,0.7845080362271224,1.5393864248480609,0.22362533389465034,-2.424281291205561,7,145.87534251250423,0.0
14.131231192000996,11.612892372132455,-10.924736543894438,24.29519443796364,0.7985746500426789,-2.3349028958413345,0.20268320757344593,-2.424281291205561,7,145.87534251250423,0.0
14.14220638200095,8.505509537745116,-9.47301219747038,-2.040980558722527,0.8991031521917298,-5.445615357738895,0.14844914599343317,-2.424281291205561,7,19.174596511497896,0.0
14.15260568099984,4.536334287625504,-7.59224908519574,-27.823720557880893,0.9708995141011462,-6.843404760969835,0.0791739692901765,-2.424281291205561,7,-42.70397948648218,0.0
14.163034179000533,0.754133718635171,-5.781931017332812,-54.161293061388434,0.9498918634765685,-6.425065231779195,0.013162116390492251,-2.424281291205561,7,-105.91415349490029,0.0
14.17353141500098,-1.7853310432114757,-4.541789021527403,-80.3879680610227,0.8538556162654392,-4.160712054950277,-0.03115990494210541,-2.424281291205561,7,-168.85817349402254,0.0
14.183975911000744,-2.16361357172542,-4.3077595645697215,-54.228530563141405,0.7850242926904789,-0.35497787576325723,-0.03776218056744307,-2.4154027943175205,7,-106.07552349910742,0.0
14.194438358999832,-0.31827415834610306,-5.114762311671341,-28.09563556309529,0.8287767161881022,3.3159753606136277,-0.005554931987153289,-2.4154027943175205,7,-43.35657549899673,0.0
14.204742163999981,2.8495368076773055,-6.543589974035506,-1.9782855600898763,0.9046792006754225,5.485535336307949,0.049733799450737415,-2.4154027943175205,7,19.325064508216258,0.0
14.21516353700099,6.270153402415927,-8.09250855911587,23.91360443982178,0.918411678228707,5.830073359022899,0.1094348214772829,-2.4154027943175205,7,81.46560050800423,0.0
14.225517290000425,8.89217902553298,-9.263016054933694,49.11846443848829,0.8557080520778516,4.348112164049029,0.15519780167233144,-2.4154027943175205,7,141.95726450480385,0.0
14.235355716000413,9.699546841011397,-9.567176250402722,73.95291193790383,0.784012172926101,1.0979080966391586,0.16928902832706383,-2.4154027943175205,7,122.13934574353638,0.0
14.244922333000432,8.300222412918087,-8.812457371718942,49.03708193853147,0.8076946048242677,-2.59831219663246,0.14486620975324893,-2.4154027943175205,7,122.13934574353638,0.0
14.255160614000488,5.330782585402602,-7.29964507253759,24.09575443709384,0.8902534063113141,-5.175677846535103,0.09303970782325122,-2.4154027943175205,7,2.4821677415924057,0.0
14.265244653000991,1.7952250962834708,-5.505281397198292,-1.9831755629458492,0.9318285327182657,-6.066735790479875,0.03133258874457878,-2.4154027943175205,7,2.4821677415924057,0.0
14.275626418000684,-1.273984130575866,-3.917523220277081,-27.95784556054075,0.8909836245141146,-5.15462468954359,-0.022235217696706222,-2.4154027943175205,7,-60.10726425850285,0.0
14.286321276000308,-2.82076758069876,-3.0356159114064116,-53.74058556424659,0.8074795053088499,-2.405979565660519,-0.04923168171670822,-2.4154027943175205,7,-145.87117537538182,0.0
14.29659986400111,-2.093818113121114,-3.2169673267240766,-27.845900564334602,0.7939529204103466,1.534186230804141,-0.036544020011858525,-2.4154027943175205,7,-83.72393137559305,0.0
14.306674822000787,0.6396640240081809,-4.340447749600379,-1.9300830684916725,0.8769395257594504,4.800103643099972,0.011164243325498813,-2.4154027943175205,7,-83.72393137559305,0.0
14.317377434001173,4.315391460544807,-5.908638768884175,23.957964434539303,0.9443225910489464,6.337094412258993,0.07531778949895385,-2.4154027943175205,7,40.60534462170432,0.0
14.327917143000377,7.8776718046794905,-7.424155786095829,49.98275693525996,0.927387147028222,6.0475252243295685,0.13749131038318074,-2.4154027943175205,7,103.06484662343388,0.0
14.33789919300034,10.28733671529331,-8.390688519656461,76.07460943165263,0.8408245637127196,3.947549155305231,0.17954789694316675,-2.4154027943175205,7,103.06484662343388,0.0
14.348369814000762,10.637469035105632,-8.368595998295625,102.13659943348814,0.7784445964478058,0.3114691980973887,0.18565885874153754,-2.4154027943175205,7,165.6852926147763,0.0
14.359177698999702,8.864884569838134,-7.321537633286159,75.84460943109646,0.8204773863795092,-3.1766649545645915,0.15472142355291663,-2.4154027943175205,7,40.03574060463103,0.0
14.369291846000124,5.875623442702308,-5.680153219041322,49.66613443559238,0.8895343537695306,-5.167103703932793,0.10254897468251967,-2.4154027943175205,7,40.03574060463103,0.0
14.380155546999958,2.7259320928055875,-3.9462190173286187,23.50459943374501,0.8988290456875345,-5.3496043083327836,0.04757649020523713,-2.4154027943175205,7,-85.58028338901244,0.0
14.390653901000405,0.47813223358773566,-2.6216868456572455,-2.4608130673915873,0.8390074084868364,-3.681747938291151,0.008344981736020607,-2.4154027943175205,7,-147.89727339174027,0.0
14.401031544000944,0.19239603021775967,-2.206662056544989,23.628944430692922,0.7849078763974947,-0.1658980901488838,0.003357944195066409,-2.4065803760745688,7,-85.28185539633745,0.0
14.411402411000381,1.960762145133662,-2.749172794768778,49.82086693291406,0.8236154809153132,3.1243092800628762,0.034221755281049315,-2.4065803760745688,7,-22.42124139100673,0.0
14.421350091999557,4.800108487585344,-3.7922433602920718,74.47770693363039,0.8783725940694632,4.872085238195033,0.08377769756128961,-2.4065803760745688,7,36.75517461071246,0.0
14.431649146999916,7.581835199576158,-4.806151265809348,100.2249969302464,0.8694700342864496,4.693096592727882,0.13232798757620534,-2.4065803760745688,7,98.5486706025909,0.0
14.441883097000755,9.283978852267017,-5.304825738547813,126.19984193281182,0.8092454882277391,2.719631799442027,0.16203599865758367,-2.4065803760745688,7,160.8882986087479,0.0
14.452274781000597,8.960849046475971,-4.834315968522369,100.54423943403874,0.7830607245826016,-0.8732074675463588,0.15639631963520007,-2.4065803760745688,7,99.31485261169252,0.0
14.46255846799977,6.527817829826863,-3.351182877546518,75.22324443345481,0.8569083233393798,-4.3200792832569705,0.11393191410086967,-2.4065803760745688,7,38.54446461029107,0.0
14.472641809001288,2.9106220257358664,-1.2947677083157938,49.38130193169839,0.9412650405949361,-6.264408432633944,0.050799937630158,-2.4065803760745688,7,-23.476197393924338,0.0
14.483198212999923,-0.8032019146609758,0.820162779368149,23.41483943257101,0.9458141067591284,-6.345326294314898,-0.014018517969156541,-2.4065803760745688,7,-85.79570739183004,0.0
14.493272192999939,-3.616904531975404,2.5218675698391757,-2.117468067244932,0.871355989059847,-4.672729056821129,-0.06312689281327533,-2.4065803760745688,7,-147.0732453913883,0.0
14.503360353999597,-4.585182740231153,3.360942762267158,-27.111188065992042,0.7909107706001063,-1.357075283714846,-0.0800265356226495,-2.4065803760745688,7,-87.08831739439523,0.0
14.513627624999572,-3.526884459676921,3.24583749654846,-1.6581680678247501,0.7983856668624166,1.8926737376525855,-0.06155574615878345,-2.4065803760745688,7,-26.00106939879373,0.0
14.523528362000434,-1.4698589393983599,2.655262459397026,24.487649433121828,0.8342541010155998,3.520767578393212,-0.02565387803237318,-2.4065803760745688,7,-26.00106939879373,0.0
14.534301249999771,0.5314162722088092,2.0834406279183324,50.52082443273305,0.8290111194049433,3.3252066619712926,0.00927496364871816,-2.4065803760745688,7,99.22851260254498,0.0
14.544295245001194,1.5084091748552446,1.9859042204794637,76.40345943274936,0.7929426952877088,1.4386341409983971,0.02632670656851488,-2.4065803760745688,7,99.22851260254498,0.0
14.554880779000086,0.4048242997893813,2.859548409752227,50.47873693330969,0.8049576729508693,-2.245410180467574,0.007065516923405291,-2.4065803760745688,7,99.12750260392892,0.0
14.565188147000299,-2.8592259714325308,4.744488139439559,25.080376930072656,0.9168059062235152,-5.755310628581982,-0.04990290726003099,-2.4065803760745688,7,38.171438596160044,0.0
14.575197649999609,-6.792653696633881,6.944488139474777,-0.04327306794964514,0.9640699585438446,-6.7458198014622,-0.11855417195402529,-2.4065803760745688,7,-22.12532139909348,0.0
14.585487415000898,-10.562043327325988,9.064266829999166,-26.105788066506808,0.9471710991528208,-6.500375645245402,-0.18434243180013565,-2.4065803760745688,7,-84.67535739563067,0.0
14.595961947999967,-13.507784841632263,10.782495556034547,-51.958733066731085,0.8707773970710517,-4.9201598084186555,-0.2357553201374638,-2.4065803760745688,7,-146.72242539616894,0.0
14.60654210299981,-14.625464491254032,11.606620368609095,-78.05949306783093,0.782843232691556,-1.6399811031687368,-0.2552625100059003,-2.4065803760745688,7,-128.33320086139787,0.0
14.616600715000459,-13.514480828760929,11.334002995612702,-51.85517056486803,0.7915904317763583,2.100930687401423,-0.23587218715953018,-2.4065803760745688,7,-128.33320086139787,0.0
14.627322538000954,-10.806966967936225,10.268801866105141,-26.12744306714392,0.8668619485591498,4.717556969035966,-0.18861715574475557,-2.4065803760745688,7,-3.696280859749038,0.0
14.637309268000536,-7.525566371636989,8.905288886930219,-0.1223855646277805,0.9078361667455361,5.621745646304152,-0.13134591126242867,-2.4065803760745688,7,-3.696280859749038,0.0
14.647755300000426,-4.7052290362321685,7.737854702058959,25.869749432440425,0.8726547772599101,4.721684092547921,-0.08212173874269091,-2.4065803760745688,7,58.71585714628969,0.0
14.658127075001175,-3.4004336696891455,7.265354964538899,51.62978693408134,0.7998450289199467,1.9834248534703411,-0.059348763531748894,-2.4065803760745688,7,121.09698113925339,0.0
14.668368430000555,-4.36537266276213,7.8450497674426165,25.767234436552666,0.7991759341155448,-1.9694105449855202,-0.07619012604175124,-2.4065803760745688,7,169.91977571688258,0.0
14.678625153001121,-7.574277032793074,9.469608285625354,-0.10858806615958727,0.9113446948888078,-5.700185451529741,-0.13219607268042566,-2.4065803760745688,7,107.84964972281378,0.0
14.689027033000457,-11.99465069095625,11.65771810900001,-25.631985564705406,1.0030252506011619,-7.529816013081401,-0.2093461471837994,-2.4065803760745688,7,-15.508478280205594,0.0
14.698956827000075,-16.344382767568657,13.800832215904263,-50.607183067204616,0.995370695078619,-7.523771059037829,-0.2852632935002961,-2.4065803760745688,7,-15.508478280205594,0.0
14.70929814200099,-20.038574442952655,15.60487235532043,-76.5629830642685,0.9174374678377036,-6.252849813315608,-0.34973910143551246,-2.4065803760745688,7,-75.4489522862037,0.0
14.719661741000891,-22.145027667021274,16.592444177888098,-102.65500306684787,0.801991960022176,-3.396257405647985,-0.3865036457347597,-2.4065803760745688,7,-137.742872279157,0.0
14.729884719999973,-22.086447472330434,16.455909003979883,-83.57245041439113,0.7564266021862232,0.32475285401825194,-0.38548122846094524,-2.4065803760745688,7,-200.3637202853475,0.0
14.740220515999681,-19.843393918852293,15.180913366711923,-57.55098541372375,0.8283491757452504,4.088041635398114,-0.346332558654193,-2.4065803760745688,7,-139.2630802894906,0.0
14.750770698999986,-16.028524053409743,13.083608327668571,-31.501052915115213,0.9408069358637139,6.543350429932612,-0.27975051896710745,-2.4065803760745688,7,-76.8115642878889,0.0
14.761183197000719,-12.081243668081099,10.883608327652311,-5.550317916782877,0.9629122811952491,6.833798959865171,-0.21085747974373215,-2.4065803760745688,7,-14.2917262912284,0.0
14.771371107999585,-8.559931322064095,8.8560693615027,20.340517087464615,0.9239690017829492,5.990410204311598,-0.1493989853146096,-2.4065803760745688,7,47.99003770476921,0.0
14.781827057000555,-6.374991332293565,7.435953004117623,46.28950458722444,0.8324870918617342,3.5395446585509713,-0.11126458853462262,-2.4065803760745688,7,110.12804171496319,0.0
14.792301307001253,-6.40558176857762,7.040272369428077,20.8682745893782,0.7828488786772451,-0.35306169794510267,-0.11179849236740091,-2.3980154234197797,7,109.97533323989236,0.0
14.80257556000106,-8.705795600848337,7.699548773751257,-5.418815410263267,0.8482391750998307,-4.121898220800019,-0.15194479724044152,-2.3980154234197797,7,109.97533323989236,0.0
14.812851909000528,-12.500979954235628,9.054322680745676,-31.262497911808385,0.9487150540990019,-6.580614590803384,-0.21818325992722176,-2.3980154234197797,7,46.886317240752845,0.0
14.82335878199956,-16.64840498227923,10.563077952304285,-56.40360290940974,0.9705227472703211,-7.10935671744441,-0.2905694821462008,-2.3980154234197797,7,-75.4771727571987,0.0
14.833049040000333,-20.147742454347654,11.734929217828647,-81.57300291018713,0.9003043792988599,-5.90585069935525,-0.35164444267220984,-2.3980154234197797,7,-75.4771727571987,0.0
14.843807115001255,-22.07572730706057,12.097386662019094,-107.82988040987789,0.7942053402321926,-3.0892149567688962,-0.3852941262806282,-2.3980154234197797,7,-198.90023875832222,0.0
14.85425935999956,-21.85447585001446,11.34393389627361,-133.753897909952,0.7580966370938121,0.6118651566491199,-0.38143255988033875,-2.3980154234197797,7,-136.68259675814434,0.0
14.864627360000668,-19.508308408598566,9.483396352824384,-108.15226790996917,0.832512077327506,4.190422241392218,-0.34048421322454026,-2.3980154234197797,7,-75.23868475818554,0.0
14.87488016700081,-16.564338888375197,7.283396352760232,-82.02776540870786,0.8691338123274926,5.015434500633347,-0.28910225201828466,-2.3980154234197797,7,-12.539878755158412,0.0
14.885355046000768,-13.694363103985603,5.083396352745508,-56.140425410700345,0.8733122104788308,4.991672926998272,-0.23901172512817936,-2.3980154234197797,7,49.589737240059634,0.0
14.895566639001117,-11.26088516729392,3.0617934006511796,-30.217107907770924,0.8442049034989931,4.09143343434964,-0.19653952285827136,-2.3980154234197797,7,111.80569924709025,0.0
14.905849763999868,-10.184401366961714,1.6603253642098665,-56.14129790715765,0.7889150489078501,1.6045083907835382,-0.17775133619809314,-2.3980154234197797,7,49.5876432485621,0.0
14.915903692000938,-10.562715847089954,0.9289174878510565,-81.85050790630726,0.7798369845631464,-0.6492811044224673,-0.1843541694843016,-2.3980154234197797,7,49.5876432485621,0.0
14.92625758000031,-11.348325617281493,0.37337506788917235,-107.40795540855856,0.7833827166477124,-1.2504512252088085,-0.19806564660997994,-2.3980154234197797,7,-12.114460749396954,0.0
14.936619572001291,-11.51137265429717,-0.49625093491224864,-133.64178290644873,0.7769289236419752,-0.07417110144594999,-0.20091135424152462,-2.3980154234197797,7,-73.45233475480009,0.0
14.947183238000434,-10.016906073678635,-2.173885411953781,-107.31627290838901,0.8127911918766217,2.914307470225467,-0.1748279918487099,-2.3980154234197797,7,-136.41352074973648,0.0
14.957611104000534,-7.467089929346994,-4.373885412018645,-81.38789040672805,0.8545276588380368,4.273620832466837,-0.1303253048096158,-2.3980154234197797,7,-73.23229675439316,0.0
14.968008583000483,-4.956896426888363,-6.5738854120372086,-55.8779454080252,0.8593871929227476,4.36046945413299,-0.08651416332954431,-2.3980154234197797,7,50.21968924647999,0.0
14.977797896999618,-2.8645600936338407,-8.59259132776923,-30.614065405967494,0.8331032168404252,3.4926185133910006,-0.04999600525514758,-2.3980154234197797,7,50.21968924647999,0.0
14.988322303999666,-1.5406974528475421,-10.261698446104946,-56.33742040786842,0.8053032689055557,2.2718455972337726,-0.026890243329279695,-2.3980154234197797,7,-26.29191324981184,0.0
14.998651743000664,-0.36131079140980565,-11.868676535525267,-82.49719790670156,0.8041226957868334,2.1983231071937652,-0.006306062933087553,-2.3980154234197797,7,-26.29191324981184,0.0
15.009099658000196,1.5774552166735996,-13.833005907351495,-56.8250129093542,0.8353111727008922,3.55878781231722,0.027531787333714863,-2.3980154234197797,7,-5.949120369903085,0.0
15.019095465000646,4.017507184852204,-16.03300590736111,-31.16260540751341,0.8538358756816619,4.183303852875183,0.07011872809819941,-2.3980154234197797,7,-5.949120369903085,0.0
15.029500697999538,6.032774469134598,-18.032749223883677,-5.088925406522549,0.8272219702526934,3.338978323554231,0.10529177751665175,-2.3980154234197797,7,55.64065763451481,0.0
15.039907188000143,7.026357191655968,-19.547307100577225,-30.70714790497391,0.7922109445847326,1.6091826139060557,0.12263306741557889,-2.3980154234197797,7,67.02978114131048,0.0
15.050121575000958,7.37446638051174,-20.748510152330233,-56.20975790621401,0.7834992918335357,0.6973241161175965,0.12870871891755886,-2.3980154234197797,7,5.546047145027217,0.0
15.060414759000196,8.123828280305922,-22.12645720498698,-76.39326154563685,0.7898660996135736,1.500320289574122,0.14178755135796717,-2.3980154234197797,7,-55.660216857949024,0.0
15.071020757000952,9.835182441882534,-23.945505680855458,-50.3765115474024,0.816956833983161,3.079117568591447,0.17165631614518606,-2.3980154234197797,7,7.873584606022064,0.0
15.081265392000205,12.021840200836088,-25.976108335533933,-24.984971544800715,0.8312617789001098,3.7103836369298087,0.2098206936532061,-2.3980154234197797,7,68.81328061226611,0.0
15.091488161000598,13.655779965140429,-27.72667917147253,1.2085134556756416,0.8018284513424726,2.6514601696032414,0.23833832231957697,-2.3980154234197797,7,68.81328061226611,0.0
15.101905548999639,14.077380139045795,-28.875254974567138,-25.126604044235933,0.7743143147233431,0.56983017643205,0.2456966334812063,-2.3980154234197797,7,88.72854853371317,0.0
15.112042325999937,13.467236401204419,-29.503920578594588,-50.25321404278736,0.7779897126040585,-0.9974261988184967,0.23504761634544913,-2.3980154234197797,7,25.524266533925385,0.0
15.122448535999865,12.841614630766115,-30.09990979972843,-75.54346404336763,0.7784033463219021,-0.92438939790888,0.2241284565791446,-2.3980154234197797,7,-95.4761974639907,0.0
15.132678361000217,13.292758170307714,-31.187285445287383,-49.27558404520903,0.7785993869142869,1.0383388812629333,0.23200239674324674,-2.3980154234197797,7,-95.4761974639907,0.0
15.143281845001184,14.906737611245271,-32.80995336736427,-23.519046542934007,0.8025235595069949,2.7807127530045497,0.26017165204710446,-2.3980154234197797,7,29.382404537050007,0.0
15.153668775001279,16.6473627148898,-34.47082355286395,2.3911709575614837,0.8019153859952564,2.8966534771395476,0.29055129114856904,-2.3980154234197797,7,91.56692653823919,0.0
15.163804155001344,17.511669071754955,-35.679375781208265,28.444595956752096,0.7731688677267432,1.280075751054927,0.3056362828217831,-2.3980154234197797,7,91.56692653823919,0.0
15.17476900300062,17.194160365344807,-36.281122521720306,28.49256409914045,0.7686718259343384,-0.5934585311887981,0.300094710491178,-2.3980154234197797,7,20.351831499386034,0.0
15.184671832001186,16.270098748010316,-36.555390952387995,28.000000000000004,0.7789743010787655,-1.5723612644963956,0.28396679277738723,-2.3980154234197797,7,20.0,0.0
15.195170602000871,15.086183436454057,-36.67268435443548,28.000000000000004,0.7886172011092473,-2.082132410504254,0.26330357252595604,-2.3980154234197797,7,20.0,0.0
15.205247093001162,13.639828564601709,-36.63409402753797,28.000000000000004,0.7996911838967259,-2.547445768824864,0.2380599178598719,-2.3980154234197797,7,20.0,0.0
15.215395885999897,11.92396412397041,-36.43910408893801,28.000000000000004,0.8127987231276144,-3.019340726394141,0.20811243385296496,-2.3980154234197797,7,20.0,0.0
15.22565546900114,9.930300755007254,-36.08714101461555,28.000000000000004,0.8280656635425439,-3.5051567985283736,0.17331644388815537,-2.3980154234197797,7,20.0,0.0
15.23631406900131,7.649505457560942,-35.577613536879085,28.000000000000004,0.8455403923886765,-4.007255939550346,0.1335090563837138,-2.3980154234197797,7,20.0,0.0
15.246429189999617,5.071426275732723,-34.90996022389364,28.000000000000004,0.8652423435536114,-4.527098468716304,0.08851308628368981,-2.3980154234197797,7,20.0,0.0
15.256681928000035,2.1853897107074394,-34.08371213583631,28.000000000000004,0.8871543157716422,-5.065563122566578,0.038142245891051196,-2.3980154234197797,7,20.0,0.0
15.266670052000336,-1.0194154272271323,-33.09857339612602,28.000000000000004,0.9112033764646229,-5.622843676817009,-0.017792155650738106,-2.3980154234197797,7,20.0,0.0
15.277145000000019,-4.553458905031064,-31.954521319333423,28.000000000000004,0.9372365683339705,-6.198288120308411,-0.07947285024704787,-2.3980154234197797,7,20.0,0.0
15.2879672020008,-8.426294947958967,-30.651925787673928,1.7244349989850916,0.9649932943785812,-6.7902352542944655,-0.1470665905860482,-2.3980154234197797,7,-43.06135600243579,0.0
15.297797172999708,-12.168386337383176,-29.417654607462218,-24.211107499715578,0.9383660488598737,-6.371466786695919,-0.21237840624202997,-2.3980154234197797,7,-43.06135600243579,0.0
15.308126052999796,-14.752637996923943,-28.749496895762473,-49.530170001409715,0.8443633466190101,-4.25732076627005,-0.2574821064011439,-2.3980154234197797,7,-166.07240800338332,0.0
15.317872614999942,-15.31692608325211,-29.075417083669453,-74.44337250242097,0.7728093845425745,-0.6977926865197086,-0.2673307914373484,-2.3980154234197797,7,-166.07240800338332,0.0
15.328450951001287,-13.477221145404405,-30.58861950460744,-48.49944750482973,0.8210543892155945,3.4300161801867306,-0.23522188300670832,-2.3980154234197797,7,-163.59867401159136,0.0
15.338634042000194,-10.27594026467319,-32.78532883676663,-22.484795001466406,0.8928878794717163,5.347475154033511,-0.1793489913568047,-2.3980154234197797,7,-101.16350800351938,0.0
15.349128690000725,-7.121240555065602,-34.98532883685107,3.2106199957779635,0.9017413015639298,5.476501076217636,-0.1242890945124433,-2.3980154234197797,7,-39.494512010132894,0.0
15.359289707001153,-4.007906799418496,-37.18532883688741,29.05849249848689,0.9017416735624126,5.429118744231131,-0.0699511697629207,-2.3980154234197797,7,-39.494512010132894,0.0
15.369792389001304,-1.7509859690761016,-39.00000000010369,49.51642568342997,0.8177836684456905,2.879535278180931,-0.030560470316601585,-2.3980154234197797,7,35.368875488164264,0.0
15.380611098000372,-3.711378157025615,-38.854765807644114,28.000000000000004,0.8177578810202096,-2.9060638683935216,-0.0647757686266961,-2.3980154234197797,7,20.0,0.0
15.390828908000913,-6.162373157536963,-38.482216525135975,28.000000000000004,0.8538648825412866,-4.222922495903616,-0.10755370133553921,-2.3980154234197797,7,20.0,0.0
15.401014164001026,-8.964368831434522,-37.95013402822285,28.000000000000004,0.8765435009323065,-4.912649410523022,-0.15645775147168894,-2.3980154234197797,7,20.0,0.0
15.411380767000082,-12.122766619956268,-37.258948511966274,28.000000000000004,0.8989619111898141,-5.543295124155687,-0.211582191969101,-2.3980154234197797,7,20.0,0.0
15.421683451000717,-15.642107038466447,-36.40947341204257,28.000000000000004,0.9227582398370775,-6.174360312022964,-0.2730062697706188,-2.3980154234197797,7,20.0,0.0
15.43193276599959,-19.52547940134406,-35.40302365716024,28.000000000000004,0.9477284212935166,-6.809812517229162,-0.3407839035837852,-2.3980154234197797,7,20.0,0.0
15.442256966000059,-23.773920357233518,-34.241534462241674,28.000000000000004,0.9733169672096782,-7.446723325472557,-0.41493318634063137,-2.3980154234197797,7,20.0,0.0
15.452199264000228,-28.385854860804894,-32.92766830998689,28.000000000000004,0.9988028122131585,-8.080573099191694,-0.4954266283142821,-2.3980154234197797,7,20.0,0.0
15.462990101001196,-33.35664469008698,-31.46489457864955,28.000000000000004,1.0233358318042725,-8.706006143111324,-0.5821832772599014,-2.3980154234197797,7,20.0,0.0
15.47315970999989,-38.678310024786335,-29.857525015210314,2.3854450025537544,1.0459744185011237,-9.31719741067279,-0.6750638590396512,-2.3980154234197797,7,-41.474931993870996,0.0
15.483487682000487,-43.99806162407407,-28.320595613472634,-23.26455999743484,1.011674095865856,-9.17872453796842,-0.767911039835456,-2.3980154234197797,7,-103.03494399384363,0.0
15.493920648001222,-48.62431595926182,-27.317980848844748,-49.36967750133772,0.902699271865591,-7.920313074562982,-0.8486544100191438,-2.3980154234197797,7,-165.68722600321053,0.0
15.503800705000685,-52.06296348591352,-27.252569083653466,-74.86565249771229,0.7700798072441466,-5.840252417105152,-0.9086701311747754,-2.3980154234197797,7,-165.68722600321053,0.0
15.514196785999957,-54.17480064857778,-28.304973472651646,-99.91664500127808,0.6733655639482735,-3.5807896963267263,-0.9455286429292418,-2.3980154234197797,7,-260.0,0.0
15.524485919000654,-55.19930198479218,-30.347460308920482,-125.76277000086702,0.6300027646756243,-1.8473518376179112,-0.9634095644372644,-2.3980154234197797,7,-260.0,0.0
15.534598805001224,-56.19687690677055,-32.54746030903095,-99.6890875033132,0.6236331452643499,-1.7975658614744499,-0.9808205313611125,-2.3980154234197797,7,-260.0,0.0
15.545271097000295,-57.36493305777987,-34.74746030914125,-73.92661250130186,0.6209605176977108,-2.0581895096242064,-1.0012069570443973,-2.3980154234197797,7,-135.5932220010436,0.0
15.555706367000312,-58.70497613224674,-36.94746030924287,-48.0017250013334,0.6184056783960216,-2.354543455357603,-1.0245951208123918,-2.3980154234197797,7,-73.3734920011193,0.0
15.566003113999614,-60.37677712348935,-39.000000000152816,0.0,0.6275585340048178,-3.2092628401834027,-1.0537735525476801,-2.3980154234197797,7,0.0,0.0
15.576362521000192,-64.41251558138777,-39.00000000000009,25.89083249858959,0.7401752128500537,-6.676489903764466,-1.1242104763873662,-2.3980154234197797,7,20.0,0.0
15.586426928000947,-68.67173214454341,-38.93939299444627,28.000000000000004,0.7558597197003408,-7.428653669071686,-1.1985478289699092,-2.3980154234197797,7,20.0,0.0
15.597218672999588,-73.20962558106206,-38.746506039118685,28.000000000000004,0.75783795591061,-7.938592274987639,-1.2777490105417997,-2.3980154234197797,7,20.0,0.0
15.607842903000346,-78.00675617702444,-38.42513694801504,28.000000000000004,0.7556327813956103,-8.391863532572033,-1.3614747340895013,-2.3980154234197797,7,20.0,0.0
15.618542858001092,-83.04230998618047,-37.97898554487839,28.000000000000004,0.7501352699623418,-8.806267085985557,-1.4493617277206159,-2.3980154234197797,7,20.0,0.0
15.628209435000826,-88.29413721869147,-37.411508895151684,28.000000000000004,0.7412908575033881,-9.181635050358897,-1.5410234046738347,-2.3980154234197797,7,20.0,0.0
15.6387562660002,-93.73872613217596,-36.72576819454458,28.000000000000004,0.7290154016435209,-9.515809783579986,-1.6360494076317196,-2.3980154234197797,7,20.0,0.0
15.649246024000604,-99.35109721968927,-35.92427368630276,28.000000000000004,0.713290162317944,-9.80623302720913,-1.7340037619525617,-2.3980154234197797,7,20.0,0.0
15.659383569000056,-105.10461639472167,-35.00883479868852,28.000000000000004,0.6941568945177705,-10.04999238715175,-1.834421615133505,-2.3980154234197797,7,20.0,0.0
15.669103656000516,-110.97074399490123,-33.98042387315653,28.000000000000004,0.6716998109467075,-10.243733686810348,-1.9368048560987519,-2.3980154234197797,7,20.0,0.0
15.680031899000824,-116.91875750584825,-32.83906351424483,28.000000000000004,0.646028638689432,-10.383623801322116,-2.040617275817885,-2.3980154234197797,7,20.0,0.0
15.68983734700123,-122.91550765207158,-31.583749518460742,28.000000000000004,0.6172690238702561,-10.465417377970873,-2.1452803102889337,-2.3980154234197797,7,20.0,0.0
15.70031571599975,-128.92528586081033,-30.21242283534402,2.8983700010285274,0.5855649379708183,-10.484660100734178,-2.250170727346032,-2.3980154234197797,7,-40.24391199753154,0.0
15.71007289299996,-135.19726724633543,-28.92566139897862,0.0,0.6031097437692577,-11.058165678848237,-2.359637453147241,0.0,6,-40.24391199753154,0.0
15.720346653000888,-142.4313574279418,-28.18457151413257,6.503671439495521,0.739992789708219,-12.83177922171083,-2.4858961452024664,0.0,6,-101.40028000430902,0.0
15.73104807100026,-150.76425691482052,-28.04357048162763,13.039954200194186,0.8960803617510648,-14.543860334869981,-2.631332677486246,0.0,6,9.314253000138706,0.0
15.741281595001055,-159.4711804697973,-28.074421604190924,19.408473629100627,0.9391019446750147,-15.11772918532142,-2.7832971612400406,0.0,6,13.86319544935759,0.0
15.751385327001117,-168.0845865928118,-28.04267234555171,25.886752289552533,0.9082110079237669,-14.997967800572372,-2.9336294578980833,0.0,6,18.49053734968038,0.0
15.762166380000053,-176.46588981297523,-27.898828082694234,32.582699729737215,0.85173878345501,-14.585888277977999,-3.0799107946979385,0.0,6,23.273356949812296,0.0
15.772118175000287,175.51802439824075,-27.5962685039232,38.92516613970656,0.778164964400062,-13.937045885347295,3.0633674223450402,0.0,6,27.8036900997904,0.0
15.782300144999681,168.0016725852813,-27.08456751553917,45.54506564994881,0.6905389081806848,-13.057243278837614,2.932182335470653,0.0,6,27.8036900997904,0.0
15.793346370999643,161.09235373066502,-26.320292491130804,52.21672028919784,0.5963747239240478,-11.991681000870678,2.8115919723874754,0.0,6,37.29765734942703,0.0
15.803444515000592,154.87472294747226,-25.263746071448175,58.64768909947088,0.5020047675438036,-10.780497376473381,2.7030738435474078,0.0,6,41.89120649962206,0.0
15.814007688000856,149.40997743855397,-23.87957476384928,65.21768252920083,0.4129173317764245,-9.464503182593555,2.6076960416332104,0.0,6,46.58405894942916,0.0
15.824538867000228,144.74042451896048,-22.1357110900806,71.78138288987611,0.3328088401845885,-8.07497884147264,2.52619696859019,0.0,6,51.27241634991151,0.0
15.83458084599988,140.85404730515955,-20.02659024131149,78.2272266295513,0.2706184391295472,-6.755376900070535,2.4583668902348803,0.0,6,55.8765904496795,0.0
15.844704836001256,137.27320738213905,-17.826590241267944,84.79026674918714,0.26104416460361046,-6.2629901422076735,2.3958694435913124,0.0,6,55.8765904496795,0.0
15.855240765000417,133.85118962242598,-15.626590241221539,91.23078509988773,0.26265492926914524,-5.960386682933292,2.3361439666225987,0.0,6,65.1648464999198,0.0
15.864853970000695,130.59620204489784,-13.426590241171668,97.54240103922712,0.2654536591992689,-5.66563571292635,2.279333716283219,0.0,6,65.1648464999198,0.0
15.875542255000255,127.51548301675265,-11.226590241118787,104.11635527918406,0.26838647002418514,-5.360703585527204,2.2255650259132453,0.0,6,74.36882519941719,0.0
15.885357201999796,124.6153380006683,-9.026590241062808,110.49046406971684,0.2713036295559981,-5.045095971251054,2.1749479465972694,0.0,6,74.36882519941719,0.0
15.896153204999791,121.90118911800234,-6.82659024100382,117.09320048954397,0.274152054657119,-4.72012105460058,2.1275771122054232,0.0,6,83.63800034967426,0.0
15.906252885000868,119.37763340986967,-4.626590240941734,123.51668741986941,0.27689253612477976,-4.387188752033466,2.083532756241011,0.0,6,88.22620529990672,0.0
15.916624583000157,117.04850624392543,-2.4265902408766205,130.03901882999344,0.27949108617168805,-4.047619354304176,2.04288181849764,0.0,6,92.88501344999531,0.0
15.927041688000827,114.91694829854602,-0.22659024080842996,129.38064682995758,0.2819178254130072,-3.702619173460439,2.0056791141537236,0.0,6,92.41474773568399,0.0
15.937346185000933,112.985479809281,1.9734097592595004,123.00697777993122,0.2841461228856562,-3.353262369548515,1.9719686296175283,0.0,6,87.86212698566516,0.0
15.946833160000097,111.25607262980691,4.17340975932417,116.67582239009649,0.28615262439443984,-3.000502937526599,1.941784780228077,0.0,6,87.86212698566516,0.0
15.956786980999823,109.73020500077602,6.37340975938535,110.42533535004482,0.2879173977697025,-2.645199202430894,1.9151533661518885,0.0,6,83.3398731357832,0.0
15.967103353999846,108.40891493988237,8.573409759443122,104.07793982063454,0.28942324400614267,-2.2881137812086205,1.8920925042154177,0.0,6,74.34138558616752,0.0
15.977444037000168,107.29285581821266,10.773409759497486,97.56207787999159,0.29065508450004746,-1.9299138254238368,1.8726135978953655,0.0,6,69.68719848570828,0.0
15.98826434900002,106.38234604774955,12.973409759548392,90.76684559036806,0.2915996381385047,-1.5711805758716395,1.8567222045292064,0.0,6,64.83346113597719,0.0
15.998144891000265,105.67741114657213,15.173409759596085,84.5156101102097,0.29224519788534936,-1.2124224421786653,1.8444187694914396,0.0,6,60.368292935864076,0.0
16.00904260400057,105.17782160414568,17.37340975964012,77.6787014309943,0.2925813830303193,-0.8540828707865211,1.8356992870675661,0.0,6,55.484786736424496,0.0
16.018907010000476,104.88311811351481,19.573409759680985,71.33825921053216,0.29259911872257854,-0.4965610291448988,1.8305557408389372,0.0,6,55.484786736424496,0.0
16.029443498000546,104.79263554230901,21.773409759718206,64.810778810714,0.292290490948646,-0.14021599438794255,1.8289765220557257,0.0,6,46.293413436224284,0.0
16.039689805000307,104.90551354609069,23.973409759752077,58.33399703047547,0.29164883467936464,0.21461189371084557,1.8309466148747946,0.0,6,41.66714073605391,0.0
16.04985515000044,105.2207029932657,26.17340975978263,51.858622670823415,0.2906687896946891,0.5675923806668538,1.8364477084955393,0.0,6,41.66714073605391,0.0
16.060136385000078,105.73696391433234,28.373409759809874,45.51276812058717,0.28934646720770235,0.9183911334052193,1.8454581613675307,0.0,6,32.50912008613369,0.0
16.070903816000282,106.53536321864192,30.793409759836273,38.74174106081995,0.2874940160628219,1.3013294811563316,1.859392857973365,0.0,6,27.672672186299963,0.0
16.081156969999938,107.36672235130972,32.773409759854864,32.32643972016234,0.2856681736800685,1.6120082244505114,1.8739028121049426,0.0,6,23.090314085830244,0.0
16.09170128200094,108.4766666267814,34.97340975987255,25.754289800605363,0.2833140718894042,1.9540255971874532,1.8932749942255862,0.0,6,18.395921286146688,0.0
16.101689192000777,109.78052419111096,37.173409759886944,19.40553032043539,0.28062213812208503,2.292236486959132,1.9160316017001708,0.0,6,13.861093086025278,0.0
16.11218034400008,110.98879861127732,39.00000000006763,0.0,0.26349665954167084,1.7065038069604284,1.9371199685996991,0.0,6,0.0,0.0
16.121889321000708,110.98647433840758,39.000000000000036,0.0,0.2520777402040185,0.23175391087569336,1.9370794023854074,0.0,6,0.0,0.0
16.132290847999684,111.18021173761099,39.00000000000004,-0.10684920937052311,0.2511981525508143,0.3785742249749525,1.9404607578857576,0.0,6,0.0,0.0
16.142671069001153,111.5688386270164,39.000000000000036,-6.50111421931939,0.25009304068350663,0.6976149480973542,1.947243576667666,0.0,6,-4.643653013799565,0.0
16.153088523000406,112.1402623553988,38.98659065991575,-13.005886269494624,0.24859406159003986,1.0099394011053944,1.9572168021519607,0.0,6,-9.289918763924732,0.0
16.163058969001213,112.86714701423178,38.92834450277242,-19.5269412999383,0.24644560464308443,1.277747187005251,1.9699033327308317,0.0,6,-9.289918763924732,0.0
16.17394033600067,113.7186370633832,38.79169669862225,-25.9580424093852,0.24346455418084761,1.492123300438049,1.9847646376364922,0.0,6,-18.54145886384657,0.0
16.183638624001105,114.66174294679776,38.54316199477158,-32.47487265924207,0.23954155603716693,1.6488269335178452,2.001224940497006,0.0,6,-18.54145886384657,0.0
16.19431817700024,115.66101183636663,38.14918705897007,-38.984309229364555,0.23462944960198012,1.7433181008147787,2.0186654727327307,0.0,6,-27.845935163831825,0.0
16.20434311200006,116.68106511999412,37.57888812307325,-45.21402453934712,0.22881536350251705,1.7756884312737928,2.03646876107781,0.0,6,-32.29573181381937,0.0
16.214548203999584,117.67936415005494,36.79612691245099,-51.68526105921188,0.2221509693648889,1.7342033632807512,2.053892366071837,0.0,6,-36.91804361372277,0.0
16.224602198000866,118.61378635371764,35.76720461860858,-58.217054439830065,0.21495942851197242,1.6187190703093242,2.070201110129492,0.0,6,-36.91804361372277,0.0
16.234959227000218,119.44024951149288,34.45778155723222,-64.72679970955284,0.20766589884274222,1.4262397471744184,2.0846256133790995,0.0,6,-41.58361031416433,0.0
16.245071691000703,120.11712051266768,32.836365533236304,-71.1463699297579,0.2008975099380344,1.161007732278451,2.09643924096087,0.0,6,-46.23342836396631,0.0
16.25573217300007,120.60052339663297,30.86894200666588,-77.69088237908505,0.19533607191237917,0.8196049103282526,2.1048762128997005,0.0,6,-55.49348741363218,0.0
16.265620120000676,121.01308265786137,28.671985379954812,-84.0871715796871,0.19262237126812912,0.7746140624513819,2.1120767303677317,0.0,6,-55.49348741363218,0.0
16.276133137000215,121.60056484737378,26.47198537991183,-90.56496576924616,0.19115659809307542,1.0454619137653298,2.122330228871548,0.0,6,-64.68926126374726,0.0
16.285889685001166,122.3643715791685,24.27198537986543,-96.88437102986569,0.1896234078155145,1.3486826251050246,2.1356611711902636,0.0,6,-64.68926126374726,0.0
16.296305742000186,123.40547724162441,21.85198537981026,-103.269218169427,0.18767410540257506,1.6818192156898393,2.153831892861276,0.0,6,-73.76372726387643,0.0
16.306432176999806,124.41145260741703,19.8719853797621,-109.48410201983421,0.1858602414088812,1.95051320335835,2.1713894751883114,0.0,6,-78.2029300141673,0.0
16.316212196999913,125.68903255393131,17.671985379705173,-115.97421900971455,0.183621637212064,2.2440034969798037,2.1936874517124387,0.0,6,-78.2029300141673,0.0
16.326738695999666,127.13151124525703,15.471985379644721,-122.40404310920128,0.18116189533429808,2.5314423088799307,2.2188634542659313,0.0,6,-87.43145936371519,0.0
16.336731706000137,128.9040540746043,13.051985379574266,-129.00440316894816,0.178221958077454,2.8397301467022795,2.249800162770657,0.0,6,-87.43145936371519,0.0
16.347280977999617,130.49519796577263,11.071985379513373,-135.41750391967213,0.17565287936794166,3.085096625023677,2.2775708625445388,0.0,6,-96.72678851405152,0.0
16.35731918500096,132.4072656719938,8.871985379442036,-141.86849664904145,0.17264857587562116,3.3496856690027794,2.310942739539154,0.0,6,-96.72678851405152,0.0
16.367645825999716,134.4659053279166,6.671985379366989,-148.394128629499,0.1695128230352087,3.604962669027986,2.3468727796471303,0.0,6,-101.33464046360103,0.0
16.378215147000446,136.66528791683646,4.471985379288135,-154.91214768910282,0.1662756179335013,3.8500180160349937,2.385259247334819,0.0,6,-110.65153406364487,0.0
16.387837362999562,138.99904464068487,2.2719853792057663,-161.1563851299266,0.1629694952488907,4.083908726042494,2.4259909861065294,0.0,6,-110.65153406364487,0.0
16.398215278000862,141.46026006717833,0.07198537911924907,-167.6860661196784,0.159629573155537,4.3056797627853065,2.4689472988997165,0.0,6,-115.11170366423329,0.0
16.409057525001117,144.04145881298143,-2.1280146209712503,-174.29456766898653,0.15629251949939715,4.514354866063319,2.513997715662329,0.0,6,-124.49611976356181,0.0
16.419204218000232,146.73460432655236,-4.328014621065486,-180.66801621962583,0.15299618136790116,4.708955433094345,2.5610019721094552,0.0,6,-129.04858301401845,0.0
16.429502638000486,149.5311121097875,-6.528014621164124,-187.22309061984703,0.14977937282404014,4.888526109575949,2.6098102404845562,0.0,6,-133.73077901417645,0.0
16.439319682000132,152.4218571248598,-8.728014621266937,-193.59768387898072,0.1466803294148332,5.052126790758841,2.660263258833181,0.0,6,-133.73077901417645,0.0
16.449778071000765,155.397199044273,-10.92801462137387,-200.19056205992598,0.1437363607879621,5.198861031737599,2.7121927716995495,0.0,6,-138.28405991355766,0.0
16.460090741000386,158.44701468139345,-13.128014621485057,-206.44632975971174,0.1409829745254392,5.327890682131418,2.76542209614611,0.0,6,-147.46166411407984,0.0
16.470090177999737,161.56073907782846,-15.328014621600342,-199.9353963093759,0.13845292201644546,5.438448956971379,2.8197668388635737,0.0,6,-147.46166411407984,0.0
16.48092739599997,164.72738361080891,-17.52801462171322,-193.3387771896028,0.13617253558940076,5.529790015799987,2.875035212204361,0.0,6,-138.099126564002,0.0
16.491318235001017,167.93558701738925,-19.728014621822844,-186.86093889993714,0.13416453258780903,5.601287568832998,2.9310289247228862,0.0,6,-133.4720992142408,0.0
16.501645714000915,171.17371907231112,-21.928014621929197,-180.3064806395028,0.13244862284532302,5.652474305453724,2.9875449906956426,0.0,6,-128.79034331393058,0.0
16.51208838599996,174.42995376615346,-24.128014622032154,-173.6968350096882,0.13103943613810407,5.6830148913620055,3.044377007320861,0.0,6,-124.06916786406299,0.0
16.521870642000067,177.69235009289406,-26.328014622131985,-167.33861356017002,0.12994627919650126,5.692715823129849,3.101316564727453,0.0,6,-124.06916786406299,0.0
16.532550334000916,-179.051075739032,-28.52801462222797,-160.84893693992996,0.12917207279037968,5.681510744255478,-3.1250308008838474,0.0,6,-114.89209781423568,0.0
16.542560948000755,-175.8122585706389,-30.728014622320366,-154.28246394964077,0.12871467201685602,5.649491406982757,-3.0685027774252682,0.0,6,-114.89209781423568,0.0
16.55289031400025,-172.603005356611,-32.92801462240904,-147.78578992034596,0.12856621445882274,5.596888175673187,-3.012490742310271,0.0,6,-110.20175996402912,0.0
16.563407662000827,-169.4349149165293,-35.128014622493986,-141.38879637974384,0.128713697119215,5.5240710328617135,-2.957197133129889,0.0,6,-100.99199741410274,0.0
16.57342658900052,-166.31930127302337,-37.328014622575196,-134.8712617898869,0.12913947395404432,5.431542925138619,-2.902819416830654,0.0,6,-100.99199741410274,0.0
16.583826509000573,-162.17746102624426,-39.000000000007844,0.0,0.31316068663127844,8.578010312511212,-2.830530667432744,0.0,6,-96.33661556420492,0.0
16.593908934000865,-154.6783929210519,-39.000000000000284,0.0,0.6701200718861,12.573969130893092,-2.6996472381658454,0.0,6,0.0,0.0
16.604640809000557,-146.57435437929664,-39.00000000000034,0.0,0.719130702505456,12.788943326722105,-2.5582050829036955,0.0,6,0.0,0.0
16.615232133999598,-139.36364208720124,-39.00000000000038,0.0,0.7260587984942081,12.564182768016558,-2.432354411992604,0.0,6,0.0,0.0
16.624935173000267,-133.01903274687692,-39.0000000000004,0.0,0.7299445463631562,12.300975767574826,-2.321620089251159,0.0,6,0.0,0.0
16.634788542000024,-126.14699005650301,-39.0000000000004,0.0,0.7345637980211162,11.975228575584968,-2.201680317966525,0.0,6,0.0,0.0
16.64528151000013,-119.4764056123549,-39.0000000000004,0.0,0.7396693924393676,11.622776562363285,-2.085256656383825,0.0,6,0.0,0.0
16.655554991000827,-113.01958350122327,-39.00000000000038,0.0,0.7451178993592933,11.249047117752347,-1.9725638513290067,0.0,6,0.0,0.0
16.666011634000824,-106.78599658619511,-39.00000000000035,0.0,0.7507485203163464,10.859014487139026,-1.8637672354525294,0.0,6,0.0,0.0
16.676150084000255,-100.78239155157551,-39.00000000000033,0.0,0.7564208090982616,10.457422902461712,-1.7589845606091092,0.0,6,0.0,0.0
16.686152453999966,-95.01295330321165,-39.0000000000003,0.0,0.7620189907193502,10.048722289974656,-1.6582888671846654,0.0,6,0.0,0.0
16.696225236000828,-89.47951284573941,-39.00000000000026,0.0,0.7674515025337941,9.636997791963822,-1.5617121122387136,0.0,6,0.0,0.0
16.70691428600003,-84.18178348629692,-39.00000000000023,0.0,0.772649148623523,9.225921896556875,-1.469249292036872,0.0,6,0.0,0.0
16.717037084001277,-79.11761179425827,-39.0000000000002,0.0,0.777562576112409,8.818729629253337,-1.3808628221245052,0.0,6,0.0,0.0
16.727125584000532,-74.28323183879871,-39.00000000000016,0.0,0.782159440044363,8.418213504400823,-1.2964869746093193,0.0,6,0.0,0.0
16.737263680999604,-69.67351353287263,-39.000000000000135,0.0,0.7864215175133724,8.026734267926928,-1.216032212581454,0.0,6,0.0,0.0
16.747494757000823,-65.28219819996849,-39.00000000000011,0.0,0.7903419529343789,7.646243472532099,-1.1393893015289658,0.0,6,0.0,0.0
16.758063585000855,-61.102116585734244,-39.000000000000085,0.0,0.7939227494829966,7.278314244779889,-1.0664331143584986,0.0,6,0.0,0.0
16.768068257000778,-57.125386362545484,-39.000000000000064,0.0,0.7971725680823517,6.924177091138969,-0.9970260785002858,0.0,6,0.0,0.0
16.778429613999833,-53.34358767756626,-39.00000000000004,0.0,0.8001048552718901,6.58475815161888,-0.9310212397998066,0.0,6,0.0,0.0
16.78880710700105,-49.7479164702109,-39.00000000000003,0.6205116204895944,0.8027362936203218,6.260717876119025,-0.8682649384122958,0.0,6,0.443222586063996,0.0
16.799322914001095,-46.33008788554892,-38.9994588549728,7.195036010433285,0.8049985002631503,5.950740618369883,-0.8086125763411665,0.0,6,5.139311436023775,0.0
16.80954784200003,-43.10728316364303,-38.980942864224374,13.728059779785726,0.8043730655899555,5.601148816396787,-0.7523640227950885,0.0,6,9.805756985561231,0.0
16.819776193000507,-40.12930812380338,-38.90759748776575,20.172932690273626,0.799263973749992,5.168126955185487,-0.7003885533076772,0.0,6,14.409237635909733,0.0
16.829742445001102,-37.45123186995134,-38.742559745873514,26.672509759808634,0.7900031306893347,4.639182802697497,-0.6536473050584837,0.0,6,14.409237635909733,0.0
16.840071249000175,-35.13256274193291,-38.448865969092004,51.53277976012618,0.777506937202533,4.006035219874068,-0.6131788945102161,0.0,6,78.7164406863397,0.0
16.850209905000156,-33.574083994836755,-37.79841772746308,77.123039762117,0.7450801557888636,2.536911152611896,-0.5859783090510322,0.0,6,140.13306469111768,0.0
16.860583137000503,-33.612198198292376,-36.32276612331475,51.19275226468603,0.7196397993167643,-0.33456800738368997,-0.5866435273931079,0.0,6,77.90037469728333,0.0
16.870854728000268,-35.024712426707,-34.14269427703223,28.000000000000004,0.7349567427323105,-2.3031818596526685,-0.6112965514102102,0.0,6,20.0,0.0
16.881306827001026,-36.586263677983645,-31.942694277012055,28.000000000000004,0.7368755608005868,-2.710807185981746,-0.638550762183625,0.0,6,20.0,0.0
16.89135914200051,-38.26557978401203,-29.742694276996414,2.7965650021797073,0.7350471399263552,-2.9391684827057594,-0.6678603574155906,0.0,6,-40.48824399476871,0.0
16.901208665000013,-39.83708933585192,-27.6803988926157,-23.332984999135075,0.7220588576004143,-2.662097954884965,-0.6952883733217372,0.0,6,-40.48824399476871,0.0
16.911539353999615,-40.68176149150135,-26.137897650948748,-49.037287501298124,0.6967119883003051,-1.2979441940867356,-0.7100306835377377,0.0,6,-103.19916399792419,0.0
16.92218376600067,-40.12747263114876,-25.53631743305054,-50.20509920877898,0.6979962978192062,1.1792335570904968,-0.700356517917458,0.0,6,-103.77631600611494,0.0
16.93269230900114,-38.1043807722563,-25.914714001335977,-23.770979208802736,0.7527006631526221,3.589076275285786,-0.665046903909492,0.0,6,-40.33442800617195,0.0
16.942903823999586,-35.18443579713838,-26.909552731807445,2.1383482920099173,0.8150149591178474,5.047421830671359,-0.6140842501166204,0.0,6,21.847957995778415,0.0
16.953131127000233,-32.23292256556299,-28.00259481318048,27.276993292889394,0.8253259739514182,5.024937340538468,-0.5625706263094519,0.0,6,82.18070599788916,0.0
16.963392380001096,-30.10284261022705,-28.714070673668857,52.78115828905343,0.781262228606428,3.5137791285304902,-0.5253937177581061,0.0,6,143.39070198868285,0.0
16.973942278000322,-29.675698672446178,-28.569427858456027,26.72216328510317,0.7341816410848606,0.46049033422313557,-0.517938649663896,0.0,6,80.84911397920223,0.0
16.98455651200129,-31.028324575107764,-27.524990828796074,-0.0678717139636742,0.7515950102573848,-2.3949171484664533,-0.541546425213101,0.0,6,16.553029981441796,0.0
16.994748188000813,-33.31173262953644,-26.030340202892035,-25.474414213658882,0.7816042240799226,-3.913998529243103,-0.5813994139294394,0.0,6,-44.4226720178267,0.0
17.00495453500116,-35.56542336263371,-24.612772431787242,-51.1539167143384,0.7693760897205797,-3.8005775915263125,-0.6207337375436714,0.0,6,-106.05347801945754,0.0
17.0147515259996,-36.97079419100388,-23.747031413711916,-76.91934171243715,0.7262933665026584,-2.2576789758932363,-0.6452620857102112,0.0,6,-106.05347801945754,0.0
17.025158987000395,-36.849560508780016,-23.841509215601153,-102.05396921146543,0.7071526186392705,0.43274385836785406,-0.643146158791088,0.0,6,-168.19016821228942,0.0
17.035148013001162,-34.88583689640233,-25.081727007103982,-76.40485171004924,0.7661220096824235,3.5999627136704393,-0.6088727161559406,0.0,6,-168.19016821228942,0.0
17.04551796099986,-31.51437418067733,-27.200000445532496,-50.526086710033404,0.8588752651428997,5.743490055115253,-0.5500295911583097,0.0,6,-106.63228620889058,0.0
17.055817705000663,-28.123836229739464,-29.400000445571827,-24.663909210812697,0.8761546178152991,5.8669616623947745,-0.490853540500622,0.0,6,-44.523250208852545,0.0
17.066103617000408,-24.967245336793003,-31.53780994154361,0.37693579206448113,0.86686457148992,5.448271508804229,-0.4357606362802384,0.0,6,77.64400379618237,0.0
17.076132809001138,-22.600524742832775,-33.324101194545776,25.46214329076961,0.8163575575339138,3.9271888619995035,-0.3944535694408766,0.0,6,137.8485017930747,0.0
17.086215231000097,-21.96205472368177,-34.283632919530206,33.439099189144784,0.7590122243665602,0.8197574083316278,-0.3833101654314204,0.0,6,137.8485017930747,0.0
17.09702024100079,-23.129276155586297,-34.37499025119346,28.000000000000004,0.7703230443819826,-2.065417671592763,-0.4036820225179971,0.0,6,20.0,0.0
17.10734010300075,-25.164136662901136,-34.065803853966514,28.000000000000004,0.7964162615826286,-3.4949112095401142,-0.4391970381894432,0.0,6,20.0,0.0
17.11778689300081,-27.586049940090124,-33.59818372997852,28.000000000000004,0.812465741435601,-4.250741236385881,-0.48146739907415714,0.0,6,20.0,0.0
17.128176051999617,-30.392047354400376,-32.97355878130679,28.000000000000004,0.8280708707689162,-4.929324220224661,-0.5304412927563185,0.0,6,20.0,0.0
17.138680264000868,-33.57789560309003,-32.19378173091104,28.000000000000004,0.8444320077776286,-5.592628220379688,-0.5860448341648481,0.0,6,20.0,0.0
17.14929519600082,-37.13772692172291,-31.261194232868604,28.000000000000004,0.8611995082512818,-6.2446677029514,-0.6481756114906032,0.0,6,20.0,0.0
17.159298332000617,-41.06371851168594,-30.178677141700167,2.4785450002382303,0.8777507322093743,-6.882753296403762,-0.7166970911410653,0.0,6,-41.251491999428254,0.0
17.16979437000009,-45.0835725910485,-29.116450507397452,28.44760000037059,0.8605173259275921,-6.911107735791894,-0.7868567802756674,0.0,6,21.074240000889404,0.0
17.18024926399994,-49.07307532648941,-28.155263635531846,39.758712889941705,0.8484064880281776,-7.05242587759568,-0.8564867385264314,0.0,6,28.399080635672647,0.0
17.191091087999666,-53.44709387172672,-27.019040611508892,46.405368499707436,0.8621457589421404,-7.681896414821283,-0.9328277636841151,0.0,6,33.14669178550531,0.0
17.20093097100107,-58.24379371050747,-25.666963614026862,52.829601350166236,0.8819712856347364,-8.412027091003312,-1.0165459691007204,0.0,6,37.73542953583302,0.0
17.21113871400121,-63.47072440096269,-24.070793267161083,59.39043835989509,0.9033093461297531,-9.16026628579534,-1.1077731194227045,0.0,6,42.42174168563935,0.0
17.22083197000029,-69.11893250784748,-22.203794983698096,65.67608696053725,0.9236874346060244,-9.892226526854188,-1.2063529477256798,0.0,6,42.42174168563935,0.0
17.231606174000262,-75.14814406903115,-20.062908660039838,72.14736568966913,0.9369590042449856,-10.53540184512148,-1.3115825407676425,0.0,6,51.53383263547795,0.0
17.24186351500066,-81.39187061324681,-17.862908660006347,74.8831085595897,0.9268443903922192,-10.905407749214982,-1.420556126558373,0.0,6,53.48793468542121,0.0
17.252243244000056,-87.81379508644618,-15.662908659971734,68.41988311865987,0.9112314721033576,-11.223440923319675,-1.5326398529301044,0.0,6,48.87134508475705,0.0
17.26266020500043,-94.41531371407743,-13.462908659940306,61.901602608669585,0.8946358229670143,-11.53738421424906,-1.647858088614007,0.0,6,44.21543043476399,0.0
17.27296728300098,-101.1951326570282,-11.262908659912428,55.41681289974929,0.8777275766464796,-11.848126811985168,-1.7661882518575798,0.0,6,39.58343778553521,0.0
17.283265490001213,-108.1490576290088,-9.062908659887963,48.93699640923058,0.860777553355808,-12.151196376507391,-1.8875571385552956,0.0,6,34.9549974351647,0.0
17.293065555000794,-115.26983207278555,-6.862908659866777,42.62881522909209,0.8440360416327461,-12.441306716724238,-2.0118380978910677,0.0,6,30.449153735065778,0.0
17.30316467299963,-122.54703587449647,-4.662908659848684,36.320458278807,0.8277678967124557,-12.71294494208923,-2.138849264569572,0.0,6,25.943184484862144,0.0
17.31364876600128,-129.9670606067884,-2.462908659833569,29.797644918909448,0.8122472038461004,-12.960557544007019,-2.268353126727477,0.0,6,21.28403208493532,0.0
17.324376096999913,-137.5131749334313,-0.26290865982144523,23.238127758687714,0.7977454541134397,-13.178714205792371,-2.40005766745931,0.0,6,16.59866268477694,0.0
17.334581814000558,-145.16569158833713,1.9370913401877319,16.63939876916755,0.784517980117771,-13.362286229678057,-2.53361927915112,0.0,6,11.885284835119677,0.0
17.344810095000867,-152.902241397717,4.137091340194001,10.12516726961747,0.7727899876496124,-13.506632489247211,-2.668647546069338,0.0,6,7.23226233544105,0.0
17.355255976999615,-160.6981523044667,6.337091340197447,16.72592108007064,0.7627435916747446,-13.607781803697494,-2.8047118595842573,0.0,6,11.947086485764743,0.0
17.365774019999662,-168.52695629438105,8.537091340204794,23.270475109531056,0.754514650534439,-13.662666909727587,-2.9413502657015314,0.0,6,16.621767935379324,0.0
17.375849736001328,-176.36095242983555,10.73709134021687,29.76411065030459,0.7481766412325762,-13.669175604541564,-3.078079291853724,0.0,6,21.260079035931852,0.0
17.38630267299959,175.82822460443245,12.937091340233653,36.24133028021004,0.7437342441148311,-13.626211455451644,3.0687814372834508,0.0,6,25.886664485864316,0.0
17.396604024001135,168.06897401615694,15.137091340255038,29.641060310369888,0.7411289031295213,-13.533772173030085,2.9333569670307362,0.0,6,21.17218593597849,0.0
17.40723215900107,160.38913463842997,17.33709134027417,23.18632915985416,0.7402379660892952,-13.392874428766728,2.799318483865088,0.0,6,16.561663685610114,0.0
17.417206793999867,152.8153947962033,19.537091340290246,16.678302530291493,0.7408953661841107,-13.20559097585514,2.6671317869287563,0.0,6,11.913073235922496,0.0
17.42763695800022,145.37271533779622,21.737091340303145,10.088199500079446,0.7429064522021321,-12.974966447077604,2.5372325252090047,0.0,6,7.205856785771033,0.0
17.438230654999643,138.08387884236672,23.937091340312737,3.4980958407335323,0.7460564646765999,-12.704827521979995,2.4100183297242355,0.0,6,2.4986398862382373,0.0
17.44863902399993,130.969137547838,26.137091340318936,-3.004693600067748,0.7501228746574949,-12.399605636232414,2.2858426687071054,0.0,6,-2.1462097143341055,0.0
17.458944285999678,124.04596813028677,28.33709134032174,-9.625119160190133,0.7548866773336409,-12.064150406799994,2.1650105676974585,0.0,6,-6.875085114421523,0.0
17.469232224000734,117.32369876639837,30.532426765923717,-16.065107679331614,0.7612180445764692,-11.71469527394537,2.047684834091661,0.0,6,-11.475076913808294,0.0
17.47970185700069,110.79507417237176,32.701967214396035,-22.56754494955987,0.7711094762542223,-11.380047353712975,1.9337388392992185,0.0,6,-16.119674963971335,0.0
17.490109317999668,104.4485631691014,34.8112944670193,-29.137712259742894,0.7839324362705372,-11.06165061248377,1.8229713262781022,0.0,6,-20.812651614102066,0.0
17.50046522500088,98.28528622338861,36.825410083875134,-35.57409151009654,0.7972313938933799,-10.739844632887024,1.715401850863154,0.0,6,-25.410065364354665,0.0
17.5105382870006,92.31939299457675,38.708973758148716,-42.13149627945187,0.8085052989391537,-10.392133114591728,1.6112773711979518,0.0,6,-30.093925913894196,0.0
17.52087756900073,86.50108947821941,38.94810249557596,-48.64242720981439,0.8268335951191232,-10.1302220579286,1.5097288179571526,0.0,6,-34.74459086415314,0.0
17.53140874500059,80.93332907233956,38.699396117100086,-55.152037659244,0.8294406367764232,-9.685102072695305,1.4125530669123734,0.0,6,-39.39431261374571,0.0
17.54139839799973,75.68095958710248,38.210463182790235,-61.49080533965263,0.8229383038369853,-9.13084792684601,1.3208819258637066,0.0,6,-43.922003814037595,0.0
17.551917279000918,70.80499192011858,37.4428629257106,-68.12993496936417,0.8082100922234059,-8.4675130188037,1.235780235854051,0.0,6,-48.66423926383155,0.0
17.56237091500043,66.37481491725013,36.35714116753582,-74.71185240990837,0.7857217567825201,-7.682231989147792,1.1584590607078624,0.0,6,-53.36560886422026,0.0
17.572850467000535,62.466221157024314,34.91257929097088,-81.3062249499477,0.756835751134736,-6.764621673163107,1.090241230469016,0.0,6,-58.07587496424836,0.0
17.583444163999957,59.158052305823226,33.068403231646734,-87.91467987917588,0.7239692965531062,-5.709574482778588,1.0325027918036387,0.0,6,-62.79619991369705,0.0
17.593665878999673,56.405581518038886,30.89156818691869,-94.46724372930349,0.7026154018046192,-4.824323738818727,0.9844631139918398,0.0,6,-67.47660266378821,0.0
17.60408416700011,53.86652786978155,28.691568186869077,-101.04088800910051,0.7021024366405221,-4.424833391443548,0.9401482679449753,0.0,6,-72.17206286364322,0.0
17.61410979700122,51.50865202741686,26.491568186815645,-107.53848372982122,0.703911582301696,-4.101317319970017,0.8989955711424766,0.0,6,-72.17206286364322,0.0
17.62452647899954,49.32583299565559,24.291568186758443,-104.62622547667783,0.7057712375209958,-3.79545716244742,0.8608981920630479,0.0,6,-76.81320266415801,0.0
17.635252412999762,47.31213286947453,22.091568186702006,-98.0492806265473,0.7074678998112514,-3.5006827314873585,0.8257524947133632,0.0,6,-70.03520044753378,0.0
17.645190862000163,45.46185637019176,19.891568186648634,-91.79171049720102,0.7089912035434167,-3.215903624581042,0.7934590777286044,0.0,6,-65.56550749800073,0.0
17.655080413000178,43.76957425910912,17.69156818659842,-116.86259549616884,0.710351008500041,-2.940582806334449,0.7639231830176119,0.0,6,-125.73563149552348,0.0
17.665586789000372,42.22998575378345,15.49156818650732,-142.79235799687817,0.7115666201566684,-2.674550553749622,0.7370522944738207,0.0,6,-187.96706149722587,0.0
17.675940462000653,40.83798980907537,13.29156818639477,-168.75407799954777,0.712648659121478,-2.4173265899554313,0.7127573820642557,0.0,6,-250.27518950363293,0.0
17.68639633100065,39.58898299038221,11.091568186280055,-194.42449549853413,0.7136000070987079,-2.1680937123129236,0.6909581006982002,0.0,6,-243.18365500449977,0.0
17.69663858000058,38.4787835345947,8.891568186165062,-220.465145498675,0.7144259379696177,-1.9261401837204968,0.6715814648408589,0.0,6,-227.31530656159725,0.0
17.706773600000815,37.5035664156692,6.691568186049819,-246.54037300035347,0.7151326271849882,-1.6908316137474755,0.6545607151937958,0.0,6,-227.31530656159725,0.0
17.7175372519996,36.65987028761721,4.491568185934366,-271.58575161386074,0.7157252353787317,-1.461531842818171,0.6398354398729609,0.0,6,-193.9898225813291,0.0
17.727987670999937,35.94460189790835,2.2915681858187313,-246.96958709030744,0.7162077255081889,-1.2375982383527826,0.6273516514371034,0.0,6,-176.40684792164816,0.0
17.738126394000574,35.35503849293174,0.09156818570294889,-221.36898455977573,0.7165828500847289,-1.0183841922689016,0.6170618288709928,0.0,6,-158.12070325698264,0.0
17.74857094500112,34.88882865021964,-2.108431814412953,-195.6157920607795,0.7168521533806516,-0.8032417363501517,0.6089249321104617,0.0,6,-139.05840833007795,0.0
17.75896673600073,34.544023212272656,-4.308431814521364,-169.7235870573779,0.7170155317588883,-0.5914563743647492,0.6029069419395059,0.0,6,-119.13524690567998,0.0
17.76933060400006,34.319106959727314,-6.508431814615174,-144.12267955998615,0.717071759990556,-0.38227893968490734,0.5989814127913426,0.0,6,-98.25960849077114,0.0
17.779340233000767,34.21296700782397,-8.708431814693002,-119.23587456061723,0.717019015181465,-0.17501640202893723,0.5971289211627209,0.0,6,-76.34235273879906,0.0
17.789253111999642,34.22486219302522,-10.908431814754026,-94.20621205885182,0.7168545192268359,0.03098410514914319,0.5973365313096171,0.0,6,-53.292499979874805,0.0
17.799770034000176,34.35442037719589,-13.108431814797358,-68.18512206103988,0.7165742713883498,0.2363668211484067,0.5995977481963006,0.0,6,-29.016527373547632,0.0
17.81013474000065,34.6016353277407,-15.308431814822072,-41.89281956081614,0.7161729943697189,0.4417700866863973,0.6039124630434625,0.0,6,-3.420944442441481,0.0
17.82014401900051,34.96686315282102,-17.50843181482716,-16.357927058779033,0.7156440915315982,0.6478259281389046,0.610286891111012,0.0,6,23.59066123763776,0.0
17.830392834999657,35.311227806637554,-19.628924799327578,9.614437938181064,0.7138423682600845,0.5555219954609067,0.6162971881476009,0.0,6,23.59066123763776,0.0
17.841375205000077,35.46777306390457,-21.57357402625389,3.2113874092691335,0.7122460891979898,0.2544810357057515,0.619029418315292,0.0,6,2.2938481494779523,0.0
17.851319519000754,35.56770292424975,-23.416368413364903,5.532939851062809,0.7117649586077414,0.20946937760196033,0.6207735233993734,0.0,6,3.9520998936162925,0.0
17.86182365700006,35.75735216894376,-25.24081082299301,31.345286903867187,0.7112906013460221,0.3385232379951336,0.6240835271432044,0.0,6,22.389490645619418,0.0
17.872168664000128,35.91387806223508,-26.976146024014476,27.196738177755563,0.7104266470259307,0.23561046210479672,0.6268154193457631,0.0,6,19.42624155553969,0.0
17.881936452000446,35.92084941641789,-28.55479517360273,4.504142389641061,0.7101766136159542,0.002425611783002851,0.6269370924295758,0.0,6,19.42624155553969,0.0
17.892566820000866,35.89823165353992,-30.045370041830825,9.548166149438583,0.7102679469387565,-0.01124640277180953,0.62654233799792,0.0,6,6.820118678170417,0.0
17.903062784000213,35.94323452826725,-31.50390051133502,35.49014365057239,0.7101120914540814,0.07979121163182844,0.6273277863347744,0.0,6,53.35320526807987,0.0
17.913151840000864,35.74986360282794,-32.75431336564464,10.068766150875419,0.711659628821096,-0.446500987748661,0.62395282700823,0.0,6,5.280688583529432,0.0
17.923890482999923,35.26579699264253,-33.766162462036306,36.057721149741084,0.7152558321770055,-0.7855155213571728,0.6155042708615266,0.0,6,26.484972487370182,0.0
17.933639201000915,34.714299235088646,-34.66911542475711,34.48512615570006,0.7189822148780811,-1.0035752595513983,0.6058788191748459,0.0,6,26.484972487370182,0.0
17.944274528001188,33.945902350655906,-35.37962314792743,30.183414998293635,0.7253130106792306,-1.3593778835184043,0.5924677635794282,0.0,6,21.55958214163831,0.0
17.954515100000208,32.98843107760875,-35.9157926203912,28.000000000000004,0.7328601212311179,-1.682456862136665,0.5757567373714938,0.0,6,20.0,0.0
17.965094402999966,31.86872933944105,-36.295619469837604,28.000000000000004,0.7411085432177787,-1.9658923508429056,0.5562142554001639,0.0,6,20.0,0.0
17.97537381500115,30.59167953324811,-36.52522687298189,28.000000000000004,0.7503168095737953,-2.2434702164180558,0.5339255315701417,0.0,6,20.0,0.0
17.98580816700087,29.14923805457222,-36.604043020024214,28.000000000000004,0.7607729629972803,-2.533222699827986,0.5087501784999118,0.0,6,20.0,0.0
17.996182304001195,27.53233513520346,-36.531423883035146,28.000000000000004,0.7725932727809695,-2.8386851162933167,0.4805298988718185,0.0,6,20.0,0.0
18.006245442000363,25.73085336964444,-36.30664921388662,28.000000000000004,0.7858808447618899,-3.16187867488115,0.449088110648173,0.0,6,20.0,0.0
18.016740429000492,23.733623011871966,-35.928923877976324,28.000000000000004,0.800743766313838,-3.504653487210854,0.41422986498425907,0.0,6,20.0,0.0
18.02709088499978,21.528448822257253,-35.397389943022425,28.000000000000004,0.8172947564081884,-3.8687968286670693,0.3757423147954846,0.0,6,20.0,0.0
18.037322934000258,19.10215967079297,-34.71114173016317,28.000000000000004,0.8356473458470001,-4.256002608653032,0.33339558049701346,0.0,6,20.0,0.0
18.047365955000714,16.440699412193105,-33.86924976507705,28.000000000000004,0.8559094458918116,-4.667800237688061,0.28694433607346603,0.0,6,20.0,0.0
18.057600309999543,13.52927365142948,-32.870796595222,28.000000000000004,0.8781738153937821,-5.105455681698637,0.23613037062076003,0.0,6,20.0,0.0
18.068281531999673,10.352569282790926,-31.71492787529323,28.000000000000004,0.9025045452120573,-5.569842747833015,0.1806864200255296,0.0,6,20.0,0.0
18.078645679001056,6.895064722515668,-30.40092229528437,2.2115300023215267,0.9289186594898579,-6.061283266049332,0.1203415815460076,0.0,6,-41.89232799442834,0.0
18.08887193100054,3.616605575865393,-29.150851138733497,-23.83872249745036,0.9076185029758426,-5.558776216751543,0.06312167504483668,0.0,6,-104.41293399388087,0.0
18.09932479500094,1.5674938067268707,-28.461801419814904,-49.52135999908205,0.8284378508509582,-3.3084999925435064,0.027357927932003534,0.0,6,-166.05126399779692,0.0
18.10949320600048,1.676234135907612,-28.77260002994504,-75.49232749831572,0.7856276061122528,0.49887927619928873,0.029255804705909938,0.0,6,-103.72094199963612,0.0
18.120021025000824,4.003503687134503,-30.1164304354854,-49.36819999990985,0.8527586226679174,4.150787995265627,0.06987432095623003,0.0,6,-41.02303600346204,0.0
18.130402705999586,7.6232730562820015,-32.06301452042652,-23.74127250029414,0.9386429194305986,6.271185171201161,0.13305121461069191,0.0,6,20.48158999561565,0.0
18.141000659999918,11.47821354415299,-34.11462277843664,2.3517675005932714,0.9507176469989609,6.5910066256284985,0.2003326185924772,0.0,6,83.10488599774544,0.0
18.151218390001304,14.542529376506442,-35.77765788025815,28.409007502639728,0.8772505000281352,5.124021826561792,0.2538150191880355,0.0,6,145.64226200265693,0.0
18.161732028000188,15.814519293159067,-36.55816437839569,54.59478000168747,0.7845688105676675,1.9119072283478107,0.2760154312857921,0.0,6,171.35536533478452,0.0
18.171935577000113,14.726899430590391,-36.17080013816606,28.693667502673637,0.7899638273112783,-2.124544163056865,0.25703288367388044,0.0,6,109.19269533715132,0.0
18.182438178000666,11.536155252456942,-34.74080119493058,28.000000000000004,0.9051529790057695,-5.663037348692604,0.2013438921766113,0.0,6,47.10966332950201,0.0
18.192542881000918,7.059623475693863,-32.670118996853006,28.000000000000004,1.0225942679137034,-7.758368597979468,0.1232136736019438,0.0,6,20.0,0.0
18.20298324000032,2.3566178705569887,-30.470118996834934,2.037065003358296,1.0501368826428088,-8.14967414716938,0.041130741052556985,0.0,6,-42.311043991940096,0.0
18.21338077800101,-1.9876744097305976,-28.423045770558147,-23.473202497618328,1.0062257460075053,-7.444156240902421,-0.034691462907433745,0.0,6,-103.535685994284,0.0
18.22380262600018,-5.119627483005357,-26.93598364919682,-49.39963749827439,0.8917051679001061,-5.207461620885458,-0.08935435605403352,0.0,6,-165.75912999585853,0.0
18.23364362400025,-6.1318352406808465,-26.443613508002006,-75.31314749691956,0.7911030674613422,-1.4618555907748352,-0.10702071413969971,0.0,6,-165.75912999585853,0.0
18.244133651000084,-4.60916728614291,-27.148468238621177,-49.672597494711226,0.8168644941826951,2.8867586698153476,-0.08044514491840538,0.0,6,-132.19284422665606,0.0
18.254200841000056,-0.7146194516759912,-28.974776978574535,-24.629312494900656,0.9763911498655934,6.921373974805247,-0.012472462330542555,0.0,6,-72.0889602271107,0.0
18.264328246999867,3.9578476918084218,-31.17477697863682,1.4237350048715625,1.0410374775048397,8.018312046634955,0.06907747351451476,0.0,6,-72.0889602271107,0.0
18.27503517600053,8.622611993517898,-33.37477697864921,27.378285006059745,1.0446725371305983,8.128771751982258,0.15049296940883927,0.0,6,52.72927377519426,0.0
18.28526512999997,12.895255244477232,-35.38443317882788,52.98984500562074,0.9879647566983962,7.298308208680335,0.225064661901194,0.0,6,114.19701777414065,0.0
18.295444858000337,15.858024991386023,-36.75337110046755,78.66654500296863,0.8663007023667773,4.9100600272108,0.2767747489632315,0.0,6,175.8210977677756,0.0
18.306764562001263,16.73534237465655,-37.09021291328815,106.14587250322802,0.7745436242549689,1.2613191419615155,0.2920868258862832,0.0,6,150.47074821686292,0.0
18.317077644000165,15.233357811734942,-36.241698983915796,80.05580000165355,0.803184859129678,-2.83603375113501,0.26587224994917324,0.0,6,87.85457421308419,0.0
18.327434177001123,11.70484846282365,-34.38279169473852,53.90635000160546,0.9294895993641584,-6.18161191583266,0.2042881441232698,0.0,6,25.095894212968773,0.0
18.337485510000988,7.524019724350493,-32.18279169471579,28.000000000000004,0.9866406915485307,-7.1627375023387865,0.1313189171749123,0.0,6,25.095894212968773,0.0
18.34799621500133,3.3904154484221607,-29.982791694699085,2.525357497441294,0.9913922529988073,-7.198594603216714,0.059173912585446686,0.0,6,-41.1391420061409,0.0
18.358753091000835,-0.39273303349110716,-27.931413663084026,-23.2267875001271,0.9523749388256639,-6.472714983724495,-0.00685448451576498,0.0,6,-102.94429000030505,0.0
18.367897906000508,-3.070449968999017,-26.388178738798363,-48.188865000403894,0.8619449199458497,-4.40761381686376,-0.05358946147679067,0.0,6,-102.94429000030505,0.0
18.37874266000108,-3.632244559349034,-25.832749557304574,-74.49636250136973,0.7858054385277549,-0.6696414134182228,-0.06339462679829122,0.0,6,-99.71528199865134,0.0
18.388450303000354,-2.0277035712062244,-26.294988782877443,-49.35108999895601,0.8176433352920912,2.8761537765733616,-0.0353901035719959,0.0,6,-99.71528199865134,0.0
18.39905873600037,0.8022557372570907,-27.336558787775882,-23.57694250101485,0.8805060967173448,4.892457518956329,0.014002004058150774,0.0,6,22.491326002200367,0.0
18.410312635000082,3.817339292838457,-28.469437346226773,2.7274125002149985,0.8887205634156992,5.118377557573037,0.06662513932578307,0.0,6,85.62177800515201,0.0
18.419742811000106,6.058282803781083,-29.240286628925144,28.06775750080124,0.8363807632859959,3.6664798173183417,0.10573698194293346,0.0,6,146.43860600655898,0.0
18.429705636999643,6.398296648930647,-29.114039544168897,53.5044456437345,0.7826427803785995,0.26783796873848714,0.11167134304315951,0.0,6,146.43860600655898,0.0
18.440284660000543,4.743344753500275,-28.041011479894607,28.685575642152827,0.8176863065050307,-2.925330391511391,0.08278698350577862,0.0,6,25.246304004685953,0.0
18.44980103800117,2.127036192098994,-26.505772963618178,3.574880645824152,0.8654459966399294,-4.497676166662437,0.03712378486121004,0.0,6,25.246304004685953,0.0
18.45980375200088,-0.4339955967682067,-24.986678769405422,-21.596064354530398,0.8590528688313176,-4.308831797078037,-0.007574652102762869,0.0,6,-35.01936398650287,0.0
18.47002651100047,-1.916337452002648,-23.965871381057987,-47.150166853502895,0.8064192412566403,-2.3365948617845236,-0.03344639811672501,0.0,6,-95.42963198735379,0.0
18.480185841001003,-1.342430642288549,-23.904697907190133,-21.626449349246258,0.7916999162075968,1.3235951679104971,-0.023429834687597406,0.0,6,-156.75947798488778,0.0
18.491187142000854,1.3726975915404942,-24.84647499249964,4.861100649573046,0.8769778410656851,4.803396000657847,0.023958092606577885,0.0,6,-31.93243597750552,0.0
18.501096527999835,5.22392899504553,-26.322213525909977,29.974240649603445,0.9605177747386274,6.658596395563683,0.09117476085394305,0.0,6,28.339100022567436,0.0
18.51160478699967,9.155805348870226,-27.834882381753545,56.0148881486339,0.9601133100596626,6.714029395517409,0.15979894900949354,0.0,6,90.83665402024053,0.0
18.521922550000454,12.148981102871682,-28.896188614646256,81.60199814755745,0.8754485548781512,4.985901891046247,0.21203972100768276,0.0,6,152.24571801765705,0.0
18.532237239000096,13.21523465542207,-29.023541429678634,107.33650314977696,0.783975907012209,1.5465594484312644,0.23064935616077342,0.0,6,190.25309831887415,0.0
18.542553815001156,11.838801567067245,-27.96067567839961,81.17028815194773,0.8040337163422094,-2.6258609867070293,0.2066260668355877,0.0,6,127.454182324084,0.0
18.552936054000384,8.421167445400037,-25.90043317302521,55.8161456528933,0.9179551096791578,-5.860585512771706,0.14697709878399046,0.0,6,66.60424032635336,0.0
18.56317187700006,4.757128700910235,-23.700433172967287,29.840463151226704,0.9435518030164397,-6.326601491648284,0.08302755877200418,0.0,6,4.26260232235353,0.0
18.573036485000557,1.1279417018146383,-21.50043317295902,4.2875831495575945,0.9447999597190935,-6.326057117710281,0.019686296467213538,0.0,6,4.26260232235353,0.0
18.58369626199965,-2.0383379799665446,-19.506380979020566,-21.5904768510927,0.8989614802616689,-5.348125159561722,-0.03557570901886642,0.0,6,-119.17165368321304,0.0
18.593982729000345,-3.739210682954911,-18.192974104336752,-47.231899349758336,0.8127548798869076,-2.6828255883598207,-0.06526153784330901,0.0,6,-143.85262951471296,0.0
18.604013244999805,-3.2179184343913696,-17.920895302946622,-21.365714348580678,0.7896876414552599,1.173281192179354,-0.05616327174075053,0.0,6,-143.85262951471296,0.0
18.614624682000795,-0.7295771034282664,-18.574797074800212,4.473225647411727,0.8611347603845235,4.3693984806944455,-0.012733522601986458,0.0,6,-19.760329521504815,0.0
18.62508564900054,2.6651300832272455,-19.658559698116683,30.85704064960284,0.9209894719146835,5.844097619707425,0.04651529494626594,0.0,6,-19.760329521504815,0.0
18.634924201000103,5.999754160414942,-20.717030099188765,55.72061815018516,0.9097252559848164,5.636370468971392,0.10471546440946877,0.0,6,43.56082648375386,0.0
18.644845672000883,8.152030316540138,-21.217638483471816,80.66697814956116,0.8297546214036853,3.4971312112191275,0.14227976974602097,0.0,6,103.23341248515143,0.0
18.654846778999854,8.220883832065626,-20.727415696595624,101.75781734495037,0.7809012169967026,-0.1826537071465243,0.14348149029351376,0.0,6,163.10467648365383,0.0
18.665120044001014,6.140006292939567,-19.210003295626926,76.60887734607901,0.8377986692886752,-3.7165061016010856,0.10716332590496691,0.0,6,42.85081648633431,0.0
18.675554815001306,2.8287324479894735,-17.09951055746643,49.92730234596754,0.9142230341552334,-5.69870967319425,0.049370694875415566,0.0,6,42.85081648633431,0.0
18.68543940100062,-0.5157487563633318,-14.960960909234085,25.170254846561214,0.9158394166483704,-5.723969647194283,-0.009001513911606196,0.0,6,-21.18496351393324,0.0
18.695697993000067,-3.026096353372549,-13.205086838224325,-0.6559276536070024,0.853371629873042,-4.156885698568821,-0.05281534484894479,0.0,6,-80.60187751250842,0.0
18.705810655999812,-3.6779091036134406,-12.317039595267481,24.290947347143877,0.786658502770503,-0.816498616059265,-0.06419162344712781,-12.317039595267481,7,-142.58471551291214,0.0
18.71602635599993,-2.3638314247795797,-12.352939612866162,49.363909845741794,0.8061940900804111,2.3306649686923375,-0.041256641324512344,-12.317039595267481,7,-22.53710551447503,0.0
18.72610024900132,-0.11418045545683728,-12.832879384943938,74.56994985011922,0.8441908761300212,3.8532990835398757,-0.0019928248891485367,-12.317039595267481,7,37.9573904960308,0.0
18.736394606999966,2.0423191646377843,-13.274642465765178,100.27126484863335,0.8363496769165273,3.5985739636503737,0.03564519379950948,-12.317039595267481,7,99.64054649246472,0.0
18.74673534900103,3.0697507698295885,-13.19064612049827,126.1231198467424,0.7936636060609324,1.5351439577259294,0.053577258149156926,-12.317039595267481,7,161.68499848792644,0.0
18.757036273000267,2.0108311060603343,-12.129214919198752,100.50248734649291,0.8032725807599218,-2.162996535115931,0.03509562350227213,-12.317039595267481,7,100.19548048732767,0.0
18.767023964001055,-1.1151166120917002,-10.09676405610203,75.48139234393535,0.9013330582425931,-5.399244714479676,-0.019462456424684582,-12.317039595267481,7,40.14485248118953,0.0
18.777108264999697,-4.588680590623652,-7.896764056065249,50.44999234349168,0.9270524451513195,-5.989787217073485,-0.08008758462874077,-12.317039595267481,7,-19.930507519875306,0.0
18.78700682100134,-7.908599208670593,-5.768942768360601,25.39676484764575,0.9122471906802098,-5.7266782742392,-0.13803109541191994,-12.317039595267481,7,-80.05825350990554,0.0
18.79739667099966,-10.445315601704596,-4.016740637137492,-0.5853726562424777,0.849328945798258,-4.2140136977913585,-0.18230514865967784,-12.317039595267481,7,-142.41538351923728,0.0
18.807877404000465,-11.193696236123897,-3.1252644950192523,-26.42727265276401,0.7812951600465291,-0.9949841521332856,-0.1953668547884586,-12.317039595267481,7,-80.3948235275856,0.0
18.81808108900077,-10.065641795042872,-3.1436802120346776,-0.7187976526626949,0.7946978318857354,1.9960954585699682,-0.17567859064985036,-12.317039595267481,7,-18.69448352734244,0.0
18.828251242999613,-8.099818850967885,-3.579468155119079,24.60355234950773,0.8257377183424122,3.348591504276039,-0.1413685077644935,-12.317039595267481,7,42.079156477866576,0.0
18.838473789001,-6.231586069814734,-3.9880807598057144,50.91942234946989,0.8204596953633313,3.0813259760506617,-0.10876169453968032,-12.317039595267481,7,42.079156477866576,0.0
18.848568569001145,-5.491563296676046,-3.8823279243974147,76.33956984853218,0.7870923796616714,1.0116048720696988,-0.09584586060867117,-12.27320546041059,7,105.23724447777576,0.0
18.859282760000497,-6.903466200764646,-2.7788928874341137,50.33455734781389,0.812743491820446,-2.7743631464372993,-0.12048821500348694,-12.27320546041059,7,88.71360509635358,0.0
18.868674860999818,-10.386728740616537,-0.7108026290561731,26.016384847825314,0.9210880742428678,-5.973236810420916,-0.18128261503528265,-12.27320546041059,7,88.71360509635358,0.0
18.879491809000683,-14.170634211081147,1.489197370972445,-0.2769576504949578,0.9441368036737031,-6.54364506487532,-0.24732422407911514,-12.27320546041059,7,-32.75403089958766,0.0
18.889958641000703,-17.74492009925415,3.5715242146182433,-26.229405150043682,0.9168915863506946,-6.139235897805566,-0.3097072812353039,-12.27320546041059,7,-95.0399048985046,0.0
18.90045145899967,-20.38619226028836,5.172477412010003,-52.53864014968779,0.837170946596759,-4.38601590273705,-0.35580617688661675,-12.27320546041059,7,-158.18206889765045,0.0
18.910972358000436,-21.19407155792099,5.83084997308945,-78.64686515142306,0.7632942697788185,-1.1220215545715138,-0.36990633058900535,-12.27320546041059,7,-130.46574677915902,0.0
18.921153270001014,-19.85576377154649,5.380431218782426,-53.078797652343134,0.7862591735903655,2.489332307078447,-0.34654845331169337,-12.27320546041059,7,-69.10238478136722,0.0
18.931230866000988,-16.966250339280855,4.1213815640901466,-26.984545149499105,0.8694069997094758,5.041961415828038,-0.29611693013805596,-12.27320546041059,7,-69.10238478136722,0.0
18.942330031000893,-13.493876240005505,2.539956315109693,-0.2390601522354041,0.9160496517787022,5.959905758133334,-0.23551256924472863,-12.27320546041059,7,57.71298521889133,0.0
18.952212799000336,-10.367685870205815,1.0920781053145967,24.399224846892388,0.8886294407208692,5.2496691912273254,-0.18095025424758493,-12.27320546041059,7,116.84486921679803,0.0
18.96230708999974,-8.704655820619115,0.3127537242367948,49.57435234962693,0.8077056975112819,2.6184690536244895,-0.15192490432269246,-12.27320546041059,7,175.17197960786615,0.0
18.972494429001017,-9.311224980797098,0.5862787921778815,23.727212349403338,0.7868787529523122,-1.3461984210426268,-0.16251153330885515,-12.27320546041059,7,113.13884360732953,0.0
18.98285605700039,-12.199550042035082,1.9242897290917518,-2.9003901519178976,0.8822564571890115,-5.1555263810161875,-0.2129223154953248,-12.27320546041059,7,113.13884360732953,0.0
18.993576884000504,-16.523315111696903,3.9322004822368855,-28.80359015045608,0.9943261982770806,-7.5121687337804905,-0.28838625204364554,-12.27320546041059,7,-12.935082392333072,0.0
19.003478304000964,-21.18583089532391,6.08407115736185,-54.51643014759677,1.0159014006878913,-8.025310903516903,-0.36976250389414034,-12.27320546041059,7,-12.935082392333072,0.0
19.014224069000193,-25.25847192696736,7.911445529844503,-80.45298515036914,0.9385958666536065,-6.915786679643182,-0.44084349914813714,-12.27320546041059,7,-136.8936303921244,0.0
19.02418661199954,-27.844181809708274,8.933901522435306,-105.1993726488224,0.8116166902456475,-4.2499512103611155,-0.4859726501033226,-12.27320546041059,7,-196.28496038841223,0.0
19.034428229000696,-28.408174149110277,8.845700656492236,-130.67348265132816,0.7399639897133962,-0.7772579460949031,-0.49581617338191286,-12.27320546041059,7,-214.6367488367507,0.0
19.04485726799976,-26.87141019160408,7.5935309618409566,-104.64960765341014,0.7753779832304135,2.870021274401903,-0.4689945824974515,-12.27320546041059,7,-152.17944884174744,0.0
19.054954633000307,-23.738674950382663,5.450355051778335,-79.06145765184259,0.8627763888053209,5.27202365694921,-0.414318037944879,-12.27320546041059,7,-90.76788883798531,0.0
19.065000792999854,-20.59695090994432,3.250355051702468,-53.73125015205071,0.8779005874424605,5.4356112559841305,-0.35948460925017045,-12.27320546041059,7,-29.975390838484827,0.0
19.075327773000026,-17.544262096245657,1.0503550516741789,-28.27285765499321,0.8796511829099547,5.317516291104896,-0.306205138412329,-12.27320546041059,7,31.12475115445318,0.0
19.084780998000497,-14.753615240541144,-1.0601451698600484,-3.6012151550682825,0.8628374517321982,4.769038946666661,-0.25749916251985816,-12.27320546041059,7,31.12475115445318,0.0
19.095346955000423,-12.981644318482521,-2.712142489581243,21.71833984710181,0.807453060005965,2.8584080862112566,-0.22657243568033536,-12.27320546041059,7,44.22172170853895,0.0
19.10555741600001,-12.424943704533796,-3.808240685598231,-3.989435151307341,0.7793285721021905,0.96424710336261,-0.21685617701905624,-12.27320546041059,7,-17.47693828764301,0.0
19.11560616099996,-12.195078407088081,-4.770763505750809,-29.533227654720328,0.7770491625239966,0.5253674971296881,-0.2128442707425524,-12.27320546041059,7,-78.78204029583418,0.0
19.12578847000077,-11.264012136249516,-6.0892619798452285,-55.57439015512566,0.7908216047534699,1.8425657370975759,-0.19659409876215417,-12.27320546041059,7,-78.78204029583418,0.0
19.13600144600059,-9.284999888479735,-7.927993630310108,-30.800582655611585,0.8283459736307868,3.4888107603760097,-0.1620538191012777,-12.27320546041059,7,9.880828843424723,0.0
19.145612685000742,-6.97004898560373,-9.946604932560863,-6.012280157047578,0.8435208962433256,3.924947169879013,-0.12165030382407593,-12.27320546041059,7,9.880828843424723,0.0
19.155817697001112,-5.318958003022165,-11.670739828926001,-0.15324468399234092,0.811644864479216,2.6708850327673486,-0.09283332992803928,-12.27320546041059,7,69.37275483997834,0.0
19.166055540999878,-4.418630935481289,-13.055482040020525,-25.36661718472209,0.7944072695747016,1.6411565598352507,-0.07711965825462563,-12.27320546041059,7,-51.32702515637905,0.0
19.17642639100086,-3.0668054295121037,-14.758463134701612,-41.59184017493307,0.8068892299525896,2.379664475686332,-0.05352585226302509,-12.27320546041059,7,-29.708457267809337,0.0
19.18632662300115,-1.3215040201550095,-16.457877749021257,-16.02220267881411,0.8296687461274052,3.353099875974576,-0.02306459623004642,-12.27320546041059,7,-29.708457267809337,0.0
19.196834878999653,0.6126003298283178,-18.350004594302845,10.026644824447528,0.826401584707936,3.225833745151616,0.010691892754307375,-12.27320546041059,7,31.65867272287616,0.0
19.206726657999752,2.010570659961831,-19.99515269664424,-14.847405175660144,0.8073727356657481,2.3882162991451876,0.03509107786032928,-12.27320546041059,7,29.74273271392792,0.0
19.21704714200132,3.2892508630403934,-21.584124765771367,-20.137096104951002,0.8061343196022015,2.344182157385796,0.05740825748411993,-12.27320546041059,7,-14.383640074965001,0.0
19.227256136000506,4.880431045785129,-23.316302821936823,5.309421397181335,0.8146925466081801,2.798000513546543,0.08517959066550063,-12.27320546041059,7,32.595409780216926,0.0
19.237506553999992,6.366981798600801,-24.99459197429732,29.022778930833738,0.8068351059547706,2.472621719255911,0.11112479580013446,-12.27320546041059,7,20.730556379166956,0.0
19.24798190799993,7.407166846852491,-26.455688422414585,2.9414489334376404,0.7944611432725309,1.7983119808065777,0.12927944972214256,-12.27320546041059,7,-21.871581289648674,0.0
19.257940819001305,8.444952302244317,-27.905197944548878,-5.253291249799071,0.7952194126283216,1.9153356289550494,0.14739222284803866,-12.27320546041059,7,-21.871581289648674,0.0
19.26836091699988,9.742884463162051,-29.465128191854927,20.347081250976775,0.7994332426731463,2.2523762643489165,0.17004541252357797,-12.27320546041059,7,34.27040146225869,0.0
19.27914517300087,10.847940274651618,-30.91972851466187,15.184051054323236,0.791035292895352,1.8198511623778884,0.1893322748523687,-12.27320546041059,7,10.845750753088026,0.0
19.2888187919998,11.592580351207092,-32.186839183168736,11.712134167726738,0.7837460274703864,1.31818862726168,0.20232869593056435,-12.27320546041059,7,10.845750753088026,0.0
19.298843018001207,12.217146528401187,-33.378323880709274,36.86054166654515,0.7806594914030751,1.089303416262958,0.21322943211919565,-12.27320546041059,7,8.365810119804813,0.0
19.309316905000742,12.589401775825557,-34.429563670035954,38.47063565296216,0.7767068984879919,0.5790798731178597,0.21972651184457703,-12.27320546041059,7,29.514226281789355,0.0
19.319493486000283,12.53450263518804,-35.255590226753206,33.44757174341955,0.7755163164004264,-0.13131712162470172,0.21876834108393695,-12.27320546041059,7,27.47902546640154,0.0
19.330298070000936,12.099933608405685,-35.878267528383546,28.49778386903227,0.7785352857712262,-0.7831105214225589,0.21118368073939742,-12.27320546041059,7,20.355559906451617,0.0
19.340238119000787,11.344497083669912,-36.32586975507755,28.000000000000004,0.784292232615967,-1.3378032766716272,0.19799882609293462,-12.27320546041059,7,20.355559906451617,0.0
19.350962299000457,10.300691187791072,-36.6149279725565,28.000000000000004,0.7921062420476992,-1.845982095661844,0.17978097645811975,-12.27320546041059,7,20.0,0.0
19.361292352999953,8.967569637142384,-36.74668717495918,28.000000000000004,0.8021424972793564,-2.35260013874925,0.1565136160700078,-12.27320546041059,7,20.0,0.0
19.371730195000055,7.33955431580396,-36.720766008877376,28.000000000000004,0.8144883135428717,-2.868076364234361,0.12809938843973878,-12.27320546041059,7,20.0,0.0
19.381626794000113,5.409875442805025,-36.53674622553426,28.000000000000004,0.8291656246947198,-3.3953453608459023,0.09442013859973386,-12.27320546041059,7,20.0,0.0
19.392376960000547,2.929508449387196,-36.151219363416956,28.000000000000004,0.8480028559286912,-3.9911043790410634,0.05112956790680023,-12.27320546041059,7,20.0,0.0
19.40212001600048,0.613721143035746,-35.69278477396637,28.000000000000004,0.8654869101669105,-4.491921109329704,0.010711454635076834,-12.27320546041059,7,20.0,0.0
19.413035182000385,-2.270103853779027,-35.03224835427062,28.000000000000004,0.8870303644547901,-5.063060345444592,-0.039620786610655934,-12.27320546041059,7,20.0,0.0
19.422975301000406,-5.489505868335107,-34.21258604313711,28.000000000000004,0.9106662352933451,-5.649466459065861,-0.09580995170999795,-12.27320546041059,7,20.0,0.0
19.43272743899979,-9.052686202334504,-33.234114786036,28.000000000000004,0.9361647965865475,-6.250050038120015,-0.15799918038059868,-12.27320546041059,7,20.0,0.0
19.442707027001234,-12.966652800246337,-32.09760337116334,28.000000000000004,0.9631788555424707,-6.862665875101512,-0.22631078432724117,-12.27320546041059,7,20.0,0.0
19.45277225800055,-17.236565240183456,-30.804405640171638,3.1256025001566767,0.9912197190358805,-7.484026627840104,-0.3008348151760085,-12.27320546041059,7,20.0,0.0
19.463345479000054,-21.435005753377997,-29.568456755906258,-22.66704999990179,0.964323984256162,-7.187927846760419,-0.3741114255803737,-12.27320546041059,7,-101.6009199997643,0.0
19.47325381399969,-24.629193187095275,-28.86624424829259,-48.14797000314866,0.8635239483392454,-5.348433751475399,-0.4298605132245683,-12.27320546041059,7,-101.6009199997643,0.0
19.483490681001058,-26.014577408031595,-29.129618782513116,-73.92368250045547,0.7635949188344864,-2.153596506603555,-0.4540400292850837,-12.27320546041059,7,-162.75512800755678,0.0
19.49391518000084,-25.23030446198782,-30.56202170588696,-99.17844500002684,0.7571589972951365,1.5647108411412183,-0.440351884142304,-12.27320546041059,7,-164.00540800212184,0.0
19.504150578999543,-23.08132805439812,-32.74882444827514,-73.80946749642317,0.8028939443546801,3.5180192109650648,-0.40284517028218403,-12.27320546041059,7,-103.11986199347302,0.0
19.51390935299969,-21.000085054397687,-34.948824448359595,-48.43367999662587,0.8104760096695056,3.596500349826318,-0.3665206273980921,-12.27320546041059,7,-103.11986199347302,0.0
19.524724414999582,-19.004399562309146,-37.14882444839736,-21.652044999675123,0.811678330287969,3.473710266504308,-0.33168934472686384,-12.27320546041059,7,-42.21797199395951,0.0
19.534981120999873,-17.800498125422447,-39.00000000012669,3.447640003949348,0.7710508203998554,1.1220839519357155,-0.31067730078370026,-12.27320546041059,7,45.93363384015281,0.0
19.54479787499986,-20.818196134195816,-38.8190683409697,28.000000000000004,0.8509786517498392,-4.790546107451973,-0.36334606686767223,-12.27320546041059,7,45.93363384015281,0.0
19.555172078000396,-24.43700828391288,-38.3688510406448,28.000000000000004,0.9059480378252571,-6.2510108846276955,-0.42650625389140906,-12.27320546041059,7,20.0,0.0
19.565689764000126,-28.426951335284397,-37.76421495575805,28.000000000000004,0.9326599577757004,-6.9852288275050745,-0.49614389710491125,-12.27320546041059,7,20.0,0.0
19.576428055001088,-32.78386909731271,-37.00793610921572,28.000000000000004,0.95542904455715,-7.634311970671891,-0.5721864572909281,-12.27320546041059,7,20.0,0.0
19.586231606999718,-37.500895655827534,-36.10350679158831,28.000000000000004,0.9768035159025935,-8.262799153210782,-0.6545141016410287,-12.27320546041059,7,20.0,0.0
19.597754726000858,-42.56823913780192,-35.055154041613086,28.000000000000004,0.9963143278592423,-8.873029941673506,-0.7429559297309556,-12.27320546041059,7,20.0,0.0
19.60813298100038,-47.9731530211632,-33.86780573280753,28.000000000000004,1.0131207776307134,-9.460672773979397,-0.8372894727823628,-12.27320546041059,7,20.0,0.0
19.618220705000567,-53.700100201140216,-32.546997231388886,28.000000000000004,1.0263858932962702,-10.020983921250664,-0.937243557160766,-12.27320546041059,7,20.0,0.0
19.628490334000162,-59.73107832393582,-31.098717953539097,28.000000000000004,1.035378958951472,-10.549717035546625,-1.042503982519296,-12.27320546041059,7,20.0,0.0
19.638088789000903,-66.04603884605245,-29.529203786822418,2.9121925015060723,1.0395371949084855,-11.043344523613113,-1.1527208357636916,-12.27320546041059,7,20.0,0.0
19.648006415000054,-72.50205698205036,-28.00138293438849,-21.853404998430047,1.0146282713649613,-11.22769735179476,-1.265399608805322,-12.27320546041059,7,-40.21073799638543,0.0
19.6583565180008,-78.84025771519424,-26.945264809800022,-47.2594074992885,0.9545831358563479,-11.025380449506304,-1.3760220802510013,-12.27320546041059,7,-99.64817199623212,0.0
19.668325138,-85.00646995556728,-26.76133320065301,-72.6683774994599,0.8891097785665139,-10.753534387801293,-1.483642786222287,-12.27320546041059,7,-160.6225779982924,0.0
19.679760868000812,-91.14844504129333,-27.678094786798056,-99.71808249908645,0.8470154076310025,-10.752676461580046,-1.5908404740436675,-12.27320546041059,7,-260.0,0.0
19.68931894399975,-97.5057138787633,-29.637240980108885,-124.2194449989911,0.8370562569291875,-11.134558053636301,-1.7017957466919507,-12.27320546041059,7,-260.0,0.0
19.69954903100006,-104.74310441706461,-32.05724098023141,-97.74727999890456,0.8224773209902597,-11.51018522257411,-1.8281120408379934,-12.27320546041059,7,-260.0,0.0
19.70981432500048,-110.81961510039464,-34.0372409803324,-72.12141749939474,0.8082511775394037,-11.782621986004552,-1.934167159294713,-12.27320546041059,7,-196.46680399979232,0.0
19.720403749999605,-117.72692781707752,-36.23724098043686,-46.72799999959534,0.7924104793308545,-12.068323848258965,-2.0547225086657033,-12.27320546041059,7,-74.02053200145019,0.0
19.73061343900008,-124.78718695913534,-38.43724098050435,-20.243784999613123,0.7770268604392263,-12.333924771297447,-2.1779472767386423,-12.27320546041059,7,-74.02053200145019,0.0
19.741183304000515,-129.89642875344214,-39.000000000000185,5.168495001933482,0.4373382698561148,-8.611392762532185,-2.267120368329799,-12.27320546041059,7,20.452854603037416,0.0
19.751390409001033,-134.33824705398914,-38.93924802125216,28.000000000000004,0.363299621547766,-7.828556510041915,-2.344644722449683,-12.27320546041059,7,20.0,0.0
19.761861078999573,-138.70685224732873,-38.74314231452131,1.916234998796429,0.33004946602948115,-7.623589754677649,-2.4208912667931823,0.0,6,0.0,0.0
19.77184443599981,-143.0660514189565,-38.46619938624006,6.56518779012913,0.31245914198351926,-7.643882318203621,-2.4969736450882962,0.0,6,0.0,0.0
19.78228381000008,-147.5321622382674,-38.19021594463738,12.913631009632809,0.3044148629124001,-7.795510957371396,-2.574921983644213,0.0,6,9.22402214973772,0.0
19.792963558000338,-152.02198200522676,-37.87689481460809,19.64820942010192,0.2908209690962732,-7.825603120907563,-2.6532841213987783,0.0,6,14.0344353000728,0.0
19.8026872620012,-156.45119821263182,-37.490837848002144,26.029042829995884,0.2704308248213787,-7.709601069678049,-2.730588527500693,0.0,6,14.0344353000728,0.0
19.813806123000177,-160.72301935394955,-36.99265489124594,32.77075094983957,0.2425756438775843,-7.425887382063326,-2.8051458714729893,0.0,6,23.407679249885405,0.0
19.823402758000157,-164.73671645308846,-36.34254529601992,39.05463239940218,0.20791668536741076,-6.965545418152796,-2.8751981010307084,0.0,6,23.407679249885405,0.0
19.8340074810003,-168.38960449868108,-35.50023640350706,45.49545062922334,0.16818490908480124,-6.327636108416645,-2.93895302463304,0.0,6,32.496750449445244,0.0
19.844245113001307,-171.576121216712,-34.42368888971927,51.93978929963124,0.12548353918909305,-5.5056806757226076,-2.994568233032524,0.0,6,37.09984949973659,0.0
19.854268846000195,-174.19919624489307,-33.07375280162649,58.51294280917501,0.0835392759325393,-4.514695719494375,-3.0403495288011264,0.0,6,37.09984949973659,0.0
19.864662535001116,-176.16656452949613,-31.411928683740715,65.06629163959587,0.04611089529462619,-3.362772249956754,-3.0746865829667627,0.0,6,41.794959149410715,0.0
19.87535094499981,-177.39042811120345,-29.399975944119067,71.52194069985853,0.01735229860796584,-2.058237775706946,-3.096047032062806,0.0,6,51.08710049989895,0.0
19.885269616001096,-178.21632498579896,-27.199975944081135,77.78769074979209,0.00929703445367717,-1.5088824245474992,-3.1104616518064283,0.0,6,55.562636249851494,0.0
19.895437671000764,-179.04532059811845,-24.999975944037097,84.17538989984678,0.008510041949659168,-1.4539232933331876,-3.12493035472599,0.0,6,60.125278499890555,0.0
19.905648896999992,-179.87439752444214,-22.799975943989754,90.5938072202116,0.008380231184955034,-1.4473500197759934,-3.1394004768426527,0.0,6,64.70986230015114,0.0
19.915544305000367,179.29944235508233,-20.599975943938368,97.15300937918073,0.008338797546078474,-1.4413072125657882,3.1293656160859626,0.0,6,64.70986230015114,0.0
19.92618276900066,178.39758598587434,-18.179975943877672,103.83908976000384,0.008325656122663548,-1.4293532885308387,3.1136252530632014,0.0,6,69.39500669941481,0.0
19.93625491199964,177.6677426943121,-16.19997594382464,109.95648489002635,0.008334112873352062,-1.415014617818054,3.1008870846018475,0.0,6,78.54034635001881,0.0
19.94679222400009,176.8680364813077,-13.999975943762145,116.52554591930311,0.008362434035643148,-1.3943030727412216,3.0869295781362656,0.0,6,83.23253279950222,0.0
19.956205209000473,176.08289532972134,-11.799975943696284,122.5254807001511,0.008409426700933652,-1.3686446460767814,3.0732262799481838,0.0,6,87.51820050010792,0.0
19.966137781000725,175.31508392370952,-9.59997594362659,129.0268992594065,0.00847380701842052,-1.3381674687991305,3.0598254428789105,0.0,6,87.51820050010792,0.0
19.976628430000346,174.56729141003586,-7.399975943553216,135.64344527987487,0.008553928760331187,-1.3030060220059758,3.0467740013935405,0.0,6,92.16207089957607,0.0
19.987385787000676,173.77094106685735,-4.979975943468328,142.1928339292026,0.008658083549009495,-1.2591046558456225,3.0328750659056887,0.0,6,101.56630994943043,0.0
19.997388145000514,173.14206542657368,-2.999975943395584,148.69614437993732,0.008753959184119295,-1.2192667533691335,3.021899115397151,0.0,6,101.56630994943043,0.0
20.007905967000625,172.4695322140798,-0.7999759433113887,152.1680894953132,0.008869719459651676,-1.1710456820857351,3.0101611965101185,0.0,6,108.69149249665229,0.0
20.017701831000522,171.82680247479703,1.4000240567753117,145.71890927539778,0.008992917144596421,-1.118844137647407,2.9989434463591493,0.0,6,108.69149249665229,0.0
20.028126885999882,171.21607664077376,3.600024056858882,139.40338544527174,0.009120574633589437,-1.06280531438706,2.988284269728455,0.0,6,99.57384674662266,0.0
20.0384332550002,170.63945612614097,5.800024056938826,132.8656152562652,0.00925001081846659,-1.0031163336143885,2.978220343213568,0.0,6,94.90401089733227,0.0
20.048398240000097,170.09890561901454,8.000024057015038,126.37977596526603,0.009378875252639866,-0.9400114556425025,2.968785957090887,0.0,6,94.90401089733227,0.0
20.0594736510011,169.59624739294046,10.200024057087537,119.63974049578235,0.009504878970064691,-0.8737396465397069,2.9600129160336603,0.0,6,85.45695749698739,0.0
20.06897437400039,169.133152350183,12.40002405715658,113.44339313616354,0.009625829521192742,-0.8045647764331132,2.9519303827878787,0.0,6,85.45695749698739,0.0
20.07980137800041,168.7111439809428,14.600024057221667,106.84423007636347,0.009739527110334033,-0.7327459899869618,2.9445649472736655,0.0,6,76.31730719740249,0.0
20.08933402600087,168.33158161847263,16.80002405728338,100.52791433630397,0.009844014012733823,-0.6585681107136828,2.9379403343319126,0.0,6,76.31730719740249,0.0
20.100121491999744,167.99566994995828,19.000024057341097,94.04018252583761,0.009937354993664492,-0.582302924843741,2.9320775697204695,0.0,6,67.17155894702687,0.0
20.109960387000683,167.7044465157003,21.200024057395126,87.72487856596479,0.01001786738708548,-0.5042412610155728,2.9269947619337024,0.0,6,62.6606275471177,0.0
20.12021205900055,167.45878206468748,23.400024057445552,81.43664003549553,0.010084039205397383,-0.4246748587080017,2.9227071084084244,0.0,6,58.169028596782525,0.0
20.130230274000496,167.25937840512003,25.600024057492405,75.02020280567729,0.01013456776320402,-0.34389842835239176,2.9192268580084466,0.0,6,53.58585914691234,0.0
20.139701379001053,167.10676476495297,27.80002405753597,68.81412950635047,0.010168389369562018,-0.2622128931401025,2.9165632475040777,0.0,6,53.58585914691234,0.0
20.14988256700053,167.00130600976763,30.000024057575608,62.41292000564124,0.010184639410456851,-0.1799060813162676,2.9147226450010386,0.0,6,49.152949647393186,0.0
20.16022945199984,166.94319383751483,32.20002405761164,55.87739387524914,0.010182743950682407,-0.09727922025432408,2.913708396259741,0.0,6,44.580657146886594,0.0
20.17099917500127,166.93245036692468,34.40002405764397,49.277439535795445,0.01016237627645338,-0.014628382153024214,2.913520887324852,0.0,6,35.198171096996745,0.0
20.181109459001163,166.96892898844217,36.60002405767253,42.74864747552407,0.01012347261142511,0.0677519718673179,2.914157559376921,0.0,6,35.198171096996745,0.0
20.19193415799964,167.05231517118384,38.80002405769741,0.0,0.010066231740516234,0.14956884726580622,2.9156129228164325,0.0,6,0.0,0.0
20.202413279999746,163.00499195935183,39.00000000000009,0.0,0.198078950270358,-6.725751459413885,2.8449738068775723,0.0,6,0.0,0.0
20.212868163000167,158.62101795239215,39.00000000000012,0.0,0.2536925735608467,-7.528136777014656,2.768459026134277,0.0,6,0.0,0.0
20.222628401001202,154.3340248980067,39.00000000000013,0.0,0.2612867630378987,-7.45939638006068,2.693636882325123,0.0,6,0.0,0.0
20.232681962001152,150.15795447068712,39.00000000000014,0.0,0.2637714805486579,-7.275634785464776,2.620750703573229,0.0,6,0.0,0.0
20.242765352000788,146.1058240523899,39.00000000000014,0.0,0.26602700910009447,-7.059498475133365,2.5500276860537276,0.0,6,0.0,0.0
20.25304126500123,142.1896607625403,39.00000000000014,-2.3867209839628543,0.26851357841243656,-6.821418478659599,2.4816777426001195,0.0,6,-1.7048007028306102,0.0
20.263234048999948,138.42046336295294,39.00000000000002,-8.754131614281627,0.2712218088610565,-6.564122333373263,2.4158928378197118,0.0,6,-6.252951153058305,0.0
20.27318129000014,134.7850290858947,38.98525605659782,-15.200054733690315,0.27671069560627937,-6.339092940753163,2.3524425399451854,0.0,6,-6.252951153058305,0.0
20.28365992399995,131.24336268198948,38.92231980039414,-21.695839834650666,0.2864270338179503,-6.178999791330768,2.290628800189772,0.0,6,-15.497028453321903,0.0
20.293637971000862,127.76019951428337,38.77694185521898,-28.16213904372865,0.2999310175021478,-6.079068730503268,2.229836134529105,0.0,6,-15.497028453321903,0.0
20.304056529001173,124.30726788938269,38.515259810178705,-34.51757967457901,0.31656220082980435,-6.027664141665559,2.1695711088283502,0.0,6,-24.655414053270718,0.0
20.3141647880002,120.86405999522569,38.104174152386484,-40.87544013419041,0.33563890588058404,-6.011265431310531,2.1094757942446503,0.0,6,-29.196742952993148,0.0
20.32459431300049,117.4179023274793,37.51124351712408,-47.41747920389038,0.3564961996799689,-6.016382612149913,2.049328996399627,0.0,6,-33.86962800277884,0.0
20.33462531100122,113.9632825805681,36.70384812210719,-53.92822743446608,0.37849893640819654,-6.030601901395897,1.9890345074116134,0.0,6,-33.86962800277884,0.0
20.345751157999985,110.15611377427254,35.529024804220015,-60.66892377412309,0.403124209139879,-6.040221581724798,1.9225868765625336,0.0,6,-43.33494555294506,0.0
20.35533542899975,107.04612254758565,34.31682126955321,-66.77316009378423,0.42280579137522944,-6.029811085936625,1.86830728994871,0.0,6,-47.695114352703015,0.0
20.365386825000314,103.61125971656679,32.67175451918876,-73.309698004363,0.4435704511682043,-5.989890785116845,1.8083576241930572,0.0,6,-47.695114352703015,0.0
20.3761083469999,99.88825784263138,30.462679846282715,-80.08542486370438,0.46393014034702584,-5.893129414351775,1.7433789834349653,0.0,6,-52.364070003116424,0.0
20.385773231000712,96.97091384716832,28.482679846248217,-86.14886490392031,0.47210416841166813,-5.64198493236715,1.6924617253008485,0.0,6,-57.20387490264598,0.0
20.396460244999616,93.94190348858743,26.282679846205475,-92.60059725406258,0.4763226990781867,-5.26541096798579,1.6395955214665978,0.0,6,-66.14328375290184,0.0
20.40610717600066,91.13654291032843,24.082679846159664,-99.0035669739192,0.47974310244433704,-4.87663822672088,1.5906327426703264,0.0,6,-66.14328375290184,0.0
20.416966803000832,88.55423062163572,21.882679846110097,-93.83440571057322,0.48285601274628714,-4.487634767973651,1.5455628909179282,0.0,6,-67.0245755075523,0.0
20.42710000000079,86.19388578492655,19.682679846062427,-87.46725842033443,0.48570080124271375,-4.100400610986012,1.5043671020349052,0.0,6,-62.476613157381735,0.0
20.437121357999786,84.05406421044056,17.48267984601779,-81.14297696086028,0.4882740432931769,-3.7156874259331354,1.4670201701549157,0.0,6,-57.95926925775734,0.0
20.447477884001273,82.13306165569796,15.28267984597623,-74.61361223062882,0.4905699904823554,-3.333955574529539,1.4334923506354347,0.0,6,-53.29543730759201,0.0
20.457659839999906,80.42900495997411,13.082679845937864,-68.02382357138954,0.4925839861450224,-2.955494964622307,1.4037509506543984,0.0,6,-53.29543730759201,0.0
20.467735895999795,78.93993192144448,10.882679845902402,-61.63568468082845,0.4943122440097076,-2.5804557353421074,1.37776172332938,0.0,6,-48.588445408135385,0.0
20.477953827999954,77.66386229551577,8.682679845870451,-55.387758590337356,0.4957512595883746,-2.2088650074747864,1.3554901068722316,0.0,6,-39.56268470738382,0.0
20.488261034999596,76.598855574616,6.482679845841622,-48.85174925075803,0.49689746652192324,-1.8406496673695643,1.3369022330366622,0.0,6,-34.89410660768431,0.0
20.498499434999758,75.7430609452834,4.282679845816057,-42.24862538073098,0.4977467865028537,-1.4756501928070282,1.321965799033924,0.0,6,-34.89410660768431,0.0
20.509133149000263,75.09475747157775,2.0826798457938245,-35.59352714057782,0.4982943619476215,-1.1136378702108924,1.310650768865644,0.0,6,-30.177589557664987,0.0
20.519142981000186,74.61941824404394,-0.3373201542272237,-29.25938744107584,0.4985411899330326,-0.7185383904790954,1.3023545342812923,0.0,6,-25.423947957555583,0.0
20.529448721001245,74.41456367603566,-2.3173201542413007,-22.776320780836567,0.49845981073222606,-0.3974116686087973,1.2987791475817971,0.0,6,-20.899562457911316,0.0
20.539703607000774,74.38011692284135,-4.517320154253589,-16.295498180357708,0.4980625230581914,-0.04253052903068857,1.2981779383219347,0.0,6,-16.268800557740406,0.0
20.549935860000915,74.54806823559227,-6.7173201542625405,-9.860401611336739,0.49733312454845047,0.31066591189468934,1.301109241712485,0.0,6,-11.639641557398363,0.0
20.560627832001046,74.91764494673284,-8.917320154268163,-3.352293711201082,0.4962610802715875,0.6625307421409031,1.3075595721605797,0.0,6,-2.394495508000773,0.0
20.57114104500033,75.488269180301,-11.117320154270422,3.2182629388753865,0.49483482865536516,1.0134021442178374,1.3175188438280134,0.0,6,2.2987592420538476,0.0
20.58127214600063,76.25601901207247,-13.31064854695947,9.52102422931971,0.49298323120114695,1.3560354403763815,1.330918606224058,0.0,6,6.800731592371221,0.0
20.59128630899977,77.20927784302225,-15.47434942546339,15.8843864794781,0.49053173741900075,1.6776523748771066,1.3475561114478438,0.0,6,11.345990342484356,0.0
20.6018846750012,78.3334572230221,-17.575535538324054,22.588466588744314,0.48735153538661086,1.9749804400600561,1.3671767430118695,0.0,6,16.134618991960224,0.0
20.611740895001276,79.6179217938221,-19.583459139558617,28.918338038978664,0.48343682620322886,2.2539876392641967,1.3895948788975456,0.0,6,20.655955742127617,0.0
20.62177475700082,81.05311516820231,-21.461447905249702,35.40105252864492,0.47876815891000707,2.5170712607046166,1.4146437286832878,0.0,6,20.655955742127617,0.0
20.631931915000678,82.63494415417752,-23.175945801164914,41.80257009867459,0.47346710103219786,2.7733123743781554,1.4422518526920385,0.0,6,25.286466091889224,0.0
20.642598111000552,84.36396870335638,-24.693486956246627,48.34856997860156,0.4676853901823589,3.031017943311397,1.47242902392302,0.0,6,34.53469284185826,0.0
20.652874163000888,86.24585745669982,-25.98046201365082,54.80553951865118,0.4616288633475492,3.2991046258347416,1.5052741788251147,0.0,6,39.1468139418937,0.0
20.66329879800105,88.2919306298225,-27.002977353104374,61.378252659700635,0.45557883144638645,3.587567324721902,1.5409848924328333,0.0,6,43.84160904264331,0.0
20.67322794699976,90.51989266562745,-27.726979937055933,67.82826825937633,0.4499162396666132,3.907581257673954,1.5798701655670655,0.0,6,43.84160904264331,0.0
20.683887436000077,92.95459074803792,-28.118147915111987,74.32251300915055,0.44516440205253655,4.271722661832876,1.6223636633971203,0.0,6,53.08750929225039,0.0
20.693690211999638,95.62898408607788,-28.142066985214925,80.71201395963186,0.4420550867649775,4.694256246944224,1.6690406326393195,0.0,6,53.08750929225039,0.0
20.70379721000063,98.58526815904203,-27.763960760179536,87.07224951876384,0.4416255110307267,5.191421258231632,1.720637523336812,0.0,6,57.65143854259418,0.0
20.71508707400062,102.22603902764695,-26.842060417569417,93.92459382890051,0.44602870825298124,5.846512958289764,1.7841809623046618,0.0,6,67.0889955920718,0.0
20.725220198000898,105.5663395799863,-25.662448188480084,100.23602328906604,0.4553995322471752,6.486555607306174,1.8424802049491689,0.0,6,71.59715949219003,0.0
20.735812902999896,110.18264224327119,-23.65776352020844,101.78678057053381,0.47758416753377597,7.425759368967685,1.9230498856920732,0.0,6,72.704843264667,0.0
20.74601350699959,114.35232297534252,-21.68366635950843,95.55610766151054,0.4890792178894123,8.03871848800173,1.9958245432236854,0.0,6,68.25436261536467,0.0
20.756105766000474,119.15089390638013,-19.4836663594558,89.05821206052329,0.48233794741130054,8.382726788246991,2.0795754053607816,0.0,6,63.61300861465949,0.0
20.76935661800053,124.11005024118855,-17.283666359406066,80.84176277152997,0.47283705576794455,8.667306241120226,2.1661290115243226,0.0,6,57.74411626537855,0.0
20.78082810700107,129.73825198621154,-14.86366635935506,73.88036357099386,0.46224644494175654,8.954055566383579,2.264359662941464,0.0,6,52.77168826499562,0.0
20.791692828999658,134.4673105089931,-12.883666359316628,66.60091076088625,0.45383065145461454,9.169347302072286,2.3468973046835018,0.0,6,47.57207911491875,0.0
20.8028556950012,139.84004565984804,-10.683666359277575,59.67432284120711,0.4448943741914401,9.385958735899246,2.440669222903555,0.0,6,42.62451631514793,0.0
20.812378280999837,145.3226838797592,-8.483666359242081,53.63029247114005,0.4365202351832529,9.576246285813745,2.5363593115366854,0.0,6,38.30735176510004,0.0
20.82185084900084,150.89877656790978,-6.2836663592102004,47.37044237098067,0.4288283073916934,9.73771601409157,2.6336804883412945,0.0,6,38.30735176510004,0.0
20.832467864000137,156.55056638384494,-4.0836663591817715,40.94595374150791,0.42192556300567646,9.86810376731039,2.732322829260047,0.0,6,29.24710981536279,0.0
20.8426099290009,162.25916583450936,-1.8836663591566827,34.488854421111824,0.4159021849696424,9.965458211445078,2.831956685351681,0.0,6,24.634896015079875,0.0
20.852842248001252,168.00478054381725,0.3163336408641743,28.035187971369087,0.4108288324489281,10.028219641939005,2.9322365795801204,0.0,6,20.02513426526363,0.0
20.86301525900126,173.76694692606466,2.516333640881039,21.601941711402247,0.406751557845414,10.055245937061919,3.032805354998068,0.0,6,15.42995836528732,0.0
20.87327307600026,179.5248037279733,4.716333640893835,15.164250800595397,0.4036914548400812,10.045869288936235,3.1332989140497247,0.0,6,10.831607714710998,0.0
20.88314487000025,-174.74262725198864,6.916333640902887,8.75851034081839,0.40164370827774254,9.999911729397665,-3.0498341891323726,0.0,6,10.831607714710998,0.0
20.89339563000067,-169.05614425659655,9.116333640907474,2.4047883512741066,0.4005803060773747,9.91771138635539,-2.9505863380041113,0.0,6,1.7177059651957904,0.0
20.903794066000046,-163.43609441693152,11.316333640908043,-4.120524848543795,0.4004498287945631,9.800078497384332,-2.852497964175777,0.0,6,-2.943232034674139,0.0
20.914199767001264,-157.93673034564202,13.499299580377746,-10.639281008947222,0.39536879305047534,9.573834052284433,-2.756515954365895,0.0,6,-7.5994864349623015,0.0
20.923771601001135,-152.65197859108054,15.626549426953678,-16.866652718503104,0.38179345862971414,9.19151641846068,-2.66427963609825,0.0,6,-7.5994864349623015,0.0
20.934506461000638,-147.66392196687244,17.66121843330517,-23.350421198769112,0.361437638154074,8.66871219459201,-2.577221624729905,0.0,6,-16.67887228483508,0.0
20.944557574999635,-143.04146902761377,19.568471408001187,-29.783095419055684,0.33651999664962207,8.026135571308988,-2.496544601421352,0.0,6,-21.273639585039774,0.0
20.95498066900109,-138.84236735076698,21.314440915514517,-36.35897493927936,0.3091889674358275,7.2840171324339,-2.4232564515343604,0.0,6,-25.970696385199545,0.0
20.96522409499994,-135.11356303669288,22.866369898221077,-42.82522815855722,0.28133038266434607,6.460427515939432,-2.3581765390911986,0.0,6,-30.58944868468373,0.0
20.975631053999678,-131.89312335829345,24.192251061955265,-49.29781854928828,0.25452798283777106,5.571140406647848,-2.3019692633412614,0.0,6,-35.212727535205914,0.0
20.985740636000628,-129.21185061511417,25.2608829593423,-55.75210113881789,0.23001110691856624,4.628236576435018,-2.2551722258288027,0.0,6,-39.82292938486992,0.0
20.99581675800073,-127.09626815479707,26.041201271473145,-62.27389389919503,0.20869244927756536,3.6390547663572836,-2.218248346298827,0.0,6,-39.82292938486992,0.0
21.006367338999553,-125.57133467434691,26.501815246984723,-68.87433018842225,0.19129924834042383,2.605985695710988,-2.191633236191075,0.0,6,-44.48135278513931,0.0
21.017096612000387,-124.66333563463218,26.610449440712408,-75.42855723929628,0.17854238791057084,1.5265307886425956,-2.175785663343106,0.0,6,-53.87754088521163,0.0
21.027590470001087,-124.40212022832243,26.33396264440231,-81.99400710894574,0.1713171340762309,0.39438792255295385,-2.1712265944460665,0.0,6,-58.56714793496124,0.0
21.038920152001083,-124.90449083003435,25.544642771227156,-89.16246903935993,0.17127724927711133,-0.9236495683592176,-2.1799946155111645,0.0,6,-63.687477885257096,0.0
21.04853410800024,-125.96995013805521,24.490179237743902,-95.22357429848293,0.17911156367662692,-2.073159902880168,-2.198590388482149,0.0,6,-68.01683878463066,0.0
21.058630977000576,-127.90253989380108,22.84907119465004,-98.16383895203217,0.1989828630167758,-3.451162895935408,-2.2323204428102272,0.0,6,-68.01683878463066,0.0
21.068886418001057,-130.61132364225315,20.736010466595793,-91.68574740217991,0.22660829823085332,-4.73368194536767,-2.27959763794523,0.0,6,-70.11702782288012,0.0
21.079378530999747,-133.58328216553952,18.53601046654526,-85.2542178915337,0.2290381475585777,-5.175952351278574,-2.3314680994092853,0.0,6,-60.89586992252407,0.0
21.089605819999633,-136.6930632572845,16.33601046649787,-78.76529979129373,0.22505216764403424,-5.43593630751051,-2.3857440184764993,0.0,6,-56.26092842235266,0.0
21.099549845001093,-139.93194781271953,14.1360104664537,-72.29869503172267,0.22036262676477508,-5.662567265055845,-2.4422732180608335,0.0,6,-56.26092842235266,0.0
21.11006598700078,-143.29047569971618,11.93601046641278,-65.88199572238409,0.21568187413426815,-5.870682460595651,-2.500890587708973,0.0,6,-47.05856837313149,0.0
21.120005681001203,-146.758452235718,9.736010466375154,-59.59006287202101,0.21113957735836567,-6.0607342824031,-2.5614181966441123,0.0,6,-42.56433062287215,0.0
21.130341037000107,-150.32496827105157,7.536010466340823,-53.098504441340985,0.20679892379761833,-6.231665525362985,-2.6236656442858575,0.0,6,-37.92750317238642,0.0
21.140775309000674,-153.9784353945831,5.336010466309957,-46.555499582400444,0.20271382099259483,-6.382316139640411,-2.6874306747048493,0.0,6,-33.253928273143174,0.0
21.150886568000715,-157.70663594446836,3.136010466282666,-40.08783831225628,0.198934007505559,-6.511596268650443,-2.7525000494750103,0.0,6,-33.253928273143174,0.0
21.16176351499962,-161.49678632069345,0.9360104662589945,-33.462536552133315,0.19550432752882535,-6.618525998098887,-2.8186506526858395,0.0,6,-23.901811822952368,0.0
21.172091325999645,-165.33561168177116,-1.2639895337612843,-26.89770282227073,0.19246332346641776,-6.702257195436399,-2.8856507946457057,0.0,6,-19.21264487305052,0.0
21.18220607799958,-169.2094423095156,-3.4639895337777507,-20.307344642178577,0.18984287496536528,-6.7621095886773075,-2.953261893764445,0.0,6,-19.21264487305052,0.0
21.192344721001064,-173.10431141106434,-5.663989533790346,-13.90732521177597,0.18766657997582117,-6.7975750672455675,-3.021240183520664,0.0,6,-14.505246172984698,0.0
21.20306065099976,-177.0060636049779,-7.863989533799115,-7.400407381946934,0.18594929023660972,-6.808334797670975,-3.089338605901368,0.0,6,-5.286005272819239,0.0
21.213460623001083,179.09953070437254,-10.063989533804008,-0.8317892422837758,0.18469689254368918,-6.794270244702515,3.1258764995679797,0.0,6,-0.5941351730598399,0.0
21.223855146999995,175.2266572345905,-12.263989533804974,5.688198568559528,0.1839063671509149,-6.755468147779844,3.0582821060071463,0.0,6,4.06299897754252,0.0
21.23431198199978,171.4175068589064,-14.450778204181757,12.2675991585038,0.18013530837350564,-6.62837127963475,2.9917998902478793,0.0,6,8.762570827502714,0.0
21.244512098000996,167.76452237515306,-16.586971616982545,18.72214571839322,0.17002902781516538,-6.346566092166682,2.9280432834821184,0.0,6,13.37296122742373,0.0
21.25482055900102,164.35871718889385,-18.63441410004653,25.22637848854174,0.15415281655930327,-5.908080849930516,2.8686007693003965,0.0,6,18.018841777529815,0.0
21.264902200000506,161.2916186680932,-20.55271649129199,31.822282558141524,0.13355295073354653,-5.310834591671687,2.8150698016293774,0.0,6,18.018841777529815,0.0
21.274984118999782,158.64322208402106,-22.30482770540888,38.14700249870839,0.11063498808215155,-4.574089932807139,2.768846561338748,0.0,6,22.730201827243945,0.0
21.285646889000418,156.4798107433874,-23.858330981946104,44.64300557793649,0.08801629208783503,-3.7220796627862125,2.7310879103697054,0.0,6,31.887861127097494,0.0
21.29599391100055,154.87427038371322,-25.175616997605072,51.327015148026476,0.06722869198531849,-2.743132476724539,2.7030659448197376,0.0,6,31.887861127097494,0.0
21.306165665000663,153.8868555413681,-26.224099035582405,57.65908466822112,0.051052809593852756,-1.6582533587996107,2.6858323047377546,0.0,6,41.185060477300794,0.0
21.316466443000536,153.5877184205793,-26.965344842366328,64.1716353283573,0.04177787834241388,-0.45215196709745475,2.6806113770650537,0.0,6,45.83688237739807,0.0
21.326942278001297,154.04168650689186,-27.36368720949744,70.6803133784797,0.04260364953812506,0.8682588449134698,2.6885346148701856,0.0,6,50.4859381274855,0.0
21.337352380000084,155.3169800465455,-27.382507644888904,77.26706291777191,0.05716574301061416,2.308296465984774,2.7107926860665543,0.0,6,55.190759226979935,0.0
21.34714879999956,157.48046007960227,-26.987331834498164,83.66576186838756,0.08971200209303677,3.8662351814659623,2.748552535944551,0.0,6,55.190759226979935,0.0
21.35797063100108,160.6164032542944,-26.136595482489007,90.14482172859971,0.14637011497207125,5.570636990788252,2.803285069498372,0.0,6,64.38915837757122,0.0
21.368903951000902,165.28806728497287,-24.627853609907284,97.16352068823653,0.24463489040315703,7.611997281213957,2.8848209883807012,0.0,6,69.40251477731181,0.0
21.37908814000002,170.13573881588678,-22.912979293659482,98.45014723559447,0.36015015771686354,9.412080854584799,2.9694288176503427,0.0,6,70.32153373971033,0.0
21.38927058199988,176.14656481056332,-20.714491164572067,91.87228699569036,0.43164649339134187,10.377371604539237,3.074337522021912,0.0,6,65.62306213977882,0.0
21.399876629000573,-177.25566997407353,-18.294491164513715,85.14954943576899,0.43740023803928524,10.451676971346913,-3.093695058876035,0.0,6,60.82110673983499,0.0
21.410257670000647,-171.2974508293487,-16.094491164465364,78.59791861637436,0.4364424091002493,10.391399919200982,-2.989704517245226,0.0,6,56.141370440267394,0.0
21.42005786200025,-165.98579515093834,-14.114491164425703,72.49918534667388,0.4358785131478411,10.298046043094297,-2.896998636924712,0.0,6,51.78513239048135,0.0
21.43062723500043,-160.15948030179118,-11.914491164385774,65.79413881559533,0.4361070599702572,10.158919474331736,-2.7953102595492574,0.0,6,46.99581343971096,0.0
21.440892246000658,-154.4319577172392,-9.714491164349852,59.34865795666641,0.43722107914174674,9.984922097365398,-2.69534613246649,0.0,6,42.39189854047601,0.0
21.450964805000694,-148.822052391976,-7.514491164318149,52.99278010642896,0.4391288051663827,9.778189420876057,-2.597434813815484,0.0,6,37.8519857903064,0.0
21.461432119000165,-143.3472312349424,-5.314491164290834,46.42266571568629,0.44172146936848244,9.541114188023517,-2.501881158667402,0.0,6,33.15904693977592,0.0
21.47183949600003,-138.02345330924146,-3.1144911642671516,39.99896899614699,0.44488419986367705,9.27633660714908,-2.4089637052189268,0.0,6,28.570692140104995,0.0
21.48156501199992,-132.8650538166455,-0.9144911642472646,33.489499036091125,0.44850307370428577,8.986692521364347,-2.3189326499399225,0.0,6,28.570692140104995,0.0
21.492490020000332,-127.88468594251842,1.2855088357689488,26.955736276245567,0.45246782529406226,8.67511627170371,-2.232008832575854,0.0,6,19.254097340175406,0.0
21.502169641000364,-123.09330532764247,3.485508835781604,20.73368932653042,0.4566750976041455,8.344565545354001,-2.1483834651300384,0.0,6,14.80977809037887,0.0
21.512670205000177,-118.50019449116625,5.68550883579062,14.2563903157455,0.46103070321920125,7.997952415053444,-2.0682185581244976,0.0,6,10.183135939818214,0.0
21.5226498560005,-114.1130281454893,7.885508835796677,7.832958195699883,0.4654503640412435,7.638073720404597,-1.991648060559747,0.0,6,5.59497013978563,0.0
21.532947699999568,-109.93795661677433,10.085508835799185,1.3432040865657995,0.46986141902842926,7.267577921459199,-1.9187793158773978,0.0,6,0.9594314904041426,0.0
21.54301571799988,-105.98284830567887,12.280916380943912,-5.073407023705533,0.47381805805922655,6.882318572894049,-1.84974965357579,0.0,6,-3.6238621597896667,0.0
21.553702098999565,-102.26138218416335,14.452520019855525,-11.768726983650287,0.4766293607604484,6.472326776689737,-1.7847978167539207,0.0,6,-8.406233559750206,0.0
21.563742874001036,-98.78557585795402,16.57193656962298,-18.102820693352133,0.4785588509689544,6.043444131487682,-1.7241335521999197,0.0,6,-12.930586209537239,0.0
21.574085844000365,-95.56110412055396,18.605159869315848,-24.61766014363517,0.48007239295749415,5.605773814776048,-1.6678559037447869,0.0,6,-17.584042959739406,0.0
21.58412277699972,-92.5844922140183,20.521177778872936,-30.964252423804883,0.4818109530611515,5.174584296018637,-1.6159042254216738,0.0,6,-22.117323159860632,0.0
21.593789544000174,-89.8454192655018,22.28905378921169,-37.244479243913396,0.4841599245526579,4.761860274389456,-1.5680983840177518,0.0,6,-22.117323159860632,0.0
21.604576937001184,-87.32770847325739,23.87824442836501,-43.79738581385451,0.48735277745613304,4.377720980489775,-1.5241560410800918,0.0,6,-31.28384700989608,0.0
21.614966012000878,-85.01051482824866,25.260496413532024,-50.27728168410673,0.4915026494357771,4.030337304030315,-1.4837133825684008,0.0,6,-35.91234406007624,0.0
21.624858134000533,-82.86852214259825,26.403951330526827,-56.82592000363426,0.4966901823500679,3.72743349302921,-1.4463285576501654,0.0,6,-35.91234406007624,0.0
21.63512957199964,-80.87164127601648,27.273208406958794,-63.05421592344342,0.503019121598454,3.4772880418649392,-1.411476411758236,0.0,6,-45.03872565960245,0.0
21.645174467999823,-78.98689037637217,27.83576225553506,-69.35393872422053,0.5105234817685007,3.2848858430444223,-1.3785813029795175,0.0,6,-49.53852766015751,0.0
21.655772342001,-77.17825215764839,28.05988779132128,-76.0578846434734,0.5193146822561019,3.155701806580915,-1.347014611085382,0.0,6,-54.32706045962385,0.0
21.666323202000058,-75.40729033342046,27.915541938685013,-82.57523212387665,0.5295603656549397,3.094215051149357,-1.3161054963254797,0.0,6,-58.982308659911894,0.0
21.676410361000308,-73.6302315731859,27.36884631781494,-89.00759827369681,0.5416637941503996,3.109326460129704,-1.285089969957978,0.0,6,-63.57685590978343,0.0
21.686990559999686,-71.79912343893358,26.386012651920854,-95.56112035429094,0.5561456490836109,3.2085714939158945,-1.2531311040552247,0.0,6,-68.2579431102078,0.0
21.697052777000863,-69.86077631323171,24.932938461931318,-102.04365466414372,0.5737815331033813,3.401368530587816,-1.2193005646651587,0.0,6,-72.88832476010265,0.0
21.707315130001007,-67.75308818467425,22.9717818893008,-105.40219755734783,0.5958143457399606,3.7031136782068987,-1.1825144672166337,0.0,6,-75.28728396953416,0.0
21.717210532000536,-65.66263554854761,20.77178188924667,-103.00618568587079,0.605965400622359,3.6004852246335037,-1.1460291858592289,0.0,6,-73.57584691847913,0.0
21.727287838000848,-63.77352674373648,18.571781889193122,-100.50869652341163,0.6087600359052712,3.2768307425244347,-1.1130580172868596,0.0,6,-73.57584691847913,0.0
21.737950325001293,-62.08187962203241,16.371781889140806,-97.91168667266844,0.6105930135612119,2.93545941256397,-1.0835332052312383,0.0,6,-71.79192608815116,0.0
21.748190604001138,-60.58396230032964,14.171781889089646,-91.54432392298929,0.6121237364272202,2.5979520585082856,-1.05738961604487,0.0,6,-65.3888028021352,0.0
21.75820734500121,-59.27623961037938,11.971781889041704,-85.03934523270743,0.6134215827107203,2.2663096474940123,-1.0345655494022008,0.0,6,-65.3888028021352,0.0
21.768550591001258,-58.15541661281562,9.771781888997115,-78.52463997243774,0.6144968811373092,1.940359884775108,-1.015003497762641,0.0,6,-60.742389451933875,0.0
21.779319328001293,-57.218478690011764,7.571781888955911,-76.16188674023408,0.6153528373725204,1.6196391716797494,-0.9986508461229171,0.0,6,-54.401347671595765,0.0
21.789157309000075,-56.462726013773775,5.371781888916015,-76.54278608905803,0.615990364704183,1.3035974635361638,-0.9854604735918056,0.0,6,-54.401347671595765,0.0
21.79969000300116,-55.885798800267416,3.17178188887616,-76.83355740466521,0.6164086876308759,0.991642111026081,-0.9753911941717632,0.0,6,-54.88111243190373,0.0
21.81007921499986,-55.48568947290964,0.9717818888361257,-77.03521250565353,0.6166053974863179,0.6831592061106111,-0.9684079690414302,0.0,6,-55.02515178975253,0.0
21.820373911001298,-55.26074862668629,-1.2282181112040345,-77.14858269215011,0.6165763347168522,0.37752270727362824,-0.9644820106526106,0.0,6,-55.106130494392936,0.0
21.830466306000744,-55.2096911332343,-3.4282181112442673,-77.17431566884991,0.6163154613210422,0.07409686480355278,-0.9635908892840579,0.0,6,-55.106130494392936,0.0
21.84111768600087,-55.3315980046873,-5.628218111284519,-70.526483848058,0.6158148283137965,-0.22775691184548347,-0.9657185655717182,0.0,6,-55.124511192035655,0.0
21.85076139800003,-55.62590704756443,-7.828218111321957,-64.39703366860708,0.6150645428164858,-0.5286568562494622,-0.9708552273883173,0.0,6,-50.37605989147001,0.0
21.86091233099978,-56.09240053159795,-10.02821811135577,-57.99899684872438,0.614052728210488,-0.8292090103882686,-0.9789970746238019,0.0,6,-45.99788119186219,0.0
21.87130091400104,-56.731211059095585,-12.228218111386207,-51.43830284834261,0.6127656548698944,-1.130021068952785,-0.9901464216250373,0.0,6,-41.427854891945984,0.0
21.88200468499963,-57.54280525203296,-14.42821811141318,-44.88922667800219,0.6111878241471367,-1.4316742428499718,-1.0043114124818606,0.0,6,-32.06373334143014,0.0
21.891852306000146,-58.5279657933832,-16.628218111436706,-38.48973770829255,0.6093020940181024,-1.7347180297106757,-1.021505707589152,0.0,6,-32.06373334143014,0.0
21.902094401000795,-59.687769187612076,-18.828218111456867,-32.02612733828213,0.6070898511623232,-2.0396625893680405,-1.0417480954942517,0.0,6,-27.49266979163754,0.0
21.912877528000536,-61.023558115708525,-21.028218111473645,-25.456939048632226,0.6045312234260906,-2.3469691754601403,-1.0650620104012205,0.0,6,-18.18352789188016,0.0
21.923354548000134,-62.536908163876646,-23.22821811148701,-18.793219887971677,0.6016053660610994,-2.657040610604335,-1.091474951476969,0.0,6,-18.18352789188016,0.0
21.933399929999723,-64.22959050854813,-25.42821811149728,-12.534779728372117,0.5982908882631606,-2.9702138961891413,-1.121017831581864,0.0,6,-8.95341409169437,0.0
21.94390070100053,-66.10352315754511,-27.628218111503976,-5.9326726784784425,0.5945661590547336,-3.2867408131451135,-1.1537241262674804,0.0,6,-4.237623341770316,0.0
21.954152506001265,-68.16072251651586,-29.828218111507336,0.5089771517159222,0.5904101122853436,-3.6067868833505075,-1.1896290284514368,0.0,6,0.3635551083685158,0.0
21.964294568000696,-70.40404516028575,-32.02717798890143,7.141802371919735,0.5858504573329978,-3.9320910603655737,-1.2287823947697651,0.0,6,0.3635551083685158,0.0
21.975143708999894,-72.84429191564693,-34.212216495069,13.719792391024354,0.5814173246637113,-4.279932691435458,-1.2713727352119264,0.0,6,9.799851707874538,0.0
21.984887873000844,-75.50254670803582,-36.35092470543157,20.08403034166255,0.5775530064247121,-4.661565695763604,-1.317768033696031,0.0,6,9.799851707874538,0.0
21.995433631000196,-78.39454519098237,-38.40858503258081,26.54231532155242,0.5741368126389915,-5.0694487267629835,-1.3682429291861293,0.0,6,18.958796658251728,0.0
22.005841774000146,-82.07598186397152,-38.973920448450826,33.00627786098991,0.6189735416680682,-6.566532100960522,-1.4324961203334556,0.0,6,23.575912757849935,0.0
22.01609246100088,-86.21993175347848,-38.81744879520434,39.569744490985585,0.6267973884989246,-7.220244412095535,-1.5048216899430074,0.0,6,28.264103207846844,0.0
22.026212239001325,-90.57683032770075,-38.492462740882154,45.976451371428965,0.620469879524322,-7.616106854799794,-1.5808639152386323,0.0,6,32.840322408163544,0.0
22.03650113799995,-95.11798470332441,-37.96819242056796,52.513732681021764,0.6093313231932206,-7.936247968494268,-1.6601220109346126,0.0,6,37.50980905787269,0.0
22.046784308000497,-99.80189894948597,-37.21344902172144,58.939275301094284,0.5932554224592991,-8.18013516702372,-1.7418717364112002,0.0,6,42.09948235792449,0.0
22.05712699600008,-104.57393077665509,-36.196029489068685,65.4398534417887,0.5710315556490173,-8.327226237201057,-1.8251594038052623,0.0,6,46.7427524584205,0.0
22.0674075120005,-109.3662578899416,-34.882644350796845,72.05885961173769,0.5414853908018564,-8.35475056956706,-1.908801290764707,0.0,6,46.7427524584205,0.0
22.079353246999744,-114.1002168417099,-33.24112095198112,79.16944722110563,0.5040072771057231,-8.243747712478093,-1.9914244611273233,0.0,6,56.54960515793259,0.0
22.088703216000795,-118.68272666656618,-31.233710530432223,85.4398580115994,0.4580897773157592,-7.969091907022422,-2.0714043455760542,0.0,6,56.54960515793259,0.0
22.09987229500075,-123.23978493713005,-29.03371053039171,92.26689459150654,0.4331438057705889,-7.99743020222297,-2.1509400166026325,0.0,6,65.90492470821896,0.0
22.10980967999967,-127.9513028283724,-26.833710530345712,98.54711952192153,0.42256497863644804,-8.238441055643646,-2.2331715165714314,0.0,6,70.39079965851538,0.0
22.120014473000992,-132.8065609639745,-24.63371053029589,104.99268606109034,0.41374945995698365,-8.485210594591555,-2.317911757071929,0.0,6,74.99477575792166,0.0
22.130528446001335,-137.79342013475915,-22.43371053024208,111.53608467188312,0.4054257285023222,-8.713311371057365,-2.4049488689353957,0.0,6,79.66863190848794,0.0
22.142596079000214,-142.89834298534873,-20.233710530184094,118.83036642159274,0.3975544247978009,-8.917952580647071,-2.4940465807384786,0.0,6,84.87883315828053,0.0
22.155138870000883,-148.10645060707157,-18.033710530121443,126.82857237119967,0.3902290872898969,-9.096550456101003,-2.584945206535753,0.0,6,84.87883315828053,0.0
22.166529951000484,-153.93526002291605,-15.613710530047587,133.94114007111418,0.3829210857580409,-9.260308825410451,-2.686677122313487,0.0,6,95.6722429079387,0.0
22.17561803100034,-158.76657611106083,-13.63371052998254,139.81142085138706,0.377607506909172,-9.367076986068888,-2.770999495256186,0.0,6,95.6722429079387,0.0
22.18804723700123,-164.1831385523507,-11.433710529905799,147.48083484124797,0.37247669457191734,-9.455416124663861,-2.865536343996556,0.0,6,105.34345345803426,0.0
22.199010383001223,-170.17828945258145,-9.01371052981587,154.81490046108226,0.3678360022237517,-9.514262000395247,-2.970171466359485,0.0,6,105.34345345803426,0.0
22.210218861000612,-175.640810264702,-6.813710529728844,161.62798695097442,0.36456667120938063,-9.531939920687334,-3.065510439989703,0.0,6,110.5820717579159,0.0
22.221534637999866,178.90536541119013,-4.613710529637319,168.552679831213,0.362213301383795,-9.515010385283555,3.1224876759088467,0.0,6,120.39477130800928,0.0
22.235050588000377,174.02078200524252,-2.6337105295511702,177.1206275410477,0.36086973833861463,-9.470150234496886,3.037235612886782,0.0,6,120.39477130800928,0.0
22.2460992360011,168.10304591673247,-0.21371052944085425,184.36729137125803,0.3601903171908337,-9.377653543416839,2.9339516338781912,0.0,6,126.51473395789121,0.0
22.2557005460003,163.32076688846493,1.7662894706533958,190.17631095192337,0.3603794686426498,-9.271864172804367,2.850485119085848,0.0,6,135.84022210851668,0.0
22.266391254001064,158.08755143083204,3.966289470761338,196.94226336178326,0.36131407712608554,-9.12366723218035,2.7591482788838917,0.0,6,140.6730452584166,0.0
22.277167117001227,152.95607757914775,6.166289470872425,203.85432600151398,0.36293613828935917,-8.944697181357576,2.6695871646920057,0.0,6,145.61023285822426,0.0
22.28770581900062,147.9429817129148,8.36628947098661,210.0,0.3651601671828963,-8.736806369289233,2.5820921361081233,0.0,6,150.0,0.0
22.299513240001033,143.06370436412206,10.566289471103381,210.0,0.36789509253828145,-8.502088551866494,2.4969326812537105,0.0,6,150.0,0.0
22.312086207999528,138.79849088523173,12.546289471208242,210.0,0.3707153842684512,-8.269767024780286,2.4224906627466325,0.0,6,150.0,0.0
22.32336098000087,133.76183861261902,14.96628947133527,210.0,0.37452218516744207,-7.961320098584027,2.3345844973114858,0.0,6,150.0,0.0
22.333212931000162,129.36341468560647,17.166289471449673,203.7148900502507,0.37823467045033166,-7.660111884173042,2.257817517886618,0.0,6,145.51063575017906,0.0
22.34358949899979,125.14709170974716,19.366289471560414,197.21308026026236,0.38210170828057033,-7.341620377157117,2.1842287996303877,0.0,6,140.8664859001874,0.0
22.353992262000247,121.12146613565838,21.566289471666824,190.66351962017507,0.38604826302089223,-7.008241768375944,2.1139683789100516,0.0,6,136.18822830012505,0.0
22.363906246000624,117.29380153192047,23.76628947176899,184.31772176991217,0.39000820056152835,-6.662292431172464,2.047163028912781,0.0,6,131.65551554993726,0.0
22.375404276001063,113.67010530277678,25.966289471866776,177.20942294954511,0.39392347729805954,-6.305955351416398,1.9839175986221207,0.0,6,126.57815924967508,0.0
22.38452854100069,110.25521746766749,28.166289471960663,171.29236089009282,0.397744295067639,-5.941257270863609,1.9243165623131624,0.0,6,122.3516863500663,0.0
22.395629511000152,107.0529177802314,30.366289472050838,164.37171639001463,0.40142816760878997,-5.5700394119235375,1.8684258891318173,0.0,6,117.40836885001045,0.0
22.405254223000156,104.06603453991053,32.5662894721371,158.19372470994495,0.4049396044348368,-5.193951008175619,1.8162949422155812,0.0,6,112.99551764996068,0.0
22.41519600799984,101.29655943411423,34.766289472219746,151.73306336997484,0.4082492832620063,-4.814442948039735,1.7679584830674173,0.0,6,112.99551764996068,0.0
22.42604396200113,98.50273675881003,37.18628947230664,145.1164335601061,0.4116284764754188,-4.394525760034566,1.7191970786664825,0.0,6,103.65459540007578,0.0
22.43664770000032,96.37299376492133,39.000000000173756,0.0,0.41920666099330595,-4.194140584178548,1.6820260512018432,0.0,6,0.0,0.0
22.44810151099955,93.72135180322486,39.00000000000007,0.0,0.4487430159762539,-4.522483241188416,1.6357461683861985,0.0,6,0.0,0.0
22.45758455500072,91.2916287941561,39.00000000000005,0.0,0.45452269608052415,-4.212122054064787,1.5933395019664847,0.0,6,0.0,0.0
22.46768100100053,89.08318608256239,39.00000000000004,0.0,0.45748564383777984,-3.8342846136045976,1.554794905307503,0.0,6,0.0,0.0
22.478184497000257,87.09502340721691,39.00000000000003,0.0,0.45991995238175737,-3.4508420482263014,1.5200949205574652,0.0,6,0.0,0.0
22.48850643700098,85.32587486650702,39.00000000000002,0.0,0.46204686937028977,-3.068827725954164,1.4892174535652245,0.0,6,0.0,0.0
22.49912917599977,83.7742940475375,39.00000000000001,0.0,0.4638823763203888,-2.6892569377216793,1.4621372596634163,0.0,6,0.0,0.0
22.508953603999544,82.43872893400099,38.999999891657275,0.0,0.4654229769463786,-2.3123847541680966,1.4388272510574325,0.0,6,0.0,0.0
22.519687203999638,81.31763217097006,38.999848086218,0.0,0.46666156193758573,-1.9381812604477306,1.419260421309092,0.0,6,0.0,0.0
22.530459294001048,80.40960362417029,38.999010206199266,0.0,0.46758983733317727,-1.5664157368725717,1.4034123334653366,0.0,6,0.0,0.0
22.54116599900044,79.71331899153881,38.996993505155835,0.0,0.4682030803314942,-1.1969586933075582,1.391259874094878,0.0,6,0.0,0.0
22.5514052310009,79.22752158754112,38.99342581159436,0.0,0.46849679908964464,-0.8296878081832824,1.3827811098974774,0.0,6,0.0,0.0
22.562473648000378,78.95103264060934,38.9880519098653,0.0,0.4684655377891347,-0.46446623623962435,1.377955467428146,0.0,6,0.0,0.0
22.572982383000635,78.8827586511924,38.980730345970336,0.0,0.4681024087980094,-0.10114492260350842,1.3767638615193487,0.0,6,0.0,0.0
22.58323844900042,79.02169559677596,38.9714308054528,0.0,0.4673988880402255,0.260432189262203,1.3791887686724458,0.0,6,0.0,0.0
22.593521759001305,79.36692984360538,38.9602321388925,0.0,0.4663448157110926,0.6204224424751993,1.385214242970262,0.0,6,0.0,0.0
22.604223645001184,79.91763571166285,38.94732104246118,0.0,0.46492858727132147,0.9789786374748441,1.3948258735779184,0.0,6,0.0,0.0
22.614278316999844,80.67306972536016,38.93299133602245,0.0,0.4631375289465211,1.336243262532786,1.4080106843984925,0.0,6,0.0,0.0
22.62526542300111,81.63256165461716,38.91764371887977,0.0,0.4609584574822918,1.692342909811432,1.4247569777103397,0.0,6,0.0,0.0
22.635826130001078,82.79550249739378,38.90178582300125,0.0,0.4583784275823601,2.0473829542561814,1.4450541244227093,0.0,6,0.0,0.0
22.646303010000338,84.1613295635261,38.8860323249349,0.0,0.4553856717301239,2.4014425056267314,1.4688923037395725,0.0,6,0.0,0.0
22.656906469001115,85.72950877890482,38.87110482027847,-0.18506102973333327,0.45197073520169756,2.7545695563229535,1.4962621943092724,0.0,6,-0.13218644980952376,0.0
22.667313214000387,87.49955905801491,38.857491111707645,-6.797157989694824,0.4481299720000575,3.1068757380055616,1.5271553996055882,0.0,6,-4.855112849782017,0.0
22.677864490000502,89.47173810161367,38.833384386535435,-13.333955459820574,0.44390149695997905,3.459900856714194,1.5615764173552193,0.0,6,-9.524253899871837,0.0
22.68758420300037,91.64507180323379,38.76655803881191,-19.83127524059455,0.43920346484513423,3.810133662486342,1.5995082461930465,0.0,6,-9.524253899871837,0.0
22.698666588001288,94.01282012870871,38.62186872873651,-26.62851596960536,0.4337620298110447,4.147953001184912,1.6408332503311662,0.0,6,-19.020368549718114,0.0
22.70925781799997,96.5622431770517,38.36939603301118,-33.27181304965052,0.4272216165297736,4.462792685383741,1.6853290765509819,0.0,6,-23.76558074975037,0.0
22.71968342100081,99.27324678985482,37.97612800111686,-39.84275903962043,0.41910919190969487,4.741880133218531,1.7326450156278579,0.0,6,-28.45911359972888,0.0
22.73026417300025,102.1181656097903,37.409122836888855,-46.497234840626334,0.4089057485212684,4.971964269209434,1.7822982159876837,0.0,6,-33.21231060044738,0.0
22.740780658001313,105.06132049790317,36.635181939924735,-53.02874912989864,0.39607054081348936,5.138986522650907,1.8336659591814186,0.0,6,-37.8776779499276,0.0
22.75165382600062,108.35973280009549,35.50472060338387,-59.993576159995435,0.3783540065048282,5.233377972303664,1.8912341139429607,0.0,6,-42.852554399996734,0.0
22.761920577000637,111.05838076570242,34.33062202366847,-66.38971857071738,0.36065971848877926,5.2262917770351915,1.9383344062950485,0.0,6,-47.42122755051241,0.0
22.77174905300126,113.99977564986273,32.72952308039865,-72.54671550021158,0.3376019164525573,5.118690543762762,1.9896714316249628,0.0,6,-51.819082500151126,0.0
22.782545379999647,117.0903788354955,30.568284061761535,-79.45270242002152,0.3085272441632782,4.868891176689156,2.0436126330868802,0.0,6,-56.751930300015374,0.0
22.79237853700033,119.57676742420769,28.589781920560657,-85.55763741060218,0.29330274666518347,4.862796825193049,2.087008300443923,0.0,6,-61.11259815043013,0.0
22.802617414999986,122.49901438242199,26.389781920517496,-92.03000288998737,0.2863862697758106,5.119007301787459,2.138011131421152,0.0,6,-65.73571634999098,0.0
22.812576243000876,125.58489199469771,24.189781920470804,-98.52076499992108,0.2806847200249141,5.3996674486392235,2.1918698560689442,0.0,6,-65.73571634999098,0.0
22.822624974000064,128.82734161899234,21.989781920420455,-104.92377252052391,0.27504948191452216,5.671744076390612,2.2484612778429387,0.0,6,-70.37197499994363,0.0
22.833847001000322,132.56545236923012,19.56978192036091,-111.79855743055668,0.26883814407882833,5.955460976494191,2.313703618238783,0.0,6,-79.85611245039763,0.0
22.843461370001023,135.74960814202865,17.589781920308358,-118.0468734900751,0.26378895416263515,6.173814948857719,2.369277620370502,0.0,6,-79.85611245039763,0.0
22.854258465000385,139.41111392961764,15.389781920246454,-124.48478049060215,0.25827360415232736,6.400413925151943,2.433182951944758,0.0,6,-88.9177003504301,0.0
22.864384667000195,143.19254622105328,13.189781920180577,-131.03037717020925,0.25292242436426504,6.608684294497886,2.4991813958715436,0.0,6,-93.59312655014946,0.0
22.874870065999858,147.08259039000046,10.989781920110573,-137.57276147969606,0.24780216461797772,6.797135795540306,2.5670754746676785,0.0,6,-98.2662581997829,0.0
22.884909786000208,151.06910705267535,8.789781920036356,-143.9607182996042,0.24297782684392408,6.964334256004199,2.6366533161169716,0.0,6,-102.82908449971728,0.0
22.895462804999624,155.139184051317,6.589781919957575,-150.4569809406712,0.23851100737217476,7.1089377541053285,2.707689560552957,0.0,6,-107.46927210047943,0.0
22.910757554000156,159.27919966961187,4.389781919874509,-160.00901196021005,0.234457382633839,7.229717180019782,2.7799464641761915,0.0,6,-107.46927210047943,0.0
22.91921783900034,163.4749068804634,2.1897819197871997,-165.50697407979897,0.23086524766374483,7.325593256129968,2.8531753694552187,0.0,6,-118.2192671998564,0.0
22.930329494000034,167.71155945636124,-0.010218080305373278,-172.34901599973455,0.22777601526677407,7.395700707725147,2.9271189061677347,0.0,6,-123.10643999981039,0.0
22.940427962001195,171.97399828853455,-2.2102180804022358,-178.85676479965696,0.22521847706130588,7.439335381392501,3.001512497954021,0.0,6,-127.75483199975497,0.0
22.95101353500104,176.24679494254642,-4.4102180805033075,-185.46379845016418,0.2232116188330485,7.456038225412379,3.076086867834725,0.0,6,-132.47414175011727,0.0
22.962080901001173,-179.48561292896412,-6.610218080608486,-192.3421478997443,0.22176300455048784,7.445589146344457,-3.1326149055705272,0.0,6,-137.38724849981736,0.0
22.97288442200079,-174.8158310736108,-9.030218080728785,-199.22921150999173,0.22080958651140778,7.402777116754161,-3.051111836844722,0.0,6,-142.3065796499941,0.0
22.982692990000942,-171.02809995156653,-11.010218080831043,-205.5067053897801,0.22051502546564714,7.343602472590917,-2.9850034575847904,0.0,6,-146.79050384984293,0.0
22.993232107999575,-166.86869074364037,-13.210218080947856,-210.0,0.22067623170278544,7.25285709363515,-2.9124080719687093,0.0,6,-150.0,0.0
23.00345268500132,-162.77524617773543,-15.410218081067153,-203.52468549057448,0.22131839125418779,7.1365162009149525,-2.8409639865457983,0.0,6,-145.37477535041035,0.0
23.01415666200046,-158.3655546293845,-17.830218081195184,-196.794646230519,0.22252733195400035,6.980055813728322,-2.7640003500297077,0.0,6,-140.5676044503707,0.0
23.024301305000336,-154.45606198596465,-20.03021808130698,-190.35559514948545,0.22402956229326784,6.813119249216209,-2.695766831319535,0.0,6,-135.96828224963247,0.0
23.034496524000133,-151.02932524697152,-22.010218081403888,-184.08082980035033,0.22566639685393847,6.643878642338362,-2.635958992625051,0.0,6,-131.48630700025024,0.0
23.04476390400123,-147.334837683122,-24.210218081507794,-177.54548700002488,0.2277529701595228,6.436043755533682,-2.5714780204618926,0.0,6,-126.81820500001777,0.0
23.054226128000664,-143.7700422459565,-26.410218081607482,-171.2905691695596,0.23006919428683434,6.20884857357531,-2.509260602923284,0.0,6,-126.81820500001777,0.0
23.065077919000032,-140.34517575740767,-28.610218081702737,-164.68516407045172,0.23256105753657205,5.963869967663386,-2.4494854062568905,0.0,6,-117.63226005032266,0.0
23.075750740999865,-137.0695496167411,-30.810218081793796,-157.99697760041454,0.23517627780933434,5.70272106070477,-2.392314945037864,0.0,6,-112.8549840002961,0.0
23.085912149999785,-133.95154992907683,-33.01021808188101,-151.61544614988088,0.2378648024795512,5.427014816228272,-2.3378955844119673,0.0,6,-108.29674724991492,0.0
23.096044359001098,-130.99865781260388,-35.21021808196385,-144.99437421029143,0.24057903607696376,5.138328072921221,-2.2863578945233307,0.0,6,-108.29674724991492,0.0
23.106657174999782,-128.21746850443225,-37.410218082043016,-138.3288085199638,0.24327533213095953,4.838201938984966,-2.237816983974472,0.0,6,-103.56741015020816,0.0
23.11724072099969,-124.83798020232686,-39.00000000000759,0.0,0.35147886059428135,6.768316033142774,-2.1788337860701006,0.0,6,0.0,0.0
23.128038724000362,-119.63221184937171,-39.000000000000256,0.0,0.5069605245972294,8.783152911691673,-2.087975988214911,0.0,6,0.0,0.0
23.138193984999816,-114.63316093091967,-39.00000000000024,0.0,0.5298852284470639,8.675256178667599,-2.0007260902130763,0.0,6,0.0,0.0
23.14825417300017,-109.84822508234514,-39.00000000000022,0.0,0.5366166611859773,8.328387088344476,-1.9172132051587418,0.0,6,0.0,0.0
23.158811033999882,-105.28305210170377,-39.0000000000002,0.0,0.5416195536331095,7.947505538794059,-1.8375359057234668,0.0,6,0.0,0.0
23.16925885099954,-100.94167701554383,-39.00000000000018,0.0,0.5463572562554229,7.557092216485666,-1.761764616405923,0.0,6,0.0,0.0
23.179026763000365,-96.82667711468287,-39.000000000000156,0.0,0.5509340639322531,7.162003798511511,-1.689944319416659,0.0,6,0.0,0.0
23.18987946299967,-92.93933750413218,-39.000000000000135,0.0,0.5553245645628387,6.764730116451645,-1.6220974440693556,0.0,6,0.0,0.0
23.200056939000206,-89.27982069021776,-39.000000000000114,0.0,0.5594992453688303,6.367242405109629,-1.5582268266344563,0.0,6,0.0,0.0
23.210352051000882,-85.84733483657274,-39.00000000000009,0.0,0.5634360319605229,5.971195092955605,-1.4983186469602225,0.0,6,0.0,0.0
23.22096186300041,-82.64029645416112,-39.00000000000007,0.0,0.5671201229335573,5.57795710679056,-1.4423452679493067,0.0,6,0.0,0.0
23.231391377001273,-79.65648437022931,-39.00000000000006,0.0,0.5705426954549149,5.188629512753459,-1.3902679228239032,0.0,6,0.0,0.0
23.24184094100019,-76.89318279432324,-39.00000000000004,0.0,0.573699602499724,4.804064849599266,-1.3420392120987943,0.0,6,0.0,0.0
23.252235807000034,-74.34731213622429,-39.00000000000002,0.0,0.5765901966522408,4.424888538178113,-1.2976053867850528,0.0,6,0.0,0.0
23.262748519000525,-72.01554691913628,-39.000000000000014,0.0,0.5792163014943992,4.051521375355797,-1.2569084063633866,0.0,6,0.0,0.0
23.27350223400026,-69.89442130853455,-38.99999913167392,0.0,0.5815812611796398,3.6841999823168714,-1.2198877806100112,0.0,6,0.0,0.0
23.284162202000516,-67.98063034332759,-38.999722676960744,0.0,0.5836755094408124,3.3225326819746046,-1.1864858270722296,0.0,6,0.0,0.0
23.29455175899966,-66.27139778416235,-38.99831325907002,0.0,0.5854856067544347,2.9657188116232045,-1.1566540912325074,0.0,6,0.0,0.0
23.30492357299954,-64.76410747065484,-38.99495175452118,0.0,0.587019162148797,2.61347373357577,-1.1303469124783838,0.0,6,0.0,0.0
23.315361750001102,-63.45626117625374,-38.98894515086625,0.0,0.5882873963298908,2.2655763816294265,-1.1075206885310775,0.0,6,0.0,0.0
23.3254825719996,-62.34550371059433,-38.97971689967936,0.0,0.5893008934821248,1.9217736790610473,-1.088134313564213,0.0,6,0.0,0.0
23.336375857999883,-61.42964661581026,-38.966797653499874,6.26699660973827,0.5900684135879317,1.5817726832965646,-1.0721495917824813,0.0,6,4.476426149813051,0.0
23.346859790999588,-60.721966161168965,-38.935057124495316,12.877110960325808,0.5901821807743837,1.212406086605174,-1.0597982377969801,0.0,6,9.19793640023272,0.0
23.357540646000416,-60.25618126259642,-38.85056201997104,19.555923029802216,0.5895527500524367,0.7864713894576892,-1.0516687577108215,0.0,6,13.968516449858726,0.0
23.36793481300083,-60.06828945987453,-38.678282663724204,26.137079430372978,0.5885503294687199,0.2981199337369324,-1.0483894271158167,0.0,6,18.669342450266413,0.0
23.378484758999548,-60.19436525864627,-38.38336371182899,32.789178239872854,0.5877018254091871,-0.2528618923802333,-1.0505898649114656,0.0,6,23.42084159990918,0.0
23.388920561001214,-60.66930709168117,-37.93131337440289,39.245833410095656,0.5876069572977582,-0.8645803744775293,-1.0588791636533816,0.0,6,28.032738150068326,0.0
23.399348049000764,-61.525351250541,-37.28826578893418,45.93846452982689,0.5888715525949778,-1.5319151190456088,-1.073819952767951,0.0,6,32.81318894987635,0.0
23.409810466000636,-62.790829418549706,-36.42085826965247,52.512051480516675,0.5920429810049487,-2.248438111751371,-1.095906713411809,0.0,6,37.50860820036905,0.0
23.420351259999734,-64.48893475258093,-35.295950630313946,59.155656629882294,0.5975086726107197,-3.004485040329796,-1.125544242536332,0.0,6,42.25404044991592,0.0
23.430525243000375,-66.63534639700136,-33.88130885014164,65.71335623955747,0.6053869002306145,-3.7870920190812765,-1.1630061928346143,0.0,6,42.25404044991592,0.0
23.441454994001106,-69.23404039318584,-32.14855305306544,72.42702368999744,0.6152724576305665,-4.575654255443535,-1.2083619593198422,0.0,6,51.73358834999817,0.0
23.451769246999902,-72.27691525871616,-30.072984456608033,78.93763331974696,0.6260327147944484,-5.342741238472894,-1.2614701444495262,0.0,6,56.38402379981926,0.0
23.462594144000832,-75.59278048278371,-27.87298445656844,85.69935906047249,0.6240871566387988,-5.789070628397812,-1.3193429101618843,0.0,6,61.21382790033749,0.0
23.472819471000548,-79.09639774589212,-25.67298445652603,92.33002526972996,0.6169372449593722,-6.130089063594866,-1.3804925671328387,0.0,6,61.21382790033749,0.0
23.483675035000488,-82.78970982162429,-23.47298445648051,99.04976655039718,0.6087146124268642,-6.46266071410219,-1.444953023158031,0.0,6,70.7498332502837,0.0
23.49426305199995,-86.67397279707086,-21.272984456431857,92.39322309120325,0.5999129427860238,-6.7960809431310505,-1.5127462010928854,0.0,6,65.99515935085947,0.0
23.50486706599986,-90.74961925520995,-19.07298445638547,85.80881022040558,0.5906154369060367,-7.130027819639639,-1.5838796509346578,0.0,6,61.2920073002897,0.0
23.515159522999966,-95.01611106008262,-16.87298445634265,79.24798581054347,0.5808704534424713,-7.462913054470951,-1.6583439804390414,0.0,6,56.60570415038819,0.0
23.526048269000967,-99.47178654064439,-14.672984456303665,72.47160501066901,0.5707353788686284,-7.79277673227557,-1.7361101879752248,0.0,6,51.765432150477864,0.0
23.536436569000216,-104.11371606100448,-12.47298445626788,79.10926863012719,0.560282782784455,-8.117395169410123,-1.8171271417510297,0.0,6,56.50662045009085,0.0
23.54700537499957,-108.93756906420596,-10.272984456230086,85.73060517035628,0.5496021898715922,-8.434316562240664,-1.901319259289112,0.0,6,61.23614655025449,0.0
23.557857796000462,-113.93749756183556,-8.072984456188799,92.44854150034371,0.5387996329425438,-8.740880186230672,-1.988584473937042,0.0,6,66.0346725002455,0.0
23.568408160999752,-119.10602124782189,-5.872984456143838,99.18940668050709,0.527995323568841,-9.034231539262048,-2.078792229724817,0.0,6,70.84957620036221,0.0
23.579264493000665,-124.43394331313999,-3.672984456095015,105.95522490035366,0.5173217478309069,-9.3113717088926,-2.1717820120542743,0.0,6,75.6823035002526,0.0
23.589765329999864,-129.91029760503292,-1.472984456042136,112.4824703100785,0.5069204330867717,-9.569213247561445,-2.2673624254535287,0.0,6,80.34462165005607,0.0
23.5999405700004,-135.52233330984154,0.7270155440148917,118.98128571050621,0.4969376678767973,-9.804645957336575,-2.3653109262419196,0.0,6,84.98663265036157,0.0
23.61124810000001,-141.2555428502573,2.9270155440762187,126.02365692047897,0.48751947825789504,-10.014613182427528,-2.4653743094289258,0.0,6,90.01689780034212,0.0
23.62191798800086,-147.09373884976495,5.1270155441422505,132.9547732803985,0.47880622656137206,-10.196197426132233,-2.5672700519970952,0.0,6,94.96769520028465,0.0
23.632339957999648,-153.01918007575466,7.327015544213139,139.38660708097814,0.47092658263719034,-10.346704287394838,-2.670688511024025,0.0,6,99.56186220069867,0.0
23.64445529800105,-159.61507421308156,9.747015544296433,146.94832887063967,0.4633535740201684,-10.473526148905433,-2.78580858083337,0.0,6,104.96309205045691,0.0
23.65476193700124,-165.05414365859352,11.727015544369111,153.42593217021204,0.4580896278919442,-10.545315620289696,-2.8807382509021764,0.0,6,109.58995155015145,0.0
23.665621832000397,-171.12220399611982,13.927015544454688,160.25248239067878,0.4532840870804443,-10.589889468005541,-2.986645883001689,0.0,6,114.46605885048484,0.0
23.675540353000542,-177.1951361584158,16.127015544544566,153.94233372100643,0.4496072955311257,-10.596428586841023,-3.0926385444840125,0.0,6,109.95880980071888,0.0
23.686122011000407,176.14538750210505,18.547015544642186,147.19433946060235,0.44686457477103675,-10.559082643658737,3.074316974113003,0.0,6,105.13881390043025,0.0
23.69604618700032,170.7327858182803,20.52701554471871,140.87305869119518,0.4456060761246242,-10.493861089387273,2.979849253631272,0.0,6,100.6236133508537,0.0
23.70599718700032,164.7774932841374,22.727015544800565,134.61884772070334,0.4451976074099455,-10.385442172751734,2.8759097909910416,0.0,6,96.15631980050239,0.0
23.71640839599968,158.90434480104958,24.9270155448788,128.01076008074233,0.44575835229832156,-10.240361693056562,2.773404012502649,0.0,6,91.43625720053024,0.0
23.72691991800093,153.13344160685983,27.127015544953093,121.43765949063892,0.44719532536222856,-10.060321040577936,2.6726827509501803,0.0,6,86.74118535045636,0.0
23.736859181999534,147.48367310409242,29.32701554502333,114.90588312070031,0.4494024891319014,-9.847451440661851,2.574075688601418,0.0,6,86.74118535045636,0.0
23.7475700720006,141.97251081048918,31.527015545089448,108.4271382605948,0.4522660923790748,-9.604238248634383,2.4778877609662793,0.0,6,77.44795590042486,0.0
23.758195247999538,136.61585249607833,33.727015545151495,101.78195118105577,0.4556694960039518,-9.333434283146486,2.3843964364754804,0.0,6,72.70139370075412,0.0
23.768487422999897,131.42791735771897,35.9270155452094,95.31319560073825,0.4594974947500935,-9.037970717322906,2.293849886931202,0.0,6,68.08085400052732,0.0
23.778864752001027,126.4211907589781,38.127015545263255,88.78749306102691,0.4636400412436109,-8.720871652160394,2.206466023035997,0.0,6,0.0,0.0
23.7888127490005,119.9945445271906,39.000000000000476,0.0,0.7563113564644093,-11.832994110640332,2.0942998864304183,0.0,6,0.0,0.0
23.799606067999775,112.72166251335976,39.00000000000047,0.0,0.8700412328509686,-12.542005623849473,1.9673641491799945,0.0,6,0.0,0.0
23.814151401000345,105.67619825737916,39.00000000000045,0.0,0.8877458941224698,-12.26144945824598,1.8443976005815603,0.0,6,0.0,0.0
23.826993864000542,98.86559302051428,39.00000000000041,0.0,0.8949352033842775,-11.863923708897218,1.7255301151447,0.0,6,0.0,0.0
23.83657463000054,92.29407399317975,39.00000000000038,0.0,0.9009264959257719,-11.448074714228111,1.6108354712602573,0.0,6,0.0,0.0
23.846758110001247,85.96289001893282,39.000000000000334,0.0,0.9065870445188617,-11.029064726889924,1.5003354653601484,0.0,6,0.0,0.0
23.857706508000774,79.87059186539635,39.00000000000029,0.0,0.9119252344636353,-10.612646403153558,1.394004803567766,0.0,6,0.0,0.0
23.868017474000226,74.0133374492378,39.00000000000025,0.0,0.9168838555979515,-10.20308244374592,1.291776428878821,0.0,6,0.0,0.0
23.87853053300023,68.38520525159869,39.00000000000021,0.0,0.9214189380666058,-9.803987191252661,1.1935469912925143,0.0,6,0.0,0.0
23.88884638899981,62.978502444492825,39.00000000000018,0.0,0.925504211226658,-9.418428332830585,1.0991822256316972,0.0,6,0.0,0.0
23.899179010000807,57.784057587674404,39.00000000000014,0.0,0.9291280381910629,-9.048964091313065,1.0085220600669302,0.0,6,0.0,0.0
23.90982626100049,52.30290787404545,39.000000000000114,0.0,0.9325809282837554,-8.663623308123993,0.9128579507693608,0.0,6,0.0,0.0
23.920021407000604,47.98945753769163,39.00000000000009,-0.2139022190749529,0.9349973343348399,-8.366254125972212,0.8375740402787297,0.0,6,-0.15278729933925206,0.0
23.930487243000243,43.3658622230854,39.00000000000006,-6.747834449706716,0.937263188134946,-8.05597135477842,0.756877078759068,0.0,6,-4.819881749790511,0.0
23.94157870500021,38.49326976617941,38.98611341667852,-13.828227418671304,0.9361820427598055,-7.691844877214184,0.6718342972782185,0.0,6,-9.877305299050931,0.0
23.951491984000313,34.71023115213041,38.93520421585336,-20.048199149132415,0.9297626601943842,-7.327912952237748,0.6058078177329804,0.0,6,-14.320142249380297,0.0
23.961633340000844,30.783066349688074,38.797098324043965,-26.43025664954621,0.9154851829482007,-6.818540000589154,0.537265861661929,0.0,6,-18.878754749675863,0.0
23.971664046001024,27.20735033948044,38.536647674441014,-52.21937164722477,0.8950944608576294,-6.199001717795535,0.47485784416753063,0.0,6,-18.878754749675863,0.0
23.982426419001058,24.361756903010193,37.954492692181674,-78.48036414659873,0.8403241629125954,-4.755622357086736,0.42519286952798474,0.0,6,-143.79901274260192,0.0
23.992972938000094,23.196804656957326,36.563405095732534,-104.63517414907983,0.764921217435623,-1.7207476503383772,0.4048606172058591,0.0,6,-206.57055674855656,0.0
24.003178842000125,23.658264342010092,34.390242729238146,-78.24407915111806,0.7533159279527606,0.6113778266497302,0.41291460807524594,0.0,6,-206.57055674855656,0.0
24.01365473700025,24.25356207996012,32.19024272912436,-52.936441649108026,0.7542842153199426,1.0147425548572961,0.42330451363214827,0.0,6,-82.49359874862421,0.0
24.02453251100087,25.003910935599205,29.770242729043318,-25.82321165053145,0.753809711342737,1.2026903433312168,0.43640057170162194,0.0,6,-17.421846752040437,0.0
24.034464092001144,25.69436364260828,27.7902427290256,-0.7710741522532816,0.7531699334933252,1.3388961982690397,0.44845124476823806,0.0,6,42.70328324382717,0.0
24.04468690000067,26.315560204018528,25.709066267771423,25.33571085106814,0.7479241067315282,0.9734039591247182,0.45929317006691406,0.0,6,42.70328324382717,0.0
24.055617346000872,26.478639438175726,23.913176351759386,-1.0461316481087168,0.7439312805717389,0.2710103992849174,0.4621394396445879,0.0,6,-27.703034035567526,0.0
24.06590036899979,26.620790309493103,22.176726708568577,-18.766535839279523,0.743776025127868,0.3787084364881834,0.4646204403836549,0.0,6,-13.40466845662823,0.0
24.076751947999583,27.193594777754015,20.264281429022997,7.46214666072513,0.7455493154806414,1.0151700775745804,0.4746177643249432,0.0,6,49.544169543382935,0.0
24.08773101299994,27.732546829329987,18.41883757549065,35.22695416144155,0.7422267785257859,0.7908840479896425,0.4840242521353222,0.0,6,49.544169543382935,0.0
24.097883825999816,27.691373580240924,16.929208792721703,9.638149159979669,0.7399060049249021,-0.11190115294782596,0.4833056433749743,0.0,6,-21.6113987335886,0.0
24.108016101999965,27.493604084083252,15.430850327565654,-16.291900836552365,0.7405954657974948,-0.16747448144519317,0.47985391450701265,0.0,6,-36.980209286066724,0.0
24.117869933001202,27.790457330745934,14.009984909659456,8.205061664409307,0.7410461832763978,0.6136230314066681,0.4850349810565113,0.0,6,21.81250071624129,0.0
24.12793256199984,28.426422834172943,12.318312811586265,33.034711665675,0.7415555660497375,1.0084111692666045,0.4961346730204159,0.0,6,81.36710391928929,0.0
24.138282997000715,28.462601818980456,10.99628524330114,6.999006665534702,0.737430965351388,-0.12348092237874678,0.496766115425336,0.0,6,18.88141191895258,0.0
24.149759224001173,27.74390214491382,10.128116169119426,-20.944980832030403,0.7453283977822821,-1.187413756605468,0.4842224397798631,0.0,6,-48.18415807520367,0.0
24.16046403600012,27.20515325062927,9.219173509034736,-47.96442833445587,0.743694217497277,-0.7588422681004439,0.4748194977331188,0.0,6,-65.96638454954247,0.0
24.172915307999574,27.671414209463496,7.723269434603225,-17.231630834760715,0.743607003733424,0.96015414365263,0.48295728663828186,0.0,6,7.792329449725898,0.0
24.183433117001186,28.834367108480098,6.02732569091293,10.404466667420941,0.7509436070011314,1.9231690974267979,0.5032546437717347,0.0,6,7.792329449725898,0.0
24.19280305800021,29.610933386131897,4.688867130140658,33.96152166409332,0.7410331949765726,1.367513876538194,0.516808282176715,0.0,6,74.11896345496187,0.0
24.20340762700107,29.27152692036911,3.8972144358063767,7.311959163086734,0.7375560785694125,-0.8456812912672933,0.5108845218465969,0.0,6,130.6558954469756,0.0
24.214090155999656,27.487925600055746,3.933808133314112,-18.602548337515024,0.7791726844873985,-3.109318961610202,0.47975480626421074,0.0,6,4.502127443115569,0.0
24.224048699999912,25.152730025764193,4.317480499878088,-44.17668333495646,0.810665556318677,-3.9709476659455114,0.4389979548148233,0.0,6,4.502127443115569,0.0
24.235903754999526,23.04091205238138,4.5655572270155815,-72.7596758391545,0.7918667416508093,-3.0971845862877347,0.40213977797649925,0.0,6,-125.47497856081918,0.0
24.24596924800062,22.57007497297891,4.173142819113848,-60.056150347954954,0.7571475627537706,-0.7747843114725735,0.3939221207004522,0.0,6,-64.18297456417804,0.0
24.25636411100095,23.81010765605422,2.8215017042553194,-34.334970348063635,0.7689151844004757,2.0924239144341894,0.4155647738524557,0.0,6,-2.452142564438873,0.0
24.2663283840011,25.457386967736472,1.4301595923566754,-9.354607847890417,0.7844529313841474,3.072170334613926,0.4443152215412969,0.0,6,57.50072743597684,0.0
24.276855762000196,27.080698253873713,0.03234410037571058,17.64894964977417,0.7701609943457306,2.663704682999223,0.47264734826917554,0.0,6,57.50072743597684,0.0
24.286808230001043,27.68124835448453,-0.7832181718540431,41.90892465245257,0.7424316151516099,0.7974142899384917,0.4831289248480175,0.0,6,136.7576651959149,0.0
24.297151818000202,26.523415903117098,-0.6238660495553012,16.047332153866467,0.7633415966946556,-2.2271584085065377,0.4629209363852187,0.0,6,74.68984319930826,0.0
24.307477174999804,23.844420381953693,0.38107115217326265,-10.119527848510312,0.8391409690662542,-4.685980956316307,0.4161636438947358,0.0,6,11.889379193603986,0.0
24.317433344000165,20.469174327607046,1.7927396088308216,-35.801415344431135,0.8943906190606675,-5.795829776544668,0.3572544871814394,0.0,6,11.889379193603986,0.0
24.3276810210009,17.342906144848545,3.1267474668591357,-60.749995347614586,0.8780019852188466,-5.26880764912171,0.30269081409196374,0.0,6,-109.62374280424626,0.0
24.338179759000923,15.444883566021538,3.8991018847425702,-86.70135034848512,0.8075584136475258,-3.03846684774803,0.26956407081423883,0.0,6,-171.7144242903238,0.0
24.34862799199982,15.700762842869434,3.659841043963287,-60.404732850693236,0.7723623342042013,0.742210664383447,0.2740300066828567,3.659841043963287,7,-108.60254229562327,0.0
24.358911155000897,18.22491926999268,2.3475601093220275,-34.568987850471004,0.8461816374177049,4.501831403750775,0.3180848471715336,3.659841043963287,7,-46.59675429508991,0.0
24.36914590900051,22.10903628773308,0.39463280820470675,-9.12041785071791,0.9378794402477773,6.7441250960487125,0.38587547766384667,3.659841043963287,7,14.479813704317507,0.0
24.379590229000314,26.35076862465272,-1.7056193822585461,16.596922148855686,0.9565579675482837,7.289219525419463,0.4599076729314078,3.659841043963287,7,76.20142970329414,0.0
24.39002316299957,30.113611606412153,-3.515815156163715,42.78753215017774,0.8945689551732741,6.378289325283248,0.5255816721986708,3.659841043963287,7,139.05889370646707,0.0
24.400429901999814,32.552120837901406,-4.562676414745946,68.7137396498291,0.7870904917266597,3.9979875865778007,0.5681416871284348,3.659841043963287,7,201.28179170563033,0.0
24.411242850001145,33.10606887860808,-4.511772173731107,95.8582296497842,0.7234862410782772,0.772676609367043,0.5778099043237379,3.659841043963287,7,252.61851823131468,0.0
24.42383341400091,31.698192397082163,-3.3078751816577148,66.45163964818481,0.7540022270798876,-2.6333174294713695,0.5532378242597176,3.659841043963287,7,252.61851823131468,0.0
24.43373237200103,28.731559090600392,-1.1823850789008898,38.804714647958335,0.8368638099867455,-5.009378754766916,0.5014603053622846,3.659841043963287,7,182.04270222747613,0.0
24.446021579000444,25.74406941076473,1.01761492119453,8.665514649655837,0.8524688667457455,-5.162781077420231,0.44931877407980103,3.659841043963287,7,115.69008222693259,0.0
24.456148405999556,22.86244129024262,3.217614921245291,-16.284285349720573,0.8546603822706496,-5.017150922129168,0.3990248755586343,3.659841043963287,7,-16.5235177674968,0.0
24.46636597500037,19.92116129292254,5.578036596746479,-42.93594284903533,0.8454036881533348,-4.584865929931595,0.34768985538234887,3.659841043963287,7,-16.5235177674968,0.0
24.477258349001204,18.19804144911992,7.208842146037559,-60.37227409865251,0.8066071781984292,-3.218460653095304,0.31761574070154275,3.659841043963287,7,-43.12305292760894,0.0
24.487196915000823,17.37402131245106,8.519487768939818,-35.015389100179405,0.774935985247361,-1.4176489020650709,0.3032338762139375,3.659841043963287,7,17.733471068726516,0.0
24.49721350999971,16.97243272589526,9.655773098917377,-9.949279098462526,0.770429202254086,-0.8246302052937601,0.2962248331401085,3.659841043963287,7,77.89213507284703,0.0
24.507580011000755,16.010463208213864,11.095741112938397,16.18247840110756,0.7839367229771154,-1.8945574483264487,0.27943529775274634,3.659841043963287,7,82.81384713924021,0.0
24.517870579000373,13.639465966234868,13.351708283081429,-9.598604098526508,0.8334777750218112,-3.864709733697854,0.23805358932450815,3.659841043963287,7,20.93924914011845,0.0
24.52769611900112,11.476648565869608,15.33170828310113,-34.79866409793273,0.8454472046079066,-4.138021818225306,0.20030530456870999,3.659841043963287,7,20.93924914011845,0.0
24.541280658000687,9.364609436283768,17.41752189688509,-34.49343581473899,0.8300245647768737,-3.5515537352253403,0.16344326782648189,3.659841043963287,7,-24.638168439099275,0.0
24.55163472499953,7.769087935938471,19.39159010367537,-8.942003314815011,0.8054466879702457,-2.4621413480585295,0.1355961643590966,3.659841043963287,7,36.68526956071827,0.0
24.561395718001222,6.589550209974978,20.962147870469778,16.423089186673096,0.8056989074344691,-2.4233868329145913,0.11500934738954705,3.659841043963287,7,75.23569630974188,0.0
24.57417615000122,4.582015801347798,23.047751706120465,-7.17726697740942,0.8349721062837834,-3.5856037048990883,0.07997126211192551,3.659841043963287,7,75.23569630974188,0.0
24.594420932000503,3.244470281297943,24.36775170613597,-22.92423417062954,0.8421971688181418,-3.8087442842241366,0.056626688891755705,3.659841043963287,7,-16.3744529790211,0.0
24.609924403999685,1.4733292318966011,26.127751706143005,-17.34667007022032,0.8440124365141141,-3.8516932389678837,0.02571444606247475,3.659841043963287,7,-16.3744529790211,0.0
24.63211885599958,-0.406072916271052,28.06055548836661,6.6233561140553885,0.8379078477361801,-3.6440946341987774,-0.007087309392105112,3.659841043963287,7,-12.390478621585942,0.0
24.65321985800074,-2.4357198880181383,30.302086587142657,15.091356311192225,0.8282685456747801,-3.3099496798501806,-0.0425113317022241,3.659841043963287,7,4.730968652896706,0.0
24.662773939000544,-4.1891499747380925,32.296952904184586,-11.050881186687025,0.8231509060912485,-3.1384418921674575,-0.073114459919017,3.659841043963287,7,-38.68185649386606,0.0
24.673075963000883,-5.863676488331906,34.134669423754,-36.46906368606635,0.8254818809551695,-3.2686007129376025,-0.10234046099317062,3.659841043963287,7,-67.8000364527743,0.0
24.689427410999997,-7.8729600666914665,36.47204725408779,-60.63982658219579,0.8101330691664326,-2.6940557736449104,-0.13740907504179845,3.659841043963287,7,-43.31416184442556,0.0
24.71507782000117,-8.64232462500495,38.55232527925395,-53.95954896891888,0.7812755651252877,-0.48244494247199726,-0.15083701973252062,3.659841043963287,7,-38.5425349777992,0.0
24.723999146001006,-7.398298180732435,38.98163086016832,-28.000000000000004,0.8135986826213786,2.831316722622998,-0.1291246622980875,3.659841043963287,7,-20.0,0.0
24.737371668999913,-4.223799497749506,38.70934629284909,-28.000000000000004,0.8828073872062808,4.976774998959458,-0.0737192081798117,3.659841043963287,7,-20.0,0.0
24.748487578001004,-0.9837767830360844,38.28160939630673,-28.000000000000004,0.913159919537719,5.66607802171933,-0.01717014396865757,3.659841043963287,7,-20.0,0.0
24.760941500000627,2.578110226679964,37.69490092496911,-28.000000000000004,0.9403788571733318,6.244518267319638,0.04499651193490273,3.659841043963287,7,-20.0,0.0
24.772649014999843,6.472613600229069,36.94944026538886,-28.000000000000004,0.9687574712692678,6.827493815301654,0.11296841853336126,3.659841043963287,7,-20.0,0.0
24.78420438499961,11.15172699033712,35.946965119634854,-28.000000000000004,1.0015124836679996,7.4853457216765875,0.19463435326490064,3.659841043963287,7,-20.0,0.0
24.796383496001,15.772206331021145,34.87129111934063,-28.000000000000004,1.0321757016008402,8.095516921370113,0.27527693078021365,3.659841043963287,7,-20.0,0.0
24.806842900999982,20.745973351378737,33.641442160248566,-28.000000000000004,1.0629493628143138,8.711953527861262,0.36208554151256145,3.659841043963287,7,-20.0,0.0
24.816127686000982,26.07322181317994,32.260635371500726,-28.000000000000004,1.0929378621017756,9.328333147065827,0.45506356724279584,3.659841043963287,7,-20.0,0.0
24.82747830900007,31.750094415474713,30.73310432390984,0.09993000028043486,1.1211001230223858,9.937583335441161,0.5541436853690982,3.659841043963287,7,-20.0,0.0
24.838330583001152,37.437830592235805,29.250677101712203,27.704409996906175,1.0870490259124757,9.786191308984833,0.6534134086383734,3.659841043963287,7,47.43983200067305,0.0
24.847835552000106,41.86848987771828,28.374710997122282,50.88685499892745,0.9723080576796816,8.48080378243154,0.7307430012041021,3.659841043963287,7,169.32845199742587,0.0
24.85955941300017,45.44029198316836,28.32150936138003,79.12457499721495,0.8140175804942709,6.047505100452243,0.7930827081738716,3.659841043963287,7,237.09897999331588,0.0
24.870625724001002,47.443624649845006,29.397340652552916,107.90751999799977,0.7031685572700234,3.368324069023368,0.8280474592201372,3.659841043963287,7,237.09897999331588,0.0
24.884122171000854,48.221423882056776,31.67661058522913,75.5584499959441,0.6603494242288129,1.2758802114068648,0.8416226167417165,3.659841043963287,7,182.3622319950664,0.0
24.894874482000887,48.830745768601886,33.65661058532984,48.483649995680025,0.6567335720042831,1.2270186759821693,0.852257289866392,3.659841043963287,7,117.38271199443261,0.0
24.904859079000744,49.56616634851935,35.63661058541578,22.742917496791048,0.6551051912708358,1.4323517509362356,0.865092800372878,3.659841043963287,7,55.604953997099074,0.0
24.917560429999867,50.744168142462684,38.27661058547891,-6.43872500197904,0.6530249705170695,1.7550264429543652,0.8856528102715888,3.659841043963287,7,-14.430987999949139,0.0
24.925266547999854,53.48161628361511,38.990020996680144,-29.615932501408682,0.7583908690047059,5.7550241239878,0.9334302934372971,3.659841043963287,7,-14.430987999949139,0.0
24.93821323100019,58.34516757132546,38.84854736872773,-28.000000000000004,0.8332479540607216,7.663486972784302,1.0183152767474528,3.659841043963287,7,-20.0,0.0
24.948255530000097,62.62730445443241,38.59112198688048,-28.000000000000004,0.8471888741360127,8.282096955163972,1.0930526643787566,3.659841043963287,7,-20.0,0.0
24.959669302001203,66.63392233515593,38.272734720882326,-28.000000000000004,0.8514976257155105,8.710195695135427,1.1629813382666594,3.659841043963287,7,-20.0,0.0
24.971920993000822,72.9738041412974,37.64296290056781,-28.000000000000004,0.8523925611457626,9.288357613051236,1.273633149971113,3.659841043963287,7,-20.0,0.0
24.98026216800099,78.53621523723388,36.98366321151803,-28.000000000000004,0.8488444854478192,9.726967290395905,1.3707155379446707,3.659841043963287,7,-20.0,0.0
24.99157765400014,84.91934641421348,36.122706958969054,-28.000000000000004,0.8403350075394922,10.163474555143662,1.4821221935696656,3.659841043963287,7,-20.0,0.0
25.00282915200114,90.32642641616769,35.316005671017,-28.000000000000004,0.8297226521669392,10.48282199033961,1.576493542522508,3.659841043963287,7,-20.0,0.0
25.014544700999977,97.13165072032193,34.20866678871594,-28.000000000000004,0.8123205192044003,10.824010745758882,1.6952671129667394,3.659841043963287,7,-20.0,0.0
25.027572766000958,102.83673153349692,33.205413687840704,-28.000000000000004,0.7945410791506259,11.060311958479172,1.7948395572489986,3.659841043963287,7,-20.0,0.0
25.036677672000224,109.29271359273945,31.98933135926104,-28.000000000000004,0.771175277801178,11.274107799476312,1.9075177006324644,3.659841043963287,7,-20.0,0.0
25.04832895400068,116.49973103868477,30.52858850569165,-0.1899699989080572,0.7412455154031152,11.444779254877304,2.0333038843128826,3.659841043963287,7,-20.0,0.0
25.058893491999697,122.5906653314985,29.373805095005025,27.99675499979639,0.7450991975906028,11.874963081735967,2.1396107422451145,3.659841043963287,7,46.74407200262067,0.0
25.07119023999985,130.91618921630192,28.56274482611158,58.70422000250255,0.8637707040402405,13.494209814409597,2.284918545988363,3.659841043963287,7,114.39221199951135,0.0
25.08420154000123,139.07134681409357,28.777399048009677,30.538800003589127,1.1075226974913903,15.902759806191364,2.4272528970888594,0.0,6,120.49312000861391,0.0
25.094472196000424,149.96939211999987,30.093454266845658,0.19860250383498812,1.5238593121310071,19.178000550279073,2.6174596697084365,0.0,6,120.49312000861391,0.0
25.10613074200046,162.40038197882066,32.222235415291976,-14.682639510083392,1.8789061129071107,21.56698241499487,2.8344213720268847,0.0,6,-10.487599650059565,0.0
25.1167719820005,174.932502246023,34.403355657567964,-21.47736717017324,1.9032448245322897,21.804306130529504,3.053148132945477,0.0,6,-10.487599650059565,0.0
25.12849207200088,-172.75967118783163,36.49808444660775,-29.030721929793803,1.8393879665241712,21.425796729618607,-3.015225076890445,0.0,6,-15.340976550123742,0.0
25.139152941001157,-160.86006574010997,38.43937324108678,-35.543307869556884,1.7364100314662425,20.70457921295116,-2.8075377821394483,0.0,6,-25.38807704968349,0.0
25.14923107499999,-151.89360535044872,38.965488921504374,-42.02271107986235,0.949099757437762,15.023529126084147,-2.6510435260902057,0.0,6,-30.016222199901677,0.0
25.159955652999997,-144.58750508206197,38.71092227965172,-48.76506810029241,0.7309595511898013,12.829323047769796,-2.5235280209260154,0.0,6,-34.832191500208864,0.0
25.17112814400025,-137.91962974954438,38.17934970796677,-55.58395689013196,0.6385327461760009,11.590666284871558,-2.4071516422610717,0.0,6,-39.702826350094256,0.0
25.18181304400059,-131.34988944188854,37.23676317558828,-62.504154089783704,0.5580744887277023,10.306742141270714,-2.2924880428914918,0.0,6,-44.6458243498455,0.0
25.191547419000926,-126.57283597673913,36.162162819854174,-68.62699620007334,0.5017950249441911,9.262886772606246,-2.2091127313808308,0.0,6,-49.01928300005238,0.0
25.20226165799977,-121.46005938970958,34.44387948232156,-75.36011174939631,0.44355359903410185,7.999199252468009,-2.1198779460182866,0.0,6,-53.82865124956879,0.0
25.211401911001303,-117.85708534642117,32.68305193710189,-81.45703250964289,0.40440014597368695,6.988490671804343,-2.0569941860990113,0.0,6,-53.82865124956879,0.0
25.221633238001232,-114.29442793425348,30.48685156977574,-87.90510077957151,0.38680933002325146,6.242050610326831,-1.9948140841361042,0.0,6,-58.18359464974492,0.0
25.233136286000445,-110.94331891985861,28.28685156972952,-94.77350000952356,0.3883422199698242,5.83530907313969,-1.9363261982416518,0.0,6,-67.69535714965969,0.0
25.243414976001077,-107.80376194850491,26.086851569680135,-101.3194003499302,0.39171893468502067,5.461188128286543,-1.8815305920375884,0.0,6,-72.37100024995016,0.0
25.254123067001274,-104.59797018974088,23.666851569622356,-108.29179242024112,0.3954588114714299,5.048697232217948,-1.825578970713856,0.0,6,-72.37100024995016,0.0
25.264652748001026,-102.16989821598884,21.686851569572283,-114.62385375023587,0.3983564287234737,4.708470188121452,-1.7832011202964857,0.0,6,-81.87418125016848,0.0
25.277838895999594,-99.67896714291827,19.4868515695135,-106.55198442096663,0.4013650946430901,4.328346536732044,-1.739726171631169,0.0,6,-76.10856030069044,0.0
25.289187702999698,-97.40655839547716,17.286851569457596,-99.18940878067588,0.4041302179469002,3.9469656671787616,-1.7000651570372014,0.0,6,-70.84957770048277,0.0
25.30143338600101,-95.15958910347113,14.8668515694006,-91.8981270907534,0.40687047368860574,3.5270053656827995,-1.6608481447004904,0.0,6,-65.64151935053815,0.0
25.31175203299972,-93.34641026426709,12.666851569352595,-85.09935042022335,0.4090731660002428,3.145576432052019,-1.629202204028891,0.0,6,-60.78525030015953,0.0
25.323167552000086,-91.90102456801145,10.68685156931259,-77.66314731017701,0.41081112863811303,2.803044492517483,-1.6039754646679993,0.0,6,-60.78525030015953,0.0
25.341353474001153,-90.37354292805139,8.266851569267683,-66.65455692058458,0.41261016821844626,2.3858134399982465,-1.5773158807869336,0.0,6,-55.473676650126436,0.0
25.371277088999705,-89.21220701634087,6.066851569231904,-60.03704766376421,0.4139261786976124,2.0081716160417176,-1.557046745405935,0.0,6,-47.61039780041756,0.0
25.394078647999777,-88.35121354016611,4.08685156920262,-60.470988375756285,0.414843474218513,1.6698079982602523,-1.542019574408494,0.0,6,-43.1935631255402,0.0
25.41393167299975,-87.73173498375098,2.326851569177989,-60.783205568189516,0.4154415504682128,1.3703106294630025,-1.5312076339535485,0.0,6,-43.1935631255402,0.0
25.455088204000276,-87.05862893505167,-0.31314843085909305,-61.12245101673396,0.41594594076379404,0.923350187822948,-1.5194597171886564,0.0,6,-43.41657540584965,0.0
25.464238377000584,-86.97621234990078,-0.7531484308652833,-61.16398897565002,0.41598335669406983,0.8491228847824495,-1.518021276419523,0.0,6,-43.688563554035724,0.0
25.47930266200092,-86.67431160751035,-3.1731484308993343,-61.3161469498148,0.4160352580216355,0.4667698767498893,-1.5127521144505947,0.0,6,-43.79724782129628,0.0
25.493319324001277,-86.6213437826967,-5.373148430930451,-61.342842733520875,0.41558991181363003,0.12650267236748408,-1.5118276515099769,0.0,6,-43.81631623822919,0.0
25.501289007001105,-86.77828505617074,-7.573148430961623,-54.38092441389081,0.4147811077851164,-0.28647170990872006,-1.5145667934643718,0.0,6,-43.81631623822919,0.0
25.51497057100096,-87.40521042989364,-10.873148431006342,-45.963452203887485,0.41297532469348736,-0.8382326669302937,-1.5255087054001324,0.0,6,-38.843517438493436,0.0
25.534485006000978,-88.32649675505517,-13.733148431038082,-34.200766933245816,0.41071423313995686,-1.309063397262932,-1.5415881851278002,0.0,6,-24.429119238032726,0.0
25.542893243000435,-89.16882296233247,-15.713148431055005,-28.105606393292604,0.4087639873226818,-1.6333805502697756,-1.5562895508206251,0.0,6,-24.429119238032726,0.0
25.55481074400086,-90.42448353108557,-18.13314843107148,-20.903663743993732,0.40594442923250945,-2.028025585724569,-1.5782049620328316,0.0,6,-14.931188388566952,0.0
25.56395511899973,-91.78086172256957,-20.33314843108339,-15.101250973076006,0.4029589347385831,-2.38503190792132,-1.6018782273764733,0.0,6,-10.786607837911433,0.0
25.572737362001135,-93.17566670941805,-22.313148431091108,-9.436410674080165,0.39992474375648135,-2.704750888144095,-1.6262221668202157,0.0,6,-6.740293338628689,0.0
25.5831532480006,-94.91775014638898,-24.5131484310968,-2.869385803897515,0.3961663324764762,-3.0579834920949502,-1.6566272586398174,0.0,6,-2.049561288498225,0.0
25.593566339000972,-97.066204934817,-26.933148431099518,3.655567036293448,0.3915637432894623,-3.443663667003248,-1.6941248685281245,0.0,6,2.611119311638177,0.0
25.603519222000614,-99.00198547513563,-28.9081856806388,9.922142386093853,0.387349607425307,-3.753262644881566,-1.7279106125527193,0.0,6,7.087244561495609,0.0
25.613364737000666,-101.33177211106074,-31.07862525584596,16.121956006299385,0.3818923075193325,-4.080286180731775,-1.768573060218575,0.0,6,11.515682861642418,0.0
25.623167151001326,-103.83273479031266,-33.19368891977661,22.25769295659056,0.3751976486370465,-4.376524892615521,-1.8122230934410197,0.0,6,15.8983521118504,0.0
25.633213430999604,-106.4812050993103,-35.22257574716291,28.660916566913603,0.36685662648911666,-4.6308968455201756,-1.8584476204743403,0.0,6,20.472083262081142,0.0
25.643278990999534,-109.52825071769598,-37.31745357146614,35.13032923687142,0.3552443787796542,-4.848003625038654,-1.9116285989736372,0.0,6,20.472083262081142,0.0
25.654135595999833,-112.32786113322337,-39.00000000006161,41.80341649644042,0.3354580897337553,-4.799302293537874,-1.9604910184977165,0.0,6,29.859583211743157,0.0
25.663844194001285,-113.71246917848424,-38.92397971599919,47.888454826006,0.2698981238763368,-2.970716362506695,-1.9846569877371216,0.0,6,34.206039161432855,0.0
25.67374957500033,-115.24324229204444,-38.627376726947446,54.01939432689623,0.25411892513274303,-2.6954887369110865,-2.011374018669752,0.0,6,38.58528166206874,0.0
25.68329408200043,-116.72399485444816,-38.076287794577894,60.42006517671261,0.2424847582689397,-2.576059401492427,-2.0372180262910398,0.0,6,38.58528166206874,0.0
25.69459258900133,-118.10523833019673,-37.234685759333395,67.26240823632843,0.23048594467716313,-2.3949244732560535,-2.0613252727145426,0.0,6,48.04457731166316,0.0
25.704333038000186,-119.33927447053883,-36.070273553003744,73.50592117621936,0.21832260243846213,-2.1325336334009743,-2.082863266452115,0.0,6,52.50422941158526,0.0
25.714480536000337,-120.37477269861726,-34.547916254033744,79.86359326696338,0.2066807262985897,-1.7818064275511154,-2.100936119930651,0.0,6,57.0454237621167,0.0
25.724407359000907,-121.1622472319376,-32.63382044494717,86.16018118651418,0.19658028988452259,-1.3447011203224328,-2.1146801433126967,0.0,6,61.54298656179584,0.0
25.73503399600122,-121.81844389303434,-30.44106185316734,92.71532110604248,0.19132273060816488,-1.2049407909251175,-2.1261329355894283,0.0,6,66.22522936145891,0.0
25.745120370000222,-122.64219549744054,-28.241061853119465,99.13249354696681,0.18925760584933274,-1.4589944359141205,-2.1405101133049023,0.0,6,70.80892396211915,0.0
25.755539535000935,-123.6391685510162,-26.041061853068143,105.73850848650117,0.18735216707763921,-1.7554481974357736,-2.1579105756434593,0.0,6,75.52750606178655,0.0
25.766215139999986,-124.80657857802971,-23.84106185301362,112.26297496610577,0.18525805813014642,-2.05201468679195,-2.178285724335641,0.0,6,80.18783926150412,0.0
25.77597633700134,-126.14124935892862,-21.641061852955552,118.63662196665182,0.18293982636681388,-2.3435377577347842,-2.201580123892491,0.0,6,84.74044426189415,0.0
25.786420510001335,-127.63959129585432,-19.44106185289364,125.24813806645334,0.18040691368568648,-2.6288137256660002,-2.2277311240125535,0.0,6,89.46295576175238,0.0
25.79690310499973,-129.2975731856504,-17.241061852828423,131.8439866966394,0.1776772395879896,-2.907018756706434,-2.256668366927933,0.0,6,94.1742762118853,0.0
25.806738138000583,-131.11070383877882,-15.041061852759501,138.08639965613048,0.17477272377073527,-3.1773419414307567,-2.288313466593859,0.0,6,98.63314261152176,0.0
25.816887660999782,-133.07400854526665,-12.841061852686646,144.61627846665516,0.1717185113241788,-3.4389365571109565,-2.3225795979419726,0.0,6,98.63314261152176,0.0
25.82760769500055,-135.18200111599282,-10.641061852610385,151.13564005667223,0.16854255699414133,-3.69090913953488,-2.359371008908724,0.0,6,107.95402861190873,0.0
25.837694208001267,-137.428670732472,-8.441061852530295,157.57019545597296,0.16527589013943186,-3.9323421746386735,-2.3985827909208037,0.0,6,112.55013961140925,0.0
25.84818728100072,-139.8074662447578,-6.241061852446003,164.11908703683304,0.16195212426082523,-4.162291679356257,-2.440100604841856,0.0,6,117.22791931202359,0.0
25.858009112000218,-142.3112780526204,-4.041061852358104,170.55417100598726,0.15860666878059193,-4.379783420920355,-2.48380036473937,0.0,6,117.22791931202359,0.0
25.868531803000224,-144.9324390732766,-1.841061852266226,177.12898330661056,0.15527687303278503,-4.583844360494887,-2.529548254774756,0.0,6,121.82440786141946,0.0
25.879124979001062,-147.6627243295551,0.35893814782974054,183.54747559589603,0.15200103620509295,-4.773502256893334,-2.5772007220154727,0.0,6,131.1053397113543,0.0
25.88933311100118,-150.49336263488925,2.5589381479301503,189.9940022563708,0.14881792070827798,-4.947805304843431,-2.6266046803766265,0.0,6,135.71000161169343,0.0
25.899509458000466,-153.415048379214,4.758938148034693,196.50988624649406,0.14576550239114536,-5.105824113427792,-2.6775977163236746,0.0,6,140.36420446178147,0.0
25.909613436000654,-156.41796744951452,6.958938148143076,202.9175526168176,0.1428804106391079,-5.246674953121691,-2.7300085412713457,0.0,6,144.9411090120126,0.0
25.92014269399988,-159.4918410917201,9.158938148256002,209.48519173594767,0.1401976974697246,-5.369550540455935,-2.783657757118103,0.0,6,149.6322798113912,0.0
25.930350197000735,-162.625962473872,11.358938148373184,210.0,0.13774894849676295,-5.473709595601436,-2.838358494393809,0.0,6,150.0,0.0
25.940573277999647,-165.80923693371747,13.558938148491503,210.0,0.1355607026655834,-5.55847486602648,-2.8939171147127567,0.0,6,150.0,0.0
25.95041690400103,-169.03023848516983,15.758938148610369,203.55294539995157,0.1336552593051955,-5.623282576497583,-2.950134196997446,0.0,6,150.0,0.0
25.960777111000425,-172.27727852508337,17.958938148726347,197.0314720504939,0.13204914727326966,-5.667673120785794,-3.006805736638025,0.0,6,145.3949609999654,0.0
25.972128010000233,-175.53848116820265,20.158938148839322,190.26354774028732,0.13075425574215904,-5.691335668437539,-3.063724460335198,0.0,6,135.90253410020523,0.0
25.982439458000954,-178.8018752409065,22.358938148948706,183.65735703060636,0.12977729282418599,-5.694108836578459,-3.1206814316939475,0.0,6,131.18382645043312,0.0
25.9926829369997,177.62015849546376,24.77893814906496,177.17879235031432,0.12907125735353972,-5.6730241698408586,3.1000565836600202,0.0,6,126.55628025022452,0.0
26.002376303000347,174.71261533132542,26.758938149156574,170.93307882048975,0.1287768117697551,-5.637090440223714,3.049310382301952,0.0,6,126.55628025022452,0.0
26.012138477000917,171.51415952204664,28.958938149255086,164.67869586038432,0.128739427783957,-5.5777140114555275,2.9934867974504975,0.0,6,122.09505630034982,0.0
26.02276364700083,168.36067372236698,31.158938149349613,158.1646596604878,0.1289925041944953,-5.498263014884158,2.938448087331201,0.0,6,112.97475690034844,0.0
26.03284268599964,165.26336731416035,33.35893814944032,151.68459873026222,0.12951699182013768,-5.399285052455254,2.884389892564876,0.0,6,112.97475690034844,0.0
26.04341204100092,162.23307290342834,35.55893814952716,145.25413581008252,0.13028981517732832,-5.28144318107776,2.831501277792821,0.0,6,103.75295415005894,0.0
26.05319160900035,159.28018440891813,37.75893814961014,138.81245070026125,0.13128473193289608,-5.14550720135912,2.7799636511193597,0.0,6,103.75295415005894,0.0
26.063744408000275,154.5119192373274,39.000000000008036,0.0,0.4155701567800728,-9.713132318199703,2.6967417242669285,0.0,6,99.15175050018661,0.0
26.073947580000095,147.39985999077155,39.00000000000032,0.0,0.6461907073469138,-12.086857649079704,2.572612873817622,0.0,6,0.0,0.0
26.084583578000093,140.43399150144646,39.00000000000035,0.0,0.6763554329439526,-12.108397564894538,2.4510355334179756,0.0,6,0.0,0.0
26.094458917999873,133.63423758235103,39.00000000000037,0.0,0.683026784910226,-11.846974833199582,2.3323574392043724,0.0,6,0.0,0.0
26.10508401700099,127.0180370073518,39.00000000000038,0.0,0.6877911985530359,-11.52868224275203,2.216882955198294,0.0,6,0.0,0.0
26.115120794000177,120.60021316832791,39.00000000000037,0.0,0.6927899465211144,-11.18189445794673,2.1048707983943444,0.0,6,0.0,0.0
26.12565626899959,114.39292510491576,39.00000000000035,0.0,0.6980959172186774,-10.813810247915992,1.9965331840680598,0.0,6,0.0,0.0
26.13561271100116,108.40569800263529,39.00000000000033,0.0,0.703582451387528,-10.429287626370252,1.8920363580686264,0.0,6,0.0,0.0
26.145824545001233,102.64552117399695,39.0000000000003,0.0,0.7091218306203126,-10.032764610326659,1.7915023069118021,0.0,6,0.0,0.0
26.15641897900059,97.1169998520284,39.00000000000027,0.0,0.7146064681039039,-9.62838536679065,1.6950114070767412,0.0,6,0.0,0.0
26.16597535800065,91.82254670588175,39.00000000000024,0.0,0.7199504030259185,-9.219955568335292,1.6026057675839098,0.0,6,0.0,0.0
26.176355544001126,86.76259959721415,39.00000000000021,0.0,0.725087942108649,-8.810900131809351,1.5142930305608928,0.0,6,0.0,0.0
26.186841980999816,81.9358534473385,39.00000000000018,0.0,0.7299715117865258,-8.40423967423398,1.4300504180876032,0.0,6,0.0,0.0
26.197257025,77.33949589110627,39.00000000000015,0.0,0.7345691910035625,-8.002584543835948,1.3498288451324303,0.0,6,0.0,0.0
26.207076411001253,72.96943840000107,39.00000000000012,0.0,0.7388621703999361,-7.608143155796496,1.2735569534112017,0.0,6,0.0,0.0
26.217698996000763,68.82053656232357,39.0000000000001,0.0,0.7428423031969358,-7.222741180709387,1.201144956001686,0.0,6,0.0,0.0
26.228069192000476,64.88679506942938,39.00000000000008,0.0,0.7465098544352111,-6.847848368938748,1.1324882150283653,0.0,6,0.0,0.0
26.238316443001167,61.161554585532535,39.00000000000006,0.0,0.7498715083990135,-6.4846101979557025,1.0674705031557785,0.0,6,0.0,0.0
26.24874944000112,57.63765903242783,39.00000000000004,0.0,0.7529386585420499,-6.133882006736202,1.0059669232577146,0.0,6,0.0,0.0
26.258806754000034,54.30760289237771,39.00000000000002,0.0,0.7557259791195273,-5.796263769831952,0.9478464793375867,0.0,6,0.0,0.0
26.269052538000324,51.1636589388894,39.000000000000014,0.0,0.7582502614142832,-5.472134122842762,0.8929743058510482,0.0,6,0.0,0.0
26.279902432999734,48.19799144059087,38.99999713890652,-3.7810203898152395,0.7605289066373415,-5.16166907915309,0.8412136434863555,0.0,6,-2.700728849868028,0.0
26.289940397000464,45.41654200954995,38.99052882668996,-10.159289069615625,0.7613601420050069,-4.8351825583494055,0.7926681929369686,0.0,6,-7.256635049725446,0.0
26.300191909000205,42.85391605019327,38.943950220320254,-16.61039204982444,0.75914512790201,-4.446362065834799,0.7479419324491161,0.0,6,-11.8645657498746,0.0
26.310653966000245,40.56106205907597,38.824427424601346,-23.22248019045219,0.7535566117993239,-3.970046460132606,0.7079240810366265,0.0,6,-16.58748585032299,0.0
26.32159355499971,38.59425566022997,38.59528329358177,-49.439095187335624,0.7452044839413687,-3.3952653797837433,0.6735968336274709,0.0,6,-79.50736184284324,0.0
26.33191422500022,37.35258516310717,38.018750322308016,-75.94002268906479,0.7201212104588484,-1.9871957489245715,0.6519255952278034,0.0,6,-83.84093479856503,0.0
26.34196874400004,37.309402807323906,36.81624305426447,-50.43803018925246,0.7045134049483118,0.04647295812499694,0.6511719209406177,0.0,6,-22.636152799015434,0.0
26.352366744000392,38.13685690257135,35.17776168665059,-28.000000000000004,0.7089609121530958,1.4074290502400617,0.6656137193117964,0.0,6,-20.0,0.0
26.362418120001166,39.374087446383214,33.37082100918486,-28.000000000000004,0.7147733972844301,2.181749905732681,0.6872074659075533,0.0,6,-20.0,0.0
26.37303553499987,40.99771459666062,31.407526744612348,-28.000000000000004,0.7214034325004561,2.865533320136979,0.7155451055046669,0.0,6,-20.0,0.0
26.38319937900087,43.002194672735804,29.28920487101539,-2.632480002583182,0.7292352587977716,3.5306627328725892,0.7505298826228053,0.0,6,40.88204799380037,0.0
26.39327674100059,45.05569824677683,27.227479760525213,-27.487785003111643,0.7182951233703181,3.489136202464894,0.7863702811912923,0.0,6,-18.770684007467935,0.0
26.403345231999992,47.08735454941863,25.269654245699314,-35.89988829089634,0.7124083468331811,3.6342139045742528,0.821829372941286,0.0,6,-25.642777350640245,0.0
26.41374937799992,49.503231646288356,23.147037346237667,-42.41660892019354,0.7199183616924459,4.262973657171979,0.8639943826051848,0.0,6,-30.297577800138242,0.0
26.423968267999953,52.177225056590366,20.947037346215435,-48.849756901199726,0.7200244227087325,4.66359483038786,0.9106643717915865,0.0,6,-34.89268350085695,0.0
26.434191977999944,55.004453892705584,18.747037346189995,-55.32356823105147,0.7153292957466506,4.946789100069228,0.9600088236891242,0.0,6,-39.51683445075105,0.0
26.44408072999977,57.99033715112906,16.547037346161392,-61.57104198116941,0.7096320170753492,5.225791301088489,1.0121223176287906,0.0,6,-43.979315700835286,0.0
26.454412506000153,61.1401618091174,14.347037346129762,-55.05476109123265,0.7033512895312056,5.512534123620761,1.0670971287711914,0.0,6,-39.324829350880464,0.0
26.46462161599993,64.4590134690048,12.147037346100834,-48.60823506218367,0.6965159054311015,5.807969430336465,1.1250220176215056,0.0,6,-34.72016790155976,0.0
26.474893526001324,67.95168542603263,9.947037346075899,-42.16514127121627,0.6891142616672966,6.111707826440203,1.185980642963715,0.0,6,-30.117958050868765,0.0
26.485205533001135,71.6225477671932,7.747037346054587,-35.6584987522001,0.6811347662995286,6.423017619630432,1.2500492772044343,0.0,6,-25.470356251571502,0.0
26.495194877999893,75.47542942757006,5.5470373460369,-29.397206582107177,0.6725733272247613,6.740944052260628,1.3172947478677166,0.0,6,-20.998004701505124,0.0
26.50527545300065,79.51348715542741,3.3470373460227054,-22.89518511206552,0.663435784064726,7.064300889265665,1.3877721506044285,0.0,6,-20.998004701505124,0.0
26.51590481400126,83.7390635533712,1.1470373460120802,-16.332606781270442,0.6537399787430909,7.391653449589007,1.4615223715431096,0.0,6,-11.666147700907459,0.0
26.52593586200055,88.1535359823156,-1.0529626539949546,-9.953414521496597,0.6435176930452249,7.721302601816912,1.538569450166701,0.0,6,-7.109581801068998,0.0
26.535997368000608,92.75715847026892,-3.2529626539984946,-16.080206686924907,0.6328164203214817,8.051273305539224,1.6189178201003394,0.0,6,-11.485861919232075,0.0
26.546258799000498,97.54890314522306,-5.452962654004305,-16.437117940382887,0.6217011841423616,8.379315299785134,1.7025495415931946,0.0,6,-11.74079852884492,0.0
26.55585681299999,102.52630528593106,-7.6529626540103965,-22.713197471090535,0.6102555719043797,8.702906889484728,1.7894215971443632,0.0,6,-11.74079852884492,0.0
26.56601101600063,107.68531415462321,-9.852962654019247,-28.933121320912036,0.5985821786993453,9.019270072874162,1.8794632880426292,0.0,6,-20.66651522922288,0.0
26.575680701000238,113.02015953175417,-12.052962654031207,-35.26051561098619,0.5868018583849074,9.325393210915152,1.972573904958363,0.0,6,-20.66651522922288,0.0
26.586303706000763,118.52323418757504,-14.252962654046433,-41.75611171050739,0.5750517082173405,9.618064132787895,2.068620676685491,0.0,6,-29.825794078933853,0.0
26.596491021000475,124.18500774758067,-16.45296265406514,-35.138786379972295,0.5634823311752784,9.89392387941654,2.1674372668099497,0.0,6,-29.825794078933853,0.0
26.607153283001026,129.99395898183104,-18.652962654081232,-28.611636100100878,0.5522505741648823,10.14949182575249,2.2688225919354075,0.0,6,-20.436882928643485,0.0
26.618211278000672,136.5375927649738,-21.07296265409536,-21.702530680610362,0.5404775666132519,10.40302399117105,2.3830305464959807,0.0,6,-15.501807629007402,0.0
26.627991964000103,141.99734616395435,-23.05296265410391,-15.534141460408573,0.5314427259841603,10.585921730828803,2.478321219655143,0.0,6,-11.095815328863267,0.0
26.638584231001005,148.15900512543615,-25.252962654110295,-8.909510650352315,0.5221785592466723,10.76020931809871,2.585862455918015,0.0,6,-6.3639361788230815,0.0
26.648460340000383,154.4025547780018,-27.45296265411381,-2.4424762301682508,0.513862101794648,10.90124700364519,2.6948329543670333,0.0,6,-6.3639361788230815,0.0
26.65928452800108,160.7113863955427,-29.65100759877137,3.984509719251508,0.5072919701310655,11.014368233009025,2.804942838047042,0.0,6,2.8460783708939346,0.0
26.669515433000925,167.09623638574027,-31.831329245365314,10.481426299705635,0.5077683265244048,11.156375574738986,2.9163794926219175,0.0,6,7.48673307121831,0.0
26.679880040999706,173.60147806818028,-33.96222746736039,17.286405949383624,0.5196697020133016,11.371294580437308,3.029917378618471,0.0,6,7.48673307121831,0.0
26.689511792001213,-179.733578920507,-36.014793106712226,23.46522418987981,0.5433581804101716,11.654976814864344,-3.1369427285559226,0.0,6,12.347432820988303,0.0
26.699841539000772,-172.86009997614718,-37.954892659411996,29.94083794929204,0.5810132597711728,12.020507915363368,-3.01697788991034,0.0,6,16.76087442134272,0.0
26.710586228000466,-164.14063658101705,-38.99171474483926,36.44585002950727,1.096932792373218,16.446855565570516,-2.8647945446581957,0.0,6,26.032750021076623,0.0
26.720887474000847,-153.08421491964285,-38.86567464960344,42.92445692021239,1.4923713200249202,19.03853819281103,-2.6718235831783943,0.0,6,30.660326371580283,0.0
26.730818975000147,-141.8718753632238,-38.58066965140473,49.44702835923046,1.612062822692633,19.546976984157247,-2.4761313410672816,0.0,6,30.660326371580283,0.0
26.741082288999678,-130.55616933490234,-38.12567030817352,55.686094129454,1.6971034284215079,19.74740006376801,-2.2786350136853013,0.0,6,39.77578152103857,0.0
26.75099618599961,-119.19884260183257,-37.487503790442474,62.02092367939578,1.771668612236805,19.816015133625992,-2.0804122679684625,0.0,6,44.30065977099699,0.0
26.761203895999643,-107.86976965652372,-36.648929281779175,68.29282000964987,1.8337809499260456,19.75974856905833,-1.8826826438742117,0.0,6,48.78058572117848,0.0
26.771183316999668,-96.64780605964036,-35.58635062142342,74.62487692997777,1.8779973662763858,19.56415041986503,-1.6868224305696513,0.0,6,53.30348352141269,0.0
26.78114513500077,-85.6254769037769,-34.2689137804784,80.90267069003268,1.897679113077078,19.205133025594673,-1.4944464955612666,0.0,6,57.787621921451915,0.0
26.79076459099997,-74.9139150677997,-32.657865173321845,87.19718779999633,1.8857952248425085,18.64983423485834,-1.307494473492496,0.0,6,57.787621921451915,0.0
26.80097698099962,-64.64650589747767,-30.706823356552864,93.51529336974956,1.8362775149150732,17.85952924601691,-1.1282943778209171,0.0,6,66.79663812124969,0.0
26.81114417400022,-54.82059204688412,-28.51162899661201,100.03694059966031,1.7964155983933963,17.16055660947246,-0.9567998291107456,0.0,6,66.79663812124969,0.0
26.82198889600113,-45.21621262250002,-26.31162899656484,106.61601989013754,1.7912201167064357,16.751122730466633,-0.7891717855444451,0.0,6,76.15429992152681,0.0
26.83205151600123,-35.8051266831448,-24.111628996511982,103.82009790437368,1.7881651106606538,16.41283192958597,-0.6249173497145533,0.0,6,74.15721278883834,0.0
26.841760666000482,-26.560222155395174,-21.911628996457978,97.46344011378967,1.7834777087246254,16.12521077228457,-0.46356332667279077,0.0,6,74.15721278883834,0.0
26.851801561000684,-17.451787958046275,-19.711628996405352,91.15919706411803,1.7766923312526886,15.88989177666093,-0.3045911602278055,0.0,6,69.6167429384212,0.0
26.86221611200017,-8.448312472104668,-17.51162899635462,84.82925253465655,1.7677145080380885,15.709650839442329,-0.14745086887552805,0.0,6,60.59232323904038,0.0
26.872980640000605,0.48276184701445557,-15.311628996306148,78.1137895842963,1.7565070628533441,15.586219809183067,0.008425783733411407,0.0,6,55.79556398878307,0.0
26.883280349000415,9.374323526166638,-13.111628996260084,71.61172653412139,1.7430555475275247,15.520115571076168,0.16361281067877265,0.0,6,51.151233238658136,0.0
26.893099802000506,18.258901512004257,-10.911628996217372,65.12643030368197,1.727364698098808,15.510656474239973,0.3186779491818452,0.0,6,51.151233238658136,0.0
26.903964991000976,27.168018985603453,-8.711628996177778,58.52041788412097,1.7094674924710413,15.556031346063708,0.4741713825431102,0.0,6,41.80029848865783,0.0
26.914160197000456,36.13154509714423,-6.511628996141443,52.083619684473504,1.6894308205935697,15.65329781046073,0.6306144257779813,0.0,6,37.20258548890965,0.0
26.924028338000426,45.17705449387479,-4.311628996107919,45.85524816431787,1.667367093619688,15.798395056370149,0.7884883472710156,0.0,6,32.75374868879848,0.0
26.934350819999963,54.32917479276162,-2.1116289960777292,39.381790264452846,1.6434437992475757,15.98612303570491,0.9482229800251982,0.0,6,28.129850188894892,0.0
26.944575155001075,63.60894541207026,0.08837100394947532,32.859614464688626,1.6178974514886753,16.2101625867921,1.1101855311619673,0.0,6,23.4711531890633,0.0
26.954972383000495,73.033177203973,2.288371003973764,26.234458233886095,1.591041473709108,16.463080873283136,1.274669405401795,0.0,6,23.4711531890633,0.0
26.965953881999667,82.61384391855168,4.488371003995498,19.546192384115404,1.5632722206904326,16.736388894018788,1.441883584107421,0.0,6,13.96156598865386,0.0
26.97539611400134,92.35752865866509,6.688371004014304,25.835956143638743,1.5350676314905054,17.02064200011884,1.611942964098728,0.0,6,13.96156598865386,0.0
26.985900989000584,102.26496707360961,8.888371004035708,32.343652654400636,1.5069780073331174,17.30561103881746,1.784860384878078,0.0,6,18.454254388313387,0.0
26.996473834000426,112.33072065117285,11.0883710040607,38.680022554382575,1.4796049581519808,17.580516160304523,1.960540926500955,0.0,6,27.628587538844698,0.0
27.006367403000695,123.57170083933856,13.508371004091622,45.12284985387085,1.4510695752095377,17.85818413778749,2.1567330419358983,0.0,6,32.23060703847918,0.0
27.016126709000673,132.88399800124637,15.488371004120054,38.77362921399398,1.4295016025080391,18.05641284908757,2.3192632883353133,0.0,6,32.23060703847918,0.0
27.02667349799958,143.32982656842987,17.68837100414885,32.28529701386068,1.407952313094358,18.236578020379692,2.5015773899315468,0.0,6,23.06092643847191,0.0
27.036962868000046,153.85165117723366,19.8883710041728,25.83666048363883,1.3894005353454284,18.366006340998606,2.6852178726725375,0.0,6,18.454757488313447,0.0
27.04719397900044,164.41636019712692,22.08837100419169,19.397353623591318,1.374180584763246,18.437432656526738,2.869606829584818,0.0,6,13.855252588279512,0.0
27.057688865001182,174.9877676159795,24.288371004205032,12.828176673248509,1.3624644448934407,18.44562233968047,3.0541126956135507,0.0,6,9.16298333803465,0.0
27.067768599001283,-174.47206049490367,26.48837100421286,6.4114464939498985,1.3542490750579106,18.387659971547002,-3.045111908374796,0.0,6,4.579604638535642,0.0
27.07832314100051,-164.00137538581845,28.68837100421447,-0.11975090666821302,1.3493646039597609,18.263120555655544,-2.8623639782817176,0.0,6,-0.08553636190586644,0.0
27.088491452001108,-153.66876110701597,30.872711329306856,-6.595937336040532,1.3370209651767622,18.002134563309973,-2.682025838778035,0.0,6,-4.711383811457523,0.0
27.09848805799993,-143.6051280355634,32.98960119593964,-13.125198115938854,1.3048834648926044,17.523873934720363,-2.506382306968598,0.0,6,-4.711383811457523,0.0
27.10881885300114,-133.90731474834806,34.99258468348107,-19.623740726673002,1.2603897511188173,16.88280725523859,-2.3371235348630357,0.0,6,-9.375141511384896,0.0
27.11890333700103,-124.63141846422401,36.84242674835338,-25.99100519624555,1.2123438910426816,16.147312944102246,-2.1752286036315636,0.0,6,-14.016957661909288,0.0
27.129781031000675,-115.79642025437614,38.506012842077624,-32.5507201760942,1.1679625190126706,15.381198989388658,-2.0210287954619135,0.0,6,-23.250514411495857,0.0
27.14039935100118,-108.2210294636067,38.96781729736555,-39.17908940615091,0.9429875982512095,12.973864407869932,-1.8888132840377296,0.0,6,-27.98506386153636,0.0
27.15019644899985,-101.4252101174949,38.73258354981509,-45.495126686290334,0.8795267337975436,11.883357229522495,-1.7702038610773507,0.0,6,-32.49651906163595,0.0
27.16041317000054,-94.9739799508139,38.242364785615976,-51.996882296278656,0.8639005293449211,11.241918370678624,-1.6576086538647847,0.0,6,-37.14063021162761,0.0
27.17095807199985,-88.81353325573015,37.46932630825024,-58.57138463674202,0.8615919367153613,10.736232997233891,-1.5500885756419702,0.0,6,-41.83670331195859,0.0
27.181017058999714,-82.87690011508593,36.3843374250662,-64.93917641675436,0.8697860680313556,10.352872331922287,-1.446474780854717,0.0,6,-46.3851260119674,0.0
27.191331158999674,-76.50980298670125,34.79476580684795,-39.24596141898148,0.891482658810852,10.093859294167629,-1.335347972170128,0.0,6,-20.0,0.0
27.201126719999593,-71.39101467308224,33.23993815513463,-28.000000000000004,0.9114090604188769,9.922085285328304,-1.2460082623848683,0.0,6,-20.0,0.0
27.211524227001064,-65.8080841064133,31.35368030398152,-28.000000000000004,0.9326088758971094,9.739168071599014,-1.1485677420862626,0.0,6,-20.0,0.0
27.221941294001226,-60.29747853606897,29.301882698269388,-2.0224725019288625,0.9567934443202206,9.61717815807326,-1.052389531105014,0.0,6,42.346065995370736,0.0
27.23183032199995,-55.053565286956726,27.29252336018998,23.28216749653802,0.9453300596214148,9.057583440468978,-0.9608659792190517,0.0,6,42.346065995370736,0.0
27.24237054399964,-50.63574768626117,25.787572694290645,49.133429999776126,0.8688501798841024,7.54273091840939,-0.883760516334358,0.0,6,165.1202319994627,0.0
27.25282400499964,-47.65854670532038,25.205431078038814,75.17714499706199,0.7559600311908473,4.981465867227107,-0.8317985567233364,0.0,6,227.62514799294877,0.0
27.263147046000086,-46.47433082334129,25.751350034607484,49.42891999441781,0.6770210926100281,1.8962636664789256,-0.8111300905283927,0.0,6,165.82940798660275,0.0
27.27342775500074,-47.11623842742098,27.430632578619264,23.760504993580977,0.6659824259568575,-1.2795541233228138,-0.8223334917131715,0.0,6,104.22521198459435,0.0
27.283748629999536,-48.67318587282262,29.630632578700162,-2.1616600067573044,0.6786119918704103,-2.602374046458784,-0.8495073509159448,0.0,6,42.012015983782476,0.0
27.293947187999947,-50.38019686567338,31.83063257873654,-27.659627505934626,0.6781309791770054,-2.9791491885754477,-0.8793003131089279,0.0,6,-19.183106014243094,0.0
27.30436949400064,-52.15557288942228,33.96737885125572,-53.68221000274207,0.6710208967503185,-3.077166852720067,-0.9102864701843112,0.0,6,-69.57980991193213,0.0
27.31468121800026,-53.68533175386108,35.79539867510185,-79.45768000602402,0.6514170976236034,-2.5802214986260372,-0.9369857991303379,0.0,6,-74.21939451252288,0.0
27.32506685000044,-54.706044975422245,37.09502270753776,-105.4406175059994,0.6310842480604768,-1.729646326167255,-0.9548006055652185,0.0,6,-78.89632326251845,0.0
27.334777396999925,-55.19805953651725,37.83361415221995,-116.71002617700508,0.6189714078991495,-0.808160152045467,-0.9633878796240811,0.0,6,-78.89632326251845,0.0
27.34515897700112,-55.1329126097394,37.97828314642031,-123.10558772756706,0.6168375390123236,0.16763339860488077,-0.962250851254252,0.0,6,-87.9325626625479,0.0
27.35510081600114,-54.47081129367842,37.49567979627546,-129.55968131680348,0.6263359858584687,1.2150546043865935,-0.9506950033072004,0.0,6,-87.9325626625479,0.0
27.365661017000093,-53.15645104629945,36.350673053909915,-133.73700402119584,0.6499895220992227,2.360821352280767,-0.9277550894331101,0.0,6,-95.5264314437113,0.0
27.376022268999805,-51.12320905788138,34.51183431322439,-107.8647865190128,0.6911667124017764,3.622075768622526,-0.8922683222454184,0.0,6,-33.43310943847199,0.0
27.386118837999675,-48.785184291903505,32.311834313199235,-82.7688365190902,0.7144911295535972,3.98575739557913,-0.8514620920859346,0.0,6,-20.0,0.0
27.395863335001195,-46.616209520071834,30.111834313183532,-57.60914401910713,0.718576463499,3.7631102422154807,-0.8136063409247791,0.0,6,-20.0,0.0
27.406790487000762,-44.81696337184378,28.0504250748001,-31.68156652030165,0.7077704475267214,3.042070211922819,-0.7822035715843736,0.0,6,27.713285336957853,0.0
27.41681943600088,-43.57805248549576,26.25531638838996,-57.3822915205078,0.6947922877389479,2.1285918192703637,-0.7605804974787995,0.0,6,-33.9684546635369,0.0
27.42669148999994,-42.49469406815162,24.464945437603202,-82.94417652016864,0.6974438708832038,1.9818990366612423,-0.7416723261169493,0.0,6,-33.9684546635369,0.0
27.43725413500033,-41.02013828722623,22.334272475397317,-57.48812402110206,0.7149963965554341,2.5757940315390204,-0.7159364727354851,0.0,6,-40.36887992532944,0.0
27.447604279999723,-39.58057328943224,20.134272475363446,-81.79046672764058,0.71946341846986,2.4813923474859996,-0.6908113237275151,0.0,6,-58.421761948314696,0.0
27.45797943300022,-38.281853265842166,17.934272475320718,-107.64032922749433,0.7207272889893143,2.2529996594752766,-0.6681443832542899,0.0,6,-88.83987772878436,0.0
27.468254483001147,-37.119766402775774,15.734272475255562,-133.24919423054493,0.7215580582471325,2.0166681458078215,-0.6478621412996088,0.0,6,-119.81327297778813,0.0
27.478453740000987,-36.09050062656977,13.534272475166553,-158.8746467298432,0.7222431173701489,1.7853262513566763,-0.6298980646267189,0.0,6,-150.1498851969181,0.0
27.488877093001065,-35.190607582736554,11.334272475054128,-184.92814172829353,0.722816593842117,1.5597965170138808,-0.6141919680960357,0.0,6,-179.77631634958448,0.0
27.49912664600015,-34.4169174944933,9.134272474939202,-210.587301729235,0.7232891300083256,1.3397822409769389,-0.6006885286661454,0.0,6,-208.71524393568941,0.0
27.50904431500021,-33.7665224609469,6.934272474824127,-235.37885422980875,0.7236664363157514,1.1247933840435227,-0.5893369938921418,0.0,6,-237.00922515141352,0.0
27.51912481799991,-33.23688063486467,4.734272474708922,-260.4807417294677,0.7239510412963356,0.9142070434069102,-0.5800930001707316,0.0,6,-260.0,0.0
27.529514081999878,-32.82581572817017,2.534272474593615,-286.07021922950196,0.7241441118479285,0.707387092842719,-0.5729185641095094,0.0,6,-260.0,0.0
27.539304683999944,-32.53151561858745,0.3342724744782317,-300.0,0.7242456306056336,0.5036983589837615,-0.5677820582083108,0.0,6,-260.0,0.0
27.55012809999971,-32.35253029446092,-1.865727525637205,-300.0,0.7242544109794171,0.30250912000055746,-0.5646581749895536,0.0,6,-260.0,0.0
27.55975279500126,-32.2877693180037,-4.06572752575267,-300.0,0.7241680896759962,0.10319208387061866,-0.5635278827235686,0.0,6,-260.0,0.0
27.569986840000638,-32.336498935589105,-6.265727525868141,-300.0,0.7239831094676632,-0.09487498390401002,-0.5643783749936717,0.0,6,-260.0,0.0
27.580457625001145,-32.498338916126954,-8.465727525983594,-300.0,0.7236946933372875,-0.2923087843367349,-0.5672030155154206,0.0,6,-260.0,0.0
27.591270492999683,-32.773259154015925,-10.665727526099005,-300.0,0.7232968103282925,-0.4897200706512069,-0.5720012788469493,0.0,6,-260.0,0.0
27.601900200001182,-33.16157603059861,-12.865727526214348,-300.0,0.7227821336417724,-0.6877132200320869,-0.5787786868843776,0.0,6,-260.0,0.0
27.61181598300027,-33.66394848648373,-15.065727526329606,-300.0,0.7221419918602702,-0.8868857186922867,-0.5875467403109029,0.0,6,-260.0,0.0
27.621917512000437,-34.28137371559395,-17.265727526444746,-300.0,0.7213663145776997,-1.087827487667444,-0.5983228434437566,0.0,6,-260.0,0.0
27.632526680999945,-35.015182349454356,-19.465727526559746,-300.0,0.7204435741917284,-1.2911199752349811,-0.6111302201841822,0.0,6,-260.0,0.0
27.64249122399997,-35.86703295623359,-21.665727526674587,-300.0,0.7193607261899216,-1.497334938894697,-0.6259978180075914,0.0,6,-260.0,0.0
27.653084186000342,-36.838905632637484,-23.865727526789236,-300.0,0.7181031509561862,-1.7070328355962079,-0.6429601961210087,0.0,6,-260.0,0.0
27.663659056001052,-37.93309441729934,-26.06572752690367,-300.0,0.7166546009611908,-1.9207607335460535,-0.6620573930517533,0.0,6,-260.0,0.0
27.673597611999867,-39.15219820131259,-28.265727527017866,-300.0,0.7149971581995288,-2.139049652728468,-0.6833347680063064,0.0,6,-260.0,0.0
27.683811049000724,-40.499109754709536,-30.46572752713179,-300.0,0.7131112079138199,-2.3624112345729826,-0.7068428093462344,0.0,6,-260.0,0.0
27.693758962001084,-41.97700242696477,-32.66572752724543,-274.2767575025937,0.710975436011439,-2.59133363446574,-0.7326369024681858,0.0,6,-260.0,0.0
27.704078157999902,-43.58931401530416,-34.86572752735875,-249.11480250266322,0.7085668591319744,-2.826276524656496,-0.7607770482527676,0.0,6,-137.87552600639174,0.0
27.71396557600019,-45.33969751095023,-37.06572752746348,-223.73978750038077,0.7058594793529593,-3.067601382794712,-0.7913270034243594,0.0,6,-137.87552600639174,0.0
27.724640546000956,-47.62110072065839,-39.00000000018005,0.0,0.7425309685439766,-4.627133161905883,-0.8311450009993333,0.0,6,0.0,0.0
27.734821846999694,-52.87261646063745,-39.000000000000156,0.0,0.9330399400938122,-8.714808849748568,-0.9228012413822744,0.0,6,0.0,0.0
27.744757604999904,-58.26694142005149,-39.000000000000185,0.0,0.9506607667496006,-9.379140356337123,-1.0169499728465587,0.0,6,0.0,0.0
27.755582204999882,-63.81456178406878,-39.00000000000021,0.0,0.9412884973370164,-9.691892086564321,-1.113774213849347,0.0,6,0.0,0.0
27.765385238000817,-69.52458301061908,-39.00000000000025,0.0,0.9281196899014909,-9.980681654868667,-1.2134328846114146,0.0,6,0.0,0.0
27.77598657999988,-75.40450969888462,-39.00000000000028,0.0,0.9138422077068602,-10.278133098601604,-1.3160569650975347,0.0,6,0.0,0.0
27.786070153000765,-81.46001526249889,-39.00000000000031,0.0,0.898826073431241,-10.584833964448748,-1.4217454750554384,0.0,6,0.0,0.0
27.79570106200117,-87.6947036996544,-39.00000000000034,0.0,0.8832111924866552,-10.897559747046735,-1.5305613161198217,0.0,6,0.0,0.0
27.80635479600096,-94.1098718745475,-39.00000000000038,0.0,0.8671403537793467,-11.212307821348393,-1.6425271228408618,0.0,6,0.0,0.0
27.816333934000795,-100.70428301798086,-39.0000000000004,0.0,0.8507852603404625,-11.52464384461459,-1.7576213095239779,0.0,6,0.0,0.0
27.82698249799978,-107.47396428767023,-39.00000000000042,0.0,0.8343479036124872,-11.829780110390132,-1.8757745369906476,0.0,6,0.0,0.0
27.836819830999957,-114.41204292477339,-39.000000000000426,0.0,0.8180571043079627,-12.122648126487872,-1.9968668529703786,0.0,6,0.0,0.0
27.846847938000792,-121.50863647923572,-39.00000000000043,0.0,0.8021622321648428,-12.397994786888663,-2.120725776171554,0.0,6,0.0,0.0
27.857240761000867,-128.75081241819433,-39.000000000000426,0.0,0.7869243678429625,-12.65050470899708,-2.2471255913150934,0.0,6,0.0,0.0
27.867146831000355,-136.122630886856,-39.0000000000004,0.0,0.7726052535378353,-12.874946204805594,-2.375788095452566,0.0,6,0.0,0.0
27.877127018000465,-143.60528127748648,-39.000000000000355,0.0,0.75945468790956,-13.066335336040112,-2.506384981544708,0.0,6,0.0,0.0
27.886849508000523,-151.1773185754169,-39.0000000000003,0.0,0.747697328289315,-13.220109758619541,-2.6385419634774085,0.0,6,0.0,0.0
27.89785042299991,-158.81499941898534,-39.000000000000234,0.0,0.7375200863170867,-13.332301767317716,-2.7718446414141757,0.0,6,0.0,0.0
27.9084508570013,-166.49271090986974,-39.00000000000015,0.0,0.7290613809217628,-13.399698512172604,-2.9058459859483112,0.0,6,0.0,0.0
27.91878018100033,-174.18347813248914,-39.000000000000064,0.0,0.7224034060007849,-13.41997713398099,-3.0400751959874794,0.0,6,0.0,0.0
27.929451936999612,178.1407860318125,-38.999852881993405,1.6816339490919943,0.7174651293977901,-13.390841609171016,3.109143248345852,0.0,6,1.2011671064942817,0.0
27.93963889600127,170.5245968630403,-38.99181178692779,8.176874098653137,0.7105465279684909,-13.277732916260794,2.976215670896047,0.0,6,5.840624356180811,0.0
27.94980489900081,163.06043340763952,-38.944804700007694,14.841548338381036,0.6926967409183686,-12.9968412288136,2.8459414426922667,0.0,6,5.840624356180811,0.0
27.959794725000393,155.86210292617542,-38.81454933983362,21.15089438909265,0.6617500974639883,-12.524377931531738,2.7203068751440496,0.0,6,10.601105955986455,0.0
27.970390758000576,149.0248839772678,-38.56019784011194,27.59737253864798,0.6213742755839459,-11.889222709828294,2.6009748928058656,0.0,6,19.71240895617713,0.0
27.98058225800014,142.62211228668576,-38.14497447947027,34.2455439290002,0.5758622367524544,-11.12747154015658,2.4892254455517255,0.0,6,19.71240895617713,0.0
27.99180643100044,136.70297785470643,-37.53753614005528,40.85701151902824,0.5295890634968955,-10.280820492979498,2.3859170608455216,0.0,6,29.183579656448742,0.0
28.000980484999673,131.30472876824393,-36.705553285960015,47.104524958439946,0.4846427190947425,-9.370855123699119,2.2916998404439752,0.0,6,29.183579656448742,0.0
28.011434920999818,126.45304390759043,-35.615940873253464,53.6635778087016,0.4426882262692696,-8.417809982715212,2.207021965356409,0.0,6,33.64608925602853,0.0
28.022247296001296,122.15708182352476,-34.239839479720544,60.18645542849256,0.4054647801369,-7.448433535714845,2.1320432824486257,0.0,6,42.99032530606611,0.0
28.031775098999788,118.41827376397089,-32.548332849425805,66.50262248897846,0.37345757126290435,-6.476931957337575,2.0667887717093105,0.0,6,42.99032530606611,0.0
28.042461315000764,115.23197566040025,-30.513055645504032,72.90628016843542,0.346733157194845,-5.5137798737626245,2.0111773788519516,0.0,6,52.07591440602529,0.0
28.0524616900002,112.40678729671819,-28.313055645466108,79.27371788818121,0.3403950911903703,-4.9388784756762245,1.9618685399166687,0.0,6,56.624084205843715,0.0
28.062770966000244,109.78874385037359,-26.113055645424488,85.81886411825465,0.3424958696522351,-4.553682432869424,1.9161750618176958,0.0,6,61.299188655896174,0.0
28.072867392000262,107.38034424990109,-23.913055645379757,92.35463594891328,0.34524665850483205,-4.185146433301386,1.8741405590857347,0.0,6,61.299188655896174,0.0
28.08347844400123,105.18343621103334,-21.713055645331885,98.74755527819573,0.34786412387151194,-3.8156808646174145,1.8357972804439608,0.0,6,70.53396805585409,0.0
28.093910315999892,103.19930386365291,-19.51305564528093,100.41669139667304,0.35025125728875806,-3.444252352454065,1.8011676381868487,0.0,6,71.72620814048074,0.0
28.104337648001092,101.4287533443648,-17.313055645229056,93.95978359654347,0.352381992643463,-3.071471976649781,1.7702657020523755,0.0,6,67.1141311403882,0.0
28.114477664001242,99.87219348117969,-15.113055645180227,87.55326571639327,0.3542395416652559,-2.6980043873596418,1.7430986074354031,0.0,6,62.53804694028091,0.0
28.1242538030001,98.52970218488174,-12.913055645134477,81.06695959660667,0.35581014771948394,-2.3244213778333846,1.7196677141356371,0.0,6,62.53804694028091,0.0
28.134942394000973,97.40108626289953,-10.713055645092469,74.5157401665858,0.35708181086079327,-1.9511906906420995,1.699969650306616,0.0,6,53.22552869041843,0.0
28.14548673399986,96.4859358058529,-8.513055645053882,67.95897547619117,0.3580437700644058,-1.578686789930975,1.6839972616800214,0.0,6,48.54212534013655,0.0
28.155731603001186,95.78367165781924,-6.3130556450187045,61.41484165658423,0.3586861143878233,-1.2072022211825748,1.6717404400781213,0.0,6,43.86774404041731,0.0
28.166610551001213,95.29358391791894,-4.113055644986911,56.97203370536885,0.3589995645777075,-0.8369631244485332,1.6631867953932034,0.0,6,40.69430978954918,0.0
28.176762442000836,95.01486102102245,-1.9130556449572944,57.11251004540468,0.35897533871258547,-0.4681458043644445,1.658322163141663,0.0,6,40.79465003243192,0.0
28.187021702000493,94.94661028228168,0.28694435507191324,57.14690841773004,0.3586050749327711,-0.10089144080680049,1.657130963033718,0.0,6,40.819220298378596,0.0
28.19744994100074,95.0878699970965,2.486944355101152,50.53926933760917,0.3578808457299925,0.26467976612488997,1.6595964101576648,0.0,6,36.099478098292266,0.0
28.20738178800093,95.43761531371925,4.686944355127707,44.07980877697295,0.35679526719714455,0.6284570406556179,1.665700617476162,0.0,6,36.099478098292266,0.0
28.218255986001168,95.99475455454116,6.8869443551506455,37.48823280686733,0.35534170363767925,0.9903212753914009,1.6754245316205658,0.0,6,26.77730914776238,0.0
28.22835471700091,96.75811407562021,9.086944355170264,31.094917837185083,0.35351451603927225,1.350127382057937,1.6887476686398424,0.0,6,22.210655597989344,0.0
28.238695637001,97.72641766750748,11.286944355186655,24.569399886954077,0.35130939828898966,1.7076933579012497,1.7056477544771624,0.0,6,17.54957134782434,0.0
28.249054859999887,98.89825808976964,13.486944355199778,18.03868884692233,0.3487237907021541,2.0627869571450015,1.726100228153598,0.0,6,12.884777747801664,0.0
28.259396897999977,100.27206129617804,15.686944355209636,11.525801137199185,0.34575735859373036,2.415112830633611,1.7500776173798798,0.0,6,8.232715097999417,0.0
28.269280194999737,101.84604301712072,17.88694435521657,5.050233367587086,0.34241250968406306,2.7642993770739057,1.7775487807765362,0.0,6,8.232715097999417,0.0
28.280277687999842,103.61816102776334,20.08694435521994,-1.6311648523293598,0.3386950379749374,3.1098910744888344,1.8084780747961418,0.0,6,-1.1651177516638285,0.0
28.290652838000824,105.58547103690215,22.28584665715959,-8.111661742528351,0.3345820316647074,3.4500118570686036,1.8428141118630537,0.0,6,-5.794044101805966,0.0
28.300881221000964,107.73532934543891,24.467236539601306,-14.62785002258502,0.3295605901535594,3.764759144985645,1.8803362177983765,0.0,6,-10.448464301846442,0.0
28.31129395300013,110.04189792421644,26.5984382645443,-21.147514643121806,0.32304669472970027,4.035003199935754,1.9205934339210904,0.0,6,-15.105367602229862,0.0
28.321563621000678,112.47333348265218,28.646436775241696,-27.68438708216823,0.3146267249307013,4.249204607956646,1.963029989965861,0.0,6,-19.774562201548733,0.0
28.331896228000915,114.9913731456674,30.577802539737124,-34.35531092226998,0.3039182506659602,4.396023992416534,2.006978072781285,0.0,6,-19.774562201548733,0.0
28.34286410200002,117.55083444471549,32.35828482938024,-41.07151979276355,0.2905848625412135,4.463287982405199,2.0516490995270455,0.0,6,-29.336799851973964,0.0
28.352911838999717,120.10264678115415,33.955769275443814,-47.60865620216978,0.27459355680686615,4.444154936617162,2.0961866266909093,0.0,6,-29.336799851973964,0.0
28.363205956000456,122.585831217646,35.33189458219687,-54.08004329244764,0.25567217823072663,4.318682625000357,2.1395263710419723,0.0,6,-34.00618300154984,0.0
28.374202121000053,124.93721525766465,36.45085475636402,-60.63073478289485,0.23435137920476132,4.08259748372191,2.1805657645191436,0.0,6,-43.30766770206775,0.0
28.384367075999762,127.08981663286363,37.27670009192758,-67.23929744298917,0.21138588671163083,3.729244958251866,2.218135745999324,0.0,6,-48.02806960213512,0.0
28.394968418000644,128.97354812791383,37.77273295641048,-73.81982699245387,0.18793775216498831,3.2535465029206727,2.251013062811465,0.0,6,-52.72844785175276,0.0
28.405099911000434,130.51738888368408,37.901944326923136,-80.30336048262657,0.16564515880463987,2.654200376582003,2.2779581671261333,0.0,6,-57.35954320187612,0.0
28.415187466000134,131.65213243909835,37.62765317901409,-86.84419373304596,0.1465799909069122,1.9346525003505248,2.2977631783338994,0.0,6,-57.35954320187612,0.0
28.426154640999812,132.31256386911872,36.91358120823861,-93.52440314206947,0.133102513155027,1.1018460951291456,2.3092898812714093,0.0,6,-66.8031451014782,0.0
28.43647160100045,132.44373731092628,35.7266922958663,-100.03460642239193,0.12770316855568892,0.17359945666709692,2.3115792897221246,0.0,6,-71.45329030170852,0.0
28.446437118000176,131.99086472515975,34.02865516645695,-106.56338084284984,0.1327577474045644,-0.848248123708297,2.303675172008478,0.0,6,-71.45329030170852,0.0
28.456774057000075,131.04836417345905,31.87892708701108,-113.06649851275839,0.14477146490920026,-1.585789934497698,2.2872254341794376,0.0,6,-76.1167006020356,0.0
28.466912466001304,130.1973559589988,29.678927086951635,-119.4756132523759,0.14757537799364137,-1.4525101926376147,2.2723725388755884,0.0,6,-80.76178465197027,0.0
28.47751569400134,129.5110966394103,27.47892708688883,-118.90559334926196,0.14832570893273023,-1.1812534898980642,2.260395054226273,0.0,6,-84.93256667804425,0.0
28.488095381000676,128.99043409609683,25.27892708682602,-112.40243220952664,0.14870237573422057,-0.8939770695766148,2.2513077785536453,0.0,6,-80.28745157823332,0.0
28.498078571001315,128.63578678951225,23.07892708676639,-106.0111855294582,0.14885953951118658,-0.604439801949283,2.245118015370415,0.0,6,-75.72227537818443,0.0
28.507943775999593,128.4471691830525,20.8789270867102,-99.55300071936848,0.14880476891512734,-0.31473977857962776,2.241826017110461,0.0,6,-75.72227537818443,0.0
28.518543721000242,128.4242132024369,18.678927086657442,-93.10951569881412,0.14853431541184509,-0.02569612555138108,2.241425359665695,0.0,6,-66.50679692772437,0.0
28.528937590999703,128.56617509173012,16.478927086608106,-86.57281902876834,0.1480453492363354,0.2620193988705638,2.243903062046213,0.0,6,-61.83772787769166,0.0
28.539134889000707,128.8719391722551,14.278927086562232,-80.13870777964087,0.14733703316217098,0.5477556783161404,2.2492396519857074,0.0,6,-57.24193412831491,0.0
28.548925697001323,129.3400184798342,12.07892708651976,-73.71507027890233,0.1464106586878472,0.8308642361924167,2.257409177063418,0.0,6,-57.24193412831491,0.0
28.559388236000814,129.96855245923138,9.878927086480688,-80.12864206658395,0.14526971501391972,1.110692250158249,2.2683791644645606,0.0,6,-52.65362162778737,0.0
28.569654062001064,130.7553214726139,7.678927086438835,-86.60623465598309,0.14392032752038664,1.3866202394012597,2.282110874200753,0.0,6,-57.23474433327425,0.0
28.580330638000305,131.6977442550991,5.478927086393467,-93.11089204565195,0.14237105972240627,1.658004522011007,2.298559254700926,0.0,6,-66.50778003260854,0.0
28.590431255999647,132.79284451202454,3.2789270863445448,-99.51006034617438,0.14063272344275277,1.9241577567202386,2.3176723598237112,0.0,6,-71.0786145329817,0.0
28.600804031000735,134.03723958301086,1.0789270862920872,-105.97594690646493,0.13871853751767127,2.184369825335363,2.3393911510080105,0.0,6,-75.69710493318922,0.0
28.611073349000435,135.4271284396001,-1.1210729137639657,-112.51141066665713,0.13664416796472734,2.4379095943658458,2.3636492877922723,0.0,6,-80.36529333332652,0.0
28.621659043001273,136.95827971913184,-3.3210729138236874,-119.04749119577008,0.13442770835557638,2.6840248893233665,2.390372918966225,0.0,6,-85.03392228269291,0.0
28.631782294000004,138.62601970475677,-5.5210729138871235,-125.56152298599972,0.13208959685263877,2.92194268740675,2.419480472782543,0.0,6,-89.68680213285694,0.0
28.64237497400063,140.42522138340343,-7.721072913954304,-132.03590257614468,0.12965248451703557,3.150871142703192,2.4508824659823363,0.0,6,-94.31135898296048,0.0
28.652272381999865,142.35029554814344,-9.921072914025256,-138.5957032362332,0.12714104528538572,3.3700031593946393,2.484481348502129,0.0,6,-94.31135898296048,0.0
28.663240395000685,144.3951849304693,-12.121072914100067,-145.18978786673887,0.12458173410564108,3.5785218681236493,2.5201714010627887,0.0,6,-103.7069913333849,0.0
28.673349605000112,146.55336187172574,-14.321072914178806,-151.5651913058993,0.12200245547919594,3.775606569764057,2.557838694528334,0.0,6,-108.26085093278522,0.0
28.683266920999813,148.817829418038,-16.52107291426141,-145.11088036523705,0.11943212841734793,3.960438833303591,2.59736110901604,0.0,6,-103.65062883231218,0.0
28.693780521000008,151.18110001324067,-18.721072914341505,-138.5506853253084,0.11689838302478282,4.132152812485499,2.6386079620178924,0.0,6,-98.96477523236314,0.0
28.704109213000265,153.63520023499996,-20.921072914418318,-132.09501106531224,0.11442917298188443,4.289918173102228,2.681440091061515,0.0,6,-94.35357933236588,0.0
28.714836291999745,156.17172192000436,-23.121072914491865,-125.44745833586622,0.11205307696783007,4.432974548258609,2.7257107460130765,0.0,6,-89.60532738276157,0.0
28.7249672930011,158.78184697287108,-25.321072914562027,-118.95714982571934,0.10979772732392602,4.560608783381937,2.771266022074392,0.0,6,-84.96939273265667,0.0
28.73499665500094,161.45637877400773,-27.521072914628846,-112.38375187532273,0.1076891776145161,4.672164330299167,2.8179454079535207,0.0,6,-84.96939273265667,0.0
28.745765227000447,164.18578048398996,-29.721072914692247,-105.85585945585099,0.10575129789192943,4.767051262773863,2.865582454402274,0.0,6,-75.6113281827507,0.0
28.756184382000356,166.96021869309573,-31.92107291475221,-99.29456443552243,0.10400524415244296,4.844756900589658,2.9140055360443045,0.0,6,-70.92468888251602,0.0
28.76663594999991,169.76961330571223,-34.12107291480868,-92.73700972603382,0.10246898797205543,4.904855690744528,2.9630387220222527,0.0,6,-66.2407212328813,0.0
28.777139630999955,172.6036920624975,-36.32107291486163,-86.14719712532877,0.10115691837942073,4.947017747610042,3.0125027275889833,0.0,6,-61.533712232377695,0.0
28.787178004000452,175.45204932029307,-38.521072914910995,0.0,0.10007953618933049,4.9710158697047175,3.062215940010593,0.0,6,0.0,0.0
28.797175790999972,-178.01413369125657,-39.00000000000004,0.0,0.5522020226710401,11.746982053157023,-3.106932747997794,0.0,6,0.0,0.0
28.807976217000032,-170.4955217481595,-39.00000000000012,0.0,0.6771889954874478,12.959575632766468,-2.9757082144109814,0.0,6,0.0,0.0
28.81813565000084,-163.046665178671,-39.0000000000002,0.0,0.6903526474130678,12.974012000632307,-2.8457011417645974,0.0,6,0.0,0.0
28.828116321999914,-155.69374692031724,-39.00000000000027,0.0,0.6921245088963838,12.819336266904376,-2.7173685085263175,0.0,6,0.0,0.0
28.838560555001095,-148.4614811057384,-39.00000000000032,0.0,0.6938544437892086,12.608454820607966,-2.5911416576824866,0.0,6,0.0,0.0
28.849240621000718,-141.37267711987823,-39.00000000000035,0.0,0.6965866873847752,12.35656244825426,-2.4674186881007296,0.0,6,0.0,0.0
28.859923341000467,-134.44788930210993,-39.00000000000038,0.0,0.7002496812193412,12.068883663337745,-2.3465583406786794,0.0,6,0.0,0.0
28.870096954000473,-127.70516117507788,-39.000000000000384,0.0,0.704653670805865,11.749945190657456,-2.2288755342951396,0.0,6,0.0,0.0
28.880435566001324,-121.15986646542092,-39.00000000000038,0.0,0.7096046399028252,11.404421093398549,-2.1146385910982595,0.0,6,0.0,0.0
28.89075825100008,-114.82464316674849,-39.00000000000036,0.0,0.7149223775830659,11.037080318221422,-2.0040680856873694,0.0,6,0.0,0.0
28.90074891200129,-108.70941199806053,-39.00000000000034,0.0,0.7204464234903883,10.652652441726884,-1.8973371672731838,0.0,6,0.0,0.0
28.91134871400027,-102.82146712604138,-39.00000000000032,0.0,0.7260388862548374,10.255704246244491,-1.7945731430805336,0.0,6,0.0,0.0
28.921658475001095,-97.16562501949298,-39.000000000000284,5.178736244770164,0.7315853520919056,9.85053980144897,-1.6958600763483318,0.0,6,0.0,0.0
28.93238094300068,-91.74441173482829,-38.999946953251964,11.787252913918394,0.7369955756974484,9.441141799054591,-1.6012420550780764,0.0,6,8.419466367084567,0.0
28.9430595419999,-86.55839132595422,-38.98315468783853,18.489729044676835,0.7421570953618764,9.03051518405645,-1.5107289238676014,0.0,6,13.20694931762631,0.0
28.952920202000314,-81.61416834814412,-38.912516941655994,24.924762614364056,0.7458937558230511,8.606200825326805,-1.4244359539520566,0.0,6,13.20694931762631,0.0
28.963635685000554,-76.93011214300294,-38.750970281548945,31.57363519446318,0.7467541228446731,8.148880649834108,-1.342683750823872,0.0,6,17.803401867402897,0.0
28.97426601299958,-72.11136689403847,-38.42759523865643,57.54555769496602,0.7432814242870481,7.588622564060016,-1.258580780414608,0.0,6,84.88521056868052,0.0
28.984251924001,-68.56988743731068,-37.86517246551448,82.10028269556443,0.7221534367698549,6.826122503783799,-1.1967703035029682,0.0,6,143.8165505701167,0.0
28.993682764001278,-65.45075435212941,-36.46993787068747,57.130090196978756,0.6679422705572267,5.303531891853538,-1.1423311613586662,0.0,6,143.8165505701167,0.0
29.003984842000136,-63.19020525886928,-34.32596656039284,44.31414031400874,0.6330258807474188,3.9887861826821305,-1.1028771367783046,0.0,6,83.88808857351108,0.0
29.014193662000253,-61.1786277287594,-32.125966560365775,50.80290847411544,0.6308591317323854,3.510368096534201,-1.067768485718752,0.0,6,31.6529573671491,0.0
29.024395636999543,-59.36033441485318,-29.925966560339308,57.23239678457486,0.6322992505324428,3.159019651753679,-1.0360332806240895,0.0,6,36.287791767225315,0.0
29.034945561001223,-57.73109625149351,-27.725966560309313,63.691679684225,0.6338868707938902,2.827854907450499,-1.0075977103743181,0.0,6,45.49405691730357,0.0
29.044735109000612,-56.286891335681446,-25.52596656027577,70.00423621421743,0.6352969721662458,2.505061587941689,-0.9823915795199101,0.0,6,45.49405691730357,0.0
29.055489780001153,-55.02394923737182,-23.325966560238765,76.46259427448041,0.6365033558492711,2.1889689118054694,-0.9603490816423612,0.0,6,54.61613876748601,0.0
29.06558187200062,-53.93878703593756,-21.125966560198226,83.00589019435375,0.6375076444431366,1.87894125491029,-0.9414094283091434,0.0,6,59.28992156739554,0.0
29.075546897000095,-53.028237956930546,-18.925966560154116,80.58833018949043,0.638312816387483,1.5744110087698149,-0.925517348879469,0.0,6,59.28992156739554,0.0
29.085952849000023,-52.2894874493199,-16.725966560110727,74.02659479952162,0.6389201782028179,1.2747554612216363,-0.9126237201708838,0.0,6,57.56309299249317,0.0
29.096146859999862,-51.72010024732169,-14.525966560070533,67.62791285958555,0.6393294903043554,0.9793167908080475,-0.902686038777297,0.0,6,52.87613914251544,0.0
29.106499932000588,-51.318018615317804,-12.325966560033702,61.17562736899016,0.6395391780907759,0.6874372309982655,-0.895668390437037,0.0,6,43.69687669213583,0.0
29.116557306000686,-51.08156309970607,-10.125966560000276,54.68778341913675,0.6395460242005773,0.39845505153050953,-0.8915414631551113,0.0,6,43.69687669213583,0.0
29.127102620001097,-51.009437168542725,-7.925966559970293,48.245532568995614,0.6393449989071779,0.11170201689019074,-0.8902826281802443,0.0,6,34.461094692139724,0.0
29.136821125001006,-51.10072789948201,-5.7259665599437435,41.99040746928985,0.6389292205813177,-0.1734909467234362,-0.891875952011687,0.0,6,34.461094692139724,0.0
29.147573491000003,-51.35490324183478,-3.525966559920553,35.593969589114195,0.6382899316290848,-0.457787851607644,-0.8963121486131267,0.0,6,25.424263992224425,0.0
29.156973035000192,-51.77180485252625,-1.325966559900444,29.432627549446256,0.6374164819518355,-0.7418403757534201,-0.9035884543765604,0.0,6,21.02330539246161,0.0
29.166676591001305,-52.351645118814524,0.8740334401160013,23.124428099214484,0.6362963720486005,-1.0262937039031643,-0.9137085761589314,0.0,6,21.02330539246161,0.0
29.17791082000076,-53.17834928174782,3.2940334401303337,16.262639459543053,0.6347621525791535,-1.3403896752121913,-0.9281372857420611,0.0,6,11.616171042530752,0.0
29.187315533999936,-54.002745178700955,5.274033440138834,10.500195149376296,0.6332569096363276,-1.598842322684308,-0.9425257084838252,0.0,6,7.50013939241164,0.0
29.1972909670003,-55.076140127662946,7.474033440145083,4.14261692907202,0.6313035905974794,-1.8880909399613233,-0.9612599845174885,0.0,6,2.9590120921942997,0.0
29.20676099600132,-56.316701013316056,9.674033440147953,-2.085045840270695,0.6290358376343825,-2.1800259325449747,-0.9829118565435921,0.0,6,2.9590120921942997,0.0
29.2169076450009,-57.72201925794465,11.870451476972994,-8.347872690177255,0.6262785375204091,-2.4660777991767233,-1.0074392869507083,0.0,6,-5.962766207269468,0.0
29.227184714000032,-59.272186669929184,14.043797811038115,-14.994765180875774,0.622347161757263,-2.7132248320699204,-1.0344948122469577,0.0,6,-5.962766207269468,0.0
29.237762721000763,-60.93325244556791,16.159889239635522,-21.477944610781933,0.6167670603967405,-2.9037939770521577,-1.063485879124047,0.0,6,-15.34138900770138,0.0
29.248170629000015,-62.67472735325483,18.184047598718657,-27.97947594085018,0.6095481098071226,-3.0422128728588507,-1.093880350104048,0.0,6,-19.985339957750128,0.0
29.257895210999777,-64.47108253053705,20.082257692591103,-34.306247160351276,0.6008603787709205,-3.1364427407575257,-1.125232662482869,0.0,6,-19.985339957750128,0.0
29.268703182000536,-66.30168987422766,21.821084759269755,-40.7951476207778,0.5909516710756944,-3.195229291800359,-1.1571827879414578,0.0,6,-29.139391157698427,0.0
29.27863390800121,-68.15059706964541,23.36741672517317,-47.419728030221094,0.5800764633752766,-3.2263613744598016,-1.1894523060653117,0.0,6,-29.139391157698427,0.0
29.28882044400052,-70.00573468285837,24.68753951657576,-53.76894363015127,0.568478833449277,-3.236782208933729,-1.221830565493467,0.0,6,-33.87123430730078,0.0
29.298784910000904,-71.85973975648591,25.74814321965385,-60.10051230019927,0.5564318574592269,-3.2349795844054103,-1.2541890583769473,0.0,6,-38.40638830725091,0.0
29.309130437999556,-73.71024648652148,26.516854120862376,-66.58232715021187,0.5441806471592324,-3.2293337744832407,-1.286486493646382,0.0,6,-42.92893735728519,0.0
29.31975077700008,-75.5589961500544,26.96107717264668,-73.12439079051147,0.5319120700772618,-3.227002633453522,-1.3187532623201685,0.0,6,-52.23170770750819,0.0
29.330059071000505,-77.41174415879976,27.04769915334954,-79.57936008022772,0.5197849423806522,-3.2351209824856104,-1.351089815282544,0.0,6,-56.84240005730551,0.0
29.33981690499968,-79.27872295341113,26.74365627417934,-85.86282699016338,0.5079499602081196,-3.2615640228109717,-1.3836747423134275,0.0,6,-56.84240005730551,0.0
29.35013965899998,-81.17504683402316,26.01649896532952,-92.18114865078279,0.49655372748855353,-3.3148607325034565,-1.4167718377143033,0.0,6,-65.84367760770199,0.0
29.360412887001075,-83.12081749165012,24.83411463749905,-85.6081028709592,0.4857399659874988,-3.4036676213923096,-1.4507319421785887,0.0,6,-61.148644907828,0.0
29.370332784999846,-85.14816821287242,23.193808282035334,-79.16664393075153,0.4760450056298828,-3.5516228488778414,-1.4861158873565996,0.0,6,-61.148644907828,0.0
29.380874395999854,-87.2986476489529,21.13416867800337,-72.57106557143162,0.4677695553100195,-3.7708000652958646,-1.5236488340126348,0.0,6,-56.54760280767967,0.0
29.390947208001307,-89.62959633657655,18.9341686779656,-66.37337253114639,0.4618246892297535,-4.089252184291027,-1.5643315633067085,0.0,6,-47.409551807961705,0.0
29.400972937000915,-92.15961934556236,16.73416867793089,-70.76907567713036,0.4562312558898054,-4.433347449842699,-1.6084887949647249,0.0,6,-47.409551807961705,0.0
29.41168855900105,-94.88761696536726,14.534168677894327,-64.16069067687616,0.4502982101431587,-4.7783708678653865,-1.656101335416889,0.0,6,-45.82906476919726,0.0
29.42181858299955,-97.81202424285117,12.33416867786041,-57.70065996739917,0.44395888477006096,-5.120919409610119,-1.7071418710782664,0.0,6,-45.82906476919726,0.0
29.432266518000688,-100.93071502002371,10.134168677829608,-51.406323037249,0.4372268461469748,-5.459726396274226,-1.7615732934915083,0.0,6,-36.71880216946357,0.0
29.44240876600088,-104.24089932696779,7.934168677801831,-44.95267359703988,0.43013280081218586,-5.793594350991418,-1.819346908495529,0.0,6,-32.1090525693142,0.0
29.452552411999932,-107.73902055554328,5.734168677777136,-38.28804534711211,0.4227179104075831,-6.121173174236269,-1.8804006415680805,0.0,6,-32.1090525693142,0.0
29.46369652700014,-111.42065418624995,3.5341686777556385,-31.5442008972282,0.41503345553270166,-6.440939328519088,-1.9446572702760647,0.0,6,-22.531572069448714,0.0
29.47368956399987,-115.28041060732147,1.3341686777374067,-25.00094970774129,0.40714092430604126,-6.751200767040084,-2.0120227281487555,0.0,6,-22.531572069448714,0.0
29.484316748999845,-119.31184518563883,-0.865831322277615,-18.419541937823432,0.399111768942763,-7.050109652873104,-2.0823845351191426,0.0,6,-13.156815669873879,0.0
29.494953155000985,-123.50737988667872,-3.0658313222893674,-11.790297007286915,0.39102677198621116,-7.3356831623928915,-2.1556104295339646,0.0,6,-8.421640719490654,0.0
29.50474493799993,-127.85824065252054,-5.2658313222977595,-5.377268077522365,0.38297488438533944,-7.605830953159903,-2.2315472751937464,0.0,6,-8.421640719490654,0.0
29.515339081001002,-132.35441348433437,-7.46583132230281,1.1302923523866981,0.3750514356144001,-7.8583881582400315,-2.310020294847615,0.0,6,0.8073516802762128,0.0
29.526163119000557,-136.98462398326137,-9.665831322304388,7.698453112875961,0.36735593382343074,-8.091157178783162,-2.3908327131143006,0.0,6,5.498895080625687,0.0
29.53633833800086,-141.71902442997546,-11.855087712114324,14.33517929308024,0.3575844755331296,-8.264554716572416,-2.473463589017352,0.0,6,10.2394137807716,0.0
29.546491553999658,-146.49134544899107,-14.003160562693298,20.892249532821975,0.34212056263333035,-8.320225973054626,-2.556756303761305,0.0,6,10.2394137807716,0.0
29.557124885999656,-151.21423443329564,-16.071522142768025,27.455085532324542,0.31907506082859544,-8.2247303324917,-2.639186266743591,0.0,6,19.610775380231814,0.0
29.567378903000645,-155.7918544378836,-18.02069254148205,33.90028478222617,0.28806039197122424,-7.961680944654598,-2.7190808077288082,0.0,6,24.214489130161553,0.0
29.577958376001334,-160.1227542149297,-19.810652078790184,40.56632171330008,0.24968401144480779,-7.521736615072278,-2.7946692684121515,0.0,6,28.975944080928627,0.0
29.588315500001045,-164.10209119525484,-21.400817209393093,47.09346569266514,0.20536430743247008,-6.898469407549552,-2.8641218007651936,0.0,6,33.6381897804751,0.0
29.598623306001173,-167.62451000230564,-22.75035237262704,53.61484517282903,0.15758025224788313,-6.092258712463421,-2.9255996065824013,0.0,6,38.296317980592164,0.0
29.609529354000188,-170.58840311655604,-23.819315793992075,60.25940477327409,0.10969758705229807,-5.109195716016707,-2.977329300103259,0.0,6,43.04243198091007,0.0
29.61986049100051,-172.90345308863172,-24.571542497503668,66.7572392623292,0.06599667752829039,-3.9683325310363626,-3.0177345444641825,0.0,6,47.683742330235134,0.0
29.630160751999938,-174.47131008068143,-24.96514330015462,73.41227387286877,0.030076662517427542,-2.657595212989586,-3.0450988111758646,0.0,6,52.437338480620554,0.0
29.640433700000358,-175.20528713035722,-24.96159181082934,66.91232762322711,0.007090064971397308,-1.19550107024746,-3.057909127326781,0.0,6,47.794519730876516,0.0
29.650481153999863,-175.09651325615525,-24.556591634030095,60.42738734274777,0.001691378130839796,0.25260241153454605,-3.056010665081806,0.0,6,47.794519730876516,0.0
29.661421640999833,-174.22921937142735,-23.78752228933075,66.99836420267772,0.011809343097706562,1.5669002237532788,-3.0408735312108925,0.0,6,47.85597443048408,0.0
29.671435983000265,-172.62009489911537,-22.658546351859236,73.49954336217294,0.03647093858969696,2.881857216278261,-3.012789011094632,0.0,6,52.49967383012353,0.0
29.68193232900012,-170.2044621309594,-21.133603545188826,80.19123704265027,0.07952544324359945,4.295483179522682,-2.9706282657712455,0.0,6,52.49967383012353,0.0
29.692511240000385,-166.92587254120164,-19.177391528360545,81.71471404705524,0.1449830075398908,5.805413401645726,-2.9134060826083625,0.0,6,58.36765289075374,0.0
29.702937097999893,-163.19988497180898,-16.977391528319185,75.12217480768238,0.18104388499965268,6.408896709536254,-2.84837533163408,0.0,6,53.6586962912017,0.0
29.713290097000936,-159.55239701042038,-14.777391528277281,68.62971169740202,0.1859164680096023,6.348073590800791,-2.784714657280993,0.0,6,49.02122264100144,0.0
29.72351770500063,-155.9956555830224,-12.57739152823934,62.16105754744429,0.18754845505033513,6.197007135816587,-2.7226378087308154,0.0,6,44.40075539103163,0.0
29.733978840000418,-152.54125169762196,-10.377391528205294,55.64597365745437,0.1890899766455855,6.018375824863097,-2.662347087236893,0.0,6,39.74712404103884,0.0
29.744283289001032,-149.20006293140693,-8.177391528175114,49.18392064701773,0.190835115673187,5.820034362383343,-2.6040323423357936,0.0,6,35.131371890726946,0.0
29.7546675829999,-145.98221095508126,-5.977391528148724,42.68723275729651,0.1927736399648113,5.604012859991807,-2.5478702305071037,0.0,6,30.490880540926078,0.0
29.764627225000368,-142.8970335919902,-3.7773915281260706,36.14768029737031,0.19486337212622346,5.371756012497025,-2.4940237275131683,0.0,6,30.490880540926078,0.0
29.775318325000626,-139.9530704414047,-1.5773915281071187,29.711636837189936,0.1970595970015156,5.124664389543209,-2.4426418774780654,0.0,6,21.222597740849956,0.0
29.785172346000763,-137.15806187460254,0.6226084719082424,23.209843427601367,0.19931874754643944,4.864131983728246,-2.3938597753659203,0.0,6,21.222597740849956,0.0
29.79596487500021,-134.51895927987078,2.8226084719200424,16.708446916680327,0.2015993317194382,4.591533638390091,-2.3477987457899254,0.0,6,11.934604940485947,0.0
29.80698750800002,-131.80337432101362,5.242608471929124,9.949069187194322,0.20408627786122185,4.279335415661829,-2.300402847140233,0.0,6,7.106477990853087,0.0
29.816317893000814,-129.73246242582832,7.222608471933388,3.7684535570843525,0.20607161384968625,4.015442739571155,-2.264258616050534,0.0,6,2.6917525407745373,0.0
29.826337471000443,-127.595245689509,9.422608471934796,-2.781044712803056,0.20819398282298124,3.714469908273226,-2.2269571471730343,0.0,6,2.6917525407745373,0.0
29.836881385001107,-125.64795813284053,11.612046762931426,-9.396733302884902,0.20933438816715363,3.3773667317181686,-2.192970567826054,0.0,6,-1.98646050914504,0.0
29.847518556000068,-123.92845536112664,13.762760911823,-15.893332992392903,0.2087769111413349,2.97480330829711,-2.162959582962478,0.0,6,-11.352380708852074,0.0
29.857929953001076,-122.4776866517867,15.840976317556493,-22.4805915731776,0.20674785661083578,2.502764599244515,-2.1376388922995875,0.0,6,-16.057565409412568,0.0
29.86846925700047,-121.33260772927233,17.81322060965732,-29.054603142241763,0.2038168559248651,1.9664015257717966,-2.1176534949065227,0.0,6,-20.753287958744117,0.0
29.878693231999932,-120.52776758162614,19.645825745875584,-35.7337522624511,0.20058417658203007,1.3698598233446837,-2.1036063843778594,0.0,6,-20.753287958744117,0.0
29.88933955399989,-120.09315231882557,21.307964958144318,-42.22691908245172,0.1977245388731823,0.7205513984462852,-2.096020917062569,0.0,6,-30.162085058894085,0.0
29.899945918999947,-120.06519359675654,22.76275083750527,-48.817962703316816,0.19581371322304508,0.008022345334256699,-2.0955329453078146,0.0,6,-34.86997335951201,0.0
29.910476279999784,-120.47904019688642,23.975672400363422,-55.44676537222762,0.19571567670625936,-0.766490848933111,-2.1027559310782653,0.0,6,-39.604832408734005,0.0
29.920358663001025,-121.36994938186835,24.914787418045353,-61.96052878243057,0.19841544007824527,-1.6034279622312213,-2.118305229692459,0.0,6,-39.604832408734005,0.0
29.931309764000616,-122.78485781993834,25.541687006485052,-68.61529690263698,0.20537411370267442,-2.522560109488352,-2.1430000405510308,0.0,6,-49.01092635902642,0.0
29.941415614001016,-124.77185553514589,25.822625838954842,-75.01248070294598,0.2183721990630162,-3.5271056720532847,-2.177679692911007,0.0,6,-53.58034335924713,0.0
29.95176861300024,-127.39506053791362,25.717283064875858,-81.55537783331232,0.24036214848083554,-4.644070225690156,-2.223463257164091,0.0,6,-58.25384130950879,0.0
29.96224630300094,-130.7272581076242,25.186740052603422,-88.15372630227279,0.27513550590250957,-5.889830653640846,-2.281621076082494,0.0,6,-62.96694735876627,0.0
29.97238323900092,-134.85136493311003,24.19330969375858,-94.50593314265637,0.3277774784582317,-7.282263473995729,-2.3536003188911927,0.0,6,-67.50423795904027,0.0
29.98264430800009,-139.86951808977005,22.694868028507273,-97.47300876771257,0.40595209346972994,-8.853992617471404,-2.441183613844257,0.0,6,-69.62357769122326,0.0
29.993324230001235,-145.86762294137654,20.666100888953583,-90.88575018807384,0.5115720107794931,-10.53539887954074,-2.5458702923846364,0.0,6,-64.91839299148131,0.0
30.00394596300066,-152.24741273499703,18.4661008889006,-84.10648083751944,0.5371750875195004,-11.0909420894813,-2.657218629868443,0.0,6,-60.07605774108532,0.0
30.013970501000586,-158.69458312358762,16.266100888850875,-77.53471395734957,0.5330626502744348,-11.249942336542752,-2.7697429805864315,0.0,6,-60.07605774108532,0.0
30.02439070100081,-165.1873683809736,14.06610088880493,-71.17713825701864,0.5267106558976822,-11.332145050708128,-2.883063460952764,0.0,6,-50.840813040727596,0.0
30.034468050000214,-171.70299445720258,11.866100888763235,-64.60273041727483,0.5212513331046149,-11.370402506836712,-2.996782588811759,0.0,6,-50.840813040727596,0.0
30.044731144000252,-178.21802800269424,9.666100888725326,-58.14305376806439,0.5170530445505138,-11.367313640905063,-3.110491375058468,0.0,6,-46.1448074409106,0.0
30.055395489000148,175.29122859889367,7.466100888692051,-51.64975464774394,0.5141521831602024,-11.322850424230175,3.059409088916741,0.0,6,-36.89268189124567,0.0
30.065891760999875,168.84835502327124,5.266100888663123,-45.04660872709061,0.5125163174367027,-11.237296243384653,2.94695973173239,0.0,6,-32.176149090779006,0.0
30.075577850000627,162.4764289562896,3.0661008886382386,-38.72120397717659,0.5120773923742407,-11.11156322417098,2.835748642169907,0.0,6,-32.176149090779006,0.0
30.08579120700051,156.1976550061403,0.866100888617959,-32.284104007569084,0.5127411955947595,-10.9472015600225,2.7261633637513523,0.0,6,-27.658002840840425,0.0
30.095841801999995,150.03304850437198,-1.3338991113981573,-25.92947670699865,0.5143912210556854,-10.74630985671674,2.618570683205645,0.0,6,-23.06007429112077,0.0
30.106041746999836,144.00215512843826,-3.5338991114102902,-19.509012517366468,0.5168969929540808,-10.511469175334755,2.5133117369588858,0.0,6,-18.521054790713322,0.0
30.116292337999766,138.12282922361115,-5.733899111418576,-13.02200646724665,0.5201204895913439,-10.245642155020116,2.4106981421218574,0.0,6,-13.935008940976047,0.0
30.126599162000275,132.41107227352987,-7.933899111423153,-6.6101676077887195,0.52392234389006,-9.952067538686375,2.31100917726927,0.0,6,-9.301433190890464,0.0
30.13680162200035,126.88093328556465,-10.133899111424215,-0.10362210717354402,0.5281671347703224,-9.634152712927726,2.2144900438363697,0.0,6,-4.7215482912776565,0.0
30.146983545000694,121.5593296302783,-12.321795067529893,6.256418152304866,0.5302918489216126,-9.263728033423295,2.1216105385654576,0.0,6,-0.07401579083824572,0.0
30.157399763000285,116.48318153907788,-14.471707798538855,12.49349753262144,0.5294389780711904,-8.832099271478082,2.033015041055185,0.0,6,8.923926809015313,0.0
30.1672039770001,111.68606116445534,-16.550121859361422,18.818506642135652,0.5259241714985537,-8.344520618802234,1.9492894959035176,0.0,6,13.441790458668322,0.0
30.177642409000327,107.1860862917507,-18.52692559068147,25.37865569226418,0.5214499321743951,-7.826153887943956,1.870750118117809,0.0,6,18.12761120876013,0.0
30.188149648000035,102.99031588585517,-20.372069697753005,31.86715799231755,0.517125287075777,-7.296085527201514,1.7975201098771931,0.0,6,22.76225570879825,0.0
30.197808423001334,99.09610212321678,-22.055214235304216,38.30245301239123,0.5137742204067003,-6.771430546165739,1.7295532579426762,0.0,6,22.76225570879825,0.0
30.20825069700004,95.4918929695769,-23.546298370566067,44.68709414212575,0.5119721424432818,-6.26751044230992,1.6666479412811421,0.0,6,31.91935295866125,0.0
30.218128679000074,92.15801008722586,-24.818227777338855,51.11737310195898,0.5121088145334741,-5.798379593205811,1.6084607081082378,0.0,6,31.91935295866125,0.0
30.22839736199967,89.06938815126355,-25.838050567340126,57.61516097208008,0.5142700166665568,-5.3734728434293295,1.554554085976374,0.0,6,36.51240935854213,0.0
30.238702300001023,86.19487079753178,-26.57439798093077,64.10969237197428,0.518574559533767,-5.003339637840129,1.50438429374804,0.0,6,41.15368640862863,0.0
30.248950655000954,83.49810049967141,-26.995595394874485,70.55841080190297,0.5250824080473236,-4.6970347443521785,1.4573167728803886,0.0,6,45.79263740855305,0.0
30.259423106999748,80.93794595006293,-27.06962261502257,77.08748951229431,0.5338741650754665,-4.462890362473314,1.412633646629808,0.0,6,50.39886485850212,0.0
30.270167156000753,78.22482556298438,-26.711494099892214,83.70674201278966,0.5463747750793976,-4.2981670799863165,1.3652807628723043,0.0,6,59.790530009135466,0.0
30.280199798000467,76.04037150337221,-26.048173472264246,90.18529850288182,0.5590624275666465,-4.242657701578852,1.3271548471735155,0.0,6,59.790530009135466,0.0
30.29076047700073,73.59744631286209,-24.88872168535322,96.6205059530221,0.5762819850504156,-4.274178859808417,1.284517759219204,0.0,6,69.0146471093015,0.0
30.30109789800008,71.07592233413428,-23.24866896363657,103.34577611251738,0.597726109752235,-4.417717639507231,1.2405088636224164,0.0,6,69.0146471093015,0.0
30.311838315001296,68.44225864469689,-21.141069720158047,102.18429896428059,0.6205096906791226,-4.580577127581741,1.1945427608515127,0.0,6,72.98878497448612,0.0
30.32253570099965,65.94885033656116,-18.94106972010487,99.99137675149761,0.6270351784687711,-4.321798287608341,1.1510245762779627,0.0,6,71.42241196535544,0.0
30.33276624300015,63.65908278757897,-16.74106972005266,97.69581959610278,0.6298087266489895,-3.977952193591295,1.111060593442903,0.0,6,69.78272828293055,0.0
30.342655821001244,61.56845211771683,-14.541069720001568,91.19913170638155,0.6319901032800886,-3.6319806616370567,1.074572204810634,0.0,6,69.78272828293055,0.0
30.353579607999563,59.67251444185163,-12.341069719953705,84.59999069606184,0.6339060983084486,-3.2926796192606447,1.0414818499541774,0.0,6,60.428564782901304,0.0
30.363976964999893,57.966952527356696,-10.141069719909227,78.0103122865161,0.6355970327629132,-2.96077727334741,1.0117141789496227,0.0,6,55.721651633225775,0.0
30.374122283999895,56.447639310760906,-7.941069719867815,76.5503897873765,0.6370738765881637,-2.63604161516795,0.9851971609509604,0.0,6,54.67884984812607,0.0
30.38431363699965,54.98688094796658,-5.521069719823733,77.28661200222484,0.6384593984484563,-2.2866138438273307,0.9597021179441576,0.0,6,54.67884984812607,0.0
30.39426433799963,53.95249781063406,-3.5410697197873717,77.80794110344044,0.639411483594352,-2.0063296645544315,0.9416487264705964,0.0,6,55.204722858732026,0.0
30.404885162000937,52.96978279972235,-1.341069719746634,78.30322946893993,0.6402816418006704,-1.7003076036986784,0.9244971139214151,0.0,6,55.930878192099954,0.0
30.415317517001313,52.15958701654451,0.8589302802944108,78.71156814366157,0.6409567742478696,-1.3994115614781615,0.9103565299191878,0.0,6,56.22254867404398,0.0
30.42542783800127,51.519306609484254,3.058930280335715,79.03426946881994,0.641437924157402,-1.103027049211157,0.8991815286799767,0.0,6,56.453049620585666,0.0
30.435556391001228,51.04670336421834,5.258930280377226,79.27246150443395,0.6417244050926519,-0.810515341046671,0.8909330459944762,0.0,6,56.6231867888814,0.0
30.445886127999984,50.73991449352333,7.45893028041889,79.42708309526424,0.6418137412556861,-0.5212209400764888,0.8855785700923731,0.0,6,56.7336307823316,0.0
30.456067631001133,50.597458547140725,9.658930280460657,79.49888089224106,0.6417016233266686,-0.23447831318362233,0.8830922447889522,0.0,6,56.78491492302933,0.0
30.46641064100004,50.6182378107854,11.858930280502475,73.0061538116009,0.6413818760274723,0.05038199861972675,0.8834549113556918,0.0,6,52.14725272257206,0.0
30.477015189000667,50.80152754572675,14.058930280541182,66.53538727192274,0.6408464322860887,0.334006442306908,0.886653920715526,0.0,6,47.525276622801954,0.0
30.487219255999662,51.146970172699234,16.258930280576422,59.93184508173574,0.6400852314787867,0.6170409747918746,0.8926830319329344,0.0,6,42.80846077266838,0.0
30.497562824000852,51.65458060702508,18.458930280608147,53.45808604219048,0.6390862871294838,0.900132903230729,0.9015425053293988,0.0,6,38.1843471729932,0.0
30.50829045700084,52.400719479874574,20.87893028063953,46.64070484159158,0.6376963029899562,1.2123576913046876,0.9145650853377418,0.0,6,33.31478917256541,0.0
30.518240530000185,53.15817103744034,22.85893028066173,40.389938712485964,0.6363180206061663,1.4689992695619714,0.9277851089416238,0.0,6,28.84995622320426,0.0
30.52854379100063,54.15593873270648,25.058930280683335,33.8770995125363,0.6345156348299723,1.7559586766828792,0.9451994403940533,0.0,6,24.19792822324021,0.0
30.538647266001135,55.319415597799825,27.25893028070152,27.46631716250551,0.6324096129107329,2.045339953728395,0.9655059424607142,0.0,6,19.61879797321822,0.0
30.548685915000533,56.650262079762975,29.45893028071599,20.917962971978632,0.6299794362160386,2.337640654056491,0.9887335954095544,0.0,6,19.61879797321822,0.0
30.5588572200013,58.15040141743251,31.658930280727372,14.567164182461346,0.6272034774097248,2.6333156599518226,1.0149159660905749,0.0,6,14.941402122841879,0.0
30.568687210999997,59.82197910594978,33.85893028073507,8.312790041689658,0.6240589966905434,2.9327496244886837,1.0440905004580774,0.0,6,10.405117273186676,0.0
30.579280373000074,61.6673276414863,36.058930280739546,1.8406589221179444,0.620522824995282,3.2362642202901095,1.0762979082500452,0.0,6,1.314756372941389,0.0
30.589785236999887,63.68891838665134,38.258930280740714,-4.755137417761654,0.6165716535468287,3.544096615441845,1.1115813228810207,0.0,6,-3.39652672697261,0.0
30.60001088900026,67.24152485301761,38.99794641859425,-11.187616338394657,0.7184176433553121,6.59959725846298,1.1735860027467533,0.0,6,-7.991154527424754,0.0
30.610461406000468,71.6753820705085,38.96956398905587,-17.909938098129423,0.7512057612408028,7.671946618099163,1.2509714097552838,0.0,6,-7.991154527424754,0.0
30.621374366000964,76.3265917885472,38.88225042248282,-24.464629457817573,0.7495344108975581,8.129822713191967,1.3321503335358162,0.0,6,-17.474735327012553,0.0
30.63136635199953,81.203147780831,38.70799678371712,-30.92276575813383,0.7434871544727227,8.5304867497391,1.4172622917590276,0.0,6,-22.08768982723845,0.0
30.641441535000922,86.30246830538603,38.41407628001136,-28.000000000000004,0.7358102216711425,8.91774373530734,1.5062622245270374,0.0,6,-20.0,0.0
30.651510083000176,91.60557445502715,37.99189707535277,-28.000000000000004,0.7251113053994265,9.269653703236925,1.598818887421034,0.0,6,-20.0,0.0
30.661733639000886,97.08662204969858,37.452381013660855,-37.35986572774135,0.7109435610738989,9.578019896998235,1.694481214406566,0.0,6,-20.0,0.0
30.67229955699986,102.71248414476035,36.7760472471485,-43.83582535722024,0.6921626796372015,9.824888500605894,1.79267103122854,0.0,6,-31.311303826585885,0.0
30.683003789001305,108.43209249769447,35.92262647479051,-50.5145782078959,0.6668964718160708,9.98205500975905,1.8924970289118104,0.0,6,-36.0818415770685,0.0
30.69263049700021,114.1819033737652,34.86101926712291,-56.83395196827558,0.6337733817758977,10.02639174904553,1.992850160066224,0.0,6,-36.0818415770685,0.0
30.703271366999616,119.87858456391064,33.55262049272215,-63.33244228755728,0.5909051820555743,9.924522810585492,2.0922760032706913,0.0,6,-45.23745877682663,0.0
30.713531454000986,125.4260748412999,31.959757405564076,-69.81192046792938,0.5377148051791215,9.653629855947692,2.1890979738335075,0.0,6,-49.86565747709241,0.0
30.724061603001246,130.71524806132533,30.042631792953827,-76.36771054745776,0.47437738998355417,9.19157176129875,2.2814114612312615,0.0,6,-54.54836467675554,0.0
30.73421075999977,135.77261287639712,27.85851942542103,-82.78544431788913,0.42641684598884744,8.87696136395769,2.3696791287287784,0.0,6,-59.13246022706366,0.0
30.74387938200016,140.93034327532789,25.65851942537862,-89.08312150766659,0.4131301241473802,9.01917059696576,2.459698506120321,0.0,6,-59.13246022706366,0.0
30.75433506400077,146.19654593690257,23.458519425332174,-95.51647864760679,0.404847449788444,9.199355892559185,2.551611081642088,0.0,6,-68.22605617686199,0.0
30.764576151001165,151.55525844127308,21.2585194252815,-101.97307207790953,0.3976914129866392,9.358414220095648,2.6451382585111443,0.0,6,-72.83790862707824,0.0
30.774800892000712,156.9893144471721,19.0585194252265,-108.40330441766281,0.39132333986391105,9.48816161924658,2.7399804275518544,0.0,6,-77.430931726902,0.0
30.78462696800125,162.48050312265414,16.858519425167128,-114.77711773759592,0.3857779202599144,9.586139440723354,2.835819749787243,0.0,6,-77.430931726902,0.0
30.794765507000193,168.00976256862572,14.658519425103385,-121.14613360812807,0.38111378884582353,9.650813474892974,2.9323235323164445,0.0,6,-81.98365552685422,0.0
30.80525667599977,173.55740213175065,12.458519425035334,-127.59053653728341,0.3773730349736637,9.681101937094457,3.029148108406874,0.0,6,-91.136097526631,0.0
30.81603390300006,179.1033468007622,10.258519424963024,-134.28636301760133,0.37457559521088635,9.676357077394343,3.125943103014553,0.0,6,-95.91883072685809,0.0
30.825687505999667,-175.37260455155828,8.058519424886468,-140.64956965739992,0.3727185331186778,9.636382531805033,-3.0608293672226856,0.0,6,-95.91883072685809,0.0
30.83636532899982,-169.89051823301,5.85851942480601,-147.16509139820272,0.37177654688565825,9.561435581790057,-2.965148911085483,0.0,6,-105.11792242728765,0.0
30.84669848500016,-164.4700694726247,3.6585194247218054,-153.6803485372199,0.3717041254341433,9.452220426886383,-2.8705442332811146,0.0,6,-109.77167752658565,0.0
30.856969820000813,-159.1302985669025,1.4585194246340725,-160.14930886795054,0.3724384032165259,9.30986321839133,-2.777347649674063,0.0,6,-114.39236347710752,0.0
30.8669655040012,-153.88939109037204,-0.7414805754569351,-166.64815135780526,0.37390250767564215,9.135871027559517,-2.6858765584162185,0.0,6,-114.39236347710752,0.0
30.878179817000273,-148.76448663098637,-2.9414805755510196,-173.49105511779425,0.3760094370932223,8.932081421584748,-2.5964301017497986,0.0,6,-123.92218222699589,0.0
30.88758417600002,-143.7715238886373,-5.1414805756477895,-179.6471561881678,0.37866569087642643,8.70059906337754,-2.509286462466402,0.0,6,-123.92218222699589,0.0
30.898050896001223,-138.92511412306797,-7.341480575747529,-186.04310518778374,0.3817759386816173,8.443744028803298,-2.424700655156411,0.0,6,-132.88793227698838,0.0
30.90803456499998,-134.23846863404356,-9.541480575849832,-192.3161380374783,0.38524473841508095,8.163962574835077,-2.342903260499195,0.0,6,-137.36867002677022,0.0
30.91827069200008,-129.7233521712005,-11.741480575954574,-198.7993130577176,0.388980441146275,7.863777130538945,-2.2640996121115835,0.0,6,-141.99950932694114,0.0
30.928298370999983,-125.39007556091194,-13.941480576061819,-205.30994977804008,0.39289710629792257,7.545721160175925,-2.188469667862389,0.0,6,-141.99950932694114,0.0
30.93865304300016,-121.24752016815277,-16.14148057617158,-198.78721075792936,0.39691598361384134,7.212282760726277,-2.1161684368124947,0.0,6,-146.6499641271715,0.0
30.948892872000215,-117.3032061327185,-18.34148057627774,-192.34496431860106,0.40096453385656305,6.865823526545216,-2.0473271701615423,0.0,6,-141.9908648270924,0.0
30.959510689001036,-113.56336612915285,-20.54148057637977,-185.90641408886012,0.4049800254852362,6.508591330621378,-1.9820546486015254,0.0,6,-132.79029577775722,0.0
30.96970504300043,-110.03301565902977,-22.741480576477795,-179.3984617979383,0.40890974550659226,6.1426969761992085,-1.9204384091485478,0.0,6,-128.14175842709878,0.0
30.980045743999653,-106.7160591466315,-24.941480576571905,-172.95088996848943,0.4127091579470561,5.770068597722152,-1.8625465968617296,0.0,6,-123.53634997749245,0.0
30.98990751600104,-103.61540384089182,-27.141480576662225,-166.52338615824345,0.416341157997329,5.392435852617049,-1.8084299528071408,0.0,6,-123.53634997749245,0.0
31.000550970000404,-100.73307750532284,-29.34148057674885,-159.98559643858397,0.4197752739703931,5.011323174416335,-1.7581238681345193,0.0,6,-114.27542602755997,0.0
31.01108691599984,-98.07034651646127,-31.541480576831827,-153.36837001843531,0.4229867884081471,4.62804935982209,-1.7116504452840005,0.0,6,-109.54883572745379,0.0
31.02102427200043,-95.62783111361253,-33.741480576911165,-147.1043593987285,0.4259558480937519,4.243732729434221,-1.6690205094736144,0.0,6,-105.0745424276632,0.0
31.03122505200008,-93.40561534839402,-35.941480576987075,-140.6768114883759,0.42866658918186284,3.8593004563113826,-1.630235527680826,0.0,6,-100.48343677741136,0.0
31.04152384000008,-91.4033503144544,-38.14148057705957,-134.2082474283249,0.4311062832799555,3.4755002634879477,-1.5952894103410236,0.0,6,0.0,0.0
31.051456096000038,-89.5860073755635,-39.00000000000003,0.0,0.43532355184465854,3.165765185020162,-1.5635707924195072,0.0,6,0.0,0.0
31.061754813001244,-87.96543138965427,-39.00000000000002,0.0,0.43784421365453235,2.806824219792004,-1.535286405686638,0.0,6,0.0,0.0
31.072022375001325,-86.56229402703163,-39.000000000000014,0.0,0.4395463300350395,2.429852505841966,-1.5107970388511232,0.0,6,0.0,0.0
31.082611412000915,-85.37533801142331,-39.0,0.0,0.4408964160730528,2.0529249420079143,-1.490080748302405,0.0,6,0.0,0.0
31.09295190299963,-84.40325711148512,-38.99996808611099,0.0,0.4419325616039938,1.6780369652281069,-1.473114736002734,0.0,6,0.0,0.0
31.102931450999677,-83.64480449613757,-38.99957318575804,0.0,0.4426505270364479,1.3052844859150177,-1.459877240644557,0.0,6,0.0,0.0
31.113524819000304,-83.09880218731408,-38.998399069754875,0.0,0.443043635197454,0.9345848861214198,-1.4503477026320963,0.0,6,0.0,0.0
31.12349759100107,-82.76411929974098,-38.99614784359486,0.0,0.443105311223425,0.5658539079907987,-1.444506384293864,0.0,6,0.0,0.0
31.1339156920003,-82.63967946631465,-38.992639310090446,0.0,0.4428282892173792,0.198995912213941,-1.442334499479941,0.0,6,0.0,0.0
31.144567948000258,-82.72446566988144,-38.9878084913055,0.0,0.44220429578557807,-0.1660926798322951,-1.4438142978924475,0.0,6,0.0,0.0
31.15443300300103,-83.01752197159604,-38.98170356511876,0.0,0.441223978269419,-0.5295181557603715,-1.4489290952510854,0.0,6,0.0,0.0
31.165394788000413,-83.51795206636292,-38.97448424838969,0.0,0.43987704314131887,-0.8913839976262589,-1.4576632480808347,0.0,6,0.0,0.0
31.175260612000784,-84.22491465612408,-38.96642059023482,0.0,0.43815259460797673,-1.2517853378356607,-1.470002072960593,0.0,6,0.0,0.0
31.18520900400108,-85.13761568278319,-38.95789207331284,0.0,0.43603966898370683,-1.6108034879192534,-1.4859317109621268,0.0,6,0.0,0.0
31.196024024000508,-86.25529749071569,-38.94938685792182,0.0,0.4335279629499005,-1.9685005871198438,-1.5054389385001918,0.0,6,0.0,0.0
31.20565401500062,-87.57722498120783,-38.941500942805405,0.0,0.4306087540242777,-2.324914352714085,-1.5285109256819058,0.0,6,0.0,0.0
31.216223632000037,-89.102668765425,-38.93493695753335,0.0,0.42727600872316385,-2.6800528288093206,-1.5551349422705771,0.0,6,0.0,0.0
31.226932749999833,-90.83088520685308,-38.930502243866634,0.0,0.4235276672420968,-3.033888924857176,-1.585298009360597,0.0,6,0.0,0.0
31.23674771900005,-92.76109305097,-38.92910575591258,0.0,0.4193670816859414,-3.3863543871189585,-1.6189864914882588,0.0,6,0.0,0.0
31.24700319600015,-94.89244555561717,-38.93174910894627,0.0,0.4148045425718818,-3.737331738517781,-1.6561856102149795,0.0,6,0.0,0.0
31.256781002000935,-97.22399862914453,-38.939526270127445,1.5603927117247793,0.40985893856706945,-4.086647703807952,-1.6968788880330254,0.0,6,0.0,0.0
31.26697870800126,-99.75358296917378,-38.95002359306861,8.033621922002856,0.40448250842247957,-4.431688102452625,-1.7410284634734237,0.0,6,1.1145662226605566,0.0
31.27758416100005,-102.47216394808996,-38.945160417014904,14.726499371134485,0.39824558550081146,-4.758948385261028,-1.7884766525376015,0.0,6,5.738301372859183,0.0
31.28763831499964,-105.36028151902381,-38.89241670918342,21.06347659156956,0.3905456975616469,-5.051921439550497,-1.8388838133350982,0.0,6,10.518928122238918,0.0
31.298236292999718,-108.39107167128185,-38.75920541709817,27.508011822190674,0.38085296667700763,-5.297537781015955,-1.8917810804290212,0.0,6,19.648579872993338,0.0
31.30852369400054,-111.53009253891406,-38.513295302622225,33.99985690184469,0.36860984303590383,-5.482167864301,-1.9465673298580124,0.0,6,24.285612072746204,0.0
31.319034703001307,-114.73437613016304,-38.12150191686554,40.584208661856174,0.35325381725835575,-5.591035645021179,-2.002492628692935,0.0,6,28.98872047275441,0.0
31.32917184500002,-117.95228484635014,-37.54962511050303,46.95335620128237,0.33431134902280935,-5.608997058245311,-2.058655730819024,0.0,6,33.53811157234455,0.0
31.339095159000863,-121.12431432354867,-36.762951315824125,53.46579724200484,0.3115712614579955,-5.52271463487528,-2.1140180891664526,0.0,6,33.53811157234455,0.0
31.350303254999744,-124.18385471858336,-35.72626704752234,60.034702031787965,0.28511610451130043,-5.319449215740667,-2.167417142657576,0.0,6,42.88193002270569,0.0
31.359734437999577,-127.0574673265196,-34.40306840526846,66.45723262134044,0.25544051113770094,-4.987658023863524,-2.2175711440928842,0.0,6,42.88193002270569,0.0
31.37045480300003,-129.66730831386982,-32.756406943977815,72.97495495207687,0.22364492295666938,-4.520097048891324,-2.2631214622756453,0.0,6,52.124967822912055,0.0
31.38091698199969,-131.93322370320348,-30.749099653330152,79.55961415112898,0.191405669378505,-3.912559246255394,-2.3026691463911266,0.0,6,56.82829582223499,0.0
31.391219471999648,-134.0730132084234,-28.54909965329074,86.02993906175318,0.17697213632302716,-3.7919507074992174,-2.3400155185568345,0.0,6,61.44995647268084,0.0
31.4012213040005,-136.3539313316065,-26.349099653245577,92.59840285161619,0.17236301193894937,-3.9971983070974053,-2.3798250497747895,0.0,6,61.44995647268084,0.0
31.41145792000134,-138.7694227103327,-24.149099653196682,99.05262055211853,0.16876295114546216,-4.227072884321866,-2.4219833273870988,0.0,6,66.141716322583,0.0
31.422358511999846,-141.31236556448627,-21.949099653144035,105.54714943203938,0.16525725086893972,-4.448344802717144,-2.4663660528821407,0.0,6,75.39082102288526,0.0
31.432366910999917,-143.97506413931023,-19.749099653087573,111.99410575198118,0.16177601084892868,-4.65655100009757,-2.5128389100009794,0.0,6,79.9957898228437,0.0
31.442429028000333,-146.74924851028567,-17.549099653027255,118.5300470511341,0.15834649765691716,-4.850318630744635,-2.5612575613318684,0.0,6,79.9957898228437,0.0
31.453121451000698,-149.62608222396017,-15.349099652962986,125.05978348144555,0.15500739793781315,-5.028621052656225,-2.6114677816678644,0.0,6,89.32841677246111,0.0
31.462913227000172,-152.59617873163415,-13.14909965289471,131.45872561120845,0.15179830391583954,-5.190496521476074,-2.6633057448287607,0.0,6,89.32841677246111,0.0
31.47357798700068,-155.6496264009575,-10.949099652822458,137.9816410317456,0.14875771378091635,-5.335031679005821,-2.7165984601958,0.0,6,98.55831502267543,0.0
31.484006496000802,-158.77602379445312,-8.749099652746136,144.53822302120744,0.1459220804623815,-5.461376369704603,-2.7711643884380672,0.0,6,103.24158787229103,0.0
31.49428020599953,-161.9645247492981,-6.549099652665697,150.98055766189492,0.14332490205280674,-5.568759495104231,-2.8268142283030953,0.0,6,107.84325547278209,0.0
31.504164681000475,-165.20389152225613,-4.349099652581191,157.44507271150573,0.14099582238441993,-5.656503497670499,-2.8833518441709165,0.0,6,107.84325547278209,0.0
31.51455309300036,-168.48255691473366,-2.1490996524926214,163.9944374216596,0.13895992467532345,-5.7240401829351875,-2.9405753503408416,0.0,6,112.46076622250408,0.0
31.52512138200109,-171.7886945822433,0.05090034760003122,170.42766226127998,0.1372371298781771,-5.770924362295046,-2.9982783381630904,0.0,6,121.73404447234284,0.0
31.535053988000072,-175.11029469065585,2.2509003476966702,176.90441191214478,0.13584164334169102,-5.796842967788401,-3.05625119648949,0.0,6,121.73404447234284,0.0
31.545426751999912,-178.43524434100354,4.450900347797253,183.4616541415001,0.13478168750756384,-5.801623955374685,-3.1142825153510914,0.0,6,126.36029422296056,0.0
31.556172055001298,178.2485882531933,6.65090034790175,189.985449672184,0.13405940988356776,-5.785241903854285,3.111024752049911,0.0,6,135.70389262298855,0.0
31.566329665000012,174.95326928075374,8.850900348010063,196.41273361217674,0.13367089605210666,-5.747818541654664,3.0535105860774046,0.0,6,140.2948097229834,0.0
31.5770730130007,171.6907160202153,11.050900348122045,202.94277811180868,0.13360640269168453,-5.689620783374601,2.996568289659332,0.0,6,144.95912722272047,0.0
31.586783827000545,168.47261538134947,13.250900348237646,209.49108631138947,0.13385084446870085,-5.611057465671784,2.9404018378505903,0.0,6,144.95912722272047,0.0
31.59727520600063,165.31034680903784,15.450900348356772,203.11370908104283,0.13438432125620886,-5.5126709276643435,2.885209839431412,0.0,6,145.08122077217345,0.0
31.607696589000625,162.214943773389,17.65090034847274,196.55356192060782,0.1351797320737203,-5.395057447892236,2.831184864783112,0.0,6,140.39540137186273,0.0
31.61834751800052,159.19703614923793,19.85090034858467,189.89399950125366,0.13620761675985602,-5.2589448459005705,2.778512440220637,0.0,6,135.63857107232403,0.0
31.628642953000963,156.26675148565238,22.050900348692853,183.35924575128803,0.13743817598683308,-5.105207888256839,2.7273693248203745,0.0,6,130.9708898223486,0.0
31.638449189000312,153.43367678231525,24.250900348796588,176.92474453084134,0.138839386719592,-4.934792811026615,2.6779228432921798,0.0,6,130.9708898223486,0.0
31.649260227000923,150.706812502007,26.4509003488963,170.37348793150008,0.1403787255073011,-4.748724526331224,2.6303300833457754,0.0,6,121.69534852250004,0.0
31.659754121001242,148.09454798217033,28.650900348991946,163.8204704815856,0.14202301972137046,-4.54807038854599,2.584737466541597,0.0,6,117.01462177256113,0.0
31.669921161001184,145.60464421513464,30.850900349083552,157.35450265072205,0.14373920613207047,-4.3339275355110995,2.5412804477490143,0.0,6,112.39607332194433,0.0
31.68020318300114,143.24422430528395,33.05090034917118,150.89130808089823,0.14549490315211555,-4.107408867623597,2.500083348592492,0.0,6,107.77950577207017,0.0
31.690451182001198,141.0197724932914,35.25090034925488,144.4168919505667,0.14725881478592448,-3.8696282613504245,2.461259340421268,0.0,6,103.15492282183337,0.0
31.700387627000964,138.93714062489514,37.45090034933468,137.90181247138963,0.14900106908960192,-3.6216879579886863,2.424910557210792,0.0,6,103.15492282183337,0.0
31.711357442000008,135.97020083506763,39.00000000000771,0.0,0.2690937518345346,-6.301207863735053,2.3731276891698734,0.0,6,0.0,0.0
31.720832979999614,130.71461143493852,39.00000000000025,0.0,0.447409368382243,-8.817151459116861,2.2814003500047066,0.0,6,0.0,0.0
31.731244091000917,125.64260942193893,39.00000000000025,0.0,0.4733736433189884,-8.798237195911938,2.1928772152100837,0.0,6,0.0,0.0
31.74168810500123,120.76483292080293,39.000000000000234,0.0,0.48007280260527696,-8.491046848790614,2.1077439550888517,0.0,6,0.0,0.0
31.75166897700001,116.09016861047888,39.00000000000022,0.0,0.48483500415637293,-8.139512668276268,2.026155671448227,0.0,6,0.0,0.0
31.762112921000153,111.62583081317702,39.0000000000002,0.0,0.4894247641413253,-7.772408051579013,1.9482382779640783,0.0,6,0.0,0.0
31.772498884000015,107.37746429425361,39.00000000000018,0.0,0.4939618037586397,-7.395237055741282,1.8740902943773747,0.0,6,0.0,0.0
31.78269987100066,103.34926891100525,39.00000000000016,0.0,0.49840575566017653,-7.010806222642779,1.803785022026056,0.0,6,0.0,0.0
31.792905817001156,99.54413921692851,39.00000000000014,0.0,0.5027095725261342,-6.621411915941165,1.7373729803990123,0.0,6,0.0,0.0
31.803176449000603,95.96381274491272,39.00000000000012,0.0,0.5068344305422733,-6.229063219858614,1.6748844951660242,0.0,6,0.0,0.0
31.81397274400115,92.60902150926539,39.0000000000001,0.0,0.5107501846626188,-5.835502179283305,1.6163323423869294,0.0,6,0.0,0.0
31.823915124999985,89.47964218261711,39.000000000000085,0.0,0.5144342709885155,-5.442209109665281,1.5617143695930737,0.0,6,0.0,0.0
31.834291170000142,86.57484133752554,39.000000000000064,0.0,0.5178704516067477,-5.050411684244287,1.5110160307315121,0.0,6,0.0,0.0
31.845141043000694,83.8932130321821,39.00000000000005,0.0,0.521047594503059,-4.661098439989546,1.4642127874885933,0.0,6,0.0,0.0
31.85522809500071,81.43290682315448,39.000000000000036,0.0,0.5239585407059933,-4.275035546331096,1.4212723435338015,0.0,6,0.0,0.0
31.865546439001264,79.1917449812924,39.00000000000002,0.0,0.526599082489528,-3.8927856639102054,1.3821566903232476,0.0,6,0.0,0.0
31.875501046000863,77.16732825977635,39.000000000000014,0.0,0.5289670628678564,-3.51472790723106,1.3468239531003636,0.0,6,0.0,0.0
31.886184033999598,75.35713060942348,38.99999889406251,0.0,0.5310615421353545,-3.1410760821426584,1.3152300439898408,0.0,6,0.0,0.0
31.896307342,73.75872627262686,38.999739380761895,0.0,0.532874147329244,-2.7715798436974026,1.2873326255345834,0.0,6,0.0,0.0
31.9065961360011,72.370042473044,38.99845881787906,0.0,0.5343951560393948,-2.405704766657269,1.2630955209627572,0.0,6,0.0,0.0
31.916672571000163,71.18913089429597,38.995445171623736,0.0,0.535626654152268,-2.0432284534775818,1.24248472573868,0.0,6,0.0,0.0
31.927078234000874,70.21414824382958,38.99010939448401,-4.780891189003961,0.5365724478828601,-1.6839581537294137,1.2254680683382206,0.0,6,0.0,0.0
31.93754935099969,69.45156559397007,38.97085973681906,-11.29403404860721,0.5369970478041786,-1.310058751556396,1.212158490279589,0.0,6,-8.067167177576579,0.0
31.947779396999977,68.92169838750645,38.90856403351208,-17.918739828730104,0.5367698510925547,-0.9007990067520542,1.2029105629284542,0.0,6,-8.067167177576579,0.0
31.958297597000637,68.64988638363073,38.7689785281815,-24.253822638858473,0.5360620648865245,-0.4479311505636695,1.1981665485143793,0.0,6,-17.324159027756053,0.0
31.96853351200116,68.661547699438,38.51834448216357,-30.772334988688893,0.5351946576609622,0.04885865255907727,1.1983700768703311,0.0,6,-21.980239277634922,0.0
31.978525350999917,68.98109316384304,38.12350143172645,-37.32103693897596,0.5345285891574937,0.5882446659318146,1.2039471973340135,0.0,6,-21.980239277634922,0.0
31.989143583999976,69.63152261779192,37.55097721496025,-43.76429389907724,0.5344285193048759,1.1673920320227902,1.21529933285737,0.0,6,-31.260209927912314,0.0
31.999198921999778,70.63255364659865,36.76782104707591,-50.323778298499455,0.5352088245020492,1.7803867669149285,1.2327706202246738,0.0,6,-31.260209927912314,0.0
32.0094329500007,71.99933923683464,35.74154726974882,-56.79093178885676,0.5370752312540952,2.4193314575339238,1.2566255289431059,0.0,6,-35.94555592749961,0.0
32.01981423300094,73.74114276841476,34.4400462832416,-63.29351269871193,0.5400515099654372,3.0736122594142,1.287025735492044,0.0,6,-40.56495127775483,0.0
32.03043414300009,75.85967701799541,32.83190407800332,-69.71546935889063,0.5439159172833935,3.7300660713796745,1.3240011334634936,0.0,6,-49.79676382777902,0.0
32.04024666300029,78.34779766872961,30.886286041120343,-76.22306695926608,0.5481468701408403,4.373034193357705,1.3674270310056693,0.0,6,-49.79676382777902,0.0
32.05059287900076,81.14128450781284,28.69439267757502,-82.75557412835195,0.5479559925371515,4.876653372561817,1.4161825739588005,0.0,6,-54.445047828047194,0.0
32.06083815400052,84.1324968414134,26.494392677533718,-89.18906104863862,0.5421505428953414,5.235363865129649,1.4683890778063935,0.0,6,-59.11112437739425,0.0
32.07140881499981,87.31854184748315,24.294392677489338,-95.66026354943614,0.5351908073415166,5.577478890786627,1.523996053279033,0.0,6,-68.32875967816867,0.0
32.08177193600022,90.6993912174843,22.094392677441853,-89.13110104964443,0.5276826523904732,5.917610042858383,1.5830030062995295,0.0,6,-63.665072178317445,0.0
32.09199583500049,94.27436444014444,19.894392677397207,-82.70038676011762,0.5197174408280838,6.256277146990957,1.645398059705581,0.0,6,-59.07170482865544,0.0
32.102050544999656,98.04200076060225,17.694392677355985,-78.19083650275714,0.5113365691433225,6.592285819603206,1.7111557185152941,0.0,6,-55.85059750196938,0.0
32.11223295000127,101.99993121188629,15.494392677317261,-84.60905222296203,0.5025863258431555,6.924059728720958,1.7802346364551456,0.0,6,-60.43503730211574,0.0
32.122435892000794,106.14475955558405,13.294392677275862,-91.04786453336928,0.4935256297547439,7.249799774726795,1.8525755379826547,0.0,6,-65.03418895240662,0.0
32.13276192000012,110.47194602272535,11.094392677231122,-97.54556042274416,0.4842267356888756,7.567498438570912,1.9280991891820118,0.0,6,-69.67540030196011,0.0
32.143143133000194,114.97569086182403,8.894392677182907,-103.98512054297824,0.47477477877401836,7.874948933541276,2.006704365293986,0.0,6,-74.27508610212732,0.0
32.15311415600081,119.64883471035165,6.69439267713112,-110.35109792269722,0.46526717544493623,8.169772006714998,2.0882661118701122,0.0,6,-78.82221280192658,0.0
32.163296071999866,124.48277723836202,4.494392677075649,-116.7058965826014,0.45581215156741084,8.449448808996635,2.1726343248360713,0.0,6,-83.36135470185815,0.0
32.1736653400003,129.46741971184304,2.294392677016344,-123.18295241309313,0.44652651144532085,8.711363137140005,2.259632748033069,0.0,6,-87.98782315220939,0.0
32.18346584500068,134.5911368014237,0.09439267695298152,-129.6901543730688,0.4375326656525913,8.952852891102854,2.349058481186953,0.0,6,-87.98782315220939,0.0
32.19431502000043,139.8407819233678,-2.105607323114627,-136.29787220264333,0.4289549143432599,9.171268691897628,2.440682073126137,0.0,6,-97.35562300188809,0.0
32.20444894600041,145.20172984316577,-4.305607323186688,-142.74240554242496,0.4209152242287711,9.364039393644603,2.5342482653545524,0.0,6,-101.95886110173211,0.0
32.214869069001,150.65795878940335,-6.50560732326326,-149.27574872269687,0.41352860216474824,9.528740556888746,2.6294774252090187,0.0,6,-106.62553480192634,0.0
32.225062161000096,156.19217337599196,-8.705607323344466,-155.6972650132353,0.4068985931610987,9.663166311419474,2.726067691256887,0.0,6,-111.21233215231092,0.0
32.235515465999924,161.78596732873126,-10.905607323430301,-162.23822174234883,0.40111293561143446,9.765397335129183,2.8236978134103357,0.0,6,-115.88444410167773,0.0
32.24570331900031,167.42002227658634,-13.105607323520793,-168.70946834325295,0.39623992281683873,9.83386432092583,2.922030622488684,0.0,6,-120.50676310232353,0.0
32.256134270000985,173.0743377428131,-15.305607323615833,-162.17814998391404,0.39232554742400966,9.867400556737,3.0207170443207794,0.0,6,-115.84153570279574,0.0
32.266184439000426,178.72845092538483,-17.505607323708578,-155.80394291327465,0.3893861611478154,9.86521075967669,3.1193999356370714,0.0,6,-111.28853065233903,0.0
32.27617180699963,-175.63830136730076,-19.705607323798162,-149.351487954185,0.38741539059969204,9.82698997138754,-3.0654666514694564,0.0,6,-111.28853065233903,0.0
32.28668546700101,-170.04646589722688,-21.905607323884325,-142.90594283307072,0.3863872119440977,9.752959898750248,-2.9678707112868628,0.0,6,-102.07567345219337,0.0
32.29672872000083,-164.51620075982882,-24.10560732396688,-136.39742102358795,0.38625488993396445,9.643820764362872,-2.87134937613101,0.0,6,-102.07567345219337,0.0
32.307119294000586,-159.06701702398686,-26.30560732404562,-130.07606843322137,0.3869536262986526,9.500721260625506,-2.776243178394443,0.0,6,-92.91147745230097,0.0
32.316815854001106,-153.71754358565335,-28.50560732412052,-123.7623741232288,0.3884042422386076,9.32521764022274,-2.682877253647541,0.0,6,-92.91147745230097,0.0
32.32754355100042,-147.96918858221554,-30.92560732419854,-117.04084868309437,0.3907611796912834,9.097023996649865,-2.582549532264061,0.0,6,-88.40169580230628,0.0
32.33758820100047,-143.386643866725,-32.90560732425869,-110.67390362329532,0.3931962110552832,8.884920399383324,-2.5025690388588844,0.0,6,-83.60060620221026,0.0
32.348339718000716,-138.4364195992288,-35.10560732432148,-104.18012444404083,0.39634232506275563,8.624729515599013,-2.4161713266789513,0.0,6,-74.41437460288631,0.0
32.35884031400019,-133.6480959126208,-37.305607324380226,-97.56985322367981,0.39985788909210934,8.341208544339036,-2.3325993126964084,0.0,6,-69.69275230262843,0.0
32.36897773199962,-128.3346869319253,-39.00000000000568,0.0,0.5610821678512288,10.149751799513313,-2.239862831478236,0.0,6,0.0,0.0
32.37882524999986,-120.87723157110074,-39.000000000000476,0.0,0.831376405717589,12.652629924771215,-2.109705681611346,0.0,6,0.0,0.0
32.38918955900044,-113.63458383745129,-39.00000000000046,0.0,0.8684477409122565,12.58333934461254,-1.983297632097058,0.0,6,0.0,0.0
32.39949546800017,-106.61789806067993,-39.00000000000044,0.0,0.8776278199249827,12.221389027404609,-1.860833362714542,0.0,6,0.0,0.0
32.40954577600132,-99.83497851885146,-39.000000000000405,0.0,0.8839137940516819,11.816725961896733,-1.7424490838117697,0.0,6,0.0,0.0
32.42015129600077,-93.29043938043286,-39.00000000000038,0.0,0.8898180253263948,11.401104992692133,-1.6282253278207321,0.0,6,0.0,0.0
32.43041480300053,-86.9859315312719,-39.000000000000334,0.0,0.8954927261311585,10.98248468287804,-1.5181909081350475,0.0,6,0.0,0.0
32.44101214900002,-80.92041517961935,-39.00000000000029,0.0,0.9008706001025215,10.565834509814286,-1.4123276769651563,0.0,6,0.0,0.0
32.45096368200029,-75.09045883694836,-39.00000000000025,0.0,0.9058851852676085,10.155332730495825,-1.3105757435380208,0.0,6,0.0,0.0
32.46145247300046,-69.49054795635205,-39.00000000000022,0.0,0.9104902169076472,9.754591327731816,-1.21283886085336,0.0,6,0.0,0.0
32.471523387999696,-64.11338968368653,-39.00000000000018,0.0,0.9146580034684797,9.366689346250306,-1.1189897445944958,0.0,6,0.0,0.0
32.48144886500086,-58.95020344034407,-39.00000000000014,0.0,0.918375786607353,8.994200823069644,-1.0288751447544926,0.0,6,0.0,0.0
32.49206486299954,-53.990990122764856,-39.00000000000012,0.0,0.9216422115639918,8.639232611485712,-0.9423205440539841,0.0,6,0.0,0.0
32.50205970600109,-49.22477539328184,-39.00000000000009,0.0,0.9244642093074861,8.30346966764654,-0.8591344041674547,0.0,6,0.0,0.0
32.51224979499966,-44.63982476251375,-39.00000000000007,0.0,0.9268543464724734,7.9882241996526675,-0.7791119196191607,0.0,6,0.0,0.0
32.522210828001334,-40.22382990787096,-39.00000000000005,5.407744926821045,0.9288286357105138,7.694485700296426,-0.7020382696545155,0.0,6,3.8626749477293174,0.0
32.53245421700012,-35.98305319802514,-38.98866735360233,11.891798166367527,0.9278989395778575,7.381945283951585,-0.6280227532258138,0.0,6,8.494141547405377,0.0
32.54293616200084,-31.959612243024086,-38.93489729132163,18.474959225792567,0.9210361305686031,6.994918929671674,-0.5578004613014604,0.0,6,13.19639944699469,0.0
32.55315412300115,-28.212834645093725,-38.80068824781868,24.91495971681289,0.9074737099977257,6.505608761397156,-0.49240685587761135,0.0,6,17.796399797723495,0.0
32.56336223499966,-24.80726134027647,-38.54782310972759,50.70907221507369,0.8880179697781634,5.903959468866352,-0.4329683887905258,0.0,6,79.70226979354942,0.0
32.574023638000654,-22.208106030015387,-37.93590195303178,76.7878447133684,0.8306628657099338,4.329325233277178,-0.38760457085577515,0.0,6,142.29132378945673,0.0
32.58429636599976,-21.39031018797887,-36.47276800578313,102.71939971444807,0.7628049668389674,1.1218796549302612,-0.37333134080311847,0.0,6,190.7123426959995,0.0
32.59418901100071,-22.098053828152484,-34.284673592118224,77.91391721567051,0.7601985440190184,-1.0275814927648756,-0.385683797584198,0.0,6,190.7123426959995,0.0
32.604866830999526,-22.90418114960611,-32.08467359201329,51.098867215120116,0.7615498934980416,-1.3863516875418544,-0.39975337353384655,0.0,6,66.82306469761238,0.0
32.614941099000134,-23.78750420780719,-29.884673591950367,25.771389713742245,0.7610242300764944,-1.545924457507777,-0.41517026925824085,0.0,6,6.037118694305491,0.0
32.62510268799997,-24.751130831121255,-27.684673591940513,0.4613747152747205,0.7601632012124275,-1.6890131929139356,-0.43198872659494647,0.0,6,-54.706917302016564,0.0
32.635199869000644,-25.42672895777156,-25.675823569032907,-24.774245285510553,0.7510992441159691,-1.0379106072435618,-0.44378013832529994,0.0,6,-37.162270267584915,0.0
32.64547811600096,-25.48745826293024,-24.029389740526156,1.0843072133924547,0.7466387500262992,-0.0826355067747106,-0.44484006465276726,0.0,6,24.898255729782306,0.0
32.65613204500005,-25.50708585764259,-22.45099908308774,26.957182216580257,0.7466635677965914,-0.16582903571389387,-0.44518263080474485,0.0,6,29.614447138971258,0.0
32.66615608699976,-26.033905343204143,-20.65707043960976,1.33561221828713,0.7488506921338124,-0.9830771554356325,-0.4543773653914567,0.0,6,-31.877320856932243,0.0
32.67631124900072,-26.687978406526707,-18.84395980990961,-24.25889028090169,0.7471862141294613,-1.0235105955337682,-0.46579309389504076,0.0,6,-61.55562498894358,0.0
32.68679326200072,-26.764498562177454,-17.38000058649356,1.779012222147136,0.7427608079096539,-0.011986050946608803,-0.46712862255528487,0.0,6,0.935341018373606,0.0
32.69712634200005,-26.444543282464842,-16.172720379133864,27.53434722235979,0.7446094897467023,0.4658172051137385,-0.4615443494651603,0.0,6,58.82793230459035,0.0
32.707333891001326,-26.63313903339009,-14.750183847672,1.8293072245854969,0.7441849405070878,-0.5050988333302695,-0.4648359662740771,0.0,6,-2.8641636900679543,0.0
32.71740955400128,-27.388167564742375,-13.080836925416673,-24.09944277659961,0.7470222563150877,-1.2456136692070916,-0.47801370009267163,0.0,6,-2.8641636900679543,0.0
32.727805573000296,-27.786378554381628,-11.648150207580509,-49.96340277629643,0.7406584264155134,-0.5256788217965358,-0.48496379297950165,0.0,6,-65.09316369291221,0.0
32.73812887300119,-27.441256152394093,-10.657911921002764,-24.11987777649629,0.7422908221563976,0.6407387755332415,-0.47894027074242773,0.0,6,-47.81858022733479,0.0
32.748587623000276,-26.908965562957068,-9.818358900115818,1.4728697207887276,0.7449602928380991,0.8134382262338599,-0.46965004737937033,0.0,6,61.79740056810303,0.0
32.75898797300033,-27.01474215183044,-8.696192918313637,-24.46199278055574,0.7424752195736072,-0.350038506929374,-0.47149619712673907,0.0,6,-0.4462694351236962,0.0
32.76908089000062,-27.727387023637633,-7.306011354415879,-49.60155278312741,0.7452443136501123,-1.1729324968642594,-0.48393419653722747,0.0,6,-60.781213441295705,0.0
32.779054564000035,-28.13471353204478,-6.126760906785251,-74.62742028182548,0.7396455321807014,-0.5502255434502812,-0.4910433852395846,0.0,6,-75.26236054004646,0.0
32.78940147499998,-27.655752668081625,-5.467393788663206,-49.47738278205507,0.7436029918454146,0.9531229052622215,-0.48268394117523084,0.0,6,-14.902270540597485,0.0
32.79897292100031,-26.574300964698423,-5.178537772163146,-24.87378778441198,0.7565536345984746,1.817191504145708,-0.4638090482498929,0.0,6,44.14635745374592,0.0
32.809029093999925,-25.776783872759573,-4.794073741835455,0.3314347161052833,0.7518372510523185,1.2331861751054278,-0.44988974915462965,0.0,6,70.97238896840216,0.0
32.81915435399969,-25.93129763635111,-3.965528895487898,-25.543177785760783,0.7459966931242636,-0.41949391553790116,-0.4525865230689501,0.0,6,70.97238896840216,0.0
32.82996035500037,-26.83362100021974,-2.7964089213152667,-51.85194278582785,0.7516894140829835,-1.5118381130540492,-0.4683350366861285,0.0,6,-54.26771703623737,0.0
32.84036734199981,-27.543257882311437,-1.7758636413398885,-77.84723028707377,0.7449941267924847,-1.080274530463028,-0.4807205367722154,0.0,6,-116.65640703922756,0.0
32.850872266000806,-27.13336384205738,-1.3932220540314373,-51.693545288611496,0.7452550216789934,0.9538956275350264,-0.47356653618547995,0.0,6,-53.88756304291812,0.0
32.86143146700124,-25.513967089227613,-1.696253084322779,-25.717642789271487,0.7781532194085827,2.8115807532231396,-0.44530273095249573,0.0,6,8.454602955497904,0.0
32.87132417900102,-23.52646528889363,-2.2415804696600548,0.22490471038181248,0.7969896754280503,3.3469245108294654,-0.4106142806473527,0.0,6,8.454602955497904,0.0
32.8822613680004,-22.108178902905554,-2.5458529832205032,26.470099709701024,0.7764153560762367,2.2620012757878394,-0.38586051347564965,0.0,6,124.65565829184855,0.0
32.89250566100054,-22.256962470568446,-2.104057701558738,0.5970597059844263,0.7566867031486273,-0.5297800043396635,-0.3884572766042309,0.0,6,62.56036228292872,0.0
32.902974050999546,-23.999121762595433,-0.8985232069264774,-25.62141529396613,0.7880774382668871,-3.049580065631515,-0.4188636923443152,0.0,6,-0.3639777169526184,0.0
32.9135195609997,-26.350669792607345,0.5776808028854665,-51.72864779141819,0.8083841754076684,-4.011134271641528,-0.4599059479868095,0.0,6,-63.02133571083756,0.0
32.92358237000008,-28.36213487696005,1.8326199240600212,-77.88512529331784,0.7823313567873892,-3.3404337498660532,-0.4950126364976697,0.0,6,-63.02133571083756,0.0
32.93434652700125,-29.12980772469307,2.37990823034991,-104.07845279204922,0.7399634852565312,-1.0948280065414828,-0.508411055268772,0.0,6,-188.660867712352,0.0
32.944853406999755,-28.010281955066176,1.868278730923819,-77.94642279422406,0.7578335478089987,2.1793334459814115,-0.48887164452785914,0.0,6,-125.94399571757162,0.0
32.9553925600012,-24.946437817115193,0.275156308681173,-51.66333029209782,0.8682722891975023,5.479102116305841,-0.4353974765526871,0.0,6,-62.864573712468655,0.0
32.96582665099959,-20.828509902270117,-1.9182691240299063,-25.628400290582796,0.9546470803663544,6.990902423098977,-0.3635260760788559,0.0,6,-0.38074170883260194,0.0
32.97601289500017,-16.792001453377125,-4.118269124040079,-0.08088529356755636,0.9649838770529148,7.016335882905544,-0.29307571336110394,0.0,6,60.93329428400398,0.0
32.986248455999885,-13.285457105154444,-6.100464786491214,25.51971970588638,0.9149942624364005,5.930766649800406,-0.23187496911741956,0.0,6,122.37474628269342,0.0
32.99611098999958,-11.317414968693308,-7.376813666525507,51.07963470819086,0.8167310423162538,3.144886264134681,-0.19752615401818918,0.0,6,122.37474628269342,0.0
33.006826877001004,-11.393762114522634,-7.70385129957724,25.173064708911987,0.7774366652262417,-0.304061843783665,-0.19885866308741118,-7.70385129957724,7,52.58169914152299,0.0
33.017109312000684,-12.966511884503328,-7.3381113261886055,-0.6388527897739582,0.8045298274131555,-2.7265127441140162,-0.2263083248835578,-7.70385129957724,7,-9.366902855323275,0.0
33.0272713860013,-14.993065390357508,-6.774571656914179,-25.926330291252818,0.8182423799980498,-3.4205553818042533,-0.2616783560285474,-7.70385129957724,7,-70.05684885887254,0.0
33.03720978199999,-16.46621318736236,-6.500452701504076,-50.95150279047957,0.7912227096775776,-2.3725614566434556,-0.28738963545478313,-7.70385129957724,7,-130.11726285701675,0.0
33.04761090099964,-16.415525931540408,-6.992930726817331,-76.6258052915815,0.7693495289717063,0.3690396719181894,-0.2865049759518894,-7.70385129957724,7,-124.02994894166567,0.0
33.057874334999724,-14.353679589469442,-8.491751046126982,-50.68884779192886,0.829490708212513,3.7729268242679193,-0.25051896861254974,-7.70385129957724,7,-61.78125094249934,0.0
33.06814356700124,-10.974318449061961,-10.656630878351093,-24.941895290606773,0.9087606078349962,5.725744043286381,-0.19153799009848882,-7.70385129957724,7,0.011435060673662178,0.0
33.07822307199967,-7.579214217019814,-12.856015664653068,0.07454220777289855,0.9201515541811384,5.890241387713103,-0.1322822428009598,-7.70385129957724,7,60.05088505678488,0.0
33.08859855400078,-4.690725733806614,-14.838179032526568,26.144924708393226,0.8775948609226368,4.850493557847921,-0.08186860836295251,-7.70385129957724,7,122.61980305827366,0.0
33.098968936001256,-3.3425696687576774,-16.11394066382809,0.18403970826184057,0.8010701046797437,2.057769818888102,-0.05833884619711771,-7.70385129957724,7,60.31367905795834,0.0
33.10906716200043,-3.6325805803799356,-16.632505174462135,-25.960912790463773,0.7850458984075436,-0.508498812437044,-0.0634004914716364,-7.675652943897384,7,60.31367905795834,0.0
33.11987421100093,-4.484261439612966,-16.893965858345872,-52.01592779102939,0.7911466447251058,-1.373666695308832,-0.07826512664146712,-7.64765444853445,7,-64.96624294034062,0.0
33.13018193300013,-4.827495218576392,-17.399061307540656,-77.77702529055533,0.7840231955210988,-0.3921733011186693,-0.08425568618844137,-7.620072772469657,7,-126.79287693920286,0.0
33.139914047000275,-3.6043212315937856,-18.644684871174842,-52.70610028746305,0.8076968737062991,2.4327476673147017,-0.06290727279084862,-7.620072772469657,7,-126.79287693920286,0.0
33.15048666000075,-0.7212390780674469,-20.67543555039195,-26.882830289463165,0.8851245037436124,5.008881929275601,-0.012587996606325369,-7.620072772469657,7,-4.646808936581678,0.0
33.16092145000039,2.5076657478383773,-22.8754355504005,-1.0885527906735692,0.9083089751878451,5.565176245503671,0.04376702383926556,-7.620072772469657,7,57.259457060513355,0.0
33.171145903999786,5.288716244197379,-24.86901556339131,24.583304711274103,0.8703726488461286,4.670201991691042,0.09230551166495271,-7.620072772469657,7,118.87191506518776,0.0
33.181152270000894,6.6263007568732855,-26.183287806969673,43.477102966508276,0.799023537549113,2.052121370584226,0.1156507654348311,-7.620072772469657,7,58.62917906613349,0.0
33.191036948001056,6.423154078631974,-26.76557104733209,18.454552967969246,0.7828373534886865,-0.35374072511974425,0.1121051870350307,-7.593378461197828,7,-1.4249409303601936,0.0
33.201103739000246,5.710121013827037,-27.096753550173787,-6.4777120326741375,0.7880048030699878,-1.1348885305957923,0.09966041237859846,-7.566873643831561,7,-61.26237693190431,0.0
33.21140000500054,5.507616646572062,-27.655691390861293,-31.79802203368101,0.7830827306790804,-0.1535135015504145,0.09612604442033135,-7.566873643831561,7,-122.03112093432081,0.0
33.22158038100133,6.745339247815594,-28.87977481470762,-5.900532033874445,0.8062411212858137,2.457504235836123,0.11772837903837985,-7.566873643831561,7,-59.87714493478505,0.0
33.23223318900091,9.590562458966023,-30.85023917708153,20.563310466686996,0.878122264609768,4.970076605972373,0.16738689202712065,-7.566873643831561,7,3.6360770665624074,0.0
33.242525054,12.920782552883935,-33.0394276290629,46.435302964428296,0.9054037636132662,5.71268920929306,0.22551019748206302,-7.566873643831561,7,65.72885906114153,0.0
33.25290745200073,15.759098331143484,-34.977260042739225,72.38291546736062,0.8606010466160526,4.757902123071398,0.27504815302399743,-7.566873643831561,7,128.00312906817908,0.0
33.26342732500052,17.110257032227445,-36.17264497586525,98.29053296351984,0.7847051502432201,2.0780178482914224,0.2986303210748824,-7.566873643831561,7,161.34155736139087,0.0
33.273778845999914,16.283274373515894,-36.27879176135371,72.05441796367293,0.7805354352786096,-1.693790486795047,0.2841967508234693,-7.566873643831561,7,98.3748813617583,0.0
33.28400553600113,13.457466564532536,-35.382921754991855,46.43111046215407,0.8738325967012224,-4.995166238877289,0.2348771005281427,-7.566873643831561,7,36.87894335811302,0.0
33.29434455299997,9.527820421312633,-33.92648391915395,28.000000000000004,0.9646826889374962,-6.806168369972241,0.16629183689065874,-7.566873643831561,7,20.0,0.0
33.30468336100057,5.159791018718529,-32.23714853381611,28.000000000000004,1.015062876185882,-7.613359576605656,0.0900553419914707,-7.566873643831561,7,20.0,0.0
33.315024962999814,0.4916857921773614,-30.388767828689133,2.051864996908992,1.051912285765689,-8.172006093769376,0.008581535958771536,-7.566873643831561,7,-42.275524007418426,0.0
33.32507394099957,-4.011727408019431,-28.60600400786223,-23.4537349999955,1.0207710327028485,-7.696306098109327,-0.07001785196243704,-7.566873643831561,7,-103.48896399998921,0.0
33.33484328800114,-7.313007744141108,-27.38282528763247,-48.62281000193616,0.9027051633200025,-5.502206687478999,-0.12763606335910538,-7.566873643831561,7,-103.48896399998921,0.0
33.345596058999945,-8.513442906264682,-27.153013540377252,-74.64010000355483,0.7933365677327064,-1.7930673342481434,-0.1485876093948737,-7.566873643831561,7,-226.3362400085316,0.0
33.355929348001155,-7.204009625285865,-28.118538504629438,-48.672055006383744,0.8069477751098441,2.512240483819574,-0.12573368730660128,-7.566873643831561,7,-164.01293201532098,0.0
33.36609260899968,-3.6617940225071273,-30.14971312611432,-23.0817525037055,0.9331123390873582,6.105600953217527,-0.06391036222259672,-7.566873643831561,7,-102.5962060088932,0.0
33.37635024500014,0.20879232234717546,-32.34971312620002,2.6697399950790013,0.9632384530898925,6.679091602480036,0.003644113477843547,-7.566873643831561,7,-40.7926240118104,0.0
33.386544383,4.061449322181723,-34.54971312623745,28.701524995747608,0.9642681758423408,6.716651405142405,0.07088566307496302,-7.566873643831561,7,-40.7926240118104,0.0
33.396781761000966,7.742845917554459,-36.67106689508601,54.115617492905585,0.9429651303195914,6.3589061178909105,0.13513815473592672,-7.566873643831561,7,21.68365998979425,0.0
33.40706119100105,10.601443837026482,-38.399308286938,79.18497249441134,0.8691540214373312,4.771058832477031,0.18503010042137324,-7.566873643831561,7,142.84393398658722,0.0
33.41738470100063,10.966795371844757,-38.93189237350679,53.23020249554975,0.7776879696192434,-0.1163358327759692,0.19140668763116686,-7.566873643831561,7,80.5524859893194,0.0
33.42750234699997,8.689775610481055,-38.189805584257115,28.000000000000004,0.8413503112709905,-3.9068761323053183,0.15166519566239467,-7.566873643831561,7,80.5524859893194,0.0
33.438294585999756,5.559234392178483,-37.024144280588516,28.000000000000004,0.8985378126699197,-5.375486851665119,0.09702694403362022,-7.566873643831561,7,20.0,0.0
33.44843193100132,2.1253672419859595,-35.699876434236515,28.000000000000004,0.9289735093289612,-6.009231486330632,0.03709465618668606,-7.566873643831561,7,20.0,0.0
33.45880371000021,-1.6246980791973662,-34.216816843561496,28.000000000000004,0.957469771825317,-6.573194087438054,-0.02835633083282163,-7.566873643831561,7,20.0,0.0
33.46915453300062,-5.702812361871121,-32.57518888951827,28.000000000000004,0.9872199221309108,-7.147762411073701,-0.0995328523380854,-7.566873643831561,7,20.0,0.0
33.479997207999986,-10.11912065698175,-30.77576802624104,2.023922500236952,1.0182471215930124,-7.738718559126198,-0.17661197287090324,-7.566873643831561,7,-42.34258599943132,0.0
33.49011632099973,-14.413050890419354,-29.043040981324175,-23.53075249836547,0.9878588778722206,-7.338410650855703,-0.25155519329531817,-7.566873643831561,7,-103.67380599607714,0.0
33.500320028000715,-17.58515793466315,-27.867352321540235,-49.320142499957,0.8784802166583422,-5.291915431563972,-0.30691890544307787,-7.566873643831561,7,-165.5683419998968,0.0
33.51043369200124,-18.79414067583587,-27.67606459365607,-75.08857500149315,0.7772530176096051,-1.8285867367252893,-0.32801963487632824,-7.566873643831561,7,-165.5683419998968,0.0
33.52078982400053,-17.663499998758965,-28.666965358251527,-49.3012825038677,0.7853989676530398,2.1851016645009973,-0.30828623240435826,-7.566873643831561,7,-227.41258000358357,0.0
33.53151067100043,-14.461928281683898,-30.70622011963961,-23.811050002470434,0.8935654026598908,5.504522417724039,-0.25240826470266997,-7.566873643831561,7,-104.34652000592905,0.0
33.54146967500128,-10.999141906354744,-32.906220119726086,1.9483024950459393,0.9201124703834621,5.969104671035872,-0.1919712411599761,-7.566873643831561,7,-42.52407401188975,0.0
33.55202615300004,-7.593210424243814,-35.106220119764785,28.22440749489761,0.9222034845690198,5.93389331381596,-0.13252652269981002,-7.566873643831561,7,20.538577987754252,0.0
33.56236049000108,-4.389787592189313,-37.231800966567505,53.98550499897101,0.905725812687044,5.524421985362141,-0.07661624694689761,-7.566873643831561,7,82.36521199753042,0.0
33.57256203200086,-2.0473632088036746,-38.96944613569243,79.72040749584994,0.8441864880237286,3.8612492155030376,-0.035733228977820275,-7.566873643831561,7,139.41341039657675,0.0
33.58284251000077,-4.241561420181914,-38.598706197864686,53.46490749409713,0.8379963864159037,-3.683447266837243,-0.07402921220774106,-7.566873643831561,7,139.41341039657675,0.0
33.593314043000646,-8.3777496972317,-37.32174947574199,28.000000000000004,0.9871022523739776,-7.184872255738618,-0.14621931612465122,-7.566873643831561,7,20.0,0.0
33.60339711100096,-13.38366610377015,-35.6404408731895,28.000000000000004,1.0742355460104231,-8.661587359111934,-0.2335890394983502,-7.566873643831561,7,20.0,0.0
33.613687578999816,-18.735565334707072,-33.80518379930757,28.000000000000004,1.1144544257115663,-9.360118558741478,-0.3269973023131518,-7.566873643831561,7,20.0,0.0
33.62427388400101,-24.434983661319265,-31.819494955685705,28.000000000000004,1.1477590641934343,-9.976294886616266,-0.42647091756104016,-7.566873643831561,7,20.0,0.0
33.63427026099998,-30.47881440919722,-29.688031711889472,2.173762502687171,1.1781128809135204,-10.577523116553111,-0.5319556635447817,-7.566873643831561,7,20.0,0.0
33.644797050001216,-36.454139548456375,-27.640877872689828,-23.872694998564835,1.133030611953866,-10.307890873902325,-0.6362447611020428,-7.566873643831561,7,-41.982969993550796,0.0
33.65534528399985,-41.58562671860355,-26.144749292682583,-49.64584249798645,0.9938206285442096,-8.773814899620042,-0.7258061077449574,-7.566873643831561,7,-166.35002199516748,0.0
33.665931310000815,-45.30149652904303,-25.606012020476637,-75.66121249717253,0.8269757520066777,-6.296248007145203,-0.7906602705125838,-7.566873643831561,7,-228.78690999321407,0.0
33.67566063000049,-47.43794923982745,-26.19998154176701,-101.2134424966207,0.7096958846489402,-3.6014276828641463,-0.82794840462893,-7.566873643831561,7,-228.78690999321407,0.0
33.686690795000686,-48.090183610289564,-27.91497104520781,-127.42807499969058,0.6586828136259437,-1.0216754879818088,-0.8393320418881665,-7.566873643831561,7,-260.0,0.0
33.69697427400024,-48.20087197733874,-30.114971045319756,-153.1133699993661,0.6543622460067068,-0.3237887464733199,-0.8412639183368307,-7.566873643831561,7,-260.0,0.0
33.70720808599981,-48.46837893391585,-32.31497104543165,-127.21885749876674,0.6535468375623242,-0.49309600180336305,-0.8459327955010907,-7.566873643831561,7,-197.8531699985615,0.0
33.71707871900071,-48.89261852256125,-34.514971045543476,-101.90955749955901,0.6526751609426076,-0.7554835379063128,-0.8533371731402593,-7.566873643831561,7,-197.8531699985615,0.0
33.72766411300108,-49.47385443988567,-36.7149710456475,-76.16959999929531,0.6516096253712038,-1.0283576291849759,-0.86348165362842,-7.566873643831561,7,-75.33495199983008,0.0
33.73764260400094,-50.21256051574854,-38.914971045707915,0.0,0.6503055039950225,-1.3031264225243828,-0.8763745068567141,-7.566873643831561,7,-75.33495199983008,0.0
33.74865718900037,-54.00645298622295,-39.00000000000007,26.30857999974978,0.7775888020203029,-6.216462508790496,-0.9425904219331143,-7.566873643831561,7,20.0,0.0
33.75839020800049,-58.12904900899049,-38.94962397020288,28.000000000000004,0.8054423829030741,-7.173773544756061,-1.014543296260031,-7.566873643831561,7,20.0,0.0
33.76918020800076,-62.56458238325773,-38.763001814506865,28.000000000000004,0.8141685126019472,-7.761617096922767,-1.0919579577230882,-7.566873643831561,7,20.0,0.0
33.77925097800107,-67.29742942583732,-38.442889968892906,28.000000000000004,0.818283427675186,-8.283079975448535,-1.1745617216093782,-7.566873643831561,7,20.0,0.0
33.789455730000554,-72.30858658544285,-37.99359669932586,28.000000000000004,0.8191158040526835,-8.767400629174446,-1.2620229133793819,-7.566873643831561,7,20.0,0.0
33.79961640300098,-77.57757117052877,-37.419428836438954,28.000000000000004,0.816510053350548,-9.215447534597192,-1.3539840426259584,-7.566873643831561,7,20.0,0.0
33.81008171600115,-83.08252585145848,-36.72452996248926,28.000000000000004,0.8102377924217534,-9.625192090404369,-1.450063626981256,-7.566873643831561,7,20.0,0.0
33.82018419900123,-88.80025455125663,-35.91270426637261,28.000000000000004,0.8001623872189124,-9.994327448764137,-1.5498568185285078,-7.566873643831561,7,20.0,0.0
33.83079879300021,-94.70615916117575,-34.98723320308426,28.000000000000004,0.7862469926605806,-10.320388843131685,-1.6529342992803078,-7.566873643831561,7,20.0,0.0
33.84079188299984,-100.77406108067001,-33.95069263808588,28.000000000000004,0.7685357307088635,-10.600585484921936,-1.7588391664635665,-7.566873643831561,7,20.0,0.0
33.8511554859997,-106.97591226102507,-32.804779074944584,28.000000000000004,0.7471266524673053,-10.831615052764613,-1.8670818892794592,-7.566873643831561,7,20.0,0.0
33.8618346960011,-113.28142626600649,-31.550155299165755,28.000000000000004,0.7221439032942631,-11.009531313781387,-1.9771338696969991,-7.566873643831561,7,20.0,0.0
33.87199299399981,-119.65768922433296,-30.1863284284568,2.3737300013890517,0.6937163367028473,-11.129718769748319,-2.0884206522927498,-7.566873643831561,7,-41.50304799666628,0.0
33.88253179500134,-126.30132784697582,-28.915986492720556,-23.5971000004356,0.7067932222882579,-11.690878096716284,-2.204374020570529,-7.566873643831561,7,-103.83304000104545,0.0
33.89254165000057,-133.80641456382804,-28.202592903242145,-48.86500999625423,0.8264407981970101,-13.282220124531003,-2.3353624944272915,-7.566873643831561,7,-164.47602399101015,0.0
33.902802775000964,-142.90687960448358,-28.476583046929914,-23.078249994134236,1.121234456030956,-16.138732976031264,-2.49419557284937,0.0,6,-102.58779998592217,0.0
33.913335359000484,-153.8609732009863,-29.79421011239745,2.863940005889165,1.5192689895205,-19.229777305019034,-2.68538057267997,0.0,6,-40.32654398586601,0.0
33.92357175500001,-166.06443282245687,-31.749844518590407,13.029225929913082,1.8223666612289426,-21.276849029875446,-2.898371123208812,0.0,6,9.306589949937916,0.0
33.93387018300018,-178.619252903771,-33.88218188364065,19.571454630186054,1.9016233489791852,-21.803150076144725,-3.1174940706232466,0.0,6,13.979610450132895,0.0
33.94388269299998,169.073055143572,-35.92391499324369,26.03112246006276,1.8426753577247315,-21.42172389754903,2.950881488661265,0.0,6,13.979610450132895,0.0
33.954413321000175,157.1965066763129,-37.80590068565668,32.48146061976513,1.739026941631849,-20.666136373767056,2.7435966141349084,0.0,6,23.201043299832236,0.0
33.964528029000576,146.75535495684807,-38.99779852218374,39.040941239800304,1.2485031156011235,-17.20669862303954,2.5613641389299797,0.0,6,23.201043299832236,0.0
33.97509162800088,138.95155350703047,-38.83875121212616,45.49682402959661,0.8633523107082685,-13.8463223240544,2.425162109458755,0.0,6,32.497731449711864,0.0
33.98543923500074,131.75538812029686,-38.41066684001112,52.063301429552666,0.7595140995786119,-12.534288918549219,2.2995653299422028,0.0,6,37.188072449680476,0.0
33.99549568400107,125.1742088608273,-37.68408229452462,58.56156558036674,0.6894982297370144,-11.436191578261838,2.184702083200497,0.0,6,37.188072449680476,0.0
34.00581576700097,119.19687744162171,-36.631482528058065,65.09811671994612,0.6321880700466447,-10.382744485921517,2.080377969452454,0.0,6,41.82968970026195,0.0
34.01628247699955,113.79848641323309,-35.226386371342734,71.46866664001209,0.5856825063224766,-9.375822577642715,1.98615827169695,0.0,6,51.049047600008635,0.0
34.026807026000824,108.94429410963487,-33.442663967721245,77.94114173995695,0.5492878707162046,-8.430302902528647,1.9014366334741926,0.0,6,55.67224409996925,0.0
34.03684852600054,104.56507313958136,-31.300833518144106,84.4092150297547,0.5268766271894767,-7.63474207882764,1.8250048088743789,0.0,6,60.29229644982479,0.0
34.04722002299968,100.44649050290974,-29.100833518099467,90.86377797004388,0.5272648272167013,-7.17658839300633,1.7531219813489898,0.0,6,64.90269855003135,0.0
34.057598295999924,96.5535074953208,-26.900833518051865,97.04753917866363,0.5312446000972749,-6.775500376597018,1.6851766101423715,0.0,6,69.31967084190259,0.0
34.0676434979996,92.88721871282425,-24.700833518001694,95.44574872496324,0.5354074988218902,-6.3791211242657475,1.6211877995588724,0.0,6,68.17553480354516,0.0
34.078159804999814,89.44771260799473,-22.500833517951875,93.7296598017192,0.5393844690329734,-5.983353834129108,1.561157093387152,0.0,6,66.949757001228,0.0
34.08813976300007,86.2342278981046,-20.300833517903115,91.89965609542737,0.5431215602596654,-5.589042553197797,1.5050712047370745,0.0,6,65.64261149673383,0.0
34.09831845900044,83.24530255863019,-18.10083351785544,89.95647446644772,0.5466025990724862,-5.197330474057452,1.4529046164669568,0.0,6,64.25462461889123,0.0
34.10825231200033,80.47891685574393,-15.90083351780886,87.90113286062936,0.5498196567379319,-4.809172727448585,1.404622077571494,0.0,6,64.25462461889123,0.0
34.119050135999714,77.93262576165273,-13.700833517763304,81.43068321075137,0.5527689870901465,-4.425300986563528,1.3601809142653938,0.0,6,58.16477372196526,0.0
34.12916526300069,75.603676648162,-11.500833517721,74.90425365127979,0.5554498923607251,-4.046244243568888,1.3195330841235773,0.0,6,53.503038322342704,0.0
34.1389850430005,73.48911642023211,-9.300833517682088,68.50712214127728,0.55786352074702,-3.672343697349078,1.282627045914479,0.0,6,53.503038322342704,0.0
34.14937344400096,71.58588946614614,-7.100833517646506,68.92071170906236,0.5600120107667232,-3.303771880337346,1.249409469152976,0.0,6,48.93365867234091,0.0
34.15967389800062,69.89092699173575,-4.9008335176110815,69.77497279616519,0.5618976153275459,-2.940544140567973,1.2198267932767646,0.0,6,49.22907979218739,0.0
34.17036959399957,68.40122211048958,-2.7008335175752496,70.52578405631324,0.5635225579189548,-2.5825503650980317,1.1938265382159878,0.0,6,50.375560040223746,0.0
34.18033348500103,67.11388596611584,-0.5008335175390635,71.17460147307762,0.5648887404904543,-2.2295802331603616,1.171358283916737,0.0,6,50.375560040223746,0.0
34.191149471000244,66.02619915746506,1.6991664824975077,71.72279562463761,0.5659972073342269,-1.8813347799612945,1.1523745678752713,0.0,6,51.23056830331258,0.0
34.20112691400027,65.13565367253965,3.899166482534349,72.17163054904002,0.566847858069488,-1.537442613920625,1.1368316170245532,0.0,6,51.23056830331258,0.0
34.211872625999604,64.4399871989276,6.099166482571442,72.52224645174049,0.5674391990128208,-1.1974731309324211,1.1246899465642848,0.0,6,51.801604608386064,0.0
34.222338077999666,63.937209372368066,8.299166482608738,72.7756464763265,0.5677681881041547,-0.8609504785351547,1.1159148180848,0.0,6,51.9826046259475,0.0
34.23224077499981,63.625621082381635,10.499166482646197,72.93268697447967,0.5678301140683274,-0.5273656431493203,1.1104765765138778,0.0,6,51.9826046259475,0.0
34.24263560399959,63.50382704429267,12.69916648268374,72.9940711696765,0.56761852426965,-0.19618816134115713,1.108350869539926,0.0,6,52.13862226405464,0.0
34.25312068600033,63.570742534382646,14.899166482721323,66.51341110919765,0.5671251872721229,0.13312368649764028,1.1095187651625817,0.0,6,47.50957936371261,0.0
34.26317140700121,63.82558736652786,17.099166482755866,60.077728009790185,0.5663400894969012,0.46109793496673834,1.113966646565208,0.0,6,42.91266286413585,0.0
34.27335024199965,64.26787987493304,19.29916648278707,53.66220112979882,0.5652514226354901,0.7882584426179806,1.1216861070937831,0.0,6,38.33014366414201,0.0
34.2836246400002,64.89743523574921,21.499166482814918,47.18123299885355,0.5638457340350871,1.1151204187414359,1.1326739209636063,0.0,6,33.70088071346682,0.0
34.293627790000755,65.71434960419542,23.69916648283941,40.66118470979581,0.5621080995698994,1.4421718986472751,1.1469317663998426,0.0,6,33.70088071346682,0.0
34.30373844600035,66.71897858388002,25.89916648286053,34.291646569916516,0.5600223287123061,1.7698629841712898,1.16446584985629,0.0,6,29.043703364139866,0.0
34.31405573499978,67.91191006046914,28.099166482878353,27.829162009173338,0.5575712407717208,2.098595856906858,1.1852864318734477,0.0,6,24.494033264226083,0.0
34.324530898000376,69.29393058591418,30.29916648289287,21.408045769847554,0.554737004050748,2.4287132462137984,1.209407240372606,0.0,6,15.291461264176824,0.0
34.33493355000064,70.86598505686261,32.4991664829041,14.849974458946413,0.5515015694631671,2.7604870902780116,1.2368447669113536,0.0,6,10.607124613533152,0.0
34.345459985999696,72.62912959779986,34.69916648291201,8.262812269720776,0.5478471959991952,3.094106265304933,1.2676174443392725,0.0,6,5.902008764086268,0.0
34.35516450400064,74.58447791703276,36.89916648291696,1.8963554590556626,0.5437571243668249,3.4296653953769156,1.3017447105332236,0.0,6,5.902008764086268,0.0
34.36552335700071,76.7828383041152,39.000000000099284,-4.62448474108151,0.5442337894884333,3.940637088450847,1.3401133374332295,0.0,6,1.3545396136111876,0.0
34.37618761700105,80.2172145692841,38.99289251134077,-11.148934211152486,0.5948353686400989,5.825833432962493,1.4000545110127725,0.0,6,-7.96352443653749,0.0
34.38598622999962,83.85251637158507,38.95617955631019,-17.53198270054036,0.5953823250348276,6.343519514093803,1.4635024967666084,0.0,6,-7.96352443653749,0.0
34.39665139899989,87.69208142331539,38.861810849213995,-23.93985193043755,0.5886684841883063,6.716892527503861,1.530515548763809,0.0,6,-17.09989423602682,0.0
34.406951783001205,91.73043591223251,38.67666042854303,-30.502104550952758,0.5801324706374196,7.063672150489558,1.6009981309581054,0.0,6,-21.787217536394827,0.0
34.41741430100046,95.95094597216232,38.36938418233313,-37.09190707061844,0.5694948904683348,7.378647062856605,1.6746599276174239,0.0,6,-26.49421933615603,0.0
34.42798062499969,100.32536735926669,37.90813540862259,-43.532783260972614,0.5557307079858798,7.643029885814254,1.7510079836920527,0.0,6,-31.09484518640901,0.0
34.43779279000046,104.813412632339,37.260715131605885,-50.08381369070031,0.5376866393847979,7.836012429957492,1.8293391506857324,0.0,6,-31.09484518640901,0.0
34.44814263100125,109.36243105916517,36.394183942136216,-56.50312561077209,0.5142186333326482,7.935930077642167,1.9087344999677418,0.0,6,-40.35937543626577,0.0
34.45830840400049,113.90746139014378,35.27443533683591,-62.88419338047952,0.4843788133208497,7.921538511603103,1.9880602438463262,0.0,6,-44.9172809860568,0.0
34.46859565500017,118.37211644763914,33.86648997521118,-69.44428951002173,0.4476077461219863,7.772944765493612,2.065983174565437,0.0,6,-49.603063935729814,0.0
34.47903407299964,122.6691565028504,32.13366596520842,-76.00328566031004,0.4038632709608725,7.471207797269983,2.1409806716189523,0.0,6,-54.28806118593574,0.0
34.48867264799992,126.71479526230331,30.04751930859179,-82.26451798017644,0.35618992053858883,7.042358671520409,2.2115903883177044,0.0,6,-54.28806118593574,0.0
34.49930016399958,130.77093091932826,27.84751930855,-88.66851460005984,0.33857441691236456,7.113823213790354,2.2823833104403333,0.0,6,-63.33465328575702,0.0
34.50885763699989,134.96733197863662,25.6475193085048,-94.90888636051004,0.33042875515268827,7.337220321514491,2.3556243256594422,0.0,6,-63.33465328575702,0.0
34.518794003999574,139.29293310359606,23.447519308455465,-101.1908022102323,0.323517695063442,7.559398876700696,2.431120307417955,0.0,6,-67.7920616860786,0.0
34.52878143599992,143.73556932375408,21.24751930840222,-107.48614084067576,0.317016992742968,7.762206608242719,2.508658936928068,0.0,6,-72.27914443588023,0.0
34.53870075899977,148.28201186611,19.047519308344953,-113.75397430006325,0.3109111074501843,7.942050033613958,2.5880093285449206,0.0,6,-76.77581488619697,0.0
34.54890215799969,152.91802842937605,16.84751930828358,-120.14204011025123,0.3052698733466251,8.096999553478865,2.668923081750905,0.0,6,-81.25283878575945,0.0
34.55945772400082,157.6284699815589,14.647519308217982,-126.59418196007373,0.3001657691683166,8.225446639326758,2.7511357960592484,0.0,6,-90.42441568576695,0.0
34.569902290000755,162.39738322530417,12.447519308148088,-133.14604903012133,0.2956624225721415,8.325998758748176,2.834369033904566,0.0,6,-95.10432073580094,0.0
34.57970027400006,167.20814632305792,10.247519308073835,-139.5882450711286,0.29181133083794136,8.397504005976,2.918332689493811,0.0,6,-95.10432073580094,0.0
34.59038549100114,172.04362469058128,8.047519307995312,-146.05829908060676,0.28864986518006475,8.439083534804805,3.002727707916054,0.0,6,-104.32735648614769,0.0
34.60089963199971,176.88634310360717,5.84751930791259,-152.64123649039158,0.2862001005326485,8.450160068896825,3.08724908897031,0.0,6,-109.02945463599397,0.0
34.611572276000516,-178.2813301322488,3.647519307825723,-159.36328546043276,0.28446834421593825,8.430477733572719,-3.1115962056427193,0.0,6,-113.83091818602341,0.0
34.62175893499989,-173.47699736503816,1.4475193077351682,-165.8857535805435,0.28344489035875187,8.380104733162705,-3.0277447804934434,0.0,6,-118.4898239861025,0.0
34.632146429001295,-168.71803401852236,-0.7524806923595742,-172.41508807109477,0.2831062379556198,8.299451970398211,-2.9446852011150146,0.0,6,-123.15363433649625,0.0
34.642480693000834,-164.02141668985226,-2.952480692457924,-178.84381786040814,0.2834145055354447,8.189230702915447,-2.862713765023501,0.0,6,-127.7455841860058,0.0
34.65239058500083,-159.4035509185018,-5.152480692559639,-185.36734249109196,0.28432066270414524,8.050449991871846,-2.7821168028982877,0.0,6,-127.7455841860058,0.0
34.66299421199983,-154.88011827274792,-7.352480692664576,-191.85737632070575,0.28576662624020593,7.884383950760124,-2.7031680097376842,0.0,6,-137.0409830862184,0.0
34.67329585300104,-150.46594488015614,-9.552480692772548,-198.3504032804665,0.2876876160904342,7.692533421356572,-2.6261261502830293,0.0,6,-141.67885948604751,0.0
34.6837806550011,-146.17489458191992,-11.752480692883408,-204.83550799063943,0.29001458370263,7.476583600823933,-2.5512331942101225,0.0,6,-146.311077136171,0.0
34.693986521000625,-142.01978747552792,-13.95248069299703,-210.0,0.2926765502328728,7.238359356140953,-2.478712894430568,0.0,6,-150.0,0.0
34.7039570449997,-138.01234734044687,-16.152480693112675,-203.60018595029032,0.2956023785285737,6.9797740810212785,-2.408769869496837,0.0,6,-145.42870425020737,0.0
34.71403842899963,-134.16319288009288,-18.352480693224592,-197.28473709023092,0.29872055759309346,6.702748853442058,-2.341589450745835,0.0,6,-140.91766935016494,0.0
34.724258336000275,-130.48182970060432,-20.552480693332257,-190.80614721020538,0.30196445526133564,6.409236106075941,-2.2773375423020723,0.0,6,-136.2901051501467,0.0
34.7346329030006,-126.97663887354894,-22.752480693435675,-184.2734705703333,0.30527365517812954,6.101189941148149,-2.2161604214592527,0.0,6,-131.62390755023807,0.0
34.74514501500016,-123.65491286485182,-24.952480693534905,-177.6943648195629,0.3085929345983276,5.780504388190057,-2.1581853657583583,0.0,6,-126.92454629968779,0.0
34.75500600600026,-120.52290511855787,-27.152480693630366,-171.4503422101916,0.31187259812359924,5.448986127963151,-2.1035215183875615,0.0,6,-122.46453015013685,0.0
34.76483465400088,-117.58589868821517,-29.35248069372158,-165.07473339033822,0.31506804592891835,5.108322113588598,-2.052261086025836,0.0,6,-122.46453015013685,0.0
34.77531728699978,-114.84827500957958,-31.55248069380898,-158.65256316041268,0.31814030074392297,4.760077955256441,-2.0044805391530858,0.0,6,-113.32325940029477,0.0
34.785401256000114,-112.31359497489782,-33.7524806938926,-152.1108208195801,0.3210552701703675,4.405678351940047,-1.9602420270633252,0.0,6,-113.32325940029477,0.0
34.79642303200126,-109.7631958438018,-36.17248069398038,-145.47344700049507,0.32404496730095944,4.010253787935953,-1.915729164985697,0.0,6,-103.90960500035362,0.0
34.805751236001015,-107.86370113269594,-38.152480694048904,-139.30815675046688,0.32629938634977157,3.6833929173870787,-1.882576728152681,0.0,6,-103.90960500035362,0.0
34.81608368100024,-105.09955276295584,-39.00000000000012,0.0,0.3951098119787456,5.12173857063757,-1.8343332380870827,0.0,6,0.0,0.0
34.82583828099996,-102.01818638664392,-39.0000000000001,0.0,0.4227294421560677,5.292348636113875,-1.7805532493601932,0.0,6,0.0,0.0
34.83612608800104,-99.15656649813673,-39.000000000000085,0.0,0.4286801130047651,4.967993501393021,-1.7306085603651897,0.0,6,0.0,0.0
34.84670295599972,-96.51560252456737,-39.00000000000007,0.0,0.4321178122892111,4.589251611287434,-1.684515043599852,0.0,6,0.0,0.0
34.85695911900075,-94.09559174778582,-39.00000000000006,0.0,0.4350808608427911,4.204353235248381,-1.6422778876112683,0.0,6,0.0,0.0
34.86674312800096,-91.8963298459334,-39.00000000000004,0.0,0.4377611074143151,3.8192302079463385,-1.6038935263102712,0.0,6,0.0,0.0
34.877062859000944,-89.91721382070216,-39.000000000000036,0.0,0.4401670204172059,3.4351144532459923,-1.569351435391003,0.0,6,0.0,0.0
34.88688179699966,-88.15733618286575,-39.00000000000002,0.0,0.4422908219181506,3.0525889499377454,-1.5386357761785372,0.0,6,0.0,0.0
34.89722101699954,-86.61556968541572,-39.000000000000014,0.0,0.4441245151321014,2.6720375641567347,-1.5117268745010934,0.0,6,0.0,0.0
34.9072662159997,-85.2906422283242,-39.00000000000001,0.0,0.4456609419561045,2.293708721386999,-1.4886025280247706,0.0,6,0.0,0.0
34.91775241200048,-84.1812025389254,-38.99999657170052,0.0,0.4468934037968317,1.9177354040043588,-1.4692391525924584,0.0,6,0.0,0.0
34.928327464000176,-83.28592152504855,-38.99978193024031,0.0,0.4478138198396676,1.5440582571659365,-1.4536135511697141,0.0,6,0.0,0.0
34.93829756800005,-82.60356530143375,-38.9988918231826,0.0,0.44841451863881177,1.1725336721811968,-1.4417041883961612,0.0,6,0.0,0.0
34.948803463999866,-82.13295224731252,-38.99695331946718,0.0,0.4486893618237001,0.8030672734927742,-1.4334904410988794,0.0,6,0.0,0.0
34.95877342800122,-81.87295685157605,-38.993712474962265,0.0,0.44863184691895686,0.43555933406709835,-1.4289526654032525,0.0,6,0.0,0.0
34.969517949000874,-81.82251654730422,-38.98903153347873,0.0,0.4482345012831186,0.06989969620099944,-1.428072316018001,0.0,6,0.0,0.0
34.979369718999806,-81.98063549342497,-38.98288653413209,0.0,0.44748866200193815,-0.29402798039732336,-1.4308320122375917,0.0,6,0.0,0.0
34.989913196001,-82.34638519036554,-38.97536540124818,0.0,0.44638448246895496,-0.6563408089625393,-1.437215548687376,0.0,6,0.0,0.0
34.9999247249998,-82.91890188171497,-38.96666652301743,0.0,0.44491114201511534,-1.0171510845066662,-1.447207849974048,0.0,6,0.0,0.0
35.009743663000336,-83.69738075876222,-38.95709775817961,0.0,0.4430572512320329,-1.376560715257197,-1.4607948695357507,0.0,6,0.0,0.0
35.020077574001334,-84.68106703526836,-38.947075745795395,0.0,0.4408114504216627,-1.7346557715863655,-1.4779634338674659,0.0,6,0.0,0.0
35.029879956000514,-85.8692439828784,-38.9371253312666,1.847475419544935,0.43816320081050625,-2.091501189441436,-1.4987010336995574,0.0,6,0.0,0.0
35.040051244001006,-87.26179554280532,-38.923635983743395,8.121468390545488,0.43512367286359416,-2.4483538552488975,-1.5230056434240653,0.0,6,5.801048850389634,0.0
35.0501693719998,-88.85958226854646,-38.88776010335906,14.696172960302647,0.43171988564273134,-2.8066908615653463,-1.550892282532908,0.0,6,5.801048850389634,0.0
35.06068043599953,-90.66178226855065,-38.79765638285742,21.247289700550027,0.4278809032266965,-3.1627967107641966,-1.5823466063124227,0.0,6,10.497266400216176,0.0
35.071322689000226,-92.66294236775711,-38.620791436480495,27.63882933009882,0.423415770669769,-3.5088040789103108,-1.6172734389031118,0.0,6,19.742020950070582,0.0
35.08108707000065,-94.852187208949,-38.325110330120204,33.963124019719544,0.41804562165744247,-3.835262484147959,-1.6554829695142108,0.0,6,24.259374299799674,0.0
35.09108867900068,-97.21265216380625,-37.87913344787396,40.250363369868865,0.4114164543546033,-4.131681899058508,-1.696680854854409,0.0,6,28.750259549906332,0.0
35.10169418800069,-99.72097009829142,-37.251536301908445,46.72992092997447,0.40311509020548386,-4.386681046377667,-1.7404592614979986,0.0,6,33.37851494998176,0.0
35.11255082699972,-102.61442561786203,-36.31359176469843,53.71993787954125,0.39152298385773865,-4.604856296811422,-1.790959587074509,0.0,6,38.37138419967232,0.0
35.12211996200131,-105.05268867423865,-35.32508843557366,59.80728893957349,0.3797240602043106,-4.7231653152248745,-1.833515305438021,0.0,6,42.719492099695344,0.0
35.132590230999995,-107.7919423148569,-33.95887845191233,66.38296181969054,0.36375614382145505,-4.7764641099145795,-1.881324300514051,0.0,6,47.416401299778954,0.0
35.14251772300122,-110.51413253638101,-32.28159684338533,72.86018711982251,0.34478964899991443,-4.740824846179114,-1.9288354827452407,0.0,6,47.416401299778954,0.0
35.153277403000175,-113.15813011967224,-30.25588157544349,79.4113920602831,0.3226615761771556,-4.598390353230149,-1.9749819459884455,0.0,6,56.72242290020222,0.0
35.16346971799976,-115.8416159652491,-28.055881575404758,85.84165967966328,0.31054431004538374,-4.721905121526208,-2.021817609424426,0.0,6,61.315471199759486,0.0
35.173891088001255,-118.7016826215295,-25.855881575361373,92.3779890604419,0.3043053559446362,-5.008871236352634,-2.071735189403024,0.0,6,65.98427790031565,0.0
35.18418769600066,-121.73273177383216,-23.65588157531445,98.90648501983378,0.29856393602840264,-5.304472261284365,-2.1246369769004882,0.0,6,70.64748929988127,0.0
35.19488520400046,-124.9284082139946,-21.45588157526391,105.57510494994857,0.2927626592933831,-5.5908908051785,-2.1804120526097344,0.0,6,75.41078924996327,0.0
35.20487200500065,-128.28154519959543,-19.255881575209944,111.93654255012007,0.28688782692095904,-5.864936440654637,-2.238935333278867,0.0,6,79.95467325008576,0.0
35.215436438000324,-132.14226765239886,-16.835881575146054,118.56542271021682,0.28040467223112087,-6.150097378488361,-2.3063176515859576,0.0,6,84.68958765015486,0.0
35.22508485900107,-135.42724188537957,-14.85588157509031,124.6562942096898,0.27514208871032275,-6.369302920730982,-2.3636512677946464,0.0,6,89.04021014977843,0.0
35.23576210899955,-139.20108592348242,-12.655881575024566,131.35378388960817,0.26940417716330567,-6.596474371285736,-2.4295172717163,0.0,6,93.82413134972012,0.0
35.24601903999974,-143.09493758465993,-10.455881574955042,137.81807087991183,0.263848964253667,-6.804858667825829,-2.497477803788098,0.0,6,98.44147919993702,0.0
35.25639074300125,-147.09718777083737,-8.25588157488135,144.19315176019154,0.25854661744566954,-6.99290694799301,-2.56733024702545,0.0,6,102.99510840013681,0.0
35.266298327000186,-151.19537214576656,-6.055881574803125,150.6273801897987,0.25356524798118796,-7.159132613172016,-2.6388570577217503,0.0,6,107.59098584985622,0.0
35.27629770100066,-155.3762208801706,-3.8558815747206374,157.13963727017472,0.24896844995318862,-7.302137954848482,-2.7118266336649386,0.0,6,107.59098584985622,0.0
35.28710914400108,-159.6257353412891,-1.6558815746338058,163.68349199958175,0.24481394374656468,-7.420660283260976,-2.785994652622569,0.0,6,116.91677999970125,0.0
35.29711354699975,-163.92928168116322,0.5441184254573981,169.99656387042705,0.24115153687644003,-7.513601676062434,-2.8611057057655236,0.0,6,121.42611705030504,0.0
35.30706262500098,-168.27170084670024,2.744118425552835,176.31245310012673,0.2380213924541424,-7.580057287732082,-2.936895217705849,0.0,6,125.93746650009052,0.0
35.317087217001244,-172.63743414893113,4.944118425652433,182.61443508050434,0.23545284523412455,-7.6193429205946135,-3.013091638093743,0.0,6,130.43888220036024,0.0
35.32712361400081,-177.01066161826307,7.144118425756093,188.93490062993806,0.23346357150454283,-7.6310159156714175,-3.0894188563722444,0.0,6,134.95350044995575,0.0
35.337142477999805,178.62455209102862,9.344118425863702,195.45107442043445,0.2320591718806234,-7.614888520290739,3.117586558888571,0.0,6,134.95350044995575,0.0
35.34802712900091,173.85200931810314,11.764118425986398,202.24080681035045,0.2311819057758831,-7.565134700031489,3.034289973808762,0.0,6,139.60791030031032,0.0
35.3578700270009,169.9837224203328,13.744118426090207,208.51809972025873,0.23096800827107297,-7.49978660852357,2.966775631030912,0.0,6,144.45771915025034,0.0
35.36860742300087,165.73878117110021,15.944118426209048,201.99228882054737,0.23123553988368092,-7.40173676579201,2.892687429678082,0.0,6,144.280206300391,0.0
35.378999663000286,161.5642351395566,18.144118426324987,195.22073193036704,0.23199453629297834,-7.277638612299736,2.8198278566515826,0.0,6,144.280206300391,0.0
35.38913588400101,157.47448775842284,20.344118426436708,189.04144623080356,0.23319729283549603,-7.128476714966462,2.7484482992759833,0.0,6,135.02960445057397,0.0
35.39959441700012,153.4832441030447,22.54411842654403,182.56782957032556,0.23479336509980187,-6.955472483227472,2.678787956240301,0.0,6,130.40559255023254,0.0
35.409399313000904,149.60341274460444,24.744118426647184,176.09122040998045,0.23672923700320106,-6.760019001631826,2.6110721246133943,0.0,6,130.40559255023254,0.0
35.41965254200113,145.84703841197626,26.944118426746133,169.57491495059003,0.23894887899247275,-6.543627863678736,2.5455110245716277,0.0,6,125.77944314998604,0.0
35.429701234001186,142.22524992561574,29.14411842684086,163.23473355023452,0.2413955786101122,-6.307899104028221,2.482298890673815,0.0,6,121.12493925042145,0.0
35.43983032899996,138.74822809472673,31.344118426931484,156.9250939209087,0.24401333084218796,-6.054487382591563,2.42161341156108,0.0,6,116.59623825016752,0.0
35.45039155000086,135.42519271908427,33.54411842701808,150.4435556399767,0.24674791578089178,-5.785068201079945,2.3636155030958728,0.0,6,107.45968259998335,0.0
35.460641984000176,132.2644079391968,35.74411842710059,143.9440617307082,0.2495477286406958,-5.501306588980806,2.308449401739912,0.0,6,102.81718695050586,0.0
35.47061739700075,129.2732023899741,37.9441184271791,137.44800069094708,0.25236448456076255,-5.204831659702807,2.256243016302051,0.0,6,102.81718695050586,0.0
35.48111651600084,124.95093151890394,39.000000000007574,0.0,0.44735504724102404,-8.362880471109893,2.180805158438833,0.0,6,0.0,0.0
35.490800773000956,119.43363388446706,39.000000000000284,0.0,0.5559698067089794,-9.439294045363678,2.084510148905415,0.0,6,0.0,0.0
35.501039541000864,114.12485255704466,39.00000000000027,0.0,0.5726177416375541,-9.227702449554727,1.991854435473499,0.0,6,0.0,0.0
35.51142898699982,109.03238740635197,39.00000000000025,0.0,0.5788746427035633,-8.866189884183353,1.9029741515508425,0.0,6,0.0,0.0
35.52082110900119,104.16210298211463,39.00000000000022,0.0,0.5840303682556951,-8.479937374117767,1.8179716528393044,0.0,6,0.0,0.0
35.5317594090011,99.518073072548,39.0000000000002,0.0,0.5889908155129386,-8.085134072070257,1.7369180403562723,0.0,6,0.0,0.0
35.54172951300097,95.10274735827115,39.00000000000017,0.0,0.5937976442554043,-7.68600200967586,1.6598560690941708,0.0,6,0.0,0.0
35.552034923000974,90.91713140950586,39.00000000000015,0.0,0.5984154264553585,-7.285195440432749,1.5868032895642301,0.0,6,0.0,0.0
35.5621826000006,86.57793386849738,39.00000000000012,0.0,0.6032379548215974,-6.84498498659899,1.5110700055791906,0.0,6,0.0,0.0
35.57254382500105,83.23294403496499,39.00000000000011,0.0,0.6069626906340355,-6.487006568622077,1.4526889195383133,0.0,6,0.0,0.0
35.58286341600069,79.73082609085235,39.000000000000085,0.0,0.6108543206305459,-6.093029976809856,1.391565430620373,0.0,6,0.0,0.0
35.59267725400059,76.45167411133451,39.000000000000064,0.0,0.6144787744232141,-5.704231385222757,1.334333431904497,0.0,6,0.0,0.0
35.603867452000486,73.3919773810777,39.00000000000004,0.0,0.6178339343016822,-5.321587302722794,1.2809316498490109,0.0,6,0.0,0.0
35.61398697700133,70.54780316424916,39.00000000000003,0.0,0.6209218487871789,-4.945823805761244,1.2312914452650219,0.0,6,0.0,0.0
35.62464746200021,67.9149265850501,39.00000000000002,0.0,0.6237475655547104,-4.577441594762427,1.1853390801593529,0.0,6,0.0,0.0
35.63489594100065,65.4889460140833,39.0,0.0,0.6263181401763147,-4.216741219719477,1.1429977316065703,0.0,6,0.0,0.0
35.645071769000424,63.265498075928484,38.9998781058966,0.0,0.6286322045553401,-3.863559390099182,1.1041912443390896,0.0,6,0.0,0.0
35.65485529000034,61.24089021146329,38.99884904846041,0.0,0.6306653208647682,-3.5167680967444284,1.0688551710424008,0.0,6,0.0,0.0
35.665494398999726,59.411736481024505,38.99600570907553,0.0,0.6324243582860828,-3.175913127944267,1.0369304159211072,0.0,6,0.0,0.0
35.675320951000685,57.77475797541854,38.99057426413618,0.0,0.6339268418302704,-2.8407712995915944,1.0083597512139066,0.0,6,0.0,0.0
35.68617584200001,56.326812464058825,38.98190226066275,0.0,0.6351906063169038,-2.511097786108761,0.9830883346512067,0.0,6,0.0,0.0
35.69586058499954,55.0649239566745,38.96944669636364,-4.420704539043072,0.636231890317522,-2.1865995997155356,0.9610642254042734,0.0,6,0.0,0.0
35.706337835999875,53.99937930115025,38.94223151189136,-10.950078720034071,0.6365756626768662,-1.838837308577575,0.9424669628383464,0.0,6,-3.15764609931648,0.0
35.716730281999844,53.1599082667548,38.874516557311665,-17.514659189710073,0.6359540155221138,-1.4385193869904414,0.9278154293130232,0.0,6,-7.821484800024336,0.0
35.727406760999656,52.58923394220007,38.73156413007159,-23.967677999426087,0.6345181774706333,-0.9650553663138617,0.9178552833929485,0.0,6,-17.119769999590062,0.0
35.736879772000975,52.33153560937106,38.47842888874986,-30.222480539105163,0.6328810023778092,-0.4149440527541448,0.9133575990081821,0.0,6,-17.119769999590062,0.0
35.74698644000091,52.434017467029875,38.078081760045855,-36.60090356985165,0.6318245077288149,0.21689332832531016,0.9151462448478886,0.0,6,-21.58748609936083,0.0
35.757619468000485,52.938697236623376,37.4968239192302,-43.12328033949598,0.6322890821545664,0.922185062634372,0.9239545684955015,0.0,6,-30.802343099639984,0.0
35.76763909700094,53.88537420211253,36.701049970580804,-49.60301178005466,0.6351965387671691,1.6966851149006712,0.940477198496076,0.0,6,-30.802343099639984,0.0
35.77792857700115,55.30985837785699,35.65746661300624,-56.09810261976236,0.6413920049685569,2.5328951721492063,0.9653391375053744,0.0,6,-35.43072270003904,0.0
35.78819339800066,57.24152238878796,34.33368060455299,-62.5427594393841,0.6515005093066591,3.4195503367539306,0.9990530345383997,0.0,6,-40.070073299830256,0.0
35.798906899999565,59.97255979099037,32.52018570089619,-69.15187775990489,0.667185522738721,4.427832256469249,1.0467186292019441,0.0,6,-49.394198399932066,0.0
35.80903857700105,62.688909683693005,30.730557390045142,-75.50728436939607,0.683478784905464,5.268709735765779,1.0941278784658,0.0,6,-53.933774549568625,0.0
35.81928195200089,66.08035625071844,28.533823445592777,-81.82889210964277,0.6906903765412656,5.898936967010704,1.1533197874658523,0.0,6,-58.44920864974483,0.0
35.82916047300023,69.65088841543636,26.333823445551417,-88.21352126979036,0.6847677834395696,6.243292914842903,1.2156373297885406,0.0,6,-63.00965804985026,0.0
35.83930276800129,73.78652744656924,23.9138234455027,-94.6221345289814,0.6758679541709152,6.593618918224501,1.2878178475557975,0.0,6,-67.58723894927243,0.0
35.849541952000436,77.33550568736828,21.933823445460273,-94.06352903566201,0.6679156854391652,6.8826824171180085,1.349759202939377,0.0,6,-67.18823502547286,0.0
35.85982395700012,81.45590958019984,19.73382344541337,-87.6020171949456,0.6585235232500358,7.208059438594226,1.4216738173812793,0.0,6,-62.57286942496114,0.0
35.87026355600028,85.76457290571848,17.533823445369798,-81.08056463555457,0.6485859100687129,7.536664880126014,1.4968741787715079,0.0,6,-57.914689025396115,0.0
35.88019775199973,90.26239523795303,15.33382344532983,-74.76837476569543,0.6381441748363624,7.866721481496948,1.575375987638731,0.0,6,-53.40598197549673,0.0
35.89051070300047,94.94908190955411,13.133823445293316,-68.24850665530519,0.6272540198784663,8.196135149624842,1.657174101067504,0.0,6,-48.74893332521799,0.0
35.900883730000714,99.82298336432599,10.933823445260288,-61.71763685466046,0.6159886161471884,8.522527895058298,1.7422397288710147,0.0,6,-44.084026324757474,0.0
35.91123349500049,104.88093855078596,8.73382344523071,-68.18183375391142,0.6044394773759363,8.843249171975412,1.8305177002930648,0.0,6,-48.70130982422245,0.0
35.921448508999674,110.11813737092545,6.533823445198503,-74.65888076392346,0.5927177129558913,9.155413995737465,1.9219240632860615,0.0,6,-53.32777197423104,0.0
35.931944551000925,115.52800018699027,4.333823445162869,-81.23463995456021,0.5809522654783494,9.455922524241496,2.016343981507605,0.0,6,-58.02474282468586,0.0
35.94209033900006,121.10206769739443,2.1338234451239475,-87.64320974392447,0.5692867254124636,9.741490249313095,2.1136298122926007,0.0,6,-62.60229267423176,0.0
35.952423828000974,126.82993410355483,-0.06617655491905589,-94.16783057447518,0.5578768379743646,10.00871898605622,2.2135999401944746,0.0,6,-67.26273612462512,0.0
35.9628576289997,132.69921344038806,-2.2661765549660413,-100.74319349443228,0.5468850551232494,10.254157091775253,2.3160381893414836,0.0,6,-71.95942392459449,0.0
35.9726633600003,138.69555624931442,-4.466176555016889,-107.14700993450221,0.5364751570095773,10.474386804928361,2.420694114435534,0.0,6,-71.95942392459449,0.0
35.983116022000104,144.80272614358324,-6.66617655507242,-113.50721399454031,0.5268067764544658,10.666128590737022,2.527284337069199,0.0,6,-81.07658142467164,0.0
35.99295954599984,151.0027203473614,-8.866176555132416,-119.77464677472724,0.5180269650182251,10.8263194356144,2.635494649529692,0.0,6,-85.55331912480517,0.0
36.00311113099997,157.27595473178866,-11.066176555196947,-126.12486029441767,0.5102644404907788,10.95222357128742,2.7449832442872673,0.0,6,-90.08918592458406,0.0
36.013398095999946,163.60150191041848,-13.266176555266107,-132.59891543369648,0.503623392805615,11.041525035926288,2.8553848695445954,0.0,6,-94.71351102406891,0.0
36.02383259599992,169.9573777634752,-15.466176555339949,-126.03310268330077,0.4981785476252083,11.09241085259901,2.9663158300284387,0.0,6,-90.02364477378626,0.0
36.03413898100007,176.32083317751585,-17.66617655541169,-119.54404094343387,0.49396539766600855,11.10356550656213,3.077379078807307,0.0,6,-85.38860067388134,0.0
36.0443535760005,-177.33130139591364,-19.866176555480415,-113.28360494316783,0.4909868176748667,11.074308606725475,-3.0950150762051094,0.0,6,-80.9168606736913,0.0
36.05406702900109,-171.02220633518704,-22.06617655554604,-106.76937029336457,0.4892165569837454,11.004649288915319,-2.984900594574119,0.0,6,-80.9168606736913,0.0
36.06512442799976,-164.77470429631387,-24.266176555608236,-100.16069297276388,0.4885981396925836,10.895241542166081,-2.875861113970723,0.0,6,-71.54335212340277,0.0
36.07508558799964,-158.61090786727684,-26.46617655566677,-93.72294536312964,0.489048768377807,10.747352253048222,-2.768282571861358,0.0,6,-66.94496097366402,0.0
36.08509250300085,-152.55189470691838,-28.666176555721602,-87.2254340632351,0.49046485855931976,10.562810666469591,-2.662532842791436,0.0,6,-66.94496097366402,0.0
36.09583848799957,-146.6174251604253,-30.866176555772608,-80.69694062267061,0.49272783634829126,10.343933205958574,-2.558956809845797,0.0,6,-57.640671873336146,0.0
36.106004254001164,-140.8257110615644,-33.066176555819716,-74.22301778371163,0.4957102305551627,10.093434861457242,-2.4578723294864977,0.0,6,-53.01644127407974,0.0
36.116181266999774,-135.19323956301994,-35.26617655586293,-67.82716643277652,0.4992815697312265,9.81433263440889,-2.359567156812158,0.0,6,-48.4479760234118,0.0
36.12653396600035,-129.73465505411704,-37.466176555902294,-61.31847704334703,0.5033135087193644,9.509844433371981,-2.2642968846334446,0.0,6,-43.7989121738193,0.0
36.13647214299999,-123.62114316431806,-39.00000000000377,0.0,0.710036298020505,11.564036236480682,-2.1575959732966314,0.0,6,-43.7989121738193,0.0
36.14698404199953,-115.7781706620229,-39.00000000000053,0.0,0.9402137312804144,13.40208755052059,-2.0207102799882026,0.0,6,0.0,0.0
36.157120818001204,-108.16063868358104,-39.00000000000051,0.0,0.9718438014377353,13.245262435937434,-1.8877592660884344,0.0,6,0.0,0.0
36.16702728200107,-100.77794598817927,-39.00000000000048,0.0,0.9806004551697338,12.860603720499245,-1.7589069708907386,0.0,6,0.0,0.0
36.17711299400071,-93.63577382990272,-39.00000000000045,0.0,0.9868881461881878,12.443589323440007,-1.6342525509845431,0.0,6,0.0,0.0
36.187440335001156,-86.73630731637965,-39.0000000000004,0.0,0.9927178014172933,12.02058574216231,-1.5138341436924718,0.0,6,0.0,0.0
36.19783166399975,-80.07852399947262,-39.000000000000355,0.0,0.9981883865686041,11.599337485712068,-1.3976339039280952,0.0,6,0.0,0.0
36.208028725000986,-73.6585247166194,-39.000000000000306,0.0,1.0032290454815143,11.185066210130291,-1.2855837784666315,0.0,6,0.0,0.0
36.21810053599984,-67.46988458569153,-39.00000000000026,0.0,1.0077765533818341,10.782173303315222,-1.1775716319608875,0.0,6,0.0,0.0
36.22852679300013,-61.504005863000565,-39.00000000000022,3.134075526908623,1.0117891934427377,10.39442406512798,-1.0734474054752563,0.0,6,0.0,0.0
36.239263417000984,-55.750454719523255,-39.00000000000002,9.691482816237317,1.015244419768981,10.024998009161104,-0.9730289943396926,0.0,6,6.922487725883798,0.0
36.2492935930004,-50.21712155804144,-38.98438618841048,16.226314056242906,1.0146993239141455,9.633410324565068,-0.8764541120620479,0.0,6,6.922487725883798,0.0
36.26003552600014,-44.944740490855175,-38.915656909910915,22.767481836275895,1.0066325942617953,9.171919303586863,-0.7844337030198352,0.0,6,16.262487025911355,0.0
36.27027226500104,-39.98659554510237,-38.75428588383464,29.258083927328904,0.9900838713122784,8.617265088351608,-0.6978977489253331,0.0,6,20.898631376663502,0.0
36.280293501000415,-35.404720574433085,-38.46039987380376,55.007106424949804,0.9653039712442368,7.954032833297159,-0.6179289447724354,0.0,6,20.898631376663502,0.0
36.29091437399984,-31.621218787717318,-37.79536804272427,80.95870892661353,0.8908807716040132,6.4097443682698945,-0.551894381339157,0.0,6,144.9801313749466,0.0
36.30075957400004,-29.534412682338452,-36.27214038195718,106.16740142681395,0.7787938588997708,3.3534460026004673,-0.5154727439495761,0.0,6,144.9801313749466,0.0
36.311223413000334,-28.80626668521133,-34.07769817301593,131.3002989259478,0.7447141096028402,1.4553390104767225,-0.5027641988644906,0.0,6,244.85413607115174,0.0
36.321424526000555,-28.19206373940672,-31.8776981728987,157.12371642579842,0.7429671360401755,1.0860456123822875,-0.4920443351847519,0.0,6,211.816196976831,0.0
36.33156549399973,-27.6789314736906,-29.677698172781348,183.19494642541417,0.7430606383902085,0.8895406697790071,-0.4830884876497872,0.0,6,211.816196976831,0.0
36.34198665100121,-27.26472988418945,-27.47769817266391,208.51453392382996,0.7432480852911604,0.7148358005357895,-0.47585930614599814,0.0,6,180.39696575634468,0.0
36.3520787890011,-26.94764479861003,-25.277698172546405,231.62455785237933,0.74338262368116,0.545212140075085,-0.4703251273936693,0.0,6,180.39696575634468,0.0
36.36246962900077,-26.726184078699458,-23.077698172428843,209.8360922944211,0.7434509884761081,0.37837380775541374,-0.46645990866739284,0.0,6,165.4461127516995,0.0
36.373210654001014,-26.599174288352742,-20.877698172311337,187.07095477701537,0.7434511177133245,0.2135785123271551,-0.4642431696435749,0.0,6,133.62211055501098,0.0
36.3832245550002,-26.565808292511456,-18.677698172205258,163.20602612089286,0.7433809696672646,0.05014692723192617,-0.4636608231579378,0.0,6,116.5757329434949,0.0
36.393652278000445,-26.625655200696173,-16.477698172112433,138.12067844047306,0.7432380847919353,-0.1125505599984222,-0.4647053487528998,0.0,6,98.65762745748074,0.0
36.4038741380009,-26.778598274824265,-14.27769817203356,112.19439844045154,0.7430193922597893,-0.27507039232425934,-0.4673747089645568,0.0,6,79.78764412051908,0.0
36.413894745001016,-27.02483281765478,-12.077698171969367,86.43681844351703,0.7427209448339743,-0.4379579233540209,-0.47167231246909225,0.0,6,79.78764412051908,0.0
36.424484044000565,-27.36486428199874,-9.877698171920658,60.63610344118386,0.7423378644517759,-0.6017544303639167,-0.47760698108227206,0.0,6,38.86143962094275,0.0
36.43482640399998,-27.799506582252015,-7.6776981718882915,34.83224594366219,0.7418642954594339,-0.7669981678449243,-0.4851929202901335,0.0,6,16.63213138446548,0.0
36.44556072300111,-28.32988053326226,-5.477698171873181,7.5869209436950635,0.7412933510004609,-0.9342246529163722,-0.49444969200207334,0.0,6,16.63213138446548,0.0
36.45543100100076,-28.923794238921534,-3.295526640491876,-17.44573405939265,0.7400796151512011,-1.0278763983680737,-0.5048154416385482,0.0,6,-6.8962826134989825,0.0
36.47091646000081,-29.441853039419996,-1.0282125717887172,-14.56860094846778,0.7364201423423146,-0.7577343855083633,-0.5138572734261788,0.0,6,-24.786063190929525,0.0
36.486753500001214,-29.6839513728529,0.6808814502467085,9.757234674112544,0.7342784201520733,-0.4931963383273163,-0.518082686458174,0.0,6,6.969453338651817,0.0
36.49620352900092,-29.97900361491953,2.5414286556148338,-8.28534245078913,0.7335595805491224,-0.5611007588566365,-0.523232319547628,0.0,6,-5.918101750563665,0.0
36.507769964000545,-30.412131326418972,4.420529637130893,-38.68882494748391,0.7330235920918647,-0.744190655144475,-0.5307918241949214,0.0,6,-30.396742860597783,0.0
36.51808123900082,-30.764923893190026,6.355349620133686,-20.397029865030326,0.7304816265670072,-0.47508441642693783,-0.5369492160616383,0.0,6,-30.396742860597783,0.0
36.527112764000776,-30.849970542172972,7.77613998288874,3.4250351348462744,0.7294205258054736,-0.1871014403397161,-0.5384335601041785,0.0,6,-14.569307046450234,0.0
36.537520300000324,-30.964045274297572,9.310016297384466,-6.715195390069249,0.7291272268923142,-0.24900816389353214,-0.5404245397730834,0.0,6,-4.796568135763749,0.0
36.547424108000996,-31.22352088302815,10.864490656795374,-31.73335538955956,0.7287548566030196,-0.4453640408779902,-0.5449532434740485,0.0,6,-29.090247754399513,0.0
36.55694203600069,-31.408571592126616,12.31960415012622,-26.5644883155838,0.7275759619986301,-0.2613514191050452,-0.548182987630967,0.0,6,-29.090247754399513,0.0
36.56733378399986,-31.353773038395673,13.58426411003967,-1.2890858160099716,0.7275372504959853,0.09884143597033823,-0.547226572443031,0.0,6,8.76182819126457,0.0
36.57750332199976,-31.32416039118039,14.802714982740728,-7.450656419850995,0.7276038907022914,-0.007723714695194624,-0.5467097342488927,0.0,6,-5.321897442750711,0.0
36.59084813499976,-31.461727504238127,16.16700177248894,-38.0705164190568,0.727295921610377,-0.21391625601004094,-0.5491107333142136,0.0,6,-30.136026260502447,0.0
36.601494784999886,-31.532988681700964,17.315242030509985,-31.09857389589537,0.7268738668828332,-0.063184730260366,-0.550354475489788,0.0,6,-22.21326706849669,0.0
36.611037791000854,-31.374627894669736,18.175650990830437,-6.005843893752299,0.7277834549034854,0.2998422660928064,-0.5475905583500436,0.0,6,6.777339593775395,0.0
36.620588411000426,-31.15972172749821,19.05304705327409,6.3456547613852425,0.7285828290944576,0.3142758417658486,-0.543839738150059,0.0,6,6.777339593775395,0.0
36.631093534000684,-31.141375337323257,19.977810130595667,-19.869302740521366,0.7282535229601248,0.013915824068364436,-0.5435195332356506,0.0,6,4.532610543846602,0.0
36.64189274800083,-31.142976053285267,20.85424658409781,-38.78687753659696,0.7282641442810056,0.0653174370932027,-0.5435474709995769,0.0,6,-27.70491252614069,0.0
36.65220437199969,-30.877179149740822,21.525769948468792,-12.631995033745714,0.7301627863598352,0.49443943220157927,-0.5389084398911206,0.0,6,7.021434207608024,0.0
36.66250733400011,-30.51311506502093,22.084360049717773,12.635024966937547,0.7317465735967207,0.5676458815734811,-0.5325543229244989,0.0,6,10.605991822553598,0.0
36.67250719399999,-30.38527039136279,22.712168924531202,-13.636865029740964,0.7310440535051651,0.18884721887228512,-0.5303230124380267,0.0,6,10.605991822553598,0.0
36.68313617000058,-30.279988885922315,23.29452636930003,-36.19518605890951,0.7315317952575049,0.25800027974683415,-0.528485503526634,0.0,6,-27.374392673913917,0.0
36.694015086000945,-29.904635185289756,23.673531499529226,-9.171836060237892,0.7344082849737747,0.68077643722165,-0.5219343455910508,0.0,6,-25.853704327792506,0.0
36.704286539999885,-29.4503429638828,23.952465379247347,13.193569382816408,0.736186446112582,0.7231067639906743,-0.5140054505613003,0.0,6,8.46173356400693,0.0
36.71499836200019,-29.23336141067039,24.302061657258207,-12.693060618152172,0.7353114781416004,0.3494209201843542,-0.5102184080416525,0.0,6,-27.594194518581595,0.0
36.72582048500044,-29.071815782933303,24.62605535928601,-39.11600311923752,0.735881226401181,0.36026828375522546,-0.5073989049454393,0.0,6,-31.085719320382275,0.0
36.73566337600096,-28.60689089488493,24.733310916347026,-13.86820062336841,0.7398099356378824,0.8532305821972259,-0.4992844348745291,0.0,6,9.276849337963597,0.0
36.74610660500002,-28.012463596103586,24.716777372537184,12.292434378901874,0.7425020212952784,0.958314629424842,-0.48890972134705857,0.0,6,15.981091131665007,0.0
36.756283614000495,-27.6950151060219,24.792953346757017,-13.51630562269196,0.7408722135328301,0.506923672521811,-0.48336919998964856,0.0,6,-27.284374996465043,0.0
36.76693319500009,-27.4325588384042,24.846110212140392,-39.599753119295144,0.741852039827189,0.5422076405943036,-0.47878847397722435,0.0,6,-28.307213881067902,0.0
36.7772738750009,-26.86518557736823,24.687533205425932,-13.335208119973629,0.7466563410621648,1.0255705590288753,-0.46888594248436943,0.0,6,10.934227013241141,0.0
36.78725990000021,-26.19335004825987,24.422910128038865,12.607131883010936,0.7492701914539815,1.0915472865244114,-0.4571602004695503,0.0,6,10.934227013241141,0.0
36.79765150500134,-25.805915964100144,24.25628316575957,-13.377468114162127,0.7472915273781617,0.6371964773366925,-0.4503982000665143,0.0,6,14.063804168540045,0.0
36.80820594299985,-25.49848461535245,24.083017815507617,-38.72638561617708,0.7481653665003916,0.6297684179334508,-0.4450325108070201,0.0,6,-33.676361376517576,0.0
36.8184794230001,-24.82724686125857,23.674340802259277,-12.882018115054905,0.7545107323127872,1.2224117340078413,-0.43331720193438983,0.0,6,12.260022233701058,0.0
36.82905600500089,-24.058862255771693,23.168260863538727,13.55541938508037,0.7569830935134799,1.2521992774924593,-0.41990636064700615,0.0,6,10.699467916645702,0.0
36.839172658999814,-23.56557687362112,22.757176340227147,-11.708798112271268,0.754855940486285,0.8337995776025414,-0.4112969065765202,0.0,6,-27.563030288734847,0.0
36.849081844000466,-23.065952678256863,22.299217082259183,-31.515025856501765,0.7570862296762275,0.9561450082367955,-0.4025768193447865,0.0,6,-27.563030288734847,0.0
36.85990410600061,-22.267597144571404,21.64685371645954,-5.500735854989203,0.7635426408049414,1.4147612677682209,-0.38864288668045877,0.0,6,9.76902305407991,0.0
36.87041118200068,-21.436961904737185,20.93585270720733,3.805386906637207,0.7652869128867779,1.3813988972092255,-0.37414556686225886,0.0,6,2.7181335047408623,0.0
36.88110896299986,-20.808458573080063,20.285803545243926,-22.66820059318511,0.7639739839715451,1.0918978769494407,-0.36317611436508823,0.0,6,-24.84765185248105,0.0
36.89334516700001,-20.15234576222011,19.583473967576104,-27.779367939476707,0.7666992793850674,1.216763152453109,-0.35172478555106723,0.0,6,-24.84765185248105,0.0
36.90582607500073,-19.218052604822148,18.7054085704652,1.2853295613945548,0.7738108078219801,1.649105697967582,-0.33541829377561916,0.0,6,9.26655279991941,0.0
36.91657184600081,-18.17766358584368,17.738338349673384,17.536357240771146,0.7774948583084563,1.7520041562640474,-0.3172600798928511,0.0,6,12.525969457693677,0.0
36.92607496100027,-17.369126770379648,16.850479511948443,-7.008875259032968,0.7744656488228451,1.374642581208536,-0.30314845033941396,0.0,6,-21.31771520180071,0.0
36.936284454001,-16.638636468514363,15.968517651372165,-32.71946775834137,0.7756875114535157,1.352535978888033,-0.2903989894179775,15.968517651372165,7,-56.41747003471558,0.0
36.94600460900074,-15.430821964470889,14.823555333351765,-7.222805256731835,0.7908472252139771,2.246792126737966,-0.2693186495690765,15.968517651372165,7,-56.41747003471558,0.0
36.956866131000425,-13.734454192608656,13.41169978579563,19.05728474417786,0.8062175509656019,2.8564676974900247,-0.23971144662536048,15.968517651372165,7,57.660198781917046,0.0
36.96712934199968,-12.486855162267416,12.187025317642803,-6.646322753966405,0.7913550896718714,1.9897902937719807,-0.2179367358012172,15.968517651372165,7,-4.028459213629191,0.0
36.97730788800072,-11.876491622621101,11.242782412531817,-31.975157753493722,0.7817566752252063,1.157214616811542,-0.20728388240026208,15.968517651372165,7,-64.81766321249475,0.0
36.98746107700026,-10.802945400888186,10.05619928215672,-23.671445786358124,0.7950053718600563,2.071209492974214,-0.1885469661586776,15.968517651372165,7,-16.908175561684374,0.0
36.9975823420009,-9.054180746599549,8.527439763523914,2.319616711820385,0.8161391164298555,3.009502965365229,-0.15802526509884052,15.968517651372165,7,-16.908175561684374,0.0
37.00810639300107,-7.540854748006343,7.089849826585335,8.241364800440312,0.805716093254434,2.4652459248327907,-0.131612743767358,15.968517651372165,7,5.886689143171651,0.0
37.01825434300008,-6.534598697863557,5.874867232051507,-16.82516269572447,0.7951640216752154,1.7967554558667485,-0.11405026257425321,15.968517651372165,7,-48.598215233121095,0.0
37.02844923500015,-5.242877495756475,4.512716495705028,-6.636625973788665,0.8065275301359838,2.4170858566584417,-0.09150547457966551,15.968517651372165,7,-4.740447124134761,0.0
37.03823023500081,-3.4879118418169193,2.921448641063452,18.803801529083234,0.8202656769260727,3.0080116632985896,-0.06087554565900488,15.968517651372165,7,35.61151420631734,0.0
37.04856595599995,-1.9866159643455308,1.4387276284624713,-6.898410967897559,0.809459681503053,2.4947711664726415,-0.03467298955051179,15.968517651372165,7,-5.801335886646513,0.0
37.05888134900124,-0.7920580094736733,0.09268797918378911,-32.65510846848052,0.8032884428452405,2.1520883323664783,-0.01382402013210804,15.968517651372165,7,-33.39294684061616,0.0
37.06909181900119,0.7050331856020167,-1.3983749803621497,-7.265325968893066,0.814219414753391,2.7133522781039523,0.01230515042457947,15.968517651372165,7,10.93218038860573,0.0
37.07879004000097,2.4267779621818404,-2.9964256761117034,17.70602403450461,0.8186261106285844,2.923099153188229,0.042355265654911545,15.968517651372165,7,10.93218038860573,0.0
37.089413285000774,3.7404086650367647,-4.403553435306423,-7.094836989210364,0.8030028054327221,2.1816664069901943,0.06528244657501725,15.968517651372165,7,-5.067740706578832,0.0
37.09980076899956,4.72844987461863,-5.654866615089755,-32.775044489255436,0.796419855681103,1.7996776461287296,0.08252701882760816,15.968517651372165,7,-26.03155332790621,0.0
37.11025740900004,5.977612541213548,-7.022457887991439,-6.83637448838641,0.8031189345403139,2.2612245481587334,0.10432902025268165,15.968517651372165,7,18.953159911076455,0.0
37.12040899100066,7.411381550463497,-8.469095822668264,18.215658013275913,0.8046447232367162,2.4043193537574847,0.12935301017715028,15.968517651372165,7,42.21070023363188,0.0
37.1302739570001,8.375586123707436,-9.68522771798418,-7.800901986967856,0.7905676732650417,1.5774044808659342,0.14618155464304383,15.968517651372165,7,42.21070023363188,0.0
37.14110984200124,9.073923195249632,-10.763662757877853,-33.78253448482798,0.7868979301011486,1.3236830038504226,0.15836983583019038,15.968517651372165,7,-26.10274079620882,0.0
37.15139296199959,10.123027934489983,-11.993719432350264,-8.206061981411095,0.7931645965751379,1.902185399460303,0.17668016772821105,15.968517651372165,7,28.608961439756058,0.0
37.16130577900003,11.232170052152592,-13.23694889048733,16.972408014396876,0.7904534759976038,1.8144922042956089,0.19603834955396593,15.968517651372165,7,32.22407227539759,0.0
37.171798744000625,11.874248619309977,-14.241057818759446,-8.973421988059327,0.780927340996022,1.0634950969801278,0.20724473460734982,15.968517651372165,7,-20.38173099437843,0.0
37.18206551700132,12.417999704430516,-15.179085481557125,-19.918886048993592,0.7801468452080483,1.0638530677652327,0.21673498135399516,15.968517651372165,7,-14.227775749281136,0.0
37.19252746600068,13.301866597230372,-16.25923309309476,6.233368950949078,0.7840881111900736,1.5664978937598608,0.23216136878272442,15.968517651372165,7,34.89749128893152,0.0
37.20281680300104,14.177134519361934,-17.3139529817054,32.13990644943478,0.7806967188744047,1.4007122456007015,0.2474376758610095,15.968517651372165,7,30.805069701333707,0.0
37.21327113799998,14.566995106090262,-18.112363018053006,6.0040689475376,0.7738123586205679,0.6376451694628074,0.25424202672317575,15.968517651372165,7,-25.20662295190745,0.0
37.2236629529998,14.92118905647727,-18.868913346915686,-15.58134442201983,0.7737930336761709,0.7457211935511222,0.2604238773480745,15.968517651372165,7,-11.129531730014165,0.0
37.234160179001265,15.643306755955038,-19.777797693515055,10.609155575918047,0.7767045269867057,1.2687990060054903,0.2730272087908885,15.968517651372165,7,39.52247076672053,0.0
37.24483302200133,16.233339461788198,-20.596791481987236,23.646538515024435,0.7723958307830034,0.9000492544687055,0.2833252222021283,15.968517651372165,7,16.89038465358888,0.0
37.255010450000555,16.406634747119515,-21.186125100916033,-2.1489289848228568,0.7692078282062803,0.3105867400604694,0.2863497955093428,15.968517651372165,7,-26.79668368498031,0.0
37.26531159300066,16.689913776370414,-21.800398618427884,3.912927119004294,0.7697470230437548,0.6077894000848478,0.2912939472716243,15.968517651372165,7,2.7949479421459245,0.0
37.275109009000516,17.257465614967877,-22.52438895652325,29.205959618580223,0.7707796896042343,0.9545979018876585,0.3011995955308975,15.968517651372165,7,38.62888006554411,0.0
37.28588363000017,17.584275373845866,-23.1016140601406,5.679945731710492,0.7673242346567353,0.4635913176580389,0.30690350185096715,15.968517651372165,7,4.057104094078923,0.0
37.29599525500089,17.606639017230584,-23.499485400638182,-20.363506771762015,0.7664477242126957,0.08581516814696702,0.3072938210607723,15.968517651372165,7,-23.19471607140686,0.0
37.306023613000434,17.83188021420157,-23.965546331907333,4.962533227764967,0.7668633398327506,0.4781653971121235,0.3112250215590491,15.968517651372165,7,14.339222553243275,0.0
37.31662799700098,18.228673412896587,-24.48467826790455,31.053315726378372,0.7666783509108781,0.626637709580254,0.3181503693257972,15.968517651372165,7,33.01378834904803,0.0
37.327429443001165,18.32981261958546,-24.827268360280346,4.7692107247279125,0.7649327944466348,0.10295319501124933,0.31991558148537313,15.968517651372165,7,-5.710442335622226,0.0
37.33765269700052,18.2530128471294,-25.050051465704843,-21.282801774621163,0.7650722228154332,-0.06470709304175894,0.31857517259123247,15.968517651372165,7,-16.00292340952023,0.0
37.34812652100118,18.415787464134638,-25.35800685505701,4.928128225540007,0.7651516502003954,0.3342328296951776,0.32141612559664656,15.968517651372165,7,22.023107056584003,0.0
37.35823060199982,18.63311178024039,-25.66056262549843,31.132773226229205,0.7645914057490434,0.29978105059520355,0.3252091504573369,15.968517651372165,7,22.023107056584003,0.0
37.36922603600033,18.55142045911511,-25.783392952433537,5.01928823009834,0.764540161486566,-0.18017465465336935,0.3237833679333968,15.968517651372165,7,-11.449393452508545,0.0
37.37929756400081,18.409966389165515,-25.84358381105111,-10.11790938789219,0.7648344555826659,-0.17106968922774102,0.32131452867242993,15.968517651372165,7,-7.227078134208707,0.0
37.3896666060009,18.49604599694375,-25.982727197873672,16.129348113489492,0.7646410486806954,0.16602315992101063,0.3228169012469855,15.968517651372165,7,25.403847650117605,0.0
37.39988909100066,18.535422168610804,-26.06637552628325,21.510038312677043,0.7644455301206392,-0.00968751468241752,0.32350414508940606,15.968517651372165,7,25.403847650117605,0.0
37.410504094001226,18.31307652300622,-25.98845978743026,-4.2889216877523175,0.7655449726953467,-0.3932382026561641,0.3196234814961336,15.968517651372165,7,-13.181777962332689,0.0
37.4207332850001,18.12474263835678,-25.894171300421608,1.8001475082165979,0.7655993926528749,-0.25966313213889575,0.3163364351159297,15.968517651372165,7,1.2858196487261413,0.0
37.43111916199996,18.117055024232876,-25.856102490367977,27.561210010386404,0.7653487988147911,-0.026127476639679147,0.31620226093784476,15.968517651372165,7,24.904891018072053,0.0
37.4413342429998,17.98965673251794,-25.727269280640126,9.794701097140853,0.7659495766515152,-0.28858088203101834,0.3139787412860029,15.968517651372165,7,6.996215069386324,0.0
37.451253066999925,17.663375012051382,-25.468693336789368,-15.74527140119543,0.7675103248818232,-0.5499487784961078,0.3082840509747897,15.968517651372165,7,-11.650196432175242,0.0
37.46156985699963,17.432168430141786,-25.224616195292228,9.754883600996175,0.7672685585372505,-0.350212301343785,0.30424873486818527,15.968517651372165,7,8.157879358655439,0.0
37.472116541001014,17.31603610626983,-25.005586012516623,30.10907657606246,0.7672363293886685,-0.23498182888724523,0.30222184344862724,15.968517651372165,7,21.506483268616044,0.0
37.482105570001295,17.040313900895573,-24.677813022386403,4.553389077935815,0.7686915107081683,-0.5287580277637712,0.29740958314398647,15.968517651372165,7,0.5806025951311398,0.0
37.49221796300117,16.63842364304776,-24.257699134140875,-11.186029372732339,0.7701496235101352,-0.6669162246523482,0.2903952749128531,15.968517651372165,7,-7.990020980523099,0.0
37.502447992999805,16.346216515771825,-23.860748096447455,14.346608128141197,0.7698441770408159,-0.47579935549272556,0.28529529844409396,15.968517651372165,7,10.836176485630894,0.0
37.51286034500117,16.111760639451923,-23.462548161499846,23.39023730047186,0.7701818590361749,-0.4456633060618774,0.281203271451663,15.968517651372165,7,16.7073123574799,0.0
37.522992158001216,15.731891066744357,-22.964928182874708,-0.8665209363726177,0.7720255519641823,-0.6936265957288468,0.27457329667977204,15.968517651372165,7,-0.6189435259804412,0.0
37.53320332700059,15.24720543355063,-22.38795066995065,-10.83528355571443,0.7736298673328476,-0.8127557659263259,0.26611393654342796,15.968517651372165,7,-7.739488254081735,0.0
37.54326339799991,14.875935048165378,-21.837963817271234,14.128906441548589,0.773168757935007,-0.6165304212726701,0.2596340459033071,15.968517651372165,7,11.1073749545683,0.0
37.55357117700078,14.553061131015346,-21.284556881684356,21.55964050738857,0.7736574592449849,-0.6015554257520467,0.25399883298022763,15.968517651372165,7,15.399743219563263,0.0
37.56387916499989,14.075848975855685,-20.630620644934663,-3.942112379492048,0.7759731683423127,-0.8595244088071964,0.24566990964215352,15.968517651372165,7,-2.815794556780034,0.0
37.57414789500035,13.539355308168897,-19.922417919262713,-5.092486698853915,0.7771361438289729,-0.9001663695985195,0.23630632872491875,15.968517651372165,7,-3.637490499181368,0.0
37.58440677500039,13.077024269410705,-19.176112634726568,20.451503301333563,0.776640513233821,-0.7100545902960353,0.2282371298644228,15.968517651372165,7,14.622502490704377,0.0
37.5941299340011,12.666312842484635,-18.528672620129168,10.950993389611265,0.7779706639014322,-0.824659596869366,0.22106886318899877,15.968517651372165,7,7.822138135436617,0.0
37.60475702199983,12.080934257492277,-17.72571015549517,-4.977966806179128,0.780279256063406,-1.0210000312090866,0.21085207951021667,15.968517651372165,7,-3.5556905758422346,0.0
37.61484587400082,11.48571743326018,-16.89571090187182,1.2003346533064503,0.7810197654239385,-1.0096808631325784,0.2004635861641022,15.968517651372165,7,0.857381895218893,0.0
37.624999691000994,10.964666133579895,-16.079801730473655,16.40254262193569,0.7809572063091593,-0.9111255254577063,0.19136952541288554,15.968517651372165,7,11.716101872811208,0.0
37.63530607299981,10.394658104870913,-15.220542339793363,9.799519673148087,0.7825686851550876,-1.0257481919011413,0.18142100854911147,15.968517651372165,7,6.99965690939149,0.0
37.64531731600073,9.708979758617547,-14.287154729003475,-2.755035505543043,0.7849188190678021,-1.197825586951052,0.1694536637973605,15.968517651372165,7,6.99965690939149,0.0
37.65599511800065,9.016776129744976,-13.332342947049098,3.0853922025376335,0.7855875687525066,-1.1870819190681066,0.15737243137928125,15.968517651372165,7,2.2038515732411668,0.0
37.665680905000045,8.366598673914039,-12.380325440755504,12.525840341753883,0.7858216474073654,-1.1399377980686045,0.1460246940527914,15.968517651372165,7,2.2038515732411668,0.0
37.67634941600045,7.665448947697662,-11.388461656119057,6.700053715221145,0.7874966480163261,-1.245311824447533,0.1337873227808588,15.968517651372165,7,4.785752653729389,0.0
37.686727328000416,6.879584035560599,-10.341965997307284,-1.15573670878984,0.7894890139534448,-1.3706075212330315,0.12007139258817112,15.968517651372165,7,-0.8255262205641714,0.0
37.6969614059999,6.087823900468637,-9.279120890927068,3.3824117267802483,0.7900811058302729,-1.3687625789613087,0.10625257134478128,15.968517651372165,7,2.4160083762716056,0.0
37.707290697000644,5.314531917864116,-8.212767551516741,8.910707054463842,0.7904608144725667,-1.3553273215062218,0.09275608016905768,15.968517651372165,7,6.364790753188458,0.0
37.71797408400016,4.4092216510500055,-7.0017424667525265,3.6353707946717067,0.7921282413656634,-1.4568451986257147,0.07695543526104309,15.968517651372165,7,2.5966934247655047,0.0
37.72791574800067,3.614474981804672,-5.977094048467052,-0.2623043032647672,0.7934416196397145,-1.534777557398445,0.06308448916345366,15.968517651372165,7,-0.18736021661769087,0.0
37.737618297000154,2.729324073933807,-4.829938079460545,3.1390535655329925,0.7938191737306447,-1.5382050062327983,0.04763569144409008,15.968517651372165,7,-0.18736021661769087,0.0
37.74828966899986,1.844794506707384,-3.6764773601323837,5.5729280577484985,0.7942018909991025,-1.549618731968598,0.03219773816474847,15.968517651372165,7,3.9806628983917847,0.0
37.758148414999596,0.9209873087055312,-2.4996029030936238,2.2658051824395726,0.7952583620496344,-1.620883669464824,0.016074260905992954,15.968517651372165,7,3.9806628983917847,0.0
37.76899603200036,-0.04380746524244244,-1.3000059378288533,-0.681472511182261,0.7961244608451311,-1.6826003344212876,-0.0007645845054335965,15.968517651372165,7,-0.4867660794159008,0.0
37.77896899100051,-1.0147987832660956,-0.09548265097357649,-6.58806730714029,0.7961672978847915,-1.6903286831931383,-0.017711580013225703,15.968517651372165,7,-4.705762362243064,0.0
37.78895976300009,-1.9435115432846632,1.0897064949975348,-4.331058750675453,0.7949062219097051,-1.6071675692962994,-0.03392067548083366,15.968517651372165,7,-4.705762362243064,0.0
37.7992478390006,-2.8066969049640553,2.2430054946878717,-0.1043284392991211,0.7933841558318396,-1.504565610595089,-0.04898610209715715,15.968517651372165,7,-0.0745203137850865,0.0
37.80904769600056,-3.64671984427191,3.382560016472489,-2.6553822696812066,0.7926744661347119,-1.472158203649085,-0.0636472681803597,15.968517651372165,7,-1.8967016212008616,0.0
37.8191961320008,-4.481506545155242,4.515259838162105,-6.883634007067571,0.7920469635334428,-1.4531590475428424,-0.0782170446626349,15.968517651372165,7,-1.8967016212008616,0.0
37.82978828799969,-5.278821091374686,5.624573567767338,-6.080564341571341,0.7907594599763592,-1.380553963888069,-0.09213280866820872,15.968517651372165,7,-4.343260243979529,0.0
37.84034810100093,-6.014159612969923,6.697542448780365,-2.2908277628931217,0.7891855644426116,-1.279191269634326,-0.10496688698679302,15.968517651372165,7,-1.6363055449236583,0.0
37.850561642000685,-6.716581315813464,7.7463546239908085,-3.792277042124255,0.7881596623689946,-1.2301183822943706,-0.11722645843887802,15.968517651372165,7,-2.708769315803039,0.0
37.86032664100094,-7.407937794832785,8.77997136077578,-8.445075632088953,0.7873207996630145,-1.2037484204313134,-0.12929290530276027,15.968517651372165,7,-2.708769315803039,0.0
37.870982505999564,-8.05431575299123,9.781210248159987,-6.359897200616399,0.7859153858559002,-1.1164834738281164,-0.14057432888494326,15.968517651372165,7,-4.542783714725999,0.0
37.88128315600079,-8.638946519658797,10.740910867329498,-2.7067503819605463,0.7844966986854816,-1.0184142387915498,-0.15077806067175104,15.968517651372165,7,-1.9333931299718188,0.0
37.89160539099976,-9.198397077679664,11.675127607924402,-5.584745310959079,0.7836038795000998,-0.9810522512948106,-0.16054231491133475,15.968517651372165,7,-3.989103793542199,0.0
37.90158645300107,-9.743760995926667,12.588055247327901,-8.835667390042307,0.7827229921282874,-0.9465147555610609,-0.17006071090632213,15.968517651372165,7,-3.989103793542199,0.0
37.91216903900022,-10.240775640204474,13.462477653241642,-5.881130136703836,0.7814918366937709,-0.8577631413709258,-0.17873525287959824,15.968517651372165,7,-4.200807240502741,0.0
37.922482543001024,-10.686375515686983,14.295920634378131,-3.603884184965256,0.7804168212371726,-0.77817836849851,-0.18651243785324478,15.968517651372165,7,-2.574202989260897,0.0
37.93277040900102,-11.112084137291358,15.102414711153884,-6.521826707181328,0.7796700593737111,-0.7461165729027035,-0.1939424549543678,15.968517651372165,7,-4.658447647986662,0.0
37.94303396600117,-11.521265215571391,15.88275110750714,-8.81835134713452,0.7789009536027235,-0.7084422413197149,-0.20108401200721504,15.968517651372165,7,-6.298822390810372,0.0
37.95348201100023,-11.884519082999963,16.622157897030558,-5.887510068345466,0.7779566564715412,-0.6260755142420387,-0.20742398801444661,15.968517651372165,7,-4.205364334532476,0.0
37.963661531999605,-12.201227234363493,17.319558181527807,-3.811677302085804,0.7771642570987248,-0.5540840274800048,-0.21295158802364478,15.968517651372165,7,-2.7226266443470024,0.0
37.97389491099966,-12.506140971708247,17.990842865735225,-7.665170890523163,0.7766356076502948,-0.5352942102508963,-0.21827333667487192,15.968517651372165,7,-5.475122064659402,0.0
37.98414833900097,-12.798036591344031,18.63485418183035,-9.867853700643371,0.7760583192399927,-0.5016806079829194,-0.22336787630966537,15.968517651372165,7,-7.04846692903098,0.0
37.9943170330007,-13.037650487132252,19.23224851213254,-5.192512826919509,0.7753556949571417,-0.40956349442235773,-0.2275499277247004,15.968517651372165,7,-3.7089377335139346,0.0
38.00420791200122,-13.231498386077519,19.785565988167246,-3.063658858611177,0.774853143938733,-0.3428193807661313,-0.23093321180936854,15.968517651372165,7,-2.1883277561508407,0.0
38.01429634099986,-13.426925274081,20.31702855696066,-8.829089035562518,0.7745523282674688,-0.3456337180432656,-0.2343440544519555,15.968517651372165,7,-6.306492168258941,0.0
38.024607819001176,-13.608427851893895,20.818863089751,-9.84591690676231,0.774159317101531,-0.3063482118565166,-0.23751187203564772,15.968517651372165,7,-7.032797790544507,0.0
38.034902601000795,-13.73398211738835,21.270528531123002,-5.148934833822046,0.7737605255293076,-0.21203643347434722,-0.23970320735844908,15.968517651372165,7,-3.677810595587175,0.0
38.04483511400031,-13.822852570612309,21.68089953540861,-4.765174750873771,0.7735377259121555,-0.15968531558522475,-0.24125428937494675,15.968517651372165,7,-3.677810595587175,0.0
38.05566743300005,-13.908164934291467,22.065647513834705,-8.878012522729344,0.7733855062382167,-0.14982993366880465,-0.24274327101380688,15.968517651372165,7,-6.341437516235246,0.0
38.06578436299969,-13.970932370151445,22.415492085582713,-8.863427917676066,0.7732328499530422,-0.100865557323628,-0.24383876943259786,15.968517651372165,7,-6.331019941197191,0.0
38.07603967700015,-13.984958445214078,22.717665221059107,-5.2809672150406595,0.7731705249063949,-0.019833877880189043,-0.24408357062357267,15.968517651372165,7,-3.772119439314757,0.0
38.08631315400089,-13.96971051866587,22.981381774314368,-5.556310387260273,0.773196327301518,0.023197953686904582,-0.2438174441012042,15.968517651372165,7,-3.9687931337573374,0.0
38.09662379300062,-13.947055799923682,23.21712488370828,-8.571473859567623,0.7732380745526564,0.040230158079686745,-0.24342204466803974,15.968517651372165,7,-6.122481328262587,0.0
38.106677435000165,-13.899131013231184,23.416339065845744,-8.005008129047194,0.7733436198199727,0.09088839041095416,-0.24258559934693968,15.968517651372165,7,-6.122481328262587,0.0
38.117424321000726,-13.809322197930214,23.57106482069359,-5.362691792309559,0.773560032675539,0.1598244146981616,-0.24101813982262232,15.968517651372165,7,-3.8304941373639707,0.0
38.12746217499989,-13.69519731835915,23.689812919965075,-5.964119026455529,0.7737987378517508,0.19689745160310884,-0.23902628491566524,15.968517651372165,7,-4.260085018896806,0.0
38.137502405001214,-13.570354775005857,23.779279065851174,-8.06030414878619,0.7740380529973754,0.2195827987187308,-0.2368473714875865,15.968517651372165,7,-5.757360106275851,0.0
38.14741424000022,-13.419251387318733,23.832212917875133,-7.227597726368766,0.7743775010718145,0.269640104777278,-0.23421011986152873,15.968517651372165,7,-5.757360106275851,0.0
38.158087498000896,-13.232186668962894,23.84417693273763,-5.345170703519783,0.7748137883947236,0.3285665546774563,-0.23094522461190348,15.968517651372165,7,-3.817979073942702,0.0
38.168360904999645,-13.024015332901563,23.82255769036743,-6.0408644156187625,0.7752300788944204,0.36204193923954947,-0.22731194938935761,15.968517651372165,7,-4.314903154013401,0.0
38.17841803900046,-12.802511336643747,23.77142209340151,-7.402105969994451,0.7756495300205121,0.38882330250458197,-0.22344597534833355,15.968517651372165,7,-5.2872185499960365,0.0
38.18873238100059,-12.554988870362209,23.685078304666675,-6.494925486696866,0.7761799050175795,0.4367606793560807,-0.21912589333906407,15.968517651372165,7,-4.639232490497761,0.0
38.19910400400113,-12.276491145195825,23.561549712795895,-5.190598668294084,0.7767778062566769,0.48755930014127236,-0.21426519107559638,15.968517651372165,7,-3.707570477352917,0.0
38.208824366000044,-11.978904967652399,23.40695675360259,-5.826823964203591,0.7773322684918805,0.5189263826681332,-0.2090713324690392,15.968517651372165,7,-3.707570477352917,0.0
38.21945110100023,-11.666870249328264,23.224018900940774,-6.75057114990644,0.7778900746571077,0.5470595545280559,-0.20362529925374995,15.968517651372165,7,-4.821836535647456,0.0
38.22975887600114,-11.329396069118529,23.00803540952206,-5.760838609573331,0.7785605744533248,0.5930602310512721,-0.19773526366862137,15.968517651372165,7,-4.114884721123808,0.0
38.24014461000115,-10.964362592823436,22.75855125308757,-4.771757887687446,0.7792659612257683,0.6381532750102055,-0.19136422762727134,15.968517651372165,7,-3.4083984912053182,0.0
38.250383997001336,-10.582196279150882,22.481125631247426,-5.377850119383411,0.7799054593690634,0.6669365518167012,-0.18469416716347586,15.968517651372165,7,-3.841321513845294,0.0
38.2607294240006,-10.184611359389057,22.177228022315937,-5.851030542068802,0.7805568693169448,0.6963948966888727,-0.17775500125735455,15.968517651372165,7,-4.179307530049144,0.0
38.27115211199998,-9.76345490058955,21.843672757970158,-4.984953496554128,0.781296457762975,0.7382201744608229,-0.17040443438526331,15.968517651372165,7,-3.5606810689672344,0.0
38.28145471800053,-9.318632542523945,21.48111674630603,-4.3053606746269635,0.7820381206593793,0.7772676478358829,-0.16264081965053334,15.968517651372165,7,-3.0752576247335455,0.0
38.291622643000665,-8.857806200629247,21.093928622070855,-4.708605827695391,0.7827102270916083,0.8047008757649498,-0.15459788270454977,15.968517651372165,7,-3.363289876925279,0.0
38.3021895109996,-8.381437910753737,20.683114173129034,-4.872506030426151,0.7833889240453179,0.8336531144564262,-0.14628368759412735,15.968517651372165,7,-3.480361450304393,0.0
38.31228723200002,-7.884044976848776,20.246897017618476,-3.9396013560410323,0.7841224012076511,0.870557901349545,-0.13760254322133125,15.910569194269003,7,-2.8140009686007375,0.0
38.32251921399984,-7.36764789089943,19.78706056879774,-3.472610620964963,0.7848122369636871,0.9016648171915589,-0.128589713823811,15.853494671579742,7,-2.4804361578321164,0.0
38.33277662399996,-6.838948528198604,19.307628328468624,-3.836130911363918,0.7854173845482685,0.9232270766097239,-0.1193621691914859,15.796482240500806,7,-2.7400935081170843,0.0
38.34343367499969,-6.296939799028563,18.809029040624107,-3.761097157051026,0.7860275660042912,0.9480226518912813,-0.10990233229291846,15.739214473876126,7,-2.6864979693221613,0.0
38.35343324899986,-5.737424895951864,18.290209782390505,-3.018873310060494,0.7866625538014859,0.9783005891162269,-0.1001369550202531,15.682434469136055,7,-2.156338078614638,0.0
38.36381108900059,-5.162742692267865,17.753204077753992,-2.638306720450868,0.7872352029831822,1.0033844601767832,-0.09010685841335064,15.625555624860047,7,-1.8845048003220484,0.0
38.37407485600124,-4.577650029208754,17.2012079052436,-2.7647516808024166,0.7877236469167056,1.0216859731094305,-0.07989506501370736,15.569406464206534,7,-1.9748226291445832,0.0
38.38398410700029,-3.9816430496626207,16.6349775367532,-2.5670389341601294,0.7881934104694048,1.0416966213127505,-0.06949278085576083,15.51358849713278,7,-1.9748226291445832,0.0
38.39428196300105,-3.372562662502006,16.054508604589294,-1.9564411911290904,0.7886506045788526,1.064212947961635,-0.0588623226904863,15.457777957603724,7,-1.8335992386858067,0.0
38.404959133000375,-2.7526582950002463,15.461873819552832,-1.590831482348352,0.7890315767594567,1.0821672472831205,-0.04804295043008766,15.401794427341908,7,-1.1363082016773944,0.0
38.41515255500053,-2.125153454009845,14.859622940881808,-1.6767178029224228,0.7893302957681945,1.0954661527174079,-0.037090924882601684,15.401794427341908,7,-1.1976555735160161,0.0
38.42492111700085,-1.4898574896040062,14.248728936725247,-1.4443111346481687,0.7895952102356638,1.1099396086163447,-0.026002918579087098,15.401794427341908,7,-1.1976555735160161,0.0
38.43519005300004,-0.8449571337776477,13.629417349819391,-0.8066859297768559,0.7898322957330095,1.1263841489279804,-0.014747284022634144,15.401794427341908,7,-1.0316508104629776,0.0
38.44587190400125,-0.19294304896802014,13.003933268351794,0.6891220179161109,0.7899766141868204,1.1378531421592641,-0.0033674914733285988,15.401794427341908,7,0.4922300127972221,0.0
38.456032983000114,0.4562735831478489,12.377999006349425,3.1695896144709934,0.7899003098484513,1.1305697887872288,0.007963476315802076,15.401794427341908,7,2.2639925817649953,0.0
38.46623597500002,1.0816187223971658,11.762561062816387,2.9321373429969015,0.7894411806058479,1.0852532704231406,0.01887780795704508,15.401794427341908,7,2.094383816426358,0.0
38.476242464999814,1.670405086014561,11.164668148458931,1.2332202377795853,0.7888350780712576,1.024918088925052,0.02915406859301317,15.345866413357315,7,2.094383816426358,0.0
38.48689155300053,2.23621253609633,10.579076270712562,2.054211689786817,0.7884122956273898,0.9888283494562625,0.039029271529253506,15.290542577654275,7,1.4672940641334407,0.0
38.49720687300032,2.7883916766604933,10.002437526919271,3.9102174787063944,0.7880347320550901,0.9616818823772126,0.04866661559293073,15.23593446370086,7,2.7930124847902817,0.0
38.507407349999994,3.313550133078697,9.44198362299221,3.352163931871476,0.7874656247897934,0.9112695637527918,0.05783235975211953,15.181203628345626,7,2.394402808479626,0.0
38.51736661799987,3.804610884825811,8.901991067334865,2.114443389538121,0.7868603640782648,0.8551552511890261,0.06640298669742517,15.126254058707023,7,2.394402808479626,0.0
38.528197749001265,4.274349385448353,8.377413380574888,3.1231226561341487,0.7864013708235597,0.820486430419848,0.07460147015666996,15.071227122023057,7,2.2308018972386776,0.0
38.53779376800048,4.727585460104336,7.866851465117712,4.433684563774844,0.7859507419994362,0.7883141616186307,0.0825119319482317,15.018427752188588,7,2.2308018972386776,0.0
38.54794946900074,5.152329489754185,7.37673763439568,3.6438452817641407,0.7853857012501484,0.7367511109465514,0.08992511374380996,14.964907490576321,7,3.16691754555346,0.0
38.55879883200032,5.546064534530376,6.9090562393764205,2.840608879835648,0.7848452726236409,0.6859606621537001,0.0967970866556418,14.910404576181937,7,2.0290063427397484,0.0
38.56868042000133,5.920294895411922,6.459171185657736,3.9306783968241805,0.784413603957635,0.6531711984956183,0.10332863861395136,14.856591577422712,7,2.0290063427397484,0.0
38.57891365999967,6.2760855633559585,6.027274874349646,4.7420619549883725,0.7839750708437776,0.6178295432343912,0.10953835721744465,14.803630611829172,7,2.807627426302986,0.0
38.589148367000234,6.603298001279763,5.618787140355544,3.843639730699184,0.7834842527372752,0.5673130173649865,0.1152492916126926,14.750465738108298,7,3.3871871107059803,0.0
38.599480451999625,6.902960031104835,5.233865557330952,3.433857259374658,0.7830465504678976,0.5222560345590113,0.12047938067634956,14.696973192546329,7,2.745456950499417,0.0
38.6102579340004,7.184714280202465,4.868565961861025,4.495789887215216,0.7826839830625895,0.4911892140594315,0.12539692000458746,14.643893476303496,7,3.211278490868011,0.0
38.62019456800044,7.446770998362269,4.52426097609164,4.867392674252066,0.7823151163580703,0.45407532162617065,0.12997067256344685,14.590779542357968,7,3.211278490868011,0.0
38.630497104000824,7.681643093955024,4.204978262095086,4.052522389203823,0.7819409310097768,0.40690865051505276,0.1340699639525993,14.538205714300467,7,3.4767090530371902,0.0
38.6411833559996,7.8920815955088175,3.9098999008092354,3.889836954904912,0.7816210511253304,0.3666359803861496,0.1377428086776762,14.485812437152907,7,2.778454967789223,0.0
38.65116455700081,8.08537070275785,3.6360202059196927,4.659142120733488,0.781351959702566,0.3363673610488426,0.14111634000741224,14.485812437152907,7,3.327958657666777,0.0
38.66128756600119,8.259309024218561,3.384753393161598,4.7906803428647375,0.7810918070335414,0.30073088664761516,0.14415213641229396,14.485812437152907,7,3.42191453061767,0.0
38.67158060099973,8.4089092941294,3.1588016022114402,4.142215228523452,0.7808494172852669,0.2587817842261039,0.1467631536841103,14.485812437152907,7,2.958725163231037,0.0
38.68187559299986,8.536888746243177,2.9572039613854235,4.501662026149455,0.7806509211107495,0.222777450793643,0.14899681649839414,14.485812437152907,7,3.215472875821039,0.0
38.691739784000674,8.646884735442907,2.7785177122903906,5.233705356773375,0.7804842368106275,0.18998572789602547,0.15091660867391754,14.485812437152907,7,3.215472875821039,0.0
38.70231712799978,8.733174482381877,2.6256769735869443,4.925793773017,0.7803373918864748,0.14732816364468912,0.15242264886871526,14.485812437152907,7,3.5184241235835714,0.0
38.713148954000644,8.79307344426044,2.500156624895192,4.347258311950941,0.7802302942553091,0.10274107245765136,0.15346808297202275,14.485812437152907,7,3.105184508536386,0.0
38.7229564219997,8.831540629115414,2.3997812700094583,4.537259287479059,0.780165363220226,0.06643000651342412,0.15413946200171535,14.485812437152907,7,3.240899491056471,0.0
38.733194898000875,8.85222162582534,2.322944174823187,5.112439823266084,0.7801306596685563,0.034347666901812415,0.1545004134868977,14.485812437152907,7,3.6517427309043455,0.0
38.74316540899963,8.850988580183424,2.27166930002216,4.8977772247466715,0.7801273416252651,-0.0050390061137619594,0.15447889278061888,14.485812437152907,7,3.6517427309043455,0.0
38.7534850560005,8.82531215163765,2.2471986620992808,4.383488680368177,0.7801629596221856,-0.04664060828219547,0.15403075456234205,14.485812437152907,7,3.49841230339048,0.0
38.76379164100035,8.779441215974412,2.247535213731614,4.538219726862493,0.7802285296000929,-0.08092778011035302,0.15323015570404808,14.485812437152907,7,3.131063343120126,0.0
38.77417241100011,8.708486505708281,2.275175828136734,4.914977107427686,0.7803299954871087,-0.11596339163691664,0.15199176239010548,14.485812437152907,7,3.241585519187495,0.0
38.78458000700084,8.631791674677508,2.3202329958368195,4.700861098298265,0.7804445475088091,-0.1492998274531988,0.15065318506935776,14.485812437152907,7,3.3577579273559035,0.0
38.7949983590006,8.525010190600788,2.3947781040707747,4.214830297011041,0.780605923870317,-0.18805174160795798,0.1487894965920531,14.485812437152907,7,3.0105930692936003,0.0
38.804981025001325,8.39890787272954,2.493363819766182,4.248098514848955,0.7807867273909342,-0.2208910144310665,0.1465885959508033,14.485812437152907,7,3.034356082034968,0.0
38.81536032900112,8.256604269246932,2.6143370424667207,4.612504073043702,0.7809823640623181,-0.24982628631576811,0.14410492953257936,14.485812437152907,7,3.2946457664597872,0.0
38.82528592299968,8.095843485699941,2.7585445962669723,4.4913915810313485,0.7812095434128745,-0.28295325042969194,0.14129912455159843,14.485812437152907,7,3.2946457664597872,0.0
38.836067104000904,7.913938579227699,2.927010031625863,4.153003166082798,0.7814705175640625,-0.31927114299785525,0.13812428500812546,14.433382390570843,7,2.9664308329162843,0.0
38.84630027000094,7.712847755510907,3.11853632551573,4.073194284189203,0.7817460714079759,-0.3521587245134204,0.13461458803871995,14.38152110211401,7,2.9094244887065734,0.0
38.8561952680011,7.494520382038307,3.331892372841078,4.1694761436424015,0.7820330698250579,-0.38249496741589106,0.13080405652439175,14.329905937215157,7,2.9094244887065734,0.0
38.86721025400038,7.2581439752350265,3.5671134946524408,4.0310778466223995,0.7823426368427546,-0.4144084098252113,0.12667850995164098,14.277740971931111,7,2.8793413190159995,0.0
38.87674004800101,7.002943591673962,3.824188560629799,3.7371484833604587,0.7826717525487832,-0.44696196912421704,0.122224423006148,14.226750662148103,7,2.8793413190159995,0.0
38.887138492000304,6.730484442437999,4.101975120787501,3.6334191849418946,0.7830045900751835,-0.4766656672499129,0.11746911377479785,14.176248197646785,7,2.5952994178156388,0.0
38.89710879300037,6.442252268924148,4.399334906020534,3.6381588983373008,0.7833397723924083,-0.5043815330205654,0.11243851333680155,14.125359703195015,7,2.5952994178156388,0.0
38.90768725500129,6.137799527341232,4.716008139064082,3.4661403901540266,0.7836867499129826,-0.5329481262502631,0.10712481057945622,14.074508147646556,7,2.4758145643957334,0.0
38.91782395100017,5.816858229326708,5.051624716433943,3.199999530683323,0.7840404995562246,-0.5614699268008785,0.10152332822347843,14.023372351191712,7,2.4758145643957334,0.0
38.928176221001195,5.4805008285894115,5.405158177671141,3.0096756302948764,0.7843895277711054,-0.5880651709370983,0.0956527841171626,13.97444317273868,7,2.149768307353483,0.0
38.93868657300118,5.130498838426779,5.775226429944918,2.989038295059211,0.7847255066506706,-0.6118855874933226,0.08954409700029187,13.9240641899437,7,2.1350273536137223,0.0
38.948783173000265,4.766873455495134,6.161241064568337,2.8318899518111524,0.7850605829697566,-0.6359768326713046,0.08319763682430947,13.873739168096384,7,2.022778537007966,0.0
38.959103029999824,4.389215140642329,6.562793441430677,2.533819194480114,0.7853931529454627,-0.6603016895001352,0.07660625578259461,13.823618758544058,7,1.8098708532000813,0.0
38.969303783000214,3.9987323192973903,6.97869522686845,2.33139337413534,0.7857070373292462,-0.6823302870178621,0.06979104487764864,13.773883550627295,7,1.6652809815252425,0.0
38.97940995300087,3.596994663157383,7.407565248308807,2.22915202905447,0.7859981474819977,-0.7019913452922119,0.0627794000487607,13.723748393404806,7,1.6652809815252425,0.0
38.990046953000274,3.184327967631795,7.84858253465768,2.0299070797894303,0.7862748101175435,-0.721227675775282,0.05557700749851424,13.674501015979859,7,1.4499336284210216,0.0
38.99982382500093,2.7608751252589,8.300993566310169,1.7403560379593725,0.7865342885225461,-0.7398922463897182,0.04818636117217867,13.62593787714994,7,1.4499336284210216,0.0
39.01015541699962,2.327885322767158,8.763510148304471,1.51956234845496,0.7867639341854922,-0.7562678501796521,0.040629263491137824,13.576908233093054,7,1.2431114556852663,0.0
39.020474087001276,1.886793095640781,9.234739265031134,1.3541428288233477,0.7869612996706299,-0.770397052840516,0.0329307518228279,13.527870778494085,7,1.0854016774678286,0.0
39.03074120299971,1.438227349571558,9.713648084170988,1.1208120713099903,0.787131832930156,-0.7834941218988764,0.025101802642255144,13.479158286197649,7,0.9672448777309626,0.0
39.04082858200127,0.9825297315228595,10.199324673588537,0.7885478299073725,0.7872752816881646,-0.795766328655964,0.017148378813809817,13.431462558225165,7,0.8005800509357073,0.0
39.05089165100071,0.5211344322147853,10.690335128460426,0.5201983682360833,0.7873783444255247,-0.8053843201436618,0.009095511687659208,13.384127054034542,7,0.5632484499338375,0.0
39.06116994399963,0.05625104327750904,11.184871242086107,0.3956815307124174,0.787433505496473,-0.8114330851393081,0.000981765912874355,13.335994012362312,7,0.3715702630257738,0.0
39.071653891000096,-0.41147307582816134,11.681842968765544,-1.464818164613564,0.7874572670093775,-0.8166066896486665,-0.007181559956509709,13.287268491077201,7,0.28262966479458385,0.0
39.08179345099961,-0.8748913273211854,12.177125619022881,-2.2651280687815727,0.7873473930780566,-0.8051613378493301,-0.015269734258898104,13.23987622052671,7,-1.0462986890096886,0.0
39.09212057300101,-1.317171509884114,12.662061944761316,-0.8748059202819461,0.7870597423977994,-0.7686722634364644,-0.02298897966094282,13.193737721136065,7,-0.6248613716299616,0.0
39.10242170899983,-1.742298363649937,13.13770263211429,-0.5858251330080236,0.7868270872261837,-0.7430509641667558,-0.03040884299780089,13.146073245150458,7,-0.4184465235771597,0.0
39.11233857099978,-2.163055240130618,13.609249774905713,-2.106051242841096,0.7866807059638223,-0.7348989895293718,-0.03775243584279586,13.098619213830503,7,-0.4184465235771597,0.0
39.12293407700054,-2.5747596951009704,14.073790428335114,-2.7372281122335522,0.7864513042871477,-0.7154455211483901,-0.044938034127157245,13.051640401042185,7,-1.9551629373096802,0.0
39.13318275100028,-2.9654593971189454,14.525015179742997,-1.852697952824545,0.7861189799213594,-0.6790510364227977,-0.05175703031393164,13.005154289894397,7,-1.3233556805889606,0.0
39.142861407000964,-3.3375099341092094,14.963303047292678,-1.672013773122262,0.7858213769035424,-0.6494073881594934,-0.0582505371682247,12.959796869383222,7,-1.3233556805889606,0.0
39.15345020600034,-3.6994834799652327,15.391979307486597,-2.715722335889171,0.7855776281147822,-0.6315281543962086,-0.06456816734853099,12.913347632911377,7,-1.9398016684922652,0.0
39.16394204700009,-4.048399598871534,15.809007767161967,-3.159238544879335,0.7852912067645769,-0.6062869551222345,-0.07065790243672598,12.866719472908331,7,-2.2565989606280965,0.0
39.17413120499987,-4.376330415434587,16.21004938069545,-2.572613658869335,0.7849548056608355,-0.5698470227819847,-0.0763813749045048,12.820061811911481,7,-1.8375811849066679,0.0
39.1838761529998,-4.684999683966513,16.595295224256734,-2.4815553381446733,0.784647579620866,-0.5382064449099146,-0.08176866994010945,12.774721790942497,7,-1.8375811849066679,0.0
39.19419628899959,-4.980125200907809,16.966845588371562,-3.2033784863199557,0.7843768360579976,-0.5143434542904798,-0.08691958191738536,12.730278605369874,7,-2.28812749022854,0.0
39.20454939699994,-5.259741237781853,17.323240803591396,-3.504799343648721,0.78409109659226,-0.485631843077182,-0.0917998024022153,12.684450610625978,7,-2.503428102606229,0.0
39.21464487900084,-5.5186188333301285,17.661511507041276,-3.1080195579193304,0.783789757090015,-0.4495918081960631,-0.09631806880417892,12.638430017740838,7,-2.2200139699423787,0.0
39.22502837400134,-5.75810878447297,17.981793549919807,-3.0637171297704713,0.7835159843500762,-0.41710477783617733,-0.10049795697706188,12.593051325282827,7,-2.1883693784074794,0.0
39.234740351001165,-5.982212146793848,18.285503918105412,-3.5774234974859085,0.7832717158497046,-0.39006695747587017,-0.10440929851435099,12.548589287051874,7,-2.1883693784074794,0.0
39.24478434900084,-6.189429188675062,18.571516317316522,-3.7604096117870682,0.7830294930893611,-0.3594588789161669,-0.10802591816142115,12.504373203323802,7,-2.5553024982042203,0.0
39.255099177000375,-6.37628313436268,18.837800339963724,-3.465933311867643,0.7827927801280868,-0.3241050243769862,-0.11128713473401275,12.45917532296897,7,-2.6860068655621916,0.0
39.26584068000011,-6.5440570182114355,19.084585986058105,-3.4524266138438184,0.7825838167743899,-0.29175884920431205,-0.11421534140603207,12.414038458707589,7,-2.4660190098884414,0.0
39.27610870399985,-6.695597595877134,19.312875155089426,-3.814787851386814,0.7824008597297902,-0.2632395800629966,-0.11686022343667268,12.369517351394299,7,-2.7248484652762954,0.0
39.286320635001175,-6.8297368385072454,19.521819335793975,-3.9104183327894844,0.7822309471571657,-0.23208196345855725,-0.11920139487669967,12.325256322606487,7,-2.793155951992489,0.0
39.296688063001056,-6.944192631958721,19.71007273974645,-3.6830251764411064,0.7820782085023653,-0.1979293554980157,-0.12119902532041049,12.280403320863623,7,-2.6307322688865042,0.0
39.307032020000406,-7.040158894806245,19.877951819194454,-3.6810157438104603,0.781952163860274,-0.16633397768503394,-0.1228739525779341,12.236068433186139,7,-2.6292969598646145,0.0
39.31691786600095,-7.1196677156572665,20.02620322457483,-3.9246702310250194,0.7818499285640689,-0.1374299071746206,-0.12426164328616274,12.19203421534916,7,-2.6292969598646145,0.0
39.327553328999784,-7.181826575304868,20.154232275515664,-3.9542259458667712,0.7817668557860102,-0.10661510249833125,-0.12534652004629843,12.148241333703206,7,-2.8244471041905506,0.0
39.337594464001086,-7.225207884303295,20.261220083128375,-3.7706098765781246,0.7817060630591621,-0.07404312376866526,-0.126103666722146,12.104028644562622,7,-2.8244471041905506,0.0
39.34789189700132,-7.250904430754499,20.34756259405659,-3.7648431452442948,0.7816695818025212,-0.04365000569510387,-0.1265521560641112,12.060390588031005,7,-2.6932927689843744,0.0
39.35856186900128,-7.260378116896555,20.413863655574755,-3.9141082910305096,0.7816546871603004,-0.015174400257325723,-0.12671750307959062,12.016916045807433,7,-2.795791636450364,0.0
39.3685108640002,-7.252983481554218,20.459767754015786,-3.8941507015955654,0.7816610178468942,0.014617878807565795,-0.1265884423458825,11.97361996251715,7,-2.795791636450364,0.0
39.37913885300077,-7.227899109137193,20.48486413816048,-3.738857557283712,0.7816900248396432,0.045304105647576934,-0.12615063745640898,11.930572378881724,7,-2.670612540916937,0.0
39.38906982499975,-7.186101536386439,20.48961689694544,-3.71786936097621,0.7817397189086225,0.07414781732154871,-0.12542113219256645,11.88776064793301,7,-2.670612540916937,0.0
39.39965541200036,-7.128671966625529,20.47457133191649,-3.791571258224735,0.7818079903970533,0.10155997791237811,-0.1244187971122348,11.844905195909247,7,-2.7082651844462395,0.0
39.40989451600035,-7.05519951176236,20.439600836424322,-3.7361329444322515,0.7818962325810229,0.12978377521365203,-0.12313646086534957,11.802532354958451,7,-2.6686663888801796,0.0
39.420072008000716,-6.96527917202588,20.38460832100529,-3.5940000590474694,0.7820042875417639,0.15832691725174305,-0.12156705487243613,11.760516263322932,7,-2.567142899319621,0.0
39.430180483001095,-6.859774145776325,20.310120781051502,-3.5505303628732645,0.7821283245837513,0.1852988676470722,-0.11972564478697834,11.718884952477616,7,-2.536093116338046,0.0
39.44036335400051,-6.739517307592804,20.216680345914725,-3.560620986242306,0.7822668156226338,0.21114055115241112,-0.11762676701263786,11.677093002850922,7,-2.5433007044587903,0.0
39.45066728399979,-6.604325079099427,20.104378913253253,-3.4741454784696124,0.7824213807319532,0.23733582736489392,-0.11526721750231994,11.634980734647685,7,-2.4815324846211517,0.0
39.46060021199992,-6.454123553287052,19.9733851611298,-3.336602815197578,0.7825905338964201,0.26338901032765577,-0.11264570633537474,11.59294126123038,7,-2.4815324846211517,0.0
39.471054749999894,-6.2897010898332955,19.824298622943836,-3.272611530285792,0.7827699058484288,0.28805088289073016,-0.10977599298386664,11.552159661733373,7,-2.3375796644898514,0.0
39.48116036099964,-6.111722004488365,19.657687043520674,-3.2317946972400113,0.7829585021522419,0.31178194985602203,-0.10666967194490962,11.511430299632146,7,-2.308424783742865,0.0
39.49136991600062,-5.920173344614153,19.47382494683903,-3.116268150139576,0.7831574619681019,0.3355229520416377,-0.10332651715232188,11.470090537477216,7,-2.2259058215282685,0.0
39.50131521000003,-5.7152408575468865,19.273103160910683,-2.9747258227722475,0.7833642285355353,0.35874909608909566,-0.09974977050869738,11.428601412316874,7,-2.2259058215282685,0.0
39.51210072200047,-5.497696746788986,19.05621092737151,-2.8845384067919015,0.7835745508824391,0.380647824839152,-0.09595290950764879,11.387170987621614,7,-2.0603845762799295,0.0
39.52193103300124,-5.268150584262797,18.82378447558557,-2.8046215876303067,0.7837877008486017,0.40163453634844787,-0.09194657318624877,11.346367393618836,7,-2.0603845762799295,0.0
39.53260009600126,-5.026760205283106,18.576269897571933,-2.6690384307915354,0.7840042130976721,0.4223237495477589,-0.08773351629041626,11.305486136895926,7,-1.9064560219939537,0.0
39.54280951200053,-4.773871379787487,18.314221578913955,-2.516948906445821,0.7842211601120888,0.4422750721880806,-0.08331977364401633,11.26475107242225,7,-1.7978206474613003,0.0
39.552991894001025,-4.510245300198283,18.03840862049587,-2.4013678608879556,0.7844346416004266,0.46092063130431665,-0.0787186305610601,11.224623824587052,7,-1.7152627577771113,0.0
39.56300019599985,-4.236506408294997,17.74955580788357,-2.2878760830544635,0.7846439785437158,0.47858336821256775,-0.0739409856065869,11.18515298828645,7,-1.6341972021817597,0.0
39.572937525999805,-3.952979309668556,17.448265766355764,-2.134521855515078,0.7848491513461976,0.49565265477894527,-0.06899250421692882,11.146288854375305,7,-1.5246584682250557,0.0
39.582916000001205,-3.6601530096785506,17.135234943577025,-1.9679757739860904,0.7850472708543772,0.5117778187590551,-0.06388172114567059,11.107361909077499,7,-1.405696981418636,0.0
39.59307316400009,-3.3588171277541785,16.81131687263404,-1.821945443122253,0.7852349078801835,0.5265390174540239,-0.05862241785168942,11.067760281294401,7,-1.3013896022301807,0.0
39.603499900000315,-3.049699320081603,16.477351901744118,-1.6765737624856356,0.7854110839660472,0.5400962330050738,-0.05322729433125639,11.027398479904328,7,-1.1975526874897398,0.0
39.613895689000856,-2.733351440255892,16.134112529345405,-1.5103179919090608,0.7855753601676686,0.5526751682004011,-0.04770598224659439,10.987579392549494,7,-1.078798565649329,0.0
39.62397747999967,-2.4104045938100143,15.782421278453654,-1.3357112581620811,0.7857256706940616,0.5641060601199983,-0.04206949646718128,10.94867803801676,7,-0.9540794701157722,0.0
39.63398878600128,-2.081647060136423,15.423186245308868,-1.1677362032776246,0.7858597137120512,0.574165969789556,-0.03633159506384098,10.910340842239219,7,-0.834097288055446,0.0
39.643994015001226,-1.747859892631272,15.05732333283455,-0.9962678419963823,0.7859764717989304,0.5828900900847027,-0.03050590998997027,10.872011443433454,7,-0.711619887140273,0.0
39.654406290001134,-1.4097750810063254,14.685735360736468,-0.8077128376469517,0.7860751570510678,0.590324871254559,-0.024605216876130154,10.832546641482853,7,-0.5769377411763941,0.0
39.664439531001335,-1.0682216782121914,14.309378956903798,-0.6196370801316249,0.7861539986783754,0.5962791855118363,-0.018643985425982113,10.793217947819105,7,-0.5769377411763941,0.0
39.67467185900023,-0.7241231346022431,13.929262221139146,-0.4395399821902856,0.7862117442017698,0.6006418050586217,-0.012638332888671222,10.754524979764613,7,-0.44259791437973206,0.0
39.6851843759996,-0.3783408611343686,13.54637040149814,-0.25209684833646406,0.7862483946749851,0.6035208464170282,-0.006603293721625381,10.716280996850298,7,-0.18006917738318862,0.0
39.69531436299985,-0.03171190487604609,13.161681900245439,-0.04725591573100303,0.7862636290843991,0.6049151154725304,-0.0005534771521662485,10.677066571695107,7,-0.18006917738318862,0.0
39.70580040200002,0.3147891705890616,12.776242406632027,1.080376164727582,0.7862561301043367,0.604576800127012,0.005494107476401222,10.63885344493222,7,0.7716972605197014,0.0
39.715836643999864,0.6549864169839046,12.393524163181617,1.2797615015830672,0.7861735333210347,0.591433229496067,0.011431669532209643,10.600534140133258,7,0.7716972605197014,0.0
39.72643046899975,0.9816223482554368,12.017510858201057,0.6856328961797801,0.7860357647945746,0.5686283482527842,0.017132541988215788,10.562379286192701,7,0.48973778298555715,0.0
39.736749834000875,1.2980458667813775,11.64723039589171,0.8122705487610374,0.7859206275169595,0.5525676920930234,0.022655174217238727,10.524205791215866,7,0.5801932491150268,0.0
39.74698551199981,1.6089103430140106,11.281074040827525,1.582153555646636,0.7858208799631146,0.5421207095832788,0.02808078285498583,10.486552102506794,7,1.1301096826047399,0.0
39.75727232400095,1.9104270028439168,10.921353188412466,1.7685998204935105,0.7856813657812499,0.5242793121304118,0.03334324131863342,10.449531553980574,7,1.263285586066793,0.0
39.767260644999624,2.197681282139837,10.570900196413263,1.411458995345555,0.785510896402664,0.4998796656497696,0.03835677428279061,10.41249862732657,7,1.0081849966753964,0.0
39.77750987500076,2.472647460379522,10.229318578361465,1.509080192678394,0.7853547203030864,0.4796018320302533,0.043155839424698694,10.374927145009796,7,1.07791442334171,0.0
39.788146033000885,2.7383875515398763,9.895676557225608,2.03756274980971,0.7852095478670662,0.4630424837703091,0.04779387896999676,10.33739509907379,7,1.455401964149793,0.0
39.79790383100044,2.9924797860378547,9.571580789455037,2.1799376986918686,0.7850453235688825,0.44170182893452575,0.052228625065736,10.30085537060798,7,1.5570983562084777,0.0
39.808119111999986,3.231700989125949,9.25899993879539,1.957922938131735,0.784868438618482,0.416071541328095,0.056403822700205275,10.264593392029552,7,1.3985163843798105,0.0
39.81772979500056,3.457385747472262,8.957755416729581,2.0380866476959443,0.7847043104795667,0.3932260265576777,0.06034276480491618,10.22857074226964,7,1.3985163843798105,0.0
39.82812369500061,3.6715897771144403,8.66730412212447,2.4025409857495603,0.7845507674068953,0.3728842772554284,0.06408133039321173,10.192782046729478,7,1.7161007041068288,0.0
39.83799347100103,3.872717848661776,8.388785268534727,2.5082694591536607,0.7843922755273509,0.34939249958677304,0.06759167745989947,10.156017828066243,7,1.7161007041068288,0.0
39.84878491800009,4.058646178643377,8.123567788322097,2.3647238719257744,0.7842334371554335,0.32308143871801975,0.07083673899081289,10.119077563791667,7,1.6890884799469816,0.0
39.858773658001155,4.2303077776840246,7.871570076241163,2.4208660492777,0.7840878608616388,0.29871251122539666,0.07383279909331053,10.08262693425912,7,1.6890884799469816,0.0
39.869153657000425,4.389146131017392,7.632444218515659,2.6670745867653904,0.783954200903044,0.27613632136920796,0.0766050513374239,10.046605644480604,7,1.9050532762609933,0.0
39.87931158600077,4.534160433147055,7.406960557645233,2.736785793859757,0.7838250745790855,0.25156417526787345,0.07913602837206835,10.009982530896975,7,1.9050532762609933,0.0
39.88997428900075,4.663994614020642,7.196035042019598,2.6334142622114443,0.7837035409889866,0.2252234895044299,0.08140206230994229,9.974143922071496,7,1.8810101872938887,0.0
39.900140879999526,4.779371665962976,6.999587563775586,2.6695467128557993,0.7835961755925356,0.20036294390617876,0.08341577174758052,9.938339495758584,7,1.9068190806112852,0.0
39.9105963230013,4.881344567009186,6.817356313927501,2.8340531126039523,0.7835018662890388,0.17683290119708006,0.08519553461864726,9.902240072146412,7,2.024323651859966,0.0
39.921029551000174,4.9692656094933225,6.649850208392594,2.8665977625961103,0.7834175127889573,0.1520066672625379,0.08673004629178127,9.866178565101896,7,2.047569830425793,0.0
39.93084987000111,5.042297338918345,6.497644766687044,2.7805510077403723,0.7833451003446709,0.12614937305557625,0.08800469042867354,9.830951062275288,7,2.047569830425793,0.0
39.9413839000008,5.101080198493185,6.360599520511028,2.800445288142441,0.7832871029331386,0.10154625641575901,0.08903064487199197,9.795027789894958,7,1.9861078626716946,0.0
39.952065743000276,5.146404787357879,6.238477090545349,2.899182721556908,0.7832424391119389,0.07795003625282461,0.08982170817979362,9.759325111461319,7,2.0708448011120772,0.0
39.96195514899955,5.177859548842486,6.13157814278619,2.894882437813675,0.7832102225458386,0.05355101357072066,0.09037069733312952,9.724382257793726,7,2.0708448011120772,0.0
39.97223714100073,5.195010534269648,6.040191091082675,2.8195748626457147,0.7831914301280611,0.028707871679640385,0.09067003849879507,9.689278496177861,7,2.0677731698669106,0.0
39.98291136999978,5.198372634667176,5.96413595711877,2.8052132390123985,0.7831861410707354,0.004824026921098881,0.09072871822051454,9.654413030031932,7,2.0037237421517133,0.0
39.993260843000826,5.1886941083458336,5.903098153779741,2.8630841612026376,0.7831933419328694,-0.01798480072435669,0.09055979606946618,9.619719291474112,7,2.045060115144741,0.0
40.00351531200067,5.165795865641948,5.857173180323507,2.8447654086187737,0.7832129941300884,-0.04121529981189708,0.0901601463413626,9.585197969711373,7,2.0319752918705527,0.0
40.01387211899964,5.129370253747695,5.826494546475041,2.7589303228965782,0.7832453459197378,-0.06473801897747601,0.08952439948175428,9.550494702470786,7,1.9706645163546987,0.0
40.02411170900086,5.079935799308187,5.81078597414655,2.7250823846090215,0.7832891772398617,-0.08728100348336945,0.08866160548785773,9.515934590885584,7,1.9464874175778726,0.0
40.03429045499979,5.0180857278486455,5.809712284626446,2.7278347544825117,0.7833434912286331,-0.1089800012020994,0.08758211809829497,9.481824102428927,7,1.948453396058937,0.0
40.04429141900073,4.943890937606667,5.823160212683687,2.6919288240713715,0.7834083302396143,-0.13060110430488187,0.08628717472074587,9.447731792829824,7,1.948453396058937,0.0
40.05496278400096,4.857298749842412,5.85105299305732,2.609341248032112,0.7834834140169104,-0.1521910493854676,0.0847758559377545,9.41354216104373,7,1.8638151771657943,0.0
40.065461956000945,4.758714072653398,5.893078319699352,2.547177735821351,0.7835670858837959,-0.17300954146554517,0.08305522872879045,9.379680631344923,7,1.8194126684438219,0.0
40.07531049700083,4.648690796656255,5.94883244731894,2.5093717976132335,0.7836580843408617,-0.1929620338673011,0.08113496030880984,9.347012095242576,7,1.7924084268665954,0.0
40.08499857999959,4.527462132232312,6.0180408554562765,2.4528907631298287,0.7837562700886748,-0.21254986755579253,0.07901912096681674,9.313556480196903,7,1.7924084268665954,0.0
40.095675184000356,4.395153246057125,6.100459908658486,2.364150102331103,0.7838610728435181,-0.2318553812632675,0.07670989527341332,9.279876086628015,7,1.6886786445222164,0.0
40.10614948700095,4.252145520214219,6.195706809877807,2.2806707163306763,0.783970772655224,-0.2504442273478703,0.07421393960166522,9.246306600271028,7,1.6290505116647687,0.0
40.11636714300039,4.098961851241454,6.303313332963767,2.2116335618271203,0.7840839334069698,-0.26817061106372025,0.0715403802178054,9.213475934057042,7,1.579738258447943,0.0
40.1261719539998,3.9358901986374124,6.42290260265087,2.117450784701005,0.7842003814148119,-0.2854230969725214,0.06869424296319648,9.181250212657288,7,1.5124648462150034,0.0
40.13610725400031,3.7633613349052606,6.554013594371281,2.0327013216813157,0.7843183351859904,-0.3018647148575342,0.0656830462363458,9.14831046268962,7,1.5124648462150034,0.0
40.146414812999865,3.581729757502987,6.696203790241892,1.9302732412832984,0.784437330951163,-0.31772859633715494,0.0625129771850852,9.115136835049682,7,1.451929515486654,0.0
40.156825269001274,3.39151266505624,6.848938512358832,1.8392491547806231,0.7845553888635219,-0.3326549954241923,0.059193062628319026,9.082315050335659,7,1.3787666009166415,0.0
40.16734798300058,3.193173025269107,7.01169266759853,1.7412198408247315,0.7846718923311142,-0.3468174134836523,0.055731382876814006,9.049616781165955,7,1.243728457731951,0.0
40.17724227799954,2.987090085286255,7.1839656088954955,1.62528001129853,0.7847860917919213,-0.36029327554919416,0.05213455704192338,9.017129603512306,7,1.243728457731951,0.0
40.1879003009999,2.773755393173522,7.365190358306742,1.5082450346728735,0.7848964259486,-0.3728801685988754,0.04841116425582781,8.984661606912681,7,1.0773178819091953,0.0
40.198335484999916,2.5537549791702747,7.554742503850269,1.3995537549783628,0.7850015392848732,-0.38446331293869956,0.0445714326757205,8.951843279102459,7,0.9996812535559734,0.0
40.208569557000374,2.3276063256571535,7.752017176364265,1.280065797232328,0.7851008758950284,-0.3951671632498678,0.0406243940729647,8.919786109747779,7,0.9143327123088056,0.0
40.21853859800103,2.0958028286176598,7.9564093759311145,1.1514468040875996,0.7851935486038512,-0.4049798180189067,0.0365786598319886,8.887552597958711,7,0.9143327123088056,0.0
40.22937447200093,1.8589354302908043,8.167258031455688,1.0235021107340159,0.7852782546036547,-0.4137529783446149,0.032444543840552065,8.855415794346769,7,0.7310729362385828,0.0
40.23940058399967,1.6176293019696117,8.383876347626243,0.8949907386994752,0.7853540953030378,-0.4214486659584321,0.028232957396107317,8.823855709674438,7,0.6392790990710537,0.0
40.24989298000037,1.3724870963704792,8.605579302400834,0.763823941838018,0.7854204780725976,-0.42809316483810744,0.023954418772801578,8.792047606087523,7,0.5455885298842986,0.0
40.26004504100092,1.1241113410079817,8.831674257466316,0.626485322290324,0.785476801117496,-0.43368205699578033,0.019619444059598035,8.760258936333983,7,0.4474895159216601,0.0
40.270394094999574,0.8731402886097865,9.061445242603309,0.48397441439549316,0.785522328622894,-0.43814716020246525,0.015239172868054318,8.729138649959369,7,0.3456960102824951,0.0
40.28017047399953,0.6202684267094787,9.294144369004183,0.34299408363067274,0.7855563285974055,-0.44139616464720866,0.010825726292245541,8.698501549909283,7,0.24499577402190909,0.0
40.29015432400047,0.36620526120331687,9.529012086955394,0.20671430106944658,0.7855784590485221,-0.4434168494818717,0.006391487546123731,8.66722868800653,7,0.24499577402190909,0.0
40.30062541500047,0.11146522071088712,9.76537632756181,0.03883659421343993,0.78558971860643,-0.4445394155235539,0.0019454351028671546,8.636208543923068,7,0.027740424438171374,0.0
40.311115505001,-0.14301631756042973,10.002366573616056,-0.391000205121783,0.7855872172612705,-0.4439706333840918,-0.0024961056255072833,8.604789281869193,7,-0.2792858608012736,0.0
40.32111081200128,-0.3947676593193376,10.238394432264206,-0.7345866026268382,0.7855599453360704,-0.4385371457765468,-0.006889995435513718,8.574634271092739,7,-0.5247047161620273,0.0
40.33121690799999,-0.6400491652757188,10.471278491185465,-0.6183435250393643,0.7855049561910067,-0.427036247234852,-0.011170965308702652,8.54434803732438,7,-0.4416739464566888,0.0
40.3414946390003,-0.878231643900088,10.700290467270122,-0.5727688358989155,0.7854441110228667,-0.41539350004093767,-0.01532803378125891,8.513578833520814,7,-0.40912059707065396,0.0
40.351934923000954,-1.1113648042980127,10.925963740846521,-0.8897475184118776,0.7853877686438361,-0.40668941939170866,-0.019396975025782748,8.482560124537095,7,-0.6355339417227697,0.0
40.36217220800063,-1.338992187013335,11.147676048647984,-1.1535408056239902,0.7853213988339315,-0.39640519408137126,-0.023369822321862355,8.452121479253007,7,-0.8239577183028501,0.0
40.37279285800105,-1.5584920559155977,11.363802159601935,-1.112156495721213,0.7852386507292437,-0.3820363579290429,-0.02720081774190275,8.42152816935943,7,-0.7943974969437235,0.0
40.382958960000906,-1.7692189583750455,11.573646507465655,-1.092412646387713,0.7851522897256266,-0.3672023823028977,-0.03087869601234905,8.391186018559795,7,-0.780294747419795,0.0
40.39314930200089,-1.9725148456887234,11.777455197275106,-1.3229592012097555,0.7850697095419897,-0.3543390931882421,-0.0344268786017361,8.360887330925278,7,-0.9449708580069682,0.0
40.40349381499982,-2.1681236557685457,11.974744551964514,-1.522505739211668,0.7849827437106648,-0.3404612784268912,-0.03784089638353727,8.330519589852232,7,-1.0875040994369058,0.0
40.413691492,-2.3544624434908106,12.164423292898089,-1.546490483662713,0.7848889731291327,-0.32412906024861,-0.04109312175346558,8.300638743338302,7,-1.1046360597590805,0.0
40.42405248999967,-2.530680079244041,12.3457537861752,-1.5115391397946099,0.7847935985482376,-0.3067155893213192,-0.04416869969743953,8.270710434663199,7,-1.079670814139007,0.0
40.43420364300073,-2.697526335759401,12.518761400781836,-1.637468911587068,0.7847028757013749,-0.290555969815367,-0.0470807162182596,8.241224290420488,7,-1.16962065113362,0.0
40.444257698,-2.8553156219289186,12.683286321349549,-1.8122211268976345,0.7846142335466365,-0.2744968494836395,-0.04983465878628923,8.211412677693566,7,-1.16962065113362,0.0
40.45487953600059,-3.002943917847778,12.838522153768642,-1.842326090748032,0.78452445862327,-0.25655647360796896,-0.05241125861918183,8.181801861275755,7,-1.3159472076771657,0.0
40.4652384380006,-3.1397361935827126,12.983877326412003,-1.8208198333814671,0.7844372153907097,-0.23782199243710153,-0.05479873422205239,8.15209518116656,7,-1.3005855952724765,0.0
40.47510011099985,-3.2662326750691046,13.11934521735672,-1.9093379635691399,0.7843561717942787,-0.21999923646810246,-0.05700651431617798,8.122962156824967,7,-1.3005855952724765,0.0
40.48582275000081,-3.3826694387506353,13.244796271817382,-2.0256962523481783,0.78427998783731,-0.20227340829931395,-0.05903871921278725,8.093442897669156,7,-1.446925894534413,0.0
40.49608169000021,-3.488348024066869,13.359681807939955,-2.044958798085935,0.7842074554584533,-0.1833691285588714,-0.060883158475405263,8.064285584521262,7,-1.4606848557756678,0.0
40.50592827500077,-3.5828771620805404,13.463613318126805,-2.033058366533041,0.7841406609223369,-0.1640326285107176,-0.06253300317281596,8.035932268480916,7,-1.4606848557756678,0.0
40.516599500000666,-3.666632187163879,13.556579010703942,-2.0842624688013722,0.7840812428436426,-0.14532152356593725,-0.06399480412561065,8.00726093605399,7,-1.4887589062866944,0.0
40.52681519900034,-3.7398851046351087,13.638538329993208,-2.16540889077542,0.7840287749074393,-0.12689446403918128,-0.0652733087221753,7.97861750916781,7,-1.546720636268157,0.0
40.536563637000654,-3.802247638871833,13.709160654904148,-2.1781386971605468,0.7839827420221904,-0.10778026538894386,-0.06636174027449382,7.949712537753335,7,-1.546720636268157,0.0
40.547376250000525,-3.853338018306339,13.7681360853871,-2.1393705168994894,0.7839440291522056,-0.08819317607235014,-0.06725343561171915,7.921204805389283,7,-1.5281217977853494,0.0
40.557609064000644,-3.8935481539207006,13.815535027687819,-2.160450940014476,0.7839135411020748,-0.069331100799835,-0.06795523487086319,7.892956367990096,7,-1.5431792428674829,0.0
40.56796035200023,-3.9232492300196307,13.851438057653665,-2.2116429651700042,0.7838908198119818,-0.05091869343695184,-0.06847361644017491,7.864367327037298,7,-1.5797449751214314,0.0
40.57769265299976,-3.9421998816178525,13.875658191373702,-2.2063803732090146,0.7838756613336538,-0.03206952013085214,-0.06880436770596221,7.836060081055522,7,-1.5797449751214314,0.0
40.58831078900039,-3.9502241009737094,13.888056824843192,-2.168365865990973,0.7838684488802011,-0.01307077320409258,-0.06894441675362417,7.808280239962877,7,-1.5488327614221236,0.0
40.598141096999825,-3.94766230942553,13.888755351301493,-2.164945915773119,0.783869086873123,0.005317468861234591,-0.06889970505635867,7.780176785864016,7,-1.5488327614221236,0.0
40.60901294700125,-3.9348499935020778,13.877891997408936,-2.18028937863729,0.783877165648199,0.02324155988025746,-0.06867608795868874,7.751729554806709,7,-1.557349556169493,0.0
40.61878150300072,-3.911732936693597,13.855441136276264,-2.1600301355405462,0.7838926518324653,0.041274679950925465,-0.06827261920401018,7.724034134759212,7,-1.557349556169493,0.0
40.628799441999945,-3.878281981454098,13.821406390937751,-2.115129940220762,0.7839154467783934,0.05926069963143049,-0.06768878989714366,7.697011193893939,7,-1.5428786682432474,0.0
40.63914716799991,-3.8347998531475196,13.775964343037586,-2.0854397493635592,0.783944961282611,0.07670167195145922,-0.06692988359241925,7.669104597998781,7,-1.5108071001576873,0.0
40.649376838000535,-3.781627952023565,13.719327678720838,-2.0717043088676874,0.7839806683735964,0.0936128845765944,-0.06600185884826137,7.64155700287449,7,-1.4895998209739707,0.0
40.66003814400028,-3.718876053767156,13.651618212424824,-2.034105658082218,0.7840224410462792,0.11035868671440391,-0.06490663161181054,7.613681261248835,7,-1.4529326129158697,0.0
40.67005887800042,-3.646638017760564,13.572966956630331,-1.9787895224040155,0.7840698903456628,0.12687363161471138,-0.0636458400383213,7.586372767787456,7,-1.4529326129158697,0.0
40.680302239999946,-3.5651648976796713,13.483594951736604,-1.9227862229254786,0.7841223155503637,0.14293311429970265,-0.06222386584103701,7.55911288666488,7,-1.4134210874314395,0.0
40.69067671800076,-3.4749060384495447,13.383832335679388,-1.8918691396127574,0.7841787051416558,0.15823715197295446,-0.06064855156837723,7.531643248073307,7,-1.3734187306610561,0.0
40.70079259100021,-3.3760914685136756,13.273922864418319,-1.8474412519715884,0.7842389786947739,0.17320031400826946,-0.05892391197405411,7.504891603664905,7,-1.3513350997233982,0.0
40.71107220399972,-3.2688139861220367,13.154061236121054,-1.7738802199015802,0.784302863089929,0.1879478626713938,-0.057051566693069766,7.478663610556263,7,-1.2670572999297,0.0
40.72111326199956,-3.153382182528747,13.0245576569425,-1.6999154011392081,0.784369236273089,0.20210637815323027,-0.055036901658851445,7.451770285733669,7,-1.2670572999297,0.0
40.731809353001154,-3.030267439381927,12.885813070288354,-1.6448721326105464,0.784437044238938,0.2154752253990995,-0.05288814403319231,7.424872917824196,7,-1.1749086661503902,0.0
40.74182819700036,-2.899805708358142,12.738179323017237,-1.5823775124241786,0.784506037596114,0.22830599987552191,-0.05061115727897603,7.39787022872545,7,-1.1749086661503902,0.0
40.7524423470004,-2.7622149882651135,12.581966364368197,-1.4999363939731545,0.7845758751818424,0.24072334332737036,-0.04820974619316276,7.371334361909929,7,-1.0713831385522532,0.0
40.76286083299965,-2.617842853532821,12.417557264043888,-1.4151936657963256,0.7846455102311509,0.2524980215369519,-0.045689977093951395,7.344839248632744,7,-1.0108526184259468,0.0
40.77324362299987,-2.4671540432948222,12.245402138943975,-1.3395697320509485,0.7847139566455338,0.2634799243110905,-0.04305996120938538,7.3182084347785965,7,-0.9568355228935346,0.0
40.783214615999896,-2.310550300657448,12.065933444656883,-1.2617664457832625,0.7847808129292515,0.2737876358274619,-0.040326710279417366,7.292010735279134,7,-0.9012617469880446,0.0
40.79377728399959,-2.148357830905062,11.87955924668625,-1.1672014077180408,0.7848457076823597,0.28351435009032083,-0.03749591766029692,7.265294945232179,7,-0.8337152912271719,0.0
40.80387234000045,-1.9808811710382481,11.686687666328776,-1.0573315082507706,0.7849081281436464,0.29266865373653683,-0.03457289852537837,7.239398929701206,7,-0.7552367916076932,0.0
40.81395698800043,-1.8087955932183912,11.487909442854031,-0.9836010819799981,0.7849660169767664,0.3006407474391195,-0.03156943859722494,7.213247238496353,7,-0.7552367916076932,0.0
40.82437302800099,-1.6325766848118266,11.283731504499096,-0.9045180250707062,0.7850198778032107,0.3078804866285871,-0.028493838441260078,7.187459846077315,7,-0.646084303621933,0.0
40.834840622999764,-1.4524556212994228,11.074554606377426,-0.7888847480714688,0.785069988444419,0.314668694138055,-0.025350132830774808,7.1613527350528825,7,-0.5634891057653348,0.0
40.84507490000033,-1.2688839650008321,10.860889377659406,-0.6751219332544124,0.7851148901879985,0.32059062305807984,-0.022146203015025012,7.135481577733292,7,-0.4822299523245803,0.0
40.855068457000016,-1.0825324065310142,10.643355575362353,-0.5857450715032939,0.7851534654242721,0.32538501558369926,-0.018893754753503966,7.109766510524909,7,-0.4822299523245803,0.0
40.86559815200053,-0.89381122144149,10.42245763133532,-0.47679061126335404,0.7851865713534399,0.32951377177226915,-0.015599948705426137,7.08434645432309,7,-0.34056472233096713,0.0
40.8758501730008,-0.7032488845136314,10.19875985006584,-0.3745215961922085,0.7852131017661151,0.33266318441847076,-0.01227400849574023,7.058942459756845,7,-0.2675154258515775,0.0
40.886032967000574,-0.511381699120507,9.972834521373839,-0.27166329434027575,0.7852330242460762,0.33490804967437765,-0.008925294384095839,7.0338059454299415,7,-0.1940452102430541,0.0
40.89593061300002,-0.3186851216282753,9.745228863388492,-0.15977622773364858,0.78524636120853,0.3363149691423358,-0.005562104649531996,7.008691011541894,7,-0.1940452102430541,0.0
40.90647071700005,-0.1255590453584135,9.516457262617871,-0.02761259203428068,0.7852533222415229,0.3369957179139885,-0.002191418747165219,6.983706706667796,7,-0.0197232800244862,0.0
40.91679769199982,0.06719496121743421,9.287222986426908,0.17389753947359027,0.7852519998997703,0.3362550195458139,0.0011727733139941243,6.958371620884035,7,0.12421252819542161,0.0
40.92698188400027,0.2583553405146811,9.058426284292558,0.4616732439978989,0.7852402291299899,0.33324853678747596,0.004509151332092287,6.93353181722427,7,0.3297666028556421,0.0
40.937411545999566,0.44577200157480407,8.831400484857777,0.4767916026725047,0.7852141894496107,0.3263685184009526,0.007780189140685678,6.9083653622599135,7,0.3405654304803605,0.0
40.94767202000003,0.6282312497369135,8.607041156871592,0.43139839258942203,0.7851810812061121,0.3180680200765086,0.0109647037718279,6.883356124914678,7,0.3081417089924443,0.0
40.957944298001166,0.806642726413606,8.385247013150732,0.5891433418474933,0.7851485413452072,0.3112188756792561,0.014078571463181255,6.858813727902703,7,0.42081667274820944,0.0
40.96779290500126,0.981194619864794,8.166243925038595,0.7991621416830966,0.7851125039049474,0.30415527692618877,0.017125076719494814,6.834308529409676,7,0.42081667274820944,0.0
40.977794495000126,1.1504053652194077,7.951030176113973,0.8391082297150533,0.7850680338115444,0.29458756721288526,0.020078361355686525,6.810481228371019,7,0.5708301012022119,0.0
40.9885772760008,1.3133659661391244,7.74033155482585,0.8327999307221816,0.7850192711257404,0.28388319797762535,0.02292256039276408,6.785813189649076,7,0.5948570933729869,0.0
40.99875573999998,1.4705461608685437,7.534221609761133,0.9503918358157435,0.78497091763506,0.2739318985012535,0.025665872309718285,6.7612116073290345,7,0.6788513112969596,0.0
41.0088552670004,1.6220176845290666,7.332948379659718,1.1008458105332906,0.7849210553440852,0.2637638721562084,0.028309549120606903,6.736649457854781,7,0.6788513112969596,0.0
41.019392157000766,1.7668141894486094,7.137234684253209,1.1426223469838206,0.7848673725696702,0.2519548931463128,0.030836724876833088,6.71270985714974,7,0.8161588192741576,0.0
41.02998192800078,1.9043255523359008,6.947628166657216,1.154851079416855,0.7848124656992165,0.2393659749681103,0.03323675091812106,6.6879587372519005,7,0.8248936281548964,0.0
41.039617616001124,2.034822506432174,6.764254097369593,1.2402104361315998,0.7847590528458908,0.22720467647695358,0.035514352430924934,6.664326086674266,7,0.8248936281548964,0.0
41.049917837000976,2.1583158975005956,6.587346268772504,1.344972370602361,0.7847062786103216,0.2148575121100303,0.03766971870952185,6.640382796471771,7,0.8858645972368571,0.0
41.06062789899988,2.2741998298588513,6.417414532376878,1.3825747943618687,0.7846533055082682,0.20147794745463574,0.0396922748793318,6.616602483039455,7,0.9875534245441919,0.0
41.07069564100129,2.382081795833878,6.2548576536017295,1.3975141768251014,0.7846016728928551,0.1875864635522675,0.04157517038912051,6.592694927003253,7,0.9982244120179296,0.0
41.08087619999969,2.4821150674371126,6.099806675235074,1.4582402923549735,0.7845528714516168,0.17394363242870842,0.04332108034013871,6.568713533433771,7,0.9982244120179296,0.0
41.09119172000101,2.5743200514960565,5.952440769602537,1.5247099657258254,0.7845066489653183,0.16020190610749618,0.04493036089871616,6.545860388196388,7,1.0890785469470181,0.0
41.10095580199959,2.6583456242224632,5.8130992457986554,1.5531987901099698,0.7844628405784068,0.14587566125358548,0.04639688379866591,6.522570616229798,7,1.0890785469470181,0.0
41.11127341700012,2.733979684328213,5.682043356297482,1.567693970427969,0.7844222838191243,0.13127092681003735,0.04771694717416253,6.498966620279917,7,1.109427707221407,0.0
41.121699657000136,2.8013091785683386,5.559380728879263,1.6039777836477946,0.7843856666239175,0.11680799101779066,0.04889206853235528,6.475283429592984,7,1.1197814074485493,0.0
41.13193183899966,2.860360524062818,5.4452327546930555,1.6412391138422495,0.7843529956256308,0.10232155005320989,0.049922708938966665,6.452136001776557,7,1.1456984168912818,0.0
41.14228724500026,2.9109742151353455,5.339793451694089,1.6564075866920527,0.784324341495542,0.08757201278535658,0.05080608449476953,6.428751402996132,7,1.1723136527444638,0.0
41.15303915000004,2.9530720316900845,5.243204789630745,1.660891050346926,0.7843000799911205,0.0727349941343871,0.0515408300015503,6.405533448507489,7,1.1863507502478043,0.0
41.16297053600101,2.986748420843167,5.155513607658785,1.6762069027687665,0.7842804530842633,0.0580610455720473,0.0521285938724545,6.382341400191064,7,1.1863507502478043,0.0
41.173652794999725,3.0120748050857644,5.076762782466198,1.6915411552883612,0.7842654517969229,0.04347141380095749,0.05257062266511303,6.3593656464030435,7,1.2082436823488294,0.0
41.18393052200008,3.029014980849563,5.0070309889605085,1.690872321410108,0.784255102884809,0.028825269060069006,0.05286628450805786,6.336517536902106,7,1.2077659438643629,0.0
41.19385261699972,3.0375863972837833,4.946357540094779,1.6833701190663095,0.7842494844169842,0.014243034324472839,0.05301588394639456,6.31360403207595,7,1.2077659438643629,0.0
41.204138029001115,3.0379170645362246,4.894715657547314,1.6801608788532516,0.7842485530067236,-0.00011998014016397396,0.053021655178678184,6.290880819040166,7,1.2024072279045068,0.0
41.214558679999755,3.0301226222666826,4.852069874763898,1.6749646572244512,0.7842521966074081,-0.014302364262414664,0.05288561649771806,6.268394583290158,7,1.1964033265888938,0.0
41.22489767099978,3.0142667145332767,4.818394811962066,1.6607623277416277,0.7842603227773453,-0.028368696506696992,0.05260887870187769,6.245717760416845,7,1.186258805529734,0.0
41.235119793000194,2.99044236183795,4.79363738750391,1.638910548851455,0.7842727924638606,-0.042257297596102694,0.05219306530518786,6.223303013282791,7,1.1706503920367535,0.0
41.24524684300013,2.9588118726960126,4.777698253863346,1.6182256380437368,0.7842893717664496,-0.055857960945459806,0.05164100912564473,6.200965816018428,7,1.1706503920367535,0.0
41.25593098900026,2.919549491858654,4.77045870606725,1.5973351589703766,0.7843098164088688,-0.0691687291505991,0.0509557513078609,6.178539598068443,7,1.1409536849788404,0.0
41.265984621000825,2.872795189937899,4.771802570965695,1.5682524715093464,0.7843339076858715,-0.08223409821809756,0.050139734799872215,6.156371833946627,7,1.1201803367923902,0.0
41.27585942299993,2.818710839945705,4.781590293619823,1.5318038439708817,0.784361352220057,-0.09500611911363142,0.049195784818707455,6.134796120256328,7,1.1201803367923902,0.0
41.28568372100017,2.7575115807502133,4.799644507262026,1.4962237980499014,0.784391771124396,-0.10739627530500759,0.04812765624596471,6.113314920605702,7,1.094145602836344,0.0
41.29580259800059,2.689426322794882,4.825768727529922,1.4602507593106688,0.7844248165585025,-0.11939959580967052,0.04693934432257452,6.091850645209146,7,1.068731284321358,0.0
41.30655415300134,2.614650758255183,4.859769688495823,1.419373930587388,0.7844601970830963,-0.1310629187536199,0.045634264521319245,6.069899180130083,7,1.0138385218481343,0.0
41.31647275500109,2.5333816762422394,4.9014417364979606,1.3708040851313867,0.7844975655504337,-0.14237468879174567,0.04421585146012008,6.04787395792788,7,1.0138385218481343,0.0
41.32730408499992,2.4458634617422454,4.950545454295124,1.319716827799255,0.7845364622036899,-0.1532502679419171,0.042688370461628544,6.025953943158433,7,0.9426548769994678,0.0
41.33727968899984,2.3523791040107525,5.00681216806602,1.2678907545811433,0.7845764287157845,-0.16363700719660046,0.04105676062010177,6.004452971907774,7,0.9056362532722453,0.0
41.34760128600101,2.253206585490976,5.069964727957749,1.2154098967839861,0.7846170790507845,-0.1735425185561632,0.039325873644436626,5.982713672789741,7,0.8681499262742758,0.0
41.357683628000814,2.1486076425968323,5.139723251819386,1.1569335249825297,0.7846580675773037,-0.18299288334643252,0.03750027769682829,5.96097760502665,7,0.8681499262742758,0.0
41.36795423100011,2.038857800990723,5.215791602876991,1.0927977542094256,0.7846989646714714,-0.19195177849999054,0.03558478160725942,5.939534895903057,7,0.8263810892732355,0.0
41.37832284000069,1.9242815037228047,5.297841426988344,1.0296794552374977,0.7847392602796242,-0.20033992198864806,0.03358504797519046,5.918142307656,7,0.7805698244353039,0.0
41.38889340100104,1.8052141410505735,5.38553032007174,0.966232775428017,0.7847785618551285,-0.2081531095498817,0.031506930464893834,5.896828795465446,7,0.6901662681628693,0.0
41.3993293500007,1.6819658942701288,5.478519275985244,0.897218458553543,0.7848165661619584,-0.21542540012452596,0.029355842761264572,5.875694261797708,7,0.640870327538245,0.0
41.409216238000226,1.5548610743113345,5.57645492089159,0.8233093346322669,0.7848528702372416,-0.2221210708827921,0.02713744515782901,5.854998063878152,7,0.5880780961659049,0.0
41.41925142800028,1.424189460963782,5.678992720284104,0.7387964354633383,0.7848872688098405,-0.22830174850670185,0.024856795266021248,5.834325378109995,7,0.5277117396166702,0.0
41.42966160099968,1.290469965801401,5.785674579856911,0.6818852833694145,0.7849186927602914,-0.23356879610023845,0.02252294980133307,5.813120295278031,7,0.4870609166924389,0.0
41.44005570800073,1.1540620047599015,5.8961104224437,0.6157583652715438,0.7849475143512088,-0.2382810676409266,0.02014218175522675,5.7919856035772215,7,0.4398274037653884,0.0
41.44994594800119,1.0151681817294806,6.009978095188419,0.5233407211498303,0.784973810890119,-0.24259124488039163,0.01771802723266358,5.771240285697324,7,0.4398274037653884,0.0
41.46061263000047,0.874186804147639,6.126859511911132,0.43710724181876226,0.7849966971671133,-0.24615521741781665,0.015257438009863122,5.750413635982067,7,0.3122194584419731,0.0
41.471049208001205,0.7316482834056991,6.246270482910594,0.3693051063269429,0.7850156837271474,-0.24883556285594544,0.01276967151199404,5.729464467378245,7,0.2637893616621021,0.0
41.48128823600018,0.5879305601670481,6.367794149578214,0.292815986700974,0.7850311329746004,-0.2508942144817022,0.010261324048009612,5.708953027556539,7,0.2091542762149814,0.0
41.491517903001295,0.4433285902769828,6.491049617662266,0.20190865841253255,0.7850430764178215,-0.25239986673248327,0.007737543568558269,5.688480682608128,7,0.14422047029466611,0.0
41.50179619000119,0.29827006084883095,6.615591950264428,0.11623078775212861,0.785050990734221,-0.2531342532190416,0.005205794621935933,5.667995522792995,7,0.08302199125152043,0.0
41.512209017000714,0.1532466277520074,6.7409446325565625,0.04183243816503364,0.7850547089499197,-0.2530378054641074,0.0026746582218506454,5.647301987696754,7,0.029880312975024026,0.0
41.52216478199989,0.008567968358428496,6.866715019117203,-0.054889399688944705,0.7850548521159663,-0.2524165720532561,0.00014953925806127089,5.627723138167187,7,-0.03920671406353193,0.0
41.53220472300018,-0.13525438101679077,6.992416328797423,-0.29229268401278646,0.7850506087968172,-0.2508496259160845,-0.0023606342764899146,5.607929410520155,7,-0.20878048858056175,0.0
41.54189154500091,-0.2768459756242847,7.117159781456309,-0.3576166598300496,0.7850386502818345,-0.24659225209893165,-0.004831873795539732,5.588161839286297,7,-0.20878048858056175,0.0
41.55242990199986,-0.41491424928573417,7.240094932656907,-0.31900536165549126,0.7850212639102768,-0.24059966783907424,-0.007241619763476592,5.5682856475966656,7,-0.2278609726110652,0.0
41.56244294899989,-0.5497543630176829,7.361115419630665,-0.3871508473030737,0.7850032081901444,-0.235197312137237,-0.009595023711862716,5.548026803104745,7,-0.2278609726110652,0.0
41.5731426020011,-0.6818134260007225,7.480192336390445,-0.5498813890471289,0.7849842078778801,-0.23021235549296892,-0.01189988916801532,5.527970801609815,7,-0.39277242074794927,0.0
41.583213418000014,-0.8102928744943848,7.596721318574697,-0.6270500967040554,0.7849609589029768,-0.22371803804970497,-0.014142278565376198,5.508376684391495,7,-0.44789292621718246,0.0
41.593267819000175,-0.9342193775704742,7.710020427599483,-0.6182258409089976,0.7849341537105938,-0.21582065712197723,-0.01630520407453684,5.48832974451155,7,-0.44789292621718246,0.0
41.603960206999545,-1.053656234562538,7.819897010102989,-0.6734286579014004,0.7849069493411177,-0.20814604545790333,-0.018389770477281964,5.468533020800783,7,-0.4810204699295717,0.0
41.61417834799977,-1.1688736035939886,7.926263045778588,-0.7931481478938203,0.7848794731918858,-0.20070282684091345,-0.020400692922366126,5.448970690544778,7,-0.5665343913527288,0.0
41.624485135000214,-1.2793365063635334,8.028662625872165,-0.8566107152090616,0.7848500052999692,-0.1922370019012534,-0.022328634277005044,5.429319534088427,7,-0.6118647965779012,0.0
41.634794298001,-1.3843696740119413,8.12658105390795,-0.862573167318726,0.7848191109214576,-0.18278781240559988,-0.024161808876268953,5.409742966336887,7,-0.6161236909419472,0.0
41.64511226200011,-1.4839748191194149,8.219827318165548,-0.9064784585162137,0.78478868555642,-0.17341685859823347,-0.025900246610321087,5.390192941560557,7,-0.6474846132258669,0.0
41.65557140400051,-1.5783090736374326,8.308292410688427,-0.9913966721633234,0.7847589356016393,-0.16416965033441897,-0.027546689949074832,5.370697490407283,7,-0.7081404801166595,0.0
41.66634398499991,-1.6756765681333217,8.399729793935302,-1.063553305812049,0.7847263233435285,-0.15340117216599963,-0.029246073312445553,5.350314644801307,7,-0.7596809327228922,0.0
41.67603702500128,-1.7498290481728376,8.469572443932535,-1.0556983762802963,0.7846996477504228,-0.14372800141690403,-0.030540278237654483,5.331996313764555,7,-0.7540702687716401,0.0
41.68642561100023,-1.8262885939756524,8.541729100320529,-1.065353053830342,0.7846713862421152,-0.13295534232606598,-0.03187474905649301,5.312642390569641,7,-0.7609664670216727,0.0
41.697116459001336,-1.8968485512801625,8.608174182427467,-1.1351326288500405,0.7846451677480196,-0.1226662235462782,-0.033106252631523336,5.292705760194698,7,-0.8108090206071719,0.0
41.707063489000575,-1.961449758022345,8.668746397012272,-1.203311698933307,0.784620388886863,-0.11214169226600718,-0.034233756389935976,5.274257675686368,7,-0.8595083563809336,0.0
41.717551896999794,-2.0249861838702294,8.728145368032491,-1.1998407888470402,0.7845946020550025,-0.09956266882474879,-0.03534267621593079,5.254855687495868,7,-0.8570291348907428,0.0
41.72785728300005,-2.0756867422981444,8.775346025446112,-1.1810078264697854,0.7845734601319719,-0.0879375434825637,-0.03622756789309767,5.235915899898276,7,-0.8435770189069896,0.0
41.73790225000084,-2.1158775919959076,8.812347654249688,-1.2123743371817268,0.7845567939699046,-0.0779935255566754,-0.03692903054949781,5.217581909196823,7,-0.8659816694155191,0.0
41.74829132400009,-2.158215510133881,8.850523789320752,-1.2885249290147827,0.7845391099028104,-0.06606890827994474,-0.03766796661944527,5.198599660878941,7,-0.9203749492962734,0.0
41.757979959000295,-2.1869360771039354,8.87575098544991,-1.2755921941579589,0.7845265598679366,-0.05560369500347012,-0.03816923507611225,5.180467004008814,7,-0.9203749492962734,0.0
41.768387894000625,-2.2122826787724086,8.897225690346751,-1.2351246019685693,0.7845151583809817,-0.04366971285344723,-0.038611616729418596,5.162155044949518,7,-0.8822318585489781,0.0
41.77846527300062,-2.2311310041914445,8.911936012784333,-1.2550952485963722,0.7845067317749028,-0.0324259403129577,-0.03894058206646811,5.144155691003978,7,-0.8964966061402659,0.0
41.788432491001004,-2.243820150041653,8.9199938690548,-1.3051558041827718,0.7845009980935822,-0.02159241899646636,-0.039162049440820024,5.125496418009935,7,-0.8964966061402659,0.0
41.7994497030013,-2.2500682837530097,8.921232539278765,-1.2984737589894846,0.7844978762888069,-0.010257048759520538,-0.03927109994618805,5.106685276202646,7,-0.9274812564210604,0.0
41.80954489500073,-2.249177773951815,8.914538234145946,-1.2493655094775487,0.7844977212547026,0.0025688543164668586,-0.03925555761813593,5.087980253526416,7,-0.9274812564210604,0.0
41.82020801100043,-2.241667349194894,8.901280185839235,-1.2448272361821047,0.7845004473759223,0.013576067644517454,-0.03912447597790436,5.06943604839545,7,-0.8891623115586462,0.0
41.830333940000855,-2.229770698863199,8.883655348180659,-1.2631090903690385,0.7845050152010348,0.023057608176935123,-0.0389168402596578,5.05159824075361,7,-0.9022207788350274,0.0
41.840310798001155,-2.2107750769650223,8.857723672716613,-1.259214351613417,0.7845124773737904,0.03372215601921192,-0.038585304114070684,5.033227889818336,7,-0.9022207788350274,0.0
41.85058803300126,-2.1855356967291737,8.825052315979137,-1.2151100450494285,0.7845225152815096,0.044599976831634976,-0.038144793827792345,5.015112867771396,7,-0.8994388225810122,0.0
41.861676077000084,-2.1542059306228496,8.785742456763801,-1.1771867020749855,0.7845348445176541,0.0551403860365659,-0.03759798625535726,4.996412568068093,7,-0.8408476443392754,0.0
41.8708598000012,-2.117198454355401,8.740027188886765,-1.1828786778306437,0.7845490396487896,0.06502255942696461,-0.03695208394663663,4.979516528452808,7,-0.8408476443392754,0.0
41.88139480100108,-2.074659106697939,8.688025741706005,-1.174565336468415,0.7845651336350986,0.07475075378339863,-0.03620963226836338,4.961898942206408,7,-0.838975240334582,0.0
41.89168677500129,-2.0264562145551377,8.629737480176502,-1.1219871028225386,0.7845832462646661,0.08463301109624413,-0.03536833309148779,4.943958267467885,7,-0.801419359158956,0.0
41.902024574999814,-1.9727689950947318,8.565316244804817,-1.0762549852179968,0.7846028553973723,0.09411501233944479,-0.03443131434566293,4.92608971263836,7,-0.7687535608699978,0.0
41.91183545700005,-1.9140130688976829,8.495036117448983,-1.0613295029269267,0.7846234536371482,0.10293512986668651,-0.03340582997846564,4.908429905402933,7,-0.7687535608699978,0.0
41.92211884000062,-1.8503651793321458,8.419069302833806,-1.0355786591186684,0.7846451302045164,0.11151468907974615,-0.03229496474360127,4.890752643482572,7,-0.7580925020906619,0.0
41.93240438800058,-1.7818335162983854,8.337517996085321,-0.9806274980973503,0.7846678873615449,0.12002580799482442,-0.031098861581794868,4.8730493618987,7,-0.7396990422276204,0.0
41.94316627800072,-1.7086398987098796,8.250592437466084,-0.9301747024681642,0.7846911621064022,0.1280945558977703,-0.02982139196342981,4.855488558094788,7,-0.6644105017629744,0.0
41.95298798800104,-1.631157391964048,8.158581981610778,-0.8985293513271199,0.784714493263906,0.13555462631876858,-0.028469067108016333,4.838032469305316,7,-0.6644105017629744,0.0
41.96339794800042,-1.5496055257945378,8.061712492735627,-0.8586593793870038,0.7847379169160102,0.1426733655597413,-0.027045718532212604,4.820460049343492,7,-0.6418066795193713,0.0
41.97348238300037,-1.4641047833762713,7.960170980080542,-0.8021929625782677,0.7847613480168775,0.1495455434185668,-0.025553449064114275,4.80338634765221,7,-0.6133281281335741,0.0
41.984195515000465,-1.3749055993157067,7.854212085480916,-0.7454409497413785,0.7847843095949992,0.15595162300876733,-0.023996629612164977,4.786086921458315,7,-0.5324578212438418,0.0
41.994349456001146,-1.2823550961614967,7.744142460429533,-0.7005492077723446,0.7848064013959745,0.16177026067025763,-0.022381318607746614,4.769082660813705,7,-0.5003922912659604,0.0
42.00463716900049,-1.186721313231013,7.630238347076776,-0.6508126549101071,0.7848275916192046,0.16715070083962721,-0.020712194219472124,4.751890803855248,7,-0.46486618207864794,0.0
42.01455786400038,-1.0882051222482678,7.512750448246128,-0.5895516149059148,0.7848477826526287,0.17215891944910072,-0.018992762320299672,4.734720025582146,7,-0.46486618207864794,0.0
42.02516635200118,-0.9870906206140875,7.391973635312847,-0.5300079354324921,0.784866590163647,0.17665045917226457,-0.017227981345270038,4.7178335538099265,7,-0.3785770967374944,0.0
42.035234860000855,-0.883717777958776,7.268233920099171,-0.47687431905854966,0.7848837420093648,0.1805655823861338,-0.015423784883788816,4.701220238896473,7,-0.34062451361324975,0.0
42.04483212500054,-0.7783685632857372,7.14183484518406,-0.41980824251739574,0.7848992194512056,0.18400308635207935,-0.013585094223353966,4.684774162286992,7,-0.34062451361324975,0.0
42.05507925300117,-0.6712938653989118,7.013069406125171,-0.35358104060425644,0.7849129257313687,0.18698801683551078,-0.011716288199650648,4.667962050279093,7,-0.2998630303695684,0.0
42.065783093999926,-0.5628131067729704,6.882266042646061,-0.2901602279036631,0.784924556799866,0.18939906415168417,-0.00982294178656673,4.651174663027161,7,-0.20725730564547362,0.0
42.07577336400027,-0.45328436658587845,6.749774339529557,-0.23159866670238927,0.7849339523680171,0.19120160498039224,-0.007911304644740547,4.634220100445853,7,-0.20725730564547362,0.0
42.0860219590013,-0.3430137880485367,6.6159222142963605,-0.1716397930776381,0.784941160841485,0.19247908237489758,-0.00598671998118494,4.61756833597423,7,-0.1654276190731352,0.0
42.096371145000376,-0.2322777957765186,6.481025631232905,-0.10525522380630647,0.7849461825026081,0.19326603963341557,-0.004054012315575228,4.600841380536706,7,-0.12259985219831293,0.0
42.106963287000326,-0.12139421420036656,6.345421247722729,-0.04082089441777157,0.7849488651310281,0.19348506062610477,-0.0021187287306676517,4.584425751940648,7,-0.029157781726979692,0.0
42.11694587400052,-0.010710982986232463,6.209460727425163,0.021156357040488415,0.7849491557148306,0.19310785295204236,-0.00018694191923485093,4.567777832277192,7,-0.029157781726979692,0.0
42.127187832000345,0.09945174378974585,6.0734831853566495,0.17769258091708692,0.7849471352058871,0.19217591529089753,0.0017357603759808882,4.551378881333568,7,0.015111683600348869,0.0
42.13739130000067,0.20826849170048037,5.938063078836329,0.24320466868313345,0.7849411863431874,0.18959083151778688,0.003634970908335866,4.535096000919441,7,0.12692327208363352,0.0
42.147823753999546,0.31477851286094966,5.803837869293395,0.22818849693374332,0.784931907678205,0.18562704669746755,0.005493921463954887,4.51866214428963,7,0.17371762048795247,0.0
42.157977206001306,0.41907349474884054,5.670952171737079,0.2789115935372188,0.7849218797655184,0.18191754158635445,0.0073142122912064345,4.502547240388738,7,0.16299178352410237,0.0
42.16864535100103,0.5214149357994253,5.5394670872277345,0.3942678894872067,0.7849110949653212,0.17842619620561082,0.009100407398774824,4.486379724738097,7,0.2816199210622905,0.0
42.17851302500094,0.6212561881582986,5.409816839693211,0.45606304896059907,0.7848978904540087,0.17389468407767023,0.010842965981751718,4.470192601997295,7,0.2816199210622905,0.0
42.18918508200113,0.7179038807550135,5.282501286703037,0.4610785593267529,0.784882555935725,0.16834344304318521,0.01252978643201974,4.454138749461413,7,0.3293418280905378,0.0
42.19892520100075,0.8113289000113133,5.157706452285135,0.5029659968058219,0.7848666991323828,0.16281867023460658,0.014160360621781276,4.438364380335331,7,0.3293418280905378,0.0
42.20966627400048,0.9016678520468556,5.035535405703421,0.5895257291969038,0.7848504923846119,0.15738597697757328,0.015737072777602723,4.422311542929536,7,0.421089806569217,0.0
42.21991389100003,0.9885495984737305,4.916322529273319,0.6418139821058446,0.7848330863903024,0.1512365921991196,0.017253445312634508,4.40645127061655,7,0.45843855864703187,0.0
42.23036653300005,1.0714793425488998,4.800454981068959,0.6556153661426273,0.7848147315370975,0.14434758134559036,0.018700842394582473,4.390357534442806,7,0.4682966901018766,0.0
42.24051733000124,1.1503916295477459,4.688113937136722,0.6885395177851017,0.7847964213811227,0.13739816224061677,0.020078121622991052,4.3747409944976825,7,0.4918139412750726,0.0
42.25038339800085,1.2253584273820135,4.579409609339997,0.7511019838645652,0.7847783728674972,0.13048773739605263,0.021386539074875976,4.358977635511538,7,0.4918139412750726,0.0
42.26116289200036,1.2961431272098327,4.474589274538442,0.7937558589915454,0.7847602249136336,0.12311237817116098,0.022621965146907286,4.343202867705821,7,0.5669684707082467,0.0
42.271209885000644,1.3624036958851893,4.373942881159214,0.8059602797675788,0.7847421688061976,0.11521475163282546,0.023778430234536074,4.327894756678656,7,0.575685914119699,0.0
42.2807843770006,1.424083251707037,4.27762035336107,0.8299828863353503,0.7847248246380346,0.10726661126807982,0.024854941564794952,4.312843233723564,7,0.575685914119699,0.0
42.29118350899989,1.4812461375338766,4.185707246720939,0.8751792651809368,0.7847083728811789,0.0993698033979403,0.025852622132414904,4.2977047636608665,7,0.625128046557812,0.0
42.301420578000034,1.5337416271844069,4.098381595610871,0.9070143428530724,0.7846926650866413,0.09117002638726511,0.026768841269263266,4.282329000707094,7,0.6478673877521945,0.0
42.311274910000066,1.5813319337988694,4.01585448300097,0.9161210465569518,0.7846778530485673,0.08260584811914622,0.027599448811719274,4.266892553592673,7,0.6478673877521945,0.0
42.32159454700013,1.6239756218820443,3.938237504948219,0.9304907315467786,0.7846642979464301,0.07400660796599881,0.028343721573964142,4.251471272559675,7,0.6543721761121084,0.0
42.332378512001014,1.6617350548198766,3.865585379427689,0.9583218482110325,0.7846521256725957,0.06547819702324348,0.029002748002415313,4.236056352854711,7,0.6845156058650232,0.0
42.3426700680011,1.6945426234586818,3.7980049677137586,0.9767576268796674,0.7846413024591633,0.05680301152840716,0.029575348094736498,4.2207710653852555,7,0.6976840191997624,0.0
42.352943531001074,1.7222720234091078,3.7356222429266976,0.9794239191406675,0.7846319275619718,0.04794055921082195,0.030059317423473786,4.205633291909019,7,0.6995885136719053,0.0
42.36343033199955,1.7449269049487262,3.6784941190354643,0.9861196320293222,0.784624158726213,0.03910943083911343,0.030454719697989407,4.190261695077864,7,0.7043711657352301,0.0
42.373501494001175,1.762581288007592,3.6266359262975487,0.9984886843470187,0.7846180318101014,0.03037917096605204,0.030762846809774924,4.175413552204488,7,0.7132062031050133,0.0
42.38397676900058,1.7752159491441324,3.580097779762136,1.0049187799757375,0.7846135361394171,0.021604113604521306,0.03098336324648132,4.160125252937623,7,0.7177991285540983,0.0
42.393643470000825,1.782791476036351,3.538930687936147,0.9983357150135411,0.784610711598257,0.012777606425717703,0.03111558113332391,4.145425091128325,7,0.7177991285540983,0.0
42.40403855099976,1.7853603699922107,3.5031341922014883,0.9959174593295355,0.7846095768594145,0.004064120431344176,0.031160416790988243,4.130398016372081,7,0.7130969392953865,0.0
42.414219456000865,1.7830188356898173,3.4726787067597327,0.9961664333111754,0.7846100913158229,-0.004506444693675751,0.031119549307863092,4.115682927606709,7,0.7113696138068111,0.0
42.42449878700063,1.7757996689553242,3.447555621419144,0.9906518526115194,0.7846122238901942,-0.013024636038452395,0.030993551079095738,4.100828369984709,7,0.7115474523651253,0.0
42.434824292000485,1.7637292721842408,3.427750899569019,0.9776902166659248,0.7846159443524521,-0.021482677245202888,0.03078288291341824,4.085944710522339,7,0.7076084661510853,0.0
42.44561133100069,1.7468937733143632,3.4132142631807185,0.9646284865045108,0.7846211778170097,-0.029781232214866997,0.030489048026923093,4.071069015904451,7,0.6890203475032219,0.0
42.4556158510004,1.725409883351592,3.4038727937478086,0.9528426014011241,0.7846278292420273,-0.03788581460944548,0.030114083410936576,4.056262808008387,7,0.6890203475032219,0.0
42.46606437199989,1.6993682166854307,3.399657533426409,0.9353504466371793,0.7846358218294973,-0.04583770368391072,0.029659570584905204,4.041888298911879,7,0.6681074618836994,0.0
42.47629466400031,1.6688678419050846,3.4004875934009338,0.9161815355977366,0.7846450488839521,-0.0536013455624952,0.029127238621895923,4.027371236857536,7,0.6544153825698118,0.0
42.48665202400116,1.6340436033437242,3.406257525597947,0.897322240987774,0.7846553811505356,-0.0611377033431656,0.028519440999500212,4.01274916099426,7,0.64094445784841,0.0
42.49713882400101,1.5950101047121716,3.4168636264829466,0.8740265487542592,0.7846667185144955,-0.06847748125743017,0.027838177929806918,3.99810992895581,7,0.6243046776816137,0.0
42.5072565800001,1.5518858900077754,3.432192909201306,0.8450765915277785,0.7846789340054642,-0.07560173807289347,0.02708551839587825,3.983806212912682,7,0.603626136805556,0.0
42.517270741000175,1.5048330595126658,3.4521048031924684,0.8174491786397771,0.7846918495911669,-0.08243652760825,0.026264291581355792,3.969479741234245,7,0.603626136805556,0.0
42.52801412000008,1.4540274349235311,3.4764452450662073,0.7909888557019767,0.7847053161332114,-0.08897506038006149,0.025377566153743203,3.9550162207406627,7,0.5649920397871262,0.0
42.537665453000955,1.399613138342308,3.5050681632106375,0.7567845066888181,0.7847192311997526,-0.09526526882980883,0.024427857518244167,3.9411803637648957,7,0.5649920397871262,0.0
42.5484436200004,1.3417535284348385,3.537812043134418,0.7232638861401384,0.7847334169918027,-0.10125320206450972,0.02341801682143929,3.926822367029929,7,0.5166170615286703,0.0
42.55887139300103,1.2806452483855986,3.5744935744291646,0.6900151839003575,0.7847477025091867,-0.10690847640901742,0.02235147613434929,3.9124597434681774,7,0.49286798850025537,0.0
42.568623597000624,1.2164644350233063,3.614933036492624,0.6512638960344533,0.7847619701595475,-0.11225820543177971,0.021231309624569317,3.898615883979005,7,0.49286798850025537,0.0
42.579320800999994,1.1494021608840905,3.65893811850602,0.613896492089939,0.7847760468607062,-0.11726306628063962,0.020060852136964957,3.8842309890235223,7,0.4651884971674667,0.0
42.589799220000714,1.079666016202546,3.706303449846071,0.5748813617553153,0.7847897875535672,-0.12191531190717214,0.018843726804624872,3.869992997936398,7,0.43849749434995644,0.0
42.60006213500128,1.0074512606604613,3.756824402302871,0.53034559065289,0.7848030708497695,-0.12622322104024544,0.017583341551892673,3.856436127247221,7,0.37881827903777854,0.0
42.610573175001264,0.9329834421441799,3.8102775675471476,0.4898982938463828,0.7848157102859,-0.13012770765710843,0.016283632932005965,3.8423338697746043,7,0.34992735274741626,0.0
42.620832247999715,0.8564922298895703,3.8664332581414684,0.44840598793929554,0.7848276038955473,-0.1336470280093064,0.014948609429321191,3.8283654749690728,7,0.3202899913852111,0.0
42.63118813999972,0.7781759909256141,3.925072450711303,0.40182176737138886,0.7848386821228596,-0.13681493034891748,0.013581733201621482,3.8145770298224324,7,0.2870155481224206,0.0
42.64152684799956,0.6982596258651164,3.985960206404275,0.35488316650220747,0.7848487911761604,-0.13958033968294742,0.012186929505090038,3.8008028055934098,7,0.2534879760730053,0.0
42.651890704000834,0.6169964519422068,4.048845100764494,0.31053658265354434,0.7848578005570889,-0.1419086947932833,0.01076861955951447,3.786988365715317,7,0.22181184475253168,0.0
42.662162001999604,0.5346209627062101,4.113481638635646,0.2641057998111666,0.7848656717704587,-0.14383490655599473,0.00933089604940518,3.7733985752427945,7,0.188646999865119,0.0
42.67261708800106,0.45135585134183137,4.179627434799316,0.2163595054707759,0.7848723490820891,-0.1453656267350178,0.007877645704057024,3.759591665897064,7,0.15454250390769708,0.0
42.68262663800124,0.36744021062175775,4.247030451737947,0.16740387115581506,0.7848777544519939,-0.14647829323715622,0.006413041479571113,3.745996688433274,7,0.15454250390769708,0.0
42.693394952000745,0.2831246649869576,4.315431644470982,0.11902202323521856,0.7848818247639884,-0.1471526133521339,0.004941457597628318,3.7326029091132673,7,0.08501573088229897,0.0
42.70379911100099,0.19866178496523199,4.384569831348659,0.07277534419680762,0.7848845352105472,-0.1473889080407529,0.0034673022455322666,3.719007151049733,7,0.051982388712005445,0.0
42.713948787000845,0.11428649931176213,4.454191259107416,0.02483904540605657,0.7848859136836834,-0.1472194879071762,0.0019946757035684826,3.70544200161821,7,0.017742175290040407,0.0
42.724174117000075,0.03022773791690912,4.524044621554923,-0.025791585669716,0.7848859637831174,-0.14664446138359294,0.0005275735520799962,3.6921906897889767,7,-0.018422561192654285,0.0
42.734129177000796,-0.053259321381649447,4.593866413214925,-0.11135530266215277,0.7848846505696115,-0.14561945181485583,-0.0009295505154875983,3.6793234787093816,7,-0.07953950190153769,0.0
42.74448003600082,-0.1357077866199881,4.663294850560233,-0.17170417801863957,0.7848815036535522,-0.1437048525686031,-0.0023685476971126995,3.665961997836446,7,-0.1226458414418854,0.0
42.75462461300049,-0.2165530717926967,4.731923203159342,-0.18498527026114608,0.7848766046358822,-0.14089656677550721,-0.0037795641080902165,3.652578769719037,7,-0.1226458414418854,0.0
42.764844285000436,-0.29565637469199263,4.799544837570474,-0.21826467250603301,0.7848708718321179,-0.13792762778781342,-0.005160177192885307,3.63959589617622,7,-0.13213233590081863,0.0
42.77519214000131,-0.3730789776803574,4.866049279723521,-0.2845118191360072,0.7848645488258632,-0.13496989780081856,-0.006511456530496673,3.626373347467808,7,-0.1559033375043093,0.0
42.78577959900031,-0.4485586026536846,4.93117813957721,-0.3352896348426082,0.7848571395410089,-0.13149588809177723,-0.00782882450445177,3.6132564653209553,7,-0.23949259631614872,0.0
42.796101608000754,-0.5216899502299513,4.994608946822724,-0.3569263700902031,0.7848486405145279,-0.1273835977747949,-0.009105207306078,3.600262826702442,7,-0.2549474072072879,0.0
42.806410414999846,-0.5923251359258097,5.056142420436412,-0.38660785187509566,0.7848396111282884,-0.1230647847853658,-0.01033802386422833,3.5872248968244693,7,-0.27614846562506834,0.0
42.81686158600132,-0.6604586036352735,5.115649701508166,-0.43731237976330345,0.7848302757668006,-0.11868625963255772,-0.011527177206559713,3.5742676860677682,7,-0.3123659855452168,0.0
42.82735550899997,-0.7259045467051296,5.17292212637331,-0.47879349679551947,0.7848204376163918,-0.11394088779351065,-0.012669424395201467,3.5612812494232227,7,-0.3419953548539425,0.0
42.837235684000916,-0.7883765986608133,5.2277082367997005,-0.5021175743975296,0.7848101490310562,-0.10873732817632083,-0.013759767392305111,3.548745221403031,7,-0.35865541028394965,0.0
42.847460664999744,-0.8477399776576395,5.279831734078916,-0.5259916041200313,0.7847997580255657,-0.10333055489288487,-0.014795853810908977,3.5358954190077547,7,-0.3757082886571652,0.0
42.85780439900009,-0.9039670538231596,5.329171371072832,-0.5629999005898284,0.7847894643350273,-0.09785377173353638,-0.01577720141876693,3.52318464544987,7,-0.40214278613559173,0.0
42.8680660530008,-0.9569413917479861,5.375569794362398,-0.5957674071692655,0.784779232016213,-0.09214202923950357,-0.016701778034619252,3.5104719303646217,7,-0.42554814797804674,0.0
42.878068964000704,-1.0064688958596788,5.418838685503609,-0.6161338916254131,0.7847691217418653,-0.08611309876389506,-0.01756619605166332,3.4981808443570954,7,-0.44009563687529507,0.0
42.88844553000126,-1.0524393268511127,5.458834303721058,-0.63295271753853,0.7847593490686869,-0.07991505740417887,-0.01836853143102468,3.4855308954218893,7,-0.45210908395609284,0.0
42.89845640400017,-1.0948314703377053,5.495460307418852,-0.6575335761772518,0.7847500745190127,-0.07367349600347939,-0.01910841391184359,3.4728667820009553,7,-0.45210908395609284,0.0
42.90913893600009,-1.1335906375367182,5.52861083407981,-0.6817654467620861,0.7847413257550597,-0.067312958223525,-0.019784888994797356,3.4603194105159405,7,-0.48697531911577574,0.0
42.919611831999646,-1.1685972554837065,5.558155823948138,-0.6959144967124474,0.7847331478580621,-0.0607506409754883,-0.020395869737960037,3.44785459828095,7,-0.4970817833660339,0.0
42.92996883900014,-1.1997749611488147,5.583991517378705,-0.7056812143115346,0.7847256695276811,-0.05407646983264455,-0.020940023355033865,3.4352762914960215,7,-0.5040580102225247,0.0
42.94009497400111,-1.227124100416296,5.606056345077315,-0.7209951344015854,0.78471899327097,-0.04740091122393742,-0.021417355882837885,3.4229455323116857,7,-0.514996524572561,0.0
42.95039700500092,-1.2506282121897778,5.624287469007137,-0.7350157169063032,0.7847131441339181,-0.04067735280071507,-0.021827580021041904,3.4106052218413314,7,-0.5250112263616451,0.0
42.960826032000114,-1.2702249662187144,5.638607177664514,-0.7404118920180669,0.7847081570384835,-0.03385160308141828,-0.022169607901550314,3.3981194449599967,7,-0.5250112263616451,0.0
42.971263023000574,-1.285892589049731,5.648963220660392,-0.7441838352010045,0.7847040970206075,-0.027004773230677362,-0.02244305950591219,3.385833494152673,7,-0.5315598822864318,0.0
42.98119656699964,-1.2976602722203723,5.655333822500057,-0.7520182802218097,0.7847009956180125,-0.020202131131982236,-0.022648444322571404,3.3740752399895735,7,-0.5371559144441498,0.0
42.99164634200133,-1.3055295691123743,5.6576910628056885,-0.753911242171302,0.7846988559780542,-0.013389181656081122,-0.022785789463153794,3.3619083933356775,7,-0.5385080301223586,0.0
43.00141572699977,-1.309499172473133,5.6560123376824345,-0.7520767160283831,0.7846976923991443,-0.0065927210774985616,-0.02285507211179727,3.349723936831829,7,-0.5385080301223586,0.0
43.01223915599985,-1.309613988379699,5.650303291750277,-0.7507686711051945,0.7846975006385493,0.00012873393000697786,-0.022857076027400502,3.337614434408636,7,-0.5362633365037104,0.0
43.022672375000184,-1.3059155986655535,5.640574724004951,-0.7473066444752209,0.7846982627059418,0.006783309630187436,-0.022792526949866776,3.3254551106848993,7,-0.5337904603394434,0.0
43.032534318001126,-1.2984380326319336,5.626840522451134,-0.7405634751260183,0.7846999579969748,0.013374873764660488,-0.022662018802544814,3.3134559449987897,7,-0.5337904603394434,0.0
43.043074904000605,-1.2872321916593525,5.609128989941553,-0.7315032119707534,0.7847025538780951,0.01987386701543488,-0.02246643998211839,3.3015324790823413,7,-0.5225022942648239,0.0
43.053116724000574,-1.2723682330963866,5.587483910387048,-0.7213668188575307,0.7847060039440539,0.026250213366267164,-0.02220701496531463,3.2896416689775316,7,-0.5225022942648239,0.0
43.06414846200096,-1.2539224263452233,5.561958337443507,-0.7079593035720768,0.7847102562177859,0.03249512719797119,-0.021885074904320234,3.2773214036606877,7,-0.5056852168371977,0.0
43.07408633700106,-1.2319664088069602,5.532609458946574,-0.6945779662925665,0.7847152570231375,0.038609443225297316,-0.02150187010765192,3.265889667608606,7,-0.4961271187804046,0.0
43.084372581000935,-1.2066067870163637,5.499516943692687,-0.6799890453416243,0.7847209266915466,0.04454408180524278,-0.021059261210345515,3.2540813154202786,7,-0.48570646095830305,0.0
43.09475864700107,-1.1779305832096467,5.462757383246175,-0.6619366052357568,0.7847272070855242,0.05032550577243726,-0.02055876703694537,3.2423008601418153,7,-0.47281186088268345,0.0
43.10509791000004,-1.1460363040853319,5.422418586438706,-0.6414008045731177,0.7847340184954565,0.05592945075566193,-0.020002106853675983,3.230538557804599,7,-0.45814343183794115,0.0
43.11538345500048,-1.1110456924939949,5.378604927253585,-0.6209535414372809,0.7847412665652403,0.06132021198774819,-0.01939140547412066,3.218903518783684,7,-0.44353824388377205,0.0
43.12564259499959,-1.0730833275066385,5.3314276708903146,-0.5990963954180794,0.7847488688822473,0.06649777392530082,-0.018728837213247473,3.2072781179821854,7,-0.42792599672719955,0.0
43.136121219000415,-1.0322680801936386,5.281000770696729,-0.5743514227064906,0.784756746054115,0.07146601188255904,-0.01801647676261986,3.19564969160818,7,-0.4102510162189219,0.0
43.146174565001274,-0.9887318626799978,5.227449399999968,-0.5494855809314765,0.7847648006447995,0.07620009779080722,-0.017256626423142407,3.18442509653721,7,-0.3924897006653403,0.0
43.15653087300052,-0.94261478571471,5.170907503690064,-0.5215216359129293,0.7847729435460565,0.0806934581941742,-0.0164517315887025,3.172881552058963,7,-0.37251545422352095,0.0
43.16667447300097,-0.8940634912977679,5.111516785475694,-0.49294010292983903,0.784781076374727,0.08492537811118485,-0.015604351645021719,3.1614192604486937,7,-0.35210007352131356,0.0
43.176795717999994,-0.8432380720695403,5.049429710698385,-0.4644618593067893,0.7847891032146934,0.08888060018041112,-0.014717280735782712,3.1500693336116776,7,-0.35210007352131356,0.0
43.187061423999694,-0.7902919915805742,4.984799888855978,-0.434904305610667,0.78479694989633,0.09256997920630797,-0.013793197305224325,3.138991128987663,7,-0.3106459325790478,0.0
43.19738559899997,-0.7353744203949885,4.917782882287806,-0.40102682955695534,0.7848045424514699,0.09599735016982038,-0.012834704870837488,3.1276098261173084,7,-0.2864477353978252,0.0
43.207703416001095,-0.6786566986465822,4.848548283298877,-0.3676379784774202,0.7848117710610494,0.0991178981083724,-0.011844793882097804,3.1162859247290844,7,-0.26259855605530014,0.0
43.21834047199991,-0.620328206563349,4.777277559469159,-0.3358443703027628,0.7848185478692314,0.10191418056738036,-0.010826769647521939,3.105024660244329,7,-0.23988883593054489,0.0
43.22862622700086,-0.5605585865690222,4.7041461358111105,-0.30137473131796355,0.7848248329955297,0.1044184526851315,-0.009783592985955103,3.0936151378335977,7,-0.21526766522711682,0.0
43.23916059600015,-0.4995146535397972,4.629330939728814,-0.2650779330431576,0.7848305627369578,0.10662449746262259,-0.008718175366228209,3.0822612284334805,7,-0.18934138074511253,0.0
43.24989363300119,-0.43738515231777025,4.553021670832889,-0.22905123646704234,0.7848356555571172,0.1085000811335049,-0.007633811007281999,3.070830601484706,7,-0.16360802604788738,0.0
43.26044225199985,-0.3743641350084205,4.475412773571573,-0.19409398608466155,0.7848400592154408,0.11004009780928015,-0.006533886757277507,3.0594790037835184,7,-0.13863856148904397,0.0
43.2709433,-0.3105946664471826,4.396676859156087,-0.15201469508666002,0.7848438123249073,0.11133044713451941,-0.005420899568636894,3.0482116313022303,7,-0.10858192506190001,0.0
43.28097981100109,-0.2462744419794807,4.317013586043581,-0.1129090091332749,0.7848467844508198,0.11226009437085915,-0.0042982998760536795,3.0370530513651137,7,-0.10858192506190001,0.0
43.29128847799984,-0.1816438545833615,4.236643925445933,-0.08280732237549664,0.784848910456437,0.11278563895229003,-0.0031702833284934506,3.026507296621599,7,-0.05914808741106903,0.0
43.3016460430008,-0.11691209635098153,4.155775351830718,-0.05199331171105221,0.7848502291654226,0.11296688914248668,-0.002040501016733476,3.015443339596595,7,-0.037138079793608725,0.0
43.31211321199953,-0.05219141943868551,4.074570735937071,-0.010585530425573707,0.7848508584408065,0.11293940839924406,-0.0009109121104944329,3.0045352079178507,7,-0.007561093161124077,0.0
43.321835165001175,0.012348074364265276,3.9932201348327916,0.03783110363663909,0.7848506970798431,0.1125901779139514,0.00021551455393753471,2.9938244734554904,7,-0.007561093161124077,0.0
43.332223956000234,0.07642655189092752,3.91196486522587,0.09954805689719601,0.7848496010848532,0.11174768309639604,0.0013338949664429833,2.9833750982577207,7,0.07110575492656857,0.0
43.342555954001,0.1396433185471865,3.831102436248409,0.12555920825962943,0.7848473970803989,0.11018453944741997,0.002437235687059669,2.972580564107629,7,0.08968514875687816,0.0
43.35288690500056,0.20170377021806143,3.7508803691157984,0.13994801465897064,0.7848443979043442,0.10820055892158917,0.003520394903991253,2.961839696396833,7,0.09996286761355044,0.0
43.363236926001264,0.26261455471607836,3.6714042608522157,0.18140106329277259,0.7848410074850731,0.10621831255343635,0.00458348864345437,2.951018587521579,7,0.12957218806626614,0.0
43.373338053001135,0.322306550246839,3.5928129948856955,0.2297848994786943,0.78483708815349,0.10403931122207855,0.0056253105025518835,2.940495457088293,7,0.1641320710562102,0.0
43.38370225499966,0.38048570715339436,3.515348499134754,0.2572166344301575,0.7848324410891487,0.10135745496674783,0.006640728346605673,2.9298475878211656,7,0.1837261674501125,0.0
43.394238718999986,0.4369223118904746,3.4392208030023497,0.2762495444693663,0.7848272661929281,0.09833046488218186,0.007625732917914352,2.919136057129051,7,0.19732110319240448,0.0
43.40447578500061,0.4915680855802144,3.3645527884388167,0.30842769389465197,0.7848218231627287,0.09521668249489629,0.008579481591100002,2.908659600384425,7,0.22030549563903712,0.0
43.414780189999874,0.5443517183616786,3.2914750808616997,0.34687768790433077,0.7848161006197504,0.09193782830694913,0.009500729774300165,2.8981226745551893,7,0.24776977707452197,0.0
43.42534857899955,0.5950716415264942,3.220176063509202,0.3725501493206029,0.7848100275247876,0.08830496336612483,0.010385959429884739,2.8875804136662486,7,0.2661072495147163,0.0
43.43525089800096,0.6435472087790297,3.1508313118191587,0.38875007746242113,0.7848037361529858,0.08439214385417629,0.011232017685213425,2.8774925439283243,7,0.2776786267588722,0.0
43.44547615800002,0.6897277896036882,3.083552294259683,0.4154373073846106,0.7847974241034993,0.08039881288258431,0.012038020871087074,2.867166948101183,7,0.2967409338461504,0.0
43.45578244900025,0.7335595436590123,3.018448121446214,0.4466118771817026,0.7847911121616702,0.07627638473392057,0.012803029296276858,2.856718786596175,7,0.31900848370121615,0.0
43.46609146599985,0.7748840037216327,2.955672832238211,0.4660009043965147,0.7847847791252317,0.07187619538709834,0.013524277185978484,2.8464068303735877,7,0.33285778885465334,0.0
43.47613104999982,0.8135680991001166,2.8953647101978817,0.4782017415465646,0.7847785454938414,0.06727460167867753,0.01419944201848855,2.8364270310037996,7,0.3415726725332604,0.0
43.48632725000061,0.8495876060252487,2.8376070209735977,0.49908799920122354,0.7847725539521052,0.0626341795532285,0.014828101009277006,2.8262579488279496,7,0.35649142800087397,0.0
43.49697855700106,0.8829079887015437,2.782483303483597,0.5229827343193364,0.7847668235841307,0.05790465330333724,0.015409651395002832,2.8158694467666807,7,0.3735590959423831,0.0
43.50709113999983,0.913408815606796,2.7301126438142753,0.5347182354464736,0.7847613586950851,0.05296531201975323,0.015941991249080356,2.8058669398147487,7,0.38194159674748107,0.0
43.51744640000106,0.9410055631819593,2.680592846722782,0.543438008270628,0.7847562597915673,0.047908324101251724,0.016423645357108718,2.7957091840912485,7,0.38817000590759143,0.0
43.52779705000103,0.9657007002591218,2.633976325603502,0.5578710047956754,0.7847516091447111,0.04284919646798778,0.016854656808336532,2.7855668054739344,7,0.39847928913976816,0.0
43.538073863001046,0.9874735732245483,2.590321294135629,0.5715797459013015,0.784747419435701,0.0377359298346589,0.017234665129201687,2.775534844011054,7,0.4082712470723582,0.0
43.548374216999946,1.006257213779555,2.549702634513518,0.5782508861679868,0.7847437133960434,0.032511747275203555,0.017562501502397687,2.765514242996231,7,0.41303634726284777,0.0
43.5587607030011,1.0220164354064296,2.5121754448673372,0.5824717090516612,0.7847405432623193,0.027240505841696537,0.017837551807338148,2.75547261694554,7,0.4160512207511866,0.0
43.569138945000304,1.034764694472812,2.4777670188912544,0.5890155026067078,0.7847379422923159,0.021989838605383644,0.018060050901943736,2.7454643535322254,7,0.42072535900479124,0.0
43.57916944899989,1.044506697281315,2.446503540889328,0.5932742903451037,0.7847359181367091,0.016737867285517436,0.01823008092669065,2.735814035896987,7,0.4237673502465027,0.0
43.58941615399999,1.0512317596161933,2.4184132310444797,0.5950868607026827,0.7847344817635917,0.011473275137059246,0.018347455406836133,2.72598500034412,7,0.42506204335905906,0.0
43.59940516400093,1.0549457340564963,2.3935114541002096,0.5948515595552601,0.7847336425480378,0.006221108300623899,0.018412276489154333,2.716126694213925,7,0.42506204335905906,0.0
43.61047455300104,1.0556698307238455,2.37180124219952,0.5944967132712354,0.7847334004583899,0.0010066787724622088,0.018424914360102296,2.706038145585801,7,0.42464050947945386,0.0
43.62092733099962,1.0534273067576794,2.3532795049891653,0.5913334709737341,0.7847337486314173,-0.004170359311674622,0.018385774933337817,2.696065138606061,7,0.42238105069552434,0.0
43.63120952300051,1.0482454022607477,2.337936171456594,0.5848426152240906,0.784734675511459,-0.009295068281054229,0.01829533363834246,2.6863706703127974,7,0.4177447251600648,0.0
43.64145769500101,1.0401763819933907,2.325744405395146,0.5785581366661489,0.7847361578501578,-0.014325160308200784,0.018154502667266925,2.676770566496208,7,0.4132558119043921,0.0
43.65139131000069,1.029281620227927,2.316668057714168,0.5728057303895371,0.7847381672001236,-0.019253351625403137,0.01796435320323919,2.667089652064269,7,0.4132558119043921,0.0
43.66211903800104,1.0156062306388818,2.3106735960687725,0.5636624542280099,0.7847406799153359,-0.02410517215647624,0.0177256726284174,2.6574358602281576,7,0.40261603873429275,0.0
43.67234380900118,0.9991987783393858,2.3077210292522414,0.5511418850107466,0.7847436641013857,-0.028865176741856197,0.01743930856392728,2.6478787347006865,7,0.3936727750076761,0.0
43.682582620000176,0.9801403538566914,2.307750411207089,0.5396500861137364,0.7847470688943663,-0.03347813928477478,0.017106676306461566,2.638342838720157,7,0.38546434722409745,0.0
43.69289184199988,0.9585280521523416,2.310689607038621,0.5293783237367198,0.7847508450079196,-0.03793164268374815,0.01672947048278628,2.6288418027255953,7,0.37812737409765695,0.0
43.70312268700036,0.9344231507652395,2.3164786080654975,0.5137965824168896,0.7847549674658396,-0.042281012372414474,0.0163087605877128,2.619479297920712,7,0.36699755886920693,0.0
43.713604452001164,0.9078957137841441,2.325048922929167,0.4963993804482741,0.7847593848300718,-0.046495551805453325,0.015845769470277382,2.6098523942808027,7,0.35457098603448145,0.0
43.723627966001004,0.8790320294031193,2.3363201822631745,0.4747672746763701,0.7847640453097352,-0.050560318371344275,0.015342003143572036,2.600662676507439,7,0.33911948191169294,0.0
43.734131526000056,0.847980116773633,2.35017904557224,0.46170214237714285,0.7847688460679046,-0.05436265482846683,0.014800045029145892,2.591155920155438,7,0.329787244555102,0.0
43.74433827100074,0.8148445222922366,2.366528354427794,0.4446859326918885,0.7847737768528514,-0.05800661398204462,0.01422171980583986,2.5818713122859798,7,0.3176328090656346,0.0
43.75457882500086,0.77968268444424,2.3852891668708653,0.41995688655566754,0.7847788140555624,-0.06153355301517917,0.013608029964339963,2.572573511526717,7,0.2999692046826197,0.0
43.764978860001065,0.7426125159756632,2.4063507436693947,0.3962574142859279,0.7847838587924275,-0.06484144677257883,0.012961033470294314,2.563243404302731,7,0.2830410102042342,0.0
43.775113723000686,0.7037896625106111,2.4295812025527863,0.37552970031324034,0.7847888327279987,-0.06788890454815084,0.012283446852309865,2.5542127275298174,7,0.2682355002237431,0.0
43.78532535799968,0.6633384048128858,2.4548599549193004,0.35445031019652584,0.7847937111489838,-0.07072646965516868,0.011577439218911856,2.5450214006924794,7,0.25317879299751844,0.0
43.79560845500055,0.6213575963208069,2.4820752277153693,0.3287067118607427,0.7847984687971651,-0.07338821224672663,0.010844735888075885,2.535805716337017,7,0.23479050847195904,0.0
43.80606081000042,0.5779673496148059,2.511102508683228,0.30178996901221156,0.7848030366696109,-0.07583054815910867,0.010087433219803543,2.526557560111411,7,0.21556426358015113,0.0
43.8163524290012,0.5333191796687062,2.541799956935359,0.2763778438289077,0.7848073438818272,-0.07801113023898124,0.009308175649254125,2.517481995697098,7,0.1974127455920769,0.0
43.826732624000215,0.48755819837341735,2.5740262333541803,0.2517772593994515,0.7848113570732514,-0.07994392987197127,0.008509495856707794,2.5083516921917006,7,0.17984089957103677,0.0
43.837064758999986,0.44080954780834786,2.6076470991876493,0.22441344573015254,0.7848150596082835,-0.08165912854201679,0.007693577983483024,2.499279277973939,7,0.16029531837868038,0.0
43.84697636599958,0.39320339878180804,2.642524016990115,0.19496169211169292,0.7848184089729012,-0.08314036819759066,0.006862693938774811,2.4903936026032563,7,0.16029531837868038,0.0
43.85741335400053,0.34489578734322857,2.6785046324288944,0.16674522464729336,0.7848213487979372,-0.08434767377873464,0.006019567065397524,2.481738440114206,7,0.11910373189092383,0.0
43.86736827099958,0.2960462434479966,2.7154334159664995,0.1407798767598319,0.7848238539715394,-0.08528195673145021,0.005166981686328231,2.4730207660220542,7,0.10055705482845134,0.0
43.87761874500029,0.24679046150414727,2.753164682639718,0.11430383173141935,0.7848259326201917,-0.08598356062634574,0.004307306115763687,2.463984839779047,7,0.08164559409387095,0.0
43.887775753000824,0.1972493807774571,2.7915586476220846,0.08434533723983524,0.7848275833681941,-0.08647065724344237,0.003442651142086639,2.4549342765333804,7,0.08164559409387095,0.0
43.89857354200103,0.1475647344784721,2.830465081107058,0.054287445711645434,0.7848287682296605,-0.08670301783304285,0.0025754904764805353,2.4459458281669932,7,0.038776746936889595,0.0
43.90887801499957,0.0979008577436762,2.8697226482671683,0.02649810840287046,0.7848294614344712,-0.08665198442721596,0.0017086923081537364,2.437125261379993,7,0.018927220287764612,0.0
43.91926756999965,0.04840941485948283,2.9091755983196697,-0.0001120149609237231,0.7848296795217478,-0.08634173600857209,0.0008449036782618435,2.4282437879948766,7,-8.001068637408792e-05,0.0
43.92970029699973,-0.0007798371069050015,2.9486783675077493,-0.029001727000024503,0.784829450141009,-0.08580526987779838,-1.3610725144719282e-05,2.4193902877905247,7,-0.020715519285731787,0.0
43.940123452999615,-0.04953199199065473,2.9880832313547647,-0.07694510359165783,0.7848287715380299,-0.08502671471634063,-0.0008644963453083854,2.4105629752651225,7,-0.05496078827975559,0.0
43.950231003000226,-0.0975906819930392,3.027186290538507,-0.1021168509731794,0.7848274940844226,-0.08376050913546704,-0.001703278720045276,2.4017785957215407,7,-0.05496078827975559,0.0
43.960745111000506,-0.14469548145240013,3.065782290504478,-0.11227119998879811,0.7848257167673564,-0.08210979405982068,-0.002525412564102769,2.392962455360328,7,-0.07294060783798528,0.0
43.97107088899975,-0.1908195413059243,3.1037760234112066,-0.1404506506832659,0.7848236957638927,-0.08042382269067543,-0.0033304292729336993,2.3845479687714195,7,-0.10032189334518993,0.0
43.98126373299965,-0.23593380353750798,3.1410729392847734,-0.1768067284603692,0.7848214032909403,-0.07862910211871489,-0.004117821688482959,2.3758073198442093,7,-0.10032189334518993,0.0
43.99192369800039,-0.27983886412452336,3.177500660655297,-0.19961542079938913,0.7848187192763291,-0.07648451649347086,-0.004884109554013971,2.367096444994538,7,-0.12629052032883514,0.0
44.00225478500033,-0.32235115649597584,3.2128957845845596,-0.21457645353645918,0.7848157288480144,-0.07405931111102526,-0.005626089028466286,2.3585770081765363,7,-0.1532688953831851,0.0
44.01243135200093,-0.3634168586562037,3.2471574295210637,-0.23794468593714765,0.7848125809179407,-0.07154419480697594,-0.00634282074080561,2.3501443431053115,7,-0.1699604899551055,0.0
44.022501740000735,-0.40298296996690186,3.280187487462622,-0.2656100002073913,0.7848092875675312,-0.0689079700841016,-0.007033379655387861,2.3416530520894225,7,-0.1699604899551055,0.0
44.03283464299966,-0.4409103778522965,3.311850116535308,-0.28553008058663015,0.784805819447897,-0.06602652133900279,-0.007695337799734858,2.33321242222694,7,-0.1897214287195652,0.0
44.04326192100052,-0.47706782177222934,3.3420156107332164,-0.3007629678448634,0.7848022423849963,-0.0629377821976646,-0.008326404245242891,2.3250327950940677,7,-0.21483069131775956,0.0
44.0535148400013,-0.5113954768917718,3.3705903374267683,-0.31829290761275253,0.784798648594667,-0.05974696168712575,-0.008925534851567996,2.316665602735767,7,-0.2273520768662518,0.0
44.06393387400021,-0.5438452260100423,3.3974891392079014,-0.3382742670765936,0.7847950745878779,-0.05646079373870141,-0.00949188981512794,2.308226964913761,7,-0.24162447648328111,0.0
44.073856168999555,-0.5743325506376713,3.4226129828861986,-0.3550977604582748,0.7847915315548576,-0.05302276688627372,-0.010023994010004422,2.299889326772441,7,-0.24162447648328111,0.0
44.08477906900043,-0.6027662753902446,3.445862889242717,-0.3673030012928574,0.7847880607322881,-0.0494346078341652,-0.010520256125542637,2.2915336155341977,7,-0.2623592866377553,0.0
44.09514864599987,-0.6290940250870873,3.4671612909666174,-0.3800525544146874,0.7847847237970784,-0.04576156873961287,-0.010979762042393482,2.2832266376359396,7,-0.27146611029620527,0.0
44.104867942000055,-0.6532831540814011,3.4864433240233064,-0.3946211536438776,0.784781557677542,-0.042024520088159795,-0.011401941986533881,2.27506404384074,7,-0.27146611029620527,0.0
44.115257917001145,-0.6752787371220338,3.5036373194002275,-0.40551731400243457,0.7847785799011331,-0.03818682799749151,-0.011785837331488747,2.266765484629949,7,-0.2818722526027697,0.0
44.12567241100078,-0.6950251696413515,3.518674911728896,-0.41337844784612027,0.7847758251702432,-0.03426130947687284,-0.012130477594473721,2.2584969184878836,7,-0.2896552242874533,0.0
44.136377852000805,-0.7124993759051677,3.531506639323142,-0.4224984564882946,0.7847733317324295,-0.030297855253275597,-0.01243546002794993,2.250467019584348,7,-0.3017846117773533,0.0
44.14623154900073,-0.7276825683062687,3.5420888869405855,-0.43007973542316363,0.7847711186545815,-0.02629450186509433,-0.012700456726312925,2.2422435445025846,7,-0.3017846117773533,0.0
44.15712825300034,-0.740546681754365,3.5503775833366036,-0.43554824189031716,0.7847692037351263,-0.022245674780041167,-0.012924977861332287,2.2341074624521746,7,-0.31110588706451225,0.0
44.16683308900065,-0.7510762960700843,3.5563384618333056,-0.4401070748847437,0.7847676065149315,-0.018172301237781525,-0.013108754300106717,2.226154500893022,7,-0.31110588706451225,0.0
44.17720434200055,-0.7592657304381458,3.559945762612931,-0.442817747323968,0.7847663402418111,-0.014087861257798664,-0.013251686893705372,2.218073097682879,7,-0.3143621963462455,0.0
44.18758188300126,-0.7651160462862855,3.5611808609380353,-0.44454217393735707,0.7847654139747055,-0.010007347442901814,-0.013353794167537014,2.2100025931350067,7,-0.31629839094569145,0.0
44.19818407800085,-0.7686460152045961,3.5600373958302756,-0.44761072689673564,0.7847648319831075,-0.0059616996795389295,-0.013415403747654597,2.202066655595596,7,-0.3197219477833826,0.0
44.208405491999656,-0.7698622776182438,3.5565073691568387,-0.4475469547057366,0.7847645927084348,-0.0019186729872680975,-0.013436631531341003,2.1941238969588266,7,-0.3196763962183833,0.0
44.21839603599983,-0.7687624617489272,3.5505825402312876,-0.4435179099523871,0.7847646970955792,0.0021200975205170657,-0.013417436123255744,2.186195786363537,7,-0.3196763962183833,0.0
44.228909094999835,-0.7653776430653263,3.542274229255693,-0.4394871007552288,0.7847651382816611,0.006099649102429163,-0.01335835989264389,2.1782439935993745,7,-0.31679850710884794,0.0
44.23928426100065,-0.75975603743918,3.5316057391769817,-0.43721891388681533,0.7847659018792109,0.010000254113202572,-0.013260244365218998,2.170491598394346,7,-0.3122992242048681,0.0
44.24956966300124,-0.7519267075283188,3.518595372818889,-0.43176655508597034,0.7847669770739211,0.013855305982227391,-0.013123596780049596,2.1626748820882775,7,-0.30840468220426454,0.0
44.259537781999825,-0.7419151923379829,3.5032636191683326,-0.4231797126041541,0.78476835019178,0.017657749615039187,-0.012948862876864808,2.1548903881343984,7,-0.30840468220426454,0.0
44.269890036001016,-0.7297766401178604,3.4856485708474305,-0.41507659327452656,0.784769995794058,0.021360857678304982,-0.012737005174198401,2.147183280438094,7,-0.3022712232886815,0.0
44.27993436700126,-0.7155755868201147,3.4657964673026056,-0.4076054815816553,0.7847718886929607,0.024956708540827353,-0.012489150036901542,2.139607367012808,7,-0.2964832809103761,0.0
44.29003912400003,-0.6993527705504279,3.443746116185056,-0.39577712754889466,0.784774014289665,0.02848291637128227,-0.012206008479049402,2.1319750599619667,7,-0.2911467725583252,0.0
44.30088797700046,-0.6811757392041617,3.4195523659403926,-0.38415705748999385,0.7847763348847419,0.03188250460315488,-0.01188875943381884,2.1243136836092837,7,-0.27439789820713845,0.0
44.31076779999967,-0.661125402928397,3.393279802786766,-0.37282608594229816,0.7847788184436484,0.03514632340751354,-0.011538815049674689,2.1166012045200673,7,-0.27439789820713845,0.0
44.321024072,-0.6392706283152185,3.3649907740014715,-0.36012280856935047,0.7847814407916471,0.038291320646879325,-0.011157377275393454,2.10899926651574,7,-0.2663043471016415,0.0
44.331212585000685,-0.6156781158399453,3.3347498493696475,-0.34503229317614803,0.7847841738156657,0.0413172079414263,-0.010745610253882099,2.1014145763887018,7,-0.25723057754953604,0.0
44.341483666001295,-0.5904294607728146,3.3026316632558665,-0.3296369242250391,0.7847869789992309,0.04419738686836031,-0.010304938091260318,2.0939209242337644,7,-0.24645163798296288,0.0
44.352130498000406,-0.5636167524632738,3.2687187607668475,-0.3137748140929325,0.7847898203766044,0.04691934840371822,-0.009836968049881989,2.0863159213248434,7,-0.22412486720923752,0.0
44.36186229800114,-0.5353297762828618,3.2330954873724083,-0.2983380019598947,0.78479266746954,0.04948470981886219,-0.00934326718010059,2.079025056461601,7,-0.22412486720923752,0.0
44.37194078900029,-0.5056525636843651,3.195846222927199,-0.2801715577776728,0.7847954955602814,0.05190540896354926,-0.008825302107442479,2.0716365082756014,7,-0.2130985728284962,0.0
44.38257246300054,-0.474675164360973,3.157060708833317,-0.26045922226543056,0.7847982683463368,0.054162999196344895,-0.008284644495544224,2.06414754188407,7,-0.1860423016181647,0.0
44.39292932600074,-0.4425086835919527,3.116840931643969,-0.2423258740080014,0.7848009427177195,0.05622646841729906,-0.007723233497345383,2.0567368713727543,7,-0.17308991000571528,0.0
44.40324951600087,-0.40926042545893226,3.0752893864574986,-0.22399522994678484,0.7848034959700347,0.05810845287097686,-0.007142941922371193,2.049331485785327,7,-0.15999659281913203,0.0
44.41335671700108,-0.37502312233290264,3.032503849914845,-0.20358885751864014,0.7848059115369284,0.0598271017065114,-0.006545388255818629,2.04197095209673,7,-0.1454206125133144,0.0
44.423890383999606,-0.33989770543889025,2.988587812708675,-0.18230793801250175,0.7848081580759194,0.06136538389747951,-0.005932334079882473,2.0346433951827225,7,-0.13021995572321554,0.0
44.43401183599963,-0.3039996897200684,2.943653310024424,-0.16147225210204771,0.7848102031402224,0.06270256153878676,-0.005305795510656353,2.0272544803655053,7,-0.11533732293003407,0.0
44.44421578699985,-0.26744420738473845,2.8978137737889496,-0.14184742911264472,0.7848120279464741,0.06384117269803151,-0.004667781984250219,2.020109989580971,7,-0.10131959222331766,0.0
44.454126066000754,-0.23033337849705468,2.8511779419039973,-0.12043603017742477,0.7848136275084019,0.06480411683214479,-0.0040200758320159125,2.013015817014887,7,-0.08602573584101769,0.0
44.46462131299995,-0.19276817895440979,2.8038551839634427,-0.0962820016520972,0.7848149850979168,0.065585769070918,-0.003364439415828091,2.005626599192107,7,-0.06877285832292657,0.0
44.474744791001285,-0.15487430334703223,2.7559673959613917,-0.07538434720423623,0.7848160664693796,0.06614381541066687,-0.0027030665201381865,1.9985011537164539,7,-0.05384596228874017,0.0
44.48516557200128,-0.11677589493685692,2.7076365985884263,-0.054701217502631745,0.7848168716082682,0.06649551253435655,-0.002038123853611129,1.9912449581556235,7,-0.039072298216165535,0.0
44.49537112899998,-0.07857247145158225,2.6589739379298023,-0.032482897262591945,0.7848174111284844,0.06667102333135756,-0.0013713483282593586,1.984112525506319,7,-0.023202069473279963,0.0
44.50578010400022,-0.040369584784652274,2.6100937676923524,-0.009149923715432705,0.7848176759623319,0.0666583885909362,-0.0007045821721551881,1.9769135203276917,7,-0.006535659796737647,0.0
44.51611699000023,-0.0022886760052074242,2.5611180840616825,0.012495039567190957,0.7848176529742742,0.06643283700518678,-3.994493180226044e-05,1.9697419404411782,7,0.008925028262279255,0.0
44.5262837070004,0.035550799361515284,2.5121680189782722,0.044250692530582114,0.7848173504645588,0.0660037883279583,0.0006204785005743396,1.9628686183211368,7,0.03160763752184437,0.0
44.536077818000194,0.07298465786561316,2.4633853931970235,0.06576030135010776,0.784816719244009,0.06526408428335677,0.0012738225831965266,1.9559885176702196,7,0.04697164382150554,0.0
44.546420990000115,0.10983643238862921,2.4149174656458596,0.07943190523882819,0.7848157907981941,0.06424915709413827,0.0019170073838257196,1.9489050893120794,7,0.05673707517059157,0.0
44.556757874999676,0.14604041639720772,2.366859208081923,0.09910631233445849,0.7848146655208359,0.06312724511943889,0.0025488861071147895,1.9418835265029066,7,0.07079022309604177,0.0
44.566813104000175,0.18154825777065242,2.319296502393211,0.1248780671132156,0.7848133557397651,0.061898323226963654,0.0031686148493572652,1.9348158065372494,7,0.07079022309604177,0.0
44.577090611999665,0.2162350089229925,2.2723498785278013,0.14361740479659277,0.7848118188033942,0.06044276350124486,0.0037740128637855364,1.9280895237689788,7,0.10258386056899482,0.0
44.587463263000245,0.24997080393200655,2.226141057410275,0.1590197908958675,0.7848100871081148,0.058782652387895984,0.004362813562470702,1.9210803057962296,7,0.11358556492561966,0.0
44.59791296399999,0.2826883217398233,2.180761231023048,0.17749525312302092,0.7848082224980792,0.057005581049374206,0.004933841971296982,1.914032080100852,7,0.12678232365930064,0.0
44.60804643099982,0.3143219524660218,2.1362991851255644,0.19641300079322657,0.7848062404665749,0.05510268642511685,0.00548595298182919,1.9072473940298853,7,0.1402950005665904,0.0
44.61802181600069,0.34477889423131086,2.092854686456698,0.21254125014305794,0.7848041481083973,0.05303916607838934,0.006017526895721659,1.900550176341119,7,0.15181517867361283,0.0
44.62875184500081,0.3739744447038998,2.050521920344513,0.22821998667459747,0.7848019778599877,0.050834309807059656,0.006527085378400521,1.8936021329376502,7,0.16301427619614106,0.0
44.63855978700121,0.4018404503437944,2.009385374522093,0.24330268771638064,0.7847997614911221,0.048508249402252596,0.007013438926195992,1.8867076396729465,7,0.16301427619614106,0.0
44.648682426999585,0.42830999886053006,1.9695268330109643,0.256785366589725,0.7847975241366595,0.04606548143452643,0.007475419699329411,1.8800218406906277,7,0.17378763408312903,0.0
44.659481753000364,0.4533236599021796,1.9310223492736485,0.27078250106360735,0.7847952944494729,0.043521332418203856,0.00791199044248403,1.873174539447756,7,0.19341607218829093,0.0
44.669730061001246,0.4768242940970185,1.8939445432842994,0.2833227099621318,0.7847930943689496,0.040874069561945364,0.008322153885490735,1.866412767950892,7,0.2023733642586656,0.0
44.68025807000049,0.49875344919910114,1.8583641886923026,0.2944539851626141,0.784790947938916,0.03812781487720766,0.00870488984420259,1.8596089184775906,7,0.21032427511615293,0.0
44.69043512400094,0.5190763984452635,1.8243384325428647,0.30608373919060217,0.7847888871115641,0.03532121907014994,0.009059592222263824,1.852969500222828,7,0.21863124227900155,0.0
44.70093427900065,0.537735570144698,1.7919323979640671,0.31451728397453177,0.7847869204275274,0.0324121580134321,0.009385256204113901,1.846238126382669,7,0.22465520283895124,0.0
44.71116889299992,0.5546907129666094,1.7612004206644924,0.32188944287703103,0.784785077988582,0.0294394951232613,0.009681179271502138,1.8395503898283796,7,0.22992103062645075,0.0
44.72125555300045,0.569923528809419,1.7321837613907276,0.3293959202168754,0.7847833822538055,0.026433109190166715,0.00994704206230912,1.8330883704943217,7,0.235282800154911,0.0
44.73127969400048,0.5834151599533076,1.70492103321775,0.33695045336526624,0.7847818460846009,0.023391426001422178,0.010182515447234586,1.8266427764442605,7,0.24067889526090447,0.0
44.74153421600022,0.5951468721298037,1.679447856114431,0.3444376116791526,0.784780482023862,0.020315737075999617,0.010387272451610752,1.8200716198493962,7,0.246026865485109,0.0
44.75189764300012,0.6050771297689334,1.655807514006006,0.34705932027183495,0.7847792977597294,0.01716800708974421,0.010560588142984884,1.8134687887793637,7,0.24789951447988212,0.0
44.76225108000108,0.6131910028431458,1.634027901053562,0.34860970153006826,0.7847783124975417,0.014004171315567563,0.010702201943218803,1.806947640519982,7,0.24900692966433446,0.0
44.77244846100075,0.619505760129098,1.6141188054986595,0.35256229082729756,0.7847775351772106,0.010867000760237703,0.01081241524932297,1.8004389408537362,7,0.25183020773378395,0.0
44.78295264600092,0.6240251575060285,1.5960931970542085,0.35602953923317426,0.7847769658669181,0.007728763274523362,0.010891293613756403,1.7938391912867861,7,0.2543068137379816,0.0
44.793261865001114,0.6267320772562996,1.5799707103676963,0.35473700189174795,0.7847766078840187,0.004563379036959348,0.010938538275985898,1.78739231369427,7,0.25338357277981993,0.0
44.80343228200036,0.6276315712798919,1.5657575826736219,0.3525005941777637,0.7847764651795907,0.0014164571907517077,0.010954237408299594,1.7809890134391622,7,0.2517861386984026,0.0
44.81409357099983,0.6267584782926949,1.5534430431338866,0.35317085119051966,0.7847765338060222,-0.0016731361356763378,0.010938999060996935,1.774392718926654,7,0.25226489370751404,0.0
44.824313376000646,0.6241312332038526,1.5430208574699065,0.35087080252719277,0.7847768088579897,-0.004739171766915617,0.010893144983939784,1.768097462873793,7,0.2506220018051377,0.0
44.83450719400025,0.6197563968098586,1.5344873021035883,0.346040979842753,0.7847772866652366,-0.007784890151479061,0.010816789684628514,1.7617310807050035,7,0.2471721284591093,0.0
44.84480034599983,0.6136678316125425,1.5278229113947213,0.3414492185281813,0.7847779569779129,-0.010769286521743469,0.01071052417521301,1.7553632000360104,7,0.2438922989487009,0.0
44.855060666999634,0.6059079710160535,1.5230012094352323,0.33696260645949694,0.7847788076377642,-0.013683671555720475,0.010575089058308507,1.7490607813039811,7,0.2406875760424978,0.0
44.86521927800095,0.5965099737533808,1.5199970959563402,0.33043369176144943,0.7847798284568135,-0.01654107506862775,0.010411063062981452,1.7428901652673177,7,0.23602406554389244,0.0
44.87540010399971,0.5855106463051694,1.5187808987528275,0.32343948181728605,0.7847810056825404,-0.01933019269555009,0.010219088583505176,1.7365588528677103,7,0.23102820129806145,0.0
44.885893460999796,0.5729625068202407,1.51931279656572,0.3169971230377788,0.7847823204313106,-0.022026066915770446,0.010000082234493668,1.7302295655021764,7,0.22642651645555628,0.0
44.89628098800131,0.5589161317125498,1.521551103786033,0.3090300185833243,0.7847837587173278,-0.02464084899364769,0.009754926740894287,1.723994542941246,7,0.22073572755951737,0.0
44.90662185099973,0.5434097357309324,1.5254572332272824,0.29849574860601835,0.7847853075419277,-0.02718428259448615,0.009484289075897046,1.7177381096804327,7,0.21321124900429883,0.0
44.916917728000044,0.5264995729752887,1.5309816032924288,0.2874483572955835,0.7847869436205633,-0.029625704766559544,0.009189151058762945,1.7115089167388697,7,0.20532025521113106,0.0
44.927402422999876,0.5082559273523841,1.538065558848279,0.27685854808751414,0.7847886434609528,-0.03194660020689058,0.008870739375076209,1.7053674246585062,7,0.1977561057767958,0.0
44.937112145000356,0.4887441502754741,1.54665030983006,0.2658143492160683,0.7847903902057407,-0.03415574327554466,0.008530194622168974,1.699225830380453,7,0.1977561057767958,0.0
44.94800612200015,0.4680234526441414,1.556677621410494,0.25330245029685455,0.7847921679101162,-0.03626059869047453,0.008168550225192028,1.6930483161990935,7,0.1809303216406104,0.0
44.95826399700127,0.4461589052561873,1.5680843303568899,0.239397525524908,0.7847939552773583,-0.03824948189318878,0.007786941883813903,1.6869704178381322,7,0.17099823251779145,0.0
44.96854548400006,0.4232280803999084,1.580799342820809,0.22622344953251855,0.7847957272856609,-0.04010184462104058,0.007386723489873681,1.6808417476003839,7,0.16158817823751326,0.0
44.97889514900089,0.39930908671481186,1.5947493175798473,0.21270224635805351,0.7847974666365648,-0.041821472059740857,0.006969258296305014,1.6747594649134574,7,0.15193017597003822,0.0
44.989439221000794,0.3744725400700938,1.6098625511161542,0.19783698015632922,0.7847991591608995,-0.04341684462312303,0.006535778782529533,1.6686947694999386,7,0.1413121286830923,0.0
44.99949661200117,0.3487946450427413,1.6260630117274542,0.18221322927562716,0.7848007847622749,-0.044876849851166106,0.006087614969320754,1.6626805948921901,7,0.13015230662544797,0.0
45.01012325299962,0.32236095596395103,1.6432686997441344,0.16715473620203314,0.7848023225065162,-0.04618755876880174,0.005626260061447397,1.6566472818505498,7,0.11939624014430938,0.0
45.02026258499973,0.2952554363327119,1.6613968759862934,0.1516183146700203,0.7848037595383208,-0.047354167175364226,0.005153179498418314,1.6506858839039324,7,0.10829879619287164,0.0
45.034153206001065,0.2675576573625046,1.6803655208093737,0.14408750736716175,0.7848050842620189,-0.048380586002518385,0.004669762059898552,1.6425538066383663,7,0.10829879619287164,0.0
45.045087837999745,0.2392950767500123,1.7001157208269981,0.11713617989183422,0.7848063299948234,-0.04937690495255547,0.004176486973100246,1.6364844943547914,7,0.08366869992273873,0.0
45.05630272900089,0.2105054629346437,1.7205827767957032,0.08640550287419088,0.7848074546882211,-0.05025700533961074,0.0036740134216444176,1.6304572143627634,7,0.061718216338707776,0.0
45.067609060000905,0.1785246003011524,1.7437288059063507,0.08252245905804871,0.7848083919799207,-0.05073652665734432,0.0031158420710619694,1.6235284149881708,7,0.05894461361289194,0.0
45.0778255109999,0.1522382423799559,1.7630574228854505,0.08116271493732415,0.7848090102227955,-0.0509788833430713,0.0026570585769793986,1.6178062294240618,7,0.05797336781237439,0.0
45.08803078600067,0.12282753927986541,1.7849349662497678,0.05378474813196439,0.7848096512465249,-0.05136368181717893,0.0021437449725563162,1.6119696485352455,7,0.03841767723711742,0.0
45.097867784999835,0.09321794299292994,1.8071795807599038,0.020088359616599404,0.7848101561495754,-0.05166113299828414,0.0016269600271630047,1.6061371377426275,7,0.03841767723711742,0.0
45.10830036799962,0.06364899777666248,1.8296293192942965,0.008885329842880018,0.784810388825732,-0.051553247158088754,0.0011108845767973108,1.6004956475402115,7,0.006346664173485728,0.0
45.11849712000003,0.03431173903826185,1.852144354625163,0.00976480506157742,0.7848104046250333,-0.05117369245214161,0.000598852818302742,1.5947541142005326,7,0.006974860758269585,0.0
45.12863582300088,0.005171147378190765,1.8746903132946289,-0.008778361104931777,0.7848103453420727,-0.05085995541555125,9.025354785530126e-05,1.5890681522857182,7,-0.006270257932094125,0.0
45.13891765900007,-0.02381700882263232,1.8972375937397072,-0.04752580713677937,0.7848101925451756,-0.05056294937427896,-0.00041568522193147217,1.5833446133238265,7,-0.033947005097699545,0.0
45.14921130000039,-0.05241597464905351,1.9196258812176064,-0.06047100000615284,0.7848097671617883,-0.049828116485579374,-0.000914831338267863,1.5776318180836322,7,-0.043193571432966316,0.0
45.15926156600108,-0.08042512026226464,1.9417117534755206,-0.061342841931368054,0.7848091476262685,-0.04882162492612769,-0.0014036831498889235,1.5721167189697058,7,-0.043816315665262895,0.0
45.16937658800089,-0.10785896943189315,1.9634527708435303,-0.07623243206434553,0.7848084608603395,-0.04784388831100383,-0.0018824941443944532,1.566513083194282,7,-0.05445173718881824,0.0
45.179644662999635,-0.13474285050672238,1.9848125992229257,-0.10264089460432313,0.7848076998251049,-0.04686393389825236,-0.0023517063848648156,1.5609008490119622,7,-0.07331492471737366,0.0
45.189906241001154,-0.16094418759199808,2.0056822314004337,-0.1178563757845149,0.7848067836822439,-0.045639347594618594,-0.0028090059854277705,1.5552823512852363,7,-0.08418312556036778,0.0
45.20026861900078,-0.18631266109840258,2.025945212390219,-0.12281433555897615,0.7848057364485623,-0.044190118610909115,-0.0032517693743194798,1.5496523256012709,7,-0.08772452539926867,0.0
45.21049408200088,-0.21082725072536465,2.045546506010911,-0.13565644315065806,0.7848046423209896,-0.04271651361666792,-0.0036796296780852167,1.5440873879632773,7,-0.09689745939332717,0.0
45.220961803001046,-0.23448910168309695,2.0644428696529538,-0.15534471322934895,0.7848035086330009,-0.0412154910128041,-0.004092606884413819,1.5384561342252558,7,-0.11096050944953495,0.0
45.23160877100054,-0.25722676381230064,2.082558647984366,-0.17136910015766427,0.7848023117661292,-0.03957969523037885,-0.004489453952774447,1.532716964770765,7,-0.12240650011261733,0.0
45.242402855001274,-0.278916190522321,2.099795058518069,-0.1775386770071446,0.7848010490254771,-0.037744079274782814,-0.004868005861734304,1.527026636015878,7,-0.126813340719389,0.0
45.252290778000315,-0.3014973060957657,2.1176614188680865,-0.18787766877254164,0.7847996470260459,-0.03563626888739433,-0.0052621206772642815,1.5215527314251882,7,-0.126813340719389,0.0
45.262187432001156,-0.31897079811753104,2.13139018799871,-0.19718305089563903,0.7847985106227876,-0.033879696127952455,-0.005567090644865047,1.5163892481231322,7,-0.1408450363540279,0.0
45.27201807399979,-0.3372857627592564,2.1456521365954395,-0.20848541544670188,0.7847972609560454,-0.03185910482741925,-0.005886747080249499,1.5109484698108178,7,-0.1408450363540279,0.0
45.28247014699991,-0.35439932826071646,2.158816666308228,-0.21771430812067127,0.7847960348643305,-0.02975472850566041,-0.006185435145005691,1.5054390328299967,7,-0.14891815389050134,0.0
45.292677796000135,-0.3702614655313425,2.1708285393062283,-0.22504815097836453,0.7847948466799569,-0.027568896379238053,-0.006462281666781422,1.5000374335763063,7,-0.15551022008619375,0.0
45.30305554299957,-0.3848416930027227,2.181643668826287,-0.2320309066552831,0.7847937152829173,-0.02533166008127148,-0.006716754641846734,1.4945946647516013,7,-0.16074867927026038,0.0
45.31338502000108,-0.39811912950004247,2.191224576326365,-0.2395049290724035,0.7847926535480936,-0.023056137267487356,-0.006948489624949428,1.489180707436986,7,-0.16573636189663077,0.0
45.32391714700134,-0.41006732100588833,2.199533367988545,-0.2456399472800078,0.7847916694014477,-0.020732295035027958,-0.0071570249063852565,1.4837253028482595,7,-0.17107494933743106,0.0
45.33394617700105,-0.4206653509324373,2.2065369440878415,-0.2521829803402366,0.7847907743845954,-0.018374424048228002,-0.007341995422828429,1.4785236817527219,7,-0.17545710520000557,0.0
45.34502079900085,-0.4298808622296547,2.2121991386424114,-0.2542863048385323,0.7847899740938749,-0.01595808006316343,-0.007502836437219607,1.4730624208317298,7,-0.18163307488466596,0.0
45.35539540300124,-0.43770300914096444,2.2164961022568033,-0.25706096629433656,0.7847892823585447,-0.013532329339450299,-0.007639358655396666,1.4676880684457532,7,-0.18361497592452614,0.0
45.36559760400087,-0.4441422115655251,2.219416278039034,-0.2615951408910044,0.7847887049401382,-0.011118089894678506,-0.0077517439389076515,1.4623314936813252,7,-0.18685367206500314,0.0
45.37625085900072,-0.4491889401542473,2.2209411928628144,-0.26389038875109266,0.7847882426254629,-0.008683015498017843,-0.007839825969235381,1.4568855654484476,7,-0.18849313482220903,0.0
45.38655428000129,-0.4528327614647127,2.221054302512152,-0.2652890322107643,0.7847879002484854,-0.0062377692989516054,-0.007903422648457337,1.451632674579658,7,-0.1894921658648316,0.0
45.396836116000486,-0.4550839197296938,2.2197510884918015,-0.2669534989147891,0.7847876804680294,-0.00380824060899493,-0.00794271277216474,1.4464084838936753,7,-0.1906810706534208,0.0
45.40726562599957,-0.45594312888712946,2.217024997344675,-0.26659313176965405,0.7847875832609442,-0.0013771129231415998,-0.007957708800925278,1.4411932270410164,7,-0.19042366554975287,0.0
45.41746412500106,-0.4552833683373117,2.212378873850377,-0.26565140528899706,0.7847876182348257,0.0012873673407563344,-0.00794619380705619,1.435873977185017,7,-0.19042366554975287,0.0
45.42726801200115,-0.453504131619251,2.2072971283607217,-0.26166577218012116,0.784787755819093,0.0034487722466329525,-0.007915140268153653,1.4309634759236305,7,-0.18975100377785503,0.0
45.43764464100059,-0.45024719595652557,2.2003127329400827,-0.25980270672848665,0.784788018513578,0.005795554028104617,-0.00785829601731347,1.4258042586003892,7,-0.18557336194891905,0.0
45.448028815000725,-0.4456730498674969,2.1919365814314578,-0.2581406308997351,0.7847883912601593,0.008095953628519292,-0.0077784621075926985,1.4206943887242873,7,-0.18438616492838222,0.0
45.458078662000844,-0.43979198869098063,2.182178429111759,-0.25365337550518413,0.7847888710733143,0.010377433958010109,-0.007675818226551279,1.415656497810247,7,-0.18118098250370296,0.0
45.468418896,-0.43262311349128885,2.1710543910171474,-0.24718573056039128,0.7847894510898166,0.012619374355387803,-0.007550697750652091,1.4105647212158938,7,-0.1765612361145652,0.0
45.479204807001224,-0.42421006502690345,2.15859427701252,-0.24143575549197419,0.7847901191948016,0.014784078845902729,-0.007403862354818713,1.4053452736048502,7,-0.17245411106569586,0.0
45.48939939400043,-0.41459416631654494,2.144829046031193,-0.23639564353951378,0.7847908667978034,0.01688060853034492,-0.00723603326178468,1.4003455254906638,7,-0.1688540310996527,0.0
45.49960110600114,-0.40381480782452156,2.129790899739066,-0.23034145525809047,0.7847916846630648,0.01891057229157469,-0.007047897964846062,1.3952640016394726,7,-0.16452961089863605,0.0
45.50982964200011,-0.391895592835483,2.1135067511364443,-0.22128749312857432,0.7847925676561258,0.02089618325251243,-0.0068398684190342784,1.390251985360171,7,-0.15806249509183878,0.0
45.52014535800117,-0.3788905881302227,2.096019717972986,-0.21352955551454036,0.784793496356179,0.022782713038856744,-0.006612888267690131,1.3852276532639836,7,-0.15252111108181454,0.0
45.530565856000976,-0.36485694694534254,2.0773763450875933,-0.20620358257735097,0.784794459834398,0.024575824060077793,-0.006367955022970495,1.3801940458479356,7,-0.14728827326953642,0.0
45.5403019839996,-0.34982736566504513,2.057613650519236,-0.1961037916341991,0.7847954550963413,0.026311501378981403,-0.0061056393444332,1.3752900200703309,7,-0.14728827326953642,0.0
45.551274407000165,-0.333857918890556,2.0367813225779385,-0.18615287512413675,0.7847964618662007,0.027943805734058642,-0.005826919918496376,1.3702679777506086,7,-0.1329663393743834,0.0
45.56149421200098,-0.3170010979992809,2.014929119652617,-0.17595364507039787,0.7847974721097105,0.029487095969253953,-0.0055327128925246605,1.365460964568942,7,-0.1256811750502842,0.0
45.57106918400132,-0.2993256600575964,1.9921160130636308,-0.1668069582687177,0.7847984672595514,0.03091127388665316,-0.005224218303710337,1.3605511649043458,7,-0.1256811750502842,0.0
45.581810527000926,-0.28088394715566123,1.9683948738221824,-0.15598651319596238,0.7847994441556724,0.032246810730960494,-0.00490234969386405,1.3556299459661265,7,-0.111418937997116,0.0
45.59176879400002,-0.2617257974651424,1.9438188223058137,-0.14356325451627844,0.7848003925034055,0.03349062000996922,-0.004567976903174564,1.3507177113217546,7,-0.111418937997116,0.0
45.60269630000039,-0.24191793203082043,1.918450189190311,-0.1314149186790173,0.7848012953879174,0.03461625899003373,-0.0042222644335536685,1.3457273416289501,7,-0.09386779905644094,0.0
45.61231199800022,-0.22151991024219395,1.8923492273264828,-0.11909795194495808,0.7848021479777273,0.035639699168518266,-0.003866251792448594,1.3409785840678672,7,-0.09386779905644094,0.0
45.622961621000286,-0.2006129209614801,1.86558741137303,-0.10874937686279386,0.7848029302918837,0.03652260295905898,-0.003501355992820976,1.3361394065861312,7,-0.07767812633056703,0.0
45.6334366760002,-0.17925546654815652,1.8382266902376647,-0.0965160197955223,0.7848036470917498,0.03730790971884,-0.0031285980934638857,1.3312636595924123,7,-0.06894001413965878,0.0
45.643876594000176,-0.1574995392619511,1.8103268637924577,-0.08238506449865247,0.7848042922681755,0.03799614244039348,-0.0027488855304951265,1.3264012131511176,7,-0.05884647464189463,0.0
45.654119660001015,-0.1354183518790801,1.7819584264056012,-0.06960673958186873,0.7848048497155578,0.03855421697153812,-0.002363496107914198,1.3216271586770783,7,-0.04971909970133481,0.0
45.66428015800011,-0.11308868415139799,1.7531942592337237,-0.05806953037850402,0.7848053145111565,0.03898352377417803,-0.0019737698851898244,1.3169447359477198,7,-0.04147823598464573,0.0
45.67466419199991,-0.09056992232880275,1.724099721145869,-0.04446348605689021,0.7848056911167072,0.03931084857613406,-0.0015807433479131383,1.3121369401862466,7,-0.03175963289777872,0.0
45.68515461400057,-0.0679234019007435,1.6947415261639929,-0.030415922756436408,0.784805973229244,0.039525196571691304,-0.0011854870023233488,1.3073674846544654,7,-0.021725659111740292,0.0
45.69536603300003,-0.04522594675296033,1.6651939695367004,-0.018123651985418477,0.7848061524547132,0.039606499259803175,-0.0007893416781707963,1.3027095338107908,7,-0.01294546570387034,0.0
45.705731901000036,-0.022547034533056894,1.6355281786262696,-0.005426474653810587,0.7848062331064062,0.03957110543597954,-0.00039351998916270503,1.2979655564192503,7,-0.003876053324150419,0.0
45.716286867000235,5.3747367152167974e-05,1.605810782010364,0.008299756143514081,0.7848062186045053,0.03942906503392937,9.380685210835793e-07,1.293190523111905,7,0.005928397245367201,0.0
45.72683568600041,0.022508425399816824,1.5761123155104986,0.02619477965779087,0.784806105718064,0.039166303225638535,0.0003928461326663246,1.2884404237240734,7,0.01871055689842205,0.0
45.737135332001344,0.044738619451882344,1.5465080653321368,0.04069856992182182,0.7848058888588888,0.038757202688270424,0.0007808362122321277,1.2837792493600726,7,0.029070407087015582,0.0
45.74713928100027,0.06661884091925066,1.5170950873692197,0.04638841800535705,0.7848055543114768,0.038143010041246615,0.0011627181179032497,1.279093599973924,7,0.029070407087015582,0.0
45.7574695229996,0.08810964506643487,1.4879299921507736,0.056588032929662906,0.7848051538419306,0.03747607007983743,0.0015378034091728665,1.2744551682996654,7,0.03313458428954075,0.0
45.76828595600091,0.1092068375247355,1.4590523346352546,0.07371639848591355,0.7848046988382938,0.03678183866476529,0.001906018880497129,1.269817479405112,7,0.0526545703470811,0.0
45.77818721800031,0.12983608363220692,1.430533722208103,0.08678528496936444,0.7848041609494945,0.03594595908151633,0.002266067147276729,1.2652329284096728,7,0.0526545703470811,0.0
45.788319142000546,0.14989730618440725,1.4024571567399944,0.09358993311594706,0.7848035436058567,0.03495174546025845,0.002616201532787965,1.2607351497210562,7,0.06198948926383174,0.0
45.79891322700132,0.1693505139900426,1.3748768604774404,0.1032905903006391,0.7848028822439912,0.0338980299130593,0.0029557240590709632,1.256194825206492,7,0.07377899307188507,0.0
45.809270433001075,0.1881796288004837,1.3478349277954913,0.11684577961612651,0.7848021876924486,0.03280280626622713,0.003284354107749188,1.2517188566348272,7,0.08346127115437607,0.0
45.81940242699966,0.20632536335181856,1.3213925765144776,0.1280334147420657,0.7848014493882972,0.03159759015930831,0.0036010569208628773,1.2471940486819906,7,0.09145243910147549,0.0
45.829602878000514,0.22371307672132612,1.2956171609847689,0.13534198082760193,0.7848006742729952,0.03027130405732177,0.0039045297685538216,1.2426079617624453,7,0.09145243910147549,0.0
45.840182084000844,0.2403027555476942,1.2705587507434775,0.14277251922405282,0.7847998853634661,0.028881513315474124,0.0041940742859223334,1.2381567685637376,7,0.10198037087432343,0.0
45.85089359500125,0.2560767671707957,1.2462556882006208,0.1533879347486524,0.7847990962046865,0.027456183727716486,0.004469382724993309,1.233622651539775,7,0.1095628105347517,0.0
45.86122181199971,0.2709958503945985,1.222755042808549,0.1624393942772663,0.7847983054487169,0.025954654456563402,0.004729769848627718,1.2291484196849298,7,0.11602813876947593,0.0
45.871584886001074,0.2850046506005492,1.200110025427452,0.16822804138433492,0.7847975195690511,0.024362911192189234,0.004974269536475617,1.2246985892802627,7,0.12016288670309638,0.0
45.88220230200022,0.29933524589308247,1.176232615107448,0.17483891451020828,0.7847966828490891,0.02257188475836065,0.005224385608101123,1.2201450069602124,7,0.12488493893586305,0.0
45.891893440000786,0.31020482733501686,1.1575295291748282,0.18356335858358586,0.7847960255312414,0.021074962467667796,0.005414095592576551,1.2158156253649373,7,0.12488493893586305,0.0
45.90267795,0.3213365514545151,1.1376690834355019,0.1877396760253715,0.784795323860455,0.01933330307196555,0.005608380829885462,1.2114358824039007,7,0.13409976858955108,0.0
45.91310445199997,0.33144314400372077,1.1188122235445166,0.19113199320620042,0.7847946662836399,0.017548689336216273,0.005784774146026628,1.2070328490313773,7,0.13652285229014316,0.0
45.923388799999884,0.3405249945853411,1.1009782927374006,0.19677674039274917,0.784794063425419,0.015761504661870797,0.005943282340850065,1.2026591283871229,7,0.1405548145662494,0.0
45.933623131000786,0.34857114379511833,1.0841901687404305,0.20193593106359134,0.7847935165971888,0.01394853339454031,0.0060837141366674174,1.1983495376456388,7,0.14423995075970808,0.0
45.944290634000936,0.3555539669806574,1.0684767621796953,0.2052110272789337,0.7847930291914326,0.0120902312441413,0.006205587392339673,1.193873649095928,7,0.14657930519923834,0.0
45.95433880100063,0.36145889779561935,1.0538591367810617,0.2064034858273386,0.7847926084139057,0.010209790286827777,0.0063086478771632315,1.189664923390072,7,0.14743106130524186,0.0
45.96449028400093,0.3662843705720654,1.0403504777088304,0.2082352592582403,0.7847922590821108,0.008329262081693583,0.006392868265077567,1.1854326111935227,7,0.14873947089874306,0.0
45.974849656000515,0.3700376999300852,1.0279579800588328,0.2111954886783222,0.7847919831907201,0.006457294057064572,0.006458376220286777,1.1811399129606168,7,0.15085392048451585,0.0
45.985238995001055,0.37271163758985293,1.0166937815017922,0.21240687673776232,0.7847917812498193,0.004570118075202896,0.006505045236442797,1.1768339972480448,7,0.15171919766983022,0.0
45.99496464200092,0.37429659771282947,1.006569285808618,0.2110702053931919,0.7847916554795984,0.0026708971379587427,0.006532708009101551,1.1726478785063605,7,0.15171919766983022,0.0
46.00527658200008,0.3748043984616621,0.997584071095433,0.2107510496386719,0.7847916067441418,0.0007958885828951515,0.006541570804112773,1.1684075831915643,7,0.15076443242370852,0.0
46.01621596000041,0.37425390794192753,0.989732550621679,0.21129235160306917,0.7847916332783443,-0.0010516270901204476,0.00653196293204239,1.1641204880842824,7,0.15092310828790656,0.0
46.02636737400098,0.37264795658035466,0.9830147685517286,0.20915709629149662,0.7847917340838824,-0.002895738017353216,0.006503933793156058,1.1599920591017467,7,0.14939792592249757,0.0
46.036768239000594,0.36999399832428437,0.9774268079739896,0.20633778839705155,0.784791907462626,-0.004720318867972676,0.006457613483377145,1.155779347898012,7,0.14738413456932253,0.0
46.04702143100076,0.36631692733007004,0.9729548025286212,0.2038772605344595,0.7847921493040725,-0.006502958248718224,0.006393436487698523,1.1516258205347827,7,0.14562661466747107,0.0
46.05729264600086,0.36163992672096085,0.9695838775170301,0.2012388285493487,0.7847924557017544,-0.00824728040935794,0.006311807427951788,1.1474822643840257,7,0.14374202039239192,0.0
46.06768436099992,0.35598051506201284,0.9673000410668434,0.19766954806307024,0.7847928232216204,-0.009960723099149372,0.00621303206077739,1.143262605936183,7,0.14119253433076445,0.0
46.07833139600007,0.3493584121283975,0.9660865573433147,0.19305264680064502,0.7847932473019094,-0.011638188390710949,0.006097454561179827,1.1390060263212591,7,0.13789474771474644,0.0
46.088211141999636,0.34179725876177186,0.9659231717450897,0.1864397740738352,0.784793722395349,-0.013271701113134617,0.005965487539683956,1.135022080521994,7,0.13317126719559658,0.0
46.0985251080001,0.3333558777197257,0.9667715669029849,0.1846890833472812,0.7847942347056255,-0.014800717291587887,0.005818157647084821,1.1309251663380184,7,0.13192077381948658,0.0
46.109193379001226,0.3240628809196154,0.9686058625212188,0.181011006982513,0.7847947856197894,-0.016294382844571492,0.005655964255545598,1.1267489738135286,7,0.1292935764160807,0.0
46.119296732000294,0.31391697854901446,0.9714126258924322,0.17145326927266274,0.7847953750923548,-0.01778091946767222,0.005478884853592714,1.1227144286640471,7,0.12246662090904481,0.0
46.129898291001155,0.30295877795517495,0.9751574306753795,0.16335942118291055,0.7847959867516219,-0.019185260851776652,0.005287628173136216,1.1186240866352217,7,0.11668530084493611,0.0
46.13962819900007,0.29125681843337015,0.9797913261453126,0.15849622449774578,0.7847966077080899,-0.02047970705573217,0.005083390450545622,1.1146210134920742,7,0.11668530084493611,0.0
46.150266921000366,0.2788485427259145,0.9852784434708026,0.15225907216027376,0.7847972390490301,-0.021715378083447333,0.004866825184955292,1.1106258614542872,7,0.10875648011448125,0.0
46.16087085599975,0.265754124304436,0.9915896903542449,0.1432336204262461,0.7847978784271963,-0.02290962788159739,0.004638284469866694,1.1065153149156264,7,0.10230972887589007,0.0
46.170781198999975,0.25200547714912774,0.9986892808009571,0.13148023827523947,0.7847985166552406,-0.02404261954236967,0.004398325309311613,1.102647961896898,7,0.09391445591088532,0.0
46.181060377000904,0.23768425715315147,1.0065170396881027,0.12590596568029674,0.7847991298670863,-0.0250313181004687,0.004148372867479377,1.0986765842283919,7,0.08993283262878338,0.0
46.191477170001235,0.22284585313251176,1.0150238653327117,0.12009442161425438,0.7847997235905022,-0.025940217911128403,0.00388939386157805,1.0947017011115798,7,0.0857817297244674,0.0
46.20175013100015,0.2075018512271707,1.0241801003925,0.10890278274997937,0.7848003044035301,-0.02682230317764625,0.003621590507897565,1.090727976684943,7,0.07778770196427098,0.0
46.21208135100096,0.19169296012608883,1.0339416222379405,0.09709453953158466,0.7848008555474102,-0.027621169071733422,0.0033456733070944544,1.0868016641537526,7,0.06935324252256048,0.0
46.22220915300022,0.17549735592441945,1.0442459350515487,0.08907893982752077,0.7848013600668491,-0.02828787623531785,0.003063006689425496,1.0829317078639535,7,0.06362781416251484,0.0
46.23262433899981,0.1589744290057639,1.055038465703277,0.08183605821164246,0.7848018213004999,-0.028860683685031037,0.0027746272126285554,1.0789916000555086,7,0.05845432729403033,0.0
46.24324790300125,0.14215211399904576,1.0662786328436011,0.07093646943960837,0.7848022456895236,-0.0293827864866914,0.002481022427953672,1.0750669354617879,7,0.0506689067425774,0.0
46.25329725800111,0.1250719243089786,1.0779189568679983,0.05900170610256685,0.7848026227840393,-0.0298232351138884,0.0021829168809968102,1.071182831183949,7,0.04214407578754775,0.0
46.263665640999534,0.10780439695455885,1.0898978810757343,0.049823312583318645,0.7848029395738065,-0.030142000016639477,0.0018815416749839997,1.067313048076225,7,0.035588080416656176,0.0
46.274160461000065,0.09041067371833628,1.1021577495753916,0.0415505622362363,0.784803198792817,-0.030361673475703628,0.0015779639353312724,1.063417449748078,7,0.02967897302588307,0.0
46.28451361600128,0.0729274959730426,1.1146519444668825,0.03079041081100424,0.7848034071876442,-0.030516585408355657,0.0012728249199644992,1.0595568698169837,7,0.021993150579288745,0.0
46.29481277299965,0.0553867907820445,1.1273358655907664,0.017370927990508545,0.7848035641218083,-0.030608273217885774,0.0009666818612599215,1.0557304338699314,7,0.012407805707506103,0.0
46.305103128001065,0.03787388422599101,1.140139839826601,0.009587757123627673,0.7848036471992639,-0.030548851781978453,0.0006610239802626872,1.05190914350493,7,0.006848397945448337,0.0
46.31516603400087,0.02045132010481493,1.1530046609449234,0.0023075713245671817,0.7848036705652244,-0.03039557005416703,0.0003569428722083323,1.0481147755255162,7,0.006848397945448337,0.0
46.325629351000316,0.0031396500550170806,1.165890743232938,-0.009103206159039434,0.7848036479938376,-0.030201750671038592,5.479723082046917e-05,1.0442958864352692,7,0.001648265231833701,0.0
46.33614422000028,-0.014020843762829367,1.1787494510778171,-0.023005866697835664,0.7848035708232509,-0.02992729640870627,-0.0002447098875690834,1.0405499168362031,7,-0.016432761927025474,0.0
46.346012231000714,-0.03094794757260794,1.191512754361979,-0.032191860449050404,0.7848034256222651,-0.02950789984065129,-0.0005401435818765954,1.0369395250041469,7,-0.022994186035036,0.0
46.35623056500117,-0.04756818840056242,1.2041169052688434,-0.03767455776636286,0.7848032226515694,-0.02897363410917954,-0.0008302215067987895,1.033208407908681,7,-0.0269103984045449,0.0
46.36696470900097,-0.06385940359456607,1.2165224597985278,-0.046586522995432665,0.7848029834775463,-0.02840424446840022,-0.00111455685108508,1.0293664812855592,7,-0.033276087853880476,0.0
46.377339169999686,-0.07981404187021873,1.2286973180010283,-0.06069866153772487,0.7848027126360696,-0.027808999633140534,-0.0013930178199599297,1.0256768582080622,7,-0.043356186812660624,0.0
46.38701591800054,-0.09536846075944942,1.2405837774750232,-0.07082608202958811,0.7848023927814284,-0.02709410024150449,-0.0016644936428114043,1.0220561059201465,7,-0.043356186812660624,0.0
46.397535537000294,-0.1104229664351857,1.252107847151842,-0.07244427028065106,0.7848020214397765,-0.026221076764139217,-0.0019272443341131762,1.018376867876846,7,-0.051745907343322184,0.0
46.4078842910003,-0.1249633047470845,1.2632360172205186,-0.07873021427902013,0.7848016347448269,-0.025337911482500353,-0.0021810211120096845,1.0146266179184629,7,-0.051745907343322184,0.0
46.41832092200093,-0.13900643621193445,1.273950218246859,-0.09211284815070564,0.7848012391673541,-0.02446431794810961,-0.0024261199933617306,1.0109933506449351,7,-0.06579489153621831,0.0
46.42843761699987,-0.15251140287714246,1.2842062505109222,-0.1034176247927288,0.7848008200140479,-0.023506130494933587,-0.0026618261270416887,1.0074023346153127,7,-0.07386973199480629,0.0
46.4388442110012,-0.1653710976297785,1.2939298738564264,-0.10347794356323453,0.7848003680531054,-0.022374689528821677,-0.0028862701412766256,1.0037325972456026,7,-0.0739128168308818,0.0
46.44913945600092,-0.17756383448136479,1.3030875425478161,-0.10691877088054996,0.7847999182524648,-0.021228554749193718,-0.0030990735441660533,1.0001278857442133,7,-0.07637055062896425,0.0
46.459830849000355,-0.18912396960601915,1.3116729818294697,-0.11799574496828376,0.7847994819792194,-0.020122611175239166,-0.0033008359640667173,0.9964194818025863,7,-0.08428267497734554,0.0
46.46979735599962,-0.20003043469167972,1.3196552240010735,-0.12904547445025502,0.7847990471886372,-0.018964119787526153,-0.0034911896895652994,0.9928957261610969,7,-0.0921753388930393,0.0
46.47978726400106,-0.2101852925717759,1.3269685027711107,-0.12854567306563397,0.7847986049021887,-0.017643910367284656,-0.0036684253946450696,0.9893135472303302,7,-0.0921753388930393,0.0
46.49041767299968,-0.2195614442785094,1.3335811412020757,-0.12917512053337224,0.7847981819244695,-0.016302385720613016,-0.003832070113094055,0.9857613201347072,7,-0.09226794323812304,0.0
46.50095203199999,-0.2282015891017752,1.3394953257879727,-0.1378137447195922,0.7847977901011902,-0.0150205357327569,-0.003982869088109187,0.9821438325354301,7,-0.09843838908542302,0.0
46.51109960299982,-0.23610293413091174,1.3446933848030695,-0.14714708821072522,0.7847974207852659,-0.013715033511114024,-0.004120773574203707,0.9786139874674521,7,-0.10510506300766087,0.0
46.52118164999956,-0.24318395502187298,1.3491221637675366,-0.14635129484847872,0.7847970682123234,-0.01227468025362281,-0.0042443607031534825,0.9751595158111692,7,-0.10453663917748479,0.0
46.53142359600133,-0.24941880832140662,1.3527556825039495,-0.14482504728520834,0.7847967496513296,-0.010812828298418719,-0.004353179421609177,0.971660780868301,7,-0.1034464623465774,0.0
46.54196521900121,-0.25485156398064357,1.3556019889194846,-0.15050424439387047,0.7847964731002922,-0.009418743133736997,-0.004447998895319216,0.9681145663869276,7,-0.10750303170990749,0.0
46.55203881400121,-0.2594879419029399,1.3576527247839079,-0.1566016086803281,0.7847962327860312,-0.008016519307955262,-0.004528918955430061,0.9646394033641089,7,-0.11185829191452007,0.0
46.56270289399981,-0.2632795735604664,1.358875658775218,-0.15584117810150414,0.78479602813443,-0.00653587947581249,-0.004595095411876748,0.9611499223812439,7,-0.1113151272153601,0.0
46.57277942200017,-0.2662098946074196,1.359254720848673,-0.15386067793752642,0.7847958662367154,-0.005042423042523076,-0.0046462391622865695,0.9576791507566246,7,-0.10990048424109031,0.0
46.583503228001064,-0.26832121332576736,1.358802750060454,-0.15815927534761529,0.7847957495312777,-0.0036210570190909133,-0.004683088625480725,0.9542223874631893,7,-0.11297091096258235,0.0
46.59384248199967,-0.2696240987314377,1.3575192943359933,-0.16148493729995303,0.7847956745192913,-0.002198004297076126,-0.004705828265585854,0.9507238590888845,7,-0.11534638378568074,0.0
46.60366718200021,-0.2700848158837847,1.355384621122468,-0.15956658078943592,0.7847956424357977,-0.0007249710371332083,-0.004713869296814721,0.9473584708952596,7,-0.11397612913531135,0.0
46.61362733200076,-0.2696948971968888,1.352392145389147,-0.1555563969562137,0.784795655170508,0.0007513554374714622,-0.004707063931913336,0.9439488737592717,7,-0.11397612913531135,0.0
46.62379760600015,-0.2684921078944399,1.3485582922579302,-0.15586059299647084,0.7847957103129493,0.002162909126841969,-0.004686071298377836,0.9406185689409359,7,-0.11111171211158122,0.0
46.63437318000069,-0.2665013605142855,1.3438949776315592,-0.15677629026922066,0.7847958054825773,0.003543643502851166,-0.004651326202018691,0.937280167138519,7,-0.11198306447801476,0.0
46.644588999000916,-0.26371280372848854,1.3383992934237914,-0.15391076167043102,0.7847959411987279,0.004939135379978245,-0.004602656704727703,0.9339842059654969,7,-0.10993625833602216,0.0
46.65375985600076,-0.26012503612786436,1.3320736085880367,-0.1489651572895134,0.7847961160961463,0.00632758713397733,-0.004540038347300435,0.9307641623696263,7,-0.10993625833602216,0.0
46.664610449000975,-0.2557770523791078,1.3249405031732524,-0.14646418476947043,0.7847963239595052,0.00764778148363132,-0.004464151715061426,0.9274031155976914,7,-0.104617274835336,0.0
46.67519147100029,-0.2507026812129186,1.3170215437228332,-0.14473671633192856,0.7847965616687461,0.00891714042872062,-0.004375587230743161,0.9239447111354007,7,-0.10338336880852039,0.0
46.68541609100066,-0.24490961445452064,1.3083274160591103,-0.14098138255867934,0.7847968291290959,0.010172605015079408,-0.004274479142021281,0.9206329809051783,7,-0.10070098754191381,0.0
46.69567333099985,-0.23771958760780695,1.2978843476642097,-0.13559847511182826,0.7847971540811843,0.011526984439324324,-0.004148989500239342,0.9173018568457344,7,-0.0968560536513059,0.0
46.70536348800124,-0.2312279920624873,1.2886765105666953,-0.1303867295009781,0.7847974379012038,0.012583376573414542,-0.004035689784265717,0.9141689778350757,7,-0.09313337821498435,0.0
46.715730400999746,-0.2234146609071001,1.2777751992968802,-0.12733309133316917,0.7847977660853063,0.013686171491699404,-0.003899321430055558,0.9108679030516983,7,-0.09095220809512083,0.0
46.72703092700067,-0.21499204357057713,1.266190460227318,-0.12246662477316343,0.7847981079941796,0.014751838358593663,-0.003752319025897677,0.907481205693717,7,-0.0874761605522596,0.0
46.735633161000806,-0.20597100894271192,1.2539404389065325,-0.11591142098558782,0.7847984620397002,0.015792011361877856,-0.0035948722697050073,0.904404919772746,7,-0.0874761605522596,0.0
46.746014045000265,-0.19639155501739414,1.2410579148835297,-0.11005675457314669,0.7847988185794127,0.016761026457050295,-0.003427679258165117,0.9012170701908404,7,-0.07861196755224764,0.0
46.75654483800099,-0.18629449003797374,1.2275770955111744,-0.10451802282709234,0.7847991736282989,0.017662399422228844,-0.003251452229486418,0.89794366143755,7,-0.07465573059078023,0.0
46.767018279000695,-0.1757112215210042,1.213528775351982,-0.0982228010105243,0.7847995251238817,0.018509199729305106,-0.003066739348242642,0.8946649302011938,7,-0.07015914357894593,0.0
46.77810868100096,-0.16467303240852355,1.1989445886579342,-0.09111478738646693,0.7847998691986798,0.01929950067959869,-0.0028740866047720637,0.8913661257856746,7,-0.06508199099033352,0.0
46.78753771999982,-0.15321090014451674,1.1838568748804967,-0.08364862122627548,0.784800202573468,0.020034302762054507,-0.0026740346574660734,0.888234500095388,7,-0.05974901516162534,0.0
46.79774438499953,-0.14137613879310842,1.1683082504085816,-0.07791367761865305,0.7848005162026803,0.02068064662678761,-0.002467479105696224,0.8850490957222367,7,-0.05565262687046646,0.0
46.80793246900066,-0.12920501081460195,1.1523350669539012,-0.07107526979373695,0.7848008115864247,0.021268019837365294,-0.002255052848789685,0.8817983403524422,7,-0.05565262687046646,0.0
46.818052095000894,-0.1167257639908312,1.1359705846265173,-0.06317835270765651,0.7848010869786678,0.02180185513493225,-0.0020372489035458408,0.878657124012783,7,-0.05076804985266925,0.0
46.829004323000845,-0.10397848529457833,1.1192541753934377,-0.05503974731797419,0.7848013366562568,0.022264416867727368,-0.0018147669196268978,0.8754356679893995,7,-0.03931410522712442,0.0
46.839086855999994,-0.09100142101529865,1.1022249018437913,-0.047047740253286285,0.7848015590319704,0.022660367681679606,-0.0015882744207105226,0.8723606739425263,7,-0.03360552875234735,0.0
46.84952627799976,-0.07784943063902638,1.0849300494757999,-0.040996432133383734,0.7848017468559029,0.022962302453252648,-0.0013587288854539636,0.8692442685915002,7,-0.029283165809559808,0.0
46.85920910000095,-0.0645576770222585,1.0674081416110355,-0.03377721139545446,0.784801905170669,0.02320698581481943,-0.0011267440214774993,0.8661539366264341,7,-0.029283165809559808,0.0
46.86947004300055,-0.05114498107661076,1.049690387353455,-0.02349110958217331,0.7848020364380291,0.023413534023207404,-0.0008926483156570519,0.8630690221515682,7,-0.01677936398726665,0.0
46.87976144300046,-0.037669368740753724,1.0318265253053533,-0.016260653964847993,0.7848021268002737,0.02351386304391375,-0.0006574545116739827,0.859951900188771,7,-0.01161475283203428,0.0
46.88988896199953,-0.02418587554177698,1.0138651496801967,-0.010461248829554747,0.7848021793199218,0.02352807046652231,-0.0004221231606815756,0.8568271345049963,7,-0.01161475283203428,0.0
46.90056156100036,-0.01071986407771995,0.9958411408583023,-0.002563145293884439,0.7848022017948462,0.023498206728158767,-0.00018709692352247842,0.8537663675324106,7,-0.0018308180670603136,0.0
46.91089082200051,0.0027014309527355522,0.9777902704975525,0.007417923208137722,0.7848021924924787,0.023414357957188638,4.71488646405227e-05,0.8506309090966933,7,0.00529851657724123,0.0
46.92121959399992,0.01603614000809227,0.9597551227397614,0.017894818455844508,0.7848021476296484,0.023254026126786197,0.00027988344245200025,0.8475594791232574,7,0.012782013182746077,0.0
46.93177790899972,0.029204730824374678,0.9417957928605379,0.022113145357828136,0.7848020571702613,0.022957273371744347,0.0005097187100440159,0.8444444117743649,7,0.015795103827020096,0.0
46.94263101300021,0.04216717381305518,0.9239538560970607,0.02715977513089474,0.7848019376874771,0.02260506318105793,0.0007359560192985448,0.8413066655513218,7,0.019399839379210526,0.0
46.9526766630006,0.05492714613983444,0.9062502171972014,0.03722554950806672,0.7848018000042322,0.02225037942031147,0.0009586595488642047,0.8383014027986451,7,0.026589678220047652,0.0
46.96266607899997,0.06744371458836176,0.8887262262596572,0.04569317489032017,0.7848016315119563,0.02181379457261988,0.0011771148793422448,0.8352299540194347,7,0.026589678220047652,0.0
46.973609017000854,0.07965454645725832,0.8714329060741273,0.05022083145643012,0.7848014316321219,0.021276969813684102,0.0013902340998619422,0.8321832977018951,7,0.03587202246887866,0.0
46.98411088899957,0.09152949788574435,0.8544058801311908,0.05572711486928004,0.7848012124234481,0.02069493530527585,0.0015974911008034276,0.82912911750906,7,0.03980508204948574,0.0
46.99447696400057,0.10305833145702692,0.8376709660767021,0.06395958032235578,0.7848009794254466,0.020088556920394778,0.0017987072055367648,0.8260709427894154,7,0.045685414515968414,0.0
47.00487049200092,0.11421690709009573,0.8212598957875343,0.07227915328653411,0.7848007310183956,0.01943382868716348,0.001993461090166626,0.8230730051139987,7,0.05162796663323865,0.0
47.015160634000495,0.12494372919996634,0.8052212483730883,0.07544222426041207,0.7848004620613063,0.018675271978903053,0.002180679454259593,0.8200914006834439,7,0.05388730304315148,0.0
47.02583581700128,0.135210787380491,0.7895873923993336,0.07938462109652207,0.7848001860485863,0.017879362297738653,0.002359873424003567,0.8170852681501161,7,0.05670330078323005,0.0
47.03596871500122,0.14501974737703383,0.7743761130046832,0.0866135428474638,0.7847999098484589,0.017078999652307948,0.0025310720721396507,0.8141367015683245,7,0.06186681631961699,0.0
47.04632179700093,0.15434702183217072,0.7596161838467144,0.09313744163694837,0.7847996298793248,0.016230238653692088,0.00269386372161895,0.8111802833260932,7,0.0665267440263917,0.0
47.056793772000674,0.1631489523582413,0.7453449781087351,0.09651038922659234,0.7847993467696069,0.015310071854706085,0.002847486389830678,0.8082132015018454,7,0.06893599230470882,0.0
47.0673159020007,0.1714020876062274,0.7315896439098489,0.09975282826902437,0.7847990684677518,0.014355404398861718,0.0029915307735204344,0.8052431008687806,7,0.07125202019216026,0.0
47.07785011800115,0.17910635311741022,0.718365530419976,0.10535814078223807,0.7847988007023048,0.013397176795921908,0.003125995573138418,0.8022959045972814,7,0.07525581484445576,0.0
47.08799901299972,0.186246699638373,0.7056940282544253,0.11022615420133164,0.7847985425587579,0.012406730108986774,0.0032506181296625414,0.7994238735173634,7,0.07873296728666546,0.0
47.098327436000545,0.19278512300465261,0.6936063101661305,0.11167302488567321,0.7847982944219392,0.011354370095060675,0.0033647351452934515,0.7965265120192501,7,0.07976644634690944,0.0
47.1088099589997,0.19871039423171322,0.6821201191553693,0.11372351153712615,0.7847980635578594,0.010289103469136675,0.0034681506372793436,0.7936360484555917,7,0.08123107966937582,0.0
47.11986864699975,0.20402920865704846,0.6712438026216824,0.11869981556102806,0.7847978528606931,0.009230244031596432,0.0035609814613040136,0.7905584656348965,7,0.08478558254359148,0.0
47.13014104499962,0.20873102809903749,0.6609926919545034,0.1215137563920535,0.784797661520942,0.008146146535577542,0.0036430436914010045,0.7877593581621503,7,0.08679554028003822,0.0
47.14023035399987,0.21278471442571165,0.6513907044079826,0.12120470668335805,0.7847974908516123,0.007015890343686936,0.0037137938646445434,0.7849101469070583,7,0.0865747904881129,0.0
47.15059391400064,0.2161926856814257,0.6424450664551457,0.12257256377258305,0.7847973455700943,0.005894563608307588,0.003773274183870079,0.7819946896869082,7,0.0865747904881129,0.0
47.16087015500125,0.218968581058107,0.6341566493765477,0.12510103466724223,0.7847972261472687,0.004789454872659296,0.0038217226978840557,0.7792442773578989,7,0.08935788190517302,0.0
47.1717753009998,0.22110283971052375,0.6265360371335122,0.1267652131876454,0.7847971320272208,0.003666369555517594,0.0038589725384579054,0.776315114756202,7,0.08935788190517302,0.0
47.18188333100079,0.2225832860708651,0.619593962191532,0.12559898904750258,0.7847970645015427,0.002524913504747405,0.0038848112018450287,0.7735918529973652,7,0.08971356360535898,0.0
47.192160968999815,0.2234132546128888,0.6133328325532282,0.12536093609622512,0.7847970246587896,0.0013947301354258399,0.003899296885591319,0.7707454074625074,7,0.08954352578301794,0.0
47.20298221899975,0.2236087481536372,0.6077480191467879,0.12635593550049462,0.7847970119846341,0.0002871671506436895,0.00390270889154376,0.7678947558987139,7,0.09025423964321044,0.0
47.21282507900105,0.2231713334772966,0.602840506772414,0.12566022742288313,0.7847970260249422,-0.0008200990884689961,0.0038950745652450713,0.7651846983857301,7,0.08975730530205939,0.0
47.22360693100018,0.22209892598843256,0.5986119033183497,0.12411022999412918,0.7847970667119454,-0.0019260336670326402,0.0038763575236413494,0.7623579062435399,7,0.08865016428152084,0.0
47.2342815560005,0.2204037881990076,0.5950560406004097,0.12298104916177537,0.7847971329567452,-0.003010511606051678,0.003846771787940906,0.7594861987720418,7,0.08784360654412526,0.0
47.244338800999685,0.21809786413212104,0.592165804025133,0.12090350416846206,0.7847972236007772,-0.0040762875704180475,0.003806525820672757,0.7567784091210186,7,0.08635964583461575,0.0
47.25479980900127,0.21519527610046033,0.5899319955593247,0.11960424619796271,0.7847973369690464,-0.0051153449124867485,0.0037558661026912965,0.7539316599583665,7,0.08635964583461575,0.0
47.26487018700027,0.211707307518564,0.5883456856983428,0.11662209648247612,0.784797471968938,-0.006137472359376568,0.0036949895667310884,0.7512652773920838,7,0.08543160442711623,0.0
47.27539483200053,0.20764938920834766,0.587394990338404,0.11413900915551388,0.7847976262651369,-0.0071285708242288135,0.0036241655314408483,0.7485022134781188,7,0.08330149748748295,0.0
47.28640664700106,0.2030419841338979,0.5870646639933592,0.11181797530435268,0.784797797680682,-0.008086894979771208,0.0035437511429186053,0.7457111191206978,7,0.08152786368250992,0.0
47.296183704000214,0.19790565870783466,0.5873384340916049,0.10938077898280998,0.7847979836429522,-0.009006555610731652,0.0034541053527799015,0.7430398614969106,7,0.07986998236025192,0.0
47.307167087999915,0.1922613485094545,0.5881989014080606,0.10691975618416925,0.7847981823221394,-0.009893604723694084,0.0033555935558142735,0.7402830514983483,7,0.07637125441726375,0.0
47.31801027199981,0.1861189990278555,0.589632879452344,0.10263298088116274,0.7847983930145267,-0.010762453623923198,0.003248389333552204,0.737501791158196,7,0.07330927205797338,0.0
47.32746369000051,0.1794916746941297,0.5916248563548328,0.09608507309135689,0.7847986131348317,-0.011604181246239275,0.003132720703331149,0.7349456438012988,7,0.07330927205797338,0.0
47.33903210999961,0.17242406057206772,0.59414371402407,0.09393451860742733,0.7847988347736555,-0.012365446116452593,0.0030093675666407194,0.7321502237326545,7,0.06709608471959094,0.0
47.34866798999974,0.16494370255917984,0.5971654628615044,0.09006044173613417,0.7847990594630078,-0.013090830654025476,0.002878810690087885,0.7295875639295712,7,0.06432888695438155,0.0
47.35914185100046,0.15706017113642992,0.6006737478912412,0.0845595697964507,0.78479928654808,-0.013791729177936071,0.002741217110076466,0.7269282021203779,7,0.0603996927117505,0.0
47.36915571600002,0.148800050017585,0.6046435654452095,0.0789664394867764,0.7847995112170918,-0.014444039968646644,0.0025970507999391046,0.7242999680172202,7,0.0603996927117505,0.0
47.37988468799995,0.13931457942307193,0.6095109123238076,0.07174087568061963,0.7847997524915633,-0.015103487219949302,0.0024314981069637476,0.7216946417295991,7,0.051243482629014014,0.0
47.390613868999935,0.1312814241764243,0.6138526185750428,0.0708085197844025,0.7847999397722197,-0.015571018674370288,0.0022912930985858893,0.718940853298642,7,0.051243482629014014,0.0
47.400544396999976,0.12209020712638437,0.6190319122025661,0.06527799281997215,0.7848001418899084,-0.016068305415409927,0.002130876098797252,0.7163990289968375,7,0.05057751413171607,0.0
47.410815049999655,0.11261593865761514,0.6245721380948889,0.056111895323431735,0.7848003383073147,-0.016555056550924693,0.0019655189197993472,0.7137918560640422,7,0.04662713772855154,0.0
47.421631899000204,0.10193397448180662,0.6310335579729164,0.04993076968249035,0.7848005316863597,-0.016975616874038413,0.0017790834743514061,0.7111636482179193,7,0.03566483548749311,0.0
47.43160790299953,0.09303739905042338,0.6365703073689266,0.048433176159172885,0.784800672531518,-0.01724719418197506,0.0016238089409217338,0.7086967010662801,7,0.03459512582798063,0.0
47.441937583000254,0.08299896167769617,0.6429649128046143,0.04257017167098263,0.7848008183812466,-0.01753637946024328,0.0014486051570123948,0.7061316285638438,7,0.030407265479273304,0.0
47.45218169100008,0.07280368120706462,0.6495965590525761,0.03388788018985385,0.7848009510486941,-0.017803304421523287,0.0012706639446355972,0.7035261015011082,7,0.030407265479273304,0.0
47.462636132000625,0.062488554634755625,0.6564308940928126,0.025870915946768713,0.7848010629977324,-0.018002589437872113,0.0010906310231888483,0.7010417519853998,7,0.018479225676263367,0.0
47.47246187699966,0.05212308527873147,0.663418113301583,0.023699823702587077,0.784801146093915,-0.018086368906473572,0.0009097194544116505,0.6985103336131011,7,0.018479225676263367,0.0
47.483007619001,0.04173201860281118,0.6705290393625107,0.0195849616034383,0.7848012120731955,-0.018139454510524622,0.0007283611281225788,0.6959565808814832,7,0.01692844550184791,0.0
47.493296224000005,0.0313056412897882,0.6777504896156663,0.00957568830349822,0.7848012661862199,-0.018198622323128782,0.0005463865149550884,0.6935029604137897,7,0.006839777359641586,0.0
47.50378021399956,0.020888301174736366,0.6850440325577266,0.00304838301150574,0.784801294394966,-0.01816915041256519,0.00036456963064734893,0.6909766537513886,7,0.002177416436789814,0.0
47.51401363399964,0.010541066567102311,0.6923633331484391,0.00014562492601770673,0.7848012961280448,-0.018046944908430146,0.00018397631826783112,0.6884838265370333,7,0.00010401780429836194,0.0
47.52420597899982,0.00027783449615280875,0.6996840488467543,-0.005775828650012382,0.7848012823874398,-0.01790525099739994,4.849126733486031e-06,0.6860291644098649,7,-0.004125591892865987,0.0
47.534365143001196,-0.009888929323182685,0.7069826339690815,-0.014138349242668368,0.7848012517608081,-0.017731366092809488,-0.00017259437618655227,0.6836052931637566,7,-0.010098820887620263,0.0
47.54425976499988,-0.019924371595809683,0.7142252320293083,-0.021049100073796546,0.7848012003239824,-0.017493212246175067,-0.0003477458857377158,0.6811465807041113,7,-0.010098820887620263,0.0
47.555170989000544,-0.029775429630266855,0.7213696355896747,-0.024237337980290173,0.7848011260847227,-0.017168807325931682,-0.0005196792832440345,0.6786457684361391,7,-0.01731238427163584,0.0
47.565085940001154,-0.03941517373199801,0.7283860226259127,-0.02848672817764917,0.7848010367582587,-0.016804820598693787,-0.0006879245568689463,0.6762814510705365,7,-0.02034766298403512,0.0
47.574853076999716,-0.04883546652289149,0.7352536504427747,-0.034756817811136334,0.784800935969393,-0.016420302494669227,-0.0008523396825719232,0.6738754860080395,7,-0.02034766298403512,0.0
47.58559930299998,-0.0580126145936168,0.7419448782336019,-0.04061173360035508,0.7848008216186543,-0.015990299529339235,-0.0010125111323491254,0.6714219638897219,7,-0.029008381143110773,0.0
47.596004007000374,-0.06691759658543872,0.7484299378196555,-0.04581507383733241,0.7848006948704058,-0.015512093160238794,-0.0011679323879372205,0.6689717113877043,7,-0.03272505274095172,0.0
47.606763994001085,-0.07552036471953907,0.7546789861084058,-0.04982202165209815,0.7848005570822914,-0.014982880547105743,-0.0013180790166629208,0.6665029557444848,7,-0.03558715832292725,0.0
47.618073740999534,-0.083794968142662,0.7606645415913305,-0.05311073917746008,0.7848004110255912,-0.014410741017557405,-0.0014624980906932095,0.6640025879685041,7,-0.03793624226961434,0.0
47.62736474600024,-0.0917350728427018,0.7663687775716781,-0.05919467412382402,0.7848002618211113,-0.013827244027952577,-0.0016010790606619807,0.6616747559157219,7,-0.04228191008844573,0.0
47.637825824000174,-0.09932292063087496,0.7717691048345698,-0.06453574113498485,0.7848001079318258,-0.013205351165887466,-0.0017335119877057714,0.6592858452775014,7,-0.04609695795356061,0.0
47.648053025999616,-0.10651484601133755,0.776831406103188,-0.0659987475016591,0.7847999481509855,-0.01251219407965443,-0.0018590347651525896,0.6568782696781417,7,-0.047141962501185075,0.0
47.65824404399973,-0.11329780904339583,0.7815364241786225,-0.06859948350840557,0.7847997901665771,-0.011804082175126407,-0.0019774198031030643,0.6544798074573784,7,-0.047141962501185075,0.0
47.66921394600104,-0.11967772981161694,0.785874429558308,-0.07365541401889672,0.7847996367770325,-0.011099435175123323,-0.0020887704265248885,0.6520306410681498,7,-0.05261101001349766,0.0
47.67955550100123,-0.12564322366679861,0.7898283237795782,-0.07889302129216441,0.7847994866432336,-0.010369680283030066,-0.002192887935805299,0.64966932781514,7,-0.056352158065831714,0.0
47.68999589899977,-0.13115899028696226,0.7933705322606912,-0.08050987653199468,0.7847993390154783,-0.009580571161654613,-0.002289156224098754,0.6472968704313764,7,-0.05750705466571049,0.0
47.70070258300075,-0.13620203661936614,0.7964799062794086,-0.0808217574620463,0.7847991982383784,-0.008760072140332639,-0.002377173986929826,0.6449287722445719,7,-0.0577298267586045,0.0
47.71074201200099,-0.14078120715054476,0.799150912152447,-0.0840048354097616,0.784799068544084,-0.00795401508905586,-0.0024570955897091906,0.6426102872963289,7,-0.06000345386411543,0.0
47.721457638001084,-0.14489772147070457,0.8013752807370998,-0.0874604254028717,0.7847989492089518,-0.007141691773868126,-0.0025289423183014748,0.6402011243641325,7,-0.06247173243062265,0.0
47.73178647700115,-0.14853434774874041,0.8031369227987264,-0.08960360944635566,0.7847988402268,-0.00630097655418489,-0.0025924134205177474,0.6378867687146368,7,-0.06400257817596833,0.0
47.74212942600025,-0.15167022459970703,0.8044188377389189,-0.08945895249014671,0.7847987429871389,-0.005427555237840225,-0.002647144796504186,0.6355917746906737,7,-0.06389925177867622,0.0
47.75242061300014,-0.1543069651461569,0.8052153169331777,-0.09028237828212468,0.7847986601281014,-0.0045604944673049465,-0.0026931646005605714,0.6332952010054775,7,-0.06448741305866049,0.0
47.76257362599972,-0.15645551272082697,0.805525868928256,-0.09271791525026536,0.7847985920150706,-0.0037075718781433174,-0.0027306638298743025,0.6310274255442327,7,-0.06622708232161811,0.0
47.772980912001,-0.1581153543006796,0.8053455137541634,-0.09499522409531228,0.7847985384043346,-0.002853928747973771,-0.002759633530504235,0.6287360970948698,7,-0.06785373149665162,0.0
47.78304101800131,-0.15927640677971522,0.8046656430257333,-0.0952518303667451,0.7847984994827331,-0.00198004186822138,-0.0027798977190518492,0.6264694752973818,7,-0.06785373149665162,0.0
47.79355832600049,-0.15992947913892386,0.8034788909430369,-0.09401083748848024,0.7847984761436586,-0.0010957019905280141,-0.002791295981973807,0.624202860904815,7,-0.06715059820605732,0.0
47.80401192499994,-0.16008520267987555,0.8017879890991267,-0.09382142737883598,0.7847984685766989,-0.0002311128759274046,-0.0027940138704862783,0.6219362367190041,7,-0.06701530527059713,0.0
47.81434104300024,-0.15975638822854712,0.7995975651577037,-0.094387058732859,0.7847984761632678,0.0006153725548829926,-0.0027882749756824587,0.6196795310399675,7,-0.06741932766632786,0.0
47.824572782999894,-0.1589431720619106,0.796907189850621,-0.09381759619336848,0.7847984986950853,0.0014626119821994949,-0.0027740816760442044,0.617448679584737,7,-0.06701256870954891,0.0
47.834786151001026,-0.15764370265855557,0.7937163317196719,-0.09177475060866981,0.7847985360662487,0.002309801097717479,-0.002751401656426733,0.615199969374122,7,-0.06701256870954891,0.0
47.84549318500103,-0.15587039183008322,0.7900319400735101,-0.09031416046183607,0.7847985872235864,0.0031333191700535015,-0.002720451543808622,0.6129600504322862,7,-0.06451011461559719,0.0
47.85576942300031,-0.15363880087262446,0.7858632758144632,-0.08933667695046243,0.7847986510966354,0.003932672332181453,-0.002681502934043234,0.610736919018635,7,-0.06381191210747317,0.0
47.866566360000434,-0.15095790726111954,0.7812173453463759,-0.08783293474963222,0.7847987270476376,0.004717265025023474,-0.0026347125136267913,0.6085421433122445,7,-0.06273781053545158,0.0
47.876395385999786,-0.14783357064038574,0.7761004869806931,-0.08520460926704816,0.7847988143933311,0.005490061650376352,-0.002580182552654353,0.6063440665138579,7,-0.060860435190748685,0.0
47.88637641599962,-0.14427875802613777,0.7705231247208616,-0.08246408901084412,0.7847989115572056,0.006238305567071418,-0.0025181393682442987,0.6041516016167224,7,-0.060860435190748685,0.0
47.89670127300087,-0.1403138271429458,0.7644998968893645,-0.08038736537808018,0.78479901666207,0.006952184488111664,-0.0024489382697185924,0.6019726036248287,7,-0.058902920722031515,0.0
47.907369467000535,-0.13595770332512475,0.7580455206198432,-0.07845943846854815,0.7847991284382099,0.007635132516017472,-0.0023729095664730693,0.5997914711732216,7,-0.05604245604896296,0.0
47.917813985000976,-0.13121751578757063,0.7511699206494715,-0.0749319149284422,0.78479924685331,0.008305193478435419,-0.0022901776867807477,0.5976293572730561,7,-0.05604245604896296,0.0
47.927682548999655,-0.12610638915383085,0.7438864867104181,-0.0708275734093796,0.7847993698634896,0.008948605183872693,-0.0022009716985356143,0.5954689734625495,7,-0.053522796377458715,0.0
47.938390909999725,-0.12065548995428342,0.7362176895758252,-0.06846980322949779,0.7847994938725958,0.009538470666141694,-0.0021058355603091883,0.5933001227532441,7,-0.04890700230678413,0.0
47.94850012400093,-0.11488540476435667,0.7281817198167555,-0.06576509779885834,0.7847996189725033,0.010097057807311183,-0.002005128575624404,0.5911342829395421,7,-0.04890700230678413,0.0
47.95915609400072,-0.10880502568641484,0.7197918982477739,-0.06145808880511772,0.784799745098464,0.010637660860265751,-0.0018990059409449422,0.5890001823945843,7,-0.04389863486079837,0.0
47.96962520099987,-0.10243309150956662,0.7110666867823858,-0.057020752653609064,0.7847998695054346,0.011142280451138296,-0.001787794709838586,0.5868845001596827,7,-0.04072910903829219,0.0
47.97956843999964,-0.09579854062276581,0.7020298482810935,-0.05339265539905935,0.7847999895491178,0.011597871996567175,-0.0016719999524728024,0.5847390961555488,7,-0.04072910903829219,0.0
47.99014463500134,-0.08892548761314673,0.6927034095062289,-0.04993591342062955,0.7848001046900904,0.012013571828902742,-0.001552042547790844,0.5826329153709088,7,-0.035668509586163966,0.0
48.0001169340012,-0.08183054370307977,0.6831063559494402,-0.04550548314481588,0.7848002148274005,0.012399942225622906,-0.001428212416315855,0.5805414719912981,7,-0.035668509586163966,0.0
48.01087985199956,-0.07452864817214591,0.6732573073909462,-0.039826053169234356,0.7848003190511416,0.012757567904232242,-0.0013007702976643998,0.5784311779935462,7,-0.028447180835167396,0.0
48.02132192499994,-0.06705647501600295,0.6631854066374878,-0.03618307387128046,0.7848004124664241,0.013049982435865071,-0.0011703562738105688,0.5762944159132294,7,-0.025845052765200327,0.0
48.03135555600056,-0.05944316784070243,0.6529166638214295,-0.032987995005138784,0.7848004961033352,0.01329742147688093,-0.0010374789966358655,0.5741986726591242,7,-0.025845052765200327,0.0
48.04183018200092,-0.05170041466097585,0.6424692467356018,-0.027914157928544903,0.7848005717839138,0.01352344485270157,-0.0009023424604803765,0.5721138076645329,7,-0.02356285357509913,0.0
48.05264479300058,-0.04384665246437041,0.6318647136286244,-0.022196526248583127,0.784800637227745,0.013712489597609588,-0.0007652684514809494,0.5700040050970316,7,-0.015854661606130804,0.0
48.062309659000675,-0.035909647923800615,0.6211292091273571,-0.01737625051379208,0.7848006905673515,0.013853119628099682,-0.0006267415895022665,0.5679968047355711,7,-0.015854661606130804,0.0
48.07293181900059,-0.027927964224407048,0.610294117537896,-0.014226791123375371,0.7848007295628757,0.013929990882731764,-0.00048743492909508745,0.5659152663337863,7,-0.012411607509851486,0.0
48.082963704000576,-0.01991960770831236,0.5993813980507201,-0.010224454974672703,0.7848007578490013,0.013978229262602797,-0.0003476627402156929,0.5639302814132784,7,-0.010161993659553836,0.0
48.09322883400091,-0.01189513595282141,0.588409613637607,-0.004184272006515721,0.7848007760149666,0.014004209219291965,-0.00020760928734908646,0.5618925719842617,7,-0.0073031821247662165,0.0
48.10365679700044,-0.0038819570308653655,0.5774052363596688,0.0011029787756971388,0.7848007806943339,0.013978510131349289,-6.775293160954377e-05,0.5598202702616006,7,-0.002988765718939801,0.0
48.11445785599972,0.004083066797233065,0.5663991951828928,0.004812319969012835,0.7848007709880387,0.013892303826193437,7.126295919057668e-05,0.557786708714514,7,0.003437371406437739,0.0
48.12485494300017,0.011976848223019601,0.5554159926233189,0.009338257426249141,0.7848007497391807,0.0137687354088924,0.00020903543550332415,0.5556964789381532,7,0.003437371406437739,0.0
48.13539481299995,0.019787240925384898,0.5444749514528615,0.01477793923122297,0.7848007186294583,0.013620112964252496,0.00034535250403333606,0.5537109391319539,7,0.010555670879444978,0.0
48.145413076001205,0.02748186476433234,0.5336047149067392,0.01853934445846739,0.7848006746150328,0.013414110379563058,0.0004796490247254148,0.5517104677771568,7,0.010555670879444978,0.0
48.15613596700132,0.03503503566934452,0.5228306827343336,0.022032831417254695,0.7848006202139307,0.013167895153820566,0.0006114767259837173,0.5497021567110336,7,0.015737736726610496,0.0
48.16622408500007,0.042433955649407634,0.5121720535869938,0.026557672032233717,0.7848005578324794,0.012898153432556117,0.0007406122407274118,0.5477209666201994,7,0.015737736726610496,0.0
48.176622009999846,0.04966637052322065,0.5016475347234596,0.032019690881561806,0.7848004880042204,0.01260388571089507,0.0008668416931456591,0.5457474658112101,7,0.022871207772544144,0.0
48.18682804400123,0.05669787936641397,0.4912859047583526,0.035061389080533356,0.7848004080236463,0.012248981323355598,0.0009895646738424801,0.5437555638565729,7,0.022871207772544144,0.0
48.197187339001175,0.06350437234828377,0.481110882097951,0.037726287751076094,0.7848003214515585,0.011858287446891968,0.001108360386889995,0.5417586080630705,7,0.02504384934323811,0.0
48.208092201999534,0.07008280563983324,0.4711360208596478,0.04247605767160096,0.7848002318120567,0.011460348802534681,0.0012231757074503413,0.5397692244859243,7,0.03034004119400069,0.0
48.21908445400004,0.07641994273150443,0.4613792410551658,0.04759524103683077,0.7848001379554074,0.0110339123731731,0.0013337796148502612,0.53770296274138,7,0.03399660074059341,0.0
48.22883740799989,0.0824836031029784,0.45186691988134303,0.04928776383977276,0.7848000388105851,0.010552615182095885,0.0014396104530551845,0.5358543753630945,7,0.035205545599837684,0.0
48.23925964299997,0.08825081323648029,0.4426207488546487,0.05078923640788,0.7847999377191138,0.010039776628358612,0.0015402672585391741,0.5338972715880437,7,0.03627802600562857,0.0
48.24937779799984,0.09372659626059093,0.43364889665887363,0.054852983701038395,0.784799838438987,0.009532355427666386,0.001635837701434717,0.5319600690375094,7,0.03627802600562857,0.0
48.26019569200071,0.0989025346827709,0.42496528627938596,0.05903021087884843,0.784799739657352,0.00900375420811356,0.0017261748687822376,0.5300158877625648,7,0.042164436342034595,0.0
48.27086123200024,0.10421732276823767,0.41577269239071224,0.06038871718474393,0.7847996311446845,0.008370742482009728,0.0018189354199193986,0.5280250342935118,7,0.0431347979891028,0.0
48.281139286000325,0.10826009635239371,0.408544541732842,0.06281266926956204,0.7847995453838043,0.007839885775110427,0.0018894951298755736,0.5261357975244532,7,0.044866192335401456,0.0
48.29198819500016,0.1124258976049866,0.40083225248276355,0.06528053338315037,0.7847994542058485,0.007239166115827688,0.0019622020777170235,0.5241854643418341,7,0.046628952416535974,0.0
48.30246484700001,0.11623748970796736,0.3934684112493968,0.06743797861313686,0.7847993677733287,0.006619664669856049,0.0020287269096570526,0.5222009911642406,7,0.04816998472366918,0.0
48.312162825000996,0.11968636677873928,0.3864642792769309,0.06884206083120743,0.7847992871835378,0.005985814667194722,0.00208892117003856,0.5203445298779215,7,0.04816998472366918,0.0
48.322806150999895,0.12276433230313752,0.37983037134650066,0.07019014397998893,0.7847992132887797,0.0053391418104112,0.002142641802702183,0.51843259737559,7,0.04917290059371959,0.0
48.33354371099995,0.12546894369129646,0.3735739009779583,0.0718123470330232,0.7847991470229276,0.004687354981788084,0.002189846176412491,0.5165141275950054,7,0.05013581712856352,0.0
48.343736332000844,0.12779715786933385,0.36770172791087063,0.07319198988116171,0.784799088834084,0.004029198482905101,0.002230481179510857,0.5146443298470168,7,0.05129453359501657,0.0
48.354228211999725,0.12974051912118575,0.36222259997763495,0.07370439563653011,0.7847990390656666,0.0033571378491314727,0.0022643992319113515,0.5127586520252242,7,0.052279992772258366,0.0
48.36464241400063,0.13129684664755184,0.35714169995665557,0.07413157773720196,0.7847989984935322,0.0026828078106151784,0.0022915622714858586,0.5108793943598815,7,0.05264599688323579,0.0
48.37542635800128,0.13246888783698496,0.35246125242119236,0.07481691409891204,0.7847989674259085,0.002012367401221517,0.002312018249210457,0.5090188778686026,7,0.05344065292779432,0.0
48.38629887800016,0.13325694860525944,0.34818395691394605,0.07551056693050329,0.7847989459111113,0.0013415619219953872,0.002325772504322643,0.5071005217277048,7,0.053936119236073776,0.0
48.39599413200085,0.1336587396308954,0.3443130669374353,0.07481770836197409,0.7847989340808915,0.0006667994364182718,0.002332785080624955,0.5053381991130599,7,0.05344122025855291,0.0
48.40621602200008,0.13367654506748025,0.340849049257873,0.07456071962190326,0.7847989320179222,-9.259021873929033e-07,0.002333095844118116,0.503488472560605,7,0.05344122025855291,0.0
48.416576505000194,0.13331858239274913,0.33778893735455423,0.07451589590058272,0.784798939455782,-0.000656845009457102,0.0023268482168448124,0.5016748019793611,7,0.05325765687278805,0.0
48.42684219399962,0.13258746400849397,0.335131719297558,0.07396951994010628,0.7847989561980075,-0.0013085290675438818,0.0023140877938176985,0.499861225170154,7,0.053225639928987656,0.0
48.436959372000274,0.13148559489780356,0.3328758374784089,0.07267105317373874,0.7847989820241246,-0.0019547886644335263,0.0022948565499101292,0.49809232259006264,7,0.0528353713857902,0.0
48.44734751800024,0.13002136784794086,0.33101630201829213,0.07163873300226893,0.7847990163602574,-0.002585354773351098,0.0022693009668932618,0.49631047515755544,7,0.05117052357304924,0.0
48.45749417400111,0.12820523551482607,0.329546521819916,0.0708568053129723,0.7847990585927286,-0.003199221785562505,0.0022376034780284826,0.4945075537786961,7,0.05117052357304924,0.0
48.4678702350011,0.126042977057203,0.32846146137602195,0.06940251219847642,0.7847991083752969,-0.003803496098517933,0.0021998649486638655,0.49271260863083083,7,0.05061200379498021,0.0
48.47847674700097,0.12354094205571259,0.3277552163962329,0.06741070805160199,0.7847991650964654,-0.004395043530671889,0.0021561961998877166,0.49092431114949847,7,0.04815050575114428,0.0
48.488838766999834,0.12071153889191862,0.32741846075997666,0.06555795301716524,0.7847992277204243,-0.004964525505250192,0.0021068137988131674,0.4891532705723089,7,0.04682710929797517,0.0
48.49898353699973,0.11757222055755927,0.32743892923046686,0.06470383260250084,0.7847992949192284,-0.0055017512156423755,0.0020520223576103724,0.4873905208665018,7,0.04682710929797517,0.0
48.50887717899968,0.1141415404391195,0.32780327233022905,0.06401778489021231,0.7847993659623217,-0.006012697154966708,0.0019921456939608895,0.48568420795939826,7,0.0462170232875006,0.0
48.51941020400045,0.11041761578891018,0.32850713475113946,0.061172295288621406,0.784799441667627,-0.006525655053134635,0.0019271509477185589,0.4839324871810275,7,0.043694496634729574,0.0
48.52946870300002,0.10640712053875763,0.32954167759392267,0.05756378904580514,0.7847995205206356,-0.007021730470036098,0.001857154600967803,0.4821794881552312,7,0.043694496634729574,0.0
48.54035729000134,0.10213425357125816,0.33088937860847,0.05534704493981038,0.7847996001283286,-0.00747614389773316,0.0017825790038852318,0.4804333817730876,7,0.03953360352843599,0.0
48.550036337001075,0.0976194626167356,0.33253395940531927,0.053297104379041574,0.7847996800377435,-0.00789906109173822,0.0017037810366895556,0.4787515308193892,7,0.03953360352843599,0.0
48.560543933999725,0.09287180437914673,0.33446399990822073,0.05049677814147188,0.7847997604207703,-0.008305301817374197,0.0016209187686841986,0.47700138048788787,7,0.03606912724390848,0.0
48.57056226700115,0.08790234437887748,0.3366667267907351,0.04687760805970892,0.784799840287005,-0.008690334945930165,0.0015341853296333419,0.4752769058738859,7,0.03606912724390848,0.0
48.58078807000129,0.08273074084169219,0.3391249547318297,0.04368238107722837,0.7847999178302665,-0.009040059654132274,0.0014439238203016735,0.4735731908964819,7,0.03348400575693494,0.0
48.59113018100106,0.07737888535630875,0.3418200652535842,0.04098664196515774,0.7847999921043713,-0.009353507164313577,0.0013505163209908133,0.4718834566756824,7,0.031201700769448837,0.0
48.60168409200014,0.07186220104892176,0.34473610131212995,0.038134042558348284,0.7848000631435137,-0.009640867321249207,0.0012542320160338072,0.470126490193732,7,0.02927617283225553,0.0
48.611842345000696,0.06618970716670615,0.34785977859057154,0.03360518840637192,0.7848001311069105,-0.009911433758454645,0.0011552283209899095,0.4684502148432986,7,0.02723860182739163,0.0
48.62235727699954,0.06038597377316739,0.351170276755841,0.03048451161423378,0.7848001930109528,-0.01013589392079493,0.0010539340643647144,0.46674688517214946,7,0.024003706004551373,0.0
48.63276134900116,0.05447596137189463,0.354646307323958,0.027976252814649796,0.7848002487822556,-0.010321645386961151,0.0009507848891288084,0.4650481627305813,7,0.021774651153024127,0.0
48.64295362099983,0.04847085450530409,0.3582727743806194,0.024160266092571825,0.7848002995716271,-0.010487935107860656,0.0008459760023726837,0.46338610591883916,7,0.019983037724749853,0.0
48.653271004001,0.042384474977811656,0.36203316872148517,0.01981180375635827,0.7848003443206967,-0.010626462665795847,0.000739748640091964,0.4617480485226926,7,0.014151288397398765,0.0
48.66354801000125,0.0362419695436424,0.3659055270796301,0.016799236133228444,0.7848003812760561,-0.010721210736370406,0.0006325416959440666,0.46003631546883955,7,0.014151288397398765,0.0
48.67410241000107,0.030064330766411733,0.36986966937935495,0.0137258407004756,0.7848004110703879,-0.010782980399086338,0.000524721559282515,0.45836048648409305,7,0.011999454380877461,0.0
48.68447127500076,0.02386363625503455,0.37390947160104854,0.009808143550063365,0.7848004344488199,-0.01082224462764941,0.00041649902414864215,0.45667639543563915,7,0.009804171928911143,0.0
48.69518626900026,0.017656866048315116,0.3780064585549199,0.005812591278202284,0.7848004505167674,-0.010829931784876578,0.0003081704481266989,0.4550028916780644,7,0.004151850913001631,0.0
48.70549351900081,0.011466990839797532,0.38213931126906076,0.002532162687921269,0.7848004585470989,-0.010798215525406982,0.00020013674545049653,0.453332171951862,7,0.004151850913001631,0.0
48.71602137100126,0.005313502977996729,0.38628831059232305,-0.0006621493080236408,0.7848004592071235,-0.010734226962340129,9.273812178056673e-05,0.4516719983196869,7,0.0018086876342294778,0.0
48.72634021700105,-0.0007893517153956054,0.3904362060217188,-0.004374746614927227,0.7848004532126295,-0.010644832878633841,-1.3776786389918527e-05,0.450021206429817,7,-0.00047296379144545764,0.0
48.736893706000046,-0.006824921082311103,0.39456468127901767,-0.008214957364590504,0.7848004403221142,-0.01052504138109945,-0.00011911734407510366,0.4483769099001949,7,-0.0031248190106623053,0.0
48.746698070001,-0.012772178767013082,0.3986534573950892,-0.01163326608037727,0.7848004202950929,-0.010368758647365674,-0.000222916572137688,0.4467984108260329,7,-0.005867826688993216,0.0
48.757039968000754,-0.01861132104615908,0.4026829298042272,-0.014566012330586409,0.7848003937463096,-0.01017899934753241,-0.0003248288304011915,0.4452226284963083,7,-0.00830947577169805,0.0
48.76748217800014,-0.024327727764582505,0.4066360537521022,-0.017488160093577322,0.7848003617808271,-0.009964343927989058,-0.00042459894902080464,0.4435915655033428,7,-0.010404294521847435,0.0
48.778060534999895,-0.029912904885598942,0.4104988208318108,-0.021451528493565797,0.7848003255318616,-0.009734081085406205,-0.0005220786790895993,0.4419741346846083,7,-0.015322520352546998,0.0
48.7884985540004,-0.03534611105409661,0.4142517189032533,-0.024135516058943863,0.7848002837170425,-0.009465535759557117,-0.0006169060156695494,0.44033262582072213,7,-0.015322520352546998,0.0
48.798984703000315,-0.0406116131131558,0.4178777799830699,-0.026958842962971106,0.7848002380130401,-0.009173129011799942,-0.0007088063633706732,0.4387232344457393,7,-0.017239654327817044,0.0
48.809773533001135,-0.045698797278938316,0.421362681218427,-0.030048355783293988,0.784800189231086,-0.008860658448788021,-0.0007975944767188992,0.43711376130372986,7,-0.02146311127378142,0.0
48.82022440500077,-0.050593801655016965,0.4246908662017021,-0.032916773238667305,0.7848001376090182,-0.008523406557026382,-0.0008830284199810023,0.4355183897700933,7,-0.023511980884762362,0.0
48.830170784000074,-0.05528095975571727,0.42784623421964996,-0.035300351813935475,0.7848000836689629,-0.00815954546387284,-0.0009648347613997466,0.43394546258192684,7,-0.023511980884762362,0.0
48.84101577799993,-0.05974765087121725,0.4308144262267841,-0.037434366114126136,0.7848000284195911,-0.007774492388424752,-0.0010427932280347996,0.4323608481722383,7,-0.026738832938661528,0.0
48.85168557600082,-0.06398528636437327,0.4335833141799145,-0.039815327206633645,0.7847999728380651,-0.00737439444232146,-0.0011167539198897458,0.4307786270205526,7,-0.028439519433309746,0.0
48.86150384100074,-0.06798527993834473,0.4361411451553693,-0.042449485540080115,0.7847999174351211,-0.006958325061948537,-0.001186566977814163,0.429254225179407,7,-0.030321061100057223,0.0
48.871283546000996,-0.0717351280651982,0.43847472660020353,-0.04436054385923821,0.7847998624898778,-0.006519990140466812,-0.0012520141740774982,0.4277192024333937,7,-0.030321061100057223,0.0
48.88214320900079,-0.07522047195739495,0.44057039959139505,-0.045279476615380586,0.7847998086638744,-0.006058602102225311,-0.0013128449005606058,0.42616352550377606,7,-0.03234248329670042,0.0
48.89252513400061,-0.0784388360984152,0.44242046849939903,-0.04699719715938802,0.7847997574603398,-0.005594176424376588,-0.0013690159513495281,0.42461101646791655,7,-0.03356942654242001,0.0
48.902215006000915,-0.08139115069735152,0.4440192815604828,-0.04978813217093375,0.7847997092736947,-0.005128212233698793,-0.0014205435616556628,0.42312579768147207,7,-0.03356942654242001,0.0
48.91264799500095,-0.0840623788274213,0.44535419673620913,-0.0505663878605575,0.7847996635767688,-0.0046344284419109,-0.0014671652875972718,0.42156933402575913,7,-0.035562951550666966,0.0
48.923340076000386,-0.08644176557907148,0.44641501020639857,-0.05086247151427702,0.7847996215595059,-0.004127384044530352,-0.0015086934205919,0.4200406426159863,7,-0.03633033679591216,0.0
48.93375539200133,-0.08853383036839756,0.44719912306965587,-0.052217373969505154,0.7847995841668166,-0.0036272039751668135,-0.0015452068393306817,0.418492231022559,7,-0.03633033679591216,0.0
48.943919090001145,-0.09033929534049265,0.4477026695070754,-0.05393331152351422,0.7847995513046996,-0.003125126769570016,-0.0015767181476231684,0.41698250460560576,7,-0.03729812426393225,0.0
48.95423877400026,-0.0918485875450356,0.44791747117507136,-0.05438190231096639,0.7847995229792997,-0.0026064528698328386,-0.0016030602659671267,0.41547842846721184,7,-0.0385237939453673,0.0
48.96449384200059,-0.093062207006137,0.4478405270669311,-0.055754580521893214,0.7847994999489983,-0.002095007957298225,-0.0016242419214296255,0.41402254342198536,7,-0.039824700372780866,0.0
48.97461548800129,-0.09398655368717201,0.44747210445045305,-0.05715228746909632,0.784799482129464,-0.0015866710120643367,-0.0016403748144435681,0.41250397930297855,7,-0.039824700372780866,0.0
48.98545084200123,-0.09461020699047737,0.446804663666325,-0.0568057875340989,0.7847994695272208,-0.0010603611075506306,-0.0016512596179771855,0.41101027846863586,7,-0.04057556252435636,0.0
48.995747753000614,-0.0949299092515968,0.4458349587544802,-0.05592049233942356,0.784799462541945,-0.0005323969635903732,-0.0016568394750597903,0.40950958608767146,7,-0.039943208813873976,0.0
49.005925770999966,-0.09495588174476151,0.4445665472376732,-0.05611276075601478,0.7847994611152699,-2.15923227234792e-05,-0.001657292780580466,0.4080044610615629,7,-0.039943208813873976,0.0
49.01697201800016,-0.09469497983249388,0.4430019444715574,-0.05653776897182312,0.7847994649941471,0.0004804967788489351,-0.0016527391831866467,0.40650420956358496,7,-0.040384120694159364,0.0
49.02730218000033,-0.09414437789772527,0.4411396533337388,-0.05584577165958458,0.7847994741823994,0.00098711466957737,-0.0016431293665570834,0.4050105678130826,7,-0.03988983689970327,0.0
49.037401961000796,-0.09330318755827793,0.43897956723591575,-0.05444545147373182,0.7847994886184408,0.0014924634878959316,-0.0016284478254977586,0.4035317519776658,7,-0.03988983689970327,0.0
49.04787323100027,-0.09218104098370404,0.4365269832835699,-0.053763360302121546,0.7847995078400272,0.001980635571298819,-0.0016088626730814681,0.4020910714514205,7,-0.0384024002158011,0.0
49.05832263600132,-0.09078954466987187,0.4337886238272708,-0.05349972953357239,0.7847995313995066,0.0024512534660664116,-0.0015845764808757323,0.40062479336366646,7,-0.03821409252398028,0.0
49.06893054200009,-0.08913070898338746,0.4307672204428795,-0.05236675087510741,0.7847995592777686,0.002918698893827232,-0.001555624336396999,0.39917276585814954,7,-0.037404822053648146,0.0
49.07900245000019,-0.08720724313174594,0.42746628945051085,-0.05056167377516381,0.7847995911458248,0.0033790481136234327,-0.0015220535242361777,0.3977272404631113,7,-0.03611548126797415,0.0
49.089512210000976,-0.08503031129395122,0.42389375050807165,-0.04913879441518148,0.7847996262330076,0.003819353755465804,-0.0014840588960751688,0.3962809597823358,7,-0.03509913886798677,0.0
49.10003126000083,-0.08261239071584295,0.4200585959605476,-0.04801702680264724,0.784799664005899,0.004239599759494415,-0.0014418582209354547,0.39483446415702156,7,-0.03429787628760517,0.0
49.11019698400014,-0.07995943163804851,0.4159672126765137,-0.04624737208079188,0.7847997043691944,0.004649819762848845,-0.0013955553501072693,0.39340634813715925,7,-0.03303383720056563,0.0
49.119929537000644,-0.0770802696725661,0.4116277459348172,-0.04443287808595051,0.7847997466382183,0.005043054457084467,-0.00134530449411141,0.39201400370132466,7,-0.03303383720056563,0.0
49.13084536400129,-0.07398640698149324,0.4070499930061462,-0.04245639895526805,0.7847997902091723,0.005416806663633961,-0.0012913064035475763,0.39058786577213916,7,-0.030325999253762892,0.0
49.141107696999825,-0.07068945892248683,0.40224419587962107,-0.04044234882035607,0.7847998345253565,0.005770088510991132,-0.0012337638046506783,0.3891572138193906,7,-0.028887392014540048,0.0
49.15130136300104,-0.06719921955339858,0.3972201202723778,-0.03820221016553311,0.7847998792600437,0.006106290938714405,-0.0011728476359773587,0.3877743799101465,7,-0.027287292975380795,0.0
49.16156914500061,-0.06353032970628285,0.39199014341797495,-0.036168119693208524,0.78479992347987,0.0064168004783503735,-0.0011088134282521978,0.386361959078436,7,-0.02583437120943466,0.0
49.17185914100082,-0.05969527225254081,0.3865659752319546,-0.03406338228563805,0.7847999669176946,0.006706249327570779,-0.001041879048681249,0.3849731692519018,7,-0.024330987346884325,0.0
49.18182591700133,-0.05570453575429052,0.38095870582832575,-0.03153702528510199,0.7848000092639031,0.0069770572705097405,-0.0009722275572072725,0.3835899456022951,7,-0.024330987346884325,0.0
49.19215258700024,-0.05157071170035131,0.3751806947747732,-0.029030072234598234,0.7848000498559573,0.007225056180983646,-0.0009000787167678936,0.3822415999770601,7,-0.020735765881855883,0.0
49.20233682300022,-0.04730846415879048,0.3692455416652205,-0.026373152447023207,0.7848000881288001,0.0074479927930501426,-0.0008256884636326234,0.3808398552591051,7,-0.020735765881855883,0.0
49.213078849999874,-0.042932545111489064,0.3631671383851099,-0.023853079695303727,0.7848001236185009,0.007644921143268881,-0.0007493142684564802,0.37944476879489025,7,-0.01703791406807409,0.0
49.223481312999866,-0.03845741233288794,0.35695946677363166,-0.021461231143361202,0.7848001560369705,0.007817115024884027,-0.0006712084670059681,0.37809029639251013,7,-0.015329450816686574,0.0
49.233610921000945,-0.03389540779960713,0.35063572282590355,-0.01856277285599388,0.7848001852886601,0.007967961852529837,-0.0005915864674093108,0.37669840453002973,7,-0.015329450816686574,0.0
49.2439048289998,-0.029260378964971467,0.344209979020797,-0.015787153125704424,0.7848002108428297,0.00809340191289792,-0.0005106899533200426,0.37534058371687823,7,-0.013259123468567058,0.0
49.25448814599986,-0.024568527766913716,0.33769756267780937,-0.013169886357861227,0.7848002323184652,0.008191366415289466,-0.0004288017019002943,0.37397709473202473,7,-0.00940706168418659,0.0
49.26467873799993,-0.019834032874853247,0.331112989829533,-0.0104667267897129,0.784800249721812,0.008264881512381292,-0.00034616917761498556,0.37261572438844454,7,-0.00940706168418659,0.0
49.27508483299971,-0.015070226848122393,0.3244704851268722,-0.007710913123587382,0.7848002629686749,0.00831477932051581,-0.0002630250775221832,0.37128356105871035,7,-0.005507795088276701,0.0
49.28518733800047,-0.010291115640087879,0.31778466665071275,-0.005032913433641095,0.7848002719057284,0.008340194288588433,-0.00017961385162301724,0.3699906099801026,7,-0.0035949381668864966,0.0
49.2952229220009,-0.005510489207864452,0.3110701087167539,-0.0021394714177898956,0.7848002765262916,0.008341779089443235,-9.61761800728489e-05,0.3686722916094246,7,-0.0015281938698499253,0.0
49.306147830000555,-0.0007427187001275776,0.3043416888191115,0.000756019209484382,0.7848002767055278,0.008317729503163321,-1.2962886733358658e-05,0.3673344595331678,7,0.0005400137210602729,0.0
49.31646444100079,0.003996391244432456,0.2976149630030857,0.0036546576925872375,0.7848002723722327,0.008266298489833242,6.975018541321987e-05,0.3659908485075187,7,0.0026104697804194554,0.0
49.32617051899979,0.008690975245553612,0.29090550109550656,0.00619194773258096,0.7848002636055627,0.008187183063068953,0.0001516861332442332,0.36466251418516615,7,0.0026104697804194554,0.0
49.33648042300047,0.01332704525120136,0.2842279563372108,0.008665181514692977,0.7848002508178156,0.008084442645590157,0.0002326008191957385,0.36334246908621026,7,0.0044228198089864,0.0
49.34753463299967,0.01789323608994123,0.2775956881473705,0.011423216422505923,0.7848002344140833,0.00796161443629233,0.0003122958836061507,0.3620116653253016,7,0.008159440301789944,0.0
49.35760318800021,0.022376820102975755,0.27102259609054186,0.01412282242232088,0.7848002144213637,0.007815809101792724,0.0003905491869233835,0.36067566351893543,7,0.008159440301789944,0.0
49.367837440000585,0.026766184057385744,0.26452194761335623,0.016790035790113577,0.7848001912667766,0.007649915086409147,0.0004671580399961961,0.3593784190514674,7,0.010087730301657771,0.0
49.378288591000455,0.031044341999527568,0.25810937919673094,0.01859116143607982,0.7848001646906078,0.007454698160862747,0.000541825982006916,0.3580959272634568,7,0.013279401025771298,0.0
49.38866143500127,0.03520125746259749,0.25179713521194375,0.020825997957916665,0.7848001358307535,0.00724376334186372,0.0006143778435645508,0.3567942507343411,7,0.014875712827083332,0.0
49.399287363999974,0.03923021864286139,0.24559572040710806,0.023539319825798266,0.784800105093328,0.007019147087527991,0.0006846964815951928,0.3554932667379077,7,0.01681379987557019,0.0
49.40916312000081,0.04311846975847211,0.2395182548283312,0.025747814554683137,0.7848000722960989,0.006771504089568865,0.0007525592657069424,0.3542039451836443,7,0.01681379987557019,0.0
49.41960924100022,0.04685231309776419,0.2335780871803341,0.027502085608344686,0.7848000378860701,0.006501550159766771,0.0008177271257312491,0.3529042313346903,7,0.018391296110487954,0.0
49.430137442999694,0.0504233955465434,0.22778583849457865,0.02926657887462167,0.7848000026734354,0.0062175044611098105,0.0008800542723226279,0.35164246218652967,7,0.02090469919615834,0.0
49.4402891259997,0.05382574335316589,0.22215075863560957,0.031466173691967296,0.7847999671463926,0.00592243385223199,0.0009394364438461977,0.35036185385008844,7,0.02090469919615834,0.0
49.45065093300036,0.05705025606657014,0.21668327964216735,0.033296310260191885,0.7847999313847228,0.005610409965508582,0.0009957148074675182,0.34910387230896944,7,0.02247583835140521,0.0
49.46093282500078,0.060086264194179596,0.21139428291792783,0.03468061733826731,0.7847998957777306,0.005280961336205587,0.0010487031454116114,0.347849059005758,7,0.02378307875727992,0.0
49.471085207000215,0.06292732895863101,0.2062923771811114,0.036135158659146294,0.78479986098441,0.004940861738382412,0.0010982890798136857,0.34659711458777526,7,0.02477186952733379,0.0
49.482211856000504,0.06556886065451185,0.20138498804089566,0.037959537442534795,0.7847998273968008,0.004592031242331929,0.001144392505202596,0.3452934084481323,7,0.027113955316096283,0.0
49.492572615001336,0.06800497610095109,0.1966798130163732,0.039387266017293206,0.7847997952386637,0.00423192554911791,0.0011869107407016521,0.3440440264197531,7,0.02813376144092372,0.0
49.502815948000716,0.07022488115355652,0.19218650273665985,0.04005904207691757,0.7847997646873247,0.003854381850353107,0.0012256553929512748,0.34276736924615575,7,0.02813376144092372,0.0
49.513517809000405,0.07222609877140668,0.18791048330564603,0.040895739422875436,0.7847997364899298,0.0034736665690231565,0.0012605832294316777,0.34153047951767074,7,0.029211242444911023,0.0
49.52451362000102,0.07400919229455029,0.18385539138766996,0.0423988539941729,0.784799710898277,0.0030926453374047085,0.0012917040822815196,0.34025173475762077,7,0.030284895710123494,0.0
49.53431966000062,0.07556953374463725,0.180026910279855,0.04306173691481359,0.7847996878956627,0.00270204583627014,0.0013189371780408798,0.33906619121478093,7,0.030758383510581133,0.0
49.544299011000476,0.07690015665455867,0.17643144611598352,0.04319561116696005,0.7847996677604211,0.002301860933758929,0.0013421609289214764,0.3378657281108587,7,0.030854007976400033,0.0
49.55443385900071,0.07800177336515698,0.17307144460603527,0.04365898692978269,0.7847996508570109,0.0019032507668181413,0.0013613877676164066,0.3366637411859534,7,0.031184990664130496,0.0
49.564373182000054,0.07887664821353557,0.16994823247413166,0.044496762703754134,0.7847996372501717,0.001507102064117371,0.0013766572142634992,0.3354458475278344,7,0.031184990664130496,0.0
49.57494769799996,0.07952190211953714,0.16706514297994202,0.0448774606036027,0.7847996269427128,0.0011052691799926762,0.0013879190194345803,0.33420590195812727,7,0.03178340193125295,0.0
49.58560045100057,0.07993373107757641,0.16442555616904117,0.04444289189323127,0.784799620081095,0.0006981398801168896,0.0013951067907074233,0.33300974456159976,7,0.03174492278087948,0.0
49.59570826500021,0.08011448688006176,0.16202959001480316,0.04421687862661405,0.7847996167540078,0.0002964442367976877,0.001398261574602877,0.3318205226067781,7,0.03158348473329575,0.0
49.60615732000042,0.08007080143954466,0.15987496345849297,0.04466137522775678,0.7847996168569378,-9.515623660186087e-05,0.0013974991198306697,0.3306085645564822,7,0.03190098230554056,0.0
49.616738193000856,0.07980287541706732,0.15796199617409984,0.044597451601456034,0.7847996203327225,-0.00048784507638121525,0.0013928229285866678,0.3293872755418422,7,0.03185532257246859,0.0
49.6270634650009,0.07930815654512717,0.15629191068336118,0.043610752103893424,0.7847996272055747,-0.0008832235421209022,0.0013841884553995598,0.3281925075559043,7,0.03115053721706673,0.0
49.63756414400086,0.07859181898099497,0.1548619435769247,0.042950643740029534,0.7847996372772664,-0.001268061786051072,0.0013716860063497371,0.3269900613734339,7,0.03067903124287824,0.0
49.647860986000524,0.07766172468153022,0.15366768437121658,0.04259036538104279,0.7847996503017338,-0.001640927904765322,0.001355452798470047,0.32579900806985207,7,0.03042168955788771,0.0
49.658323732999634,0.07652233129299606,0.15270592842820707,0.04215480884571407,0.7847996661363917,-0.0020066003711646076,0.0013355666323646709,0.32458265342108694,7,0.03042168955788771,0.0
49.6690829449999,0.07517456361828,0.1519747519019017,0.04083476502315874,0.7847996847210904,-0.0023701902183182683,0.0013120436488889275,0.32339958335717556,7,0.029167689302256244,0.0
49.67926753000029,0.07362324149437297,0.15147005719599127,0.03927938256372166,0.7847997057148044,-0.002723460773011865,0.0012849679700677186,0.3222519233547044,7,0.028056701831229755,0.0
49.68883186899984,0.0718819479879386,0.1511832990133746,0.038672339992219945,0.7847997284873377,-0.003053635571316528,0.0012545766651368417,0.3211213441809979,7,0.028056701831229755,0.0
49.69941469399964,0.06995875129493533,0.15110814735717829,0.03806108811666617,0.7847997529709537,-0.003371905118129363,0.001221010550680468,0.31997526062648285,7,0.027186491511904404,0.0
49.70965942099974,0.06786504996045967,0.1512363972618731,0.03835417843709858,0.7847997785385901,-0.0036674393566474396,0.0011844685688404688,0.3188191154396164,7,0.027395841740784705,0.0
49.7202075969999,0.06560187460094206,0.15156435491263437,0.037143378992935565,0.784799805716579,-0.003966282773358704,0.0011449687072668802,0.31764084780764273,7,0.026530984994953974,0.0
49.73049507500036,0.06316559564712289,0.15209021536635403,0.03425531579955782,0.784799834349866,-0.004266424346529043,0.0011024476180256926,0.31649987834062976,7,0.02446808271396987,0.0
49.741118066000126,0.06057126161259633,0.1528031722629394,0.03264014116904555,0.7847998631000513,-0.0045380047663073275,0.001057167947226656,0.31532823188786,7,0.02331438654931825,0.0
49.751455141000406,0.05783745598054577,0.1536904607025522,0.03190799205085337,0.7847998915388932,-0.004781897547637033,0.0010094540378378092,0.314198899843996,7,0.022791422893466695,0.0
49.76156819100106,0.05496784532980122,0.15474599634093766,0.03015215141222938,0.7847999202303027,-0.005020232049596556,0.0009593698837320197,0.3130692414832588,7,0.02153725100873527,0.0
49.77169640000102,0.051966746356503016,0.15596315572799344,0.027836509020447375,0.7847999487601073,-0.005247870153737245,0.0009069908254697445,0.31192313114965614,7,0.02153725100873527,0.0
49.782112410999616,0.04884725867702372,0.15733098238467325,0.025821174572704424,0.7847999763091177,-0.00545238260846399,0.0008525454944874333,0.31081991987538676,7,0.018443696123360304,0.0
49.79233834600018,0.045623944902458864,0.15883760453439003,0.024382749475906462,0.7848000025102716,-0.0056328437505124,0.0007962880562963903,0.3097078056736935,7,0.017416249625647473,0.0
49.80293982200055,0.04230565854339084,0.16047360385283282,0.022706495673721527,0.7848000275430578,-0.005798927920971802,0.0007383730338066385,0.30856237800466857,7,0.016218925481229662,0.0
49.813204318001226,0.03889824324062013,0.16223078614470926,0.02017989764245811,0.7848000513559115,-0.005953699565201968,0.0006789024177904501,0.3074558517486526,7,0.014414212601755794,0.0
49.82369500400091,0.035413433557593674,0.16409804511542742,0.017985240820595626,0.7848000732198135,-0.006086315538235144,0.0006180810150162586,0.30633468874317876,7,0.012846600586139734,0.0
49.83412778000093,0.031866472467578684,0.1660624772652715,0.01629940455696056,0.7848000927710757,-0.006193983256601022,0.00055617486555537,0.3052189249873051,7,0.011642431826400401,0.0
49.84430928800066,0.028267223667231375,0.16811354868745673,0.014290416361315362,0.7848001102667533,-0.006285337782485908,0.0004933561233908534,0.30411759783281034,7,0.0102074402580824,0.0
49.85426202000053,0.024623639294146203,0.1702415080675523,0.011881901055494793,0.7848001256405193,-0.006361564624692618,0.00042976357950630373,0.30301882437306626,7,0.0102074402580824,0.0
49.86505566800042,0.020947822523478037,0.17243457455496317,0.009702153222818767,0.7848001384378708,-0.006416070395882071,0.0003656084741581189,0.3019163381363324,7,0.006930109444870547,0.0
49.87548355400031,0.017253103592372636,0.17468031199583767,0.007811775654639208,0.7848001485301329,-0.006448267877935649,0.0003011234638745641,0.30081234901257137,7,0.00557983975331372,0.0
49.88596620700082,0.013549525760433426,0.1769677561315012,0.005725772701632259,0.7848001561294802,-0.0064633947637973595,0.0002364838366033517,0.29971144065534977,7,0.004089837644023042,0.0
49.89570252900012,0.009843871437952774,0.17928742746214218,0.0029018931266059146,0.7848001614338235,-0.006465780123978712,0.0001718079677353046,0.29865126596653274,7,0.004089837644023042,0.0
49.90633858300134,0.006152606699405856,0.18162531290638304,0.001175329615763654,0.7848001635394257,-0.0064382031522514085,0.00010738324448489323,0.29757387063880153,7,0.0008395211541168957,0.0
49.91677813500064,0.0024892886015670914,0.18396874026555252,-0.00037075784190755413,0.7848001629648995,-0.006390133849749098,4.344628212971102e-05,0.29650403618352755,7,-0.00026482702993396723,0.0
49.92692241000077,-0.0011411204392933084,0.18630906734052535,-0.0026938741914337427,0.7848001603342657,-0.00633269472986687,-1.9916308827472307e-05,0.2954290516087359,7,-0.001924195851024102,0.0
49.93804430599994,-0.004730480819209745,0.1886362172226649,-0.004894745981941818,0.7848001553634988,-0.006259011659000659,-8.256246549764867e-05,0.2942823538781233,7,-0.001924195851024102,0.0
49.948973890999696,-0.008268402460718548,0.1909391131964856,-0.007312108994279798,0.7848001480935589,-0.006168053692808363,-0.00014431084681953976,0.29318913363151766,7,-0.005222934995914141,0.0
49.95940715600045,-0.011742051829954676,0.19320560540958887,-0.009215804742719536,0.7848001383746783,-0.006054233096779058,-0.00020493746537253443,0.29210695635534034,7,-0.006582717673371097,0.0
49.97035692999998,-0.015473908735144235,0.19564248209511478,-0.01116503716542253,0.7848001252006751,-0.005905741733384895,-0.0002700706555813781,0.29099106481301407,7,-0.00797502654673038,0.0
49.97976479300087,-0.01844923244824177,0.19758308656149795,-0.012352102702783295,0.7848001127562714,-0.005768428144036872,-0.0003219998506875932,0.2900192861554186,7,-0.008822930501988069,0.0
49.991388317999736,-0.021982378858690473,0.19987952881840293,-0.014470612142338302,0.784800096084425,-0.005589383209196516,-0.00038366488850494207,0.2888848291551671,7,-0.010336151530241644,0.0
50.000932259001274,-0.02478460417054345,0.20168993376000538,-0.016187859395157277,0.7848000813387644,-0.005432577218686353,-0.0004325729465795014,0.2878918605127621,7,-0.011562756710826627,0.0
50.01064978999966,-0.027795050936081332,0.2036193996742533,-0.018200346252350508,0.7848000637862143,-0.005243073435382587,-0.0004851151545941512,0.2868718764925816,7,-0.011562756710826627,0.0
50.0207717810008,-0.030687725112339036,0.20545295304917008,-0.019883824592940347,0.7848000451663896,-0.00503612329680788,-0.0005356018431572629,0.28587686329671436,7,-0.014202731852100248,0.0
50.0312934829999,-0.03345014113879455,0.20717956440369795,-0.02052058129460285,0.7848000256136178,-0.004808493455397441,-0.0005838150981287704,0.28482052976203454,7,-0.014657558067573462,0.0
50.040966165999635,-0.03607997374998514,0.20879313734405527,-0.022220342847125586,0.7848000060546314,-0.004578640766085955,-0.0006297143359703661,0.28383050771337376,7,-0.014657558067573462,0.0
50.05175981400134,-0.03857634193343448,0.21028847569477976,-0.02422864399109458,0.7847999865287955,-0.004343631121034867,-0.0006732841801135869,0.2827928179418702,7,-0.01730617427935327,0.0
50.06153909600107,-0.04092818865442565,0.2116558609873336,-0.025466306212669446,0.7847999667844393,-0.004089601172576702,-0.0007143316488971152,0.2817792700725171,7,-0.01730617427935327,0.0
50.071834468000816,-0.04312345235207944,0.21288532731136414,-0.025762636149750065,0.784799947128871,-0.0038167893736063578,-0.0007526462283706792,0.280767639380804,7,-0.018190218723335316,0.0
50.08201457799987,-0.04516180388783965,0.21397262251613455,-0.026839590462066923,0.7847999283591057,-0.0035446093015880477,-0.0007882221739827777,0.2797641300023513,7,-0.01840188296410719,0.0
50.09233188399958,-0.04704454742090241,0.21491452800889102,-0.028455259573608394,0.7847999105458013,-0.0032718166317440133,-0.0008210822476053536,0.2787499117748319,7,-0.019171136044333514,0.0
50.10338113100079,-0.04876411854674872,0.21570395635966766,-0.02928491084260182,0.7847998935272847,-0.0029852573444148194,-0.0008510944254735975,0.2777157759440393,7,-0.0209177934590013,0.0
50.11306659799993,-0.0503139497133866,0.21633454479132236,-0.030026108790145393,0.7847998776362339,-0.002689484577908375,-0.0008781440821814535,0.2767620265413855,7,-0.021447220564389566,0.0
50.12327486100003,-0.05169086206595024,0.21680178936449232,-0.030427784913653978,0.7847998631122699,-0.0023876542187141977,-0.00090217573624507,0.2757698836077411,7,-0.021734132081181412,0.0
50.13341417599986,-0.05289416492012123,0.21710263480111794,-0.03109042850397645,0.7847998501782972,-0.0020851252050488036,-0.000923177332948999,0.2747900355272911,7,-0.02220744893141175,0.0
50.14381384100125,-0.05392340626149858,0.2172344339946134,-0.031701982561335475,0.7847998389012737,-0.0017807789499108802,-0.0009411409831536766,0.2737876687187671,7,-0.022644273258096766,0.0
50.15413303300011,-0.054780756613392094,0.21719605599795191,-0.033220361485467614,0.7847998294509481,-0.0014836110759357563,-0.0009561045696373505,0.27281830433996096,7,-0.02372882963247687,0.0
50.16433018800126,-0.05547003422151911,0.21698744188325117,-0.034781053851191124,0.7847998217362778,-0.0011865446816350263,-0.0009681347333594381,0.27183935182347835,7,-0.024843609893707944,0.0
50.17483889700088,-0.055976695105277544,0.21660026165914661,-0.03408558309080375,0.7847998157296935,-0.000865981208792859,-0.000976977633972087,0.27084660513947173,7,-0.024346845064859818,0.0
50.18545525199988,-0.05629716985562502,0.2160315804735922,-0.03312403218497744,0.784799811765398,-0.0005444797018887629,-0.0009825709735351573,0.2698517361429835,7,-0.0236600229892696,0.0
50.19597269299993,-0.05644379392980779,0.21528619824065265,-0.03373328608796066,0.7847998098273079,-0.00024274754061408315,-0.0009851300463923351,0.26885287467951435,7,-0.024095204348543328,0.0
50.20661328700044,-0.0564212500630125,0.2143656729188705,-0.03446536154387409,0.7847998097557155,5.487177171127131e-05,-0.0009847365816906262,0.267859702304256,7,-0.024618115388481493,0.0
50.21730103400114,-0.056222253949601356,0.21326627614340768,-0.03372767855205142,0.7847998116132758,0.0003639758839755559,-0.0009812634443129298,0.266855640429077,7,-0.024091198965751015,0.0
50.22811242500029,-0.05584530255563734,0.21198725930539503,-0.0325941648899558,0.7847998154153205,0.000672161670011194,-0.0009746844013682754,0.2658519169091691,7,-0.02328154634996843,0.0
50.238026807001006,-0.05530053054335164,0.21053360616872296,-0.03269847154871534,0.7847998209389008,0.0009633288525134988,-0.0009651763360811749,0.26490626872023887,7,-0.02335605110622524,0.0
50.24841557500076,-0.05459489352207558,0.20890912974961479,-0.03292771793942353,0.7847998280700381,0.0012458452822575181,-0.0009528606467359424,0.26393986479708637,7,-0.023519798528159663,0.0
50.25894901200081,-0.05372456750776053,0.20711290262629975,-0.03197588940465305,0.7847998369099477,0.0015341205507026763,-0.0009376705922203854,0.2629796192099691,7,-0.022839921003323604,0.0
50.26953833300104,-0.05269060750553376,0.2051465439227831,-0.030612331801354652,0.7847998472880786,0.001817707821940348,-0.0009196245858476004,0.26199993905179547,7,-0.021865951286681895,0.0
50.27976140499959,-0.051502105729634415,0.20301570635948657,-0.03002910324933453,0.784799858872672,0.002085655321088446,-0.000898881316692357,0.26106579531213175,7,-0.02144935946381038,0.0
50.290066067000225,-0.05016877754880314,0.2007266192812007,-0.02983657240137895,0.7847998714610505,0.002339139928013327,-0.000875610349927225,0.26011350396601435,7,-0.02131183742955639,0.0
50.30017743999997,-0.04869111473834379,0.19828147782867742,-0.028799109230633325,0.7847998851775947,0.002591917470684157,-0.0008498202686504364,0.2591669693020018,7,-0.02131183742955639,0.0
50.31077584299965,-0.047070877655631456,0.19568331409207895,-0.02726197998214358,0.784799899824745,0.002839286209955215,-0.0008215417968941985,0.25822400582121874,7,-0.01947284284438827,0.0
50.32133596499989,-0.045317672536586126,0.1929390688208831,-0.026211035123997837,0.7847999149501258,0.003069646328456675,-0.0007909425951040383,0.2572774022311717,7,-0.018722167945712742,0.0
50.33168330800072,-0.04344002932612556,0.1900554313595045,-0.02535592843159786,0.7847999304308468,0.0032867661267735613,-0.0007581715389037846,0.25635130896399405,7,-0.01811137745114133,0.0
50.34174829800031,-0.04144375755202372,0.18703805216422653,-0.024233193344336802,0.7847999461765826,0.0034939110813217325,-0.0007233300236810791,0.25541462263512116,7,-0.01811137745114133,0.0
50.35265622800034,-0.039333403576467946,0.18389220751313973,-0.02277983457609516,0.7847999620675943,0.003692305075993165,-0.0006864973984250788,0.25449364221614723,7,-0.016271310411496542,0.0
50.36276334000104,-0.0371165158713575,0.18062477898081247,-0.021346717224597845,0.7847999777905252,0.003877054769724877,-0.0006478054088239205,0.2535738547429832,7,-0.015247655160427032,0.0
50.37316035100048,-0.034802276876194284,0.17724360983782578,-0.02005262468120226,0.7847999930993069,0.004046224084755559,-0.0006074143186802772,0.2526476827426067,7,-0.014323303343715899,0.0
50.38336882200019,-0.032398515678688004,0.17375609878484752,-0.018792028847089172,0.7848000078960655,0.00420208894532667,-0.0005654607713521109,0.25174928066996277,7,-0.013422877747920836,0.0
50.39362283999981,-0.029910140260144505,0.17016845202501188,-0.01699137648975555,0.7848000221966049,0.004349258475442667,-0.0005220304272728349,0.25084834280039364,7,-0.012136697492682536,0.0
50.40401740500056,-0.027347062288610263,0.16648936355227795,-0.015467131141440781,0.7848000355154167,0.004478059801468617,-0.0004772962776842249,0.24993316219289416,7,-0.011047950815314844,0.0
50.41456802700122,-0.024719859592770576,0.16272798987662998,-0.014191693893037427,0.7848000477352808,0.0045895680301963875,-0.00043144294052455123,0.24902421087973503,7,-0.010136924209312448,0.0
50.42476797600102,-0.022033995927516765,0.15889123450665996,-0.012433599292032315,0.78480005903435,0.0046917622398914,-0.0003845657763061894,0.24812626096469567,7,-0.008881142351451654,0.0
50.43506865699965,-0.01929830761520484,0.1549876842766196,-0.0107015160494357,0.7848000690340112,0.004777350753470493,-0.00033681900794801933,0.2472022234844105,7,-0.008881142351451654,0.0
50.4453228830007,-0.016521477275850273,0.1510259608901737,-0.009145284094461492,0.7848000777056447,0.004848177689825579,-0.0002883541757570107,0.24633550868324436,7,-0.006532345781758209,0.0
50.45566037699973,-0.013714277420653754,0.14701574947767798,-0.007726811881268847,0.7848000848305434,0.004900801074391616,-0.00023935929552232338,0.24543399192468066,7,-0.005519151343763462,0.0
50.46599437900113,-0.010883866416254207,0.14296512532451097,-0.006127977765667936,0.7848000905755945,0.004941036849358114,-0.0001899593043108716,0.24455252232036903,7,-0.004377126975477097,0.0
50.476593200000934,-0.008037123341883326,0.13888208782304362,-0.004174118800521343,0.7848000948901289,0.004968670105231873,-0.0001402742647047539,0.24364165611430627,7,-0.002981513428943816,0.0
50.48711336500128,-0.0051839931967574285,0.13477610923145888,-0.00257883629394593,0.7848000975288626,0.004978328017892712,-9.047774968440336e-05,0.24275554987895415,7,-0.0018420259242470927,0.0
50.49780320799982,-0.002334750842823186,0.13065684982200573,-0.0011163179900006703,0.7848000985267783,0.0049712313845953465,-4.0749089420977214e-05,0.24185932990130823,7,-0.0007973699928576217,0.0
50.5083004600001,0.0005051275778617108,0.12653174678610055,0.0007708380512660539,0.7848000981703551,0.004954432473459451,8.816139376310872e-06,0.24097859997368581,7,0.0005505986080471814,0.0
50.51854944800107,0.0033256637894894174,0.12241033153941393,0.0023969005183342327,0.7848000961359639,0.0049192727482308945,5.8043782940941924e-05,0.24010290374266505,7,0.0017120717988101664,0.0
50.52915364799992,0.006118486213702532,0.11830137715352768,0.004136985103815882,0.7848000926437566,0.004870347691874386,0.00010678772966699057,0.23920834068516156,7,0.0029549893598684873,0.0
50.53946781100058,0.008874994483446306,0.11421373274032424,0.005606499354742667,0.7848000876811444,0.004805950472626807,0.00015489787483247142,0.23834500191429725,7,0.004004642396244762,0.0
50.549925875000554,0.01158660354344145,0.1101561978539468,0.007021208276356749,0.7848000813664626,0.004727314318486618,0.00020222438095629514,0.23747727928690932,7,0.00501514876882625,0.0
50.560403847001,0.014245346122759893,0.106137225104926,0.008396474793598797,0.784800073793977,0.004634713359505988,0.00024862819292836846,0.2365979157164537,7,0.005997481995427711,0.0
50.57101440400038,0.016846658882253084,0.10216360681728225,0.010139536317153563,0.7848000652649487,0.00453395837530208,0.000294029665455664,0.23573009791388128,7,0.007242525940823974,0.0
50.58137068900032,0.01938324249032516,0.09824332194718877,0.011762856945423316,0.7848000556756829,0.004419568652191685,0.00033830140116863916,0.23486073709927044,7,0.008402040675302369,0.0
50.59224907099997,0.02184330801474578,0.0943863498408101,0.012673074953428665,0.784800044942358,0.0042853962937738025,0.00038123764438457997,0.2339822482273342,7,0.009052196395306189,0.0
50.60339108500011,0.024221220210992867,0.09059969581342232,0.013941689045786276,0.784800033588284,0.004142795466319355,0.0004227400415324212,0.23307291001824862,7,0.009958349318418769,0.0
50.613198519000434,0.026515471921476623,0.08688830889784245,0.015416000063449344,0.7848000218478323,0.003995856735303425,0.0004627822877498744,0.23225596187278758,7,0.01101142861674953,0.0
50.623341676000564,0.02871965899660128,0.0832592827613159,0.016808337771734697,0.7848000096119607,0.00383757831477686,0.0005012526095407033,0.23143112781764125,7,0.012005955551239067,0.0
50.63368524799989,0.0308256645020719,0.0797203707249462,0.017861454852018645,0.7847999969548505,0.0036655740820456585,0.000538009339676293,0.23059250846319862,7,0.012758182037156174,0.0
50.643415422000544,0.0328271173351973,0.07627836195272311,0.01867137827038805,0.7847999841240703,0.0034831385347187938,0.0005729412814377,0.22977525078446645,7,0.012758182037156174,0.0
50.65410826900006,0.034720058294514126,0.07293875516213832,0.019679262754874305,0.7847999713549709,0.0032940005110706043,0.0006059793337236385,0.2289401486163837,7,0.014056616253481646,0.0
50.66427566600032,0.036501723928192606,0.06970631365860588,0.020784232233779874,0.7847999587899258,0.0030992182503813814,0.0006370752652009593,0.22812307139095947,7,0.014845880166985626,0.0
50.67662240000027,0.03832720691999015,0.0662810429362392,0.02212053265577607,0.7847999452721537,0.0028751872172753466,0.000668935953846983,0.22715112455275613,7,0.01580038046841148,0.0
50.68576467300045,0.03971186141483962,0.0635849337550454,0.022684185032429173,0.7847999345584622,0.0026838056372194747,0.0006931027337846452,0.22642783060062752,7,0.01620298930887798,0.0
50.6959822230001,0.04112903567746111,0.0607072741355726,0.022973153771439582,0.7847999231442505,0.002461918026871885,0.0007178370907419129,0.2256111337304428,7,0.016409395551028272,0.0
50.70648093900127,0.04241879279568686,0.05795631134063329,0.023780195362060243,0.7847999125344766,0.0022402315501086232,0.000740347599005986,0.22477527427202426,7,0.01698585383004303,0.0
50.716661256001316,0.043581563251689895,0.055334327615311124,0.024743903491076857,0.7847999027661762,0.002017595292226314,0.0007606417719081549,0.2239708578709885,7,0.017674216779340612,0.0
50.72677381300127,0.04461129233932075,0.05284641273527388,0.025112542671651396,0.7847998937944851,0.0017845657858983474,0.0007786139348908705,0.223152098513239,7,0.017674216779340612,0.0
50.736978859000374,0.04550433302626805,0.050496320898806187,0.025072470931715607,0.7847998858143985,0.0015466408443282854,0.0007942004352323728,0.2223776715933537,7,0.01790890780836829,0.0
50.74708429200109,0.04626285449547954,0.04828486660107665,0.02561099898176622,0.7847998789790955,0.0013127488939258642,0.0008074391323171781,0.2215913557547159,7,0.018293570701261586,0.0
50.75714271200013,0.04688802180446515,0.0462130958664697,0.026239169794441207,0.7847998732630028,0.001079074605679672,0.0008183503602348097,0.22081458705630633,7,0.018742264138886577,0.0
50.76731499500056,0.047376058959904266,0.04428413020135691,0.026392013237238835,0.7847998686723036,0.0008391071142454853,0.0008268682154692897,0.22002200194551516,7,0.018851438026599165,0.0
50.77765660800105,0.04772466617392572,0.0425001773224511,0.026253567386168887,0.7847998652966932,0.0005962802416229617,0.0008329525591501685,0.21922681773296684,7,0.018752548132977775,0.0
50.787696306000726,0.04793578913266311,0.04086123050721268,0.02631766938917305,0.7847998631771684,0.0003569717954691956,0.0008366373499066881,0.21843579922138484,7,0.018752548132977775,0.0
50.79827179300082,0.048011641971624615,0.03936691734935659,0.026489494337109162,0.7847998622907376,0.00012067966402310937,0.0008379612316935514,0.21764725032221888,7,0.018921067383649404,0.0
50.80850946099963,0.04795191471909075,0.03801780698110901,0.02642847790395485,0.7847998626291144,-0.00011626932264936096,0.0008369187944836654,0.21684651531468785,7,0.018921067383649404,0.0
50.81897394800035,0.047756301930238235,0.03681423592200391,0.025964873578498335,0.7847998641928358,-0.00035315463104383107,0.0008335047072591806,0.21607456696118654,7,0.018546338270355955,0.0
50.82926736000081,0.04742772921864772,0.03575480195669379,0.025708026737768952,0.7847998669288352,-0.0005843158675118607,0.0008277700316097203,0.2152944205324125,7,0.018362876241263537,0.0
50.839654098999745,0.04697012933850349,0.03483739793137407,0.025598438177559288,0.7847998707663398,-0.0008095567895110105,0.0008197834070444721,0.21451273251059158,7,0.018284598698256632,0.0
50.85006353999961,0.0463846806017555,0.03406097254060706,0.02519134753688718,0.7847998756792061,-0.0010329473102601242,0.0008095653989865781,0.2137330119344604,7,0.01799381966920513,0.0
50.86044972000127,0.045672679818177686,0.033424198896070574,0.024481447074866537,0.784799881611595,-0.0012532913407784611,0.0007971386410363657,0.21296824897142477,7,0.017486747910618952,0.0
50.87069255700044,0.04483856902812005,0.03292406353554276,0.023978670705561537,0.7847998884320333,-0.0014655444247328928,0.0007825806614234487,0.21219397054175823,7,0.017127621932543954,0.0
50.880953976000455,0.04388716002192286,0.03255716087287311,0.023493157509026898,0.7847998960447171,-0.001670243764949313,0.0007659754417321807,0.21143389996173956,7,0.01678082679216207,0.0
50.890755120000904,0.04282126773355329,0.032320806165702924,0.022757102115959136,0.784799904396139,-0.0018699332322774896,0.0007473721118285148,0.2106844249095965,7,0.01678082679216207,0.0
50.90139466400069,0.04164448709669203,0.03221174940384863,0.021984968591390458,0.7847999133706565,-0.002062796922867874,0.0007268334151415701,0.20992157637367584,7,0.015703548993850326,0.0
50.912056352000945,0.040365429383498054,0.03222420513112665,0.02211698695288084,0.7847999226539096,-0.002238001639572125,0.0007045096467233058,0.20914971621230666,7,0.015797847823486314,0.0
50.92227110699969,0.038996406699992256,0.032350464768297234,0.02280243929027702,0.7847999321081995,-0.0023976778823285114,0.0006806156933616414,0.2084064561494797,7,0.016287456635912155,0.0
50.932527287000994,0.0375286667799503,0.03259246403873622,0.02128091686757419,0.7847999422915053,-0.0025722508847130943,0.000654998799193951,0.20766907817834526,7,0.015200654905410137,0.0
50.94267980100085,0.035960519742839606,0.0329487008184709,0.01917680270454601,0.7847999528308652,-0.0027439807603790436,0.0006276294702409757,0.2069176655185326,7,0.013697716217532865,0.0
50.9525152440001,0.03430793598989636,0.033409262686701746,0.01860444152775914,0.7847999630329895,-0.002888752164424885,0.0005987864425871514,0.20617275079048025,7,0.013697716217532865,0.0
50.96304777000114,0.03258192470507929,0.0339663679683485,0.018473698960933236,0.7847999730004765,-0.0030185637104960853,0.000568661862740516,0.2054334767354133,7,0.013195499257809454,0.0
50.973212020000574,0.03078039036171831,0.03461820125102941,0.017026931493698,0.7847999831048658,-0.003151549299995829,0.0005372191568611129,0.20471358912462406,7,0.01216209392407,0.0
50.98314428199956,0.028905224187115774,0.03536096636349723,0.015196052775614007,0.7847999930389268,-0.003277731029664211,0.0005044913330922718,0.20399626422285705,7,0.01085432341115286,0.0
50.993253836000804,0.026968978097197123,0.03618576171392299,0.014321252166136462,0.7848000022950684,-0.0033824685739863034,0.0004706974636943251,0.20327988672706074,7,0.010229465832954615,0.0
51.003548226999555,0.024981196278746377,0.03708495417176847,0.013796302504416736,0.7848000109555078,-0.0034732206978898127,0.0004360041261510794,0.20254640817424355,7,0.009854501788869097,0.0
51.01403415900131,0.022942795705550315,0.038054827659033466,0.012439039387007567,0.7848000192990598,-0.0035622383417184644,0.00040042732467426845,0.20180468656953882,7,0.008885028133576833,0.0
51.02423815700058,0.020856715669101366,0.03909063658470238,0.010624382451166536,0.7848000271119457,-0.003643840105151814,0.000364018359578111,0.20108328550833093,7,0.007588844607976097,0.0
51.03446003800127,0.018733806087387946,0.040183856169900306,0.009541403085757278,0.7848000339719106,-0.0037063153593840854,0.0003269665976550762,0.20035282136691718,7,0.006815287918398055,0.0
51.045050753000396,0.016583748482349333,0.041326417530547735,0.008746280841993226,0.7848000399357028,-0.003754083555586504,0.0002894410133396086,0.19962633825006088,7,0.00624734345856659,0.0
51.05501130599987,0.01440954833913111,0.042513299650047624,0.007339296919284455,0.7848000452459512,-0.0037965595047108045,0.0002514940622431183,0.1989115040408055,7,0.005242354942346039,0.0
51.06535585200072,0.01221553209718482,0.04373881932694177,0.005750835504709778,0.7848000497502097,-0.003829766193235323,0.00021320125497892306,0.19818874931437652,7,0.00410773964622127,0.0
51.07591555200088,0.010011038438394753,0.0449949108282912,0.004591032873090495,0.7848000532037774,-0.003846867974101237,0.00017472558229369994,0.19746446322852002,7,0.003279309195064639,0.0
51.086172569001064,0.007804168429751984,0.046274046205287765,0.003511731291204989,0.7848000556817807,-0.0038510332263685582,0.00013620843447936792,0.19675770835421313,7,0.0025083794937178494,0.0
51.09651341300014,0.005599639916204607,0.047570254841178605,0.002217425304044357,0.7848000573152556,-0.0038467282890291806,9.773215346386976e-05,0.1960417645461108,7,0.0015838752171745407,0.0
51.107035810000525,0.003402797704987739,0.04887726797446051,0.0008221910521079236,0.7848000580598787,-0.003832489738193021,5.939002373134272e-05,0.19532361356212352,7,0.000587279322934231,0.0
51.11761290300092,0.0012209914646822964,0.050187882792967674,-0.0003770565045862706,0.7848000578353016,-0.0038054041102967306,2.131032119745413e-05,0.19460010865570324,7,-0.000269326074704479,0.0
51.12811071100077,-0.0009388100993319994,0.05149508326851517,-0.0015402208927192186,0.7848000566997401,-0.003766709950358594,-1.6385327284318407e-05,0.1938902885881,7,-0.0011001577805137275,0.0
51.13825561200065,-0.0030711046581167628,0.05279256023869973,-0.0028406940927806993,0.7848000547391939,-0.0037182955496377216,-5.360088795747231e-05,0.19319997642760633,7,-0.0020290672091290707,0.0
51.14878716000021,-0.005169793448479079,0.054073761711673586,-0.0039442662829943355,0.7848000519518141,-0.0036588647190290815,-9.022991732399177e-05,0.19247864584571603,7,-0.0020290672091290707,0.0
51.1594852420003,-0.007230052610458883,0.05533277368868128,-0.005336230639578853,0.7848000484710648,-0.0035914916465026284,-0.0001261882231449185,0.19178505351088423,7,-0.0038115933139848956,0.0
51.16925900299975,-0.009245898231634249,0.05656319755718678,-0.006653259439791482,0.7848000442515383,-0.003512859482381314,-0.00016137136644633898,0.1911111457361397,7,-0.0047523281712796295,0.0
51.179756252000516,-0.011207718085217849,0.05775700443571449,-0.007231831603492728,0.7848000392241444,-0.003418022808647467,-0.00019561158222236585,0.19041446779902896,7,-0.0051655940024948055,0.0
51.1899801590007,-0.013111637710078916,0.05890891170185397,-0.008163360627407329,0.7848000337603359,-0.0033179436243250438,-0.0002288412483695268,0.18972771780835251,7,-0.005830971876719521,0.0
51.20038813300016,-0.014956759554500569,0.06001511859921194,-0.009557206499823294,0.7848000279670742,-0.003214692541390756,-0.0002610446996551552,0.18903564701611433,7,-0.006826576071302354,0.0
51.21063055100058,-0.016738562568650854,0.061070232495226334,-0.010977720854406103,0.7848000217612804,-0.0031026790552171274,-0.00029214302887403676,0.18836601593027225,7,-0.007841229181718645,0.0
51.220852571999785,-0.01844612992053075,0.06206597533857065,-0.01134385852990773,0.7848000149999188,-0.0029721986435845013,-0.00032194570136390155,0.18768402415841767,7,-0.008102756092791236,0.0
51.23231291100092,-0.020075132015476692,0.0629972423119426,-0.011759393291188502,0.7848000080972919,-0.002836530338432809,-0.0003503771514425935,0.1869747850089655,7,-0.008399566636563216,0.0
51.24175500099955,-0.02162839208432712,0.06386239288364472,-0.01333591101517801,0.7848000012997541,-0.0027045102597661585,-0.0003774866537837873,0.1863227901349193,7,-0.00952565072512715,0.0
51.25221438900007,-0.023100807216297106,0.06465622715811588,-0.014310994402323605,0.7847999943402356,-0.002560964950923091,-0.00040318514579285036,0.18564033790048762,7,-0.010222138858802576,0.0
51.26257388399972,-0.024482832398905176,0.06537159613585487,-0.014476904986959605,0.7847999872780915,-0.002403244511565777,-0.00042730603557483704,0.18495438963044072,7,-0.01034064641925686,0.0
51.27304416900006,-0.02577334751483583,0.06600541453009608,-0.015106427339693832,0.7847999804563289,-0.002244814866178155,-0.0004498297733945833,0.18428868855787167,7,-0.010790305242638451,0.0
51.28288156800045,-0.026973406239719052,0.06655576803598877,-0.01615832259787043,0.7847999739269609,-0.002086297146627455,-0.0004707747493610803,0.18362598280325693,7,-0.010790305242638451,0.0
51.29330148699955,-0.028078379276648524,0.06701824800123476,-0.01685576337054425,0.78479996761276,-0.001919111013796739,-0.0004900601670012605,0.18298141392060846,7,-0.012039830978960178,0.0
51.30347551700106,-0.029082405676143425,0.06738802210338038,-0.016981235353764126,0.7847999616018425,-0.001742918085186744,-0.0005075837334493905,0.18232294387535147,7,-0.012129453824117231,0.0
51.3142667860011,-0.02998478212074759,0.0676628235529702,-0.017278281111046595,0.7847999560798288,-0.0015664142635786037,-0.0005233331735001734,0.1816506175089712,7,-0.012341629365033281,0.0
51.324135758999546,-0.030787622550278178,0.06784187369897729,-0.018148592512571882,0.7847999511058636,-0.0013925392196284696,-0.0005373453823636076,0.18100892329680138,7,-0.012963280366122772,0.0
51.33476503400016,-0.03148768654728195,0.06792207188059729,-0.018448583109711973,0.7847999466179028,-0.0012118476143849301,-0.0005495638040859951,0.1803376099731336,7,-0.013177559364079982,0.0
51.34586429400042,-0.032085680751317146,0.06790232158502549,-0.019435280685416178,0.7847999427756868,-0.0010373252339318621,-0.0005600007718542521,0.17966857467137765,7,-0.01388234334672584,0.0
51.35512287399979,-0.032590085897734065,0.06778533421227544,-0.02139461523882361,0.784799939556205,-0.0008709799634518565,-0.0005688043024232314,0.17903140466787884,7,-0.01388234334672584,0.0
51.36592015000133,-0.03298559595055039,0.06756290524079978,-0.02086483858165441,0.784799936808314,-0.0006776084922369867,-0.000575707255069613,0.17838432133778676,7,-0.014903456129753148,0.0
51.37625750200095,-0.03326405741486789,0.06723031153883435,-0.019576303178134507,0.784799934778312,-0.0004767524596515525,-0.0005805673244618781,0.17773876558597954,7,-0.013983073698667504,0.0
51.38657655099996,-0.033437935340651107,0.06679263507493105,-0.0201121967551543,0.7847999335284386,-0.000296843286302943,-0.0005836020667633335,0.17709607182521656,7,-0.014365854825110214,0.0
51.39727581999978,-0.03351424214005507,0.06625262562671572,-0.021189782209956293,0.7847999329321909,-0.00012405110243620684,-0.0005849338716545915,0.17645404370053383,7,-0.015135558721397352,0.0
51.40665015000013,-0.03348428766634527,0.06560588694312768,-0.02080305249562408,0.7847999330066475,6.337727255083967e-05,-0.0005844110674626535,0.175826534954147,7,-0.015135558721397352,0.0
51.417195041000014,-0.03334342343491422,0.06485006681364874,-0.019756148457847317,0.7847999338132262,0.0002549660418634276,-0.0005819525228258904,0.17519404862163573,7,-0.014111534612748083,0.0
51.427726100000655,-0.033100065366318585,0.06398908904718018,-0.01972293766620796,0.7847999352656311,0.00043186999891242693,-0.0005777051232676023,0.17455207970828823,7,-0.014111534612748083,0.0
51.43814587900124,-0.03276097828655622,0.06302630441309294,-0.020193307675646616,0.7847999372946931,0.0006000788216890618,-0.0005717869372747764,0.17391536938622917,7,-0.01442379119689044,0.0
51.44853736799996,-0.032323486620513105,0.06196083687422355,-0.019865589391833444,0.7847999399473856,0.0007731916153445701,-0.0005641512672522886,0.17328206166436996,7,-0.01418970670845246,0.0
51.458818835000784,-0.0317845298390158,0.060791790807047746,-0.01887916318048179,0.7847999432252861,0.0009492367730056651,-0.0005547446968892089,0.1726587198655003,7,-0.013485116557486992,0.0
51.46881138200115,-0.03115005023097421,0.05952263747612537,-0.01842514385899251,0.7847999469737805,0.0011142486250557476,-0.0005436709386921201,0.17203263076365866,7,-0.013485116557486992,0.0
51.479116739001256,-0.0304271192873466,0.05815755387295861,-0.018469121451438798,0.78479995110857,0.0012689017648995764,-0.0005310534134612688,0.17141625674536518,7,-0.013160817042137507,0.0
51.48926073199982,-0.02961612623952955,0.056697766240114064,-0.018007290611413464,0.7847999556843589,0.0014235478606763818,-0.0005168989145660774,0.17080484876944357,7,-0.01319222960817057,0.0
51.50004669200098,-0.02871644330215936,0.0551441757332423,-0.016968813496517843,0.7847999606706691,0.0015776326541746257,-0.0005011964850849537,0.17018009918772775,7,-0.012120581068941316,0.0
51.51041827200061,-0.02773370330380879,0.053500754337848476,-0.016350845975900564,0.784799965879288,0.0017211009537636559,-0.00048404443642269257,0.1695709491634174,7,-0.01167917569707183,0.0
51.52014509000037,-0.026674052445338478,0.051771870138941314,-0.01594346716029038,0.7847999712462825,0.001855400870784307,-0.00046555004002080125,0.16896225496962583,7,-0.01167917569707183,0.0
51.530829340999844,-0.02554058360814244,0.049960610956946885,-0.015332732337697863,0.7847999767664375,0.0019845048302567377,-0.0004457672768429788,0.16834828511459782,7,-0.010951951669784188,0.0
51.54058766399976,-0.02433524345534435,0.04806966231432509,-0.014475767999199907,0.7847999824066879,0.002109521221566845,-0.0004247301225701605,0.16775343830938194,7,-0.010951951669784188,0.0
51.5512442520012,-0.023062323457214803,0.046102930622338924,-0.013561583335147486,0.7847999880449082,0.002226693884803551,-0.0004025134774883199,0.16714456646035905,7,-0.009686845239391062,0.0
51.5618702440006,-0.02172778634953377,0.04406522731397118,-0.012849417561159903,0.7847999935679699,0.0023336276139104234,-0.0003792214109692438,0.1665368665746389,7,-0.009178155400828503,0.0
51.57193453200125,-0.02033579475046482,0.0419606431392644,-0.012091318500320782,0.7847999989776588,0.002433800331293206,-0.00035492657440538977,0.16595350987234225,7,-0.0086366560716577,0.0
51.58207363499969,-0.01889062954175402,0.039793430437278225,-0.011172035164559623,0.7848000042010354,0.002526304691155232,-0.0003297036832781153,0.1653480833059796,7,-0.007980025117542588,0.0
51.59247497300021,-0.01739691625079061,0.0375681027207358,-0.010271544225725881,0.7848000091686848,0.0026104121579659635,-0.0003036334682700037,0.16475440196365676,7,-0.007336817304089915,0.0
51.60259696100002,-0.01585994937670409,0.03528957899756427,-0.009401885407314126,0.7848000138139885,0.0026854884220554502,-0.0002768083358231088,0.1641635612100832,7,-0.006715632433795804,0.0
51.6129596690007,-0.014284519954374549,0.03296262895610638,-0.008447227655501788,0.7848000181051501,0.0027522827174023454,-0.00024931190527066605,0.1635660614084946,7,-0.006033734039644134,0.0
51.62258100700092,-0.012675495724500992,0.030592134059322627,-0.007577526544282265,0.784800021990321,0.002810373904143317,-0.00022122913471500638,0.16299822187120241,7,-0.006033734039644134,0.0
51.633316950001245,-0.011037682778582148,0.02818301544795639,-0.006520791794949665,0.7848000254453387,0.002860360512150045,-0.00019264390627693473,0.16240558523442633,7,-0.004657708424964047,0.0
51.64433971800099,-0.009376202027230556,0.0257404002760558,-0.0054384185829472464,0.7848000284072805,0.002900926275637703,-0.00016364559670734025,0.16179993124993805,7,-0.003884584702105176,0.0
51.65383273200132,-0.007696255297372301,0.023269505673343203,-0.004522419574697611,0.7848000308573977,0.002932467994212387,-0.00013432499501320194,0.161240050724892,7,-0.0032302996962125796,0.0
51.66420088900122,-0.00600444904157488,0.020776246768414528,-0.003677004887265945,0.7848000327267041,0.002953026825248565,-0.00010479740554369954,0.1606536684922075,7,-0.0026264320623328175,0.0
51.67460571999982,-0.00430486656478966,0.018265396624379555,-0.002676264028147124,0.7848000340913897,0.0029664357594071902,-7.513409541459737e-05,0.16007203080972698,7,-0.0019116171629622314,0.0
51.685021237999536,-0.0026017857622981973,0.015741840661242255,-0.0015772683949077937,0.7848000349246438,0.002971919266793944,-4.540972798361409e-05,0.1594910078592297,7,-0.0011266202820769955,0.0
51.69594075700115,-0.0007312237184503385,0.012957925346014112,-0.0005964552417874747,0.7848000351680089,0.002966477913017294,-1.2762261455634416e-05,0.15888263769535532,7,-0.00042603945841962476,0.0
51.70526394999979,0.0007926593925730214,0.010678603249406893,0.0004314420054646439,0.7848000348776518,0.002954454394163768,1.3834516247257511e-05,0.15834284321255884,7,-0.00042603945841962476,0.0
51.71613904200058,0.0024730504886414885,0.008149867421672305,0.0013355017956989347,0.7848000339916537,0.002930749933333034,4.3162873594848605e-05,0.15776103168961347,7,0.0009539298540706675,0.0
51.726376566999534,0.004135086591837011,0.005630255849961318,0.0021406964743409195,0.7848000325836436,0.0028985159000162767,7.217087588262672e-05,0.15720151154766715,7,0.001529068910243514,0.0
51.73664755200116,0.005775165460582014,0.0031243320607687135,0.003167337572268203,0.7848000307264047,0.0028600590105437368,0.00010079565213461095,0.15663270673251914,7,0.0022623839801915735,0.0
51.74687907000043,0.007389059088808789,0.000636921129679251,0.004244821822152989,0.7848000284024098,0.002813606309635313,0.00012896340972412546,0.1560525872730674,7,0.0022623839801915735,0.0
51.75713615400127,0.0089718731554903,-0.0018268759929873748,0.0051189804512595805,0.784800025629203,0.0027586243282853497,0.00015658872663459888,0.15550723401809843,7,0.0036564146080425575,0.0
51.76761963900026,0.010517148045134135,-0.004261270683321605,0.005797076029515869,0.7848000223984494,0.002693008715181258,0.00018355886130727583,0.15493845738357023,7,0.004140768592511335,0.0
51.7786753750006,0.012021680185410045,-0.006662042917264054,0.006707816005415456,0.7848000188622054,0.0026220042858401895,0.00020981790085716767,0.15435266892248162,7,0.004791297146725326,0.0
51.788397370000894,0.013483288889812893,-0.009025513424436703,0.007604168252234345,0.784800015070121,0.0025463460672943026,0.0002353277851248059,0.15382378901063554,7,0.00543154875159596,0.0
51.79890320800041,0.01489624678584825,-0.011346417007154615,0.008373969068902575,0.7848000109646688,0.0024610272542455614,0.0002599885526026746,0.15325696500721206,7,0.005981406477787554,0.0
51.80949866999981,0.016256235038948925,-0.01362021560904656,0.009036760218227257,0.7848000066437292,0.002368426953987855,0.00028372482540772737,0.15269313277085772,7,0.006454828727305184,0.0
51.81969344400022,0.01756102523574056,-0.015843427592353576,0.009834658522306916,0.784800002215909,0.0022719541504816676,0.00030649771038948614,0.1521424401624641,7,0.007024756087362083,0.0
51.83006055000078,0.018806769612541168,-0.018011906311296257,0.010492723609075895,0.7847999976689053,0.0021683976477309646,0.0003282400514028616,0.1515920709176025,7,0.0074948025779113525,0.0
51.84025853700041,0.019989830512347685,-0.02012169483023323,0.011049707668218068,0.7847999930741375,0.002058895748248452,0.0003488883593560921,0.15104904077992024,7,0.007892648334441477,0.0
51.85060950600018,0.02110791271922178,-0.022169561938434862,0.011694732076535685,0.7847999885106312,0.0019454423889235673,0.00036840257517400943,0.15050316230262287,7,0.008353380054668347,0.0
51.86125232999984,0.02215866201885178,-0.024152355438059103,0.012411984587001757,0.7847999840141854,0.0018275418585238028,0.0003867416100655774,0.14993865037590431,7,0.008865703276429826,0.0
51.87108986500061,0.023139261184981153,-0.026066816973638145,0.012860081310432304,0.7847999796219611,0.0017045646206196394,0.00040385629415684576,0.14941658789553847,7,0.009185772364594502,0.0
51.88132270999995,0.02404612530644222,-0.02790944357973526,0.013171506660121025,0.7847999753783358,0.0015760682956920448,0.0004196840589445472,0.1488833928815544,7,0.009408219042943589,0.0
51.891355420000764,0.0248785673257667,-0.029678202412784092,0.013698830459349774,0.7847999713762275,0.0014463697850702352,0.00043421291301370957,0.1483406051378145,7,0.009408219042943589,0.0
51.902202989000216,0.025635415499358938,-0.03137096115734171,0.014221365664735076,0.78479996762904,0.0013139340857380199,0.00044742240558059976,0.14779950612381512,7,0.010158118331953625,0.0
51.9122308090009,0.02631376822471426,-0.03298490676557915,0.014502987584267057,0.7847999641549409,0.0011766197170239845,0.00045926189412792695,0.1472594340546466,7,0.010158118331953625,0.0
51.922796722001294,0.02691177872616609,-0.0345178457139348,0.014648273029668556,0.7847999610130837,0.0010366043922387426,0.00046969914633976373,0.14673299717996358,7,0.01046305216404897,0.0
51.93273771300119,0.027429653891214018,-0.03596867615805784,0.014969701084498167,0.7847999582512246,0.0008969773137003874,0.0004787377730841591,0.14620374971084998,7,0.01046305216404897,0.0
51.943567049000194,0.027867216897480302,-0.03733625542666846,0.015314138800606157,0.7847999558757661,0.0007564560758019947,0.00048637468822843033,0.1456717714166822,7,0.010938670571861542,0.0
51.95352068400098,0.028222650356376847,-0.03861881215602841,0.015370244533255866,0.7847999538976801,0.0006128466088218048,0.000492578172357927,0.1451538167437616,7,0.010978746095182762,0.0
51.96393012200133,0.02849524522102174,-0.03981522789304637,0.015410223054141314,0.7847999523498471,0.0004686502554528825,0.0004973358502700087,0.1446286540377716,7,0.01100730218152951,0.0
51.974115745000745,0.028685985643427406,-0.04092531480853009,0.015501379336568989,0.7847999512442666,0.00032588545117077374,0.0005006648986576323,0.14411631774062889,7,0.011072413811834991,0.0
51.98406295300083,0.02879534092970375,-0.04194878718465979,0.015618041401140937,0.7847999505788346,0.00018374931032515645,0.0005025735084576155,0.14359614896552478,7,0.011072413811834991,0.0
51.995071397001084,0.02882295887741324,-0.042885116229202935,0.015598067775466013,0.7847999503553851,4.096051291722122e-05,0.0005030555325777897,0.14306944221125686,7,0.011141476982475723,0.0
52.00528160900103,0.028768735707244832,-0.04373402773641869,0.015390136298341645,0.7847999505766865,-0.00010170447229535337,0.0005021091597274818,0.1425562351182665,7,0.01099295449881546,0.0
52.015389623000374,0.02863418837302397,-0.044496143245527045,0.015267098679163245,0.7847999512301427,-0.00024147178508753407,0.0004997608657455466,0.1420429763549822,7,0.010905070485116602,0.0
52.02579535800032,0.02842129251837615,-0.045172439557307494,0.015245996776571636,0.7847999522950657,-0.00037821562899761283,0.0004960451321180948,0.14152048717528304,7,0.010905070485116602,0.0
52.03613536100056,0.02813053475414774,-0.045763337174275234,0.01496713348831075,0.784799953763608,-0.0005142971637375204,0.0004909704518065716,0.14101527914611023,7,0.010690809634507678,0.0
52.04608375600037,0.027762858987571446,-0.046269603397530015,0.014623001045702137,0.7847999556138527,-0.000648078392952107,0.0004845532991000212,0.14050767879172776,7,0.010690809634507678,0.0
52.05661152799985,0.02732096453331966,-0.046692958492850274,0.014411060205601943,0.7847999578052886,-0.0007772839697447209,0.00047684078592702406,0.13999288105351004,7,0.010445000746930097,0.0
52.06719609300126,0.0268069388720988,-0.04703497054443767,0.014114891806856414,0.7847999603149903,-0.0009032590694496114,0.0004678693456989791,0.13948666084592085,7,0.010082065576326009,0.0
52.077235927999936,0.026222136908575056,-0.047296993346634855,0.013686165912100192,0.7847999631203991,-0.0010265822787125273,0.00045766262596336205,0.13897986347988017,7,0.010082065576326009,0.0
52.08810494200043,0.02556891330429699,-0.04748097100571153,0.01326553065455632,0.7847999661764639,-0.0011456002864210387,0.00044626172331696523,0.13846776833091326,7,0.0094753790389688,0.0
52.09816482600036,0.024850176223279025,-0.047589228309209454,0.012825423820705,0.7847999694403331,-0.0012597288573270539,0.00043371739479702853,0.137963989038962,7,0.0094753790389688,0.0
52.108707338000386,0.02406860181422914,-0.047624100145656725,0.012374636588847876,0.7847999728762829,-0.0013691736714587642,0.0004200763480097791,0.13745546838577605,7,0.009161017014789285,0.0
52.119104831001096,0.023236224578172638,-0.04759239527611842,0.013544103073996496,0.784799976197432,-0.001454852577765931,0.0004055486246219431,0.1369710093296669,7,0.009674359338568927,0.0
52.12950944899967,0.02235420994739056,-0.04749597527954199,0.01380827696664765,0.7847999796954208,-0.00154605134405399,0.0003901545652640337,0.1364718752538042,7,0.009863054976176892,0.0
52.13987208400067,0.021409892657069846,-0.047330330055283185,0.011929348183047805,0.7847999835560368,-0.00165467188938469,0.00037367311936442604,0.13597596144706506,7,0.00852096298789129,0.0
52.15041550400019,0.020408331013209574,-0.04709929413854758,0.01066857478167873,0.7847999873628241,-0.0017503810439773795,0.00035619257101737745,0.13547715878811678,7,0.00762041055834195,0.0
52.16088690400102,0.019365332499798805,-0.04681183152639444,0.011033235177447219,0.7847999908679464,-0.0018221645749588488,0.0003379888128649533,0.13498181556937355,7,0.007880882269605156,0.0
52.17120350500045,0.018283324425130237,-0.046470771643406225,0.010930844772189863,0.7847999943542477,-0.001892934378126655,0.0003191042094288221,0.13448920419832447,7,0.007807746265849902,0.0
52.18172708600105,0.017156198404731263,-0.046075029457186265,0.009508003565045949,0.7847999979580745,-0.0019716294104890173,0.00029943214928795925,0.13399668078005186,7,0.006791431117889962,0.0
52.1921304460011,0.01598811859226092,-0.045628374271350115,0.008339680550712108,0.784800001376281,-0.002040443948468585,0.00027904531063427385,0.13351132732906534,7,0.0059569146790800775,0.0
52.20251131400073,0.014790539698765181,-0.045138059019849956,0.008205332324315062,0.7848000044186522,-0.0020912348238225284,0.0002581436158903827,0.13302836520926387,7,0.0058609516602250444,0.0
52.21307527099998,0.013567317619052244,-0.044607868762892806,0.00791232884558452,0.7848000072741024,-0.0021374835787941727,0.00023679436311629942,0.13253871977698967,7,0.005651663461131801,0.0
52.22331579999991,0.012315775719086935,-0.044038590837332366,0.006644479900768254,0.7848000100660371,-0.0021869633375737646,0.00021495083623523925,0.13206202382718585,7,0.004746057071977325,0.0
52.2336246470004,0.01104018924390909,-0.04343429644125181,0.005612109443775828,0.7848000125519609,-0.002226913699675411,0.00019268765234947693,0.13158403959465148,7,0.00400864960269702,0.0
52.24408850200052,0.009749720621606657,-0.04280138988231525,0.005285510522369821,0.784800014612159,-0.002252406087334333,0.00017016472599662436,0.1311037350268523,7,0.0037753646588355866,0.0
52.2540134259998,0.008447548129838393,-0.0421435302349479,0.004650251777334694,0.7848000164148673,-0.0022737539690412126,0.00014743752858636938,0.13064036752493546,7,0.003321608412381924,0.0
52.264045576999706,0.007134417486162133,-0.041463266357618114,0.0036089828900151303,0.7848000179786226,-0.0022924170369199724,0.0001245190753453862,0.1301822342523215,7,0.002577844921439379,0.0
52.27404426800058,0.005815060566555668,-0.04076502703680762,0.002741782293110595,0.7848000191787539,-0.0023021584800847106,0.00010149195308928327,0.12972724813116857,7,0.001958415923650425,0.0
52.28425448000053,0.004495889594694546,-0.04005404712264988,0.002247506483167633,0.7848000199801314,-0.0023015310987707367,7.846807623357321e-05,0.12926226580866806,7,0.0016053617736911663,0.0
52.29565124799956,0.0031800541120786405,-0.03933405346205909,0.0016375712222289564,0.7848000204839007,-0.002296099857333789,5.550241464735706e-05,0.1287843302403031,7,0.0011696937301635402,0.0
52.305161862001114,0.001868155549537554,-0.03860758442783791,0.0005093625170009441,0.7848000207479984,-0.00228891795551908,3.2605465278834345e-05,0.12832409103924122,7,0.0003638303692863887,0.0
52.315678109000146,0.0005657146103030651,-0.0378794666849157,-0.0001892668437384726,0.7848000206124256,-0.002271098438712325,9.873582576425122e-06,0.12784977802612776,7,-0.00013519060267033756,0.0
52.32647789600014,-0.0007211449324327841,-0.03715480641483275,-0.0005977739094550849,0.7848000201123335,-0.0022440707751891467,-1.2586353455024124e-05,0.12737179492103554,7,-0.0004269813638964892,0.0
52.33682795800087,-0.0019912847905148223,-0.036436370406438504,-0.0014635408485835389,0.7848000193925908,-0.00221526383936631,-3.47544759393692e-05,0.12690928233196871,7,-0.0010453863204168135,0.0
52.34703488600098,-0.0032430389648470167,-0.03572714388689896,-0.0025176962287758787,0.7848000184189267,-0.0021821722466430086,-5.660170770704909e-05,0.12645153655383146,7,-0.0017983544491256276,0.0
52.35753031599961,-0.004469107050688915,-0.03503271308444522,-0.002922488600515619,0.7848000170638681,-0.0021364437789101022,-7.800063265861468e-05,0.12598622560173406,7,-0.002087491857511156,0.0
52.36799081800018,-0.005665229985637452,-0.03435721952900783,-0.0033240776785833093,0.7848000154695156,-0.0020849276415657774,-9.88769161320846e-05,0.12552556238529353,7,-0.002374341198988078,0.0
52.37813508700128,-0.0068315425221102625,-0.03370271154726094,-0.0042180835893938645,0.7848000137427208,-0.0020329778254392734,-0.00011923291000082159,0.12507366066381875,7,-0.002374341198988078,0.0
52.388224100001025,-0.0079663484655885,-0.03307203949043018,-0.005222917676479757,0.7848000118384397,-0.0019768249629074767,-0.0001390390100857175,0.12462392404670242,7,-0.003012916849567046,0.0
52.39851513400026,-0.009062045203753321,-0.032470759254447444,-0.005497650990034508,0.7848000096500131,-0.0019077494133774488,-0.00015816252577005585,0.12417392157567898,7,-0.0037306554831998268,0.0
52.409260574000655,-0.010114959490517888,-0.0319025455367934,-0.005768067827184806,0.7848000073397136,-0.0018340195069344249,-0.0001765393468153853,0.12372455123444581,7,-0.004120048447989147,0.0
52.421829230001094,-0.011126308851908595,-0.031368724585770676,-0.006508998115409942,0.7848000050149785,-0.001761653167845889,-0.00019419072305959517,0.12325963433387227,7,-0.004120048447989147,0.0
52.43210566400012,-0.01209611145706034,-0.030871107758583552,-0.007327436339756599,0.784800002654983,-0.0016881713885387958,-0.00021111697161391163,0.12273901913425624,7,-0.0046492843681499585,0.0
52.44265111000095,-0.013019511589272031,-0.030413709292208102,-0.008002626925034487,0.784800000192012,-0.0016064555121018207,-0.0002272333442343566,0.12228188975347469,7,-0.005233883099826142,0.0
52.4536991620007,-0.013975189222614431,-0.029962044276229748,-0.008307482931295684,0.784799997402363,-0.0015062373566023936,-0.00024391306552384862,0.12181347565211628,7,-0.005933916379496917,0.0
52.46481476400004,-0.014707260254877242,-0.029635471889104356,-0.008066709746541193,0.7847999951325901,-0.001419522073040242,-0.0002566901153953083,0.12134775229965318,7,-0.005761935533243709,0.0
52.47404358300082,-0.01547024733458803,-0.029318390488318198,-0.00894447198821291,0.78479999274995,-0.001327934978590388,-0.000270006752086438,0.1209488134579482,7,-0.006388908563009221,0.0
52.48440873300024,-0.01618138972258842,-0.0290502885742048,-0.009859660065295242,0.7847999904569088,-0.0012355024046546905,-0.00028241852820753977,0.12051268757854314,7,-0.007042614332353744,0.0
52.49501774700002,-0.016833118741500456,-0.028836026250191917,-0.00991676839580504,0.7847999881805707,-0.0011308714870310408,-0.00029379334541834723,0.12008831132620003,7,-0.007083405997003599,0.0
52.50457690999974,-0.017421024422339,-0.028678906773514628,-0.00961044318726795,0.7847999860285977,-0.001020672192610851,-0.00030405423524015873,0.11965923732099794,7,-0.006864602276619964,0.0
52.515034547999676,-0.017949011293061434,-0.028578254259488692,-0.010034463690629096,0.7847999841102249,-0.0009171747203000901,-0.00031326934454156685,0.11922313027406316,7,-0.007167474064735068,0.0
52.525251815000956,-0.018419295585034242,-0.02853406701893754,-0.01078479845213129,0.7847999823827797,-0.0008154133839418829,-0.0003214773538569027,0.11879636635802038,7,-0.0077034274658080645,0.0
52.5355362829996,-0.01883194586976958,-0.028547245966089707,-0.011920437016565824,0.7847999808599032,-0.0007168377767923097,-0.0003286794599848264,0.11836644800446065,7,-0.008514597868975588,0.0
52.54594802599968,-0.019189495105927882,-0.028617440929545785,-0.013099327524760757,0.7847999795184738,-0.0006177553147814926,-0.00033491987139377954,0.11793516261700103,7,-0.009356662517686255,0.0
52.555989538001086,-0.019481388328686462,-0.028750307433226874,-0.012780455214820484,0.7847999783237701,-0.0005015991577163711,-0.000340014369195174,0.11751105405636926,7,-0.009356662517686255,0.0
52.567572959000245,-0.01971975002184789,-0.028972826414869625,-0.011782655847663559,0.7847999772962011,-0.00036650160395802284,-0.0003441745655514694,0.11705927753277726,7,-0.008416182748331114,0.0
52.57663384700027,-0.019856893495811826,-0.029211802572036677,-0.011987038640933523,0.7847999767210998,-0.00026766708269289715,-0.0003465681707197632,0.11668738790475154,7,-0.008562170457809659,0.0
52.586627578000844,-0.01996290570085893,-0.029569639644192656,-0.01336033528390875,0.78479997628246,-0.00015830185025929693,-0.0003484184327451345,0.11626452272354092,7,-0.009543096631363393,0.0
52.59659245900002,-0.019992606200483747,-0.029919555596067966,-0.01298440783709944,0.7847999761237011,-5.568487587867863e-05,-0.00034893680425307494,0.11585862230641568,7,-0.0092745770264996,0.0
52.607038641001054,-0.019958345157341607,-0.030372148269640582,-0.011878763021776068,0.7847999762102598,6.549139114130695e-05,-0.0003483388362450768,0.11543533300939339,7,-0.008484830729840048,0.0
52.61785603200042,-0.01986203864970626,-0.030887902265718945,-0.011952313421746564,0.7847999765400188,0.00017154836602872197,-0.0003466579705957429,0.11500028582108084,7,-0.008537366729818974,0.0
52.627577469000244,-0.019710753224096534,-0.03146348903565624,-0.012841289393910004,0.784799977069282,0.00026887392707746936,-0.00034401754180857225,0.1146102875885079,7,-0.009172349567078575,0.0
52.637396562000504,-0.019499686309327965,-0.03210100863187278,-0.012670589003535132,0.7847999778382974,0.00037535438941503223,-0.0003403337292038344,0.11421178764725685,7,-0.009050420716810809,0.0
52.64779601100054,-0.01922238446076944,-0.03280324299546111,-0.011468902157186694,0.7847999788757493,0.0004897107884953385,-0.00033549389892462145,0.1137972655577539,7,-0.008192072969419067,0.0
52.65861549799956,-0.018885745869376726,-0.033566646473396314,-0.011189696354532824,0.7847999800792389,0.0005907704775590106,-0.0003296184471155428,0.1133765494255102,7,-0.007992640253237732,0.0
52.66837619299986,-0.01849803850378337,-0.03438691352638368,-0.01175413886940012,0.7847999814024881,0.0006806325375565193,-0.00032285167705170537,0.11297777376159542,7,-0.008395813478142944,0.0
52.678783815001225,-0.01805699710732403,-0.035264547473647906,-0.011525889986742255,0.7847999829188954,0.0007755460081813263,-0.00031515405254589623,0.11256818614601806,7,-0.008232778561958753,0.0
52.68919325100069,-0.017558604700350002,-0.03620078589218725,-0.010565393166675291,0.7847999846347952,0.0008747725889920575,-0.0003064554640772599,0.11215829461530966,7,-0.007546709404768065,0.0
52.699151980999886,-0.0170079688528026,-0.03719252019155869,-0.01021881807615353,0.7847999864300906,0.0009641892034897356,-0.0002968450555580482,0.1117676047055228,7,-0.007299155768681093,0.0
52.70983063700078,-0.016411496354010756,-0.03823593232100473,-0.010323477417865472,0.7847999882678289,0.0010446314932613904,-0.0002864346465565326,0.11137380238063314,7,-0.007373912441332481,0.0
52.719671523000216,-0.015768866558415258,-0.039330250677522674,-0.009902013955168053,0.7847999902113029,0.0011261139432253485,-0.000275218640751973,0.11096619593167027,7,-0.007072867110834324,0.0
52.72989619100008,-0.015078753342316443,-0.04047509640325366,-0.009051874991490804,0.7847999922500363,0.0012081955292653494,-0.00026317389291952153,0.1105683722599476,7,-0.006465624993922003,0.0
52.74032867800088,-0.014346514762733123,-0.041666894127026455,-0.008659884191939993,0.7847999942578442,0.001280528966463355,-0.0002503939187956661,0.11016809022271325,7,-0.006185631565671423,0.0
52.75070318500002,-0.013576883361040574,-0.04290227436425602,-0.008457359619152088,0.7847999962310978,0.0013460923282207144,-0.00023696131680939203,0.10976710243507011,7,-0.006040971156537206,0.0
52.761152787001265,-0.012770826104052715,-0.04417955085845868,-0.007957965400273631,0.7847999982049676,0.0014100029489353349,-0.00022289296371535983,0.10936472135222286,7,-0.005684261000195451,0.0
52.77120540299984,-0.011929051943641933,-0.04549709415533416,-0.007258210827920092,0.7848000001596098,0.0014717709430560001,-0.00020820123305798077,0.10897976774776635,7,-0.0051844363056572085,0.0
52.7815560199997,-0.01105604015598055,-0.046851453283314685,-0.006775444373205364,0.7848000020044551,0.0015256150856559451,-0.000192964302954568,0.10858546322769826,7,-0.004839603123718117,0.0
52.792442633000974,-0.010155815304864405,-0.04823932509927736,-0.006376133612778733,0.7848000037348956,0.0015731488555271922,-0.00017725241529431557,0.10818618460899528,7,-0.00455438115198481,0.0
52.80239919900123,-0.009229846398529341,-0.049658543608954525,-0.005758060895407147,0.7848000053811693,0.0016180724085928413,-0.0001610912091076777,0.10779400816975471,7,-0.004112900639576533,0.0
52.812666269001056,-0.008280283564431227,-0.05110657856381053,-0.005072646350066301,0.7848000069068747,0.0016586600173311933,-0.00014451821119809694,0.10741011087474794,7,-0.0036233188214759293,0.0
52.82239880999987,-0.007311200423470312,-0.052579957017668905,-0.004528814423847427,0.7848000082598031,0.001692225651034521,-0.00012760451966276065,0.10702566111400799,7,-0.0036233188214759293,0.0
52.83319195799959,-0.00632708866081662,-0.05407496841734205,-0.004155211142792559,0.7848000094193863,0.0017184250915847472,-0.00011042852919684876,0.10663920141045745,7,-0.002968007959137542,0.0
52.843871731000036,-0.005329798140913319,-0.05558909884584844,-0.0035209718534013894,0.7848000104351385,0.001741615217541439,-9.302252602561012e-05,0.10624315806867073,7,-0.0025149798952867064,0.0
52.85377548600081,-0.0043206231004910564,-0.05712006789089346,-0.00276064682282644,0.7848000112989045,0.001761718052233797,-7.540909884129476e-05,0.10587226237512319,7,-0.0019718905877331716,0.0
52.86354246500014,-0.0033037334816911654,-0.058664230340768904,-0.002135421482826394,0.7848000119435232,0.0017745314553311523,-5.766102686388663e-05,0.10549438084646642,7,-0.0019718905877331716,0.0
52.8744174830008,-0.002284387157520435,-0.060217410725277525,-0.001773072314785862,0.7848000123432838,0.0017787051257560074,-3.9870077289005934e-05,0.1051078663616309,7,-0.0012664802248470441,0.0
52.884533806000036,-0.0012643145065650944,-0.06177706289976836,-0.0012127544734762408,0.7848000125818378,0.0017802649432300227,-2.206645092028836e-05,0.10473481525728272,7,-0.000866253195340172,0.0
52.894468577000225,-0.00024460005453786786,-0.06334093817190815,-0.000374484386424534,0.7848000126584955,0.001779190197667135,-4.269076302243491e-06,0.10435502203688986,7,-0.000866253195340172,0.0
52.904678785000215,0.0007699554308784988,-0.06490505272366309,0.00014249065370804947,0.7848000124869873,0.0017693514461729464,1.343825736244142e-05,0.10398227270210803,7,-0.0002674888474460957,0.0
52.916425104000155,0.0017749833013711693,-0.066465621183889,0.0006749884877997103,0.7848000121021163,0.0017528842325293336,3.0979302776845685e-05,0.10357226289577919,7,0.00010177903836289248,0.0
52.93069262800054,0.0027688318931638383,-0.06802013314201098,0.0017607143827466643,0.7848000115569596,0.001733143870901925,4.832523296993685e-05,0.10306274387133162,7,0.0012576531305333316,0.0
52.94443379400036,0.0038433604741491723,-0.06971834241839384,0.002148744622220866,0.7848000106815262,0.0017003200918310323,6.707929461491347e-05,0.1025793067011825,7,0.0015348175873006187,0.0
52.955695669001216,0.004797476192810824,-0.07124696046480969,0.0021481653562330782,0.7848000096877119,0.0016630748126879292,8.373175535059119e-05,0.1021686768126552,7,0.0015344038258807702,0.0
52.96602400200027,0.005638405101833457,-0.07260923627727124,0.0026659515658223,0.784800008742508,0.0016311470928698345,9.840873358823998e-05,0.10179354284574221,7,0.0015344038258807702,0.0
52.97861235200071,0.0066447756848830065,-0.0742557614445574,0.003718818446229133,0.7848000075106929,0.0015929171920192984,0.00011597321375766967,0.1013619770125395,7,0.0019042511184445,0.0
52.988916516000245,0.007448742119571918,-0.07558551834223813,0.0047472234240179545,0.7848000063935276,0.0015580088541869762,0.00013000507511851112,0.10097479440095282,7,0.0026562988901636664,0.0
53.00067352200131,0.00822895559156293,-0.07689545728739854,0.005127953908105498,0.7848000050963163,0.0015119035299087915,0.00014362236907317083,0.10056913086551851,7,0.003390873874298539,0.0
53.012291308001295,0.009141611069881952,-0.07846388832490228,0.004263558548832513,0.7848000033099749,0.0014408814658081926,0.0001595512121062015,0.10016166944517471,7,0.0030453989634517953,0.0
53.026513077000345,0.009932595271759466,-0.07985721041701999,0.004569758503303767,0.7848000017107928,0.001379047472195669,0.00017335649076022364,0.09966125882493516,7,0.0030453989634517953,0.0
53.035598550999566,0.010546424114316374,-0.08095210069015461,0.005896494590812262,0.7848000005544199,0.0013418279807968993,0.00018406982510654757,0.09932998040054433,7,0.0032641132166455478,0.0
53.049863559001096,0.011431511620650842,-0.08255795996190383,0.007351622285595399,0.7847999987082613,0.001276561946579804,0.0001995175162603502,0.0988490417301743,7,0.005251158775425285,0.0
53.06185821300096,0.012188920961413193,-0.08398219623829706,0.00652461421536607,0.7847999967961763,0.0011911747551392616,0.00021273680304201292,0.09844901578549432,7,0.005251158775425285,0.0
53.072524643999714,0.012763675802842454,-0.08510917227510677,0.005796802538515888,0.7847999952444364,0.0011159065870018521,0.00022276816741673144,0.09805822205800155,7,0.004140573241797063,0.0
53.086241082000925,0.013366683398533854,-0.08632530680063542,0.007046021605448943,0.7847999937415013,0.0010511630547838766,0.00023329263537608114,0.09759481448689165,7,0.004140573241797063,0.0
53.10019230200123,0.013771638091683455,-0.08715584324419674,0.009111563469132994,0.784799992787056,0.0010151533032231495,0.000240360428092945,0.09722328636030905,7,0.006508259620809281,0.0
53.11107214000003,0.01446886756502222,-0.08864346166231485,0.009143872006142717,0.7847999908234697,0.000913147936405587,0.0002525293780446525,0.09674986424171918,7,0.006531337147244798,0.0
53.12012366400086,0.014933268327407961,-0.08972721036393523,0.006423067097345647,0.7847999892631091,0.0008048388978441547,0.0002606347003970555,0.09642060644374477,7,0.006531337147244798,0.0
53.13077305099978,0.01534765154061838,-0.0907630924249343,0.006425547657336111,0.7847999880206398,0.0007243152843192818,0.000267867051832571,0.09606904830229594,7,0.0045896768980972225,0.0
53.14200453900048,0.015734949924003132,-0.09176099326205389,0.009451566013493373,0.7847999870213861,0.0006743058925721055,0.0002746266838102862,0.09570151756383659,7,0.0045896768980972225,0.0
53.15362903099958,0.016083868407919262,-0.09271492817318823,0.010453943527470744,0.7847999859798553,0.0006001572204920847,0.0002807164601756895,0.09532541821767189,7,0.00746710251962196,0.0
53.16684677400008,0.016369285104964968,-0.09361249321423608,0.008521866624651602,0.7847999849475666,0.0004904228577177165,0.00028569792127930427,0.09487816504412075,7,0.006087047589036859,0.0
53.17761267900096,0.016590520304218943,-0.0944527397293422,0.006568397460359871,0.7847999841400574,0.0003841726167256341,0.0002895592039275918,0.09450782290888154,7,0.006087047589036859,0.0
53.18758964100016,0.016771493113863757,-0.09524630680965236,0.007978185233287461,0.784799983589966,0.0003166650390103683,0.0002927177753124788,0.09418654406578678,7,0.005698703738062472,0.0
53.19814179000059,0.016924158030921475,-0.09599837997317608,0.0107529750840819,0.7847999831557684,0.00026189397182087564,0.00029538228076742,0.09383346902605033,7,0.007680696488629929,0.0
53.20818022500134,0.017026906774938677,-0.09669855930927167,0.010019319611685567,0.7847999827879977,0.0001696115462915751,0.000297175584652809,0.09350011666150551,7,0.007156656865489691,0.0
53.21864729000117,0.01706211309460592,-0.09733833079343171,0.007361969639885422,0.784799982613997,5.6567924022865116e-05,0.00029779005084851207,0.0931455754017591,7,0.007156656865489691,0.0
53.23066010600087,0.017044241248090196,-0.09798204909338942,0.00765620870395331,0.7847999826414176,-3.078288989751555e-05,0.0002974781282834016,0.09276716386839412,7,0.005468720502823793,0.0
53.23988682600066,0.017002370505335606,-0.09846974607592283,0.009754532154743678,0.7847999827492225,-8.123354647870507e-05,0.0002967473459620784,0.09246472144324132,7,0.006967522967674056,0.0
53.24988209100047,0.0169157756336656,-0.09896522376885389,0.01001042272831605,0.7847999829992363,-0.00015879902105279554,0.0002952359803360949,0.09213847202231171,7,0.0071503019487971775,0.0
53.260521419000725,0.016769737397045157,-0.09940385093228409,0.00793374300860059,0.784799983464633,-0.0002608899961345799,0.0002926871322732616,0.09179325697502386,7,0.005666959291857565,0.0
53.27025437799966,0.016571172533338504,-0.0997889696880395,0.006960089847389417,0.7847999840705626,-0.00034731592934961783,0.0002892215216228067,0.09148091231651109,7,0.004971492748135298,0.0
53.28062602200043,0.016340939354540833,-0.10013053744074604,0.008760796546831678,0.784799984689509,-0.0004026741266130499,0.0002852031946054545,0.09114945153491576,7,0.006257711819165485,0.0
53.29131229199993,0.016075147553361847,-0.10042707020530396,0.009324535845934723,0.7847999854398156,-0.00047009396606538956,0.0002805642525500751,0.0908149351943886,7,0.0066603827470962315,0.0
53.30145313399953,0.015758302780326437,-0.10067171394638674,0.007665990218834869,0.7847999864080336,-0.0005588730653199443,0.000275034268042873,0.09049100755640802,7,0.005475707299167763,0.0
53.31173745900014,0.015392361831907264,-0.10086580797856197,0.006453633491173628,0.7847999874788524,-0.000640094750739139,0.0002686473936250877,0.09016182590255228,7,0.004609738207981162,0.0
53.32223134800006,0.014994164339362957,-0.10101772763398836,0.007381808869537711,0.7847999884976377,-0.0006954337132013858,0.000261697536307004,0.08983097820946903,7,0.005272720621098365,0.0
53.3326316319999,0.014567712431619967,-0.10112995484556572,0.00825782171779974,0.7847999895578059,-0.0007485365822645318,0.00025425454641547773,0.08950998264627348,7,0.005898444084142671,0.0
53.343088429001,0.014100543610205622,-0.10119734365248863,0.007148944085911796,0.7847999908129079,-0.0008209582755920846,0.000246100912319136,0.0891756968390896,7,0.00510638863279414,0.0
53.353390357000535,0.013535959678847818,-0.1012188158086134,0.005360615376522256,0.7847999922976829,-0.0009011283997419255,0.0002362470638130887,0.08884476346050584,7,0.00510638863279414,0.0
53.36315056000058,0.013056988277646547,-0.10120653024932019,0.007593404026490767,0.7847999932338595,-0.0009250745565148907,0.00022788743583923576,0.08854060311959326,7,0.003829010983230183,0.0
53.374179049000304,0.01251177752137898,-0.10116451826203893,0.009365089774566316,0.7847999943032992,-0.0009564690757459395,0.0002183717130250784,0.08821644698472683,7,0.00668934983897594,0.0
53.38459777400021,0.011926625967136537,-0.10108128566752947,0.007110189027408175,0.784799995728965,-0.0010283889298301542,0.0002081588917803856,0.08789117416336731,7,0.005078706448148696,0.0
53.39491018100125,0.011297382944801924,-0.10095580180589966,0.004591053511885734,0.7847999971976416,-0.001098364637684579,0.00019717652924544637,0.08757678564923733,7,0.0032793239370612383,0.0
53.40523606900024,0.010650211022322043,-0.10080125121786666,0.0056096557617277415,0.78479999829529,-0.001126317076790104,0.00018588124837171094,0.08725363798140719,7,0.004006896972662672,0.0
53.415441877001285,0.00999775922648064,-0.10062460941187128,0.007500413237891557,0.7847999992343956,-0.0011410862255745503,0.00017449381632372862,0.08694450161405241,7,0.005357438027065398,0.0
53.42602119900039,0.009321495662793056,-0.10041833757483426,0.006314097582724808,0.7848000004380048,-0.001186495237089902,0.0001626907905261099,0.08662108938246511,7,0.004510069701946291,0.0
53.43586313200103,0.008609312547251684,-0.10017788625921545,0.0034980199146213728,0.78480000176612,-0.0012445869662924315,0.00015026085028280178,0.08631153624693158,7,0.004510069701946291,0.0
53.4461779129997,0.007879827560389279,-0.09991307716829927,0.0033260448011894444,0.7848000027365076,-0.001269593937857758,0.00013752893541818523,0.08599975725769606,7,0.0024985856533009804,0.0
53.4570116470004,0.0071529489903545684,-0.09963441259775638,0.005279827631479994,0.7848000033741978,-0.0012680795134356368,0.00012484251110889133,0.08568472471418943,7,0.0037713054510571387,0.0
53.467635607001284,0.006418563659156116,-0.09933842802352735,0.005065105005812852,0.7848000041580357,-0.001286494284418924,0.0001120250691011293,0.08537484330247654,7,0.00361793214700918,0.0
53.478334241000994,0.005659586757134345,-0.09901838899169862,0.0024524036998492703,0.7848000051309852,-0.0013271532727052603,9.8778423214263e-05,0.08505416175238639,7,0.0017517169284637646,0.0
53.488325454000005,0.004885985427672271,-0.09868018499968204,0.0012769238896501041,0.7848000058301556,-0.001346935315155675,8.527653291734438e-05,0.08474832629824651,7,0.0009120884926072173,0.0
53.498876065999866,0.004120022690693818,-0.0983354957902487,0.0027804557037318864,0.7848000061036314,-0.0013339915072560638,7.190796120948306e-05,0.08443642340999755,7,0.001986039788379919,0.0
53.510045732000435,0.003285039843584066,-0.09794985513262389,0.0032854824827258542,0.7848000064037878,-0.0013274741932212731,5.733476132974147e-05,0.08411343888345349,7,0.002346773201947039,0.0
53.519932721999794,0.002592879761546111,-0.09762351050829608,0.0015339235012915731,0.7848000068188886,-0.0013435676728442134,4.52542889473051e-05,0.08381569958723294,7,0.001095659643779695,0.0
53.52983843200127,0.0018154244267034312,-0.09725122263867839,-0.00031574614845904513,0.7848000071464492,-0.0013549375972600137,3.168513356710534e-05,0.08351415548861689,7,0.001095659643779695,0.0
53.54130093099957,0.00104940004861603,-0.09687946073383435,0.00060376119799265,0.7848000070412526,-0.0013329543493613082,1.8315486018938287e-05,0.08319633228975057,7,0.0004312579985661785,0.0
53.55101831200045,0.0003002050127691923,-0.09651208429846134,0.0014123254728629936,0.7848000068390555,-0.0013080941973939964,5.239565903814025e-06,0.08289778333286772,7,0.0004312579985661785,0.0
53.5617246310012,-0.0004459827635387785,-0.09614396317595436,-1.4238455206261326e-05,0.7848000067919203,-0.0013042054665999077,-7.783867630895003e-06,0.08259611228925802,7,-1.0170325147329518e-05,0.0
53.57221020799989,-0.001192292936318334,-0.09577491591376114,-0.0018104042288526912,0.7848000066797055,-0.0013004486142085161,-2.080943738702601e-05,0.08229249982533932,7,-0.0012931458777519222,0.0
53.582883065000715,-0.0019209825995293135,-0.09541449469022668,-0.0012340442691307187,0.7848000062045382,-0.0012673875380483605,-3.3527471235306194e-05,0.08198540400734586,7,-0.0008814601922362275,0.0
53.59374278500036,-0.0026254207935907286,-0.09506708285350993,-0.00044193157891962015,0.7848000056265634,-0.0012286700027941712,-4.5822237098480656e-05,0.08168621129882085,7,-0.0003156654135140144,0.0
53.603158464000444,-0.0033165695674806147,-0.09472882470630486,-0.0015452530104801826,0.7848000051713229,-0.001207137736305454,-5.7885058823980984e-05,0.08139472506914765,7,-0.0003156654135140144,0.0
53.61365801099964,-0.003998647482902166,-0.09439895978163006,-0.0032052828877556718,0.7848000046908967,-0.0011881187782733895,-6.978956420322646e-05,0.08110466304612532,7,-0.0022894877769683367,0.0
53.62405026200031,-0.0046569401295614744,-0.09408553732286344,-0.002858168610655651,0.7848000039409595,-0.0011442364907025323,-8.127893832909905e-05,0.08081153791446566,7,-0.002041549007611179,0.0
53.63406627400036,-0.005284889161874708,-0.09379279914365646,-0.002168859056556441,0.7848000031191785,-0.0010941256971816217,-9.223871647767723e-05,0.0805180338270546,7,-0.002041549007611179,0.0
53.64495442400039,-0.005890615814144957,-0.09351809737486744,-0.002905266280366867,0.7848000023949878,-0.001056980024253511,-0.00010281064092687586,0.080224790565883,7,-0.0020751902002620476,0.0
53.65494263400069,-0.0064787939182194085,-0.09326033349346043,-0.004320145461186274,0.7848000016866479,-0.0010241227018471216,-0.00011307628543111292,0.07993858980886176,7,-0.0030858181865616244,0.0
53.6653792420002,-0.007038539143195003,-0.09302562771799232,-0.004202935392573664,0.7848000008203118,-0.000972262561298666,-0.00012284568257925343,0.07964744124613626,7,-0.003002096708981189,0.0
53.67609589899985,-0.007563212444444418,-0.09281810000381902,-0.003580437087110487,0.7847999999159863,-0.0009130619089941405,-0.0001320029591833638,0.07935339026442244,7,-0.003002096708981189,0.0
53.68591862100038,-0.008058811111064677,-0.09263592740408763,-0.004090382580058628,0.7847999991042813,-0.0008639656062170017,-0.00014065278768438105,0.07906761119425283,7,-0.0025574550622217765,0.0
53.696452534000855,-0.008530093791975992,-0.0924777989396258,-0.005256934346423618,0.7847999983400001,-0.0008198656898634854,-0.00014887822217390934,0.07878433825704854,7,-0.003754953104588298,0.0
53.70697031100099,-0.008970127625632124,-0.0923478066144265,-0.005448556513631694,0.7847999975214313,-0.0007632805975197925,-0.00015655826139138185,0.07850169690669002,7,-0.0038918260811654955,0.0
53.717273283000395,-0.009370779542249897,-0.09225056715267063,-0.004731005606223899,0.7847999966872241,-0.0006955862706082784,-0.00016355095649078777,0.07821668770781727,7,-0.0033792897187313563,0.0
53.727354397000454,-0.009770531758571595,-0.0921802446480381,-0.004960861865174561,0.784799995882116,-0.0006299938329804379,-0.00017052794885774603,0.07792673339760724,7,-0.0033792897187313563,0.0
53.73725842800013,-0.01007094102793643,-0.09214943420623296,-0.0056847685998397835,0.7847999952956812,-0.0005825317209459617,-0.00017577107971167294,0.07765487924747679,7,-0.0035434727608389723,0.0
53.74759402299969,-0.010374246698861155,-0.0921451084459485,-0.006431813682324172,0.7847999946797755,-0.0005272769635813288,-0.00018106476230927981,0.07737395647834777,7,-0.0040605489998855595,0.0
53.759155432000625,-0.01065083276101873,-0.09217033242770509,-0.007993682857104844,0.7847999941415922,-0.00047996202823811666,-0.00018589209975905518,0.07709023245883022,7,-0.005709773469360603,0.0
53.76912519600046,-0.010892633296287639,-0.0922293975094491,-0.00810790044258697,0.784799993601518,-0.00041614725126189406,-0.00019011231523258232,0.07680390173193338,7,-0.005791357458990693,0.0
53.779496348000976,-0.011105301019671492,-0.0923401692237266,-0.006828733358893239,0.7847999930624264,-0.0003290982407386732,-0.0001938240672183511,0.07652325575893387,7,-0.004877666684923742,0.0
53.788897284000996,-0.011243432395241929,-0.09246423530332501,-0.006738213849645908,0.7847999927358115,-0.00026977246972599247,-0.00019623491452236408,0.0762616449086567,7,-0.004877666684923742,0.0
53.807221906999985,-0.01138031304160165,-0.09265158200942383,-0.007668797723336471,0.7847999924403823,-0.00021257932639690393,-0.00019862393248359922,0.07584302443124298,7,-0.00481300989260422,0.0
53.81668927499959,-0.011471435026691163,-0.09285758687593397,-0.008274791182442566,0.7847999922307707,-0.00015459518307173336,-0.0002002143111443644,0.07554126811606564,7,-0.005910565130316119,0.0
53.82722696000019,-0.011519754817379846,-0.09307530973343892,-0.007861194144095175,0.7847999921033004,-9.290333946175812e-05,-0.00020105765058575642,0.0752546714719927,7,-0.005615138674353697,0.0
53.83866898700035,-0.011532724268763311,-0.09335483013526004,-0.006981814664523513,0.784799992052414,-1.9405663400711326e-05,-0.0002012840102145752,0.07496357248436791,7,-0.004987010474659652,0.0
53.84825664500022,-0.011508353752317131,-0.09367147114553823,-0.007054184193527007,0.7847999920922236,4.403405776912377e-05,-0.00020085866446217793,0.07470258160806258,7,-0.005038702995376433,0.0
53.85893138600113,-0.011453829513616022,-0.0940219186941799,-0.00790782275423083,0.7847999921974895,9.771811690321237e-05,-0.00019990703697470025,0.07443095458738405,7,-0.005648444824450594,0.0
53.8693436120011,-0.011364224359786092,-0.09440844190044637,-0.0077736393634732235,0.7847999923851013,0.0001609415751417032,-0.00019834313201361198,0.07415327997107542,7,-0.005552599545338016,0.0
53.879214391999994,-0.011234214305411501,-0.09483344979925415,-0.0070062742149202195,0.784799992669277,0.00023032083363527548,-0.0001960740285040785,0.07389275509837855,7,-0.005004481582085871,0.0
53.88947398500022,-0.011068757000586769,-0.09529449670904533,-0.006918848552752674,0.7847999930154028,0.00029058942631127454,-0.00019318625376341103,0.07363043739908803,7,-0.004942034680537624,0.0
53.899895849999666,-0.010873033375357607,-0.09578895849000747,-0.0072816665281345005,0.7847999934078699,0.00034408190171856585,-0.00018977023207922272,0.07336061879007491,7,-0.005201190377238929,0.0
53.909774734000166,-0.010644997118091947,-0.09631752006100211,-0.0071426301284549356,0.7847999938724748,0.00040153126249506757,-0.00018579024857601212,0.07309546222181347,7,-0.005201190377238929,0.0
53.920686770999964,-0.010382218297302815,-0.09688099652061019,-0.0065669560459801326,0.7847999944100683,0.0004615912465802827,-0.00018120389294873362,0.07282739849128088,7,-0.004690682889985809,0.0
53.93109815900061,-0.010087287857666155,-0.0974778062628692,-0.006263499697974695,0.7847999949860799,0.0005165911551452522,-0.00017605638571271953,0.0725618473364224,7,-0.004473928355696211,0.0
53.94174558600025,-0.009764952032692481,-0.09810530032126144,-0.006424578607727327,0.7847999955755458,0.0005644652551006147,-0.00017043056426979675,0.0722993915845028,7,-0.004588984719805234,0.0
53.95186218600065,-0.009415740567376426,-0.09876273907720809,-0.006393423463782355,0.7847999962008562,0.0006122653097521138,-0.00016433567441431762,0.07203904472522348,7,-0.004566731045558825,0.0
53.961970821999785,-0.00903730352527781,-0.09945068042925492,-0.005841489308750195,0.7847999968781245,0.0006632079339584076,-0.0001577307020181884,0.07177792867552651,7,-0.004172492363392996,0.0
53.97267140900112,-0.008631515356196714,-0.10016766750721284,-0.005424022409266183,0.784799997562955,0.0007098767486912132,-0.0001506483624020838,0.07151381226920137,7,-0.003874301720904416,0.0
53.98291807900023,-0.008202883622352237,-0.10091096275517109,-0.005419330943084832,0.7847999982257506,0.000749539686290306,-0.00014316732736796567,0.07125378347808307,7,-0.003870950673632023,0.0
53.99305661300059,-0.0077526072094812335,-0.1016793226758864,-0.005300442548894286,0.7847999988913692,0.0007879524620097429,-0.00013530852141929728,0.0709988898907003,7,-0.0037860303920673466,0.0
54.002702460000364,-0.007279651418058951,-0.10247250725901437,-0.00483656538025582,0.7847999995717826,0.0008274929197529704,-0.0001270538856426029,0.07074992133528844,7,-0.0037860303920673466,0.0
54.01337699100077,-0.006785560884695442,-0.10328903714669549,-0.004387328764119075,0.7848000002317271,0.0008636521377947194,-0.00011843037903247478,0.07049608120525963,7,-0.0031338062600850536,0.0
54.02403811000113,-0.006274025049106318,-0.10412639211658825,-0.004187575379382608,0.7848000008427404,0.0008937743353724836,-0.00010950239445950416,0.0702352613126067,7,-0.002991125270987577,0.0
54.03387375300008,-0.005746946857258602,-0.10498284694654401,-0.00402589231339075,0.7848000014201039,0.0009211429156710676,-0.00010030314459630318,0.06999080792106055,7,-0.0028756373667076784,0.0
54.04407271200034,-0.005204682200626154,-0.10585736796771138,-0.0036314313520891314,0.7848000019739322,0.0009477492639119393,-9.083884092087047e-05,0.06974190056974089,7,-0.0025938795372065226,0.0
54.054282219000015,-0.0046483785987587204,-0.10674852592961832,-0.0031797866626770035,0.7848000024859819,0.0009717728166520628,-8.112951142758007e-05,0.06949286044794381,7,-0.002271276187626431,0.0
54.064087894001204,-0.004080976825541661,-0.10765402814054584,-0.0028985860060398885,0.7848000029311316,0.0009907693530493257,-7.122648230328821e-05,0.06924470961912209,7,-0.002271276187626431,0.0
54.07519412900001,-0.003504800678522675,-0.10857184385856282,-0.0026212008609976245,0.7848000033154072,0.0010061746347916495,-6.117031146635199e-05,0.06898791680796022,7,-0.0018722863292840175,0.0
54.08512414600045,-0.0029206512689194867,-0.10950063291614658,-0.0022432869596549555,0.7848000036518337,0.001020006027231218,-5.097498094519537e-05,0.06874392369662247,7,-0.0016023478283249681,0.0
54.09520239500125,-0.0023303988607695472,-0.11043854136437231,-0.0019004439131648954,0.7848000039220246,0.0010303638701992398,-4.067313300515352e-05,0.06850325750295402,7,-0.0013574599379749253,0.0
54.10531187000015,-0.0017361232046574032,-0.11138360258376899,-0.0015667930718265832,0.7848000041235605,0.0010372683228442392,-3.030106614154704e-05,0.06825926512812115,7,-0.0011191379084475594,0.0
54.11578137700053,-0.001139555411460193,-0.11233400127658397,-0.0012012114601605006,0.7848000042582863,0.0010411408946544686,-1.988899393889909e-05,0.06801086313675207,7,-0.000858008185828929,0.0
54.126483011001255,-0.0004823861493857071,-0.1133835982337222,-0.0008086596424393745,0.784800004332829,0.001042441391387741,-8.419226572797811e-06,0.06775667559284605,7,-0.0005776140303138388,0.0
54.13634051900044,5.408305444502424e-05,-0.11424377167206477,-0.0004454514518569098,0.7848000043263206,0.0010400114342872969,9.439273696010275e-07,0.06752270596497516,7,-0.0003181796084692212,0.0
54.14639124600035,0.0006464290033267199,-0.11519889692134684,-0.00021386211626049924,0.7848000042447462,0.0010331650945914134,1.128231448843664e-05,0.06728145658718226,7,-0.00015275865447178516,0.0
54.15686270799961,0.0012336019410059708,-0.11615179744015625,0.00012071611165925811,0.7848000041055478,0.0010242677798613482,2.1530415529547042e-05,0.06703610299155566,7,8.622579404232722e-05,0.0
54.16746291399977,0.0018146364768499785,-0.11710100748150026,0.0005789154360341331,0.7848000039103558,0.001013306365249976,3.1671381247821984e-05,0.06678044493528129,7,8.622579404232722e-05,0.0
54.17815379100102,0.002387172754879176,-0.11804441919627132,0.0008545151445112864,0.7848000036437535,0.0009980399597407624,4.166402438654515e-05,0.06653822782397636,7,0.0006103679603652046,0.0
54.18834185200103,0.0029490043195817277,-0.11898000503822653,0.0010587172939681589,0.7848000033176113,0.0009794607191739178,5.146983503223623e-05,0.06630155815113031,7,0.0007562266385486849,0.0
54.19928756000081,0.0034995155252368275,-0.11990649333192357,0.001481813221317696,0.7848000029528414,0.000959787908886577,6.107806814004135e-05,0.06604693293777915,7,0.0007562266385486849,0.0
54.21026596000047,0.004037787582927869,-0.12082248952533531,0.0019348426198866951,0.7848000025442103,0.0009378989642701783,7.04726878182349e-05,0.06579491169173073,7,0.0010584380152269257,0.0
54.221630797001126,0.004612198431643668,-0.12181517979154655,0.002114757399222228,0.7848000020269009,0.0009080561782432205,8.049804838750063e-05,0.06553177769674898,7,0.0015105409994444485,0.0
54.23077739099972,0.0050665564880460505,-0.12261407689045953,0.002219970010209188,0.7848000015707112,0.0008810366422349614,8.84280924546843e-05,0.06531576894477156,7,0.0015105409994444485,0.0
54.241756000999885,0.00555509556267201,-0.12348692343314928,0.002560022357195979,0.7848000010542382,0.0008512579333217079,9.695470783155358e-05,0.06507497898248481,7,0.0018285873979971279,0.0
54.25206588900073,0.006026324401754233,-0.12434326090921131,0.00297794621921863,0.7848000005229094,0.0008205796861801739,0.00010517920260388891,0.06484505089977761,7,0.0021271044422990215,0.0
54.26193911399969,0.006477807920976384,-0.12518110975646346,0.00320466351688376,0.784799999961438,0.0007857060265275162,0.00011305907653280656,0.06461451625513895,7,0.0022890453692026858,0.0
54.272186692000105,0.006906995302201934,-0.12599846438352671,0.0032579333150861756,0.7847999993804766,0.0007469446296634284,0.00012054980944320448,0.06438149317755096,7,0.002327095225061554,0.0
54.28238278699973,0.007313901722020042,-0.1267945487268339,0.00346461354368231,0.7847999988101709,0.0007083853882418266,0.0001276516662165328,0.0641550148933891,7,0.0024747239597730786,0.0
54.29283490000125,0.007698823167785589,-0.12756875661960335,0.0038736443637834295,0.7847999982520101,0.0006697852674289868,0.00013436981280667837,0.06391565720334112,7,0.002766888831273878,0.0
54.30291279999983,0.00806026667311121,-0.12831968558485718,0.004095056347372489,0.784799997695816,0.0006282283046844641,0.0001406781920345601,0.06369106297518515,7,0.0029250402481232063,0.0
54.31249130700053,0.00839571642636831,-0.12904549223155493,0.004090611837331737,0.7847999971465004,0.0005829418779262032,0.00014653289470389907,0.0634683012787157,7,0.0029250402481232063,0.0
54.32315864300108,0.008704961755299008,-0.1297454473693562,0.004211033196349335,0.7847999966273355,0.0005376291299084648,0.00015193024389015264,0.0632408518568888,7,0.0030078808545352387,0.0
54.33360866000112,0.00898875690898102,-0.13041931701155848,0.004500093005793549,0.7847999961435689,0.0004930826711321726,0.00015688340372310705,0.06301385885229711,7,0.0032143521469953917,0.0
54.34329635100039,0.009246004511828151,-0.13106604865880944,0.0046746306940181285,0.7847999956875475,0.00044633330530018757,0.00016137322138565224,0.06278695802004218,7,0.0032143521469953917,0.0
54.35382858699995,0.009475001134399325,-0.13168434949154464,0.004702009881239919,0.7847999952650336,0.00039703879229494157,0.00016536996642546598,0.06255591279815954,7,0.003339021924298663,0.0
54.364155729999766,0.009675518976691699,-0.13227365963104334,0.004710679769657341,0.7847999948881761,0.0003475643917260263,0.00016886966298246264,0.06233877618596814,7,0.0033647712640409583,0.0
54.374460868000824,0.009848308148202017,-0.1328339238950265,0.0048963075450688814,0.7847999945615978,0.00029926850378765634,0.00017188540293711085,0.062115264883240984,7,0.003497362532192058,0.0
54.38511688700055,0.009993150958282324,-0.13336468508637922,0.005047069514976748,0.7847999942818987,0.00025015413117915303,0.00017441338687085306,0.061889678586833814,7,0.0036050496535548204,0.0
54.394629870001154,0.010108717807650028,-0.133865014161131,0.005006185119707932,0.7847999940510952,0.00019896458712980518,0.00017643040889847583,0.06166803171003396,7,0.0036050496535548204,0.0
54.40535253100097,0.010194857779036384,-0.13433457879064437,0.004985648720835475,0.7847999938757282,0.00014790896567888195,0.00017793383501674143,0.061443923416487994,7,0.0035611776577396254,0.0
54.41569664900089,0.010252477447926239,-0.1347735904360851,0.005054319710860106,0.7847999937563637,9.818103078426851e-05,0.00017893948795277836,0.06122465710452074,7,0.0036102283649000755,0.0
54.42610510200029,0.010281732569975348,-0.1351819611946561,0.005127459272363436,0.7847999936913178,4.8516784598753935e-05,0.0001794500861556081,0.060999636303884414,7,0.0036624709088310253,0.0
54.43636225000046,0.010282036741457199,-0.1355593056099456,0.00505868506055189,0.7847999936815463,-2.0991730735772845e-06,0.00017945539494945706,0.06077826425615986,7,0.0036133464718227787,0.0
54.44632335300048,0.010253364701744956,-0.1359055479512318,0.004923864494075646,0.7847999937277162,-5.243560340071181e-05,0.00017895497345321587,0.060565853631069685,7,0.0035170460671968898,0.0
54.45664162399953,0.010197034865051847,-0.13622128896109148,0.004960905344599906,0.7847999938259577,-0.00010048747164289191,0.00017797183233581038,0.060346394916919295,7,0.0035435038175713612,0.0
54.46692454799995,0.010113682552544266,-0.13650686142922555,0.004965169339124384,0.7847999939742488,-0.0001479034154357053,0.00017651706004340184,0.060130748637650173,7,0.0035465495279459885,0.0
54.47726475300078,0.01000284460961039,-0.13676213285111394,0.004822540501583742,0.7847999941735052,-0.0001958950705569563,0.00017458257300306812,0.05991603615362957,7,0.0034446717868455295,0.0
54.48746098800075,0.009864978223301794,-0.13698744583559594,0.004678332975280995,0.7847999944194962,-0.00024278865322891686,0.0001721763506341567,0.059700831993794314,7,0.0033416664109149966,0.0
54.49799133800116,0.009701424282368972,-0.13718360278762712,0.0046264216227452385,0.7847999947055985,-0.0002875008320097293,0.00016932179586026663,0.059484147134526724,7,0.0033045868733894562,0.0
54.5084218660013,0.009512912521115597,-0.13735116805926506,0.00455402638572005,0.7847999950301482,-0.0003311709231341262,0.00016603164494766176,0.05926570364079935,7,0.003252875989800036,0.0
54.518863081000745,0.009299478287513954,-0.13749042611687218,0.004367397647313918,0.7847999953928577,-0.00037464434099301886,0.00016230651483484237,0.05904641044734914,7,0.0031195697480813703,0.0
54.528373270000884,0.009061767229635271,-0.1376019886464453,0.004098244982108319,0.784799995787013,-0.0004167523884983518,0.00015815767420646054,0.058841983974325246,7,0.0031195697480813703,0.0
54.539089156000045,0.008801872173069944,-0.1376871853928657,0.004046974783508135,0.7847999961984861,-0.00045517294851922535,0.0001536216497597387,0.05862905649995885,7,0.002890696273934382,0.0
54.54921783999998,0.00852096808624162,-0.1377469611340446,0.0039481533461781584,0.7847999966293338,-0.0004921262297371311,0.0001487189485622764,0.058421644205366885,7,0.002820109532984399,0.0
54.55928114100061,0.008218910524920997,-0.1377816830293282,0.003708895557787208,0.7847999970822096,-0.0005290150939295023,0.00014344704958668686,0.058208016667942855,7,0.002820109532984399,0.0
54.56992291000097,0.007896332707495271,-0.13779211671564875,0.003397337010256175,0.784799997547863,-0.0005644450500765381,0.00013781700457871082,0.05800026088552045,7,0.002426669293040125,0.0
54.58019298100044,0.007565294706013274,-0.13778438985569819,0.005098937803940422,0.7847999979075536,-0.0005762330798764507,0.00013203930150362808,0.05779014958124872,7,0.0036420984313860153,0.0
54.59027311600039,0.007224641644149612,-0.13775851733718447,0.005684840846924311,0.7847999983126642,-0.0005983673477463361,0.00012609378396710724,0.05758634936802727,7,0.004060600604945936,0.0
54.60129985599997,0.006858349963803273,-0.13770758324558768,0.004027764193700857,0.7847999988422911,-0.0006429423087565415,0.00011970078812240104,0.05737721092115019,7,0.004060600604945936,0.0
54.6126533759998,0.00646842832222301,-0.13763309084721254,0.00298672341069431,0.7847999993475968,-0.0006797494449793614,0.00011289537165204422,0.057131396145421176,7,0.0028769744240720405,0.0
54.622577107000325,0.006070776899239186,-0.13754307416369366,0.00372559462912716,0.7847999997166542,-0.0006926917794179136,0.00010595504504573583,0.056936548373374314,7,0.0026611390208051144,0.0
54.63252095499956,0.005667962319556319,-0.13743939749594153,0.004405271209088906,0.7848000000670515,-0.0007048190795424205,9.892460435523276e-05,0.056730983694044536,7,0.0026611390208051144,0.0
54.64284879600018,0.005249769272050711,-0.13731797298369552,0.003425841934931476,0.7848000005003427,-0.0007327169235697633,9.162575876731083e-05,0.05652618199787494,7,0.0031466222922063615,0.0
54.65345864200026,0.004815395715434113,-0.13717910468907737,0.002427259629288939,0.7848000009134617,-0.0007581748120832303,8.40445100207532e-05,0.05632158757075963,7,0.0017337568780635276,0.0
54.66356189900034,0.004375247255935817,-0.13702835462187948,0.0027220065401582813,0.7848000012098291,-0.0007671237913201144,7.636247020492704e-05,0.056116658207748624,7,0.0017337568780635276,0.0
54.674137236001116,0.003932645321975907,-0.136868015269805,0.003048208137018036,0.7848000014679188,-0.0007733434839023283,6.863760918163209e-05,0.05591659052268719,7,0.0021772915264414543,0.0
54.68455938000079,0.003482006634715798,-0.13669623369921702,0.0023809232013829833,0.7848000017595856,-0.0007880688094891375,6.077248035207816e-05,0.05571571043964574,7,0.0017006594295592738,0.0
54.69461164000131,0.003023012406421879,-0.13651361233754142,0.0016458745407388633,0.7848000020200967,-0.0008009796769998083,5.2761519820698766e-05,0.055514475921323886,7,0.001175624671956331,0.0
54.704778532001,0.0025623700450726843,-0.13632404700199563,0.0016873049805508438,0.7848000021870883,-0.0008030404524248622,4.472179394099385e-05,0.055312163034480465,7,0.001175624671956331,0.0
54.71536923399981,0.0021029172946575563,-0.13612964749065143,0.001791948830511181,0.7848000023088125,-0.0008020462778925724,3.670283068890612e-05,0.055112468542185225,7,0.0012799634503651292,0.0
54.72585683000034,0.0016419075392694413,-0.13592992105168736,0.001306566413964297,0.7848000024323014,-0.0008052052480893253,2.8656692573569842e-05,0.05491159105380376,7,0.000933261724260212,0.0
54.73595743000078,0.0011794310635329715,-0.13572569367805676,0.0007447458291722997,0.7848000025202531,-0.0008067513137919213,2.0584955358948775e-05,0.054710998663003836,7,0.000933261724260212,0.0
54.746131796000554,0.0007199633131130767,-0.13551984090367367,0.0006280346783959279,0.7848000025348384,-0.0008009085207228665,1.2565730307390055e-05,0.05451522287432614,7,0.0005319613065516426,0.0
54.75705878000008,0.00026602716390474433,-0.13531433307970078,0.000620749864535064,0.7848000025034917,-0.0007917892912211131,4.6430499098804034e-06,0.05431714735621995,7,0.00044339276038218856,0.0
54.7668072409997,-0.00018345242274446852,-0.1351094574044986,0.00025035010985938465,0.7848000024587662,-0.0007843432725696196,-3.2018487976515075e-06,0.054122405081807615,7,0.00044339276038218856,0.0
54.776687867000874,-0.0006282451777035119,-0.13490609904852482,-0.0002184307309685135,0.7848000023821982,-0.0007755300000616625,-1.096494686070315e-05,0.05393421903029335,7,0.00017882150704241762,0.0
54.78706662900004,-0.0010651233121786812,-0.13470653462272103,-0.0003724537969414285,0.7848000022500187,-0.0007612197928486479,-1.8589908737265404e-05,0.053744787134847385,7,-0.00026603842638673464,0.0
54.797292897999796,-0.001491919047475289,-0.13451254060480175,-0.00042157580644136967,0.7848000020808757,-0.0007439596675079237,-2.6038899551661387e-05,0.053551324284568394,7,-0.00030112557602954976,0.0
54.80811118699967,-0.0019091317695065367,-0.13432463623621485,-0.0006919304560790152,0.7848000018991377,-0.0007274908115781147,-3.3320635232314544e-05,0.05335040751290712,7,-0.0004942360400564394,0.0
54.818242942001234,-0.0023170029085550735,-0.13414344298495015,-0.0011685188665382165,0.7848000017000285,-0.0007107886242934707,-4.043932953257112e-05,0.053162220008345785,7,-0.0008346563332415832,0.0
54.82813320900095,-0.0027125452386835267,-0.13397107191012492,-0.0013029528195712624,0.78480000145724,-0.0006886566185545801,-4.7342845524322996e-05,0.05297075802205191,7,-0.0008346563332415832,0.0
54.839467097001034,-0.003093468609381284,-0.13380929559846777,-0.0013032658365692167,0.7848000011890587,-0.0006635117847087615,-5.3991212540793754e-05,0.05277654967922213,7,-0.0009309041689780119,0.0
54.849733602000924,-0.003460510916738777,-0.13365845351749828,-0.0015539925494678316,0.7848000009207142,-0.0006396130161708796,-6.039730929829901e-05,0.052579494611461046,7,-0.0011099946781913082,0.0
54.859990328001004,-0.0038141465399524114,-0.13351898195581222,-0.0019646749548490705,0.7848000006473321,-0.0006157901088213283,-6.656941527571902e-05,0.05238420756992217,7,-0.0011099946781913082,0.0
54.87015575300029,-0.00415215603857781,-0.13339255008274808,-0.0021790344153038493,0.7848000003524574,-0.000587972346681535,-7.246879392974748e-05,0.052197582677938316,7,-0.0014033392534636216,0.0
54.88127714199982,-0.0044718705638906574,-0.1332810155281584,-0.002118901362414783,0.7848000000420093,-0.0005561443504077049,-7.804886506290742e-05,0.05200415311449737,7,-0.0015135009731534164,0.0
54.89159953099988,-0.004773266050389346,-0.1331849768160072,-0.00222311896127493,0.7847999997395763,-0.000524711185678243,-8.330920865295965e-05,0.051815867577177155,7,-0.0015879421151963787,0.0
54.90145410200057,-0.0050576585180164245,-0.13310437519332255,-0.002617059199933932,0.7847999994507916,-0.0004948733890413052,-8.827279358092355e-05,0.05163732684179597,7,-0.0018693279999528085,0.0
54.91129295599967,-0.005323340942617022,-0.1330405298668425,-0.0027547666155002732,0.7847999991584756,-0.0004615517705651641,-9.290982665488556e-05,0.05144999573402415,7,-0.0018693279999528085,0.0
54.922705291000966,-0.0055680845840593175,-0.13299497637090288,-0.0026856571250998273,0.7847999988702677,-0.00042521313129460087,-9.718140902137407e-05,0.05126011516179843,7,-0.001918326517928448,0.0
54.93183637400034,-0.005792388331759204,-0.132967946670709,-0.0028243098726693327,0.7847999986030488,-0.00038996833671165853,-0.00010109624794329974,0.05108019953902403,7,-0.001918326517928448,0.0
54.94223686100122,-0.005997073154485838,-0.1329594856071003,-0.003071070386979391,0.7847999983559767,-0.00035547560863391243,-0.00010466867202874042,0.050893689418052224,7,-0.002017364194763809,0.0
54.95258474700131,-0.0061903934717352635,-0.1329661403022855,-0.004966966895804149,0.7847999981667411,-0.00033801986371600974,-0.00010804274807574288,0.050710021673566155,7,-0.0021936217049852796,0.0
54.96335574499972,-0.006368632832562294,-0.13298999492215563,-0.0056709485759546645,0.784799997952198,-0.0003067056783482155,-0.00011115361177882477,0.05052432759349029,7,-0.0040506775542533315,0.0
54.973676945999614,-0.006515967426732689,-0.13303877180359325,-0.004362116566466552,0.7847999977187609,-0.00025312684342063336,-0.00011372508554918781,0.050340914427031695,7,-0.003115797547476108,0.0
54.984294263000265,-0.006635653692102725,-0.13311127544477316,-0.003877946556701482,0.7847999975426889,-0.00020874419348944256,-0.0001158140049493106,0.05015564026421731,7,-0.002769961826215344,0.0
54.99477096100054,-0.006739813418697823,-0.1332021141058786,-0.0049774534068474235,0.7847999974169106,-0.00018150979996104218,-0.00011763193512637216,0.04996799211713225,7,-0.002769961826215344,0.0
55.005765564001194,-0.006826155790279108,-0.13331256514667447,-0.005475253494542534,0.784799997302005,-0.00014737926909643773,-0.00011913889379444598,0.04978116454284655,7,-0.003910895353244667,0.0
55.01555607800037,-0.006884991042614338,-0.13344733680928256,-0.004729259456676103,0.7847999972063984,-9.935920490858827e-05,-0.00012016576266393741,0.04960620612363333,7,-0.003378042469054359,0.0
55.025580536001144,-0.0069174775739716,-0.13360605194653635,-0.00432365574029126,0.7847999971525068,-5.566897745866624e-05,-0.00012073275959867402,0.049427394536435965,7,-0.003378042469054359,0.0
55.03599590200065,-0.006931151756911277,-0.13378530703183325,-0.004915162693288615,0.7847999971309166,-2.304194424310668e-05,-0.00012097141911349141,0.04925154533069129,7,-0.003088325528779471,0.0
55.04606618500111,-0.006926294463571065,-0.13398503346282348,-0.005352598753570308,0.7847999971333126,1.1146145888590884e-05,-0.00012088664335196952,0.04907912022378467,7,-0.003823284823978791,0.0
55.05591502700008,-0.00689601697074315,-0.1342084771606812,-0.004759669300513069,0.7847999971703294,5.5904895368806094e-05,-0.00012035820141287346,0.04890484126910617,7,-0.003823284823978791,0.0
55.066490639999756,-0.00684059051384077,-0.13445551751008838,-0.004326223076177205,0.7847999972417263,9.79721232795351e-05,-0.00011939082724721217,0.048728318699248,7,-0.0030901593401265748,0.0
55.07684984300067,-0.006766307735596665,-0.13472317860255276,-0.00469863135898786,0.7847999973318606,0.00013049865616415106,-0.00011809434818932374,0.048552334405203325,7,-0.0033561652564199004,0.0
55.08711481099999,-0.0066738322727141215,-0.1350110632003461,-0.004956223156309984,0.7847999974450965,0.000163610384619316,-0.00011648034688471753,0.04837809915566259,7,-0.0035401593973642745,0.0
55.09709435300101,-0.00655896000282653,-0.13532101433994387,-0.004570551832395499,0.7847999975936714,0.00020297730993846928,-0.00011447544755593952,0.04820915653217606,7,-0.003264679880282499,0.0
55.10712614499971,-0.006421737845069441,-0.13565286386348818,-0.004214180211487213,0.7847999977674107,0.0002408739965454438,-0.00011208046909638725,0.04804118575268841,7,-0.0030101287224908665,0.0
55.11723652500041,-0.00626628767490451,-0.13600450282556725,-0.004337083771066408,0.7847999979498299,0.0002723144930049864,-0.00010936735180422374,0.04787205716898339,7,-0.0030979169793331485,0.0
55.12732441099979,-0.006093793776065712,-0.1363751515906839,-0.004417365210146404,0.7847999981473773,0.00030279728303166115,-0.0001063567653298847,0.04769700585185042,7,-0.0030979169793331485,0.0
55.13818817600077,-0.005902373962422649,-0.1367654304517773,-0.004128737087038101,0.7847999983694246,0.00033598786366774116,-0.0001030158593282593,0.047522257618413936,7,-0.002949097919312929,0.0
55.147885084001246,-0.0056923998420965296,-0.1371748806979212,-0.003865261454727795,0.7847999986042244,0.0003677107548255868,-9.935111958458975e-05,0.047354150723425754,7,-0.002949097919312929,0.0
55.15880403400115,-0.0054665084728699595,-0.13760195336842554,-0.0038235628371197233,0.7847999988389918,0.0003952720777677846,-9.54085714397479e-05,0.04718004847654987,7,-0.002731116312228374,0.0
55.1690149340011,-0.005225818860925297,-0.13804577429445758,-0.0037833045687748006,0.7847999990781155,0.00042138883909939036,-9.120774523596609e-05,0.04700791862063511,7,-0.002731116312228374,0.0
55.17942541100092,-0.004969925265369941,-0.1385061533561874,-0.0035628274308071887,0.7847999993265787,0.0004479973671921382,-8.674155945875839e-05,0.04683896364563058,7,-0.002544876736290849,0.0
55.18982303300072,-0.004699393906690168,-0.13898242226640548,-0.0033109908275833822,0.7847999995757917,0.00047320203204889065,-8.20198965199026e-05,0.046668954249946014,7,-0.0023649934482738444,0.0
55.20035009700041,-0.004416073747400172,-0.13947328771732806,-0.003185079994504394,0.784799999815736,0.0004952963193073086,-7.707502690301737e-05,0.04649881686494277,7,-0.0022750571389317104,0.0
55.21041947199956,-0.004121123908619066,-0.13997775196059048,-0.0030683995035822973,0.7848000000487102,0.0005156923783824951,-7.192718108806062e-05,0.04633233060157298,7,-0.0021917139311302125,0.0
55.22075750899967,-0.0038150133461123037,-0.1404951171205913,-0.0028643357430042874,0.7848000002758393,0.0005351850406941244,-6.658454389718571e-05,0.04616462795101792,7,-0.0020459541021459193,0.0
55.231120344000374,-0.0034984742592915475,-0.1410245425452383,-0.002627963728705229,0.7848000004925614,0.00055318528454113,-6.105989462090733e-05,0.04599728175404128,7,-0.0018771169490751638,0.0
55.2410447000002,-0.0031729427423843473,-0.14156483967106856,-0.00247052672972356,0.7848000006919608,0.0005686954629383599,-5.53782978318651e-05,0.04583592676935015,7,-0.0017646619498025429,0.0
55.25127362300009,-0.002839592113081025,-0.14211492377492915,-0.0023080267647974384,0.7848000008747472,0.0005823780544129149,-4.9560231786927034e-05,0.04567479823257623,7,-0.0016485905462838846,0.0
55.26147509300063,-0.002498874676892388,-0.14267403070726586,-0.002019335973393155,0.7848000010437273,0.0005951739363033525,-4.361359070648163e-05,0.04550576697408649,7,-0.0016485905462838846,0.0
55.27276119999988,-0.0021522783826136227,-0.14324089993779132,-0.001803731423292057,0.7848000011877875,0.000605111815278792,-3.756434419610599e-05,0.04533400236224366,7,-0.001288379588065755,0.0
55.282674449001206,-0.001801327710356655,-0.1438142400439618,-0.0016558457634339664,0.7848000013075008,0.0006126638677207244,-3.143909945313439e-05,0.04516878157742835,7,-0.001288379588065755,0.0
55.29369531799966,-0.0014469217527789487,-0.14439304070828324,-0.0014646112168662823,0.7848000014062674,0.000618747135660412,-2.5253548604720066e-05,0.0450031149283352,7,-0.0010461508691902016,0.0
55.303944219000186,-0.0010896358949697073,-0.14497643492970844,-0.001188181585124931,0.7848000014848188,0.0006236543647321496,-1.901773401513651e-05,0.04483351608815672,7,-0.0010461508691902016,0.0
55.314367339000455,-0.0007307322614564026,-0.14556322924686113,-0.0009758087909824437,0.7848000015366009,0.0006262016406231723,-1.275368391295828e-05,0.04467029142796261,7,-0.0008487011322320936,0.0
55.325412027999846,-0.00033598406835259057,-0.14621100832317332,-0.0008576842024609843,0.7848000015611449,0.0006260773685454655,-5.864028226998386e-06,0.04450291998042217,7,-0.0006126315731864174,0.0
55.33581300399965,-1.3675037720107867e-05,-0.1467419586620855,-0.0006200824910085389,0.784800001562508,0.0006250037735984131,-2.3867443355030105e-07,0.04434668305635357,7,-0.00044291606500609926,0.0
55.34569859000112,0.00034324760695295304,-0.14733209144661621,-0.0003500807264687489,0.7848000015433898,0.0006225815443791176,5.990800890920411e-06,0.044186701044642104,7,-0.00025005766176339206,0.0
55.35578368200004,0.0006973631482862505,-0.14792110841777611,-0.00017459059915367892,0.7848000014959904,0.0006174656527257219,1.2171283019668522e-05,0.044030782386554106,7,-0.00012470757082405637,0.0
55.365943308999704,0.0010470618915509446,-0.1485076466810214,-6.566623752224388e-05,0.7848000014219899,0.0006098182918801077,1.8274677479723778e-05,0.04387396061057557,7,-4.690445537303134e-05,0.0
55.37623153900131,0.0013919887664160615,-0.1490909326467407,0.00015123580158900863,0.7848000013318578,0.0006015941441982823,2.429478712473454e-05,0.04371659895537134,7,0.00010802557256357759,0.0
55.38626507800109,0.0017316566159721503,-0.1496701388999698,0.00040410669609207417,0.7848000012235542,0.0005921929976252871,3.022310946265705e-05,0.043562615937342106,7,0.00028864764006576726,0.0
55.396402631000456,0.002064634555867452,-0.15024400554220907,0.0005855591706313557,0.7848000010922958,0.0005803147459364608,3.6034670850337847e-05,0.04340770976031351,7,0.0004182565504509683,0.0
55.40699570800098,0.0023896240087029575,-0.15081134249222658,0.0007449529339530414,0.7848000009418352,0.00056637369586341,4.170680683657224e-05,0.04324723612365795,7,0.0005321092385378867,0.0
55.41748812399965,0.0027060787855583282,-0.1513713215714846,0.0009450103378895542,0.7848000007787092,0.0005514450968597748,4.722998462636241e-05,0.043088952357385815,7,0.0006750073842068244,0.0
55.42775400100072,0.003013233532182013,-0.15192302594490606,0.0011334305118136433,0.7848000006025131,0.0005350613099243843,5.259084626807464e-05,0.0429339964572407,7,0.000809593222724031,0.0
55.43796734600073,0.0033100074272914915,-0.15246540572896863,0.0012806343357069012,0.7848000004137691,0.0005168591442921055,5.7770527871703337e-05,0.04277971748159425,7,0.0009147388112192151,0.0
55.44827597400035,0.003595387384630517,-0.15299745800629666,0.0013924926430988332,0.7848000002153876,0.0004969835264200528,6.275134774647029e-05,0.04262606714246365,7,0.0009946376022134523,0.0
55.45814696100024,0.003868977629867191,-0.15351848507144497,0.0015570654982216131,0.7848000000133438,0.0004764397640800397,6.752639832718899e-05,0.04247248301630818,7,0.0009946376022134523,0.0
55.46864964500128,0.004130306420866605,-0.15402777329383638,0.0017489158784144586,0.7847999998081828,0.00045490536420076224,7.208744616038487e-05,0.042316519756214456,7,0.0011121896415868665,0.0
55.47914513500109,0.004378349229899544,-0.15452437104929467,0.0018559256157530402,0.7847999995992917,0.0004315672300699933,7.64166098639052e-05,0.042165609070641014,7,0.0013256611541093144,0.0
55.48916372500025,0.004612317036868628,-0.155007456833991,0.001955168323734888,0.7847999993913904,0.0004070684894601621,8.050011843918625e-05,0.04201299533532563,7,0.0013256611541093144,0.0
55.500102723000964,0.004831981194267696,-0.1554764930834893,0.002101526874123863,0.7847999991885813,0.0003820990676097424,8.433398123441904e-05,0.04185903164103033,7,0.0015010906243741878,0.0
55.51077648300088,0.00503684812873628,-0.15593084272444077,0.0022328173843502498,0.7847999989910956,0.0003561416864046804,8.790958376936331e-05,0.04170561885516258,7,0.0015948695602501783,0.0
55.52115608300119,0.005226277128983799,-0.15636982411404152,0.0023327515689859054,0.7847999988008639,0.00032913104181689704,9.121574352244366e-05,0.04155318436782046,7,0.001666251120704218,0.0
55.531506134000665,0.005399678737416915,-0.15679280454693825,0.0024017636311787828,0.7847999986202052,0.0003011529889107197,9.42421725178555e-05,0.041401356798440814,7,0.0017155454508419876,0.0
55.541924784,0.0055567631657344905,-0.15719931722459507,0.0024772792763873954,0.7847999984520383,0.0002727030675858038,9.698381299561021e-05,0.04125003133469811,7,0.001769485197419568,0.0
55.55188588300007,0.005697388843987211,-0.1575889918433293,0.002561071718961036,0.7847999982980262,0.00024394810429950172,9.943819409397037e-05,0.04110065177947873,7,0.001769485197419568,0.0
55.562587374999566,0.005821264617736648,-0.15796141616714113,0.002622549009357883,0.7847999981590243,0.00021466241040062493,0.0001016002342093536,0.040953648068786125,7,0.0018732492923984878,0.0
55.572587173999636,0.005928066102312617,-0.15831619041401646,0.0026559103174655678,0.7847999980364077,0.00018486492060851208,0.00010346427176122219,0.040808703111492185,7,0.0018970787981896914,0.0
55.58296523700119,0.006017658970270477,-0.15865303195532462,0.0027044092318377314,0.7847999979316829,0.00015487097751527826,0.0001050279622933914,0.04066013552233857,7,0.001931720879884094,0.0
55.593241522001335,0.006090007757458644,-0.158971733497795,0.002741448873294873,0.7847999978456306,0.00012474091117967842,0.0001062906868396496,0.04051392403330319,7,0.001958177766639195,0.0
55.60438149299989,0.006144975310751365,-0.15927206967805568,0.0027963471800998216,0.7847999977788415,9.440116359320332e-05,0.00010725005162637302,0.040359017452557586,7,0.001997390842928444,0.0
55.61367394100125,0.006182393062709744,-0.1595538299579613,0.002755097557661518,0.7847999977318616,6.370669402997461e-05,0.00010790311459674129,0.040218223549080646,7,0.001997390842928444,0.0
55.624466105000465,0.006202317108878475,-0.15981693804745017,0.0027478429743285934,0.7847999977053263,3.334056647473854e-05,0.00010825085480270502,0.04007261687318581,7,0.001962744981663281,0.0
55.63568019200102,0.006205238085413944,-0.16006155066949293,0.0028143403830598545,0.7847999976987672,3.651277725862658e-06,0.00010830183546062244,0.03991861580089675,7,0.002010243130757039,0.0
55.64606531100071,0.006191018709474656,-0.16028756184319523,0.002779097407772657,0.7847999977120426,-2.6428763628906414e-05,0.000108053660532903,0.03977350824138782,7,0.0019850695769804694,0.0
55.65598847900037,0.00615933955617284,-0.1604948093065561,0.00266325062731243,0.7847999977455181,-5.675821025206548e-05,0.00010750075500354228,0.03963277509764885,7,0.0019023218766517358,0.0
55.66612896600054,0.006110943185513424,-0.16068365541407234,0.002628306262090753,0.7847999977975095,-8.571214499943341e-05,0.0001066560789895199,0.039491535069577074,7,0.0018773616157791093,0.0
55.676448910000545,0.006046814891302515,-0.16085460627534334,0.002676029163268793,0.784799997866013,-0.00011323949226939305,0.00010553682911185192,0.03934944373853684,7,0.001911449402334852,0.0
55.686414828000125,0.005966818603558619,-0.1610076739690999,0.002611610297680832,0.7847999979518183,-0.00014112080826240487,0.00010414063050134814,0.03921259124664603,7,0.0018654359269148803,0.0
55.69682627899965,0.005870702477158282,-0.1611428430052287,0.0024884844863111337,0.7847999980545339,-0.00016909740977766335,0.00010246308763139922,0.03907120257107101,7,0.0017774889187936668,0.0
55.7073925980003,0.005759269175150025,-0.16126061695043423,0.0024430532267315924,0.7847999981707359,-0.00019565462084315333,0.00010051820961498592,0.03892425683509415,7,0.0017450380190939946,0.0
55.717364731001,0.005633176390670986,-0.1613614599959822,0.0023529041666674796,0.7847999982993812,-0.0002213109680546062,9.83174753628191e-05,0.03878912008482082,7,0.0016806458333339137,0.0
55.72761600500053,0.0054928364771141755,-0.16144574810091206,0.0022763683440988015,0.7847999984390219,-0.00024608688082928306,9.586808179928852e-05,0.038649289610554416,7,0.0016259773886420012,0.0
55.7379841460006,0.005338787851981733,-0.16151394144918382,0.00218883497205847,0.7847999985881032,-0.0002699958279255727,9.317942608255692e-05,0.038509178913159595,7,0.0015634535514703358,0.0
55.74840223300089,0.00517147318151556,-0.16156648011878189,0.0020784241706653995,0.7847999987452461,-0.0002931016096971545,9.025923419603288e-05,0.038368843628576246,7,0.0014845886933324282,0.0
55.75825491500109,0.004991356652710086,-0.16160383788207583,0.0019345095931653726,0.7847999989088035,-0.00031535316808535747,8.711560773111415e-05,0.03823067548119264,7,0.0014845886933324282,0.0
55.768796505000864,0.00479941601077016,-0.1616267509177215,0.00184536495269944,0.784799999074552,-0.00033586606653124724,8.376561156087092e-05,0.03809185238811515,7,0.0013817925665466947,0.0
55.779219830999864,0.004596403707810989,-0.16163587289990583,0.0017396964190626806,0.7847999992420732,-0.00035522655045431493,8.022237845217717e-05,0.037955930602540974,7,0.0012426402993304861,0.0
55.789499815000454,0.004388912786952538,-0.16163459862138743,0.0028899202298595978,0.7847999993665351,-0.00035978449957160596,7.660097871520222e-05,0.037819789473583,7,0.0020642287356139985,0.0
55.80023846600125,0.004181285013518031,-0.1616253014919912,0.003989253483699475,0.7847999994858701,-0.00036426862534630426,7.297719045018525e-05,0.03768009956802487,7,0.002849466774071054,0.0
55.81031133000033,0.003960251523540733,-0.16160214602356787,0.003082338290411698,0.7847999996688121,-0.0003892802598703355,6.911942829290751e-05,0.03754365896854244,7,0.002201670207436927,0.0
55.820385521999924,0.003720506435856383,-0.16156300209235916,0.001600345862599381,0.784799999873809,-0.00041865830609205614,6.493508714733309e-05,0.03741132531781188,7,0.0011431041875709863,0.0
55.83055862800029,0.0034745662318052643,-0.16151407671540433,0.00191415791358275,0.7848000000076967,-0.0004269740797409951,6.064262082361438e-05,0.037277836402282424,7,0.001367255652559107,0.0
55.84079201900022,0.0032312625617884525,-0.1614599005560171,0.0030924417144262395,0.78480000009798,-0.0004248527520932582,5.6396170699635206e-05,0.037143516825748374,7,0.002208886938875885,0.0
55.851115662000666,0.0029811554202023964,-0.16139649364628258,0.002637416697867845,0.7848000002408432,-0.000439317685673514,5.2030977596206895e-05,0.037009736623759254,7,0.0018838690699056037,0.0
55.86130539300029,0.002717837585544397,-0.16132127640318683,0.001434206768340216,0.7848000004057865,-0.0004602325054000947,4.7435214402202774e-05,0.036876813778646704,7,0.0010244334059572972,0.0
55.87159424899983,0.002449999175287871,-0.16123872288657898,0.0014842495156734247,0.7848000005094635,-0.00046588845396380754,4.276055227991904e-05,0.03674397793992321,7,0.0010601782254810177,0.0
55.88199612999961,0.002184387413528631,-0.1611524316984472,0.0021605411788901707,0.7848000005740912,-0.00046348330608358095,3.8124752505197534e-05,0.03661109774377928,7,0.0015432436992072647,0.0
55.89219703799972,0.0019158349162033527,-0.1610604526676726,0.0018687610302109518,0.7848000006653402,-0.00047029413160334455,3.3437627212418164e-05,0.036479224423268314,7,0.001334829307293537,0.0
55.90237098200123,0.001640314949487345,-0.16096135813103624,0.0010567946059580281,0.7848000007654728,-0.0004812174383132725,2.8628896638238643e-05,0.03634688427395635,7,0.001334829307293537,0.0
55.91290530799961,0.0013631769641492297,-0.16085809864631279,0.0009746933297110565,0.7848000008204263,-0.0004825677001861677,2.379192631174476e-05,0.03621637409996113,7,0.0006962095212221832,0.0
55.92283210499954,0.0010892098001046972,-0.16075338032466774,0.00133291060877902,0.7848000008423063,-0.0004778103809039654,1.9010297256816244e-05,0.036086018201288365,7,0.0006962095212221832,0.0
55.93339416300114,0.0008158495110070478,-0.16064648349485955,0.0011299248778417544,0.7848000008734632,-0.00047781896976957115,1.4239260167858703e-05,0.035956801149149314,7,0.000807089198458396,0.0
55.94364445900101,0.000540680498857034,-0.16053674893727926,0.0005703290733726448,0.7848000009051798,-0.0004802737024639557,9.436654906380681e-06,0.035827124603429406,7,0.0004073779095518891,0.0
55.95401287900131,0.00026703579952176953,-0.16042619751863813,0.00043814561963994024,0.784800000904492,-0.0004766428529739696,4.660653922350377e-06,0.03569735600480039,7,0.0003129611568856716,0.0
55.964334076999876,-1.7210244985771088e-06,-0.16031687067247047,0.0005855675701134738,0.7848000008780083,-0.00046851049434136656,-3.0037544007655015e-08,0.03557199364623205,7,0.00041826255008105273,0.0
55.97402546400008,-0.00026664284807209523,-0.16020874815756683,0.00043140711337943884,0.7848000008511494,-0.0004624387840898446,-4.653795625753077e-06,0.03544786557279349,7,0.00030814793812817057,0.0
55.98425124099958,-0.0005289794967757476,-0.16010170776309182,6.247101708000345e-05,0.7848000008206805,-0.00045754886990722406,-9.232433894279524e-06,0.035320356410034975,7,4.462215505714531e-05,0.0
55.99455797900009,-0.0007867496791331512,-0.15999712768108793,-8.743210679912212e-05,0.7848000007694075,-0.0004489991388382015,-1.3731372289882415e-05,0.03519286550849127,7,-6.24515048565158e-05,0.0
56.00464048300091,-0.0010377269595151836,-0.1598964978981245,-5.451298497089196e-05,0.7848000007005562,-0.00043729753639308415,-1.811175218024985e-05,0.03506545705199673,7,-6.24515048565158e-05,0.0
56.01503712500016,-0.0012821513861389848,-0.1598001509079783,-0.00019084983042533393,0.7848000006284002,-0.000426218838704221,-2.237776319713447e-05,0.03494077147864942,7,-0.0001363213074466671,0.0
56.02541183200083,-0.001520531717630736,-0.15970828136808893,-0.00045211778675198006,0.7848000005521861,-0.00041544130614009137,-2.6538284853661054e-05,0.034814755785105324,7,-0.0003229412762514143,0.0
56.03581441099959,-0.001751521337188186,-0.15962193814374867,-0.0005844710734438638,0.7848000004636636,-0.0004021862272134943,-3.0569814252867644e-05,0.03468877407582201,7,-0.0004174793381741884,0.0
56.046327920001204,-0.001973621009576138,-0.15954223213343852,-0.0006108323950931569,0.7848000003654791,-0.00038674218444709435,-3.444618480363815e-05,0.03456418457924386,7,-0.0004363088536379692,0.0
56.05603474500094,-0.002186755285218439,-0.1594695980330946,-0.0007321152870338785,0.7848000002656034,-0.0003712808747364584,-3.816607966244945e-05,0.03444282282642839,7,-0.0005229394907384846,0.0
56.06600401400101,-0.002391002176022427,-0.15940438335008694,-0.0009217995548712009,0.7848000001641887,-0.0003556205463503193,-4.173086039394036e-05,0.0343227764472368,7,-0.0006584282534794293,0.0
56.075828614000784,-0.0025853869327130967,-0.15934741140605188,-0.001019793064255414,0.7848000000579979,-0.00033818884030874106,-4.512351441388063e-05,0.03420138624458756,7,-0.0006584282534794293,0.0
56.08643901200048,-0.002768945116890277,-0.15929948630972332,-0.0010474548520461452,0.7847999999497163,-0.00031935287969194685,-4.8327209096754586e-05,0.03407754967203196,7,-0.000748182037175818,0.0
56.096576072999596,-0.002941678062605824,-0.1592609451619614,-0.0011469772218996774,0.7847999998442236,-0.00030058530542484386,-5.134196772615951e-05,0.03395454141483811,7,-0.000748182037175818,0.0
56.10707197800002,-0.0031036197187441846,-0.1592320910279408,-0.0012909539436510818,0.7847999997415744,-0.00028163230914955787,-5.416838282190639e-05,0.03383225695045702,7,-0.0009221099597507727,0.0
56.11708742200062,-0.0032540309261530533,-0.15921356916619767,-0.0013805860745356713,0.7847999996403752,-0.0002613520703568441,-5.679355362309124e-05,0.03371384315117778,7,-0.0009861329103826224,0.0
56.12707932400008,-0.00339212986408596,-0.15920602683726928,-0.0014067867074823966,0.7847999995424632,-0.00023987625865515568,-5.9203834783527753e-05,0.03359592954104735,7,-0.0010048476482017118,0.0
56.13702749700133,-0.003523985120007001,-0.15920690016474578,-0.0027459543761655623,0.784799999473625,-0.0002322855961005861,-6.150514313540967e-05,0.033475256914694836,7,-0.0010048476482017118,0.0
56.147956573000556,-0.0036534106564186757,-0.15921464612075273,-0.004059536280090318,0.7847999994023763,-0.00022366082268494516,-6.37640448819532e-05,0.033351749703250236,7,-0.002899668771493084,0.0
56.15805374699994,-0.003764867781061386,-0.15923674031603094,-0.003179369850756153,0.7847999992982136,-0.0001906237227569743,-6.57093386817742e-05,0.03323063886253681,7,-0.002899668771493084,0.0
56.16846275200078,-0.003854928049162683,-0.15927501665516003,-0.0022165837402941054,0.7847999992101278,-0.00015674623181865003,-6.728118688537066e-05,0.03311094035174681,7,-0.0015832741002100754,0.0
56.17858465500103,-0.003935311442369527,-0.15932420846658935,-0.0029505720355028995,0.7847999991542566,-0.00014127292898119678,-6.868414176075532e-05,0.032990871541062505,7,-0.0015832741002100754,0.0
56.18880547200024,-0.004008832958590955,-0.15938315750352317,-0.0038053538605265324,0.7847999991036545,-0.0001266268196770622,-6.996733428987767e-05,0.03287308526171722,7,-0.0021075514539306422,0.0
56.1990044940012,-0.004066180272308773,-0.15945634857168844,-0.0033225390479080306,0.784799999049608,-9.716898571296598e-05,-7.096823373142769e-05,0.03275840956163293,7,-0.002373242177077165,0.0
56.20918409600017,-0.0041045892313859664,-0.1595452073922474,-0.002670812978485195,0.7847999990105887,-6.615187210273051e-05,-7.163859652958848e-05,0.032643264900210515,7,-0.0019077235560608537,0.0
56.21905067900116,-0.004131165342991219,-0.15964652649318858,-0.0030567557949787993,0.7847999989886746,-4.656015250367933e-05,-7.210243717947762e-05,0.032529525787893185,7,-0.002183396996413428,0.0
56.22930342000109,-0.004148340911865075,-0.15975924022751653,-0.003578487874218158,0.7847999989747743,-2.8592871680471304e-05,-7.240220740722947e-05,0.03241253564009035,7,-0.0025560627672986842,0.0
56.239945671000896,-0.004150765036855091,-0.1598858944645889,-0.0032801147993296526,0.7847999989703179,-2.0161288475376594e-06,-7.24445163697851e-05,0.03229227971025855,7,-0.002342939142378323,0.0
56.24988259800011,-0.004136664448602823,-0.16002735452042313,-0.002863837170880853,0.784799998979906,2.559350445720398e-05,-7.2198414678315e-05,0.03217656045508269,7,-0.002342939142378323,0.0
56.26058464500056,-0.004110376484921269,-0.16018160913113214,-0.00304478378346075,0.7847999989987788,4.619482986005179e-05,-7.17396031584272e-05,0.03205892963153221,7,-0.0021748455596148214,0.0
56.27068223800052,-0.004073664638856224,-0.16034781594869932,-0.0033410905184924635,0.7847999990252323,6.525450868665365e-05,-7.109886057010684e-05,0.031942638845759,7,-0.0021748455596148214,0.0
56.28105415100072,-0.004023585055582617,-0.16052730802302093,-0.003167239612068226,0.7847999990642042,8.911923238125108e-05,-7.022480695395572e-05,0.03182982819565282,7,-0.0022623140086201615,0.0
56.29120832599983,-0.003958971614089372,-0.1607205738621176,-0.0028680936561821385,0.7847999991150634,0.0001138002562152577,-6.909708965885386e-05,0.03171920739323647,7,-0.0020486383258443847,0.0
56.30122348999976,-0.003882459582651808,-0.16092630551931497,-0.0029014361598122484,0.7847999991710218,0.00013407375254313964,-6.776170279287896e-05,0.03160561463433352,7,-0.0020724543998658917,0.0
56.31152240499978,-0.0037956305254429413,-0.16114365954681056,-0.0030447908689182415,0.7847999992319963,0.00015250633818388428,-6.624624985818173e-05,0.03149161190230885,7,-0.002174850620655887,0.0
56.322284875999685,-0.003697170986632519,-0.16137312244483923,-0.0029138015456539796,0.7847999993029866,0.00017315567014790676,-6.452780672594471e-05,0.03137590149012681,7,-0.002081286818324271,0.0
56.33216787499987,-0.003586499585302318,-0.16161482297653326,-0.0027025386628211035,0.784799999381882,0.00019406822129857545,-6.259622638493667e-05,0.03126519285794224,7,-0.0019303847591579312,0.0
56.342885849000595,-0.003465276719286243,-0.161867824049193,-0.0026583864201841266,0.7847999994623965,0.000212175786208364,-6.048048824425223e-05,0.031151344036340338,7,-0.0018988474429886618,0.0
56.35313838000002,-0.0033347289799039764,-0.16213136875386447,-0.0026937952900345633,0.7847999995444603,0.00022862760431229307,-5.820200036099621e-05,0.031038875535356482,7,-0.001924139492881831,0.0
56.36307377000048,-0.0031944746928077444,-0.1624054320237267,-0.0025888021464708613,0.7847999996317104,0.0002457650290860152,-5.575410126112956e-05,0.030927660744125753,7,-0.0018491443903363297,0.0
56.373028998001246,-0.003044333295033059,-0.16268987966722842,-0.002415507194692647,0.7847999997223699,0.00026281094011977346,-5.313363952641481e-05,0.03081980631539985,7,-0.0017253622819233191,0.0
56.38305366300119,-0.0028854060173037197,-0.16298396284589786,-0.002326116837935813,0.7847999998113748,0.000277920869294838,-5.0359835258806385e-05,0.030711692798724467,7,-0.001661512027097009,0.0
56.39359001400044,-0.0027187488625506234,-0.16328693606843975,-0.00227247802500045,0.7847999998980333,0.0002914612943402539,-4.7451119186359136e-05,0.03059968003168994,7,-0.001623198589286036,0.0
56.403811041000154,-0.0025446185357847766,-0.16359841130614322,-0.0021691233004791062,0.7847999999840337,0.00030455828430582445,-4.4411971656721505e-05,0.030489075323283692,7,-0.0015493737860565043,0.0
56.41437072299959,-0.002363273203723785,-0.163917986687716,-0.0020274313324007962,0.7848000000682919,0.00031705207132398845,-4.124689852913477e-05,0.03038004221597513,7,-0.00144816523742914,0.0
56.42364144400017,-0.0021754859079435316,-0.1642450072167699,-0.0019231806642833404,0.784800000147901,0.00032816054870593207,-3.796939192435289e-05,0.030274201495266426,7,-0.00144816523742914,0.0
56.43440719899991,-0.0019820504538767486,-0.16457879534511802,-0.0018158500773541877,0.7848000002222197,0.0003380131605420588,-3.459330636079727e-05,0.03016439426598379,7,-0.0012970357695387055,0.0
56.44468271200094,-0.0017834981118612081,-0.16491878469524504,-0.0016942890060921824,0.7848000002912507,0.00034689986535140405,-3.1127914255080213e-05,0.030054995653147388,7,-0.0012102064329229875,0.0
56.455311061999964,-0.0015804353808258963,-0.16526436390727717,-0.001568822365002784,0.7848000003539604,0.0003546977962428198,-2.758380101042235e-05,0.029946118717422796,7,-0.001120587403573417,0.0
56.465175829000145,-0.0013735641585800261,-0.16561486805702097,-0.0014596198219840345,0.7848000004093286,0.00036127815541673583,-2.3973217054606977e-05,0.029840091133132858,7,-0.0010425855871314532,0.0
56.475773303000096,-0.001163503387603831,-0.16596966283244674,-0.0013223468888010988,0.7848000004573237,0.00036682115094470544,-2.0306964971794628e-05,0.029729887181160423,7,-0.0009445334920007847,0.0
56.4860782249998,-0.000950900830503068,-0.16632809376531213,-0.0011971751211727806,0.7848000004969871,0.0003711563119107232,-1.6596350352227063e-05,0.02962190303710618,7,-0.000855125086551986,0.0
56.49602870400122,-0.000736512349252897,-0.16668945011178243,-0.0011010339119683881,0.7848000005277636,0.00037422703328213105,-1.2854565476061453e-05,0.029519008492483706,7,-0.0007864527942631344,0.0
56.50613321200035,-0.0005208407343594729,-0.16705313445074244,-0.0009687476425107561,0.7848000005507225,0.00037647555523546105,-9.090385693077963e-06,0.029414832338235174,7,-0.0006919626017933972,0.0
56.5164358990005,-0.00030438466916419003,-0.1674185481241262,-0.0008123511632989244,0.7848000005652223,0.0003777431182882228,-5.312514669508772e-06,0.02930876636647064,7,-0.0005802508309278032,0.0
56.52647355699992,-8.801299912226882e-05,-0.16778491733272458,-0.0006901007012125038,0.7848000005694865,0.00037747492524814696,-1.53611661923847e-06,0.029202361260917565,7,-0.0005802508309278032,0.0
56.53680942400024,0.0001274359787500079,-0.1681514806544251,-0.0005913827081996698,0.7848000005640752,0.00037584759813954035,2.2241774146891657e-06,0.029097257058201455,7,-0.0004929290722946456,0.0
56.54729638800018,0.00034148438814730523,-0.16851764458145388,-0.0004758581058126099,0.7848000005507585,0.000373405851254907,5.960026917328776e-06,0.028995232347753475,7,-0.00033989864700900707,0.0
56.55705825900077,0.000553716969260302,-0.16888284625655225,-0.00033759987090006827,0.7848000005297906,0.0003701738804534415,9.664184237756501e-06,0.028894511052444657,7,-0.0002411427649286202,0.0
56.56684248300007,0.0007634749000076138,-0.1692464114096442,-0.00020660608369685307,0.7848000005002707,0.00036575529829738847,1.3325150761467341e-05,0.028792999435542126,7,-0.0002411427649286202,0.0
56.57732176200079,0.0009699799664681123,-0.16960761280472308,-9.235122378676853e-05,0.7848000004622221,0.00036001854030455596,1.692934409325275e-05,0.028689279196840375,7,-6.59651598476918e-05,0.0
56.58752553500017,0.0011725861261563451,-0.16996578871223458,1.6464468346721885e-05,0.7848000004167838,0.0003531852627174925,2.0465488664633824e-05,0.02858482782857964,7,-6.59651598476918e-05,0.0
56.598174771999766,0.0013707775761027342,-0.17032034344516556,0.0001250936231169758,0.784800000365026,0.0003454445819943343,2.392458201549985e-05,0.02848195461634271,7,8.9352587940697e-05,0.0
56.60814879099962,0.001564060924085764,-0.17067069820871145,0.00024388478799103054,0.7848000003076242,0.00033683404344496463,2.7298012827081664e-05,0.028378160577638638,7,8.9352587940697e-05,0.0
56.618559473999994,0.0017518706201055281,-0.1710162478861617,0.0003527266621687328,0.7848000002448439,0.00032721110862080126,3.0575910389796235e-05,0.028274366660730105,7,0.00017420341999359323,0.0
56.629319640000176,0.0019336083025676923,-0.17135638013988944,0.00044347454559658805,0.7848000001774217,0.0003165742100958856,3.374783132370496e-05,0.02817158074110941,7,0.00031676753256899143,0.0
56.639835453999694,0.0021088207675438084,-0.17169055941402528,0.000543362977660862,0.7848000001067408,0.00030517505148869447,3.680586572807343e-05,0.028067762702161055,7,0.00038811641261490143,0.0
56.64998173599997,0.0022771019249418125,-0.17201828236223934,0.0006299586877717312,0.7848000000335567,0.0002930248981448047,3.974292599373541e-05,0.027967858614952563,7,0.00044997049126552224,0.0
56.65986284800056,0.0024380313328619184,-0.172339049865122,0.0007183515441392008,0.7847999999587442,0.0002801751702531795,4.2551674025226305e-05,0.027868222594241862,7,0.00044997049126552224,0.0
56.67025732399998,0.00259124027817468,-0.17265239862517034,0.0008162729673619016,0.7847999998831354,0.00026666237000553904,4.522567456444193e-05,0.02776671826879398,7,0.0005131082458137148,0.0
56.681097056,0.002736265797559553,-0.17295783379327237,0.0008959267087095226,0.7847999998071813,0.00025231809969535263,4.7756847377122824e-05,0.02766529581406094,7,0.0006399476490782305,0.0
56.691866789000414,0.002872650557532223,-0.17325487607518048,0.0009645376638435177,0.7847999997319033,0.00023722299085122752,5.013721048818809e-05,0.02756272465908606,7,0.0006889554741739412,0.0
56.70184276100008,0.0030000881402232346,-0.17354313037833666,0.0010275944223857693,0.7847999996584955,0.00022159667688900536,5.2361415896928776e-05,0.027461454335601487,7,0.0006889554741739412,0.0
56.71274605700091,0.003118342078491019,-0.17382224889013573,0.001096321638876023,0.7847999995878416,0.00020555346306723967,5.442533647315173e-05,0.027360133767474346,7,0.000783086884911445,0.0
56.723144372001116,0.0032271456630552074,-0.17409188490559607,0.0011533609092516037,0.7847999995204866,0.00018902174755142998,5.63243172617689e-05,0.027260262015115503,7,0.0008238292208940026,0.0
56.7337461040006,0.0033262212087702254,-0.1743517021448496,0.001201756449820307,0.7847999994571462,0.00017203294618443532,5.805351174270612e-05,0.027160516875869508,7,0.0008583974641573622,0.0
56.74414923900076,0.00341537898577866,-0.17460142140051907,0.0012486983116883996,0.7847999993985914,0.00015471717472385644,5.96096085052622e-05,0.02706082128843769,7,0.000891927365491714,0.0
56.7539247980003,0.0034944558213966877,-0.17484079241955497,0.0012795472547099894,0.7847999993453775,0.00013710614956175966,6.098975964885511e-05,0.02696429953061876,7,0.000891927365491714,0.0
56.76441462200091,0.0035633466368658537,-0.17506960890636164,0.0013238704233199687,0.7847999992980951,0.00011934119158760747,6.21921312031759e-05,0.026865569413526313,7,0.0009139623247928497,0.0
56.77486882100129,0.003621939137156242,-0.17528767845486473,0.0013571018011466207,0.7847999992570351,0.00010132990670783292,6.321476325021891e-05,0.026767412307935654,7,0.0009456217309428347,0.0
56.78534886600028,0.0036700499086358136,-0.17549479279845212,0.0013618713842250428,0.7847999992225738,8.303145449466254e-05,6.405445461821202e-05,0.026671869687466505,7,0.000972765274446459,0.0
56.795832334000806,0.003707685150943532,-0.17569084961934794,0.00138167687724855,0.7847999991951946,6.479301477141993e-05,6.471131351126758e-05,0.02657476394587145,7,0.0009869120551775357,0.0
56.80608744700112,0.003734916659630777,-0.17587579522474986,0.0014018804234653764,0.7847999991749801,4.661246061228129e-05,6.518659299814544e-05,0.026478549722019375,7,0.001001343159618126,0.0
56.81648038300045,0.003751669790107063,-0.17604952552549843,0.0014040544523483225,0.7847999991619986,2.8309255624555218e-05,6.547899028497284e-05,0.026382433305406287,7,0.0010028960373916589,0.0
56.82695602700005,0.003757924066699239,-0.1762119794237058,0.0013989050340939015,0.7847999991563867,1.0008243253395337e-05,6.558814800383672e-05,0.026285296399357474,7,0.000999217881495644,0.0
56.83713248300046,0.0037537777560282997,-0.17636316915205896,0.0013777332899800204,0.7847999991581117,-8.127144305488591e-06,6.551578123081825e-05,0.02619181779869766,7,0.000984095207128586,0.0
56.84712661699996,0.00373942355698673,-0.1765031689826673,0.0013603802581379936,0.7847999991669599,-2.590390729845362e-05,6.526525319605625e-05,0.02610034813172458,7,0.0009717001843842811,0.0
56.85737565199997,0.00371509798488242,-0.17663209155080548,0.0013526982883514214,0.7847999991826122,-4.329745438491562e-05,6.484069187040475e-05,0.026008973280706164,7,0.0009662130631081581,0.0
56.86725305999971,0.003680916309759802,-0.1767500105125055,0.0013360287317445035,0.78479999920487,-6.051272093420724e-05,6.424410909566802e-05,0.025916577850522322,7,0.0009543062369603596,0.0
56.87740681300056,0.0036369372028021946,-0.17685699018945883,0.001297800175309489,0.7847999992335438,-7.759899811008999e-05,6.347652887717103e-05,0.025823977123523422,7,0.0009270001252210634,0.0
56.88781281199954,0.003583358167193543,-0.1769531765296447,0.0012610295221998475,0.7847999992681516,-9.430443496411164e-05,6.254139829575678e-05,0.025730070101658287,7,0.0009007353729998911,0.0
56.89806513000076,0.003520473245875703,-0.17703877741784668,0.001218548015214351,0.7847999993081415,-0.00011052635614953519,6.14438493689029e-05,0.025638008074231815,7,0.000870391439438822,0.0
56.90824074699958,0.003448558355478625,-0.1771140088256994,0.0011694200110915001,0.7847999993529952,-0.00012625831355967545,6.018869775026303e-05,0.02554722383251469,7,0.0008353000079225001,0.0
56.91852380199998,0.0033679259107694485,-0.17717911979666046,0.0011261325417052089,0.7847999994021001,-0.00014143944006821924,5.8781396106155626e-05,0.02545509585035302,7,0.0008043803869322921,0.0
56.92895508800029,0.003278863332444407,-0.17723436333258027,0.0010756845078177845,0.7847999994549816,-0.0001561424131940328,5.722696087406831e-05,0.025362326109011086,7,0.0007683460770127031,0.0
56.939316728999984,0.0031816220331987387,-0.17727999065540814,0.001008109127886648,0.7847999995111353,-0.00017038848389814925,5.5529780033314324e-05,0.02527000483634572,7,0.0007200779484904628,0.0
56.94979146500009,0.0030765610941192044,-0.17731631773224357,0.0009401720526988933,0.7847999995696959,-0.00018397958001000728,5.3696120731139274e-05,0.02517765200902773,7,0.0006715514662134952,0.0
56.95989960299994,0.0029641227544646,-0.177343713518428,0.0008759537393636693,0.7847999996298464,-0.0001968191174642426,5.173370149869072e-05,0.025085775824895098,7,0.0006715514662134952,0.0
56.97040570399986,0.0028446276492346957,-0.17736250384446595,0.0007870377720224799,0.7847999996912834,-0.0002091074435993975,4.9648118472411795e-05,0.024996184678279097,7,0.0005621698371589142,0.0
56.98075512000105,0.0027186106053652863,-0.17737312713716255,0.0007237144951489999,0.7847999997526088,-0.0002204140169471423,4.7448706143260466e-05,0.024905581206401822,7,0.0005169389251064285,0.0
56.99103230699984,0.002586658982403174,-0.1773760586715689,0.0006892020792246626,0.7847999998127909,-0.00023058240166238533,4.514571586922145e-05,0.02481632731785104,7,0.0004922871994461875,0.0
57.00107736599966,0.002458531036833335,-0.17737605867156847,0.002341907734742589,0.7847999998354611,-0.00022175924808111072,4.2909461355211675e-05,0.02472834100328771,7,0.001672791239101849,0.0
57.01099130700095,0.002331472865029274,-0.17737207473355393,0.0029130101451381443,0.7847999998763954,-0.00022431503759415551,4.06918779156662e-05,0.024642490088682297,7,0.0020807215322415314,0.0
57.02106640400052,0.002191402985373918,-0.17735775506141363,0.0015726639729363113,0.7847999999567219,-0.00024684634852177763,3.8247197332808014e-05,0.02455585756658247,7,0.0011233314092402224,0.0
57.03113989300073,0.0020413673064888452,-0.1773347277634941,0.0009339289626657421,0.7848000000225397,-0.0002605738762987484,3.5628580740798554e-05,0.02446916998585783,7,0.0006670921161898158,0.0
57.04125173400098,0.0018933471843152938,-0.17730881870649842,0.0018101602023471695,0.7848000000499376,-0.0002569942768422281,3.3045142249665815e-05,0.024383441126901405,7,0.001292971573105121,0.0
57.05077853900002,0.0017471570080686075,-0.17728020189820212,0.002336307929206632,0.7848000000810507,-0.00025665612200213633,3.0493642340090332e-05,0.024298812653389488,7,0.001292971573105121,0.0
57.061135289999584,0.0015925308331868895,-0.17724434172194414,0.0013692129195559293,0.7848000001438028,-0.0002717436265824374,2.7794906478639803e-05,0.0242136230220848,7,0.0009780092282542351,0.0
57.07111510499999,0.0014305667578529122,-0.17720199324585345,0.0007606040432996756,0.7848000001953568,-0.00028181063262067987,2.4968100094113765e-05,0.02412841474634772,7,0.0005432886023569112,0.0
57.081225059000644,0.0012698338420820275,-0.17715741598525545,0.0012301808049034121,0.7848000002155551,-0.00027925174649026733,2.2162781497581108e-05,0.024043850823502882,7,0.0008787005749310087,0.0
57.09114919900094,0.0010959136136238854,-0.1771068234493699,0.001647846183913375,0.7848000002340311,-0.0002765010527921586,1.9127300875165787e-05,0.023957018479541868,7,0.0008787005749310087,0.0
57.10166151700105,0.0009503203568571514,-0.17706187803189694,0.0011879783777284279,0.7848000002662523,-0.00028294313506608106,1.6586219175884764e-05,0.023869772244467288,7,0.0011770329885095535,0.0
57.11191250800039,0.0007840633173842051,-0.17700797260357845,0.0005667885057966261,0.7848000002993548,-0.00028986901375300633,1.3684486432463672e-05,0.023783573240759106,7,0.0008485559840917343,0.0
57.12205704000007,0.0006186283385775591,-0.17695274388406368,0.000699069665067845,0.7848000003077849,-0.00028751397700176365,1.079710135432066e-05,0.023701309940994716,7,0.0004993354750484607,0.0
57.13198041200121,0.0004574481223693809,-0.17689807948084263,0.0011357297547827622,0.7848000003037064,-0.0002811640035101215,7.983975892411621e-06,0.023618896568504404,7,0.0008112355391305445,0.0
57.14170714200009,0.0002966159758623227,-0.17684244255830614,0.0008916856915082823,0.784800000311794,-0.00028153690300687206,5.176925392813558e-06,0.02353558422931174,7,0.0008112355391305445,0.0
57.152089879000414,0.00011756427661220856,-0.1767792619667185,0.0003046089192308442,0.7848000003219929,-0.00028408569355501507,2.051883709608404e-06,0.02345064729249204,7,0.0006369183510773445,0.0
57.16287246600041,-2.7191159178223033e-05,-0.17672786115639735,0.0003867657892888722,0.7848000003133966,-0.00027992882781361793,-4.7457525509386755e-07,0.02336603465203671,7,0.0002762612780634801,0.0
57.172537165000904,-0.00018309729475639945,-0.17667276833063544,0.0007015776350443283,0.7848000002935289,-0.0002718144518710868,-3.1956506449937194e-06,0.023282813316143708,7,0.0002762612780634801,0.0
57.183014206000735,-0.0003368063500801636,-0.17661867243612206,0.0004905304379045579,0.7848000002820785,-0.0002687276547157595,-5.878379750523521e-06,0.023199982301485147,7,0.00035037888421754135,0.0
57.19292472500092,-0.0004899256393731205,-0.17656509020779235,7.67529885324622e-05,0.7848000002707227,-0.00026695883245912315,-8.55081549699932e-06,0.02311916805502275,7,5.4823563237473005e-05,0.0
57.20319855799971,-0.0006540006186720823,-0.17650877119381395,7.628070960682168e-05,0.7848000002426188,-0.0002589312252439895,-1.141446410590774e-05,0.023036655257570676,7,5.448622114772976e-05,0.0
57.21363515300072,-0.0007830307619349758,-0.1764658210673881,0.0002862519320646267,0.7848000002138388,-0.00025024154313272673,-1.3666464940165213e-05,0.022952404826778582,7,0.00020446566576044767,0.0
57.22418610100067,-0.0009362217903435505,-0.1764165771619642,0.00010717740651160733,0.7848000001836477,-0.00024291620500433906,-1.634015277041101e-05,0.022868107863523307,7,7.65552903654338e-05,0.0
57.23425435200079,-0.0010589400169922199,-0.17637866051554874,-0.00013144408120872812,0.7848000001592231,-0.00023782437364170127,-1.8481989877638938e-05,0.02278741474807186,7,-9.38886294348058e-05,0.0
57.244647077999616,-0.0011905326228348878,-0.17634019505931536,-0.0001746934704893191,0.7848000001248454,-0.00022888622538060765,-2.077871412087262e-05,0.022704323777405912,7,-0.00012478105034951364,0.0
57.2551045600012,-0.0013158868995392192,-0.17630638723456757,-0.0001058619735613357,0.7848000000869848,-0.00021821593122417642,-2.296655898081923e-05,0.02262100843133336,7,-7.561569540095407e-05,0.0
57.26489045800008,-0.0014356402850198087,-0.17627716791857934,-0.0002018335492760861,0.7848000000510584,-0.00020871013151006258,-2.5056649847865486e-05,0.022540975971952103,7,-7.561569540095407e-05,0.0
57.275376301000506,-0.0015502491484167906,-0.1762525409024085,-0.0003617008040452244,0.7848000000155635,-0.0001994975846010008,-2.7056951866111234e-05,0.022458574725997743,7,-0.00014416682091149009,0.0
57.285899656000765,-0.0016586849723640483,-0.17623319311912172,-0.0004063437163569613,0.7847999999777012,-0.00018850152697280116,-2.8949514021103795e-05,0.02237777936222419,7,-0.0002902455116835438,0.0
57.29638235499988,-0.0017601050411388468,-0.17621971688715346,-0.0003814541496103401,0.7847999999392726,-0.00017637003597202654,-3.071962814882312e-05,0.02229674504717629,7,-0.0002724672497216715,0.0
57.305833368000094,-0.0018547738575053832,-0.1762121777261024,-0.00045228611984732633,0.7847999999029563,-0.0001647437889891303,-3.2371910693385075e-05,0.022220138494792045,7,-0.0002724672497216715,0.0
57.31608421999954,-0.00194333379142623,-0.17621045282380654,-0.0006825953764563255,0.7847999998698462,-0.0001545596496653561,-3.391757312565247e-05,0.022142450026814413,7,-0.00048756812604023247,0.0
57.326632792000964,-0.002034913227655135,-0.17621045282380693,-0.0024913676851014348,0.784799999856327,-0.00016109764445513094,-3.551593581496704e-05,0.02206257970857648,7,-0.0017795483465010249,0.0
57.336521516001085,-0.0021240349053424906,-0.17621487833063143,-0.0029715679879013138,0.7847999998233444,-0.00015246289274150948,-3.7071402525512553e-05,0.021982403600040935,7,-0.0017795483465010249,0.0
57.347318493000785,-0.002196833200603677,-0.17623035843410279,-0.0017024461947713764,0.7847999997737196,-0.00012465390625195576,-3.8341972467659247e-05,0.02190269191928078,7,-0.0012160329962652688,0.0
57.35727385800055,-0.0022574643341073558,-0.17625511802114233,-0.0013473175254127244,0.7847999997411624,-0.00010693241641542546,-3.9400185376514685e-05,0.021823191093093445,7,-0.0012160329962652688,0.0
57.36815633700098,-0.002316742773048676,-0.17628424027627984,-0.0023862045208222146,0.7847999997226037,-0.00010414546670891663,-4.0434789311483144e-05,0.02174368645385966,7,-0.0017044318005872963,0.0
57.37782676400093,-0.0023715804699678622,-0.17631926720446675,-0.0027584987605551513,0.7847999996989089,-9.361597410868813e-05,-4.139188767693369e-05,0.021666695727197656,7,-0.0017044318005872963,0.0
57.387837453999964,-0.002413183721330966,-0.17636440609966153,-0.001997316111702314,0.7847999996719651,-7.072703433736688e-05,-4.211800139275468e-05,0.021590067148252495,7,-0.001970356257539394,0.0
57.39819993400124,-0.002443488919410933,-0.17641885603273108,-0.0017031996990367288,0.7847999996544804,-5.320019439997985e-05,-4.264692687971916e-05,0.021511495731719014,7,-0.0014266543655016527,0.0
57.408700445999784,-0.0024694270150294167,-0.17647945909155208,-0.002315108641680272,0.7847999996438276,-4.5508893415463286e-05,-4.3099632049958814e-05,0.021433211836441774,7,-0.0012165712135976635,0.0
57.418847842000105,-0.0024897337994541848,-0.17654685701574271,-0.002591729532396532,0.7847999996341355,-3.3952103934105384e-05,-4.3454052298663726e-05,0.02135748604639705,7,-0.0016536490297716228,0.0
57.4288686609998,-0.0024988812022964835,-0.17662367646184873,-0.0021304014717889726,0.7847999996276334,-1.4457579113127526e-05,-4.361370459626812e-05,0.021282556242183486,7,-0.0018512353802832369,0.0
57.43909855600032,-0.002497651319357151,-0.17670959411978115,-0.0018895391578030243,0.7847999996271854,2.282244260347206e-06,-4.359223908956267e-05,0.02120600412283197,7,-0.0015217153369921233,0.0
57.44952083099997,-0.0024905292836091223,-0.17680253766615978,-0.0022315470084453663,0.78479999962991,1.2471343118270153e-05,-4.346793611631483e-05,0.021128823144664695,7,-0.0013496708270021602,0.0
57.46004181100034,-0.0024772536584192466,-0.17690262849691596,-0.0024180753963479054,0.784799999635585,2.4267315819937036e-05,-4.32362327464908e-05,0.021052463417236416,7,-0.0017271967116770752,0.0
57.470219036000344,-0.002454474446582071,-0.17701142048111831,-0.0021308182696679113,0.7847999996466521,4.095278287258082e-05,-4.283866049892282e-05,0.020976150608910914,7,-0.0017271967116770752,0.0
57.480870295001296,-0.0024224799730636908,-0.17712876188059226,-0.0019415070664567304,0.7847999996618953,5.618291106341583e-05,-4.228025159358495e-05,0.020899850309967997,7,-0.0013867907617548074,0.0
57.49078451599962,-0.0023841671453611888,-0.1772532664090227,-0.002124931236562352,0.7847999996782716,6.70748584080948e-05,-4.1611566604427e-05,0.02082500281509419,7,-0.0013867907617548074,0.0
57.501455683999666,-0.0023396764896930567,-0.17738481596644667,-0.0022320192475592396,0.7847999996974866,7.850202246807157e-05,-4.083505817664701e-05,0.020750483951568467,7,-0.0015942994625423139,0.0
57.510683930000596,-0.0022871532858251263,-0.17752421336927648,-0.0020701672390212285,0.7847999997216732,9.26186328263184e-05,-3.99183553354554e-05,0.020679967237495253,7,-0.0015942994625423139,0.0
57.52065445300104,-0.0022264937014201554,-0.17767143527114168,-0.0018912712706574966,0.7847999997489635,0.00010634788652601497,-3.8859645864697256e-05,0.020607632336269294,7,-0.001478690885015163,0.0
57.530727942999874,-0.002159556687766038,-0.17782552848473193,-0.0019436732212825651,0.7847999997761017,0.00011708014520953439,-3.769137458498051e-05,0.02053556657015518,7,-0.0013509080504696402,0.0
57.54066829000112,-0.002087017479547759,-0.1779860767117132,-0.002009209613335965,0.7847999998043993,0.00012719874883339565,-3.642532656478181e-05,0.020463410403873096,7,-0.0013883380152018322,0.0
57.550758195000526,-0.002007895762842732,-0.17815342540106377,-0.0018917501523805142,0.7847999998361366,0.00013882674751170357,-3.5044392098448895e-05,0.020392178191064644,7,-0.0014351497238114033,0.0
57.56120436099991,-0.0019221103282938312,-0.1783274918509197,-0.001734263468853145,0.7847999998693804,0.00015015496125334488,-3.354715381531648e-05,0.020317470103438564,7,-0.0013512501088432244,0.0
57.571991906999756,-0.0018310051695853615,-0.17850751695604042,-0.0017225606116228838,0.7847999999010536,0.0001592353137954789,-3.1957068830301694e-05,0.02024115105513008,7,-0.0012387596206093893,0.0
57.58176117900075,-0.0017353475645937898,-0.1786929982310845,-0.001768110470563404,0.7847999999320584,0.00016736137661170969,-3.0287528668626607e-05,0.020170648473401158,7,-0.0012304004368734883,0.0
57.592471674999615,-0.0016346095309369964,-0.17888402818419719,-0.001661611489499633,0.7847999999647697,0.00017639524617982092,-2.8529318299330697e-05,0.02009684616535974,7,-0.0011868653496425949,0.0
57.60339879099956,-0.001528688301051113,-0.1790804938544975,-0.0015128722480320213,0.7847999999975285,0.00018519893713311002,-2.6680644090060213e-05,0.02002239359139584,7,-0.0010806230343085865,0.0
57.61321780000071,-0.0014187150206341626,-0.17928169776876132,-0.0014925571679768365,0.7848000000272926,0.0001920848480298648,-2.4761248257565427e-05,0.019951416907130638,7,-0.0010661122628405975,0.0
57.62280740499955,-0.0013053515973890152,-0.17948715159620285,-0.0014992155758564636,0.7848000000552308,0.00019815925943915955,-2.278268327060573e-05,0.01988359079544425,7,-0.0010661122628405975,0.0
57.63315591300125,-0.001188271757319672,-0.17969682099291473,-0.0013775216761089102,0.7848000000832862,0.0002047406368626705,-2.0739254573687305e-05,0.019810700249798637,7,-0.0010708682684689025,0.0
57.64358887600065,-0.001067644610976546,-0.17991043518499522,-0.0012508889187412497,0.7848000001094568,0.0002107022377349493,-1.863391370271472e-05,0.019738704151432074,7,-0.0009839440543635072,0.0
57.65410901799987,-0.0009445121867220414,-0.18012730947356412,-0.0012213748735740355,0.7848000001315185,0.00021496259045591698,-1.648484748351109e-05,0.019668125038434667,7,-0.0008724106239814539,0.0
57.664106086000174,-0.0008193981434194659,-0.18034699421284572,-0.0011888482869323522,0.7848000001509179,0.0002185436876480749,-1.4301195487398388e-05,0.0195970024519589,7,-0.0008724106239814539,0.0
57.67454771099983,-0.0006921781999531976,-0.18056933771212358,-0.0010800365548801678,0.784800000168924,0.00022223774297288744,-1.2080788599710957e-05,0.019525581739936026,7,-0.000849177347808823,0.0
57.68479912000112,-0.0005631610290532943,-0.18079398312559905,-0.0009753054211452936,0.7848000001839368,0.00022521737384623695,-9.829014175899431e-06,0.019455375618753143,7,-0.0007714546820572626,0.0
57.69486660000075,-0.0004331370151224289,-0.18102034496379438,-0.0009316119047587084,0.7848000001947308,0.00022690486551954129,-7.559667026146855e-06,0.019387126740856145,7,-0.0006966467293894954,0.0
57.70508245000019,-0.0003025239771968857,-0.18124800797791824,-0.0008737936941790855,0.7848000002024714,0.0002280027832539311,-5.280039468313902e-06,0.0193178014552813,7,-0.0006654370748276489,0.0
57.71541132600032,-0.00017140215731261237,-0.18147671264488732,-0.0007683863843816267,0.7848000002077651,0.00022886715199781776,-2.9915319901263615e-06,0.01924731848721045,7,-0.0006241383529850611,0.0
57.72579552699972,-4.0206710717128935e-05,-0.18170603289492307,-0.0006827452538060538,0.7848000002094379,0.00022887458750020366,-7.017394834107904e-07,0.019178252193889897,7,-0.0005488474174154476,0.0
57.73621242000081,9.041871478189874e-05,-0.18193544417527058,-0.0006325804534200216,0.7848000002071781,0.00022785222528879948,1.5781042783657995e-06,0.0191107011549543,7,-0.00045184318101430115,0.0
57.745872506000524,0.00022016034873770222,-0.18216457536404324,-0.0005653213226247761,0.7848000002020326,0.00022634556935766442,3.8425229678118455e-06,0.019043370758818512,7,-0.00045184318101430115,0.0
57.756155836999824,0.0003488470085066599,-0.1823931227976252,-0.0004662597959318768,0.7848000001942631,0.00022446379717936668,6.088528884173883e-06,0.01897471923393463,7,-0.0004038009447319829,0.0
57.76653996800087,0.00047601375383721516,-0.18262064723227825,-0.0003845165582591958,0.7848000001830848,0.00022171317983840682,8.308007289237196e-06,0.018905432370206865,7,-0.000333042711379912,0.0
57.77688952100107,0.0006010735006949348,-0.18284665392375257,-0.00033622125516985236,0.7848000001685205,0.0002180098553457052,1.0490711633615035e-05,0.018837056706337278,7,-0.00027465468447085417,0.0
57.78758576300061,0.0007237347676294802,-0.18307078832018925,-0.00027261582571172364,0.7848000001516345,0.00021385694203286668,1.2631554606290507e-05,0.018768434175254756,7,-0.00019472558979408833,0.0
57.797677063001174,0.0008438385112584496,-0.18329276122439703,-0.0001876679065596215,0.7848000001327622,0.00020935569362948126,1.4727760376587185e-05,0.01870010292533978,7,-0.00019472558979408833,0.0
57.8078958469996,0.0009609953888149545,-0.1835121800412694,-0.00012501223278487962,0.7848000001114958,0.00020413858438095254,1.6772533631304043e-05,0.018634126789266285,7,-0.00013404850468544394,0.0
57.818263982000644,0.0010747854625298482,-0.18372864200139952,-7.041422739738346e-05,0.784800000088189,0.0001982600819871882,1.8758545073715993e-05,0.018567535115358857,7,-5.0295876712416754e-05,0.0
57.82841200400071,0.0011849717569580348,-0.18394183456308102,-3.4815465590087855e-06,0.7848000000634804,0.00019196414067378234,2.0681658702059735e-05,0.018500287561106474,7,-5.0295876712416754e-05,0.0
57.83885432399984,0.0012912900428884645,-0.18415143816078405,6.430673975586498e-05,0.7848000000374933,0.00018516789998236855,2.2537262846622497e-05,0.01843283984357262,7,-2.4868189707205612e-06,0.0
57.84879082500083,0.0013933739845163706,-0.18435709160995772,0.00010469785591467467,0.7848000000103319,0.00017774054096113728,2.4318963741443156e-05,0.01836861694390185,7,4.593338553990356e-05,0.0
57.85878761099957,0.0014909872484361473,-0.18455850075778632,0.000154282824798066,0.7847999999826863,0.00016996197908916325,2.6022636590461445e-05,0.018304195201930582,7,7.47841827961962e-05,0.0
57.869166014001166,0.001584010139484912,-0.184755433073997,0.00022950593227061836,0.7847999999549203,0.00016192455341381415,2.764619231898635e-05,0.018237039038989957,7,0.00011020201771290428,0.0
57.88079139600086,0.0016721015582870737,-0.18494756036512805,0.0002889612672475936,0.784799999926829,0.0001532397922075891,2.918367761983731e-05,0.01816792571269781,7,0.00020640090517685256,0.0
57.88972631800061,0.0017548820496314712,-0.1851345441344317,0.00029462310657120964,0.7847999998988292,0.00014394856681526256,3.0628469750215714e-05,0.018106439445763817,7,0.00020640090517685256,0.0
57.90015515699997,0.0018322314027745857,-0.18531617503626782,0.0003379646490576413,0.7847999998717854,0.00013455844263948521,3.1978470636850886e-05,0.018040557760790013,7,0.00021044507612229257,0.0
57.910549137001,0.001904213015611105,-0.18549233857353747,0.00040607267921430735,0.7847999998459231,0.0001251358247897346,3.3234786781743964e-05,0.017974558073327727,7,0.00024140332075545806,0.0
57.92066334900119,0.001970485073751301,-0.18566274051147305,0.000432079828993958,0.7847999998209241,0.00011509104969753356,3.43914523983635e-05,0.017910878939577126,7,0.0002900519137245053,0.0
57.930703236001136,0.002030749752421135,-0.18582711601553123,0.00043864640433669553,0.7847999997973324,0.00010464652073785537,3.544326946380849e-05,0.017847985490883005,7,0.00030862844928139857,0.0
57.9409053950003,0.0020850767366322326,-0.18598538137388587,0.0004772217031305481,0.7847999997757533,9.43242927644766e-05,3.639145421097112e-05,0.017784296586856742,7,0.0003133188602404968,0.0
57.951753223000196,0.0021334652835342427,-0.1861374304361948,0.0005279303934194867,0.7847999997561242,8.390341091201534e-05,3.72359936746669e-05,0.017719138312962325,7,0.00037709313815677617,0.0
57.961820283000634,0.002175608003381977,-0.1862830241099604,0.0005385258493918723,0.7847999997383971,7.294735345541006e-05,3.797152289175543e-05,0.01765469010804592,7,0.00037709313815677617,0.0
57.97208126000078,0.002211313142874578,-0.18642198715066757,0.0005231803759331522,0.784799999723007,6.175898624605616e-05,3.859469513578517e-05,0.017593363580383856,7,0.0003737002685236801,0.0
57.98180051199961,0.00224077658229888,-0.1865543357736853,0.0005494436496799975,0.7847999997102854,5.092807472913297e-05,3.9108929162701145e-05,0.01753113987612758,7,0.0003737002685236801,0.0
57.99235208600112,0.0022641126267953582,-0.18668005938490037,0.0005957541320990627,0.7847999997000826,4.017132192708843e-05,3.951621997355659e-05,0.01746640291464182,7,0.00039245974977142675,0.0
58.00267292799981,0.0022810192778371196,-0.18679896386195255,0.0005861418388134907,0.7847999996923714,2.8880380847823528e-05,3.9811296699721055e-05,0.01740329502283837,7,0.00042553866578504476,0.0
58.013171481001336,0.0022913433159427172,-0.18691093466738357,0.0005542061193983177,0.7847999996874344,1.746847851015928e-05,3.9991485156765094e-05,0.01734185715979659,7,0.00039586151385594126,0.0
58.02302401700035,0.002295404770432533,-0.18701608903782882,0.0005610165605814232,0.784799999685275,6.607363249855361e-06,4.0062370910032286e-05,0.01728161179254648,7,0.0004007261147010166,0.0
58.033092962999945,0.0022934327706031522,-0.18711451334286244,0.000586551003667099,0.7847999996857044,-3.97075634644298e-06,4.002795302016082e-05,0.01722098714317173,7,0.00041896500261935643,0.0
58.04333340300036,0.0022852664536931167,-0.18720612279170898,0.0005794781417163636,0.7847999996887565,-1.483647695953135e-05,3.988542390231942e-05,0.017158964697162032,7,0.00041391295836883113,0.0
58.053787599001225,0.002270774239162922,-0.18729085638936713,0.0005459541703122763,0.7847999996944928,-2.5838607790991583e-05,3.963248704286215e-05,0.017096511590851942,7,0.0003899672645087688,0.0
58.06428168099956,0.0022501645897009437,-0.18736882232229934,0.0005298806713561127,0.7847999997027058,-3.645161978012152e-05,3.927278080206875e-05,0.017033991523446097,7,0.00037848619382579475,0.0
58.07410599600007,0.002223701476740636,-0.18744016568388025,0.0005228042927976233,0.784799999713181,-4.667528932433894e-05,3.8810912350584204e-05,0.01697301612019094,7,0.00037848619382579475,0.0
58.08451296900057,0.0021914563634781374,-0.18750495232900832,0.0005079568542168053,0.7847999997258719,-5.678154690447771e-05,3.8248128956475114e-05,0.016910936458290973,7,0.00037343163771258805,0.0
58.09466036199956,0.0021534588964997447,-0.18756323861450688,0.0004670483373944285,0.7847999997406969,-6.681005889939977e-05,3.758494805028434e-05,0.016850680637231354,7,0.0003628263244405752,0.0
58.1047531990007,0.0021099109584096424,-0.18761517111276063,0.000430673444458745,0.7847999997573094,-7.643735011864451e-05,3.68248931481574e-05,0.01679138561462124,7,0.00033360595528173463,0.0
58.115795083000194,0.0020611409040244793,-0.1876609653962064,0.0004283685938426727,0.7847999997753586,-8.553110162051926e-05,3.597369512275961e-05,0.01672828338681903,7,0.00030597756703048054,0.0
58.12554255699979,0.002007232905986012,-0.1877007328338673,0.00038270940416371347,0.7847999997949655,-9.455338202847893e-05,3.503282306382971e-05,0.01666959575095834,7,0.00030597756703048054,0.0
58.13578530199993,0.0019482642133264554,-0.18773459037082108,0.0003292855432700602,0.7847999998158377,-0.00010331162126163393,3.400362522132383e-05,0.016610165213165225,7,0.00027336386011693817,0.0
58.14575617199989,0.001884623438379231,-0.18776280910899046,0.0002942910253833905,0.7847999998373781,-0.0001114169801177657,3.2892884159974045e-05,0.016551955727164253,7,0.00023520395947861442,0.0
58.15577684799973,0.001816628213191602,-0.18778563593093214,0.0002654662200741847,0.78479999985943,-0.00011902273739606557,3.170614360481494e-05,0.01649422056073309,7,0.00021020787527385038,0.0
58.16577628900086,0.0017444185060618794,-0.1878032429510111,0.0002209727886584273,0.784799999882022,-0.0001263817464995059,3.044584646350046e-05,0.01643618713016675,7,0.00018961872862441765,0.0
58.1761403720011,0.0016681610915884521,-0.18781582225655574,0.0001710154202300371,0.7847999999048768,-0.00013340820082033,2.9114903501881173e-05,0.01637678825296531,7,0.00015783770618459092,0.0
58.18643173500095,0.0015881407600216082,-0.1878236282997418,0.00012454293509918697,0.7847999999275942,-0.00013994215387288134,2.7718285247502195e-05,0.016317094325084068,7,0.00012215387159288365,0.0
58.19726349600023,0.0015046428241386038,-0.1878269228527378,7.581261739002624e-05,0.7847999999499505,-0.0001459944288585372,2.626097134772465e-05,0.016258007358336768,7,5.4151869564304463e-05,0.0
58.20675320600094,0.001420296436440663,-0.18782706600744936,0.0005415745703997688,0.7847999999645544,-0.000145873763604953,2.478884917023194e-05,0.016201673943255116,7,5.4151869564304463e-05,0.0
58.217442463001134,0.0013412467168578497,-0.18782706600744917,0.0017679884869611399,0.7847999999679726,-0.00013737529006851765,2.340917129073361e-05,0.016143041769409457,7,0.001262848919257957,0.0
58.227483816999666,0.001261876506265337,-0.1878244505820501,0.0019245102730587361,0.7847999999836255,-0.00014035001365104294,2.2023899787892987e-05,0.016084047506747752,7,0.001262848919257957,0.0
58.237772247000976,0.0011741674097026597,-0.18781561195211727,0.0010181631323914707,0.7848000000127743,-0.00015424941552054467,2.0493087268924626e-05,0.016026455647354193,7,0.0013746501950419544,0.0
58.24811935500111,0.0010817505884369992,-0.1878023736881767,0.0007780516900911959,0.7848000000327424,-0.0001602182272663084,1.8880109453611738e-05,0.015968245192541843,7,0.0007272593802796219,0.0
58.25835518399981,0.0009916960031472514,-0.1877881832548603,0.0013848927725106128,0.784800000039192,-0.00015650021994893565,1.7308360433787584e-05,0.01591101762295654,7,0.000555751207207997,0.0
58.26877850399978,0.000901890814462741,-0.18777221596047083,0.001504193771657302,0.7848000000509712,-0.0001577854978085224,1.5740964205868124e-05,0.015853147873968132,7,0.0009892091232218663,0.0
58.2787736829996,0.0008072241777939389,-0.18775224063107623,0.0009273367590448642,0.7848000000712525,-0.0001659791805318481,1.408871970420833e-05,0.01579794170568388,7,0.0010744241226123587,0.0
58.28921963600078,0.0007097129877717765,-0.18772934801938557,0.0007294457454796714,0.7848000000848366,-0.0001695141046493852,1.2386828380783754e-05,0.01574026692923896,7,0.0006623833993177602,0.0
58.29951337500097,0.0006139459937594898,-0.1877058402338623,0.0010749394350109895,0.7848000000885483,-0.00016664010166338132,1.0715379020531657e-05,0.015683205249033577,7,0.0005210326753426224,0.0
58.309785808000015,0.0005189473041286104,-0.18768143076506988,0.0011419244238668662,0.7848000000946125,-0.0001663638509055761,9.057339101392614e-06,0.015627011868240878,7,0.0007678138821507067,0.0
58.32005398000001,0.0004216289131227956,-0.18765484258307014,0.0007764427869117565,0.7848000001053398,-0.00017026765558374348,7.35881275559791e-06,0.015570862413617537,7,0.0008156603027620474,0.0
58.33047471499958,0.0003231691599938765,-0.18762678588005005,0.0006171900078578164,0.7848000001112437,-0.00017138076101239178,5.640365882797482e-06,0.015513948508908372,7,0.0005546019906512547,0.0
58.34083258099963,0.0002265080172801009,-0.18759879855496223,0.0007977537837036313,0.7848000001102183,-0.00016828881953768007,3.953310683701972e-06,0.015457851795477238,7,0.000440850005612726,0.0
58.351351182000144,0.00013131502423050954,-0.1875708964179464,0.0008377141037417478,0.7848000001096772,-0.00016636378473375814,2.291879530158525e-06,0.015400540674567819,7,0.0005698241312168794,0.0
58.36177072999999,3.575625797810804e-05,-0.18754238963940692,0.0005958793842359575,0.7848000001114269,-0.00016696046966650123,6.240644299104758e-07,0.01534466162306081,7,0.0005983672169583912,0.0
58.371746978000374,-5.9493572016196496e-05,-0.18751375503188492,0.0004558748744190655,0.7848000001098279,-0.00016586075892698922,-1.03835871545499e-06,0.015290818372385705,7,0.0004256281315971125,0.0
58.38203498900111,-0.00015242756180350452,-0.18748609265448402,0.0005522190419641717,0.7848000001033092,-0.0001617850477176372,-2.6603628242583e-06,0.015236251868351123,7,0.0003256249102993325,0.0
58.392155417999675,-0.00024292270271906622,-0.18745962438046757,0.0005901717093125767,0.7848000000962686,-0.0001579519976000902,-4.239800990291087e-06,0.0151817411407076,7,0.0003944421728315512,0.0
58.40256923800007,-0.0003323157530160642,-0.18743388660547536,0.0004133310023065613,0.7848000000908183,-0.00015605950022873919,-5.800004046374596e-06,0.015126572463591658,7,0.00042155122093755475,0.0
58.41273507299957,-0.00042027154299238874,-0.18740919052575233,0.0002834194318241112,0.7848000000832518,-0.00015314046279939908,-7.335122177654085e-06,0.015072981882326088,7,0.00029523643021897236,0.0
58.4227519770011,-0.0005052525506589209,-0.18738640709484924,0.0003303533796481517,0.7848000000722033,-0.00014786832474618006,-8.818320563097615e-06,0.015020241190876527,7,0.0002024424513029366,0.0
58.43281833800029,-0.0005870085209914366,-0.18736580527711028,0.00035518601118863076,0.7848000000606609,-0.00014252610929749965,-1.0245231428562818e-05,0.014966775406941399,7,0.0002359666997486798,0.0
58.44333449500118,-0.0006663454856020859,-0.18734715587027173,0.00024511744730476776,0.7848000000500326,-0.0001383559950000319,-1.162992267955687e-05,0.014911986468606184,7,0.00025370429370616485,0.0
58.45368118400074,-0.0007431625169160507,-0.1873306466476911,0.0001437034036005643,0.7848000000385087,-0.00013371296730980387,-1.297063279759314e-05,0.014857596791126141,7,0.000175083890931977,0.0
58.464393214000665,-0.0008164888988306622,-0.18731686736720818,0.00014572739775084667,0.7848000000252157,-0.00012753310949285734,-1.4250419590577934e-05,0.014805308236787027,7,0.00010409099839346191,0.0
58.474389720000545,-0.0008859735886658398,-0.18730611504712233,0.00015828895223495587,0.7848000000116262,-0.00012097444308865017,-1.546315620792882e-05,0.014752705616954135,7,0.00011306353731068276,0.0
58.48434599000029,-0.0009520058775617081,-0.18729833532609952,9.71231978813319e-05,0.7847999999987438,-0.00011501136923976049,-1.6615637061789812e-05,0.014698659203110647,7,0.00011306353731068276,0.0
58.49466257200038,-0.001014623114746447,-0.18729363109621086,1.9337109390970825e-05,0.7847999999859336,-0.00010892672701045613,-1.7708514019165733e-05,0.014645490719901224,7,6.937371277237992e-05,0.0
58.50504342000022,-0.001073357351138327,-0.18729233527826053,-3.043457531737669e-05,0.7847999999729425,-0.0001022234064794261,-1.8733619827848713e-05,0.014594161682199716,7,-2.1738982369554777e-05,0.0
58.515153091000684,-0.001132976311510286,-0.18729233527826053,-0.0009664464284441351,0.7847999999672655,-0.00010486065546967461,-1.977416698295542e-05,0.014542543681499832,7,-0.0006903188774600965,0.0
58.52562503000081,-0.0011952160375152186,-0.18729292084163882,-0.002043978275096513,0.7847999999617493,-0.00010854414379057187,-2.086045512728063e-05,0.014490401766333934,7,-0.0014599844822117951,0.0
58.535747904001255,-0.0012528360826010827,-0.1872975697306197,-0.0018757827350935213,0.7847999999448496,-9.830808686797178e-05,-2.1866114629176536e-05,0.014437634799486761,7,-0.0013398448107810866,0.0
58.54595642000095,-0.001299775338161837,-0.18730922081956974,-0.0010746176106308516,0.784799999925397,-8.118858517398706e-05,-2.268535918714676e-05,0.014385005622138215,7,-0.0013398448107810866,0.0
58.556415785000354,-0.001341835208096896,-0.18732527258699597,-0.001222090113772118,0.7847999999145384,-7.441133729609487e-05,-2.341944240047411e-05,0.014332304169628501,7,-0.0007675840075934653,0.0
58.56666698200024,-0.0013837932089875067,-0.18734357681604463,-0.0018969219953150268,0.7847999999069247,-7.309120599474522e-05,-2.4151747663569978e-05,0.014280359252785146,7,-0.0008729215098372272,0.0
58.576788389000285,-0.0014211086892432145,-0.18736632265987013,-0.0018457381593690765,0.7847999998954648,-6.357068053128454e-05,-2.4803025655995015e-05,0.014230385682521766,7,-0.0013549442823678763,0.0
58.58667759899981,-0.0014497019139962275,-0.18739548886887944,-0.0013434433522151563,0.7847999998840666,-4.91746982461104e-05,-2.5302071571697837e-05,0.014180578988969407,7,-0.0013183843995493404,0.0
58.59702198299965,-0.001472852803138035,-0.187429614196068,-0.0013891455400139167,0.7847999998770155,-4.082077373730154e-05,-2.5706130811986583e-05,0.014130641517092373,7,-0.0009922468142956548,0.0
58.60745955300081,-0.0014938145334894755,-0.18746723128825812,-0.0017961954111661142,0.7847999998719309,-3.639185289362202e-05,-2.6071982023534446e-05,0.014078960402012938,7,-0.00128299672226151,0.0
58.61797109899999,-0.001510133311032243,-0.18750952473933963,-0.0017891307588197413,0.7847999998667036,-2.738536957294353e-05,-2.635679842155625e-05,0.014027408413892193,7,-0.001277950542014101,0.0
58.62769202799973,-0.0015192019032408673,-0.18755774978035858,-0.0014872010679427676,0.7847999998629825,-1.5170247249536788e-05,-2.6515075214117445e-05,0.013978205823536276,7,-0.001277950542014101,0.0
58.637733450999804,-0.0015228102661394255,-0.18761110331807584,-0.0014859238519933863,0.784799999861567,-6.349324899050699e-06,-2.6578053027304094e-05,0.01392938805236253,7,-0.0010622864771019768,0.0
58.64825268200002,-0.0015230423210374291,-0.18766863061309874,-0.0017169462779247308,0.7847999998613637,-1.5334992340991632e-07,-2.6582103149319636e-05,0.013879669702324161,7,-0.001226390198517665,0.0
58.658953535001274,-0.001518652581932167,-0.1877309199712939,-0.0017159965971833852,0.7847999998624479,8.459709630500309e-06,-2.6505487748629264e-05,0.013829065300317401,7,-0.0012257118551309894,0.0
58.668965270000626,-0.0015080995102010688,-0.18779869360804813,-0.0015243247216692,0.784799999865512,1.898276256332677e-05,-2.632130190072246e-05,0.013778674478525125,7,-0.001088803372620857,0.0
58.67873377000069,-0.0014924374263379373,-0.18787145546281955,-0.0015109618638020927,0.7847999998698945,2.7455328589966608e-05,-2.6047946969587343e-05,0.013730672806365073,7,-0.001088803372620857,0.0
58.689064181000504,-0.0014729939722865717,-0.18794857014524374,-0.0016304093344696757,0.7847999998750111,3.422630667836608e-05,-2.5708594678430785e-05,0.01368064958374978,7,-0.0010792584741443519,0.0
58.69975399299983,-0.0014491417578608385,-0.1880303050510385,-0.0016196696251897142,0.7847999998816237,4.222778428507532e-05,-2.529229500281005e-05,0.013630586847228897,7,-0.0011569068751355101,0.0
58.70965800900012,-0.001420062981080822,-0.18811701079156337,-0.0015013921127933344,0.7847999998899697,5.121592861279912e-05,-2.478477460554629e-05,0.013582146645571162,7,-0.0011569068751355101,0.0
58.72005401200113,-0.0013863919253615398,-0.1882083533537397,-0.0014717680730452392,0.7847999998990388,5.897814964941457e-05,-2.4197103820622345e-05,0.013534172476485041,7,-0.0010512629093180278,0.0
58.730415856000036,-0.0013489752812030787,-0.18830388997883932,-0.0015165439121792989,0.7847999999084471,6.558388350166324e-05,-2.3544060185010096e-05,0.013484296329185175,7,-0.0010512629093180278,0.0
58.74126025800069,-0.0013076328873577292,-0.1884036487275322,-0.0015018361953547763,0.7847999999188846,7.259216489153943e-05,-2.2822499291752507e-05,0.013435212570242163,7,-0.001072740139539126,0.0
58.750972592000835,-0.001261996837004823,-0.18850773920906339,-0.0014233533029954636,0.7847999999304323,8.002724797884075e-05,-2.2025999955488373e-05,0.01338736420468415,7,-0.001072740139539126,0.0
58.761256548001256,-0.0012124355667436605,-0.18861592098459265,-0.001376661962822441,0.7847999999422337,8.673163140235073e-05,-2.116099260796034e-05,0.01333852854858276,7,-0.0010166809307110454,0.0
58.771768999000415,-0.0011595532031656577,-0.18872783594211842,-0.0013836154208061878,0.7847999999538844,9.252462974624632e-05,-2.0238021247287463e-05,0.013290032139745583,7,-0.0009833299734446008,0.0
58.78187084300043,-0.0011034271623966503,-0.18884336464381227,-0.0013682322411638504,0.7847999999658658,9.827742514315803e-05,-1.9258437039759713e-05,0.013243086836886504,7,-0.000988296729147277,0.0
58.791796863000855,-0.0010438833068796062,-0.18896249944989887,-0.00130348090495466,0.7847999999783275,0.00010422790903595003,-1.8219200711655503e-05,0.013196986980847992,7,-0.0009773087436884646,0.0
58.802035832999536,-0.0009811569592398533,-0.18908503629234696,-0.0012477222180196077,0.7847999999905809,0.0001096762904288106,-1.712441941759124e-05,0.013150690098978537,7,-0.0008912301557282912,0.0
58.811895770000774,-0.0009157516840796667,-0.1892106398835002,-0.0012290487077861595,0.7848000000021561,0.00011431941529964828,-1.5982882017873123e-05,0.013104303881523508,7,-0.0008912301557282912,0.0
58.82264502900034,-0.0008478922529031628,-0.18933909925720213,-0.0011972738257217778,0.7848000000133442,0.00011864970355543481,-1.479851151531264e-05,0.01305660941189894,7,-0.0008551955898012699,0.0
58.83262106500115,-0.000777614819151739,-0.18947028685908737,-0.0011399255672431873,0.7848000000242292,0.00012285016108126636,-1.3571938906498104e-05,0.013009062035463165,7,-0.0008551955898012699,0.0
58.842838169999595,-0.0007051745805333721,-0.18960396875911698,-0.0010938830347953475,0.7848000000343487,0.00012655874493261064,-1.2307618231677253e-05,0.012962847775134826,7,-0.0008142325480308479,0.0
58.85326497999995,-0.0006309261732460439,-0.18973986030347895,-0.001055212654281549,0.784800000043499,0.00012970147990219337,-1.1011739060151626e-05,0.012915237121348505,7,-0.0007813450248538197,0.0
58.86377673199968,-0.0005550981201436179,-0.18987773181439085,-0.0010152253742807982,0.7848000000517602,0.00013245360400041139,-9.68828986813719e-06,0.012868187836603363,7,-0.0007537233244868206,0.0
58.87376310699983,-0.000477868839300838,-0.19001737380693084,-0.0009728236879009394,0.7848000000591262,0.00013488342572418377,-8.3403846384833e-06,0.012823140698396693,7,-0.0007251609816291416,0.0
58.88380780999978,-0.00039943216824876656,-0.19015856681923118,-0.000921781295957315,0.7848000000655084,0.00013697050437163553,-6.971406474320929e-06,0.012778119897174686,7,-0.0006948740627863853,0.0
58.894653678000395,-0.00032003980038567667,-0.19030106192412855,-0.0008656956217492455,0.7848000000707208,0.00013860208678217068,-5.585748254155476e-06,0.012731441715249581,7,-0.0006183540155351754,0.0
58.90458577600111,-0.00024002406222679265,-0.19044457038665216,-0.0008245193646551754,0.7848000000745676,0.00013965194651046318,-4.189210169869284e-06,0.01268517621815183,7,-0.0006183540155351754,0.0
58.914891107000585,-0.00015966459111670794,-0.1905888262187987,-0.0007878678354521684,0.7848000000771603,0.00014025313782561376,-2.7866728138370433e-06,0.012639662225757265,7,-0.0005889424033251253,0.0
58.92501265099963,-7.911277608948391e-05,-0.19073362208660882,-0.0007388256787484851,0.7848000000786833,0.0001405855411908064,-1.3807784231545384e-06,0.012594762104005165,7,-0.0005627627396086916,0.0
58.93548270000065,1.4437574305544686e-06,-0.19087873312807274,-0.0006793558511112664,0.7848000000790248,0.00014055683826284828,2.5198320763308857e-08,0.01254881007353519,7,-0.0005277326276774894,0.0
58.9457791599998,8.167757380706097e-05,-0.19102386883603203,-0.0006349549471154674,0.7848000000779406,0.00013994560424692988,1.4255425879738937e-06,0.012503441120026725,7,-0.0004852541793651903,0.0
58.95565928600081,0.00016127466499311026,-0.19116874475136508,-0.00060513166593998,0.7848000000755425,0.00013883158451286954,2.814773904180612e-06,0.012459637213335381,7,-0.00045353924793961956,0.0
58.966001640001195,0.00024010194976172063,-0.19131316122535835,-0.0005531447470315025,0.7848000000721831,0.00013750311680432915,4.1905695638000395e-06,0.012414619594031914,7,-0.00043223690424284283,0.0
58.976527853001244,0.0003179998094317591,-0.19145690733359155,-0.000494164597910439,0.7848000000677557,0.00013583013342169297,5.550143695298715e-06,0.012369112954887084,7,-0.0003951033907367875,0.0
58.986672868000824,0.0003946180065632571,-0.19159968443442082,-0.00046055210042172874,0.7848000000620368,0.0001335510532147419,6.887383502185429e-06,0.012324940446116229,7,-0.00035297471279317066,0.0
58.99720585599971,0.0004696958356180848,-0.19174123701050308,-0.00043349027960608094,0.7848000000553355,0.00013088212213834571,8.197738814441635e-06,0.012281987588045343,7,-0.0003096359140043435,0.0
59.00675088800017,0.0005431745504790538,-0.1918814058677373,-0.00038379279502897965,0.7848000000480049,0.00012809950755363644,9.480184318899632e-06,0.012239080522746564,7,-0.0003096359140043435,0.0
59.017234839000594,0.0006149084425573194,-0.19201999391161884,0.0,0.7848000000399044,0.0001250024143461878,1.0732176920935643e-05,0.012239080522746564,5,0.0,0.0
59.02737203000106,0.0006827505469115851,-0.1921558737581728,0.0,0.7848000000273085,0.0001174394796867747,1.1916245013399163e-05,0.012239080522746564,5,0.0,0.0
59.03776684500008,0.0007444180724022164,-0.19228785510915133,0.0,0.7848000000127511,0.00010708723730847735,1.299254637476821e-05,0.012239080522746564,5,0.0,0.0
59.04818373499984,0.0008001978300512797,-0.19241595282258175,0.0,0.7847999999992703,9.687535650634757e-05,1.3966086801708855e-05,0.012239080522746564,5,0.0,0.0
59.05848620300094,0.000850350954517342,-0.19254018047406954,0.0,0.7847999999871145,8.707873973363536e-05,1.4841423953804167e-05,0.012239080522746564,5,0.0,0.0
59.06857924600081,0.0008951141107215848,-0.1926605504171574,0.0,0.7847999999762563,7.768908719524067e-05,1.562268841315273e-05,0.012239080522746564,5,0.0,0.0
59.0787382310009,0.0009347005939126114,-0.19277707383835138,0.0,0.7847999999666466,6.866937669014775e-05,1.6313602884121536e-05,0.012239080522746564,5,0.0,0.0
59.08915281600093,0.0009693013279535071,-0.1928897608070666,0.0,0.7847999999582383,5.998103099760904e-05,1.691749961674205e-05,0.012239080522746564,5,0.0,0.0
59.099431044000085,0.0009990857666147019,-0.19299862032072626,0.0,0.7847999999509881,5.1586684876910044e-05,1.743733613723819e-05,0.012239080522746564,5,0.0,0.0
59.10976257100083,0.0010242027021218599,-0.1931036603452224,0.0,0.7847999999448579,4.345033854451835e-05,1.7875709359849168e-05,0.012239080522746564,5,0.0,0.0
59.119947683000646,0.0010447809842411254,-0.19320488785093048,0.0,0.7847999999398132,3.5537236352185973e-05,1.8234868137234628e-05,0.012239080522746564,5,0.0,0.0
59.129662252000344,0.0010609301539728385,-0.1933023088444484,0.0,0.7847999999358237,2.78137211870373e-05,1.851672432051643e-05,0.012239080522746564,5,0.0,0.0
59.1397646559999,0.0010727409948307165,-0.1933959283962123,0.0,0.784799999932863,2.02470909228366e-05,1.8722862380915473e-05,0.012239080522746564,5,0.0,0.0
59.150184689000525,0.0010802860038183909,-0.19348575066412485,0.0,0.7847999999309082,1.2805459199473263e-05,1.8854547629842955e-05,0.012239080522746564,5,0.0,0.0
59.16094142200018,0.0010836197852838552,-0.1935717789133136,0.0,0.7847999999299402,5.457620245017044e-06,1.8912733092957268e-05,0.012239080522746564,5,0.0,0.0
59.17125394899995,0.001082779368644155,-0.19365401553212086,0.0,0.7847999999299433,-1.8270828022072094e-06,1.8898065055505953e-05,0.012239080522746564,5,0.0,0.0
59.18130277400087,0.001077784453186321,-0.19373246204441083,0.0,0.7847999999309047,-9.07888662808271e-06,1.881088733490799e-05,0.012239080522746564,5,0.0,0.0
59.192158630999984,0.001068637579740988,-0.19380711911826282,0.0,0.7847999999328147,-1.632773407455136e-05,1.8651244277023693e-05,0.012239080522746564,5,0.0,0.0
59.20222023899987,0.0010553242310352572,-0.19387798657110705,0.0,0.7847999999356667,-2.3603398602683084e-05,1.8418882507642564e-05,0.012239080522746564,5,0.0,0.0
59.21177574899957,0.0010378128618952422,-0.19394506337134107,0.0,0.784799999939457,-3.0935607407458e-05,1.8113251459617175e-05,0.012239080522746564,5,0.0,0.0
59.22199376299977,0.0010160548591965253,-0.19400834763645244,0.0,0.7847999999441839,-3.835416369512386e-05,1.7733502673866752e-05,0.012239080522746564,5,0.0,0.0
59.232490076999966,0.0009899844317151874,-0.19406783662765903,0.0,0.7847999999498487,-4.5889068630462486e-05,1.7278487876914994e-05,0.012239080522746564,5,0.0,0.0
59.24273212099979,0.0009595184305409688,-0.19412352674106226,0.0,0.7847999999564543,-5.3570643456992336e-05,1.674675584650842e-05,0.012239080522746564,5,0.0,0.0
