workspace,elapsed_s,degree_deg,cmX_cm,setspeed_cm_s,energy_j,theta_dot_rad_s,theta_rad,x_center_cm,mode,cart_velocity_cmd_mps,cart_force_cmd_n,hinge_assist_torque_nm,external_force_n,note
real,2.589,-180.000000,0.000000,0.000000,0.000000000,0.000000000,-3.141592654,0.000000,1,0.000000000,0.000000000,0.000000000,0.000000,startup
real,2.611,-180.000000,0.000000,0.000000,0.000000000,0.000000000,-3.141592654,0.000000,1,0.000000000,0.000000000,0.000000000,0.000000,homing
real,2.632,-180.000000,0.000000,0.000000,0.000000000,0.000000000,-3.141592654,0.000000,3,0.000000000,0.000000000,0.000000000,0.000000,homing
real,2.653,-180.000000,0.000000,0.000000,0.000000000,0.000000000,-3.141592654,0.000000,3,0.000000000,0.000000000,0.000000000,0.000000,homing
real,2.674,-180.000000,0.000000,0.000000,0.000000000,0.000000000,-3.141592654,0.000000,3,0.000000000,0.000000000,0.000000000,0.000000,homing
real,2.695,-180.000000,0.000000,0.000000,0.000000000,0.000000000,-3.141592654,0.000000,3,0.000000000,0.000000000,0.000000000,0.000000,homing
real,2.716,-180.000000,0.000000,0.000000,0.000000000,0.000000000,-3.141592654,0.000000,3,0.000000000,0.000000000,0.000000000,0.000000,homing
real,2.737,-180.000000,0.000000,0.000000,0.000000000,0.000000000,-3.141592654,0.000000,3,0.000000000,0.000000000,0.000000000,0.000000,homing
real,2.757,-180.000000,0.000000,0.000000,0.000000000,0.000000000,-3.141592654,0.000000,3,0.000000000,0.000000000,0.000000000,0.000000,homing
real,2.778,-180.000000,0.000000,0.000000,0.000000000,0.000000000,-3.141592654,0.000000,3,0.000000000,0.000000000,0.000000000,0.000000,homing
real,2.799,-180.000000,0.000000,0.000000,0.000000000,0.000000000,-3.141592654,0.000000,3,0.000000000,0.000000000,0.000000000,0.000000,homing
real,2.819,-180.000000,0.000000,0.000000,0.000000000,0.000000000,-3.141592654,0.000000,3,0.000000000,0.000000000,0.000000000,0.000000,homing
real,2.840,-180.000000,0.000000,0.000000,0.000000000,0.000000000,-3.141592654,0.000000,3,0.000000000,0.000000000,0.000000000,0.000000,swing_up
real,2.871,-179.914650,0.039875,4.201300,0.000072894,0.134590807,-3.140103012,0.000000,6,0.042013004,3.000928824,0.000000000,0.000000,swing_up
real,2.891,-179.609652,0.183625,-1.976249,0.000349704,0.291803658,-3.134779789,0.000000,6,-0.019762489,-1.411606336,0.000000000,0.000000,swing_up
real,2.921,-179.248165,0.362608,1.644874,0.000108816,0.136961118,-3.128470664,0.000000,6,0.016448736,1.174909699,0.000000000,0.000000,swing_up
real,2.942,-179.071837,0.458958,4.203437,0.000192683,0.187880427,-3.125393149,0.000000,6,0.042034373,3.002455182,0.000000000,0.000000,swing_up
real,2.972,-178.571103,0.728472,-5.114009,0.000461161,0.291178841,-3.116653691,0.000000,6,-0.051140087,-3.652863379,0.000000000,0.000000,swing_up
real,2.993,-178.377545,0.856070,1.268309,0.000219117,0.124300037,-3.113275464,0.000000,6,0.012683094,0.905935261,0.000000000,0.000000,swing_up
real,3.013,-178.236914,0.970709,4.204955,0.000277777,0.151666542,-3.110820998,0.000000,6,0.042049552,3.003539463,0.000000000,0.000000,swing_up
real,3.033,-177.959128,1.162308,-2.154281,0.000521413,0.261010128,-3.105972717,0.000000,6,-0.021542807,-1.538771936,0.000000000,0.000000,swing_up
real,3.054,-177.715015,1.353376,2.102012,0.000449722,0.185550305,-3.101712149,0.000000,6,0.021020124,1.501437417,0.000000000,0.000000,swing_up
real,3.075,-177.486508,1.553755,0.903246,0.000584825,0.227653943,-3.097723935,0.000000,6,0.009032458,0.645175594,0.000000000,0.000000,swing_up
real,3.105,-177.107971,1.906073,2.668073,0.000622690,0.175302664,-3.091117222,0.000000,6,-0.005208053,-0.372003815,0.000000000,0.000000,swing_up
real,3.126,-176.884949,2.152910,0.428838,0.000773143,0.219854750,-3.087224751,0.000000,6,0.004288377,0.306312669,0.000000000,0.000000,swing_up
real,3.147,-176.638458,2.433144,0.521397,0.000811228,0.184437722,-3.082922674,0.000000,6,0.005213966,0.372426119,0.000000000,0.000000,swing_up
real,3.167,-176.467397,2.702024,4.108731,0.000853384,0.164152372,-3.079937108,0.000000,6,0.041087307,2.934807638,0.000000000,0.000000,swing_up
real,3.187,-176.204732,3.038842,-2.256034,0.001091096,0.240072101,-3.075352735,0.000000,6,-0.022560339,-1.611452762,0.000000000,0.000000,swing_up
real,3.208,-176.002149,3.374666,3.084554,0.001043887,0.149203109,-3.071816992,0.000000,6,0.030845541,2.203252948,0.000000000,0.000000,swing_up
real,3.229,-175.806790,3.735304,0.952703,0.001205959,0.197207345,-3.068407325,0.000000,6,0.009527034,0.680502417,0.000000000,0.000000,swing_up
real,3.259,-175.540458,4.319979,-8.317761,0.001201624,0.058368118,-3.063758957,0.000000,6,-0.083177612,-5.941258003,0.000000000,0.000000,swing_up
real,3.280,-175.760557,4.561986,-1.867725,0.001396996,-0.284306213,-3.067600415,0.000000,6,-0.018677247,-1.334089064,0.000000000,0.000000,swing_up
real,3.300,-176.225700,4.716890,4.388794,0.001558142,-0.420435478,-3.075718684,0.000000,6,0.043887936,3.134852557,0.000000000,0.000000,swing_up
real,3.321,-176.618512,4.929437,4.423728,0.000999648,-0.281271879,-3.082574553,0.000000,6,0.044237282,3.159805837,0.000000000,0.000000,swing_up
real,3.341,-176.804872,5.260357,-1.796715,0.000694071,-0.144989415,-3.085827154,0.000000,6,-0.017967150,-1.283367843,0.000000000,0.000000,swing_up
real,3.362,-177.041504,5.588873,-4.214029,0.000786433,-0.256630184,-3.089957161,0.000000,6,-0.042140291,-3.010020810,0.000000000,0.000000,swing_up
real,3.382,-177.495820,5.834513,2.130708,0.001126026,-0.433387276,-3.097886470,0.000000,6,0.021307080,1.521934310,0.000000000,0.000000,swing_up
real,3.403,-177.967606,6.086998,5.833064,0.000799182,-0.371596797,-3.106120686,0.000000,6,0.058330639,4.166474231,0.000000000,0.000000,swing_up
real,3.423,-178.235933,6.446678,-0.540391,0.000336887,-0.194238230,-3.110803868,0.000000,6,-0.005403915,-0.385993909,0.000000000,0.000000,swing_up
real,3.444,-178.470881,6.833015,-4.206610,0.000370529,-0.240204249,-3.114904494,0.000000,6,-0.042066098,-3.004721318,0.000000000,0.000000,swing_up
real,3.464,-178.883171,7.145706,1.952827,0.000688888,-0.391900566,-3.122100309,0.000000,6,0.019528265,1.394876082,0.000000000,0.000000,swing_up
real,3.494,-179.441287,7.652798,-1.187199,0.000275770,-0.253531891,-3.131841280,0.000000,6,-0.011871993,-0.847999498,0.000000000,0.000000,swing_up
real,3.515,-179.752460,8.022758,-2.818703,0.000383191,-0.308029703,-3.137272265,0.000000,6,-0.028187030,-2.013359310,0.000000000,0.000000,swing_up
real,3.535,179.799399,8.328868,3.454809,0.000647501,-0.401589313,3.138091500,0.000000,6,0.034548094,2.467721031,0.000000000,0.000000,swing_up
real,3.556,179.417362,8.662540,-1.015523,0.000377700,-0.298919375,3.131423699,0.000000,6,-0.010155234,-0.725373835,0.000000000,0.000000,swing_up
real,3.576,179.071550,9.007621,-1.053638,0.000492186,-0.331914010,3.125388148,0.000000,6,-0.010536380,-0.752598564,0.000000000,0.000000,swing_up
real,3.597,178.653347,9.310864,0.567810,0.000595880,-0.349106222,3.118089121,0.000000,6,0.005678100,0.405578593,0.000000000,0.000000,swing_up
real,3.617,178.293358,9.630368,-2.726666,0.000583717,-0.320020979,3.111806126,0.000000,6,-0.027266659,-1.947618486,0.000000000,0.000000,swing_up
real,3.638,177.878317,9.910819,1.715405,0.000796954,-0.363299448,3.104562292,0.000000,6,0.017154052,1.225289399,0.000000000,0.000000,swing_up
real,3.659,177.514810,10.199074,-4.200823,0.000750870,-0.308951301,3.098217911,0.000000,6,-0.042008231,-3.000587909,0.000000000,0.000000,swing_up
real,3.679,177.099492,10.444475,2.081574,0.001076498,-0.378747356,3.090969243,0.000000,6,0.020815737,1.486838331,0.000000000,0.000000,swing_up
real,3.699,176.723505,10.686589,-3.588744,0.001015961,-0.305991542,3.084407019,0.000000,6,-0.005259237,-0.375659762,0.000000000,0.000000,swing_up
real,3.721,176.334347,10.898500,0.576105,0.001323578,-0.360824172,3.077614944,0.000000,6,0.005761051,0.411503657,0.000000000,0.000000,swing_up
real,3.741,175.946124,11.083977,-3.048588,0.001387430,-0.318454080,3.070839177,0.000000,6,-0.030485878,-2.177562704,0.000000000,0.000000,swing_up
real,3.762,175.564328,11.243044,0.095301,0.001667684,-0.350843897,3.064175581,0.000000,6,0.000953013,0.068072371,0.000000000,0.000000,swing_up
real,3.782,175.182289,11.369870,-3.408437,0.001788061,-0.316895308,3.057507730,0.000000,6,-0.034084373,-2.434598106,0.000000000,0.000000,swing_up
real,3.803,174.799873,11.461846,-0.198661,0.002093843,-0.345977759,3.050833314,0.000000,6,-0.001986613,-0.141900946,0.000000000,0.000000,swing_up
real,3.823,174.427075,11.520963,-3.348976,0.002250269,-0.314464623,3.044326762,0.000000,6,-0.033489761,-2.392125778,0.000000000,0.000000,swing_up
real,3.844,174.048534,11.537517,-0.801750,0.002567672,-0.336403123,3.037719974,0.000000,6,-0.008017502,-0.572678720,0.000000000,0.000000,swing_up
real,3.865,173.686187,11.519157,-3.163944,0.002767914,-0.311368400,3.031395828,0.000000,6,-0.031639436,-2.259959728,0.000000000,0.000000,swing_up
real,3.885,173.315105,11.451724,-1.424468,0.003089482,-0.324692775,3.024919233,0.000000,6,-0.014244682,-1.017477309,0.000000000,0.000000,swing_up
real,3.906,172.962211,11.345289,-3.015747,0.003330833,-0.305907590,3.018760058,0.000000,6,-0.030157469,-2.154104898,0.000000000,0.000000,swing_up
real,3.926,172.601894,11.185407,-1.759551,0.003659953,-0.313602978,3.012471348,0.000000,6,-0.017595510,-1.256822108,0.000000000,0.000000,swing_up
real,3.947,172.262522,10.982930,-3.360887,0.003917441,-0.293587638,3.006548186,0.000000,6,-0.033608870,-2.400633559,0.000000000,0.000000,swing_up
real,3.968,171.916104,10.722367,-2.062604,0.004260558,-0.300568918,3.000502056,0.000000,6,-0.020626043,-1.473288773,0.000000000,0.000000,swing_up
real,3.988,171.589965,10.414193,-3.228918,0.004541049,-0.283490248,2.994809860,0.000000,6,-0.032289181,-2.306370102,0.000000000,0.000000,swing_up
real,4.009,171.245142,10.025515,-2.634397,0.004890608,-0.282224602,2.988791564,0.000000,6,-0.026343967,-1.881711947,0.000000000,0.000000,swing_up
real,4.029,170.950304,9.623324,-3.117287,0.005177709,-0.270751490,2.983645658,0.000000,6,-0.031172875,-2.226633903,0.000000000,0.000000,swing_up
real,4.050,170.642252,9.138805,-2.952947,0.005501680,-0.264457919,2.978269133,0.000000,6,-0.029529469,-2.109247759,0.000000000,0.000000,swing_up
real,4.070,170.350958,8.596286,-3.163677,0.005809236,-0.253932120,2.973185096,0.000000,6,-0.031636773,-2.259769508,0.000000000,0.000000,swing_up
real,4.091,170.065315,7.988508,-3.216418,0.006122608,-0.244231410,2.968199688,0.000000,6,-0.032164185,-2.297441777,0.000000000,0.000000,swing_up
real,4.111,169.796402,7.318765,-3.305377,0.006424123,-0.233514050,2.963506269,0.000000,6,-0.033053766,-2.360983317,0.000000000,0.000000,swing_up
real,4.132,169.535819,6.581231,-3.317294,0.006724759,-0.222830552,2.958958242,0.000000,6,-0.033172937,-2.369495499,0.000000000,0.000000,swing_up
real,4.152,169.292295,5.778268,-3.428606,0.007009780,-0.210499614,2.954707946,0.000000,6,-0.034286061,-2.449004381,0.000000000,0.000000,swing_up
real,4.173,169.060078,4.905486,-3.490307,0.007287898,-0.197927768,2.950654988,0.000000,6,-0.034903068,-2.493076320,0.000000000,0.000000,swing_up
real,4.193,168.845075,3.964116,-3.511736,0.007550310,-0.185037334,2.946902491,0.000000,6,-0.035117360,-2.508382822,0.000000000,0.000000,swing_up
real,4.214,168.643919,2.951097,-3.602380,0.007798880,-0.170754998,2.943391659,0.000000,6,-0.036023797,-2.573128334,0.000000000,0.000000,swing_up
real,4.244,168.374657,1.297405,-3.565024,0.008139206,-0.149662860,2.938692138,0.000000,6,-0.035650242,-2.546445857,0.000000000,0.000000,swing_up
real,4.265,168.217437,0.104055,-3.749817,0.008338447,-0.132677545,2.935948132,0.000000,6,-0.037498166,-2.678440459,0.000000000,0.000000,swing_up
real,4.285,168.077577,-1.163459,-3.657460,0.008520144,-0.117658136,2.933507116,0.000000,6,-0.036574597,-2.612471210,0.000000000,0.000000,swing_up
real,4.306,167.957678,-2.504810,-3.774687,0.008675174,-0.099905299,2.931414481,0.000000,6,-0.037746872,-2.696205155,0.000000000,0.000000,swing_up
real,4.327,167.856813,-3.921206,-3.714665,0.008807635,-0.083169204,2.929654058,0.000000,6,-0.037146652,-2.653332293,0.000000000,0.000000,swing_up
real,4.347,167.794616,-5.403909,2.640140,0.008872718,-0.027027073,2.928568524,0.000000,6,0.026401396,1.885813967,0.000000000,0.000000,swing_up
real,4.368,167.966207,-6.859766,4.357912,0.008852076,0.239274526,2.931563346,0.000000,6,0.043579116,3.112794034,0.000000000,0.000000,swing_up
real,4.389,168.509774,-8.220290,-2.053533,0.009061339,0.547067895,2.941050375,0.000000,6,-0.020535331,-1.466809346,0.000000000,0.000000,swing_up
real,4.409,169.220526,-9.578006,-8.363250,0.008443224,0.616250414,2.953455346,0.000000,6,-0.083632497,-5.973749806,0.000000000,0.000000,swing_up
real,4.430,169.786341,-11.076138,-7.713072,0.006920898,0.419129275,2.963330669,0.000000,6,-0.077130723,-5.509337390,0.000000000,0.000000,swing_up
real,4.450,170.095459,-12.764634,-1.404260,0.006077870,0.239489881,2.968725799,0.000000,6,-0.014042597,-1.003042631,0.000000000,0.000000,swing_up
real,4.471,170.411507,-14.517049,4.305099,0.005891526,0.319962900,2.974241874,0.000000,6,0.043050986,3.075070408,0.000000000,0.000000,swing_up
real,4.492,171.021255,-16.194925,10.738506,0.006444393,0.639539653,2.984883995,0.000000,6,0.107385065,7.670361769,0.000000000,0.000000,swing_up
real,4.513,172.202319,-17.661362,17.130032,0.009466541,1.208112997,3.005497442,0.000000,6,0.171300316,12.235736869,0.000000000,0.000000,swing_up
real,4.533,174.240555,-18.771335,23.457861,0.018348636,2.022856649,3.041071368,0.000000,6,0.234578605,16.755614648,0.000000000,0.000000,swing_up
real,4.554,177.403549,-19.382678,29.915039,0.037976854,3.064882015,3.096276037,0.000000,6,0.299150389,21.367884949,0.000000000,0.000000,swing_up
real,4.575,-178.058463,-19.353351,36.225594,0.074919040,4.321277873,-3.107706448,0.000000,6,0.362255943,25.875424469,0.000000000,0.000000,swing_up
real,4.595,-171.927121,-18.543677,42.460085,0.136544540,5.758818267,-3.000694335,0.000000,6,0.424600847,30.328631909,0.000000000,0.000000,swing_up
real,4.625,-159.448148,-15.591802,51.694517,0.286127038,8.080109670,-2.782895163,0.000000,6,0.516945173,36.924655188,0.000000000,0.000000,swing_up
real,4.655,-143.202354,-10.315521,42.255509,0.482257278,10.050795082,-2.499352581,0.000000,6,0.422555092,30.182506588,0.000000000,0.000000,swing_up
real,4.676,-131.532635,-5.931179,35.821542,0.534878225,10.033166056,-2.295677548,0.000000,6,0.358215417,25.586815488,0.000000000,0.000000,swing_up
real,4.697,-120.570900,-1.531179,29.487087,0.544467027,9.376077445,-2.104359195,0.000000,6,0.294870871,21.062205068,0.000000000,0.000000,swing_up
real,4.718,-110.430789,2.868821,23.082311,0.554204183,8.642648224,-1.927380863,0.000000,6,0.230823109,16.487364908,0.000000000,0.000000,swing_up
real,4.738,-101.168549,7.268821,16.734584,0.563955670,7.867050360,-1.765724286,0.000000,6,0.167345836,11.953274028,0.000000000,0.000000,swing_up
real,4.759,-92.813146,11.668821,10.396171,0.573197077,7.072051516,-1.619894984,0.000000,6,0.103961706,7.425836168,0.000000000,0.000000,swing_up
real,4.779,-85.371368,16.068821,4.046142,0.581602229,6.275681503,-1.490011453,0.000000,6,0.040461417,2.890101228,0.000000000,0.000000,swing_up
real,4.800,-78.832990,20.467718,-2.213345,0.589043852,5.491992835,-1.375895239,0.000000,6,-0.022133451,-1.580960752,0.000000000,0.000000,swing_up
real,4.820,-73.157790,24.827303,-8.505056,0.596636651,4.757726816,-1.276844303,0.000000,6,-0.085050563,-6.075040231,0.000000000,0.000000,swing_up
real,4.841,-68.239597,29.034725,-14.830863,0.606095361,4.129844081,-1.191005644,0.000000,6,-0.148308632,-10.593473712,0.000000000,0.000000,swing_up
real,4.871,-61.936344,34.791988,-24.167132,0.625042310,3.465431196,-1.080993129,0.000000,6,-0.241671320,-17.262237132,0.000000000,0.000000,swing_up
real,4.901,-55.723368,38.995089,-33.561009,0.705861100,4.807954455,-0.972556238,0.000000,6,-0.335610088,-23.972149132,0.000000000,0.000000,swing_up
real,4.922,-48.684392,38.545118,-39.901981,0.805184130,6.199177008,-0.849702943,0.000000,6,-0.399019813,-28.501415192,0.000000000,0.000000,swing_up
real,4.943,-41.165305,37.266667,-28.000000,0.869515194,6.740013464,-0.718470117,0.000000,6,-0.280000000,-20.000000000,0.000000000,0.000000,swing_up
real,4.973,-28.734972,33.940728,-28.000000,0.961017952,7.492344104,-0.501519874,0.000000,6,-0.280000000,-20.000000000,0.000000000,0.000000,swing_up
real,4.993,-19.611797,30.933687,-2.465107,1.028464045,8.161308267,-0.342290427,0.000000,6,-0.280000000,-20.000000000,0.000000000,0.000000,swing_up
real,5.014,-10.434582,27.707369,48.469180,1.014248891,7.680141111,-0.182117807,0.000000,6,0.484691800,47.292878403,0.000000000,0.000000,swing_up
real,5.034,-3.863946,25.601562,99.735045,0.872137308,4.696522124,-0.067438579,0.000000,6,0.997350450,92.406839598,0.000000000,0.000000,swing_up
real,5.055,-2.884823,26.058871,100.770290,0.787611635,-0.909521034,-0.050349659,0.000000,6,1.007702900,93.317855202,0.000000000,0.000000,swing_up
real,5.075,-8.637212,29.643073,50.815723,0.930524813,-6.127295497,-0.150747784,0.000000,6,0.508157225,49.357835808,0.000000000,0.000000,swing_up
real,5.105,-20.027155,36.243073,-24.228837,0.940342435,-6.694600447,-0.349539800,0.000000,6,-0.242288375,-16.681376991,0.000000000,0.000000,swing_up
real,5.126,-24.569455,38.953128,-46.192079,0.751082394,-0.672887737,-0.428817877,0.000000,6,-0.461920792,-32.994342311,0.000000000,0.000000,swing_up
real,5.146,-22.474990,38.089498,-28.000000,0.774841006,2.227395525,-0.392262571,0.000000,6,-0.280000000,-20.000000000,0.000000000,0.000000,swing_up
real,5.168,-19.030451,36.369937,-28.000000,0.804886207,3.222292146,-0.332144025,0.000000,6,-0.280000000,-20.000000000,0.000000000,0.000000,swing_up
real,5.189,-14.637205,34.030560,-28.000000,0.838454450,4.073993152,-0.255467427,0.000000,6,-0.280000000,-20.000000000,0.000000000,0.000000,swing_up
real,5.210,-9.200346,31.065049,-28.000000,0.880127006,5.009369069,-0.160576326,0.000000,6,-0.280000000,-20.000000000,0.000000000,0.000000,swing_up
real,5.230,-2.752720,27.532563,22.489213,0.915429778,5.724564733,-0.048044020,0.000000,6,0.224892125,24.430507007,0.000000000,0.000000,swing_up
real,5.251,2.773429,24.381996,74.757500,0.854166210,4.178092700,0.048405461,0.000000,6,0.747575000,70.426600007,0.000000000,0.000000,swing_up
real,5.271,4.343002,23.076608,74.513400,0.783673303,0.003477954,0.075799692,0.000000,6,0.745134000,70.211792006,0.000000000,0.000000,swing_up
real,5.291,0.758154,24.208537,22.487468,0.849886297,-4.034868329,0.013232287,0.000000,6,0.484262250,47.255078004,0.000000000,0.000000,swing_up
real,5.313,-5.302770,26.520124,-29.715865,0.902164543,-5.455362593,-0.092550794,0.000000,6,-0.297158650,-21.509961193,0.000000000,0.000000,swing_up
real,5.333,-10.817656,28.564310,-81.164370,0.851303289,-4.285920201,-0.188803710,0.000000,6,-0.811643700,-66.784645593,0.000000000,0.000000,swing_up
real,5.354,-12.848735,28.899902,-81.553570,0.776062108,-0.521437173,-0.224252738,0.000000,6,-0.815535700,-67.127141597,0.000000000,0.000000,swing_up
real,5.374,-10.192836,26.911836,-29.928712,0.817533612,3.119558042,-0.177898543,0.000000,6,-0.554330475,-44.141081799,0.000000000,0.000000,swing_up
real,5.395,-5.442573,23.843592,20.026903,0.854924430,4.239500606,-0.094990818,0.000000,6,0.200269025,22.263674204,0.000000000,0.000000,swing_up
real,5.415,-1.528751,21.107058,71.273212,0.816173047,2.806809419,-0.026681747,0.000000,6,0.712732125,67.360427000,0.000000000,0.000000,swing_up
real,5.436,-1.111257,19.976436,18.806747,0.785948181,-0.552716769,-0.019395101,0.000000,6,0.188067475,21.189937796,0.000000000,0.000000,swing_up
real,5.457,-3.066798,19.946415,-33.159468,0.797589062,-1.826953845,-0.053525730,0.000000,6,-0.331594675,-24.540331400,0.000000000,0.000000,swing_up
real,5.478,-4.226386,19.532250,-48.998705,0.784351211,-0.393155878,-0.073764349,0.000000,6,-0.489987051,-34.999075103,0.000000000,0.000000,swing_up
real,5.508,-2.071870,17.040764,27.636700,0.793509473,1.497163870,-0.036160953,0.000000,6,0.276366999,29.222526421,0.000000000,0.000000,swing_up
real,5.529,-1.299411,15.660174,-13.386966,0.785291754,0.384923065,-0.022679006,0.000000,6,-0.133869658,-9.620721061,0.000000000,0.000000,swing_up
real,5.550,-0.739664,14.367551,-2.673294,0.786451600,0.648902465,-0.012909581,0.000000,6,-0.026732944,-1.909496005,0.000000000,0.000000,swing_up
real,5.570,0.182784,12.897731,3.075903,0.787260134,0.784558878,0.003190184,0.000000,6,0.030759030,2.197073539,0.000000000,0.000000,swing_up
real,5.590,0.984221,11.481628,-1.053022,0.786617226,0.684674893,0.017177902,0.000000,6,-0.010530223,-0.752158799,0.000000000,0.000000,swing_up
real,5.612,1.789636,10.066957,1.200123,0.786636443,0.712012142,0.031235045,0.000000,6,0.012001230,0.857230695,0.000000000,0.000000,swing_up
real,5.632,2.593047,8.661926,1.511378,0.786303684,0.690194731,0.045257216,0.000000,6,0.015113784,1.079555993,0.000000000,0.000000,swing_up
real,5.652,3.355281,7.290397,1.565462,0.785860105,0.658170189,0.058560708,0.000000,6,0.015654625,1.118187487,0.000000000,0.000000,swing_up
real,5.672,4.089123,5.951809,2.177580,0.785400806,0.632401051,0.071368667,0.000000,6,0.019092594,1.363756708,0.000000000,0.000000,swing_up
real,5.694,4.783440,4.656543,2.429589,0.784849524,0.595031937,0.083486776,0.000000,6,0.024295894,1.735421016,0.000000000,0.000000,swing_up
real,5.714,5.432437,3.412287,2.731751,0.784271385,0.555391481,0.094813908,0.000000,6,0.027317510,1.951250731,0.000000000,0.000000,swing_up
real,5.734,6.033964,2.224742,3.027068,0.783678145,0.512868434,0.105312531,0.000000,6,0.030270684,2.162191713,0.000000000,0.000000,swing_up
real,5.755,6.583787,1.100283,3.259050,0.783084618,0.467011082,0.114908754,0.000000,6,0.032590503,2.327893087,0.000000000,0.000000,swing_up
real,5.776,7.079552,0.044075,3.478639,0.782511910,0.419396133,0.123561486,0.000000,6,0.034786386,2.484741829,0.000000000,0.000000,swing_up
real,5.797,7.519347,-0.939281,3.665865,0.781973554,0.370104112,0.131237370,0.000000,6,0.036658652,2.618475164,0.000000000,0.000000,swing_up
real,5.817,7.901607,-1.845717,3.823300,0.781483030,0.319620636,0.137909053,0.000000,6,0.038232996,2.730928294,0.000000000,0.000000,swing_up
real,5.838,8.225370,-2.671843,3.955028,0.781051511,0.268392617,0.143559794,0.000000,6,0.039550281,2.825020060,0.000000000,0.000000,swing_up
real,5.859,8.490011,-3.414822,4.058915,0.780687758,0.216694786,0.148178641,0.000000,6,0.040589146,2.899224731,0.000000000,0.000000,swing_up
real,5.879,8.695246,-4.072395,4.136712,0.780398605,0.164833687,0.151760677,0.000000,6,0.041367119,2.954794240,0.000000000,0.000000,swing_up
real,5.900,8.841098,-4.642857,4.188985,0.780188780,0.113052485,0.154306278,0.000000,6,0.041889854,2.992132457,0.000000000,0.000000,swing_up
real,5.920,8.927874,-5.125061,4.217416,0.780061041,0.061581758,0.155820797,0.000000,6,0.042174158,3.012439825,0.000000000,0.000000,swing_up
real,5.941,8.955964,-5.518314,4.218245,0.780016412,0.010525992,0.156311064,0.000000,6,0.042182454,3.013032447,0.000000000,0.000000,swing_up
real,5.962,8.926125,-5.822517,4.198378,0.780054076,-0.039829766,0.155790264,0.000000,6,0.041983777,2.998841228,0.000000000,0.000000,swing_up
real,5.982,8.839201,-6.038024,4.153952,0.780171640,-0.089424400,0.154273159,0.000000,6,0.041539521,2.967108661,0.000000000,0.000000,swing_up
real,6.003,8.696201,-6.165676,4.086987,0.780365211,-0.138090067,0.151777340,0.000000,6,0.040869866,2.919276116,0.000000000,0.000000,swing_up
real,6.024,8.498304,-6.206793,3.997966,0.780629473,-0.185695436,0.148323385,0.000000,6,0.039979664,2.855690251,0.000000000,0.000000,swing_up
real,6.045,8.246856,-6.163169,3.888880,0.780957739,-0.232080480,0.143934783,0.000000,6,0.038888801,2.777771522,0.000000000,0.000000,swing_up
real,6.066,7.943304,-6.037025,3.756218,0.781342373,-0.277188320,0.138636811,0.000000,6,0.037562183,2.683013087,0.000000000,0.000000,swing_up
real,6.096,7.393871,-5.699049,3.518625,0.782005152,-0.342046773,0.129047393,0.000000,6,0.035186247,2.513303385,0.000000000,0.000000,swing_up
real,6.116,6.967553,-5.379264,3.334620,0.782489491,-0.383197603,0.121606745,0.000000,6,0.034291962,2.449425839,0.000000000,0.000000,swing_up
real,6.137,6.495617,-4.988228,3.130524,0.782994934,-0.422475201,0.113369904,0.000000,6,0.031305237,2.236088346,0.000000000,0.000000,swing_up
real,6.157,5.980373,-4.530122,2.906784,0.783509650,-0.459681955,0.104377191,0.000000,6,0.029067839,2.076274206,0.000000000,0.000000,swing_up
real,6.178,5.424239,-4.009482,2.652618,0.784022251,-0.494821492,0.094670822,0.000000,6,0.026526182,1.894727314,0.000000000,0.000000,swing_up
real,6.198,4.830099,-3.431345,2.391848,0.784518158,-0.527177130,0.084301134,0.000000,6,0.025286334,1.806166747,0.000000000,0.000000,swing_up
real,6.219,4.201350,-2.801253,2.123879,0.784984337,-0.556509948,0.073327391,0.000000,6,0.021238791,1.517056506,0.000000000,0.000000,swing_up
real,6.240,3.541273,-2.124937,1.822344,0.785410628,-0.583071870,0.061806868,0.000000,6,0.018223444,1.301674575,0.000000000,0.000000,swing_up
real,6.260,2.853562,-1.408539,1.505446,0.785783232,-0.606175453,0.049804052,0.000000,6,0.015054457,1.075318364,0.000000000,0.000000,swing_up
real,6.290,1.779664,-0.273355,1.001401,0.786216613,-0.633618302,0.031060993,0.000000,6,0.010014007,0.715286208,0.000000000,0.000000,swing_up
real,6.311,1.042359,0.513601,0.645343,0.786407455,-0.646604591,0.018192593,0.000000,6,0.006453425,0.460958950,0.000000000,0.000000,swing_up
real,6.332,0.294069,1.316043,0.275983,0.786510183,-0.654857111,0.005132465,0.000000,6,0.002759833,0.197130942,0.000000000,0.000000,swing_up
real,6.352,-0.459129,2.126057,-0.757109,0.786514598,-0.657114195,-0.008013317,0.000000,6,-0.007571089,-0.540792039,0.000000000,0.000000,swing_up
real,6.373,-1.193385,2.927380,-1.145553,0.786306159,-0.630728244,-0.020828496,0.000000,6,-0.011455535,-0.818252469,0.000000000,0.000000,swing_up
real,6.394,-1.886057,3.704311,-1.287193,0.786005309,-0.595375849,-0.032917898,0.000000,6,-0.012871926,-0.919423286,0.000000000,0.000000,swing_up
real,6.415,-2.541266,4.453846,-1.705629,0.785678497,-0.562228702,-0.044353456,0.000000,6,-0.017056292,-1.218306568,0.000000000,0.000000,swing_up
real,6.445,-3.441339,5.510817,-2.071739,0.785100017,-0.501896566,-0.060062692,0.000000,6,-0.020717391,-1.479813639,0.000000000,0.000000,swing_up
real,6.465,-3.981239,6.161939,-2.321240,0.784696737,-0.459255191,-0.069485723,0.000000,6,-0.023212404,-1.658028863,0.000000000,0.000000,swing_up
real,6.486,-4.470393,6.764377,-2.529312,0.784292870,-0.414322133,-0.078023070,0.000000,6,-0.025293117,-1.806651194,0.000000000,0.000000,swing_up
real,6.506,-4.906654,7.313522,-2.707854,0.783903182,-0.367825639,-0.085637274,0.000000,6,-0.027078542,-1.934181579,0.000000000,0.000000,swing_up
real,6.527,-5.288782,7.805544,-2.864407,0.783539882,-0.320320485,-0.092306657,0.000000,6,-0.028644070,-2.046005025,0.000000000,0.000000,swing_up
real,6.548,-5.615787,8.237090,-2.992351,0.783212675,-0.272033323,-0.098013978,0.000000,6,-0.029923514,-2.137393866,0.000000000,0.000000,swing_up
real,6.569,-5.887100,8.605382,-3.095355,0.782930006,-0.223354625,-0.102749279,0.000000,6,-0.030953550,-2.210967855,0.000000000,0.000000,swing_up
real,6.590,-6.102514,8.908190,-3.173614,0.782698268,-0.174562852,-0.106508959,0.000000,6,-0.031736137,-2.266866953,0.000000000,0.000000,swing_up
real,6.610,-6.262101,9.143805,-3.227289,0.782522082,-0.125902831,-0.109294284,0.000000,6,-0.032272891,-2.305206521,0.000000000,0.000000,swing_up
real,6.631,-6.366210,9.311031,-3.257348,0.782404351,-0.077606503,-0.111111318,0.000000,6,-0.032573476,-2.326676849,0.000000000,0.000000,swing_up
real,6.661,-6.419683,9.432253,-3.259245,0.782339640,-0.006271676,-0.112044603,0.000000,6,-0.032592454,-2.328032418,0.000000000,0.000000,swing_up
real,6.681,-6.388115,9.426529,-3.233655,0.782370081,0.040264853,-0.111493647,0.000000,6,-0.032336551,-2.309753663,0.000000000,0.000000,swing_up
real,6.702,-6.304030,9.352089,-3.185634,0.782456713,0.085824303,-0.110026077,0.000000,6,-0.031856342,-2.275453030,0.000000000,0.000000,swing_up
real,6.723,-6.168647,9.209865,-3.115189,0.782595840,0.130259458,-0.107663204,0.000000,6,-0.031151888,-2.225134855,0.000000000,0.000000,swing_up
real,6.743,-5.983425,9.001258,-3.024800,0.782782483,0.173379211,-0.104430466,0.000000,6,-0.030247999,-2.160571325,0.000000000,0.000000,swing_up
real,6.763,-5.749978,8.728100,-2.913862,0.783010654,0.215053301,-0.100356042,0.000000,6,-0.029138620,-2.081330016,0.000000000,0.000000,swing_up
real,6.784,-5.470095,8.392641,-2.783142,0.783273389,0.255119351,-0.095471160,0.000000,6,-0.027831423,-1.987958799,0.000000000,0.000000,swing_up
real,6.805,-5.145756,7.997552,-2.633189,0.783562897,0.293412556,-0.089810379,0.000000,6,-0.026331887,-1.936109171,0.000000000,0.000000,swing_up
real,6.826,-4.779134,7.545907,-2.464392,0.783870701,0.329761430,-0.083411617,0.000000,6,-0.024643917,-1.760279793,0.000000000,0.000000,swing_up
real,6.846,-4.372610,7.041176,-2.277317,0.784187769,0.363979066,-0.076316447,0.000000,6,-0.022773169,-1.626654951,0.000000000,0.000000,swing_up
real,6.867,-3.928793,6.487216,-2.072496,0.784504688,0.395865748,-0.068570369,0.000000,6,-0.020724957,-1.480354041,0.000000000,0.000000,swing_up
real,6.888,-3.450529,5.888262,-1.850514,0.784811833,0.425206057,-0.060223098,0.000000,6,-0.018505144,-1.321796036,0.000000000,0.000000,swing_up
real,6.918,-2.675425,4.915626,-1.486838,0.785233205,0.463930405,-0.046694976,0.000000,6,-0.014868384,-1.062027441,0.000000000,0.000000,swing_up
real,6.939,-2.125265,4.225080,-1.225047,0.785474304,0.485855106,-0.037092865,0.000000,6,-0.012250469,-0.875033516,0.000000000,0.000000,swing_up
real,6.959,-1.552800,3.507157,-0.948855,0.785673389,0.504352918,-0.027101480,0.000000,6,-0.009488551,-0.677753664,0.000000000,0.000000,swing_up
real,6.980,-0.962193,2.767627,-0.659366,0.785822698,0.519140928,-0.016793442,0.000000,6,-0.006593662,-0.470975829,0.000000000,0.000000,swing_up
real,7.000,-0.357936,2.012556,-0.357890,0.785915636,0.529927636,-0.006247166,0.000000,6,-0.003578904,-0.255636018,0.000000000,0.000000,swing_up
real,7.020,0.255141,1.248277,0.266666,0.785947087,0.536418092,0.004453048,0.000000,6,0.002666662,0.190475853,0.000000000,0.000000,swing_up
real,7.041,0.863423,0.485301,0.765928,0.785861059,0.525740823,0.015069574,0.000000,6,0.007659276,0.547091114,0.000000000,0.000000,swing_up
real,7.061,1.447048,-0.262905,0.894639,0.785687575,0.503168662,0.025255749,0.000000,6,0.008946390,0.639027872,0.000000000,0.000000,swing_up
real,7.082,2.005728,-0.992097,1.233549,0.785486171,0.481295499,0.035006565,0.000000,6,0.012335487,0.881106182,0.000000000,0.000000,swing_up
real,7.102,2.561034,-1.730898,1.499678,0.785228765,0.452962079,0.044698477,0.000000,6,0.013741071,0.981505040,0.000000000,0.000000,swing_up
real,7.123,3.031218,-2.369912,1.706931,0.784970462,0.424110980,0.052904728,0.000000,6,0.017069308,1.219236307,0.000000000,0.000000,swing_up
real,7.153,3.705587,-3.311764,2.027415,0.784540629,0.374503452,0.064674689,0.000000,6,0.020274154,1.448153859,0.000000000,0.000000,swing_up
real,7.174,4.105190,-3.887599,2.211042,0.784252290,0.338773545,0.071649090,0.000000,6,0.022110424,1.579316004,0.000000000,0.000000,swing_up
real,7.195,4.462295,-4.417141,2.358717,0.783973291,0.301145176,0.077881736,0.000000,6,0.023587169,1.684797813,0.000000000,0.000000,swing_up
real,7.216,4.775397,-4.897036,2.499857,0.783713653,0.262579116,0.083346395,0.000000,6,0.024998568,1.785612002,0.000000000,0.000000,swing_up
real,7.236,5.043367,-5.324397,2.606342,0.783479395,0.222818973,0.088023356,0.000000,6,0.026063422,1.861673007,0.000000000,0.000000,swing_up
real,7.257,5.265252,-5.696723,2.695813,0.783277548,0.182527819,0.091895981,0.000000,6,0.026958133,1.925580900,0.000000000,0.000000,swing_up
real,7.277,5.440719,-6.012120,2.766701,0.783112745,0.141926931,0.094958457,0.000000,6,0.027667015,1.976215354,0.000000000,0.000000,swing_up
real,7.298,5.569479,-6.269031,2.813530,0.782988497,0.101147347,0.097205741,0.000000,6,0.028135300,2.009664283,0.000000000,0.000000,swing_up
real,7.318,5.651633,-6.466404,2.842054,0.782907217,0.060519439,0.098639603,0.000000,6,0.028420543,2.030038758,0.000000000,0.000000,swing_up
real,7.339,5.687393,-6.603565,2.847134,0.782869994,0.020140539,0.099263732,0.000000,6,0.028471337,2.033666895,0.000000000,0.000000,swing_up
real,7.359,5.677329,-6.680330,2.834869,0.782876746,-0.019686403,0.099088084,0.000000,6,0.028348691,2.024906485,0.000000000,0.000000,swing_up
real,7.380,5.622146,-6.696898,2.801971,0.782926259,-0.058857569,0.098124953,0.000000,6,0.028019712,2.001407970,0.000000000,0.000000,swing_up
real,7.400,5.516714,-6.650216,2.749246,0.783021706,-0.099027219,0.096284829,0.000000,6,0.027492464,1.963747462,0.000000000,0.000000,swing_up
real,7.421,5.380409,-6.552366,2.682515,0.783143409,-0.134433986,0.093905849,0.000000,6,0.026825153,1.916082392,0.000000000,0.000000,swing_up
real,7.451,5.088834,-6.293400,2.543081,0.783394897,-0.188143855,0.088816913,0.000000,6,0.025430813,1.816486642,0.000000000,0.000000,swing_up
real,7.471,4.844803,-6.052448,2.428660,0.783595509,-0.222208617,0.084557763,0.000000,6,0.024286602,1.734757306,0.000000000,0.000000,swing_up
real,7.492,4.563002,-5.759493,2.296373,0.783815781,-0.254710514,0.079639410,0.000000,6,0.022963731,1.640266495,0.000000000,0.000000,swing_up
real,7.512,4.245421,-5.417250,2.148976,0.784049189,-0.285435675,0.074096580,0.000000,6,0.021489756,1.534982602,0.000000000,0.000000,swing_up
real,7.533,3.894205,-5.028761,1.985142,0.784289011,-0.314246160,0.067966701,0.000000,6,0.019851423,1.417958806,0.000000000,0.000000,swing_up
real,7.554,3.511711,-4.597404,1.806214,0.784528158,-0.340942826,0.061290919,0.000000,6,0.018062137,1.290152617,0.000000000,0.000000,swing_up
real,7.574,3.100521,-4.126886,1.612809,0.784759474,-0.365334718,0.054114302,0.000000,6,0.016128090,1.152006429,0.000000000,0.000000,swing_up
real,7.595,2.663439,-3.621223,1.405550,0.784975871,-0.387223835,0.046485783,0.000000,6,0.014055500,1.003964284,0.000000000,0.000000,swing_up
real,7.615,2.203507,-3.084727,1.185371,0.785170489,-0.406399956,0.038458459,0.000000,6,0.011853710,0.846693573,0.000000000,0.000000,swing_up
real,7.635,1.724012,-2.521992,0.953200,0.785336905,-0.422648951,0.030089688,0.000000,6,0.010707212,0.764800891,0.000000000,0.000000,swing_up
real,7.656,1.228489,-1.937872,0.710129,0.785469324,-0.435751650,0.021441184,0.000000,6,0.007101292,0.507235124,0.000000000,0.000000,swing_up
real,7.677,0.720728,-1.337463,0.457424,0.785562791,-0.445487236,0.012579075,0.000000,6,0.004574244,0.326731740,0.000000000,0.000000,swing_up
real,7.698,0.204534,-0.725966,0.189779,0.785613890,-0.451771557,0.003569793,0.000000,6,0.001897790,0.135556446,0.000000000,0.000000,swing_up
real,7.728,-0.572602,0.198356,-0.588975,0.785586759,-0.448986118,-0.009993793,0.000000,6,-0.005889751,-0.420696479,0.000000000,0.000000,swing_up
real,7.749,-1.072625,0.804800,-0.711135,0.785474003,-0.430918418,-0.018720829,0.000000,6,-0.007111352,-0.507953719,0.000000000,0.000000,swing_up
real,7.769,-1.550971,1.395957,-0.960018,0.785336329,-0.412337218,-0.027069548,0.000000,6,-0.009600178,-0.685726979,0.000000000,0.000000,swing_up
real,7.790,-2.006271,1.967819,-1.212636,0.785170646,-0.390891986,-0.035016032,0.000000,6,-0.012126361,-0.866168657,0.000000000,0.000000,swing_up
real,7.810,-2.453791,2.541302,-1.400158,0.784970634,-0.364154807,-0.042826724,0.000000,6,-0.014001582,-1.000112980,0.000000000,0.000000,swing_up
real,7.830,-2.829704,3.032514,-1.583865,0.784779347,-0.338307781,-0.049387647,0.000000,6,-0.014915001,-1.065357236,0.000000000,0.000000,swing_up
real,7.851,-3.193185,3.517262,-1.752674,0.784572563,-0.308951502,-0.055731585,0.000000,6,-0.017526739,-1.251909920,0.000000000,0.000000,swing_up
real,7.872,-3.521511,3.965281,-1.900303,0.784367822,-0.277825788,-0.061461957,0.000000,6,-0.019003032,-1.357359450,0.000000000,0.000000,swing_up
real,7.892,-3.813127,4.373429,-2.033869,0.784172206,-0.245396552,-0.066551621,0.000000,6,-0.020338686,-1.452763276,0.000000000,0.000000,swing_up
real,7.913,-4.078021,4.755864,-2.143784,0.783982863,-0.209980199,-0.071174892,0.000000,6,-0.021437839,-1.531274192,0.000000000,0.000000,swing_up
real,7.933,-4.290127,5.073784,-2.235413,0.783823789,-0.175555317,-0.074876837,0.000000,6,-0.021889150,-1.563510725,0.000000000,0.000000,swing_up
real,7.954,-4.454609,5.332110,-2.302114,0.783695614,-0.142288571,-0.077747593,0.000000,6,-0.023021135,-1.644366801,0.000000000,0.000000,swing_up
real,7.974,-4.594091,5.566491,-2.363292,0.783583661,-0.105339747,-0.080182017,0.000000,6,-0.023632922,-1.688065850,0.000000000,0.000000,swing_up
real,7.994,-4.685301,5.738523,-2.390423,0.783508245,-0.069818597,-0.081773922,0.000000,6,-0.023785919,-1.698994228,0.000000000,0.000000,swing_up
real,8.015,-4.734429,5.854987,-2.407054,0.783466404,-0.036348778,-0.082631383,0.000000,6,-0.024070539,-1.719324179,0.000000000,0.000000,swing_up
real,8.036,-4.747014,5.927801,-2.405756,0.783454004,-0.001393690,-0.082851025,0.000000,6,-0.024057558,-1.718397018,0.000000000,0.000000,swing_up
real,8.056,-4.719899,5.949507,-2.385403,0.783473702,0.033096367,-0.082377770,0.000000,6,-0.023854030,-1.703859268,0.000000000,0.000000,swing_up
real,8.077,-4.653857,5.920482,-2.351071,0.783524156,0.066854232,-0.081225129,0.000000,6,-0.023510711,-1.679336490,0.000000000,0.000000,swing_up
real,8.097,-4.549750,5.841415,-2.296350,0.783603361,0.099849799,-0.079408119,0.000000,6,-0.022963500,-1.640250034,0.000000000,0.000000,swing_up
real,8.117,-4.408693,5.713381,-2.227678,0.783708411,0.131797683,-0.076946207,0.000000,6,-0.022276780,-1.591198586,0.000000000,0.000000,swing_up
real,8.138,-4.231907,5.537765,-2.139723,0.783835961,0.162653639,-0.073860706,0.000000,6,-0.021397226,-1.528373307,0.000000000,0.000000,swing_up
real,8.159,-4.009515,5.304118,-2.034584,0.783989435,0.193553954,-0.069979246,0.000000,6,-0.020345837,-1.453274068,0.000000000,0.000000,swing_up
real,8.179,-3.777343,5.051190,-1.924389,0.784141362,0.220120719,-0.065927065,0.000000,6,-0.019243891,-1.374563618,0.000000000,0.000000,swing_up
real,8.210,-3.354929,4.576756,-1.721807,0.784395921,0.259049501,-0.058554549,0.000000,6,-0.017218073,-1.229862377,0.000000000,0.000000,swing_up
real,8.230,-3.038279,4.213372,-1.571023,0.784567987,0.282650335,-0.053027966,0.000000,6,-0.015710231,-1.122159342,0.000000000,0.000000,swing_up
real,8.250,-2.696274,3.815935,-1.407101,0.784735743,0.304201675,-0.047058859,0.000000,6,-0.014071011,-1.005072222,0.000000000,0.000000,swing_up
real,8.271,-2.331308,3.387803,-1.223107,0.784894312,0.323687450,-0.040688992,0.000000,6,-0.012231074,-0.873648142,0.000000000,0.000000,swing_up
real,8.292,-1.946228,2.932713,-1.044901,0.785037170,0.340415082,-0.033968093,0.000000,6,-0.010449013,-0.746358063,0.000000000,0.000000,swing_up
real,8.312,-1.543994,2.454601,-0.847424,0.785160940,0.354756539,-0.026947785,0.000000,6,-0.008474242,-0.605303025,0.000000000,0.000000,swing_up
real,8.332,-1.127345,1.957429,-0.633688,0.785261279,0.366480938,-0.019675889,0.000000,6,-0.006336878,-0.452634128,0.000000000,0.000000,swing_up
real,8.363,-0.483324,1.185792,-0.311827,0.785358340,0.378253009,-0.008435588,0.000000,6,-0.003118270,-0.222733597,0.000000000,0.000000,swing_up
real,8.384,-0.046401,0.660731,-0.093788,0.785383816,0.382081460,-0.000809848,0.000000,6,-0.000937884,-0.066991733,0.000000000,0.000000,swing_up
real,8.404,0.391487,0.132992,0.399232,0.785371383,0.380966646,0.006832730,0.000000,6,0.003992315,0.285165393,0.000000000,0.000000,swing_up
real,8.424,0.818759,-0.389024,0.564923,0.785303521,0.368641108,0.014290040,0.000000,6,0.005649229,0.403516378,0.000000000,0.000000,swing_up
real,8.445,1.228580,-0.899148,0.735748,0.785209890,0.353587935,0.021442759,0.000000,6,0.007357480,0.525534281,0.000000000,0.000000,swing_up
real,8.465,1.620427,-1.394256,0.964787,0.785097585,0.337085705,0.028281779,0.000000,6,0.009647873,0.689133799,0.000000000,0.000000,swing_up
real,8.486,2.008140,-1.892891,1.142362,0.784958349,0.315966115,0.035048654,0.000000,6,0.011423623,0.815973080,0.000000000,0.000000,swing_up
real,8.506,2.335468,-2.321622,1.304692,0.784822216,0.295024687,0.040761600,0.000000,6,0.013046916,0.931922541,0.000000000,0.000000,swing_up
real,8.527,2.653742,-2.746473,1.457906,0.784672933,0.270993504,0.046316535,0.000000,6,0.014579056,1.041361118,0.000000000,0.000000,swing_up
real,8.547,2.943014,-3.140983,1.588113,0.784522801,0.245122611,0.051365289,0.000000,6,0.015881130,1.134366446,0.000000000,0.000000,swing_up
real,8.568,3.201313,-3.502114,1.700980,0.784377463,0.217835318,0.055873461,0.000000,6,0.017009797,1.214985531,0.000000000,0.000000,swing_up
real,8.588,3.427691,-3.827513,1.809940,0.784241893,0.189655532,0.059824487,0.000000,6,0.018099398,1.292814165,0.000000000,0.000000,swing_up
real,8.609,3.620698,-4.114805,1.888554,0.784119558,0.160309492,0.063193109,0.000000,6,0.018885539,1.348967106,0.000000000,0.000000,swing_up
real,8.629,3.779680,-4.362209,1.959425,0.784014610,0.130495269,0.065967865,0.000000,6,0.019594253,1.399589471,0.000000000,0.000000,swing_up
real,8.649,3.904119,-4.568238,2.013836,0.783929593,0.100252432,0.068139739,0.000000,6,0.020138364,1.438454585,0.000000000,0.000000,swing_up
real,8.679,4.025213,-4.797190,2.057176,0.783843885,0.054393471,0.070253218,0.000000,6,0.020571758,1.469411253,0.000000000,0.000000,swing_up
real,8.699,4.062264,-4.895411,2.070290,0.783816454,0.023968477,0.070899883,0.000000,6,0.020702897,1.478778392,0.000000000,0.000000,swing_up
real,8.720,4.064581,-4.949687,2.064240,0.783813189,-0.006261872,0.070940318,0.000000,6,0.020642398,1.474457007,0.000000000,0.000000,swing_up
real,8.740,4.032637,-4.960071,2.044879,0.783833665,-0.036010040,0.070382791,0.000000,6,0.020448791,1.460627900,0.000000000,0.000000,swing_up
real,8.761,3.967096,-4.926944,2.009721,0.783876776,-0.065168330,0.069238883,0.000000,6,0.020097207,1.435514781,0.000000000,0.000000,swing_up
real,8.782,3.868753,-4.850985,1.960167,0.783940816,-0.093552371,0.067522481,0.000000,6,0.019601671,1.400119335,0.000000000,0.000000,swing_up
real,8.802,3.738629,-4.733204,1.895425,0.784023521,-0.121030493,0.065251378,0.000000,6,0.018954249,1.353874907,0.000000000,0.000000,swing_up
real,8.822,3.577885,-4.574904,1.816337,0.784122122,-0.147439306,0.062445879,0.000000,6,0.018575271,1.326805074,0.000000000,0.000000,swing_up
real,8.843,3.387892,-4.377699,1.724037,0.784233400,-0.172613746,0.059129866,0.000000,6,0.017240369,1.231454936,0.000000000,0.000000,swing_up
real,8.873,3.039212,-3.999657,1.555495,0.784422561,-0.208853109,0.053044255,0.000000,6,0.015554951,1.111067941,0.000000000,0.000000,swing_up
real,8.894,2.795400,-3.727591,1.438666,0.784543134,-0.229166045,0.048788942,0.000000,6,0.014386660,1.027618594,0.000000000,0.000000,swing_up
real,8.914,2.516157,-3.410909,1.295452,0.784669725,-0.249020492,0.043915227,0.000000,6,0.012954522,0.925322987,0.000000000,0.000000,swing_up
real,8.935,2.215927,-3.065967,1.156044,0.784791008,-0.266665490,0.038675223,0.000000,6,0.011560441,0.825745810,0.000000000,0.000000,swing_up
real,8.955,1.896881,-2.695747,0.989030,0.784904469,-0.282619925,0.033106814,0.000000,6,0.009890299,0.706449896,0.000000000,0.000000,swing_up
real,8.976,1.544379,-2.283402,0.815085,0.785009723,-0.296758592,0.026954493,0.000000,6,0.008150850,0.582203605,0.000000000,0.000000,swing_up
real,9.006,1.034407,-1.681884,0.576811,0.785124572,-0.311656764,0.018053815,0.000000,6,0.005768112,0.412007981,0.000000000,0.000000,swing_up
real,9.027,0.670670,-1.250418,0.382215,0.785180906,-0.319291650,0.011705404,0.000000,6,0.003822154,0.273011030,0.000000000,0.000000,swing_up
real,9.047,0.300746,-0.809884,0.200439,0.785214145,-0.323863536,0.005249004,0.000000,6,0.002004393,0.143170954,0.000000000,0.000000,swing_up
real,9.068,-0.072291,-0.364222,-0.048141,0.785224381,-0.325842309,-0.001261723,0.000000,6,-0.000481410,0.073875780,0.000000000,0.000000,swing_up
real,9.088,-0.443308,0.081631,-0.382601,0.785202567,-0.321835437,-0.007737188,0.000000,6,-0.003826009,-0.273286383,0.000000000,0.000000,swing_up
real,9.109,-0.802963,0.520764,-0.500400,0.785147119,-0.310504748,-0.014014346,0.000000,6,-0.005004002,-0.357428724,0.000000000,0.000000,swing_up
real,9.130,-1.148639,0.949443,-0.686704,0.785076766,-0.298168176,-0.020047538,0.000000,6,-0.006867042,-0.490503013,0.000000000,0.000000,swing_up
real,9.150,-1.478267,1.364272,-0.859126,0.784990414,-0.283289611,-0.025800622,0.000000,6,-0.008591258,-0.613661263,0.000000000,0.000000,swing_up
real,9.171,-1.788628,1.761420,-1.004661,0.784891625,-0.265900478,-0.031217444,0.000000,6,-0.010046614,-0.717615308,0.000000000,0.000000,swing_up
real,9.201,-2.213633,2.317131,-1.218214,0.784731132,-0.236621236,-0.038635177,0.000000,6,-0.012182142,-0.870153004,0.000000000,0.000000,swing_up
real,9.221,-2.466977,2.656572,-1.339666,0.784621191,-0.214981903,-0.043056873,0.000000,6,-0.013396658,-0.956904156,0.000000000,0.000000,swing_up
real,9.242,-2.694139,2.967987,-1.435290,0.784513371,-0.191765034,-0.047021589,0.000000,6,-0.014352896,-1.025206835,0.000000000,0.000000,swing_up
real,9.262,-2.894003,3.249182,-1.530518,0.784412082,-0.167728203,-0.050509888,0.000000,6,-0.015305182,-1.060021777,0.000000000,0.000000,swing_up
real,9.283,-3.065533,3.498180,-1.608181,0.784319980,-0.142737041,-0.053503642,0.000000,6,-0.016081812,-1.148700851,0.000000000,0.000000,swing_up
real,9.303,-3.207813,3.713250,-1.670327,0.784239972,-0.117054672,-0.055986900,0.000000,6,-0.016703271,-1.193090792,0.000000000,0.000000,swing_up
real,9.324,-3.320284,3.893023,-1.719305,0.784174382,-0.090932132,-0.057949887,0.000000,6,-0.017193052,-1.228075117,0.000000000,0.000000,swing_up
real,9.344,-3.402628,4.036449,-1.756335,0.784124925,-0.064584480,-0.059387065,0.000000,6,-0.017563348,-1.254524881,0.000000000,0.000000,swing_up
real,9.365,-3.454551,4.142689,-1.771820,0.784092751,-0.038003080,-0.060293282,0.000000,6,-0.017718196,-1.265585464,0.000000000,0.000000,swing_up
real,9.395,-3.475698,4.231457,-1.776606,0.784078229,0.001483305,-0.060662378,0.000000,6,-0.017766062,-1.270796903,0.000000000,0.000000,swing_up
real,9.415,-3.452367,4.243423,-1.760130,0.784090892,0.027464731,-0.060255168,0.000000,6,-0.017601295,-1.257235376,0.000000000,0.000000,swing_up
real,9.436,-3.399728,4.217921,-1.733428,0.784120604,0.052880796,-0.059336454,0.000000,6,-0.017334284,-1.238163157,0.000000000,0.000000,swing_up
real,9.457,-3.318439,4.155493,-1.690488,0.784166193,0.077707149,-0.057917691,0.000000,6,-0.016904885,-1.207491759,0.000000000,0.000000,swing_up
real,9.477,-3.203189,4.051120,-1.631681,0.784229295,0.102906568,-0.055906200,0.000000,6,-0.016316806,-1.165486176,0.000000000,0.000000,swing_up
real,9.498,-3.073532,3.923486,-1.568495,0.784297816,0.124765647,-0.053643257,0.000000,6,-0.015684952,-1.120353681,0.000000000,0.000000,swing_up
real,9.528,-2.812978,3.650757,-1.438780,0.784427459,0.158337129,-0.049095722,0.000000,6,-0.014387798,-1.027699882,0.000000000,0.000000,swing_up
real,9.549,-2.625238,3.446436,-1.348456,0.784513975,0.177343056,-0.045819043,0.000000,6,-0.013484559,-0.963182783,0.000000000,0.000000,swing_up
real,9.569,-2.406361,3.203078,-1.239525,0.784607668,0.196020581,-0.041998916,0.000000,6,-0.012395246,-0.885374682,0.000000000,0.000000,swing_up
real,9.590,-2.167384,2.932891,-1.121886,0.784700926,0.213099662,-0.037827987,0.000000,6,-0.011218855,-0.801346816,0.000000000,0.000000,swing_up
real,9.610,-1.910254,2.638338,-0.995436,0.784790718,0.228466449,-0.033340219,0.000000,6,-0.009954364,-0.711026035,0.000000000,0.000000,swing_up
real,9.631,-1.637010,2.322055,-0.859776,0.784874136,0.242015434,-0.028571212,0.000000,6,-0.008597763,-0.614125903,0.000000000,0.000000,swing_up
real,9.661,-1.201793,1.813131,-0.642454,0.784981230,0.258625025,-0.020975250,0.000000,6,-0.006424537,-0.458895521,0.000000000,0.000000,swing_up
real,9.681,-0.898213,1.455280,-0.489380,0.785037060,0.267056606,-0.015676774,0.000000,6,-0.004893802,-0.349557302,0.000000000,0.000000,swing_up
real,9.702,-0.586824,1.086309,-0.331055,0.785078069,0.273244576,-0.010242017,0.000000,6,-0.003310548,-0.236467703,0.000000000,0.000000,swing_up
real,9.722,-0.270282,0.709556,-0.168609,0.785102749,0.277089916,-0.004717312,0.000000,6,-0.001686090,-0.120434966,0.000000000,0.000000,swing_up
real,9.743,0.048656,0.328453,0.027320,0.785110120,0.278505738,0.000849210,0.000000,6,0.000273197,0.019514059,0.000000000,0.000000,swing_up
real,9.763,0.365961,-0.052949,0.306064,0.785095428,0.275423549,0.006387230,0.000000,6,0.003060643,0.218617328,0.000000000,0.000000,swing_up
real,9.784,0.674324,-0.429056,0.416020,0.785056660,0.266381132,0.011769183,0.000000,6,0.004160201,0.297157200,0.000000000,0.000000,swing_up
real,9.805,0.971222,-0.796539,0.573703,0.785006178,0.256199357,0.016951014,0.000000,6,0.005737025,0.409787509,0.000000000,0.000000,swing_up
real,9.825,1.254822,-1.152459,0.723423,0.784943779,0.243865685,0.021900781,0.000000,6,0.007234235,0.516731061,0.000000000,0.000000,swing_up
real,9.845,1.522358,-1.493525,0.850858,0.784871855,0.229324369,0.026570156,0.000000,6,0.008508578,0.607755598,0.000000000,0.000000,swing_up
real,9.866,1.771900,-1.816932,0.975140,0.784794180,0.213194466,0.030925488,0.000000,6,0.009751403,0.696528786,0.000000000,0.000000,swing_up
real,9.886,2.001638,-2.120045,1.086351,0.784713427,0.195485531,0.034935167,0.000000,6,0.010863506,0.775964688,0.000000000,0.000000,swing_up
real,9.907,2.209940,-2.400442,1.185421,0.784632668,0.176435915,0.038570729,0.000000,6,0.011854212,0.846729414,0.000000000,0.000000,swing_up
real,9.927,2.404132,-2.668065,1.277897,0.784551025,0.155251745,0.041960012,0.000000,6,0.012778972,0.912783749,0.000000000,0.000000,swing_up
real,9.948,2.557024,-2.884708,1.344775,0.784482304,0.135102534,0.044628483,0.000000,6,0.013447749,0.960553473,0.000000000,0.000000,swing_up
real,9.968,2.693844,-3.085075,1.411744,0.784417768,0.113354732,0.047016444,0.000000,6,0.014117437,1.008388326,0.000000000,0.000000,swing_up
real,9.988,2.805179,-3.255677,1.461259,0.784362883,0.090952339,0.048959614,0.000000,6,0.014612586,1.043756131,0.000000000,0.000000,swing_up
real,10.009,2.890471,-3.395376,1.496484,0.784319347,0.068145711,0.050448238,0.000000,6,0.014964841,1.068917196,0.000000000,0.000000,swing_up
real,10.029,2.949514,-3.503377,1.522141,0.784288346,0.045200802,0.051478723,0.000000,6,0.015221415,1.087243895,0.000000000,0.000000,swing_up
real,10.050,2.982187,-3.579103,1.533506,0.784270564,0.022184537,0.052048978,0.000000,6,0.015335062,1.095361571,0.000000000,0.000000,swing_up
real,10.071,2.988211,-3.623555,1.532521,0.784266460,-0.001836669,0.052154126,0.000000,6,0.015325210,1.094657854,0.000000000,0.000000,swing_up
real,10.091,2.968961,-3.632802,1.519853,0.784275470,-0.023307261,0.051818143,0.000000,6,0.015198526,1.085609034,0.000000000,0.000000,swing_up
real,10.111,2.923811,-3.610988,1.496795,0.784297455,-0.045451350,0.051030131,0.000000,6,0.014967953,1.069139504,0.000000000,0.000000,swing_up
real,10.132,2.849551,-3.553768,1.456977,0.784333382,-0.068150582,0.049734046,0.000000,6,0.014569772,1.040697978,0.000000000,0.000000,swing_up
real,10.152,2.759395,-3.472406,1.413272,0.784375954,-0.087948116,0.048160521,0.000000,6,0.014132716,1.009479682,0.000000000,0.000000,swing_up
real,10.172,2.641832,-3.357349,1.351785,0.784429662,-0.108063894,0.046108666,0.000000,6,0.013517846,0.965560414,0.000000000,0.000000,swing_up
real,10.193,2.502045,-3.213297,1.282407,0.784490577,-0.127147800,0.043668923,0.000000,6,0.012824069,0.916004918,0.000000000,0.000000,swing_up
real,10.213,2.341284,-3.041697,1.202351,0.784556696,-0.145141143,0.040863110,0.000000,6,0.012023507,0.858821939,0.000000000,0.000000,swing_up
real,10.234,2.160910,-2.844197,1.112730,0.784625809,-0.161906385,0.037715002,0.000000,6,0.011127304,0.794807409,0.000000000,0.000000,swing_up
real,10.254,1.962436,-2.622655,1.014167,0.784695626,-0.177321266,0.034250977,0.000000,6,0.010141671,0.724405062,0.000000000,0.000000,swing_up
real,10.275,1.747504,-2.379121,0.907143,0.784763841,-0.191271001,0.030499698,0.000000,6,0.009071427,0.647959093,0.000000000,0.000000,swing_up
real,10.304,1.398147,-1.977503,0.733607,0.784858186,-0.209171974,0.024402271,0.000000,6,0.007906040,0.564717120,0.000000000,0.000000,swing_up
real,10.326,1.150137,-1.689122,0.607921,0.784912766,-0.218987897,0.020073681,0.000000,6,0.006079212,0.434229438,0.000000000,0.000000,swing_up
real,10.347,0.892383,-1.387234,0.476726,0.784958446,-0.226957775,0.015575024,0.000000,6,0.004767260,0.340518552,0.000000000,0.000000,swing_up
real,10.368,0.627126,-1.074610,0.342137,0.784993590,-0.232967228,0.010945410,0.000000,6,0.003421374,0.244383890,0.000000000,0.000000,swing_up
real,10.389,0.356556,-0.754054,0.196816,0.785017282,-0.237107732,0.006223075,0.000000,6,0.001968163,0.140583042,0.000000000,0.000000,swing_up
real,10.409,0.083154,-0.428554,0.062126,0.785027842,-0.238880548,0.001451312,0.000000,6,0.000621261,0.044375811,0.000000000,0.000000,swing_up
real,10.430,-0.190427,-0.101207,-0.169151,0.785025007,-0.238313921,-0.003323576,0.000000,6,-0.001691506,-0.120821827,0.000000000,0.000000,swing_up
real,10.451,-0.459406,0.223882,-0.316464,0.785004182,-0.232806888,-0.008018146,0.000000,6,-0.003164639,-0.226045610,0.000000000,0.000000,swing_up
real,10.471,-0.719347,0.542781,-0.421612,0.784970627,-0.224473543,-0.012554973,0.000000,6,-0.004216115,-0.301151093,0.000000000,0.000000,swing_up
real,10.492,-0.969004,0.853087,-0.567286,0.784929109,-0.215189395,-0.016912304,0.000000,6,-0.005672860,-0.405204304,0.000000000,0.000000,swing_up
real,10.513,-1.206130,1.152000,-0.678310,0.784878777,-0.203542316,-0.021050947,0.000000,6,-0.006783097,-0.484506897,0.000000000,0.000000,swing_up
real,10.533,-1.428582,1.436837,-0.787115,0.784823070,-0.190418663,-0.024933461,0.000000,6,-0.007871146,-0.562224699,0.000000000,0.000000,swing_up
real,10.563,-1.731501,1.832741,-0.937886,0.784733954,-0.168169434,-0.030220385,0.000000,6,-0.009378855,-0.669918216,0.000000000,0.000000,swing_up
real,10.584,-1.910686,2.072601,-1.023695,0.784673966,-0.151768275,-0.033347761,0.000000,6,-0.010236951,-0.731210813,0.000000000,0.000000,swing_up
real,10.614,-2.142334,2.391608,-1.134341,0.784588581,-0.125349506,-0.037390781,0.000000,6,-0.011343413,-0.810243757,0.000000000,0.000000,swing_up
real,10.634,-2.270602,2.574761,-1.195262,0.784537505,-0.106766000,-0.039629476,0.000000,6,-0.011952622,-0.853758683,0.000000000,0.000000,swing_up
real,10.655,-2.377007,2.732710,-1.242298,0.784493009,-0.087532019,-0.041486601,0.000000,6,-0.012422975,-0.887355385,0.000000000,0.000000,swing_up
real,10.686,-2.494573,2.920120,-1.294704,0.784441588,-0.057979765,-0.043538511,0.000000,6,-0.012947040,-0.924788594,0.000000000,0.000000,swing_up
real,10.706,-2.546320,3.014702,-1.317345,0.784418038,-0.037019411,-0.044441674,0.000000,6,-0.013173451,-0.940960769,0.000000000,0.000000,swing_up
real,10.736,-2.576252,3.094615,-1.327074,0.784403652,-0.008007147,-0.044964084,0.000000,6,-0.013270740,-0.947909981,0.000000000,0.000000,swing_up
real,10.756,-2.568937,3.115162,-1.320684,0.784406203,0.011811365,-0.044836405,0.000000,6,-0.013206839,-0.943345607,0.000000000,0.000000,swing_up
real,10.777,-2.539179,3.107595,-1.305074,0.784418643,0.031291108,-0.044317038,0.000000,6,-0.013050735,-0.932195383,0.000000000,0.000000,swing_up
real,10.797,-2.487435,3.072232,-1.277381,0.784440412,0.050362628,-0.043413930,0.000000,6,-0.012773807,-0.912414787,0.000000000,0.000000,swing_up
real,10.827,-2.369918,2.968298,-1.216356,0.784488624,0.077865852,-0.041362870,0.000000,6,-0.012389674,-0.884976693,0.000000000,0.000000,swing_up
real,10.858,-2.206954,2.805823,-1.132075,0.784551944,0.103690388,-0.038518617,0.000000,6,-0.011320745,-0.808624656,0.000000000,0.000000,swing_up
real,10.879,-2.074724,2.666827,-1.066645,0.784600091,0.119712823,-0.036210772,0.000000,6,-0.010666455,-0.761889622,0.000000000,0.000000,swing_up
real,10.899,-1.925002,2.504875,-0.991984,0.784651125,0.134698077,-0.033597621,0.000000,6,-0.009919837,-0.708559762,0.000000000,0.000000,swing_up
real,10.920,-1.759058,2.321511,-0.909332,0.784703314,0.148519761,-0.030701360,0.000000,6,-0.009093318,-0.649522693,0.000000000,0.000000,swing_up
real,10.941,-1.568852,2.107800,-0.811147,0.784757539,0.161733798,-0.027381641,0.000000,6,-0.008111472,-0.579390860,0.000000000,0.000000,swing_up
real,10.961,-1.374208,1.886121,-0.716809,0.784806557,0.172783709,-0.023984460,0.000000,6,-0.007168090,-0.512006423,0.000000000,0.000000,swing_up
real,10.981,-1.178546,1.660984,-0.616001,0.784849538,0.182035571,-0.020569516,0.000000,6,-0.006160013,-0.440000936,0.000000000,0.000000,swing_up
real,11.002,-0.963048,1.410824,-0.508346,0.784889246,0.190181130,-0.016808357,0.000000,6,-0.005083461,-0.363104371,0.000000000,0.000000,swing_up
real,11.022,-0.739481,1.149363,-0.392639,0.784922178,0.196760900,-0.012906381,0.000000,6,-0.003926389,-0.280456354,0.000000000,0.000000,swing_up
real,11.043,-0.509835,0.879027,-0.275535,0.784947004,0.201580598,-0.008898304,0.000000,6,-0.002755352,-0.196810839,0.000000000,0.000000,swing_up
real,11.063,-0.276015,0.602249,-0.151677,0.784963063,0.204704815,-0.004817372,0.000000,6,-0.001516775,-0.108341058,0.000000000,0.000000,swing_up
real,11.084,-0.028581,0.307631,-0.031179,0.784969334,0.205780650,-0.000498830,0.000000,6,-0.000311791,-0.022270793,0.000000000,0.000000,swing_up
real,11.104,0.206522,0.026017,0.169029,0.784964914,0.204611444,0.003604483,0.000000,6,0.001690291,0.120735073,0.000000000,0.000000,swing_up
real,11.125,0.425446,-0.239119,0.266451,0.784948451,0.199542467,0.007425439,0.000000,6,0.002664515,0.190322484,0.000000000,0.000000,swing_up
real,11.145,0.648591,-0.512915,1.459056,0.784923536,0.192793881,0.011320043,-0.512915,7,0.014590561,1.042182901,0.000000000,0.000000,manual_A_near_upright
real,11.166,0.841154,-0.768974,0.215443,0.784856526,0.157172178,0.014680900,-0.509254,7,0.002154431,0.153887893,0.000000000,0.000000,manual_A_near_upright
real,11.186,1.013989,-1.010881,0.444936,0.784831185,0.152178422,0.017697439,-0.505594,7,0.004449363,0.317811627,0.000000000,0.000000,manual_A_near_upright
real,11.207,1.185712,-1.246089,0.733019,0.784802097,0.146730657,0.020694579,-0.501994,7,0.007330194,0.523585314,0.000000000,0.000000,manual_A_near_upright
real,11.227,1.341994,-1.466721,0.659267,0.784762877,0.132766544,0.023422213,-0.498399,7,0.006592666,0.470904732,0.000000000,0.000000,manual_A_near_upright
real,11.248,1.485169,-1.672724,0.781079,0.784727753,0.122038059,0.025921087,-0.494829,7,0.007810795,0.557913917,0.000000000,0.000000,manual_A_near_upright
real,11.278,1.673605,-1.951244,0.865560,0.784674586,0.102439392,0.029209920,-0.489641,7,0.008655601,0.618257222,0.000000000,0.000000,manual_A_near_upright
real,11.298,1.784415,-2.121906,0.923389,0.784640643,0.087935517,0.031143921,-0.486211,7,0.009233891,0.659563618,0.000000000,0.000000,manual_A_near_upright
real,11.329,1.911292,-2.328347,0.983212,0.784599119,0.066003544,0.033358346,-0.481003,7,0.009832118,0.702294119,0.000000000,0.000000,manual_A_near_upright
real,11.349,1.971666,-2.435067,1.011970,0.784578360,0.051661225,0.034412066,-0.477607,7,0.010119705,0.722836064,0.000000000,0.000000,manual_A_near_upright
real,11.379,2.034731,-2.564068,1.041857,0.784555851,0.028563244,0.035512759,-0.472607,7,0.010418568,0.744183425,0.000000000,0.000000,manual_A_near_upright
real,11.400,2.055053,-2.624872,1.049080,0.784548219,0.012223252,0.035867449,-0.469161,7,0.010490802,0.749342978,0.000000000,0.000000,manual_A_near_upright
real,11.420,2.056554,-2.658712,1.048793,0.784547277,-0.002479524,0.035893642,-0.465871,7,0.010487932,0.749138011,0.000000000,0.000000,manual_A_near_upright
real,11.440,2.040963,-2.672590,1.039854,0.784552338,-0.017806949,0.035621520,-0.462498,7,0.010398536,0.742752591,0.000000000,0.000000,wait_stable
real,11.461,2.008029,-2.664322,1.023253,0.784563353,-0.032845855,0.035046713,-0.459212,7,0.010232530,0.730894978,0.000000000,0.000000,wait_stable
real,11.491,1.927038,-2.611193,0.981324,0.784590042,-0.054681707,0.033633161,-0.454346,7,0.009813243,0.700945951,0.000000000,0.000000,wait_stable
real,11.512,1.852774,-2.549423,0.943296,0.784613666,-0.068576223,0.032336998,-0.451046,7,0.009432959,0.673782799,0.000000000,0.000000,wait_stable
real,11.533,1.763125,-2.467457,0.897941,0.784641002,-0.081816688,0.030772334,-0.447769,7,0.008979408,0.641386282,0.000000000,0.000000,wait_stable
real,11.553,1.658880,-2.366211,0.842941,0.784671161,-0.094363853,0.028952920,-0.444626,7,0.008429410,0.602100706,0.000000000,0.000000,wait_stable
real,11.574,1.541015,-2.246791,0.785752,0.784702997,-0.105966728,0.026895788,-0.441394,7,0.007857523,0.561251666,0.000000000,0.000000,wait_stable
real,11.594,1.410558,-2.110426,0.717118,0.784735610,-0.116746130,0.024618879,-0.438222,7,0.007171177,0.512226956,0.000000000,0.000000,wait_stable
real,11.615,1.268580,-1.958454,0.646003,0.784767763,-0.126432192,0.022140898,-0.435060,7,0.006460030,0.461430699,0.000000000,0.000000,wait_stable
real,11.635,1.116460,-1.792442,0.570544,0.784798409,-0.135003797,0.019485901,-0.431929,7,0.005705444,0.407531721,0.000000000,0.000000,wait_stable
real,11.656,0.947169,-1.604742,0.480984,0.784828018,-0.142859172,0.016531223,-0.428813,7,0.004809844,0.343560315,0.000000000,0.000000,wait_stable
real,11.677,0.786854,-1.424718,0.400177,0.784851426,-0.148685241,0.013733189,-0.425718,7,0.004001766,0.285840406,0.000000000,0.000000,wait_stable
real,11.697,0.612312,-1.226565,0.311129,0.784871935,-0.153576498,0.010686864,-0.422690,7,0.003111295,0.222235334,0.000000000,0.000000,wait_stable
real,11.728,0.342598,-0.916736,0.175308,0.784893233,-0.158309381,0.005979460,-0.418125,7,0.001753079,0.125219893,0.000000000,0.000000,wait_stable
real,11.749,0.159834,-0.704631,0.079531,0.784900584,-0.159774181,0.002789621,-0.415101,7,0.000795313,0.056808093,0.000000000,0.000000,wait_stable
real,11.769,-0.023399,-0.490416,-0.024210,0.784902081,-0.159776285,-0.000408394,-0.412152,7,0.000317585,0.022684677,0.000000000,0.000000,wait_stable
real,11.790,-0.205070,-0.276291,-0.158024,0.784896980,-0.157712757,-0.003579142,-0.409160,7,-0.001580238,-0.112874167,0.000000000,0.000000,wait_stable
real,11.811,-0.382063,-0.064960,-0.233706,0.784884960,-0.153039639,-0.006668256,-0.406181,7,-0.002337060,-0.166932839,0.000000000,0.000000,wait_stable
real,11.831,-0.552832,0.141621,-0.323087,0.784868634,-0.147393415,-0.009648731,-0.403339,7,-0.003230868,-0.230776318,0.000000000,0.000000,wait_stable
real,11.851,-0.716224,0.341720,-0.411646,0.784848349,-0.140540920,-0.012500475,-0.400447,7,-0.004116462,-0.294033026,0.000000000,0.000000,wait_stable
real,11.872,-0.870506,0.533375,-0.484042,0.784824712,-0.132288238,-0.015193190,-0.397544,7,-0.004840417,-0.345744055,0.000000000,0.000000,wait_stable
real,11.893,-1.014589,0.714982,-0.558643,0.784799128,-0.123134790,-0.017707923,-0.394677,7,-0.005586429,-0.399030655,0.000000000,0.000000,wait_stable
real,11.913,-1.147338,0.884981,-0.624431,0.784772374,-0.112966665,-0.020024831,-0.391866,7,-0.006244311,-0.446022195,0.000000000,0.000000,wait_stable
real,11.934,-1.267709,1.041924,-0.683430,0.784745528,-0.101946872,-0.022125690,-0.389039,7,-0.006834303,-0.488164521,0.000000000,0.000000,wait_stable
real,11.954,-1.374861,1.184541,-0.737014,0.784719597,-0.090227347,-0.023995850,-0.386259,7,-0.007370145,-0.526438908,0.000000000,0.000000,wait_stable
real,11.975,-1.472305,1.317614,-0.784439,0.784694319,-0.077242823,-0.025696570,-0.383457,7,-0.007844385,-0.560313216,0.000000000,0.000000,wait_stable
real,11.995,-1.546598,1.422363,-0.817997,0.784673933,-0.064965890,-0.026993235,-0.380763,7,-0.008179972,-0.584283682,0.000000000,0.000000,wait_stable
real,12.016,-1.610056,1.515741,-0.847660,0.784655777,-0.051713362,-0.028100776,-0.378027,7,-0.008476596,-0.605471110,0.000000000,0.000000,wait_stable
real,12.036,-1.658134,1.591188,-0.871505,0.784641536,-0.038229286,-0.028939890,-0.375302,7,-0.008715053,-0.622503819,0.000000000,0.000000,wait_stable
real,12.057,-1.690579,1.648193,-0.884497,0.784631604,-0.024524386,-0.029506170,-0.372612,7,-0.008844971,-0.631783627,0.000000000,0.000000,wait_stable
real,12.077,-1.707257,1.686399,-0.889904,0.784626277,-0.010783178,-0.029797254,-0.369999,7,-0.008899035,-0.635645373,0.000000000,0.000000,wait_stable
real,12.097,-1.708274,1.705675,-0.889415,0.784625637,0.002859096,-0.029814999,-0.367361,7,-0.008894149,-0.635296378,0.000000000,0.000000,wait_stable
real,12.118,-1.693767,1.706008,-0.880732,0.784629622,0.016344474,-0.029561805,-0.364730,7,-0.008807317,-0.629094060,0.000000000,0.000000,wait_stable
real,12.138,-1.664044,1.687575,-0.865192,0.784638009,0.029546381,-0.029043049,-0.362107,7,-0.008651923,-0.617994497,0.000000000,0.000000,wait_stable
real,12.159,-1.619459,1.650677,-0.840732,0.784650460,0.042410096,-0.028264888,-0.359494,7,-0.008407321,-0.600522901,0.000000000,0.000000,wait_stable
real,12.179,-1.557177,1.592575,-0.806728,0.784667373,0.055418985,-0.027177874,-0.356883,7,-0.008228309,-0.587736341,0.000000000,0.000000,wait_stable
real,12.200,-1.487847,1.523555,-0.773394,0.784685437,0.066582496,-0.025967836,-0.354356,7,-0.007733944,-0.552424544,0.000000000,0.000000,wait_stable
real,12.221,-1.402175,1.434742,-0.727525,0.784706704,0.077787038,-0.024472575,-0.351805,7,-0.007275252,-0.519660871,0.000000000,0.000000,wait_stable
real,12.241,-1.304294,1.330255,-0.677325,0.784729460,0.088215712,-0.022764232,-0.349301,7,-0.006773255,-0.483803907,0.000000000,0.000000,wait_stable
real,12.262,-1.195096,1.211126,-0.620211,0.784752942,0.097851949,-0.020858353,-0.346792,7,-0.006202110,-0.443007889,0.000000000,0.000000,wait_stable
real,12.293,-1.005846,1.000308,-0.519751,0.784788840,0.111023366,-0.017555325,-0.343079,7,-0.005197508,-0.371250575,0.000000000,0.000000,wait_stable
real,12.313,-0.879465,0.857227,-0.459000,0.784809283,0.117801466,-0.015349561,-0.340632,7,-0.004590000,-0.327857128,0.120000000,0.300000,impulse_+0.30N
real,12.343,-0.515573,0.664610,12.477353,0.784952403,0.205115867,-0.008998442,-0.337035,7,0.124773528,8.912394870,0.120000000,0.300000,impulse_+0.30N
real,12.363,-0.480405,0.776621,8.460405,0.784791024,-0.034702762,-0.008384645,-0.334605,7,0.104213632,7.443830878,0.120000000,0.300000,impulse_+0.30N
real,12.384,-0.642371,1.097357,8.974603,0.784893343,-0.171758882,-0.011211498,-0.332183,7,0.089746027,6.410430535,0.120000000,0.300000,impulse_+0.30N
real,12.405,-0.948030,1.601535,9.179108,0.785127599,-0.308752663,-0.016546243,-0.329816,7,0.091791076,6.556505424,0.120000000,0.300000,impulse_+0.30N
real,12.425,-1.427770,2.301916,8.281671,0.785514738,-0.457320014,-0.024919286,-0.327487,7,0.082816706,5.915478970,0.120000000,0.300000,impulse_+0.30N
real,12.446,-2.054853,3.183528,7.983934,0.785892477,-0.579829032,-0.035863946,-0.325136,7,0.079839340,5.702809972,0.120000000,0.300000,impulse_+0.30N
real,12.466,-2.814843,4.236027,6.522606,0.786251486,-0.693710434,-0.049128270,-0.322820,7,0.065226061,4.659004335,0.120000000,0.300000,impulse_+0.30N
real,12.496,-4.113742,6.082863,5.517196,0.786158495,-0.769654516,-0.071798339,-0.321696,7,0.051556148,3.682581965,0.120000000,0.300000,impulse_+0.30N
real,12.517,-5.021721,7.454911,5.121734,0.785878700,-0.803880339,-0.087645572,-0.321696,7,0.051217337,3.658381241,0.000000000,0.000000,recover
real,12.537,-6.084636,8.932318,-7.685348,0.786361044,-0.971039095,-0.106196934,-0.321696,7,-0.076853484,-5.489534544,0.000000000,0.000000,recover
real,12.558,-7.085014,10.343334,-3.916550,0.784410079,-0.807210302,-0.123656827,-0.321696,7,-0.039165503,-2.797535914,0.000000000,0.000000,recover
real,12.578,-7.914123,11.629355,-3.576687,0.783106080,-0.714750394,-0.138127505,-0.321696,7,-0.024337536,-1.738395439,0.000000000,0.000000,recover
real,12.599,-8.700123,12.844195,-5.539809,0.782043016,-0.662974741,-0.151845789,-0.321696,7,-0.055398087,-3.957006191,0.000000000,0.000000,recover
real,12.620,-9.403833,14.001402,-4.487032,0.780768717,-0.557245296,-0.164127844,-0.321696,7,-0.044870321,-3.205022932,0.000000000,0.000000,recover
real,12.640,-9.958511,14.950833,-5.166230,0.779863333,-0.493844830,-0.173808799,-0.321696,7,-0.051662300,-3.690164311,0.000000000,0.000000,recover
real,12.670,-10.681377,16.254322,-5.164708,0.778578282,-0.379921037,-0.186425189,-0.321696,7,-0.051647080,-3.689077151,0.000000000,0.000000,recover
real,12.690,-11.059101,16.984664,-5.342818,0.777900523,-0.311228680,-0.193017716,-0.321696,7,-0.053428181,-3.738858098,0.000000000,0.000000,recover
real,12.711,-11.359347,17.603189,-5.392736,0.777350013,-0.243243190,-0.198258000,-0.321696,7,-0.053927360,-3.851954276,0.000000000,0.000000,recover
real,12.732,-11.583143,18.107870,-5.403469,0.776934715,-0.177615457,-0.202163975,-0.321696,7,-0.054034688,-3.859620575,0.000000000,0.000000,recover
real,12.752,-11.734614,18.498710,-5.431019,0.776651941,-0.115166051,-0.204807648,-0.321696,7,-0.054310193,-3.879299504,0.000000000,0.000000,recover
real,12.773,-11.815987,18.775353,-5.401788,0.776497050,-0.054525914,-0.206227883,-0.321696,7,-0.054017882,-3.858420170,0.000000000,0.000000,recover
real,12.794,-11.830013,18.938208,-5.366077,0.776465526,0.003511099,-0.206472675,-0.321696,7,-0.053660770,-3.832912131,0.000000000,0.000000,recover
real,12.814,-11.779393,18.988162,-5.305891,0.776550497,0.059367269,-0.205589192,-0.321696,7,-0.053058911,-3.789922209,0.000000000,0.000000,recover
real,12.835,-11.666488,18.926420,-5.223111,0.776744665,0.113089064,-0.203618620,-0.321696,7,-0.052231108,-3.730793463,0.000000000,0.000000,recover
real,12.855,-11.493891,18.754760,-5.124905,0.777039219,0.164640324,-0.200606245,-0.321696,7,-0.051249054,-3.660646709,0.000000000,0.000000,recover
real,12.876,-11.260969,18.473866,-5.792015,0.777439702,0.220352328,-0.196540978,-0.321696,7,-0.057920147,-4.137153372,0.000000000,0.000000,recover
real,12.897,-10.945823,18.074730,-5.337451,0.778012101,0.296212833,-0.191040648,-0.321696,7,-0.053374508,-3.812464872,0.000000000,0.000000,recover
real,12.917,-10.549453,17.559726,-5.192581,0.778695924,0.363511685,-0.184122693,-0.321696,7,-0.051925809,-3.708986359,0.000000000,0.000000,recover
real,12.938,-10.079085,16.934796,-5.044417,0.779478982,0.428614374,-0.175913224,-0.321696,7,-0.050444172,-3.603155147,0.000000000,0.000000,recover
real,12.968,-9.233689,15.797584,-4.657239,0.780817444,0.524911795,-0.161158278,-0.321696,7,-0.046572392,-3.326599398,0.000000000,0.000000,recover
real,12.988,-8.581334,14.913746,-4.400935,0.781780448,0.585949717,-0.149772526,-0.321696,7,-0.044009349,-3.143524938,0.000000000,0.000000,recover
real,13.009,-7.860418,13.935480,-4.100643,0.782778322,0.645221309,-0.137190176,-0.320523,7,-0.041006433,-2.929030895,0.000000000,0.000000,recover
real,13.030,-7.073577,12.868828,-3.779240,0.783785005,0.702073087,-0.123457209,-0.318210,7,-0.037792404,-2.699457441,0.000000000,0.000000,recover
real,13.050,-6.223671,11.720381,-3.427153,0.784775779,0.756386499,-0.108623546,-0.315921,7,-0.034271527,-2.447966180,0.000000000,0.000000,recover
real,13.071,-5.313927,10.497332,-3.043648,0.785723378,0.807748249,-0.092745527,-0.315921,7,-0.030436478,-2.174034156,0.000000000,0.000000,recover
real,13.091,-4.348134,9.207532,-2.635599,0.786599437,0.855693496,-0.075889253,-0.315921,7,-0.026355985,-1.882570393,0.000000000,0.000000,recover
real,13.112,-3.330487,7.859403,-2.195834,0.787376278,0.899864394,-0.058127971,-0.315921,7,-0.021958335,-1.568452531,0.000000000,0.000000,recover
real,13.133,-2.265806,6.461999,-1.725219,0.788024947,0.939645909,-0.039545770,-0.315921,7,-0.017252193,-1.232299483,0.000000000,0.000000,recover
real,13.154,-1.159684,5.025056,-1.223185,0.788517097,0.974355123,-0.020240300,-0.315921,7,-0.012231852,-0.873703735,0.000000000,0.000000,recover
real,13.174,-0.018560,3.558991,-0.688416,0.788825809,1.003223457,-0.000323932,-0.315921,7,-0.006884158,-0.491725591,0.000000000,0.000000,recover
real,13.195,1.142923,2.078299,1.860275,0.788801190,1.009858710,0.019947771,-0.315921,7,0.018602753,1.328768036,0.000000000,0.000000,recover
real,13.215,2.253936,0.623915,1.724498,0.788115395,0.951180949,0.039338597,-0.315921,7,0.017244983,1.231784513,0.000000000,0.000000,recover
real,13.245,3.798964,-1.478662,3.040848,0.786961660,0.869467270,0.066304425,-0.315921,7,0.030408481,2.172034391,0.000000000,0.000000,recover
real,13.266,4.732479,-2.809718,2.990621,0.785980360,0.793432237,0.082597348,-0.315921,7,0.029906213,2.136158072,0.000000000,0.000000,recover
real,13.286,5.584976,-4.074423,3.366212,0.785046711,0.726197657,0.097476217,-0.315921,7,0.033662115,2.404436796,0.000000000,0.000000,recover
real,13.307,6.361258,-5.268757,3.652520,0.784117488,0.658306455,0.111024904,-0.314773,7,0.036525199,2.608942808,0.000000000,0.000000,recover
real,13.337,7.378553,-6.913890,3.944677,0.782791618,0.556992554,0.128780044,-0.311438,7,0.039446768,2.817626271,0.000000000,0.000000,recover
real,13.358,7.962349,-7.907365,4.123167,0.781982813,0.491380435,0.138969198,-0.309201,7,0.041231673,2.945119496,0.000000000,0.000000,recover
real,13.378,8.471925,-8.813571,4.277775,0.781248574,0.427310006,0.147862987,-0.309201,7,0.042777749,3.055553531,0.000000000,0.000000,recover
real,13.398,8.909491,-9.629622,4.397183,0.780597442,0.364709491,0.155499949,-0.309201,7,0.043971828,3.140844828,0.000000000,0.000000,recover
real,13.419,9.276623,-10.352848,4.488604,0.780037230,0.303811709,0.161907613,-0.309201,7,0.044886045,3.206146053,0.000000000,0.000000,recover
real,13.439,9.575744,-10.981473,4.570272,0.779572539,0.244961425,0.167128258,-0.309201,7,0.045345468,3.238962000,0.000000000,0.000000,recover
real,13.460,9.808611,-11.513902,4.606536,0.779204728,0.187557700,0.171192561,-0.309201,7,0.046065356,3.290382580,0.000000000,0.000000,recover
real,13.480,9.977379,-11.949200,4.722481,0.778935375,0.132230712,0.174138107,-0.309201,7,0.047224807,3.373200535,0.000000000,0.000000,recover
real,13.501,10.080901,-12.285340,5.046109,0.778763290,0.073016468,0.175944917,-0.309201,7,0.050461095,3.604363902,0.000000000,0.000000,recover
real,13.521,10.108765,-12.516351,4.879143,0.778708661,0.006023290,0.176431235,-0.309201,7,0.048791427,3.485101906,0.000000000,0.000000,recover
real,13.542,10.063818,-12.643045,4.874955,0.778774929,-0.055908006,0.175646767,-0.309201,7,0.048749546,3.482110448,0.000000000,0.000000,recover
real,13.562,9.949147,-12.666887,4.825399,0.778953553,-0.116903323,0.173645372,-0.309201,7,0.048253988,3.446713450,0.000000000,0.000000,recover
real,13.583,9.765006,-12.588510,4.718912,0.779240177,-0.177057494,0.170431508,-0.309201,7,0.047189122,3.370651584,0.000000000,0.000000,recover
real,13.613,9.363242,-12.283854,4.543297,0.779850422,-0.263850910,0.163419402,-0.309201,7,0.045432970,3.245212116,0.000000000,0.000000,recover
real,13.633,9.014179,-11.959551,4.387115,0.780362986,-0.319876679,0.157327109,-0.309201,7,0.043871154,3.133653852,0.000000000,0.000000,recover
real,13.654,8.602386,-11.541847,4.210329,0.780945435,-0.374123832,0.150139960,-0.309201,7,0.042103291,3.007377897,0.000000000,0.000000,recover
real,13.674,8.129917,-11.034355,4.008428,0.781584219,-0.426572852,0.141893815,-0.309201,7,0.040084284,2.863163115,0.000000000,0.000000,recover
real,13.695,7.598962,-10.441179,3.779522,0.782264190,-0.477040929,0.132626905,-0.306980,7,0.037795216,2.699658320,0.000000000,0.000000,recover
real,13.716,7.012010,-9.766976,3.531503,0.782968791,-0.525288840,0.122382665,-0.304728,7,0.035315033,2.522502356,0.000000000,0.000000,recover
real,13.746,6.032145,-8.614933,3.114992,0.784034931,-0.593214299,0.105280793,-0.301543,7,0.031149922,2.224994404,0.000000000,0.000000,recover
real,13.767,5.317251,-7.761577,2.806292,0.784725344,-0.635197366,0.092803529,-0.299366,7,0.028062922,2.004494396,0.000000000,0.000000,recover
real,13.788,4.556645,-6.847154,2.472307,0.785377837,-0.674185313,0.079528450,-0.297199,7,0.024723074,1.765933857,0.000000000,0.000000,recover
real,13.808,3.754235,-5.878567,2.119318,0.785972621,-0.709696692,0.065523765,-0.295087,7,0.021193179,1.513798466,0.000000000,0.000000,recover
real,13.828,2.914206,-4.863132,1.740676,0.786491568,-0.741455717,0.050862489,-0.293006,7,0.017406756,1.243339733,0.000000000,0.000000,recover
real,13.849,2.041288,-3.808684,1.339507,0.786916025,-0.768933517,0.035627199,-0.290882,7,0.013395072,0.956790823,0.000000000,0.000000,recover
real,13.869,1.140814,-2.723569,0.916072,0.787228873,-0.791620637,0.019910966,-0.288846,7,0.009160722,0.654337311,0.000000000,0.000000,recover
real,13.889,0.218725,-1.616614,0.470086,0.787414822,-0.808962514,0.003817478,-0.286792,7,0.004700857,0.335775483,0.000000000,0.000000,recover
real,13.910,-0.715797,-0.498326,-1.091846,0.787425501,-0.814880769,-0.012493007,-0.284726,7,-0.010918460,-0.779890018,0.000000000,0.000000,recover
real,13.931,-1.623167,0.606476,-1.414714,0.787069348,-0.778909631,-0.028329612,-0.282646,7,-0.014147140,-1.010509967,0.000000000,0.000000,recover
real,13.951,-2.479423,1.680239,-1.644634,0.786601980,-0.736433351,-0.043274098,-0.280600,7,-0.016446336,-1.174738298,0.000000000,0.000000,recover
real,13.972,-3.290096,2.719452,-2.158668,0.786088172,-0.695511469,-0.057423014,-0.278559,7,-0.021586677,-1.541905504,0.000000000,0.000000,recover
real,13.993,-4.047403,3.714702,-2.461191,0.785495168,-0.646879998,-0.070640509,-0.276559,7,-0.024611914,-1.757993836,0.000000000,0.000000,recover
real,14.013,-4.745976,4.658019,-2.743534,0.784872811,-0.595446605,-0.082832907,-0.274621,7,-0.027435342,-1.959667282,0.000000000,0.000000,recover
real,14.033,-5.384496,5.543698,-3.033940,0.784245129,-0.542364250,-0.093977191,-0.272636,7,-0.030339403,-2.167100237,0.000000000,0.000000,recover
real,14.054,-5.960019,6.365667,-3.260413,0.783626885,-0.486818007,-0.104021964,-0.270660,7,-0.032604131,-2.328866487,0.000000000,0.000000,recover
real,14.075,-6.470916,7.118879,-3.464991,0.783040363,-0.430194111,-0.112938784,-0.268714,7,-0.034649909,-2.474993497,0.000000000,0.000000,recover
real,14.105,-7.114056,8.110531,-3.712250,0.782251959,-0.343808578,-0.124163705,-0.265877,7,-0.037122502,-2.651607318,0.000000000,0.000000,recover
real,14.126,-7.459867,8.674341,-3.839168,0.781805519,-0.285821018,-0.130199243,-0.263952,7,-0.038391682,-2.742263031,0.000000000,0.000000,recover
real,14.146,-7.739262,9.157052,-3.937581,0.781433443,-0.227900742,-0.135075610,-0.262055,7,-0.039375814,-2.812558161,0.000000000,0.000000,recover
real,14.167,-7.952544,9.556548,-4.009133,0.781142329,-0.170322767,-0.138798073,-0.260180,7,-0.040091327,-2.863666201,0.000000000,0.000000,recover
real,14.188,-8.100209,9.871272,-4.047064,0.780936365,-0.113229208,-0.141375321,-0.260180,7,-0.040470639,-2.890759895,0.000000000,0.000000,recover
real,14.208,-8.183179,10.100327,-4.066311,0.780817608,-0.057009654,-0.142823417,-0.260180,7,-0.040663111,-2.904507929,0.000000000,0.000000,recover
real,14.228,-8.202401,10.243289,-4.056959,0.780785858,-0.001614181,-0.143158900,-0.260180,7,-0.040569589,-2.897827804,0.000000000,0.000000,recover
real,14.249,-8.158980,10.300263,-4.022910,0.780839292,0.052748557,-0.142401063,-0.260180,7,-0.040229097,-2.873506924,0.000000000,0.000000,recover
real,14.269,-8.054248,10.271909,-3.966742,0.780974180,0.105912659,-0.140573140,-0.260180,7,-0.039667423,-2.833387364,0.000000000,0.000000,recover
real,14.290,-7.889607,10.159355,-3.887224,0.781185371,0.157861355,-0.137699613,-0.258299,7,-0.038872239,-2.776588466,0.000000000,0.000000,recover
real,14.310,-7.666515,9.964186,-3.780593,0.781466324,0.208480134,-0.133805921,-0.256487,7,-0.037805926,-2.700423256,0.000000000,0.000000,recover
real,14.330,-7.386706,9.688532,-3.653172,0.781808773,0.257532757,-0.128922334,-0.254637,7,-0.036531719,-2.609408524,0.000000000,0.000000,recover
real,14.351,-7.052048,9.334988,-3.502906,0.782203446,0.304933977,-0.123081462,-0.252837,7,-0.035029055,-2.502075370,0.000000000,0.000000,recover
real,14.371,-6.664555,8.906607,-3.330740,0.782639894,0.350529649,-0.116318429,-0.251022,7,-0.033307397,-2.379099796,0.000000000,0.000000,recover
real,14.392,-6.226434,8.406906,-3.137165,0.783106680,0.394155869,-0.108671771,-0.249199,7,-0.031371653,-2.240832332,0.000000000,0.000000,recover
real,14.412,-5.740026,7.839821,-2.918914,0.783591822,0.435700067,-0.100182357,-0.247408,7,-0.029189140,-2.084938584,0.000000000,0.000000,recover
real,14.433,-5.208155,7.209851,-2.689599,0.784081318,0.474696080,-0.090899446,-0.245630,7,-0.026895990,-1.921142156,0.000000000,0.000000,recover
real,14.454,-4.633500,6.521747,-2.429457,0.784563332,0.511313645,-0.080869824,-0.243860,7,-0.024294574,-1.735326709,0.000000000,0.000000,recover
real,14.484,-3.698248,5.392222,-2.002240,0.785240802,0.560789404,-0.064546611,-0.241302,7,-0.020022400,-1.430171431,0.000000000,0.000000,recover
real,14.504,-3.031301,4.582850,-1.700444,0.785641311,0.589567490,-0.052906182,-0.239568,7,-0.017004438,-1.214602688,0.000000000,0.000000,recover
real,14.525,-2.334265,3.735726,-1.374734,0.785986393,0.614817098,-0.040740613,-0.237865,7,-0.013747340,-0.981952854,0.000000000,0.000000,recover
real,14.545,-1.611874,2.857722,-1.040356,0.786262099,0.635879164,-0.028132505,-0.236145,7,-0.010403562,-0.743111549,0.000000000,0.000000,recover
real,14.566,-0.868703,1.955820,-0.676711,0.786459471,0.652796393,-0.015161719,-0.234472,7,-0.006767107,-0.483364753,0.000000000,0.000000,recover
real,14.586,-0.110196,1.037563,-0.302543,0.786567027,0.664784353,-0.001923291,-0.232781,7,-0.003025430,-0.216102155,0.000000000,0.000000,recover
real,14.607,0.655433,0.111910,0.871383,0.786551800,0.666609808,0.011439467,-0.231130,7,0.008713828,0.622416258,0.000000000,0.000000,recover
real,14.627,1.398025,-0.801848,1.076181,0.786314456,0.638604132,0.024400136,-0.229487,7,0.010761806,0.768700456,0.000000000,0.000000,recover
real,14.648,2.103662,-1.692010,1.348092,0.786013083,0.607770687,0.036715829,-0.227826,7,0.013480923,0.962923089,0.000000000,0.000000,recover
real,14.668,2.774132,-2.554415,1.749120,0.785665611,0.575644997,0.048417743,-0.226184,7,0.017491200,1.249371448,0.000000000,0.000000,recover
real,14.689,3.402305,-3.380971,2.003904,0.785263252,0.537326590,0.059381418,-0.224570,7,0.020039038,1.431359825,0.000000000,0.000000,recover
real,14.709,3.984519,-4.165460,2.270372,0.784838570,0.496753249,0.069542974,-0.222999,7,0.022703725,1.621694620,0.000000000,0.000000,recover
real,14.729,4.518233,-4.902477,2.509853,0.784403802,0.453667530,0.078858035,-0.221398,7,0.025098530,1.792752142,0.000000000,0.000000,recover
real,14.750,5.000655,-5.586818,2.712205,0.783973581,0.408403133,0.087277897,-0.219821,7,0.027122052,1.937289463,0.000000000,0.000000,recover
real,14.770,5.430013,-6.214086,2.893218,0.783562541,0.361740150,0.094771597,-0.218262,7,0.028932180,2.066584251,0.000000000,0.000000,recover
real,14.791,5.804923,-6.780423,3.045748,0.783182017,0.313940618,0.101315014,-0.216690,7,0.030457476,2.175534036,0.000000000,0.000000,recover
real,14.811,6.124408,-7.282526,3.171994,0.782842172,0.265406138,0.106891081,-0.215166,7,0.031719941,2.265710044,0.000000000,0.000000,recover
real,14.831,6.387917,-7.717668,3.272993,0.782551187,0.216471811,0.111490187,-0.213619,7,0.032729933,2.337852341,0.000000000,0.000000,recover
real,14.852,6.595219,-8.083659,3.348835,0.782315339,0.167409927,0.115108291,-0.212098,7,0.033488354,2.392025321,0.000000000,0.000000,recover
real,14.882,6.801005,-8.499491,3.417036,0.782074287,0.094122520,0.118699922,-0.209875,7,0.034170359,2.440739935,0.000000000,0.000000,recover
real,14.902,6.868680,-8.686467,3.433798,0.781992082,0.045798224,0.119881088,-0.208374,7,0.034337982,2.452712973,0.000000000,0.000000,recover
real,14.923,6.881432,-8.800675,3.425245,0.781973253,-0.001934105,0.120103639,-0.206848,7,0.034252448,2.446603425,0.000000000,0.000000,recover
real,14.944,6.840171,-8.842215,3.396211,0.782016529,-0.048822154,0.119383512,-0.205358,7,0.033962111,2.425865065,0.000000000,0.000000,recover
real,14.974,6.679376,-8.769600,3.312181,0.782191646,-0.117290468,0.116577095,-0.203199,7,0.033121812,2.365843698,0.000000000,0.000000,recover
real,14.995,6.508056,-8.632848,3.224573,0.782375773,-0.161575183,0.113587008,-0.201734,7,0.032245731,2.303266509,0.000000000,0.000000,recover
real,15.024,6.158728,-8.299439,3.069056,0.782738036,-0.225150888,0.107490075,-0.199608,7,0.031224279,2.230305655,0.000000000,0.000000,recover
real,15.046,5.866664,-7.994820,2.922641,0.783027720,-0.265956802,0.102392602,-0.198165,7,0.029226410,2.087600744,0.000000000,0.000000,recover
real,15.066,5.529505,-7.627463,2.776156,0.783345252,-0.304632171,0.096508067,-0.196733,7,0.028460286,2.032877540,0.000000000,0.000000,recover
real,15.087,5.149656,-7.200640,2.606586,0.783682611,-0.341494921,0.089878454,-0.195315,7,0.026065856,1.861846835,0.000000000,0.000000,recover
real,15.107,4.706929,-6.692125,2.396867,0.784048694,-0.378178005,0.082151402,-0.193929,7,0.023968666,1.712047578,0.000000000,0.000000,recover
real,15.128,4.270490,-6.182710,2.209645,0.784378970,-0.408785420,0.074534109,-0.192548,7,0.022096452,1.578318013,0.000000000,0.000000,recover
real,15.148,3.776739,-5.599949,1.970367,0.784718957,-0.439071581,0.065916532,-0.191171,7,0.019703665,1.407404665,0.000000000,0.000000,recover
real,15.169,3.250680,-4.974023,1.731090,0.785038205,-0.466255561,0.056735062,-0.189791,7,0.017310903,1.236493057,0.000000000,0.000000,recover
real,15.190,2.667582,-4.276046,1.454091,0.785342057,-0.491750617,0.046558090,-0.188423,7,0.014540912,1.038636537,0.000000000,0.000000,recover
real,15.210,2.115960,-3.613512,1.191683,0.785579516,-0.511633349,0.036930462,-0.187079,7,0.011916827,0.851201905,0.000000000,0.000000,recover
real,15.240,1.207828,-2.520117,0.766061,0.785862403,-0.536094607,0.021080582,-0.185102,7,0.007660611,0.547186472,0.000000000,0.000000,recover
real,15.260,0.583202,-1.767695,0.446010,0.785980366,-0.547880739,0.010178791,-0.183796,7,0.004460096,0.318578256,0.000000000,0.000000,recover
real,15.281,-0.083015,-0.965659,0.006897,0.786033145,-0.555327931,-0.001448893,-0.182475,7,0.000068974,0.004926737,0.000000000,0.000000,recover
real,15.311,-0.995779,0.141479,-0.864952,0.785908188,-0.540242781,-0.017379629,-0.180564,7,-0.008649521,-0.617822897,0.000000000,0.000000,recover
real,15.340,-1.882831,1.250916,-1.187440,0.785601599,-0.503352030,-0.032861607,-0.178675,7,-0.010186418,-0.727601294,0.000000000,0.000000,recover
real,15.361,-2.438076,1.961592,-1.508721,0.785353564,-0.476647612,-0.042552454,-0.177413,7,-0.015087205,-1.077657503,0.000000000,0.000000,recover
real,15.381,-2.957824,2.641406,-1.701095,0.785067624,-0.444517522,-0.051623776,-0.176124,7,-0.016044148,-1.146010551,0.000000000,0.000000,recover
real,15.402,-3.462912,3.316776,-1.965028,0.784754683,-0.409622909,-0.060439209,-0.174868,7,-0.019650279,-1.403591375,0.000000000,0.000000,recover
real,15.433,-4.085727,4.174506,-2.214067,0.784309426,-0.355909384,-0.071309392,-0.173004,7,-0.022140671,-1.581476534,0.000000000,0.000000,recover
real,15.453,-4.461979,4.709600,-2.403278,0.784014431,-0.317696992,-0.077876233,-0.171766,7,-0.024032781,-1.716627190,0.000000000,0.000000,recover
real,15.474,-4.792669,5.194400,-2.528893,0.783735730,-0.277368666,-0.083647847,-0.170535,7,-0.025288931,-1.806352210,0.000000000,0.000000,recover
real,15.494,-5.076478,5.625804,-2.645456,0.783484323,-0.236390556,-0.088601261,-0.169300,7,-0.026454561,-1.889611523,0.000000000,0.000000,recover
real,15.515,-5.313056,6.001477,-2.751143,0.783266197,-0.194996439,-0.092730318,-0.168089,7,-0.027511428,-1.965101991,0.000000000,0.000000,recover
real,15.536,-5.501459,6.319128,-2.810995,0.783085864,-0.152768610,-0.096018566,-0.166871,7,-0.028109946,-2.007853320,0.000000000,0.000000,recover
real,15.556,-5.641613,6.577204,-2.866875,0.782948423,-0.110798245,-0.098464724,-0.165673,7,-0.028668751,-2.047767947,0.000000000,0.000000,recover
real,15.578,-5.733771,6.774641,-2.899249,0.782855751,-0.068892256,-0.100073187,-0.164427,7,-0.028992493,-2.070892382,0.000000000,0.000000,recover
real,15.598,-5.778057,6.910643,-2.906427,0.782809315,-0.027230198,-0.100846110,-0.163241,7,-0.029064273,-2.076019526,0.000000000,0.000000,recover
real,15.619,-5.775077,6.984980,-2.896532,0.782809169,0.013845404,-0.100794115,-0.162080,7,-0.028965322,-2.068951553,0.000000000,0.000000,recover
real,15.639,-5.725578,6.997814,-2.865992,0.782854136,0.054238536,-0.099930184,-0.160914,7,-0.028659923,-2.047137353,0.000000000,0.000000,recover
real,15.660,-5.630517,6.949736,-2.817001,0.782941934,0.093744815,-0.098271062,-0.159755,7,-0.028170005,-2.012143231,0.000000000,0.000000,recover
real,15.681,-5.482865,6.834766,-2.742282,0.783076703,0.134168507,-0.095694053,-0.158600,7,-0.027422819,-1.958772796,0.000000000,0.000000,recover
real,15.701,-5.308379,6.675187,-2.662286,0.783231998,0.169507460,-0.092648690,-0.157490,7,-0.026622855,-1.901632510,0.000000000,0.000000,recover
real,15.721,-5.084042,6.451854,-2.551770,0.783425230,0.205557606,-0.088733273,-0.156355,7,-0.025517700,-1.822692888,0.000000000,0.000000,recover
real,15.742,-4.819702,6.173900,-2.427438,0.783642910,0.240013614,-0.084119673,-0.155234,7,-0.024274378,-1.733884155,0.000000000,0.000000,recover
real,15.762,-4.517364,5.843920,-2.290242,0.783878487,0.272705582,-0.078842880,-0.154115,7,-0.022902416,-1.635886890,0.000000000,0.000000,recover
real,15.783,-4.178947,5.464737,-2.130126,0.784125596,0.303669863,-0.072936383,-0.153008,7,-0.021301264,-1.521518868,0.000000000,0.000000,recover
real,15.804,-3.806785,5.039625,-1.957601,0.784376503,0.332524065,-0.066440939,-0.151898,7,-0.019576007,-1.398286221,0.000000000,0.000000,recover
real,15.824,-3.403220,4.572096,-1.764059,0.784624271,0.359260024,-0.059397394,-0.150817,7,-0.017640592,-1.260042303,0.000000000,0.000000,recover
real,15.845,-2.949025,4.040002,-1.555294,0.784871743,0.384511988,-0.051470197,-0.149730,7,-0.015552940,-1.110924308,0.000000000,0.000000,recover
real,15.876,-2.276440,3.244681,-1.235953,0.785178104,0.414662877,-0.039731379,-0.148140,7,-0.012359527,-0.882823381,0.000000000,0.000000,recover
real,15.896,-1.786617,2.661863,-0.996701,0.785355519,0.431936420,-0.031182344,-0.147074,7,-0.009967010,-0.711929314,0.000000000,0.000000,recover
real,15.916,-1.279690,2.056684,-0.749367,0.785497601,0.445945547,-0.022334801,-0.146017,7,-0.007493670,-0.535262135,0.000000000,0.000000,recover
real,15.937,-0.759526,1.434349,-0.491139,0.785599258,0.456545484,-0.013256229,-0.144966,7,-0.004911392,-0.350813695,0.000000000,0.000000,recover
real,15.958,-0.230219,0.800273,-0.223784,0.785656157,0.463498721,-0.004018076,-0.143924,7,-0.002237838,-0.159845568,0.000000000,0.000000,recover
real,15.978,0.303638,0.160186,0.354002,0.785663541,0.466114692,0.005299489,-0.142903,7,0.003540023,0.252858752,0.000000000,0.000000,recover
real,15.998,0.829258,-0.476313,0.673742,0.785582288,0.453703294,0.014473284,-0.141878,7,0.006737417,0.481244080,0.000000000,0.000000,recover
real,16.019,1.332853,-1.099142,0.823432,0.785448164,0.434261864,0.023262673,-0.140876,7,0.008234320,0.588165729,0.000000000,0.000000,recover
real,16.039,1.814486,-1.704785,1.114977,0.785290797,0.414593755,0.031668761,-0.139860,7,0.011149771,0.796412197,0.000000000,0.000000,recover
real,16.060,2.269900,-2.287859,1.325176,0.785101884,0.390443460,0.039617221,-0.138852,7,0.013251763,0.946554533,0.000000000,0.000000,recover
real,16.080,2.695277,-2.843341,1.521795,0.784895018,0.363699456,0.047041461,-0.137858,7,0.015217948,1.086996258,0.000000000,0.000000,recover
real,16.101,3.088305,-3.367099,1.710239,0.784678598,0.334845199,0.053901095,-0.136865,7,0.017102392,1.221599427,0.000000000,0.000000,recover
real,16.122,3.446453,-3.855105,1.871357,0.784459655,0.303868117,0.060151951,-0.135876,7,0.018713569,1.336683520,0.000000000,0.000000,recover
real,16.142,3.767770,-4.303832,2.015523,0.784246353,0.271334472,0.065759988,-0.134919,7,0.020155232,1.439659425,0.000000000,0.000000,recover
real,16.163,4.050714,-4.710184,2.140032,0.784045402,0.237513208,0.070698304,-0.133953,7,0.021400317,1.528594060,0.000000000,0.000000,recover
real,16.183,4.294041,-5.071458,2.244287,0.783862842,0.202692752,0.074945147,-0.132988,7,0.022442868,1.603062012,0.000000000,0.000000,recover
real,16.204,4.496857,-5.385385,2.329371,0.783703834,0.167170181,0.078484958,-0.132028,7,0.023293711,1.663836534,0.000000000,0.000000,recover
real,16.224,4.658565,-5.650107,2.394999,0.783572506,0.131191762,0.081307294,-0.131081,7,0.023949994,1.710713882,0.000000000,0.000000,recover
real,16.245,4.778869,-5.864186,2.443872,0.783472014,0.095043109,0.083407004,-0.130144,7,0.024438718,1.745622739,0.000000000,0.000000,recover
real,16.265,4.857662,-6.026560,2.468799,0.783404381,0.058791914,0.084782200,-0.129223,7,0.024687989,1.763427777,0.000000000,0.000000,recover
real,16.286,4.895100,-6.136575,2.477975,0.783370840,0.022805340,0.085435613,-0.128296,7,0.024779753,1.769982384,0.000000000,0.000000,recover
real,16.316,4.874726,-6.203013,2.458014,0.783384331,-0.030372688,0.085080020,-0.126927,7,0.024580142,1.755724445,0.000000000,0.000000,recover
real,16.337,4.811074,-6.181904,2.423975,0.783434347,-0.065005437,0.083969079,-0.126016,7,0.024239749,1.731410674,0.000000000,0.000000,recover
real,16.367,4.642732,-6.053851,2.338067,0.783565723,-0.115402039,0.081030959,-0.124670,7,0.023380668,1.670047694,0.000000000,0.000000,recover
real,16.388,4.483521,-5.905855,2.256917,0.783686520,-0.147749092,0.078252196,-0.123767,7,0.022569170,1.612083579,0.000000000,0.000000,recover
real,16.408,4.288355,-5.709574,2.166996,0.783829169,-0.178710947,0.074845910,-0.122882,7,0.021669958,1.547854123,0.000000000,0.000000,recover
real,16.429,4.058800,-5.466934,2.057255,0.783989500,-0.208364855,0.070839415,-0.122001,7,0.020572546,1.469467545,0.000000000,0.000000,recover
real,16.449,3.796517,-5.180145,1.931902,0.784162548,-0.236469686,0.066261721,-0.121125,7,0.019319018,1.379929888,0.000000000,0.000000,recover
real,16.470,3.503472,-4.851793,1.793347,0.784342951,-0.262825349,0.061147128,-0.120268,7,0.017933466,1.280961886,0.000000000,0.000000,recover
real,16.500,3.010795,-4.287648,1.551502,0.784615778,-0.298925072,0.052548284,-0.119000,7,0.015515017,1.108215492,0.000000000,0.000000,recover
real,16.521,2.650452,-3.868567,1.387183,0.784789992,-0.320065063,0.046259116,-0.118143,7,0.013871826,0.990844730,0.000000000,0.000000,recover
real,16.541,2.267601,-3.419237,1.194441,0.784953000,-0.339218471,0.039577095,-0.117304,7,0.011944407,0.853171943,0.000000000,0.000000,recover
real,16.562,1.865046,-2.943500,1.006208,0.785097740,-0.355531776,0.032551186,-0.116456,7,0.010062081,0.718720064,0.000000000,0.000000,recover
real,16.592,1.231143,-2.189478,0.693192,0.785272383,-0.375155675,0.021487492,-0.115205,7,0.008013609,0.572400608,0.000000000,0.000000,recover
real,16.613,0.793133,-1.666141,0.474503,0.785353931,-0.384553774,0.013842776,-0.114387,7,0.004745029,0.338930666,0.000000000,0.000000,recover
real,16.634,0.346960,-1.131652,0.248982,0.785403730,-0.390808403,0.006055603,-0.113564,7,0.002489823,0.177844466,0.000000000,0.000000,recover
real,16.654,-0.103669,-0.590758,-0.075406,0.785419596,-0.393776196,-0.001809361,-0.112754,7,-0.000754064,-0.053861696,0.000000000,0.000000,recover
real,16.675,-0.551829,-0.049756,-0.497251,0.785385449,-0.388473955,-0.009631238,-0.111943,7,-0.004972507,-0.355179049,0.000000000,0.000000,recover
real,16.695,-0.985033,0.482441,-0.627669,0.785300846,-0.373776418,-0.017192073,-0.111145,7,-0.006276689,-0.448334964,0.000000000,0.000000,recover
real,16.715,-1.420770,1.027038,-0.862703,0.785190110,-0.357332620,-0.024797117,-0.110353,7,-0.008627026,-0.616216143,0.000000000,0.000000,recover
real,16.736,-1.814985,1.527935,-1.061259,0.785061425,-0.338484549,-0.031677456,-0.109559,7,-0.010612587,-0.758041903,0.000000000,0.000000,recover
real,16.756,-2.167212,1.983504,-1.222908,0.784923761,-0.317976779,-0.037824979,-0.108793,7,-0.012229084,-0.873506028,0.000000000,0.000000,recover
real,16.776,-2.512320,2.438132,-1.393244,0.784769884,-0.294555145,-0.043848249,-0.108024,7,-0.013932437,-0.995174049,0.000000000,0.000000,recover
real,16.797,-2.829045,2.863795,-1.545920,0.784611591,-0.269179182,-0.049376148,-0.107243,7,-0.015459199,-1.104228484,0.000000000,0.000000,recover
real,16.817,-3.115144,3.257146,-1.675544,0.784454544,-0.242062458,-0.054369519,-0.106489,7,-0.016755439,-1.196817046,0.000000000,0.000000,recover
real,16.838,-3.369046,3.615350,-1.789684,0.784304407,-0.213648593,-0.058800944,-0.105721,7,-0.017896837,-1.278345525,0.000000000,0.000000,recover
real,16.858,-3.599608,3.950927,-1.891060,0.784159342,-0.182677924,-0.062825003,-0.104960,7,-0.018910597,-1.350756922,0.000000000,0.000000,recover
real,16.879,-3.775430,4.216731,-1.964979,0.784043106,-0.153861740,-0.065893684,-0.104211,7,-0.019649787,-1.403556202,0.000000000,0.000000,recover
real,16.899,-3.926198,4.456011,-2.030420,0.783939649,-0.123068040,-0.068525090,-0.103472,7,-0.020304205,-1.450300325,0.000000000,0.000000,recover
real,16.920,-4.046183,4.661047,-2.079941,0.783854591,-0.090344957,-0.070619219,-0.102723,7,-0.020799415,-1.485672464,0.000000000,0.000000,recover
real,16.940,-4.120629,4.804734,-2.106066,0.783800305,-0.060555868,-0.071918548,-0.101997,7,-0.021060658,-1.504332749,0.000000000,0.000000,recover
real,16.960,-4.164094,4.912430,-2.122256,0.783767582,-0.029359772,-0.072677155,-0.101282,7,-0.021222558,-1.515897002,0.000000000,0.000000,recover
real,16.980,-4.171946,4.975095,-2.119196,0.783760236,0.001651379,-0.072814202,-0.100555,7,-0.021191963,-1.513711675,0.000000000,0.000000,recover
real,17.001,-4.144600,4.992713,-2.100701,0.783777960,0.032226321,-0.072336918,-0.099836,7,-0.021007006,-1.500500461,0.000000000,0.000000,recover
real,17.031,-4.039071,4.935514,-2.045399,0.783849026,0.076891153,-0.070495089,-0.098790,7,-0.020453988,-1.460999108,0.000000000,0.000000,recover
real,17.061,-3.858695,4.780261,-1.953909,0.783967779,0.119718010,-0.067346939,-0.097753,7,-0.019539089,-1.395649195,0.000000000,0.000000,recover
real,17.082,-3.698808,4.624286,-1.876727,0.784068965,0.146926040,-0.064556370,-0.097042,7,-0.018767268,-1.340519118,0.000000000,0.000000,recover
real,17.102,-3.508730,4.428136,-1.784837,0.784184052,0.172924341,-0.061238891,-0.096356,7,-0.017848375,-1.274883921,0.000000000,0.000000,recover
real,17.123,-3.289951,4.193685,-1.678140,0.784309424,0.197572253,-0.057420471,-0.095659,7,-0.016781400,-1.198671401,0.000000000,0.000000,recover
real,17.143,-3.044212,3.923129,-1.559983,0.784441029,0.220660296,-0.053131530,-0.094972,7,-0.015599826,-1.114273256,0.000000000,0.000000,recover
real,17.164,-2.773392,3.618916,-1.429009,0.784574792,0.242076498,-0.048404822,-0.094291,7,-0.014290090,-1.020720684,0.000000000,0.000000,recover
real,17.184,-2.479541,3.283758,-1.286554,0.784706460,0.261653865,-0.043276162,-0.093613,7,-0.012865537,-0.918966915,0.000000000,0.000000,recover
real,17.205,-2.164898,2.920618,-1.133375,0.784831820,0.279238776,-0.037784599,-0.092937,7,-0.011333749,-0.809553512,0.000000000,0.000000,recover
real,17.226,-1.831823,2.532667,-0.967545,0.784946940,0.294733651,-0.031971334,-0.092268,7,-0.009675446,-0.691103311,0.000000000,0.000000,recover
real,17.246,-1.482953,2.123342,-0.792700,0.785047861,0.307931767,-0.025882418,-0.091618,7,-0.007927004,-0.566214559,0.000000000,0.000000,recover
real,17.266,-1.120853,1.696161,-0.612656,0.785130984,0.318616585,-0.019562573,-0.090969,7,-0.006126561,-0.437611504,0.000000000,0.000000,recover
real,17.287,-0.748950,1.255149,-0.433978,0.785193021,0.326551921,-0.013071638,-0.090308,7,-0.004339782,-0.309984445,0.000000000,0.000000,recover
real,17.307,-0.369729,0.803969,-0.230887,0.785233124,0.332149630,-0.006452996,-0.089666,7,-0.002308866,-0.164918965,0.000000000,0.000000,recover
real,17.328,0.013148,0.346896,-0.029827,0.785247711,0.334560086,0.000229474,-0.089022,7,-0.000298267,-0.021304800,0.000000000,0.000000,recover
real,17.358,0.583271,-0.338905,0.437586,0.785207082,0.326884564,0.010180007,-0.088092,7,0.004375859,0.312561342,0.000000000,0.000000,recover
real,17.378,0.947548,-0.786343,0.571312,0.785142222,0.314595429,0.016537838,-0.087465,7,0.005713123,0.408080233,0.000000000,0.000000,recover
real,17.399,1.297494,-1.222190,0.781205,0.785062821,0.301426586,0.022645535,-0.086836,7,0.007812049,0.558003466,0.000000000,0.000000,recover
real,17.419,1.629319,-1.642220,0.930119,0.784965797,0.284800541,0.028436983,-0.086208,7,0.009301190,0.664370743,0.000000000,0.000000,recover
real,17.440,1.940553,-2.042925,1.084519,0.784858828,0.266397317,0.033869035,-0.085595,7,0.010845193,0.774656657,0.000000000,0.000000,recover
real,17.460,2.229134,-2.421119,1.225314,0.784745272,0.246076062,0.038905727,-0.084982,7,0.012253138,0.875224129,0.000000000,0.000000,recover
real,17.481,2.493069,-2.773792,1.352291,0.784629472,0.224099551,0.043512262,-0.084372,7,0.013522910,0.965922151,0.000000000,0.000000,recover
real,17.501,2.730431,-3.098125,1.457991,0.784515449,0.200583265,0.047655019,-0.083776,7,0.014579908,1.041422014,0.000000000,0.000000,recover
real,17.522,2.949754,-3.405653,1.562366,0.784402352,0.174830680,0.051482920,-0.083165,7,0.015623663,1.115975909,0.000000000,0.000000,recover
real,17.542,3.120684,-3.652748,1.637167,0.784308743,0.150532480,0.054466218,-0.082578,7,0.016371665,1.169404662,0.000000000,0.000000,recover
real,17.562,3.271455,-3.879118,1.704217,0.784222361,0.124325196,0.057097669,-0.081981,7,0.016716383,1.194027345,0.000000000,0.000000,recover
real,17.583,3.391849,-4.069525,1.758891,0.784150765,0.097660376,0.059198932,-0.081409,7,0.017588905,1.256350375,0.000000000,0.000000,recover
real,17.603,3.481260,-4.222726,1.792493,0.784095829,0.070568654,0.060759452,-0.080820,7,0.017924925,1.280351812,0.000000000,0.000000,recover
real,17.624,3.539614,-4.337935,1.816508,0.784058996,0.043468259,0.061777926,-0.080237,7,0.018165076,1.297505412,0.000000000,0.000000,recover
real,17.645,3.566925,-4.414620,1.824182,0.784040922,0.016396380,0.062254578,-0.079659,7,0.018241816,1.302986876,0.000000000,0.000000,recover
real,17.665,3.563390,-4.452551,1.817590,0.784041787,-0.010435712,0.062192885,-0.079103,7,0.018175905,1.298278929,0.000000000,0.000000,recover
real,17.695,3.501260,-4.437071,1.783694,0.784077501,-0.049831732,0.061108511,-0.078276,7,0.017836938,1.274067031,0.000000000,0.000000,recover
real,17.715,3.422880,-4.379156,1.742300,0.784122703,-0.075363945,0.059740520,-0.077708,7,0.017423003,1.244500225,0.000000000,0.000000,recover
real,17.736,3.315885,-4.284059,1.687983,0.784183130,-0.100098115,0.057873103,-0.077153,7,0.016879829,1.205702044,0.000000000,0.000000,recover
real,17.757,3.181320,-4.152882,1.621133,0.784256668,-0.123886637,0.055524517,-0.076591,7,0.016211332,1.157952275,0.000000000,0.000000,recover
real,17.777,3.020378,-3.986985,1.541691,0.784340862,-0.146596350,0.052715546,-0.076047,7,0.015416910,1.101207874,0.000000000,0.000000,recover
real,17.798,2.834419,-3.787998,1.450435,0.784432943,-0.168077984,0.049469940,-0.075497,7,0.014504347,1.036024802,0.000000000,0.000000,recover
real,17.818,2.624965,-3.557800,1.347862,0.784529924,-0.188192742,0.045814289,-0.074952,7,0.013478619,0.962758520,0.000000000,0.000000,recover
real,17.839,2.393699,-3.298513,1.234562,0.784628673,-0.206802812,0.041777922,-0.074420,7,0.012345621,0.881830070,0.000000000,0.000000,recover
real,17.859,2.142457,-3.012489,1.111153,0.784725994,-0.223771466,0.037392923,-0.073881,7,0.011111534,0.793680980,0.000000000,0.000000,recover
real,17.880,1.873233,-2.702296,0.978434,0.784818714,-0.238963515,0.032694083,-0.073351,7,0.009784338,0.698881310,0.000000000,0.000000,recover
real,17.901,1.588172,-2.370703,0.837142,0.784903780,-0.252248410,0.027718836,-0.072822,7,0.008371421,0.597958629,0.000000000,0.000000,recover
real,17.921,1.289567,-2.020666,0.688174,0.784978340,-0.263498472,0.022507182,-0.072301,7,0.006881744,0.491553121,0.000000000,0.000000,recover
real,17.942,0.979850,-1.655308,0.532487,0.785039844,-0.272591363,0.017101602,-0.071780,7,0.005324868,0.380347702,0.000000000,0.000000,recover
real,17.962,0.661590,-1.277902,0.371152,0.785086126,-0.279412474,0.011546919,-0.071280,7,0.003711521,0.265108638,0.000000000,0.000000,recover
real,17.992,0.174101,-0.696664,0.120986,0.785123446,-0.285156736,0.003038631,-0.070526,7,0.001209859,0.086418484,0.000000000,0.000000,recover
real,18.013,-0.153498,-0.304225,-0.149603,0.785125458,-0.285861012,-0.002679054,-0.070015,7,-0.001496025,-0.106858949,0.000000000,0.000000,recover
real,18.033,-0.477135,0.086745,-0.356227,0.785100267,-0.280121946,-0.008327582,-0.069510,7,-0.003562269,-0.254447760,0.000000000,0.000000,recover
real,18.054,-0.789894,0.470783,-0.471673,0.785054603,-0.270135424,-0.013786256,-0.069017,7,-0.004716734,-0.336909538,0.000000000,0.000000,recover
real,18.074,-1.090555,0.845128,-0.643957,0.784997633,-0.259187004,-0.019033779,-0.068521,7,-0.006439569,-0.459969196,0.000000000,0.000000,recover
real,18.095,-1.376546,1.206470,-0.785027,0.784928097,-0.245632169,-0.024025268,-0.068031,7,-0.007850269,-0.560733534,0.000000000,0.000000,recover
real,18.115,-1.645304,1.551588,-0.914949,0.784850085,-0.230142281,-0.028715977,-0.067541,7,-0.009149486,-0.653534736,0.000000000,0.000000,recover
real,18.136,-1.894987,1.877704,-1.038893,0.784766953,-0.213044383,-0.033073757,-0.067060,7,-0.010388928,-0.742066263,0.000000000,0.000000,recover
real,18.156,-2.123754,2.182164,-1.148158,0.784681607,-0.194383569,-0.037066493,-0.066591,7,-0.011481582,-0.820112974,0.000000000,0.000000,recover
real,18.176,-2.330055,2.462585,-1.246070,0.784597297,-0.174449671,-0.040667124,-0.066108,7,-0.012460698,-0.890049886,0.000000000,0.000000,recover
real,18.197,-2.512599,2.716849,-1.331621,0.784516919,-0.153435430,-0.043853127,-0.065632,7,-0.013316213,-0.951158065,0.000000000,0.000000,recover
real,18.218,-2.670305,2.943094,-1.404178,0.784443119,-0.131533972,-0.046605622,-0.065158,7,-0.014041776,-1.002983992,0.000000000,0.000000,recover
real,18.238,-2.802346,3.139742,-1.465121,0.784378242,-0.108970967,-0.048910171,-0.064690,7,-0.014391737,-1.027981184,0.000000000,0.000000,recover
real,18.259,-2.908034,3.305452,-1.509882,0.784324164,-0.085843331,-0.050754777,-0.064230,7,-0.015098819,-1.078487098,0.000000000,0.000000,recover
real,18.280,-2.987001,3.439213,-1.544728,0.784282483,-0.062459015,-0.052133008,-0.063767,7,-0.015447284,-1.103377442,0.000000000,0.000000,recover
real,18.300,-3.039024,3.540258,-1.566375,0.784254211,-0.038921786,-0.053040973,-0.063312,7,-0.015663748,-1.118839145,0.000000000,0.000000,recover
real,18.330,-3.066474,3.629468,-1.572328,0.784238193,-0.003652041,-0.053520070,-0.062651,7,-0.015723277,-1.123091207,0.000000000,0.000000,recover
real,18.350,-3.051347,3.647153,-1.561422,0.784245197,0.019553789,-0.053256057,-0.062213,7,-0.015614225,-1.115301764,0.000000000,0.000000,recover
real,18.371,-3.009983,3.631600,-1.539983,0.784265808,0.042316464,-0.052534118,-0.061762,7,-0.015399829,-1.099987774,0.000000000,0.000000,recover
real,18.391,-2.942948,3.583244,-1.504303,0.784299162,0.064570786,-0.051364126,-0.061326,7,-0.015043034,-1.074502455,0.000000000,0.000000,recover
real,18.411,-2.850971,3.502774,-1.457021,0.784343992,0.086126777,-0.049758824,-0.060883,7,-0.014570211,-1.040729346,0.000000000,0.000000,recover
real,18.432,-2.734981,3.391149,-1.398783,0.784398689,0.106841629,-0.047734421,-0.060442,7,-0.013987831,-0.999130811,0.000000000,0.000000,recover
real,18.453,-2.596039,3.249556,-1.329334,0.784461386,0.126594974,-0.045309424,-0.060007,7,-0.013293345,-0.949524630,0.000000000,0.000000,recover
real,18.473,-2.435362,3.079418,-1.249507,0.784529970,0.145248058,-0.042505087,-0.059586,7,-0.012495069,-0.892504902,0.000000000,0.000000,recover
real,18.494,-2.254269,2.882359,-1.155828,0.784602282,0.162755642,-0.039344420,-0.059153,7,-0.011558276,-0.825591175,0.000000000,0.000000,recover
real,18.524,-1.947817,2.540474,-1.007613,0.784712019,0.186245036,-0.033995825,-0.058530,7,-0.010076127,-0.719723348,0.000000000,0.000000,recover
real,18.544,-1.722793,2.284775,-0.896744,0.784782705,0.200048857,-0.030068414,-0.058113,7,-0.008967444,-0.640531684,0.000000000,0.000000,recover
real,18.565,-1.483238,2.009510,-0.775625,0.784848739,0.212259551,-0.025887383,-0.057689,7,-0.007756249,-0.554017813,0.000000000,0.000000,recover
real,18.586,-1.231182,1.717208,-0.649790,0.784907735,0.222668813,-0.021488186,-0.057270,7,-0.006497902,-0.464135838,0.000000000,0.000000,recover
real,18.607,-0.968722,1.410517,-0.517164,0.784957794,0.231234670,-0.016907388,-0.056848,7,-0.005171641,-0.369402950,0.000000000,0.000000,recover
real,18.628,-0.698060,1.092221,-0.379459,0.784997155,0.237843417,-0.012183453,-0.056430,7,-0.003794588,-0.271042029,0.000000000,0.000000,recover
real,18.649,-0.421520,0.765219,-0.237827,0.785024421,0.242404738,-0.007356909,-0.056020,7,-0.002378267,-0.169876184,0.000000000,0.000000,recover
real,18.669,-0.141506,0.432503,-0.093121,0.785038603,0.244846905,-0.002469742,-0.055620,7,-0.000931210,-0.066514992,0.000000000,0.000000,recover
real,18.690,0.139497,0.097134,0.131633,0.785039142,0.245104322,0.002434685,-0.055212,7,0.001316327,0.094023336,0.000000000,0.000000,recover
real,18.711,0.416921,-0.236836,0.298996,0.785020349,0.240175899,0.007276637,-0.054814,7,0.002989957,0.213568342,0.000000000,0.000000,recover
real,18.731,0.685353,-0.564965,0.404633,0.784987096,0.231931373,0.011961674,-0.054424,7,0.003437347,0.245524804,0.000000000,0.000000,recover
real,18.752,0.943626,-0.884830,0.551615,0.784945126,0.222677935,0.016469380,-0.054030,7,0.005516152,0.394010836,0.000000000,0.000000,recover
real,18.772,1.189457,-1.193553,0.673360,0.784893845,0.211186802,0.020759933,-0.053637,7,0.006733604,0.480971703,0.000000000,0.000000,recover
real,18.793,1.420653,-1.488372,0.786592,0.784836221,0.198013599,0.024795066,-0.053255,7,0.007865923,0.561851654,0.000000000,0.000000,recover
real,18.814,1.635562,-1.766868,0.894000,0.784774674,0.183398939,0.028545949,-0.052871,7,0.008940003,0.638571611,0.000000000,0.000000,recover
real,18.835,1.832555,-2.026735,0.989196,0.784711400,0.167401004,0.031984121,-0.052489,7,0.009891957,0.706568337,0.000000000,0.000000,recover
real,18.855,2.010245,-2.265899,1.074559,0.784648817,0.150259310,0.035085392,-0.052105,7,0.010330944,0.737924571,0.000000000,0.000000,recover
real,18.876,2.167466,-2.482510,1.149251,0.784589103,0.132140514,0.037829410,-0.051724,7,0.011492506,0.820893292,0.000000000,0.000000,recover
real,18.897,2.303234,-2.674943,1.212668,0.784534260,0.113212744,0.040199011,-0.051346,7,0.012126677,0.866191249,0.000000000,0.000000,recover
real,18.918,2.416771,-2.841809,1.264948,0.784486056,0.093653218,0.042180610,-0.050978,7,0.012649477,0.903534056,0.000000000,0.000000,recover
real,18.938,2.507490,-2.981956,1.305798,0.784445964,0.073625195,0.043763951,-0.050608,7,0.013057982,0.932712971,0.000000000,0.000000,recover
real,18.959,2.574988,-3.094475,1.335239,0.784415145,0.053291253,0.044942021,-0.050242,7,0.013352393,0.953742330,0.000000000,0.000000,recover
real,18.980,2.619046,-3.178697,1.353296,0.784394418,0.032807716,0.045710983,-0.049881,7,0.013532958,0.966639874,0.000000000,0.000000,recover
real,19.000,2.639618,-3.234198,1.359996,0.784384257,0.012325131,0.046070034,-0.049518,7,0.013580553,0.970039528,0.000000000,0.000000,recover
real,19.022,2.636828,-3.260789,1.355508,0.784384786,-0.008009588,0.046021331,-0.049155,7,0.013555076,0.968219707,0.000000000,0.000000,recover
real,19.042,2.610975,-3.258530,1.341191,0.784395778,-0.028031631,0.045570112,-0.048798,7,0.013492136,0.963723980,0.000000000,0.000000,recover
real,19.063,2.562522,-3.227712,1.315574,0.784416690,-0.047640596,0.044724449,-0.048442,7,0.013301353,0.950096635,0.000000000,0.000000,recover
real,19.083,2.492020,-3.168828,1.278234,0.784446707,-0.066716673,0.043493962,-0.048094,7,0.012980807,0.927200490,0.000000000,0.000000,recover
real,19.104,2.400232,-3.082621,1.231488,0.784484694,-0.085090507,0.041891945,-0.047750,7,0.012314878,0.879634117,0.000000000,0.000000,recover
real,19.125,2.288046,-2.970045,1.174707,0.784529312,-0.102658284,0.039933943,-0.047405,7,0.011747070,0.839076403,0.000000000,0.000000,recover
real,19.146,2.156491,-2.832259,1.108514,0.784579019,-0.119294876,0.037637870,-0.047059,7,0.011085136,0.791795448,0.000000000,0.000000,recover
real,19.166,2.006733,-2.670627,1.033477,0.784632121,-0.134881841,0.035024095,-0.046721,7,0.010720914,0.765779552,0.000000000,0.000000,recover
real,19.187,1.840067,-2.486702,0.949990,0.784686831,-0.149308058,0.032115219,-0.046380,7,0.009499905,0.678564609,0.000000000,0.000000,recover
real,19.208,1.657914,-2.282217,0.858702,0.784741311,-0.162463373,0.028936065,-0.046043,7,0.008587019,0.613358496,0.000000000,0.000000,recover
real,19.229,1.461819,-2.059074,0.760209,0.784793736,-0.174244018,0.025513563,-0.045711,7,0.007602094,0.543006710,0.000000000,0.000000,recover
real,19.249,1.253440,-1.819329,0.655188,0.784842341,-0.184550947,0.021876653,-0.045384,7,0.006551882,0.467991578,0.000000000,0.000000,recover
real,19.270,1.034543,-1.565183,0.544388,0.784885480,-0.193290349,0.018056176,-0.045055,7,0.005443881,0.388848652,0.000000000,0.000000,recover
real,19.291,0.806997,-1.298961,0.428617,0.784921681,-0.200375996,0.014084753,-0.044726,7,0.004286172,0.306155108,0.000000000,0.000000,recover
real,19.312,0.572763,-1.023099,0.308732,0.784949693,-0.205729985,0.009996599,-0.044398,7,0.003087321,0.220522938,0.000000000,0.000000,recover
real,19.332,0.333883,-0.740124,0.185687,0.784968536,-0.209283828,0.005827360,-0.044087,7,0.001856873,0.132633814,0.000000000,0.000000,recover
real,19.353,0.092469,-0.452638,0.060401,0.784977540,-0.210980236,0.001613886,-0.043766,7,0.000604008,0.043143415,0.000000000,0.000000,recover
real,19.374,-0.149237,-0.163329,-0.130651,0.784976100,-0.210612660,-0.002604675,-0.043449,7,-0.001306507,-0.093321934,0.000000000,0.000000,recover
real,19.394,-0.387242,0.124287,-0.260415,0.784960870,-0.206053497,-0.006758644,-0.043132,7,-0.002604145,-0.186010358,0.000000000,0.000000,recover
real,19.415,-0.617690,0.406762,-0.360927,0.784935823,-0.199139390,-0.010780721,-0.042822,7,-0.003609274,-0.257805315,0.000000000,0.000000,recover
real,19.436,-0.839367,0.681919,-0.484545,0.784903947,-0.191084793,-0.014649725,-0.042510,7,-0.004845451,-0.346103645,0.000000000,0.000000,recover
real,19.457,-1.050251,0.947258,-0.589150,0.784865343,-0.181152161,-0.018330338,-0.042200,7,-0.005891495,-0.420821074,0.000000000,0.000000,recover
real,19.478,-1.248512,1.200433,-0.687623,0.784822141,-0.169778878,-0.021790646,-0.041892,7,-0.006876232,-0.491159445,0.000000000,0.000000,recover
real,19.498,-1.432673,1.439343,-0.779883,0.784776080,-0.157119476,-0.025004866,-0.041587,7,-0.007798832,-0.557059450,0.000000000,0.000000,recover
real,19.519,-1.601311,1.661998,-0.862149,0.784728850,-0.143258238,-0.027948154,-0.041286,7,-0.008621487,-0.615820479,0.000000000,0.000000,recover
real,19.540,-1.753211,1.866608,-0.935860,0.784682242,-0.128387652,-0.030599299,-0.040989,7,-0.009358596,-0.668471149,0.000000000,0.000000,recover
real,19.560,-1.887337,2.051576,-1.000203,0.784637891,-0.112650857,-0.032940241,-0.040702,7,-0.010002027,-0.714430483,0.000000000,0.000000,recover
real,19.580,-2.002819,2.215498,-1.054815,0.784597302,-0.096197239,-0.034955786,-0.040408,7,-0.010548149,-0.753439186,0.000000000,0.000000,recover
real,19.601,-2.098964,2.357176,-1.099627,0.784561799,-0.079179563,-0.036633829,-0.040114,7,-0.010996271,-0.785447952,0.000000000,0.000000,recover
real,19.622,-2.175246,2.475622,-1.134449,0.784532489,-0.061743678,-0.037965208,-0.039825,7,-0.011344491,-0.810320791,0.000000000,0.000000,recover
real,19.642,-2.231307,2.570057,-1.159246,0.784510235,-0.044033741,-0.038943653,-0.039538,7,-0.011592465,-0.828033199,0.000000000,0.000000,recover
real,19.663,-2.266949,2.639918,-1.174009,0.784495643,-0.026189676,-0.039565720,-0.039253,7,-0.011740086,-0.838577571,0.000000000,0.000000,recover
real,19.684,-2.282131,2.684850,-1.178789,0.784489052,-0.008347665,-0.039830706,-0.038971,7,-0.011787889,-0.841992057,0.000000000,0.000000,recover
real,19.714,-2.266833,2.705260,-1.167751,0.784494244,0.018117753,-0.039563708,-0.038557,7,-0.011677507,-0.834107618,0.000000000,0.000000,recover
real,19.735,-2.231723,2.687732,-1.149900,0.784507367,0.035350406,-0.038950910,-0.038277,7,-0.011498997,-0.821356949,0.000000000,0.000000,recover
real,19.756,-2.177183,2.645690,-1.120394,0.784527628,0.052183099,-0.037999008,-0.037996,7,-0.011203938,-0.800281321,0.000000000,0.000000,recover
real,19.776,-2.103790,2.579693,-1.081480,0.784554253,0.068453807,-0.036718070,-0.037723,7,-0.010814800,-0.772485731,0.000000000,0.000000,recover
real,19.797,-2.012372,2.490548,-1.036156,0.784586216,0.083996139,-0.035122508,-0.037450,7,-0.010361560,-0.740111397,0.000000000,0.000000,recover
real,19.818,-1.903745,2.379187,-0.980240,0.784622453,0.098792375,-0.033226614,-0.037175,7,-0.009802401,-0.700171485,0.000000000,0.000000,recover
real,19.839,-1.778912,2.246745,-0.917167,0.784661664,0.112672238,-0.031047878,-0.036908,7,-0.009171670,-0.655119261,0.000000000,0.000000,recover
real,19.859,-1.638939,2.094507,-0.844810,0.784702559,0.125585251,-0.028604885,-0.036641,7,-0.008448099,-0.603435612,0.000000000,0.000000,recover
real,19.880,-1.485187,1.924002,-0.769765,0.784743595,0.137311623,-0.025921410,-0.036376,7,-0.007697646,-0.549831876,0.000000000,0.000000,recover
real,19.901,-1.318901,1.736803,-0.684396,0.784783571,0.147926627,-0.023019167,-0.036114,7,-0.006843963,-0.488854519,0.000000000,0.000000,recover
real,19.921,-1.141529,1.534673,-0.594638,0.784821008,0.157230615,-0.019923440,-0.035853,7,-0.006400489,-0.457177762,0.000000000,0.000000,recover
real,19.942,-0.954622,1.319502,-0.499669,0.784854666,0.165173827,-0.016661302,-0.035598,7,-0.004996695,-0.356906785,0.000000000,0.000000,recover
real,19.963,-0.759794,1.093281,-0.400006,0.784883402,0.171685730,-0.013260899,-0.035338,7,-0.004000058,-0.285718441,0.000000000,0.000000,recover
real,19.984,-0.558749,0.858107,-0.296835,0.784906219,0.176690451,-0.009752011,-0.035078,7,-0.002968347,-0.212024765,0.000000000,0.000000,recover
real,20.005,-0.353261,0.616156,-0.190764,0.784922335,0.180134573,-0.006165569,-0.034821,7,-0.001907643,-0.136260233,0.000000000,0.000000,recover
real,20.026,-0.145159,0.369669,-0.082702,0.784931192,0.181969306,-0.002533504,-0.034568,7,-0.000827022,-0.059073001,0.000000000,0.000000,recover
real,20.046,0.063681,0.120936,0.052755,0.784932483,0.182157782,0.001111435,-0.034319,7,0.000527550,0.037682138,0.000000000,0.000000,recover
real,20.068,0.270576,-0.127366,0.193632,0.784924479,0.179481725,0.004722443,-0.034069,7,0.001936320,0.138308594,0.000000000,0.000000,recover
real,20.088,0.471868,-0.372102,0.278495,0.784907876,0.174057356,0.008235651,-0.033819,7,0.002784951,0.198925057,0.000000000,0.000000,recover
real,20.109,0.666087,-0.611184,0.383669,0.784885860,0.167612489,0.011625418,-0.033575,7,0.003836686,0.274048986,0.000000000,0.000000,recover
real,20.129,0.851685,-0.842529,0.479498,0.784858576,0.159630404,0.014864705,-0.033334,7,0.004794983,0.342498757,0.000000000,0.000000,recover
real,20.150,1.026938,-1.064023,0.566313,0.784827282,0.150258016,0.017923445,-0.033092,7,0.005663130,0.404509316,0.000000000,0.000000,recover
real,20.171,1.190488,-1.273788,0.649030,0.784793399,0.139731548,0.020777931,-0.032849,7,0.006490301,0.463592902,0.000000000,0.000000,recover
real,20.192,1.341049,-1.470052,0.723564,0.784758162,0.128102479,0.023405715,-0.032613,7,0.007235640,0.516831418,0.000000000,0.000000,recover
real,20.212,1.477478,-1.651192,0.790452,0.784722924,0.115522551,0.025786858,-0.032382,7,0.007904523,0.564608769,0.000000000,0.000000,recover
real,20.232,1.598803,-1.815759,0.849490,0.784688958,0.102126894,0.027904373,-0.032150,7,0.008494900,0.606778549,0.000000000,0.000000,recover
real,20.253,1.709032,-1.969313,0.902854,0.784655956,0.087330528,0.029828234,-0.031921,7,0.009028535,0.644895383,0.000000000,0.000000,recover
real,20.273,1.792974,-2.090209,0.941745,0.784629428,0.073391992,0.031293303,-0.031692,7,0.009417453,0.672675244,0.000000000,0.000000,recover
real,20.294,1.864595,-2.198048,0.975406,0.784605840,0.058333806,0.032543330,-0.031465,7,0.009754060,0.696718543,0.000000000,0.000000,recover
real,20.314,1.918712,-2.285255,1.000337,0.784587384,0.042980131,0.033487844,-0.031238,7,0.010003365,0.714526090,0.000000000,0.000000,recover
real,20.335,1.955067,-2.351265,1.015827,0.784574592,0.027444158,0.034122363,-0.031016,7,0.010158275,0.725591060,0.000000000,0.000000,recover
real,20.355,1.973592,-2.395717,1.023467,0.784567795,0.011881337,0.034445678,-0.030794,7,0.010234666,0.731047560,0.000000000,0.000000,recover
real,20.376,1.973867,-2.418975,1.020418,0.784567244,-0.004411956,0.034450473,-0.030574,7,0.010204182,0.728870132,0.000000000,0.000000,recover
real,20.396,1.957396,-2.419367,1.011612,0.784572468,-0.018924427,0.034163002,-0.030355,7,0.010116118,0.722579828,0.000000000,0.000000,recover
real,20.417,1.923223,-2.398778,0.993469,0.784583561,-0.033916740,0.033566574,-0.030138,7,0.009934687,0.709620485,0.000000000,0.000000,recover
real,20.447,1.840515,-2.328314,0.949555,0.784609935,-0.055620345,0.032123040,-0.029814,7,0.009495549,0.678253494,0.000000000,0.000000,recover
real,20.468,1.765281,-2.255804,0.910737,0.784633029,-0.069386820,0.030809968,-0.029599,7,0.009107366,0.650526135,0.000000000,0.000000,recover
real,20.489,1.674822,-2.163767,0.864311,0.784659579,-0.082480119,0.029231161,-0.029385,7,0.008643114,0.617365256,0.000000000,0.000000,recover
real,20.510,1.569992,-2.053156,0.810778,0.784688642,-0.094800423,0.027401528,-0.029172,7,0.008107785,0.579127482,0.000000000,0.000000,recover
real,20.530,1.451754,-1.925077,0.750563,0.784719205,-0.106254740,0.025337894,-0.028961,7,0.007505630,0.536116420,0.000000000,0.000000,recover
real,20.551,1.321175,-1.780780,0.684103,0.784750210,-0.116755434,0.023058854,-0.028755,7,0.006841027,0.488644809,0.000000000,0.000000,recover
real,20.581,1.104733,-1.536984,0.573822,0.784795222,-0.130537242,0.019281235,-0.028451,7,0.005738217,0.409872653,0.000000000,0.000000,recover
real,20.602,0.948584,-1.358462,0.494072,0.784822731,-0.138300361,0.016555911,-0.028245,7,0.004940722,0.352908708,0.000000000,0.000000,recover
real,20.622,0.784546,-1.169081,0.410062,0.784847132,-0.144842987,0.013692913,-0.028045,7,0.004100620,0.292901427,0.000000000,0.000000,recover
real,20.643,0.614070,-0.970608,0.322420,0.784867588,-0.150103811,0.010717548,-0.027841,7,0.003224199,0.230299960,0.000000000,0.000000,recover
real,20.664,0.438671,-0.764889,0.231888,0.784883399,-0.154028782,0.007656252,-0.027638,7,0.002318882,0.165634427,0.000000000,-0.300000,impulse_-0.30N
real,20.694,0.062371,-0.453808,-11.543202,0.785120950,-0.283364810,0.001088573,-0.027346,7,-0.115432018,-8.245144144,-0.120000000,-0.300000,impulse_-0.30N
real,20.715,-0.135952,-0.407389,-10.519083,0.784836509,-0.096971589,-0.002372817,-0.027148,7,-0.105190833,-7.513630957,-0.120000000,-0.300000,impulse_-0.30N
real,20.735,-0.068723,-0.605132,-8.704059,0.784839458,0.099674418,-0.001199436,-0.026951,7,-0.087040595,-6.217185344,-0.120000000,-0.300000,impulse_-0.30N
real,20.756,0.151223,-0.995002,-9.793797,0.785010528,0.230160294,0.002639342,-0.026758,7,-0.097937974,-6.995569552,-0.120000000,-0.300000,impulse_-0.30N
real,20.779,0.547463,-1.587145,-9.011688,0.785390725,0.390076208,0.009555025,-0.026544,7,-0.090116879,-6.436919930,-0.120000000,-0.300000,impulse_-0.30N
real,20.800,1.114941,-2.377291,-8.463866,0.785856303,0.531647289,0.019459393,-0.026348,7,-0.084638656,-6.045618255,-0.120000000,-0.300000,impulse_-0.30N
real,20.821,1.827774,-3.350236,-8.058224,0.786318104,0.655314962,0.031900679,-0.026157,7,-0.080582243,-5.755874527,-0.120000000,-0.300000,impulse_-0.30N
real,20.851,3.127259,-5.123222,-5.360673,0.786732352,0.793205988,0.054580961,-0.025975,7,-0.053606734,-3.829052458,-0.120000000,-0.300000,impulse_-0.30N
real,20.872,4.058198,-6.464964,-5.692719,0.786502652,0.819530971,0.070828911,-0.025975,7,-0.056927192,-4.066227983,-0.120000000,0.000000,recover
real,20.892,5.061245,-7.923470,0.590810,0.786709048,0.927230962,0.088335390,-0.025975,7,0.005908105,0.422007478,0.000000000,0.000000,recover
real,20.913,6.186474,-9.425531,7.064994,0.786121342,0.949540629,0.107974334,-0.025975,7,0.070649938,5.046424146,0.000000000,0.000000,recover
real,20.933,7.119884,-10.799941,2.570889,0.784190691,0.777253794,0.124265415,-0.025975,7,0.025708888,1.836349176,0.000000000,0.000000,recover
real,20.954,7.971658,-12.091014,5.030166,0.783161478,0.733709997,0.139131684,-0.025975,7,0.050301659,3.592975657,0.000000000,0.000000,recover
real,20.974,8.741573,-13.292347,4.766504,0.781892941,0.642477445,0.152569232,-0.025975,7,0.047665042,3.404645873,0.000000000,0.000000,recover
real,20.995,9.405366,-14.386636,4.742418,0.780778455,0.559808514,0.164154597,-0.025975,7,0.047424177,3.387441179,0.000000000,0.000000,recover
real,21.015,9.988750,-15.380849,5.203074,0.779806020,0.488386601,0.174336572,-0.025975,7,0.052030743,3.716481666,0.000000000,0.000000,recover
real,21.036,10.483461,-16.266543,5.132910,0.778924887,0.410802457,0.182970904,-0.025975,7,0.051329096,3.666364001,0.000000000,0.000000,recover
real,21.056,10.895498,-17.042617,5.303682,0.778190687,0.340682888,0.190162318,-0.025975,7,0.053036817,3.788344072,0.000000000,0.000000,recover
real,21.077,11.228505,-17.707467,5.362956,0.777583935,0.271614689,0.195974379,-0.025975,7,0.053629560,3.830682869,0.000000000,0.000000,recover
real,21.098,11.484089,-18.259102,5.391239,0.777112373,0.205066493,0.200435167,-0.025975,7,0.053912393,3.850885210,0.000000000,0.000000,recover
real,21.119,11.666069,-18.697147,5.421872,0.776774157,0.141482642,0.203611321,-0.025975,7,0.054218724,3.872766004,0.000000000,0.000000,recover
real,21.139,11.776852,-19.021102,5.407554,0.776565522,0.079955224,0.205544848,-0.025975,7,0.054075536,3.862538274,0.000000000,0.000000,recover
real,21.160,11.819225,-19.231177,5.380305,0.776482372,0.020952981,0.206284397,-0.025975,7,0.053803047,3.843074790,0.000000000,0.000000,recover
real,21.181,11.795838,-19.328025,5.326335,0.776518537,-0.035866339,0.205876212,-0.025975,7,0.053263355,3.804525352,0.000000000,0.000000,recover
real,21.202,11.709221,-19.312728,5.257328,0.776666898,-0.090386424,0.204364462,-0.025975,7,0.052573276,3.755234009,0.000000000,0.000000,recover
real,21.222,11.561875,-19.186825,5.164462,0.776919372,-0.142851230,0.201792778,-0.025975,7,0.051644617,3.688901181,0.000000000,0.000000,recover
real,21.242,11.355802,-18.952070,5.640360,0.777268476,-0.193875762,0.198196141,-0.025975,7,0.056403595,4.028828241,0.000000000,0.000000,recover
real,21.263,11.078201,-18.603600,5.559006,0.777765950,-0.263625891,0.193351090,-0.025975,7,0.055590062,3.970718681,0.000000000,0.000000,recover
real,21.284,10.714567,-18.136186,5.199401,0.778410504,-0.336071952,0.187004468,-0.025975,7,0.051994005,3.788285115,0.000000000,0.000000,recover
real,21.305,10.275948,-17.557329,5.134902,0.779147463,-0.400485540,0.179349121,-0.025975,7,0.051349021,3.667787200,0.000000000,0.000000,recover
real,21.325,9.762343,-16.869858,4.879337,0.779987474,-0.466261945,0.170385026,-0.025975,7,0.048793375,3.485241047,0.000000000,0.000000,recover
real,21.346,9.175289,-16.077848,4.634386,0.780900187,-0.529361501,0.160138999,-0.025975,7,0.046343858,3.310275582,0.000000000,0.000000,recover
real,21.366,8.517972,-15.186674,4.374068,0.781865128,-0.590236194,0.148666651,-0.025975,7,0.043740680,3.222766186,0.000000000,0.000000,recover
real,21.387,7.792322,-14.201609,4.069597,0.782862869,-0.649284871,0.136001683,-0.025879,7,0.040695967,2.906854797,0.000000000,0.000000,recover
real,21.408,7.001089,-13.128776,3.746162,0.783866842,-0.705804721,0.122192050,-0.025691,7,0.037461616,2.675829729,0.000000000,0.000000,recover
real,21.429,6.147215,-11.974838,3.392782,0.784852588,-0.759748806,0.107289143,-0.025505,7,0.033927819,2.423415651,0.000000000,0.000000,recover
real,21.449,5.233915,-10.747008,3.010326,0.785793257,-0.810761862,0.091349046,-0.025505,7,0.030103258,2.150232702,0.000000000,0.000000,recover
real,21.470,4.264914,-9.453132,2.599070,0.786660849,-0.858408260,0.074436792,-0.025505,7,0.025990696,1.856478312,0.000000000,0.000000,recover
real,21.490,3.244456,-8.101672,2.157411,0.787426973,-0.902209952,0.056626439,-0.025505,7,0.021574108,1.541007703,0.000000000,0.000000,recover
real,21.511,2.177431,-6.701738,1.684917,0.788062906,-0.941572361,0.038003343,-0.025505,7,0.016849168,1.203511969,0.000000000,0.000000,recover
real,21.532,1.069485,-5.263104,1.180665,0.788540485,-0.975812898,0.018666033,-0.025505,7,0.011806651,0.843332221,0.000000000,0.000000,recover
real,21.552,-0.072871,-3.796236,0.478209,0.788832917,-1.004145659,-0.001271839,-0.025505,7,0.004782085,0.341577533,0.000000000,0.000000,recover
real,21.573,-1.231301,-2.317359,-1.891434,0.788752399,-1.005361519,-0.021490256,-0.025505,7,-0.018914341,-1.351024376,0.000000000,0.000000,recover
real,21.594,-2.335743,-0.867057,-1.729769,0.788052478,-0.945845873,-0.040766401,-0.025505,7,-0.017297687,-1.235549062,0.000000000,0.000000,recover
real,21.615,-3.375898,0.542013,-2.678471,0.787318112,-0.894294180,-0.058920536,-0.025505,7,-0.026784707,-1.913193381,0.000000000,0.000000,recover
real,21.636,-4.346081,1.899765,-3.034611,0.786397001,-0.825430810,-0.075853420,-0.025505,7,-0.030346109,-2.167579196,0.000000000,0.000000,recover
real,21.657,-5.230748,3.191903,-3.159638,0.785435715,-0.753295978,-0.091293783,-0.025505,7,-0.031596375,-2.256883960,0.000000000,0.000000,recover
real,21.677,-6.039344,4.416339,-3.568910,0.784511088,-0.687196198,-0.105406441,-0.025505,7,-0.035689097,-2.549221197,0.000000000,0.000000,recover
real,21.698,-6.769417,5.565961,-3.741125,0.783592676,-0.618115307,-0.118148621,-0.025319,7,-0.037411250,-2.672232113,0.000000000,0.000000,recover
real,21.719,-7.422171,6.635882,-3.959584,0.782729024,-0.551553714,-0.129541324,-0.025136,7,-0.039595843,-2.828274476,0.000000000,0.000000,recover
real,21.739,-7.999830,7.622230,-4.140538,0.781926658,-0.486134327,-0.139623375,-0.024953,7,-0.041405376,-2.957526825,0.000000000,0.000000,recover
real,21.760,-8.503398,8.521078,-4.277924,0.781198586,-0.421960354,-0.148412301,-0.024953,7,-0.042779240,-3.055659973,0.000000000,0.000000,recover
real,21.781,-8.935038,9.329561,-4.402766,0.780555730,-0.359679259,-0.155945838,-0.024953,7,-0.044027657,-3.144832661,0.000000000,0.000000,recover
real,21.801,-9.296623,10.045189,-4.494049,0.780003498,-0.298988836,-0.162256672,-0.024953,7,-0.044520077,-3.180005503,0.000000000,0.000000,recover
real,21.822,-9.590167,10.666037,-4.562960,0.779546728,-0.240134151,-0.167379991,-0.024953,7,-0.045629601,-3.259257190,0.000000000,0.000000,recover
real,21.843,-9.817798,11.190722,-4.608408,0.779187411,-0.183110370,-0.171352895,-0.024953,7,-0.046084082,-3.291720133,0.000000000,0.000000,recover
real,21.864,-9.981599,11.618316,-4.787300,0.778925879,-0.127918537,-0.174211766,-0.024953,7,-0.047872996,-3.419499749,0.000000000,0.000000,recover
real,21.885,-10.078986,11.946145,-5.024815,0.778762325,-0.067202213,-0.175911495,-0.024953,7,-0.050248146,-3.589153267,0.000000000,0.000000,recover
real,21.906,-10.100384,12.168674,-4.869662,0.778718589,-0.000669205,-0.176284951,-0.024953,7,-0.048696618,-3.478329883,0.000000000,0.000000,recover
real,21.926,-10.049728,12.287277,-4.875187,0.778794100,0.060874796,-0.175400842,-0.024953,7,-0.048751874,-3.482276696,0.000000000,0.000000,recover
real,21.947,-9.929262,12.303064,-4.810859,0.778981878,0.121946276,-0.173298307,-0.024953,7,-0.048108589,-3.436327759,0.000000000,0.000000,recover
real,21.968,-9.739567,12.216862,-4.707574,0.779276530,0.181823128,-0.169987510,-0.024953,7,-0.047075743,-3.362553095,0.000000000,0.000000,recover
real,21.989,-9.482860,12.030771,-4.596508,0.779667963,0.239862005,-0.165507123,-0.024953,7,-0.045965079,-3.283219905,0.000000000,0.000000,recover
real,22.009,-9.160784,11.747105,-4.451120,0.780146801,0.296513233,-0.159885840,-0.024953,7,-0.044511196,-3.179371124,0.000000000,0.000000,recover
real,22.030,-8.775185,11.368741,-4.283568,0.780700862,0.351454848,-0.153155878,-0.024953,7,-0.043698645,-3.121331759,0.000000000,0.000000,recover
real,22.051,-8.328106,10.899100,-4.092399,0.781316951,0.404618475,-0.145352862,-0.024953,7,-0.040923993,-2.923142370,0.000000000,0.000000,recover
real,22.072,-7.821647,10.342067,-3.876548,0.781980696,0.455903214,-0.136513489,-0.024863,7,-0.038765481,-2.768962964,0.000000000,0.000000,recover
real,22.092,-7.258114,9.702039,-3.637303,0.782676351,0.505129909,-0.126677983,-0.024682,7,-0.036373027,-2.598073386,0.000000000,0.000000,recover
real,22.113,-6.640012,8.983906,-3.374233,0.783387209,0.552115654,-0.115890067,-0.024505,7,-0.033742330,-2.410166397,0.000000000,0.000000,recover
real,22.134,-5.970100,8.193055,-3.087725,0.784095596,0.596626338,-0.104197896,-0.024329,7,-0.030877248,-2.205517731,0.000000000,0.000000,recover
real,22.155,-5.251433,7.335367,-2.777761,0.784783140,0.638393461,-0.091654797,-0.024152,7,-0.027777606,-1.984114724,0.000000000,0.000000,recover
real,22.175,-4.487413,6.417221,-2.444369,0.785430981,0.677101418,-0.078320133,-0.023978,7,-0.024443692,-1.745978031,0.000000000,0.000000,recover
real,22.196,-3.681844,5.445493,-2.087640,0.786020061,0.712384637,-0.064260307,-0.023805,7,-0.020876400,-1.491171452,0.000000000,0.000000,recover
real,22.216,-2.838992,4.427561,-1.707679,0.786531505,0.743826749,-0.049549762,-0.023632,7,-0.017076793,-1.219770962,0.000000000,0.000000,recover
real,22.237,-1.963643,3.371303,-1.304698,0.786947077,0.770958190,-0.034272041,-0.023463,7,-0.013046975,-0.931926787,0.000000000,0.000000,recover
real,22.258,-1.061166,2.285101,-0.879083,0.787249726,0.793256653,-0.018520846,-0.023293,7,-0.008790834,-0.627916683,0.000000000,0.000000,recover
real,22.278,-0.137570,1.177827,-0.431467,0.787424238,0.810149609,-0.002401055,-0.023124,7,-0.004314670,-0.308190700,0.000000000,0.000000,recover
real,22.299,0.797055,0.060424,1.204278,0.787410781,0.813748946,0.013911232,-0.022955,7,0.012042784,0.860198864,0.000000000,0.000000,recover
real,22.320,1.699901,-1.040775,1.399590,0.787027977,0.774704402,0.029668876,-0.022790,7,0.013995898,0.999707002,0.000000000,0.000000,recover
real,22.340,2.552126,-2.110619,1.691626,0.786560996,0.733179382,0.044543009,-0.022627,7,0.016916262,1.208304414,0.000000000,0.000000,recover
real,22.361,3.358699,-3.145363,2.191754,0.786039542,0.691657420,0.058620365,-0.022467,7,0.021917543,1.565538761,0.000000000,0.000000,recover
real,22.381,4.110725,-4.135102,2.471030,0.785441046,0.642366991,0.071745694,-0.022303,7,0.024710296,1.765021160,0.000000000,0.000000,recover
real,22.402,4.804517,-5.072682,2.778389,0.784819630,0.591274425,0.083854646,-0.022142,7,0.027783888,1.984563436,0.000000000,0.000000,recover
real,22.423,5.437893,-5.952027,3.052816,0.784190732,0.537755696,0.094909132,-0.021981,7,0.030528162,2.180582982,0.000000000,0.000000,recover
real,22.444,6.008047,-6.767162,3.278860,0.783574472,0.482142293,0.104860197,-0.021823,7,0.032788599,2.342042769,0.000000000,0.000000,recover
real,22.474,6.741739,-7.858897,3.571430,0.782716479,0.396790474,0.117665539,-0.021591,7,0.035714302,2.551021566,0.000000000,0.000000,recover
real,22.495,7.148464,-8.493364,3.724689,0.782209586,0.339005139,0.124764232,-0.021432,7,0.037246886,2.660491874,0.000000000,0.000000,recover
real,22.516,7.488906,-9.049249,3.853569,0.781768931,0.281094793,0.130706059,-0.021277,7,0.038535695,2.752549611,0.000000000,0.000000,recover
real,22.537,7.762762,-9.523727,3.942966,0.781403012,0.223063714,0.135485752,-0.021123,7,0.039429658,2.816404155,0.000000000,0.000000,recover
real,22.557,7.970564,-9.914829,4.014086,0.781118839,0.165562467,0.139112587,-0.020973,7,0.040140864,2.867204600,0.000000000,0.000000,recover
real,22.578,8.112856,-10.221056,4.054372,0.780919988,0.108536573,0.141596048,-0.020973,7,0.040543720,2.895980029,0.000000000,0.000000,recover
real,22.598,8.190393,-10.441474,4.068486,0.780808495,0.052256341,0.142949317,-0.020973,7,0.040684861,2.906061514,0.000000000,0.000000,recover
real,22.619,8.204187,-10.575727,4.057735,0.780784140,-0.003108730,0.143190079,-0.020973,7,0.040577349,2.898382081,0.000000000,0.000000,recover
real,22.640,8.155381,-10.623975,4.021570,0.780844858,-0.057441725,0.142338250,-0.020973,7,0.040215701,2.872550036,0.000000000,0.000000,recover
real,22.661,8.045304,-10.586916,3.963123,0.780986786,-0.110565672,0.140417041,-0.020973,7,0.039631233,2.830802355,0.000000000,0.000000,recover
real,22.681,7.875384,-10.465728,3.878668,0.781204593,-0.162437765,0.137451382,-0.020821,7,0.039240532,2.802895132,0.000000000,0.000000,recover
real,22.702,7.647185,-10.262083,3.771350,0.781491394,-0.212889312,0.133468554,-0.020670,7,0.037713504,2.693821680,0.000000000,0.000000,recover
real,22.724,7.362447,-9.978149,3.641682,0.781838953,-0.261795426,0.128498938,-0.020518,7,0.036416821,2.601201532,0.000000000,0.000000,recover
real,22.744,7.023036,-9.616557,3.489445,0.782237864,-0.309035714,0.122575094,-0.020369,7,0.034894452,2.492460881,0.000000000,0.000000,recover
real,22.764,6.630988,-9.180404,3.315468,0.782677578,-0.354455304,0.115732572,-0.020224,7,0.033154677,2.368191236,0.000000000,0.000000,recover
real,22.785,6.188522,-8.673244,3.119978,0.783146598,-0.397893837,0.108010090,-0.020083,7,0.031199775,2.228555380,0.000000000,0.000000,recover
real,22.806,5.698059,-8.099081,2.903322,0.783632596,-0.439167059,0.099449892,-0.019936,7,0.029033223,2.073801670,0.000000000,0.000000,recover
real,22.827,5.162251,-7.462362,2.665930,0.784122574,-0.478066303,0.090098276,-0.019791,7,0.026659299,1.904235634,0.000000000,0.000000,recover
real,22.848,4.584009,-6.767976,2.408108,0.784603058,-0.514358381,0.080006054,-0.019647,7,0.024081084,1.720077430,0.000000000,0.000000,recover
real,22.868,3.966538,-6.021240,2.130275,0.785060304,-0.547779849,0.069229140,-0.019504,7,0.021302752,1.521625109,0.000000000,0.000000,recover
real,22.889,3.313366,-5.227902,1.832868,0.785480557,-0.578037323,0.057829149,-0.019361,7,0.018328680,1.309191458,0.000000000,0.000000,recover
real,22.910,2.628388,-4.394129,1.516436,0.785850346,-0.604806127,0.045874017,-0.019221,7,0.015164364,1.083168870,0.000000000,0.000000,recover
real,22.931,1.915892,-3.526497,1.181629,0.786156826,-0.627730922,0.033438620,-0.019081,7,0.011816292,0.844020859,0.000000000,0.000000,recover
real,22.951,1.180601,-2.631983,0.829299,0.786388172,-0.646427160,0.020605368,-0.018943,7,0.008292985,0.592356078,0.000000000,0.000000,recover
real,22.972,0.427698,-1.717951,0.460511,0.786534028,-0.660484788,0.007464740,-0.018806,7,0.004605111,0.328936534,0.000000000,0.000000,recover
real,22.993,-0.337144,-0.792126,-0.439148,0.786585985,-0.669473366,-0.005884279,-0.018670,7,-0.004391477,-0.313676909,0.000000000,0.000000,recover
real,23.013,-1.094013,0.131016,-1.076201,0.786432149,-0.652625219,-0.019094120,-0.018533,7,-0.010762008,-0.768714822,0.000000000,0.000000,recover
real,23.034,-1.814258,1.032867,-1.173477,0.786140216,-0.619863182,-0.031664777,-0.018398,7,-0.011734774,-0.838198160,0.000000000,0.000000,recover
real,23.055,-2.500068,1.909347,-1.608350,0.785818979,-0.590016430,-0.043634411,-0.018265,7,-0.016083498,-1.148821264,0.000000000,0.000000,recover
real,23.076,-3.146645,2.753364,-1.901937,0.785434716,-0.553699537,-0.054919318,-0.018131,7,-0.019019371,-1.358526526,0.000000000,0.000000,recover
real,23.097,-3.748212,3.557597,-2.157853,0.785016929,-0.513878982,-0.065418637,-0.018002,7,-0.021578530,-1.541323581,0.000000000,0.000000,recover
real,23.117,-4.302505,4.316647,-2.417100,0.784585060,-0.471937473,-0.075092871,-0.017875,7,-0.024171003,-1.726500225,0.000000000,0.000000,recover
real,23.137,-4.806532,5.025082,-2.630598,0.784150820,-0.427424807,-0.083889805,-0.017746,7,-0.026305977,-1.878998365,0.000000000,0.000000,recover
real,23.158,-5.258140,5.678186,-2.821195,0.783730314,-0.381302040,-0.091771857,-0.017618,7,-0.028211948,-2.015139107,0.000000000,0.000000,recover
real,23.179,-5.655841,6.271903,-2.985962,0.783335769,-0.333932071,-0.098713053,-0.017491,7,-0.029859621,-2.132830096,0.000000000,0.000000,recover
real,23.199,-5.998457,6.802682,-3.122546,0.782977875,-0.285647976,-0.104692832,-0.017366,7,-0.031225458,-2.230389867,0.000000000,0.000000,recover
real,23.230,-6.407649,7.474523,-3.280451,0.782529036,-0.212336519,-0.111834564,-0.017181,7,-0.032804508,-2.343179157,0.000000000,0.000000,recover
real,23.250,-6.610208,7.836207,-3.354118,0.782298063,-0.163272588,-0.115369897,-0.017059,7,-0.033541176,-2.395798252,0.000000000,0.000000,recover
real,23.271,-6.756645,8.126961,-3.403526,0.782127021,-0.114357086,-0.117925698,-0.016937,7,-0.034035261,-2.431090059,0.000000000,0.000000,recover
real,23.291,-6.847311,8.345678,-3.429154,0.782018489,-0.065806422,-0.119508129,-0.016818,7,-0.034291535,-2.449395371,0.000000000,0.000000,recover
real,23.311,-6.882789,8.491755,-3.431550,0.781973393,-0.017815509,-0.120127338,-0.016700,7,-0.034315503,-2.451107392,0.000000000,0.000000,recover
real,23.331,-6.863870,8.565073,-3.411312,0.781991097,0.029437865,-0.119797129,-0.016578,7,-0.034242284,-2.445877456,0.000000000,0.000000,recover
real,23.362,-6.735722,8.539542,-3.341524,0.782130388,0.098544516,-0.117560527,-0.016405,7,-0.033415244,-2.386803167,0.000000000,0.000000,recover
real,23.382,-6.585531,8.433540,-3.266579,0.782292953,0.143267923,-0.114939192,-0.016287,7,-0.032665792,-2.333270880,0.000000000,0.000000,recover
real,23.403,-6.385137,8.258012,-3.171013,0.782505303,0.186706473,-0.111441656,-0.016171,7,-0.031710131,-2.265009358,0.000000000,0.000000,recover
real,23.424,-6.136147,8.014893,-3.055428,0.782761055,0.228708192,-0.107095975,-0.016054,7,-0.030554275,-2.182448217,0.000000000,0.000000,recover
real,23.444,-5.840323,7.706531,-2.919644,0.783052911,0.269130777,-0.101932867,-0.015939,7,-0.029196438,-2.085459862,0.000000000,0.000000,recover
real,23.465,-5.499615,7.335697,-2.764527,0.783372692,0.307803152,-0.095986392,-0.015825,7,-0.027645270,-1.974662120,0.000000000,0.000000,recover
real,23.485,-5.116171,6.905567,-2.590427,0.783711523,0.344553974,-0.089294027,-0.015712,7,-0.025904269,-1.850304927,0.000000000,0.000000,recover
real,23.505,-4.692346,6.419719,-2.397818,0.784059962,0.379196323,-0.081896881,-0.015600,7,-0.023978182,-1.712727288,0.000000000,0.000000,recover
real,23.525,-4.230610,5.882069,-2.177770,0.784408836,0.411717193,-0.073838068,-0.015488,7,-0.021777702,-1.555550116,0.000000000,0.000000,recover
real,23.546,-3.733965,5.297046,-1.960637,0.784745958,0.441290584,-0.065169975,-0.015376,7,-0.019606374,-1.400455264,0.000000000,0.000000,recover
real,23.567,-3.205568,4.669401,-1.715523,0.785063366,0.468332360,-0.055947708,-0.015266,7,-0.017155226,-1.225373317,0.000000000,0.000000,recover
real,23.588,-2.648591,4.004119,-1.452498,0.785350594,0.492386807,-0.046226632,-0.015155,7,-0.014524978,-1.037498393,0.000000000,0.000000,recover
real,23.608,-2.066838,3.306680,-1.177759,0.785597700,0.513074420,-0.036073127,-0.015046,7,-0.011777586,-0.841256148,0.000000000,0.000000,recover
real,23.629,-1.464292,2.582833,-0.886891,0.785796390,0.530219435,-0.025556722,-0.014937,7,-0.008868914,-0.633493879,0.000000000,0.000000,recover
real,23.650,-0.845298,1.838647,-0.583269,0.785938758,0.543475343,-0.014753235,-0.014829,7,-0.005832692,-0.416620859,0.000000000,0.000000,recover
real,23.670,-0.214569,1.080490,-0.268052,0.786018447,0.552539277,-0.003744928,-0.014722,7,-0.002680520,-0.191465708,0.000000000,0.000000,recover
real,23.691,0.422125,0.315324,0.525300,0.786023966,0.555566184,0.007367476,-0.014617,7,0.005252998,0.375214129,0.000000000,0.000000,recover
real,23.712,1.046177,-0.443835,0.853134,0.785891712,0.537848397,0.018259225,-0.014511,7,0.008531342,0.609381565,0.000000000,0.000000,recover
real,23.732,1.641666,-1.185214,1.032434,0.785692197,0.513142060,0.028652484,-0.014406,7,0.010324340,0.737452867,0.000000000,0.000000,recover
real,23.753,2.209528,-1.905044,1.378921,0.785462140,0.488334431,0.038563534,-0.014302,7,0.013789211,0.984943624,0.000000000,0.000000,recover
real,23.774,2.744494,-2.596853,1.614866,0.785189666,0.458189777,0.047900461,-0.014198,7,0.016148659,1.153475642,0.000000000,0.000000,recover
real,23.794,3.242483,-3.254913,1.841769,0.784895668,0.425400025,0.056591997,-0.014098,7,0.018417689,1.315549249,0.000000000,0.000000,recover
real,23.815,3.701085,-3.874512,2.056498,0.784591085,0.390344837,0.064596116,-0.013995,7,0.020564976,1.468926862,0.000000000,0.000000,recover
real,23.835,4.117585,-4.451049,2.238098,0.784285714,0.353050923,0.071865412,-0.013895,7,0.021501524,1.535823111,0.000000000,0.000000,recover
real,23.856,4.490022,-4.980550,2.400510,0.783990635,0.314212334,0.078365666,-0.013795,7,0.024005100,1.714649975,0.000000000,0.000000,recover
real,23.876,4.816880,-5.459541,2.539639,0.783714654,0.274110781,0.084070420,-0.013696,7,0.024732040,1.766574281,0.000000000,0.000000,recover
real,23.897,5.096975,-5.885005,2.655348,0.783465656,0.233077724,0.088958993,-0.013598,7,0.026553480,1.896677175,0.000000000,0.000000,recover
real,23.917,5.329521,-6.254430,2.749154,0.783250244,0.191442021,0.093017693,-0.013500,7,0.027491539,1.963681390,0.000000000,0.000000,recover
real,23.939,5.514048,-6.565775,2.820709,0.783073594,0.149464623,0.096238285,-0.013401,7,0.028207094,2.014792422,0.000000000,0.000000,recover
real,23.959,5.650374,-6.817464,2.870606,0.782939553,0.107398278,0.098617624,-0.013306,7,0.028706062,2.050432965,0.000000000,0.000000,recover
real,23.979,5.738588,-7.008381,2.899278,0.782850614,0.065469207,0.100157260,-0.013212,7,0.028992782,2.070913013,0.000000000,0.000000,recover
real,23.999,5.779021,-7.137856,2.907100,0.782807965,0.023882727,0.100862940,-0.013117,7,0.029071001,2.076500052,0.000000000,0.000000,recover
real,24.020,5.772224,-7.205658,2.894552,0.782811547,-0.017169980,0.100744312,-0.013023,7,0.028945522,2.067537265,0.000000000,0.000000,recover
real,24.041,5.718964,-7.211988,2.862766,0.782860108,-0.057497194,0.099814757,-0.012929,7,0.028627662,2.044832965,0.000000000,0.000000,recover
real,24.061,5.620228,-7.157474,2.812058,0.782951274,-0.096934500,0.098091476,-0.012836,7,0.028120582,2.008612969,0.000000000,0.000000,recover
real,24.082,5.477112,-7.043117,2.740431,0.783081757,-0.135366122,0.095593637,-0.012743,7,0.027404307,1.957450499,0.000000000,0.000000,recover
real,24.102,5.290955,-6.870346,2.651066,0.783247220,-0.172576633,0.092344583,-0.012652,7,0.026510659,1.893618494,0.000000000,0.000000,recover
real,24.123,5.063276,-6.640975,2.543517,0.783442555,-0.208424632,0.088370829,-0.012562,7,0.025435167,1.816797670,0.000000000,0.000000,recover
real,24.143,4.795768,-6.357194,2.418267,0.783661927,-0.242746899,0.083701935,-0.012472,7,0.024182672,1.727333688,0.000000000,0.000000,recover
real,24.164,4.490323,-6.021568,2.276045,0.783898874,-0.275371517,0.078370922,-0.012383,7,0.022760451,1.625746528,0.000000000,0.000000,recover
real,24.184,4.149029,-5.637020,2.117244,0.784146468,-0.306127147,0.072414212,-0.012294,7,0.021172444,1.512317442,0.000000000,0.000000,recover
real,24.205,3.774178,-5.206823,1.942490,0.784397423,-0.334830596,0.065871824,-0.012205,7,0.019424903,1.387493092,0.000000000,0.000000,recover
real,24.225,3.368117,-4.734515,1.747668,0.784644584,-0.361381511,0.058784732,-0.012118,7,0.017476684,1.248334604,0.000000000,0.000000,recover
real,24.246,2.933966,-4.224214,1.550512,0.784879285,-0.385242624,0.051207373,-0.012031,7,0.016530117,1.180722657,0.000000000,0.000000,recover
real,24.266,2.474432,-3.680050,1.328359,0.785095676,-0.406680050,0.043186980,-0.011944,7,0.013283590,0.948827853,0.000000000,0.000000,recover
real,24.287,1.992763,-3.106588,1.097494,0.785285717,-0.425155859,0.034780282,-0.011860,7,0.010974939,0.783924227,0.000000000,0.000000,recover
real,24.318,1.236312,-2.202047,0.729612,0.785507787,-0.446971368,0.021577712,-0.011732,7,0.007296118,0.521151258,0.000000000,0.000000,recover
real,24.339,0.715237,-1.577118,0.470377,0.785605881,-0.457289490,0.012483236,-0.011648,7,0.004703774,0.335983846,0.000000000,0.000000,recover
real,24.369,-0.081623,-0.620277,-0.021527,0.785667610,-0.465834872,-0.001424585,-0.011524,7,-0.000215273,-0.015376627,0.000000000,0.000000,recover
real,24.389,-0.613090,0.020689,-0.613566,0.785627382,-0.460935686,-0.010700431,-0.011442,7,-0.006135657,-0.438261198,0.000000000,0.000000,recover
real,24.410,-1.126235,0.651226,-0.734976,0.785506622,-0.442274560,-0.019656510,-0.011360,7,-0.007349757,-0.485775899,0.000000000,0.000000,recover
real,24.430,-1.617405,1.266027,-1.000411,0.785360606,-0.423362585,-0.028229049,-0.011280,7,-0.010004115,-0.714579614,0.000000000,0.000000,recover
real,24.450,-2.084422,1.860616,-1.243322,0.785183533,-0.400991224,-0.036380028,-0.011199,7,-0.012433221,-0.888087227,0.000000000,0.000000,recover
real,24.471,-2.522785,2.429582,-1.448247,0.784983181,-0.375332080,-0.044030913,-0.011120,7,-0.014482474,-1.034462452,0.000000000,0.000000,recover
real,24.492,-2.929742,2.968506,-1.634323,0.784769267,-0.347185025,-0.051133643,-0.011039,7,-0.016343231,-1.167373658,0.000000000,0.000000,recover
real,24.522,-3.475808,3.711643,-1.885284,0.784441284,-0.301292642,-0.060664299,-0.010921,7,-0.018852839,-1.346631371,0.000000000,0.000000,recover
real,24.543,-3.794072,4.158354,-2.027280,0.784228627,-0.268627124,-0.066219049,-0.010841,7,-0.020272795,-1.448056794,0.000000000,0.000000,recover
real,24.564,-4.073818,4.562428,-2.149586,0.784028879,-0.234700027,-0.071101541,-0.010763,7,-0.021495858,-1.535418432,0.000000000,0.000000,recover
real,24.585,-4.313870,4.921216,-2.252748,0.783848024,-0.199819227,-0.075291233,-0.010684,7,-0.022527479,-1.609105658,0.000000000,0.000000,recover
real,24.605,-4.513348,5.232476,-2.336053,0.783691083,-0.164243809,-0.078772776,-0.010606,7,-0.023360535,-1.668609627,0.000000000,0.000000,recover
real,24.626,-4.671676,5.494381,-2.400110,0.783562136,-0.128237003,-0.081536131,-0.010530,7,-0.024001103,-1.714364478,0.000000000,0.000000,recover
real,24.647,-4.788558,5.705520,-2.445072,0.783464227,-0.092031900,-0.083576095,-0.010454,7,-0.024450723,-1.746480235,0.000000000,0.000000,recover
real,24.667,-4.863945,5.864879,-2.471184,0.783399383,-0.055845258,-0.084891863,-0.010379,7,-0.024711839,-1.765131332,0.000000000,0.000000,recover
real,24.688,-4.898031,5.971845,-2.478808,0.783368626,-0.019880310,-0.085486777,-0.010305,7,-0.024788081,-1.770577223,0.000000000,0.000000,recover
real,24.708,-4.891228,6.026196,-2.468273,0.783372004,0.015673800,-0.085368032,-0.010230,7,-0.024682726,-1.763051873,0.000000000,0.000000,recover
real,24.729,-4.844163,6.028092,-2.440781,0.783408623,0.050621270,-0.084546596,-0.010158,7,-0.024407813,-1.743415201,0.000000000,0.000000,recover
real,24.749,-4.757683,5.978081,-2.396181,0.783476709,0.084803664,-0.083037232,-0.010086,7,-0.023961806,-1.711557555,0.000000000,0.000000,recover
real,24.770,-4.632750,5.877040,-2.332876,0.783573765,0.118094239,-0.080856742,-0.010013,7,-0.023328765,-1.666340356,0.000000000,0.000000,recover
real,24.790,-4.470572,5.726228,-2.253873,0.783696458,0.150278949,-0.078026198,-0.009941,7,-0.022538730,-1.609909316,0.000000000,0.000000,recover
real,24.811,-4.272534,5.527254,-2.158665,0.783840865,0.181217562,-0.074569781,-0.009870,7,-0.021586652,-1.541903681,0.000000000,0.000000,recover
real,24.831,-4.040196,5.282058,-2.047813,0.784002493,0.210747977,-0.070514714,-0.009801,7,-0.020478126,-1.462723314,0.000000000,0.000000,recover
real,24.852,-3.775310,4.992914,-1.922024,0.784176386,0.238704509,-0.065891586,-0.009730,7,-0.019220242,-1.372874434,0.000000000,0.000000,recover
real,24.872,-3.479814,4.662412,-1.781748,0.784357251,0.264924804,-0.060734216,-0.009660,7,-0.017817476,-1.272676832,0.000000000,0.000000,recover
real,24.893,-3.155839,4.293451,-1.627651,0.784539560,0.289239449,-0.055079779,-0.009590,7,-0.016276512,-1.162608006,0.000000000,0.000000,recover
real,24.914,-2.805710,3.889224,-1.460422,0.784717685,0.311475986,-0.048968885,-0.009520,7,-0.014604220,-1.043158577,0.000000000,0.000000,recover
real,24.944,-2.237065,3.224430,-1.186619,0.784964833,0.340547930,-0.039044151,-0.009420,7,-0.011866188,-0.847584824,0.000000000,0.000000,recover
real,24.964,-1.833060,2.747814,-0.990055,0.785108453,0.356810989,-0.031992934,-0.009353,7,-0.009900553,-0.707182351,0.000000000,0.000000,recover
real,24.985,-1.412650,2.249218,-0.783418,0.785229426,0.370367155,-0.024655395,-0.009285,7,-0.007834180,-0.559584260,0.000000000,0.000000,recover
real,25.005,-0.978897,1.732885,-0.562290,0.785323814,0.381143779,-0.017084970,-0.009219,7,-0.005622895,-0.401635363,0.000000000,0.000000,recover
real,25.026,-0.535705,1.203549,-0.347703,0.785386773,0.388562932,-0.009349820,-0.009152,7,-0.003477028,-0.248359155,0.000000000,0.000000,recover
real,25.046,-0.086427,0.665769,-0.114308,0.785417385,0.393011181,-0.001508439,-0.009086,7,-0.001143085,-0.081648906,0.000000000,0.000000,recover
real,25.067,0.364383,0.124719,0.381122,0.785408261,0.392490999,0.006359691,-0.009021,7,0.003811217,0.272229795,0.000000000,0.000000,recover
real,25.087,0.804838,-0.410972,0.565150,0.785339465,0.380190340,0.014047073,-0.008956,7,0.005090187,0.363584797,0.000000000,0.000000,recover
real,25.108,1.227753,-0.934884,0.746625,0.785242487,0.364888049,0.021428341,-0.008892,7,0.007466252,0.533303688,0.000000000,0.000000,recover
real,25.129,1.632110,-1.443568,0.977059,0.785124855,0.347867589,0.028485685,-0.008827,7,0.009770590,0.697899314,0.000000000,0.000000,recover
real,25.150,2.013938,-1.932321,1.152672,0.784986188,0.327326551,0.035149854,-0.008763,7,0.011526720,0.823337171,0.000000000,0.000000,recover
real,25.170,2.370550,-2.397169,1.328829,0.784835721,0.304765481,0.041373895,-0.008701,7,0.013288292,0.949163724,0.000000000,0.000000,recover
real,25.191,2.699348,-2.834342,1.478869,0.784678112,0.279961981,0.047112508,-0.008639,7,0.014788689,1.056334941,0.000000000,0.000000,recover
real,25.211,2.998391,-3.240554,1.619646,0.784520004,0.253573406,0.052331800,-0.008577,7,0.016196465,1.156890346,0.000000000,0.000000,recover
real,25.232,3.265938,-3.612806,1.741510,0.784366439,0.225694163,0.057001374,-0.008515,7,0.017415103,1.243935897,0.000000000,0.000000,recover
real,25.252,3.500529,-3.948437,1.846241,0.784222546,0.196642365,0.061095763,-0.008453,7,0.018462405,1.282730503,0.000000000,0.000000,recover
real,25.273,3.701063,-4.245174,1.934568,0.784092765,0.166693147,0.064595734,-0.008393,7,0.019345682,1.381834403,0.000000000,0.000000,recover
real,25.293,3.866695,-4.501092,2.005541,0.783980820,0.136071101,0.067486557,-0.008332,7,0.020055411,1.408708471,0.000000000,0.000000,recover
real,25.314,3.996853,-4.714629,2.059672,0.783889748,0.105014152,0.069758246,-0.008274,7,0.020596721,1.471194373,0.000000000,0.000000,recover
real,25.334,4.091219,-4.884584,2.097020,0.783821806,0.073735729,0.071405235,-0.008215,7,0.020970199,1.497871345,0.000000000,0.000000,recover
real,25.355,4.149706,-5.010108,2.117744,0.783778481,0.042437204,0.072426025,-0.008156,7,0.021177439,1.512674241,0.000000000,0.000000,recover
real,25.375,4.172451,-5.090707,2.122128,0.783760485,0.011309946,0.072823012,-0.008098,7,0.021221281,1.515805812,0.000000000,0.000000,recover
real,25.396,4.159802,-5.126228,2.110422,0.783767783,-0.019465743,0.072602248,-0.008039,7,0.021104225,1.507444635,0.000000000,0.000000,recover
real,25.416,4.112323,-5.116868,2.084348,0.783799596,-0.049689685,0.071773573,-0.007983,7,0.020843482,1.488820131,0.000000000,0.000000,recover
real,25.436,4.030740,-5.063143,2.040123,0.783854533,-0.079280682,0.070349680,-0.007926,7,0.020401228,1.457230574,0.000000000,0.000000,recover
real,25.457,3.915967,-4.965894,1.983745,0.783930481,-0.107961730,0.068346516,-0.007869,7,0.019837449,1.416960645,0.000000000,0.000000,recover
real,25.478,3.769139,-4.826299,1.911468,0.784024865,-0.135663715,0.065783884,-0.007811,7,0.019114677,1.365334107,0.000000000,0.000000,recover
real,25.499,3.591498,-4.645811,1.824416,0.784134597,-0.162216542,0.062683464,-0.007754,7,0.018244163,1.303154476,0.000000000,0.000000,recover
real,25.519,3.384521,-4.426209,1.724419,0.784256117,-0.187440515,0.059071039,-0.007698,7,0.017244187,1.231727613,0.000000000,0.000000,recover
real,25.540,3.149839,-4.169553,1.611031,0.784385610,-0.211203371,0.054975062,-0.007643,7,0.016110308,1.150736299,0.000000000,0.000000,recover
real,25.561,2.889258,-3.878181,1.485178,0.784518991,-0.233345264,0.050427057,-0.007587,7,0.014851776,1.060841113,0.000000000,0.000000,recover
real,25.582,2.604763,-3.554699,1.347521,0.784652052,-0.253713020,0.045461684,-0.007532,7,0.013475208,0.962514873,0.000000000,0.000000,recover
real,25.603,2.298513,-3.201967,1.198700,0.784780562,-0.272154750,0.040116620,-0.007477,7,0.011986998,0.856214141,0.000000000,0.000000,recover
real,25.623,1.972844,-2.823082,1.039548,0.784900374,-0.288516197,0.034432623,-0.007423,7,0.010395479,0.742534209,0.000000000,0.000000,recover
real,25.644,1.630266,-2.421368,0.870926,0.785007543,-0.302645113,0.028453510,-0.007369,7,0.008709262,0.622090138,0.000000000,0.000000,recover
real,25.665,1.273463,-2.000352,0.693808,0.785098449,-0.314391419,0.022226114,-0.007316,7,0.006938079,0.495577057,0.000000000,0.000000,recover
real,25.685,0.905285,-1.563748,0.509269,0.785169912,-0.323609237,0.015800211,-0.007262,7,0.005092689,0.363763517,0.000000000,0.000000,recover
real,25.706,0.528749,-1.115437,0.318502,0.785219312,-0.330159242,0.009228406,-0.007209,7,0.003185017,0.227501190,0.000000000,0.000000,recover
real,25.727,0.147018,-0.659437,0.122830,0.785244696,-0.333911537,0.002565956,-0.007158,7,0.001228300,0.087735745,0.000000000,0.000000,recover
real,25.748,-0.236414,-0.199969,-0.239204,0.785243817,-0.334349022,-0.004126210,-0.007106,7,-0.002392041,-0.170860096,0.000000000,0.000000,recover
real,25.768,-0.613629,0.256654,-0.449001,0.785202794,-0.326074316,-0.010709854,-0.007055,7,-0.004490011,-0.320715080,0.000000000,0.000000,recover
real,25.789,-0.977041,0.704276,-0.592117,0.785136747,-0.313766811,-0.017052587,-0.007004,7,-0.005921167,-0.422940471,0.000000000,0.000000,recover
real,25.810,-1.325540,1.139831,-0.788032,0.785055293,-0.300125345,-0.023135033,-0.006953,7,-0.007880316,-0.562879697,0.000000000,0.000000,recover
real,25.830,-1.655917,1.559370,-0.946065,0.784957676,-0.283525077,-0.028901197,-0.006903,7,-0.009460651,-0.675760813,0.000000000,0.000000,recover
real,25.851,-1.965502,1.959302,-1.096199,0.784849796,-0.264887282,-0.034304483,-0.006853,7,-0.010961985,-0.782998937,0.000000000,0.000000,recover
real,25.872,-2.252218,2.336443,-1.235798,0.784735842,-0.244419940,-0.039308623,-0.006804,7,-0.012357976,-0.882712554,0.000000000,0.000000,recover
real,25.892,-2.514046,2.687783,-1.358824,0.784619924,-0.222266349,-0.043878379,-0.006754,7,-0.013588236,-0.970588276,0.000000000,0.000000,recover
real,25.914,-2.749334,3.010645,-1.468702,0.784506339,-0.198754188,-0.047984926,-0.006705,7,-0.014687019,-1.049072785,0.000000000,0.000000,recover
real,25.944,-3.049650,3.436471,-1.605267,0.784348473,-0.161389944,-0.053226437,-0.006633,7,-0.016052669,-1.146619192,0.000000000,0.000000,recover
real,25.965,-3.213088,3.678396,-1.678354,0.784256525,-0.135446700,-0.056078967,-0.006585,7,-0.016783539,-1.198824220,0.000000000,0.000000,recover
real,25.986,-3.346331,3.884902,-1.737724,0.784178403,-0.108935476,-0.058404491,-0.006537,7,-0.017377238,-1.241231257,0.000000000,0.000000,recover
real,26.006,-3.448811,4.054673,-1.780293,0.784116236,-0.081998677,-0.060193116,-0.006490,7,-0.017802927,-1.271637663,0.000000000,0.000000,recover
real,26.027,-3.520265,4.186747,-1.809122,0.784071650,-0.054890743,-0.061440207,-0.006444,7,-0.018091222,-1.292230162,0.000000000,0.000000,recover
real,26.047,-3.560628,4.280466,-1.823141,0.784045612,-0.027770329,-0.062144685,-0.006397,7,-0.018231414,-1.298573192,0.000000000,0.000000,recover
real,26.068,-3.570034,4.335479,-1.822658,0.784038524,-0.000815642,-0.062308841,-0.006351,7,-0.018226575,-1.301898247,0.000000000,0.000000,recover
real,26.089,-3.548816,4.351742,-1.808185,0.784050205,0.025799868,-0.061938532,-0.006304,7,-0.018081852,-1.291560890,0.000000000,0.000000,recover
real,26.110,-3.497529,4.329526,-1.781552,0.784079896,0.051884712,-0.061043396,-0.006258,7,-0.017815523,-1.272537333,0.000000000,0.000000,recover
real,26.131,-3.416837,4.269364,-1.739013,0.784126395,0.077365873,-0.059635052,-0.006213,7,-0.017390129,-1.242152105,0.000000000,0.000000,recover
real,26.161,-3.242606,4.109869,-1.651400,0.784223759,0.114017230,-0.056594142,-0.006147,7,-0.016514004,-1.179571690,0.000000000,0.000000,recover
real,26.182,-3.092583,3.959101,-1.577140,0.784303832,0.137203544,-0.053975761,-0.006102,7,-0.015771398,-1.126528432,0.000000000,0.000000,recover
real,26.202,-2.916946,3.774513,-1.490768,0.784392995,0.159223358,-0.050910307,-0.006058,7,-0.014907684,-1.064834580,0.000000000,0.000000,recover
real,26.223,-2.717150,3.557883,-1.392897,0.784488341,0.179933887,-0.047423209,-0.006016,7,-0.013928965,-0.994926082,0.000000000,0.000000,recover
real,26.243,-2.494809,3.311231,-1.283997,0.784586791,0.199198008,-0.043542635,-0.005972,7,-0.012839970,-0.917140683,0.000000000,0.000000,recover
real,26.264,-2.251697,3.036815,-1.164748,0.784685161,0.216877332,-0.039299523,-0.005930,7,-0.011647483,-0.831963062,0.000000000,0.000000,recover
real,26.284,-1.989741,2.737113,-1.035839,0.784780258,0.232836635,-0.034727537,-0.005888,7,-0.010358393,-0.739885224,0.000000000,0.000000,recover
real,26.305,-1.711024,2.414812,-0.898028,0.784868966,0.246943280,-0.029863003,-0.005845,7,-0.008980284,-0.641448834,0.000000000,0.000000,recover
real,26.325,-1.417776,2.072792,-0.752158,0.784948336,0.259067881,-0.024744859,-0.005804,7,-0.007521579,-0.537255638,0.000000000,0.000000,recover
real,26.346,-1.112372,1.714109,-0.599150,0.785015678,0.269085872,-0.019414562,-0.005761,7,-0.005991499,-0.427964216,0.000000000,0.000000,recover
real,26.367,-0.797326,1.341976,-0.440014,0.785068654,0.276878995,-0.013915969,-0.005720,7,-0.004400141,-0.314295779,0.000000000,0.000000,recover
real,26.387,-0.475279,0.959740,-0.275857,0.785105357,0.282337225,-0.008295191,-0.005680,7,-0.002758569,-0.197040649,0.000000000,0.000000,recover
real,26.407,-0.148991,0.570864,-0.107891,0.785124397,0.285361172,-0.002600387,-0.005639,7,-0.001078910,-0.077064989,0.000000000,0.000000,recover
real,26.428,0.178624,0.178925,0.174267,0.785124710,0.285751890,0.003117568,-0.005598,7,0.001742670,0.124476413,0.000000000,0.000000,recover
real,26.448,0.501652,-0.211083,0.364686,0.785097375,0.279470567,0.008755471,-0.005558,7,0.003646863,0.260490211,0.000000000,0.000000,recover
real,26.469,0.813567,-0.593877,0.484200,0.785050729,0.269391466,0.014199429,-0.005519,7,0.004841995,0.345856786,0.000000000,0.000000,recover
real,26.489,1.113251,-0.966750,0.656334,0.784992753,0.258273327,0.019429899,-0.005480,7,0.006563336,0.468809732,0.000000000,0.000000,recover
real,26.509,1.398029,-1.326350,0.795324,0.784922370,0.244528002,0.024400203,-0.005440,7,0.007953237,0.568088381,0.000000000,0.000000,recover
real,26.530,1.665410,-1.669498,0.925110,0.784843837,0.228906076,0.029066894,-0.005401,7,0.009251098,0.660792697,0.000000000,0.000000,recover
real,26.551,1.913565,-1.993429,1.048049,0.784760399,0.211675004,0.033398011,-0.005362,7,0.010480490,0.748606449,0.000000000,0.000000,recover
real,26.572,2.140665,-2.295506,1.156340,0.784674998,0.192898954,0.037361648,-0.005323,7,0.011563405,0.825957491,0.000000000,0.000000,recover
real,26.592,2.345183,-2.573365,1.253333,0.784590874,0.172868576,0.040931163,-0.005285,7,0.012533334,0.895238148,0.000000000,0.000000,recover
real,26.613,2.525846,-2.824910,1.337895,0.784510901,0.151772706,0.044084334,-0.005247,7,0.013378947,0.955639077,0.000000000,0.000000,recover
real,26.633,2.681591,-3.048299,1.409449,0.784437703,0.129805325,0.046802593,-0.005209,7,0.014094487,1.006749074,0.000000000,0.000000,recover
real,26.654,2.811588,-3.241967,1.468220,0.784373583,0.107168130,0.049071470,-0.005172,7,0.014682200,1.048728546,0.000000000,0.000000,recover
real,26.675,2.915223,-3.404621,1.513963,0.784320441,0.084044503,0.050880241,-0.005134,7,0.015139626,1.081401874,0.000000000,0.000000,recover
real,26.695,2.992089,-3.535243,1.546694,0.784279758,0.060614591,0.052221797,-0.005098,7,0.015466945,1.104781752,0.000000000,0.000000,recover
real,26.715,3.041978,-3.633092,1.566483,0.784252569,0.037051372,0.053092533,-0.005061,7,0.015664831,1.118916465,0.000000000,0.000000,recover
real,26.736,3.064877,-3.697700,1.573442,0.784239455,0.013520380,0.053492194,-0.005026,7,0.015734425,1.123887481,0.000000000,0.000000,recover
real,26.756,3.060955,-3.728871,1.567729,0.784240545,-0.009819173,0.053423745,-0.004990,7,0.015677286,1.119806114,0.000000000,0.000000,recover
real,26.777,3.030571,-3.726682,1.550639,0.784255517,-0.032791947,0.052893446,-0.004954,7,0.015506387,1.107599046,0.000000000,0.000000,recover
real,26.798,2.974266,-3.691480,1.521107,0.784283637,-0.055278722,0.051910727,-0.004918,7,0.015211073,1.086505247,0.000000000,0.000000,recover
real,26.818,2.892675,-3.623835,1.478304,0.784323824,-0.077157484,0.050486702,-0.004883,7,0.014783036,1.055931112,0.000000000,0.000000,recover
real,26.839,2.786659,-3.524601,1.424795,0.784374588,-0.098243459,0.048636378,-0.004848,7,0.014247947,1.017710476,0.000000000,0.000000,recover
real,26.859,2.657222,-3.394868,1.359969,0.784434174,-0.118422429,0.046377278,-0.004813,7,0.013599687,0.971406197,0.000000000,0.000000,recover
real,26.880,2.505514,-3.235961,1.284433,0.784500563,-0.137558682,0.043729477,-0.004778,7,0.012844334,0.917452419,0.000000000,0.000000,recover
real,26.900,2.332841,-3.049434,1.198809,0.784571537,-0.155520822,0.040715764,-0.004744,7,0.011988094,0.856292402,0.000000000,0.000000,recover
real,26.921,2.140651,-2.837057,1.103533,0.784644752,-0.172185183,0.037361413,-0.004710,7,0.011035327,0.788237672,0.000000000,0.000000,recover
real,26.942,1.930534,-2.600807,0.999262,0.784717793,-0.187428115,0.033694177,-0.004675,7,0.009992620,0.713758603,0.000000000,0.000000,recover
real,26.962,1.704218,-2.342854,0.886653,0.784788245,-0.201130815,0.029744216,-0.004642,7,0.008866526,0.633323314,0.000000000,0.000000,recover
real,26.983,1.463564,-2.065547,0.766423,0.784853768,-0.213178557,0.025544005,-0.004609,7,0.007664233,0.547445186,0.000000000,0.000000,recover
real,27.003,1.210559,-1.771402,0.639382,0.784912159,-0.223461428,0.021128248,-0.004576,7,0.006393824,0.456701681,0.000000000,0.000000,recover
real,27.023,0.947314,-1.463084,0.506382,0.784961433,-0.231876041,0.016533752,-0.004544,7,0.005063822,0.361701572,0.000000000,0.000000,recover
real,27.044,0.676050,-1.143387,0.368374,0.784999882,-0.238326241,0.011799291,-0.004511,7,0.003683738,0.263124128,0.000000000,0.000000,recover
real,27.074,0.259225,-0.648892,0.154217,0.785034385,-0.244131681,0.004524334,-0.004463,7,0.001542174,0.110155298,0.000000000,0.000000,recover
real,27.095,-0.021727,-0.313661,-0.003678,0.785040692,-0.245316442,-0.000379199,-0.004431,7,-0.000036779,-0.002627084,0.000000000,0.000000,recover
real,27.115,-0.301522,0.022108,-0.251541,0.785030845,-0.243042460,-0.005262549,-0.004400,7,-0.002515411,-0.179672249,0.000000000,0.000000,recover
real,27.136,-0.574062,0.353647,-0.353517,0.785002221,-0.235539872,-0.010019267,-0.004368,7,-0.003535166,-0.252511834,0.000000000,0.000000,recover
real,27.156,-0.836847,0.677891,-0.490747,0.784964001,-0.226856451,-0.014605735,-0.004336,7,-0.004907474,-0.350533840,0.000000000,0.000000,recover
real,27.177,-1.088364,0.992292,-0.631531,0.784916613,-0.216452183,-0.018995539,-0.004305,7,-0.006315307,-0.451093369,0.000000000,0.000000,recover
real,27.198,-1.326021,1.293868,-0.738499,0.784860974,-0.203750876,-0.023143429,-0.004274,7,-0.007384988,-0.527499168,0.000000000,0.000000,recover
real,27.218,-1.547987,1.580075,-0.849683,0.784800810,-0.189747336,-0.027017469,-0.004244,7,-0.008496834,-0.606916706,0.000000000,0.000000,recover
real,27.239,-1.752763,1.848625,-0.951490,0.784737974,-0.174335003,-0.030591478,-0.004213,7,-0.009514898,-0.679635607,0.000000000,0.000000,recover
real,27.259,-1.938764,2.097298,-1.039942,0.784674757,-0.157626549,-0.033837809,-0.004183,7,-0.010399416,-0.742815411,0.000000000,0.000000,recover
real,27.280,-2.104760,2.324162,-1.119574,0.784613557,-0.139902608,-0.036734987,-0.004153,7,-0.011195737,-0.799695518,0.000000000,0.000000,recover
real,27.300,-2.249693,2.527499,-1.187773,0.784556402,-0.121290549,-0.039264559,-0.004124,7,-0.011877735,-0.848409633,0.000000000,0.000000,recover
real,27.321,-2.372693,2.705814,-1.244676,0.784505178,-0.101971070,-0.041411304,-0.004094,7,-0.012446757,-0.889054095,0.000000000,0.000000,recover
real,27.341,-2.473095,2.857858,-1.290411,0.784461490,-0.082117998,-0.043163655,-0.004065,7,-0.012904106,-0.921721892,0.000000000,0.000000,recover
real,27.362,-2.550420,2.982619,-1.324653,0.784426629,-0.061889692,-0.044513228,-0.004035,7,-0.013246531,-0.946180754,0.000000000,0.000000,recover
real,27.382,-2.604371,3.079326,-1.347490,0.784401564,-0.041446682,-0.045454854,-0.004006,7,-0.013474905,-0.962493202,0.000000000,0.000000,recover
real,27.403,-2.634831,3.147453,-1.358969,0.784386912,-0.020942154,-0.045986473,-0.003978,7,-0.013589685,-0.970691819,0.000000000,0.000000,recover
real,27.423,-2.641851,3.186711,-1.359177,0.784382946,-0.000524008,-0.046109004,-0.003950,7,-0.013591768,-0.970840594,0.000000000,0.000000,recover
real,27.443,-2.625653,3.197053,-1.348441,0.784389589,0.019661008,-0.045826284,-0.003921,7,-0.013484406,-0.963171885,0.000000000,0.000000,recover
real,27.464,-2.586648,3.178682,-1.328462,0.784406413,0.039445008,-0.045145532,-0.003893,7,-0.013284623,-0.948901637,0.000000000,0.000000,recover
real,27.485,-2.525336,3.132000,-1.295527,0.784432733,0.058775021,-0.044075434,-0.003865,7,-0.012955267,-0.925376216,0.000000000,0.000000,recover
real,27.515,-2.393066,3.010353,-1.227758,0.784487731,0.086525065,-0.041766887,-0.003824,7,-0.012277584,-0.876970255,0.000000000,0.000000,recover
real,27.536,-2.279291,2.896180,-1.170203,0.784532833,0.104026987,-0.039781133,-0.003796,7,-0.011702033,-0.835859470,0.000000000,0.000000,recover
real,27.566,-2.072829,2.678251,-1.066498,0.784609263,0.128478537,-0.036177685,-0.003756,7,-0.010664975,-0.761783950,0.000000000,0.000000,recover
real,27.587,-1.913085,2.503930,-0.986491,0.784663549,0.143409915,-0.033389632,-0.003729,7,-0.009864908,-0.704636283,0.000000000,0.000000,recover
real,27.608,-1.737238,2.308291,-0.898395,0.784718383,0.157116296,-0.030320525,-0.003702,7,-0.008983950,-0.641710717,0.000000000,0.000000,recover
real,27.628,-1.546781,2.093166,-0.802837,0.784771925,0.169490793,-0.026996425,-0.003675,7,-0.008028368,-0.573454844,0.000000000,0.000000,recover
real,27.649,-1.343325,1.860549,-0.700460,0.784822379,0.180432225,-0.023445446,-0.003648,7,-0.007004596,-0.500328253,0.000000000,0.000000,recover
real,27.670,-1.128592,1.612580,-0.591983,0.784868041,0.189844628,-0.019697650,-0.003622,7,-0.005919833,-0.422845247,0.000000000,0.000000,recover
real,27.691,-0.904410,1.351536,-0.478185,0.784907359,0.197638635,-0.015784927,-0.003596,7,-0.004781855,-0.341561037,0.000000000,0.000000,recover
real,27.711,-0.672701,1.079809,-0.359902,0.784938982,0.203732547,-0.011740842,-0.003570,7,-0.003599020,-0.257072869,0.000000000,0.000000,recover
real,27.732,-0.435408,0.799858,-0.232631,0.784962001,0.208165547,-0.007599305,-0.003544,7,-0.002326307,-0.166164801,0.000000000,0.000000,recover
real,27.752,-0.194715,0.514303,-0.114168,0.784975009,0.210520419,-0.003398426,-0.003519,7,-0.001141682,-0.081548726,0.000000000,0.000000,recover
real,27.773,0.047188,0.225799,0.034352,0.784978153,0.211119753,0.000823582,-0.003493,7,0.000343524,0.024537428,0.000000000,0.000000,recover
real,27.794,0.287454,-0.062673,0.220362,0.784969035,0.208550474,0.005017011,-0.003468,7,0.002203616,0.157401116,0.000000000,0.000000,recover
real,27.814,0.521379,-0.347267,0.317434,0.784947410,0.202272335,0.009099784,-0.003443,7,0.003174339,0.226738515,0.000000000,0.000000,recover
real,27.835,0.747015,-0.625442,0.433333,0.784918315,0.194721248,0.013037879,-0.003418,7,0.004333327,0.309523365,0.000000000,0.000000,recover
real,27.856,0.962720,-0.894851,0.546310,0.784882345,0.185564445,0.016802631,-0.003394,7,0.005463101,0.390221511,0.000000000,0.000000,recover
real,27.876,1.166530,-1.153057,0.646909,0.784840846,0.174765746,0.020359790,-0.003369,7,0.006469085,0.462077512,0.000000000,0.000000,recover
real,27.897,1.356843,-1.397863,0.742156,0.784795772,0.162632752,0.023681372,-0.003345,7,0.007421559,0.530111337,0.000000000,0.000000,recover
real,27.917,1.532208,-1.627231,0.828652,0.784748806,0.149254702,0.026742075,-0.003321,7,0.008286523,0.591894510,0.000000000,0.000000,recover
real,27.938,1.691320,-1.839283,0.905997,0.784701718,0.134786598,0.029519099,-0.003297,7,0.009059967,0.647140475,0.000000000,0.000000,recover
real,27.958,1.833069,-2.032341,0.974368,0.784656214,0.119393051,0.031993096,-0.003273,7,0.009743683,0.695977358,0.000000000,0.000000,recover
real,27.979,1.956516,-2.204917,1.033094,0.784613857,0.103218869,0.034147649,-0.003250,7,0.010330941,0.737924328,0.000000000,0.000000,recover
real,28.000,2.060893,-2.355727,1.082054,0.784576056,0.086417116,0.035969360,-0.003226,7,0.010820539,0.772895641,0.000000000,0.000000,recover
real,28.020,2.145603,-2.483693,1.121104,0.784544012,0.069136295,0.037447842,-0.003203,7,0.011028283,0.787734494,0.000000000,0.000000,recover
real,28.041,2.210220,-2.587949,1.150126,0.784518693,0.051520969,0.038575612,-0.003180,7,0.011501258,0.821518446,0.000000000,0.000000,recover
real,28.061,2.254489,-2.667845,1.170089,0.784500817,0.033733000,0.039348254,-0.003157,7,0.011700890,0.835777886,0.000000000,0.000000,recover
real,28.082,2.278287,-2.722931,1.177957,0.784490825,0.015846816,0.039763607,-0.003135,7,0.011779570,0.841397857,0.000000000,0.000000,recover
real,28.102,2.281656,-2.752973,1.177013,0.784488917,-0.001936082,0.039822404,-0.003112,7,0.011770135,0.840723905,0.000000000,0.000000,recover
real,28.123,2.264820,-2.757965,1.166956,0.784494996,-0.019496250,0.039528571,-0.003090,7,0.011669556,0.833539724,0.000000000,0.000000,recover
real,28.144,2.228147,-2.738105,1.147995,0.784508711,-0.036708449,0.038888497,-0.003067,7,0.011479953,0.819996637,0.000000000,0.000000,recover
real,28.164,2.172080,-2.693766,1.117751,0.784529513,-0.053503429,0.037909946,-0.003046,7,0.011177506,0.798393253,0.000000000,0.000000,recover
real,28.185,2.097244,-2.625538,1.079060,0.784556591,-0.069709249,0.036603806,-0.003024,7,0.010790598,0.770756975,0.000000000,0.000000,recover
real,28.205,2.004401,-2.534212,1.031647,0.784588960,-0.085224698,0.034983405,-0.003002,7,0.010316468,0.736890580,0.000000000,0.000000,recover
real,28.226,1.894431,-2.420753,0.975715,0.784625482,-0.099942627,0.033064058,-0.002981,7,0.009757153,0.696939493,0.000000000,0.000000,recover
real,28.247,1.761629,-2.279061,0.907962,0.784666916,-0.114428308,0.030746219,-0.002959,7,0.009079624,0.648544550,0.000000000,0.000000,recover
real,28.277,1.551414,-2.048217,0.801520,0.784726444,-0.132556778,0.027077289,-0.002928,7,0.008015204,0.572514591,0.000000000,0.000000,recover
real,28.297,1.390209,-1.867452,0.721486,0.784767016,-0.143630101,0.024263729,-0.002906,7,0.007214858,0.515347004,0.000000000,0.000000,recover
real,28.318,1.217288,-1.670996,0.632976,0.784805702,-0.153508621,0.021245682,-0.002885,7,0.006329763,0.452125934,0.000000000,0.000000,recover
real,28.339,1.034081,-1.460648,0.537779,0.784841173,-0.162080465,0.018048119,-0.002865,7,0.005377790,0.384127826,0.000000000,0.000000,recover
real,28.359,0.842375,-1.238453,0.443785,0.784872004,-0.169124701,0.014702223,-0.002844,7,0.004437854,0.316989571,0.000000000,0.000000,recover
real,28.380,0.643703,-1.006403,0.340211,0.784897469,-0.174809443,0.011234739,-0.002824,7,0.003402111,0.243007907,0.000000000,0.000000,recover
real,28.400,0.439823,-0.766647,0.235503,0.784916475,-0.178910983,0.007676354,-0.002804,7,0.002355025,0.168216097,0.000000000,0.000000,recover
real,28.421,0.232563,-0.521414,0.128364,0.784928426,-0.181423718,0.004058998,-0.002783,7,0.001283638,0.091688412,0.000000000,0.000000,recover
real,28.452,-0.080613,-0.148258,-0.068704,0.784932300,-0.182132254,-0.001406959,-0.002754,7,-0.000687043,-0.049074472,0.000000000,0.000000,recover
real,28.472,-0.287223,0.100245,-0.200877,0.784923432,-0.179138256,-0.005012985,-0.002734,7,-0.002008767,-0.143483378,0.000000000,0.000000,recover
real,28.492,-0.488007,0.344964,-0.286126,0.784906319,-0.173603113,-0.008517331,-0.002715,7,-0.002861259,-0.204375677,0.000000000,0.000000,recover
real,28.513,-0.681640,0.583879,-0.392273,0.784883875,-0.167066066,-0.011896855,-0.002695,7,-0.003922734,-0.280195316,0.000000000,0.000000,recover
real,28.533,-0.866552,0.814902,-0.491116,0.784856301,-0.159043068,-0.015124194,-0.002676,7,-0.004911162,-0.350797303,0.000000000,0.000000,recover
real,28.554,-1.040974,1.035901,-0.572770,0.784824600,-0.149467629,-0.018168420,-0.002657,7,-0.005727704,-0.409121690,0.000000000,0.000000,recover
real,28.575,-1.203526,1.244994,-0.654926,0.784790550,-0.138849558,-0.021005500,-0.002638,7,-0.006549260,-0.467804280,0.000000000,0.000000,recover
real,28.595,-1.353031,1.440464,-0.729869,0.784755269,-0.127158608,-0.023614842,-0.002619,7,-0.007298686,-0.521334746,0.000000000,0.000000,recover
real,28.615,-1.488306,1.620678,-0.795525,0.784720058,-0.114493874,-0.025975845,-0.002600,7,-0.007955252,-0.568232306,0.000000000,0.000000,recover
real,28.635,-1.608402,1.784205,-0.854080,0.784686235,-0.101040177,-0.028071913,-0.002582,7,-0.008540802,-0.610057267,0.000000000,0.000000,recover
real,28.656,-1.712503,1.929774,-0.904041,0.784654949,-0.086904314,-0.029888815,-0.002563,7,-0.009040412,-0.645743680,0.000000000,0.000000,recover
real,28.676,-1.799938,2.056287,-0.945388,0.784627252,-0.072222553,-0.031414842,-0.002545,7,-0.009453882,-0.675277259,0.000000000,0.000000,recover
real,28.697,-1.870194,2.162835,-0.978110,0.784604034,-0.057128183,-0.032641037,-0.002527,7,-0.009781102,-0.698650161,0.000000000,0.000000,recover
real,28.717,-1.922902,2.248687,-1.001989,0.784586004,-0.041747062,-0.033560970,-0.002509,7,-0.010019890,-0.715706418,0.000000000,0.000000,recover
real,28.738,-1.957840,2.313302,-1.017043,0.784573678,-0.026206349,-0.034170753,-0.002491,7,-0.010170433,-0.726459496,0.000000000,0.000000,recover
real,28.758,-1.974928,2.356325,-1.023294,0.784567368,-0.010629262,-0.034468988,-0.002473,7,-0.010232941,-0.730924372,0.000000000,0.000000,recover
real,28.779,-1.974223,2.377589,-1.020808,0.784567177,0.004864154,-0.034456692,-0.002455,7,-0.010208082,-0.729148733,0.000000000,0.000000,recover
real,28.799,-1.955925,2.377113,-1.010532,0.784573002,0.020139924,-0.034137333,-0.002438,7,-0.010105318,-0.721808429,0.000000000,0.000000,recover
real,28.820,-1.920393,2.355113,-0.992167,0.784584536,0.035096317,-0.033517184,-0.002420,7,-0.009921665,-0.708690380,0.000000000,0.000000,recover
real,28.840,-1.868024,2.311945,-0.963737,0.784601332,0.049666639,-0.032603169,-0.002403,7,-0.009637372,-0.688383743,0.000000000,0.000000,recover
real,28.860,-1.799405,2.248167,-0.928258,0.784622726,0.063687145,-0.031405544,-0.002386,7,-0.009282583,-0.663041627,0.000000000,0.000000,recover
real,28.881,-1.715235,2.164505,-0.884985,0.784647944,0.077077522,-0.029936504,-0.002369,7,-0.008849852,-0.632132261,0.000000000,0.000000,recover
real,28.902,-1.616318,2.061845,-0.834335,0.784676084,0.089737323,-0.028210065,-0.002352,7,-0.008343351,-0.595953670,0.000000000,0.000000,recover
real,28.922,-1.503557,1.941221,-0.776006,0.784706175,0.101585943,-0.026242022,-0.002335,7,-0.007760056,-0.554289704,0.000000000,0.000000,recover
real,28.943,-1.378027,1.803847,-0.713724,0.784737107,0.112466209,-0.024051106,-0.002318,7,-0.007137240,-0.509802879,0.000000000,0.000000,recover
real,28.973,-1.168174,1.569279,-0.605906,0.784782911,0.126951003,-0.020388484,-0.002293,7,-0.006059063,-0.432790187,0.000000000,0.000000,recover
real,28.994,-1.015733,1.396074,-0.528442,0.784811459,0.135201970,-0.017727880,-0.002277,7,-0.005284416,-0.377458253,0.000000000,0.000000,recover
real,29.014,-0.846565,1.201778,-0.441057,0.784838513,0.142605384,-0.014775339,-0.002261,7,-0.004410572,-0.315040867,0.000000000,0.000000,recover
real,29.035,-0.686820,1.016655,-0.360645,0.784859492,0.148058319,-0.011987273,-0.002244,7,-0.003606454,-0.257603891,0.000000000,0.000000,recover
real,29.055,-0.513293,0.813998,-0.270642,0.784877358,0.152565192,-0.008958649,-0.002229,7,-0.002706415,-0.193315360,0.000000000,0.500000,impulse_+0.50N
real,29.076,-0.260699,0.591316,10.159517,0.785133711,0.290591307,-0.004550056,-0.002212,7,0.101595170,7.256797835,0.200000000,0.500000,impulse_+0.50N
real,29.106,0.136921,0.580587,17.181036,0.784809225,0.050856225,0.002389723,-0.002189,7,0.171810362,12.272168690,0.200000000,0.500000,impulse_+0.50N
real,29.127,-0.091400,1.052630,14.521271,0.785082492,-0.265984610,-0.001595222,-0.002173,7,0.145212709,10.372336325,0.200000000,0.500000,impulse_+0.50N
real,29.148,-0.572123,1.842989,15.872377,0.785710677,-0.482244542,-0.009985426,-0.002158,7,0.158723772,11.337412309,0.200000000,0.500000,impulse_+0.50N
real,29.168,-1.379880,3.027658,13.471558,0.786916499,-0.746708033,-0.024083453,-0.002150,7,0.134715575,9.622541072,0.200000000,0.500000,impulse_+0.50N
real,29.198,-2.873953,5.190909,11.344954,0.787887938,-0.946239659,-0.050159940,-0.002150,7,0.113449542,8.103538711,0.200000000,0.500000,impulse_+0.50N
real,29.219,-4.035479,6.972238,10.819821,0.788177381,-1.042865395,-0.070432403,-0.002150,7,0.108198208,7.728443452,0.200000000,0.500000,impulse_+0.50N
real,29.239,-5.308717,8.983823,9.549519,0.788245196,-1.132292378,-0.092654598,-0.002150,7,0.095495191,6.821085046,0.200000000,0.500000,impulse_+0.50N
real,29.260,-6.655728,11.200055,8.976449,0.787820068,-1.190025844,-0.116164366,-0.002150,7,0.089764493,6.411749535,0.200000000,0.000000,recover
real,29.280,-8.113207,13.607085,-1.050784,0.788186258,-1.352195416,-0.141602182,-0.002150,7,-0.010507835,-0.750559676,0.000000000,0.000000,recover
real,29.301,-9.758639,16.081022,-11.584083,0.786756458,-1.381510456,-0.170320380,-0.002150,7,-0.115840830,-8.274344979,0.000000000,0.000000,recover
real,29.321,-11.087484,18.344793,-3.820301,0.782314781,-1.099891567,-0.193513103,-0.002150,7,-0.038203010,-4.484460714,0.000000000,0.000000,recover
real,29.342,-12.291484,20.478186,-7.976111,0.780108706,-1.037256366,-0.214526874,-0.002150,7,-0.079761113,-5.697222367,0.000000000,0.000000,recover
real,29.362,-13.369485,22.471304,-7.291195,0.777367048,-0.894624907,-0.233341528,-0.002150,7,-0.072911947,-5.207996230,0.000000000,0.000000,recover
real,29.382,-14.285965,24.298528,-7.171464,0.775048759,-0.771889893,-0.249337128,-0.002150,7,-0.071714637,-5.122474101,0.000000000,0.000000,recover
real,29.403,-15.087455,25.974621,-7.869315,0.773066630,-0.669476751,-0.263325758,-0.002150,7,-0.078693147,-5.620939066,0.000000000,0.000000,recover
real,29.423,-15.761118,27.486813,-7.644975,0.771293176,-0.558215448,-0.275083411,-0.002150,7,-0.076449752,-5.460696539,0.000000000,0.000000,recover
real,29.444,-16.319376,28.835399,-7.880056,0.769841698,-0.461347914,-0.284826846,-0.002150,7,-0.078800561,-5.628611481,0.000000000,0.000000,recover
real,29.464,-16.769702,30.019212,-7.930641,0.768651148,-0.367101650,-0.292686506,-0.002150,7,-0.079306413,-5.664743755,0.000000000,0.000000,recover
real,29.485,-17.115363,31.035886,-22.956430,0.767730633,-0.277671572,-0.298719441,-0.002150,7,-0.229564298,-16.397449841,0.000000000,0.000000,recover
real,29.505,-17.095574,31.754957,-28.000000,0.767528548,0.128896700,-0.298374055,-0.002150,7,-0.280000000,-20.000000000,0.000000000,0.000000,recover
real,29.526,-16.389871,32.018445,-28.000000,0.771839201,0.863831083,-0.286057204,-0.002150,7,-0.280000000,-20.000000000,0.000000000,0.000000,recover
real,29.547,-14.651338,31.660710,-28.000000,0.784546999,1.768240605,-0.255714088,-0.002150,7,-0.280000000,-20.000000000,0.000000000,0.000000,recover
real,29.567,-11.849370,30.679322,-2.181723,0.805745091,2.706788419,-0.206810521,-0.002150,7,-0.021817225,2.720084200,0.000000000,0.000000,recover
real,29.588,-8.829982,29.496701,49.557675,0.801664017,2.319195254,-0.154112252,-0.002150,7,0.495576750,48.250754003,0.000000000,0.000000,recover
real,29.608,-8.336582,29.432549,49.433702,0.781775137,-0.529495817,-0.145500810,-0.002150,7,0.494337025,39.517744769,0.000000000,0.000000,recover
real,29.629,-11.156825,30.874420,-1.237625,0.811209526,-2.907980359,-0.194723332,-0.002150,7,-0.012376250,-5.073023430,0.000000000,0.000000,recover
real,29.649,-14.598859,32.546023,-51.392810,0.802363083,-2.749183232,-0.254798149,-0.002150,7,-0.513928100,-49.209586230,0.000000000,0.000000,recover
real,29.679,-15.008872,32.585132,-28.000000,0.779416319,1.414457093,-0.261954234,-0.002150,7,-0.280000000,-26.800192617,0.000000000,0.000000,recover
real,29.699,-11.944829,30.860604,-2.237423,0.811660103,2.973070922,-0.208476593,-0.002150,7,-0.280000000,-20.000000000,0.000000000,0.000000,recover
real,29.720,-8.602168,28.903161,48.463238,0.807531166,2.605061525,-0.150136153,-0.002150,7,0.484632375,47.287649001,0.000000000,0.000000,recover
real,29.750,-8.442244,28.124239,22.467385,0.787683139,-1.335575285,-0.147344958,-0.002143,7,0.224673850,8.866151968,0.000000000,0.000000,recover
real,29.771,-10.743396,28.671639,-29.063882,0.793223544,-1.955861288,-0.187507626,-0.002143,7,-0.290638825,-36.481363432,0.000000000,0.000000,recover
real,29.791,-11.578368,28.457578,-29.178072,0.776819055,0.031483645,-0.202080647,-0.002143,7,-0.291780725,-36.581850638,0.000000000,0.000000,recover
real,29.811,-9.746697,26.895524,22.031568,0.793976917,1.926193777,-0.170111958,-0.002143,7,0.220315675,8.482632567,0.000000000,0.000000,recover
real,29.832,-7.826235,25.213258,40.659831,0.787616944,1.271998140,-0.136593567,-0.002143,7,0.406598309,29.042736366,0.000000000,0.000000,recover
real,29.853,-7.718575,24.323613,-11.018802,0.781387791,-0.189109356,-0.134714553,-0.002127,7,-0.110188016,-16.434460233,0.000000000,0.000000,recover
real,29.873,-7.585703,23.369402,-9.623457,0.782119958,0.434177908,-0.132395490,-0.002112,7,-0.096234565,-6.873897510,0.000000000,0.000000,recover
real,29.893,-6.658172,21.987388,4.620745,0.784534129,0.771467443,-0.116207021,-0.002112,7,0.046207454,3.300532435,0.000000000,0.000000,recover
real,29.914,-5.977577,20.671565,-7.953234,0.783998559,0.577092799,-0.104328396,-0.002112,7,-0.079532341,-5.680881533,0.000000000,0.000000,recover
real,29.935,-5.140526,19.185346,-2.129047,0.785489743,0.752993846,-0.089719102,-0.002112,7,-0.021290474,-1.520748123,0.000000000,0.000000,recover
real,29.965,-3.814770,16.984233,-3.148378,0.786506330,0.802457324,-0.066580297,-0.002112,7,-0.031483783,-2.248841642,0.000000000,0.000000,recover
real,29.986,-2.846996,15.403150,-2.261704,0.787305886,0.864611577,-0.049689458,-0.002112,7,-0.022617044,-1.615503140,0.000000000,0.000000,recover
real,30.006,-1.810452,13.766162,-1.636308,0.787960408,0.916008867,-0.031598344,-0.002112,7,-0.016363084,-1.168791726,0.000000000,0.000000,recover
real,30.026,-0.728888,12.091211,-1.347572,0.788414555,0.954765214,-0.012721489,-0.002112,7,-0.013475723,-0.962551662,0.000000000,0.000000,recover
real,30.046,0.398247,10.385261,0.172562,0.788741690,0.993877382,0.006950716,-0.002112,7,0.001725623,0.123258763,0.000000000,0.000000,recover
real,30.067,1.537440,8.671461,1.624150,0.788538971,0.984915338,0.026833384,-0.002112,7,0.016241498,1.160106993,0.000000000,0.000000,recover
real,30.087,2.625426,6.987130,1.562415,0.787896612,0.936549234,0.045822326,-0.002112,7,0.015624149,1.116010619,0.000000000,0.000000,recover
real,30.108,3.666155,5.338130,2.266359,0.787218585,0.897441633,0.063986468,-0.002112,7,0.022663589,1.618827756,0.000000000,0.000000,recover
real,30.128,4.654878,3.734038,2.755351,0.786383290,0.848171463,0.081242955,-0.002112,7,0.027553512,1.968107988,0.000000000,0.000000,recover
real,30.149,5.580001,2.187348,3.086474,0.785447408,0.791649323,0.097389387,-0.002112,7,0.030864737,2.204624058,0.000000000,0.000000,recover
real,30.169,6.439463,0.705722,3.576810,0.784478813,0.733910899,0.112389825,-0.002112,7,0.035768097,2.554864100,0.000000000,0.000000,recover
real,30.189,7.227209,-0.701719,4.089368,0.783468308,0.668187423,0.126138586,-0.002112,7,0.040893683,2.920977324,0.000000000,0.000000,recover
real,30.210,7.931922,-2.023813,4.112666,0.782463985,0.595436960,0.138438155,-0.002112,7,0.041126665,2.937618925,0.000000000,0.000000,recover
real,30.230,8.558995,-3.257770,4.394260,0.781550301,0.529245351,0.149382648,-0.002112,7,0.043942599,3.138757050,0.000000000,0.000000,recover
real,30.251,9.110171,-4.399639,4.538995,0.780706148,0.462599442,0.159002476,-0.002112,7,0.045389953,3.242139534,0.000000000,0.000000,recover
real,30.281,9.796969,-5.931739,4.731773,0.779614549,0.366386981,0.170989371,-0.002112,7,0.047317735,3.379838198,0.000000000,0.000000,recover
real,30.311,10.323160,-7.239896,4.860315,0.778748753,0.274160796,0.180173139,-0.002112,7,0.048603145,3.471653241,0.000000000,0.000000,recover
real,30.331,10.588048,-7.984351,5.003836,0.778303932,0.215088792,0.184796303,-0.002112,7,0.050038357,3.574168325,0.000000000,0.000000,recover
real,30.352,10.784068,-8.623977,5.240490,0.777964076,0.153401491,0.188217500,-0.002112,7,0.052404900,3.743207160,0.000000000,0.000000,recover
real,30.372,10.904732,-9.153974,5.169509,0.777744919,0.087249621,0.190323476,-0.002112,7,0.051695088,3.692506320,0.000000000,0.000000,recover
real,30.393,10.952417,-9.574265,5.197043,0.777654977,0.024607228,0.191155740,-0.002112,7,0.051970429,3.712173513,0.000000000,0.000000,recover
real,30.413,10.929127,-9.885136,5.175212,0.777688418,-0.037385757,0.190749257,-0.002112,7,0.051752125,3.696580329,0.000000000,0.000000,recover
real,30.434,10.835381,-10.086688,5.111988,0.777842815,-0.098459261,0.189113080,-0.002112,7,0.051119878,3.651419859,0.000000000,0.000000,recover
real,30.455,10.672988,-10.180142,5.038118,0.778111396,-0.157979658,0.186278784,-0.002112,7,0.050381181,3.598655792,0.000000000,0.000000,recover
real,30.475,10.443380,-10.167044,4.932916,0.778486837,-0.216294886,0.182271369,-0.002112,7,0.049329165,3.523511768,0.000000000,0.000000,recover
real,30.495,10.148039,-10.049448,4.797657,0.778960028,-0.273318159,0.177116685,-0.002112,7,0.047976567,3.426897635,0.000000000,0.000000,recover
real,30.526,9.585643,-9.683077,4.565076,0.779827511,-0.355766880,0.167301034,-0.002112,7,0.045650765,3.260768925,0.000000000,0.000000,recover
real,30.546,9.109544,-9.296115,4.367944,0.780527822,-0.411396128,0.158991529,-0.002112,7,0.043679438,3.119959827,0.000000000,0.000000,recover
real,30.566,8.622579,-8.857689,4.167000,0.781211598,-0.460094667,0.150492398,-0.002112,7,0.041669998,2.976428422,0.000000000,0.000000,recover
real,30.597,7.748608,-8.003656,3.791735,0.782356642,-0.533755034,0.135238715,-0.002105,7,0.037917346,2.708381888,0.000000000,0.000000,recover
real,30.617,7.098338,-7.331623,3.522203,0.783138132,-0.580015567,0.123889365,-0.002090,7,0.035222029,2.515859193,0.000000000,0.000000,recover
real,30.637,6.396899,-6.583825,3.223756,0.783914374,-0.623994334,0.111646952,-0.002075,7,0.032237559,2.302682791,0.000000000,0.000000,recover
real,30.658,5.647307,-5.766358,2.904988,0.784665669,-0.665241710,0.098564100,-0.002060,7,0.029049878,2.074991317,0.000000000,0.000000,recover
real,30.678,4.852895,-4.885798,2.562059,0.785373022,-0.703509642,0.084698988,-0.002045,7,0.025620586,1.830041849,0.000000000,0.000000,recover
real,30.699,4.017283,-3.949159,2.189684,0.786017544,-0.738526487,0.070114816,-0.002031,7,0.021896839,1.564059959,0.000000000,0.000000,recover
real,30.719,3.100500,-2.913776,1.787023,0.786602898,-0.770923691,0.054113936,-0.002016,7,0.020076418,1.434029859,0.000000000,0.000000,recover
real,30.740,2.240585,-1.938766,1.409077,0.787034313,-0.795976362,0.039105593,-0.002002,7,0.014090773,1.006483811,0.000000000,0.000000,recover
real,30.761,1.309786,-0.881750,0.976138,0.787373396,-0.817912402,0.022860084,-0.001987,7,0.009761379,0.697241329,0.000000000,0.000000,recover
real,30.790,-0.123916,0.743724,0.021006,0.787628551,-0.841051268,-0.002162746,-0.001966,7,0.004973946,0.355281824,0.000000000,0.000000,recover
real,30.811,-1.084270,1.835044,-1.543898,0.787491654,-0.830950594,-0.018924081,-0.001952,7,-0.015438982,-1.102784394,0.000000000,0.000000,recover
real,30.832,-1.996303,2.900572,-1.507513,0.787004780,-0.781494775,-0.034842052,-0.001938,7,-0.015075133,-1.076795181,0.000000000,0.000000,recover
real,30.862,-3.265893,4.432748,-2.220234,0.786210966,-0.715587116,-0.057000578,-0.001918,7,-0.022202344,-1.585881727,0.000000000,0.000000,recover
real,30.882,-4.043594,5.399884,-2.633252,0.785586448,-0.663938061,-0.070574029,-0.001905,7,-0.026332516,-1.880894026,0.000000000,0.000000,recover
real,30.902,-4.756640,6.312432,-2.911794,0.784916292,-0.605755204,-0.083019035,-0.001891,7,-0.029117943,-2.079853069,0.000000000,0.000000,recover
real,30.923,-5.400947,7.163258,-3.067062,0.784251055,-0.546156969,-0.094264301,-0.001877,7,-0.030670617,-2.190758345,0.000000000,0.000000,recover
real,30.943,-6.006393,7.986344,-3.304499,0.783590744,-0.486037879,-0.104831333,-0.001864,7,-0.033044993,-2.360356632,0.000000000,0.000000,recover
real,30.964,-6.491754,8.665059,-3.446008,0.783028773,-0.431505451,-0.113302483,-0.001851,7,-0.034460080,-2.461434253,0.000000000,0.000000,recover
real,30.994,-7.139185,9.601790,-3.680228,0.782241010,-0.347569575,-0.124602278,-0.001831,7,-0.036802283,-2.628734493,0.000000000,0.000000,recover
real,31.015,-7.490514,10.130041,-3.945140,0.781788706,-0.290374066,-0.130734135,-0.001818,7,-0.039451399,-2.817957105,0.000000000,0.000000,recover
real,31.035,-7.772482,10.575614,-3.974166,0.781405257,-0.229276830,-0.135655400,-0.001805,7,-0.039741664,-2.838690280,0.000000000,0.000000,recover
real,31.056,-7.986000,10.936648,-4.055199,0.781110477,-0.170260268,-0.139381987,-0.001792,7,-0.040551990,-2.896570714,0.000000000,0.000000,recover
real,31.077,-8.132511,11.212018,-4.102176,0.780903796,-0.111745219,-0.141939094,-0.001792,7,-0.041021757,-2.930125519,0.000000000,0.000000,recover
real,31.107,-8.227591,11.462125,-4.106737,0.780763754,-0.025285384,-0.143598550,-0.001792,7,-0.041067370,-2.933383543,0.000000000,0.000000,recover
real,31.138,-8.176924,11.516477,-4.061119,0.780824465,0.058656064,-0.142714247,-0.001792,7,-0.040611188,-2.900799133,0.000000000,0.000000,recover
real,31.158,-8.064361,11.444819,-3.999591,0.780970758,0.113091909,-0.140749659,-0.001792,7,-0.039995909,-2.856850646,0.000000000,0.000000,recover
real,31.179,-7.890516,11.288207,-3.912688,0.781195318,0.166194716,-0.137715486,-0.001779,7,-0.039126878,-2.794777031,0.000000000,0.000000,recover
real,31.209,-7.518486,10.897927,-3.738732,0.781662687,0.243037325,-0.131222335,-0.001760,7,-0.037387317,-2.670522615,0.000000000,0.000000,recover
real,31.229,-7.198960,10.537586,-3.594054,0.782048269,0.292218667,-0.125645547,-0.001748,7,-0.035940538,-2.567181302,0.000000000,0.000000,recover
real,31.250,-6.824553,10.100484,-3.426981,0.782481042,0.339603769,-0.119110916,-0.001735,7,-0.034269810,-2.447843597,0.000000000,0.000000,recover
real,31.270,-6.397449,9.590026,-3.237938,0.782949506,0.385041495,-0.111656551,-0.001723,7,-0.032379378,-2.312812716,0.000000000,0.000000,recover
real,31.290,-5.920019,9.010082,-3.026976,0.783441238,0.428360123,-0.103323826,-0.001711,7,-0.030269764,-2.162125980,0.000000000,0.000000,recover
real,31.311,-5.367385,8.331088,-2.780434,0.783968285,0.471384312,-0.093678543,-0.001698,7,-0.027804341,-1.986024323,0.000000000,0.000000,recover
real,31.331,-4.825016,7.659579,-2.551163,0.784440129,0.507618056,-0.084212418,-0.001687,7,-0.025511634,-1.822259589,0.000000000,0.000000,recover
real,31.351,-4.213168,6.898903,-2.263719,0.784921359,0.543547088,-0.073533662,-0.001674,7,-0.022637194,-1.616942403,0.000000000,0.000000,recover
real,31.372,-3.562991,6.088714,-1.973560,0.785368763,0.576029840,-0.062185929,-0.001662,7,-0.019735597,-1.409685528,0.000000000,0.000000,recover
real,31.393,-2.878350,5.235141,-1.659732,0.785769971,0.605190343,-0.050236679,-0.001650,7,-0.016597317,-1.185522642,0.000000000,0.000000,recover
real,31.422,-1.795879,3.887733,-1.151933,0.786254846,0.641791693,-0.031343996,-0.001633,7,-0.013252830,-0.946630689,0.000000000,0.000000,recover
real,31.443,-1.044180,2.955051,-0.791299,0.786481631,0.660831487,-0.018224374,-0.001621,7,-0.007912992,-0.565213685,0.000000000,0.000000,recover
real,31.464,-0.274575,2.003576,-0.413193,0.786618574,0.675107355,-0.004792243,-0.001610,7,-0.004131927,-0.295137636,0.000000000,0.000000,recover
real,31.485,0.506111,1.041684,0.677290,0.786645489,0.682055305,0.008833296,-0.001598,7,0.006772896,0.483778303,0.000000000,0.000000,recover
real,31.505,1.271981,0.086755,1.095831,0.786442203,0.659336080,0.022200265,-0.001587,7,0.010958307,0.782736205,0.000000000,0.000000,recover
real,31.525,2.000027,-0.845137,1.268637,0.786133339,0.626973817,0.034907052,-0.001575,7,0.012686366,0.906169021,0.000000000,0.000000,recover
real,31.546,2.693151,-1.750193,1.693431,0.785785920,0.595677432,0.047004344,-0.001564,7,0.016934309,1.209593512,0.000000000,0.000000,recover
real,31.566,3.344931,-2.620504,1.982712,0.785377547,0.558133634,0.058380066,-0.001553,7,0.019827117,1.416222650,0.000000000,0.000000,recover
real,31.586,3.951090,-3.449402,2.258742,0.784938989,0.517598396,0.068959531,-0.001542,7,0.022587416,1.613386831,0.000000000,0.000000,recover
real,31.607,4.508560,-4.231077,2.507187,0.784485863,0.474369321,0.078689215,-0.001531,7,0.025071871,1.790847963,0.000000000,0.000000,recover
real,31.627,5.014685,-4.960220,2.733712,0.784034570,0.429112142,0.087522763,-0.001520,7,0.027337122,1.952651557,0.000000000,0.000000,recover
real,31.648,5.467373,-5.632124,2.921264,0.783598418,0.381967422,0.095423658,-0.001509,7,0.029212643,2.086617342,0.000000000,0.000000,recover
real,31.669,5.864876,-6.242592,3.074149,0.783190846,0.333469275,0.102361392,-0.001498,7,0.030741490,2.195820739,0.000000000,0.000000,recover
real,31.689,6.206292,-6.788198,3.212895,0.782823717,0.284400566,0.108320228,-0.001487,7,0.032128946,2.294924723,0.000000000,0.000000,recover
real,31.710,6.491028,-7.266038,3.323239,0.782505060,0.234793847,0.113289802,-0.001477,7,0.033232388,2.373741984,0.000000000,0.000000,recover
real,31.730,6.718693,-7.673694,3.406691,0.782242060,0.184969473,0.117263317,-0.001466,7,0.034066908,2.433350558,0.000000000,0.000000,recover
real,31.751,6.889326,-8.009343,3.466681,0.782039918,0.135242095,0.120241421,-0.001456,7,0.034666805,2.476200357,0.000000000,0.000000,recover
real,31.771,7.003190,-8.271666,3.501740,0.781901892,0.085798721,0.122228731,-0.001445,7,0.035017401,2.501242933,0.000000000,0.000000,recover
real,31.792,7.060793,-8.459853,3.513205,0.781829584,0.036857067,0.123234092,-0.001435,7,0.035132048,2.509432005,0.000000000,0.000000,recover
real,31.812,7.061521,-8.577331,3.500031,0.781824299,-0.013802217,0.123246797,-0.001424,7,0.035000310,2.500022149,0.000000000,0.000000,recover
real,31.833,7.006274,-8.613108,3.465240,0.781884832,-0.061157608,0.122282555,-0.001414,7,0.034652398,2.475171275,0.000000000,0.000000,recover
real,31.853,6.904293,-8.578944,3.413636,0.781998696,-0.105176296,0.120502646,-0.001404,7,0.034136364,2.438311679,0.000000000,0.000000,recover
real,31.873,6.746040,-8.472302,3.334909,0.782173797,-0.150456306,0.117740616,-0.001394,7,0.033349088,2.382077713,0.000000000,0.000000,recover
real,31.894,6.536968,-8.294689,3.235921,0.782400053,-0.194421229,0.114091607,-0.001384,7,0.032359207,2.311371951,0.000000000,0.000000,recover
real,31.915,6.278656,-8.048084,3.111646,0.782671029,-0.237032003,0.109583215,-0.001374,7,0.031116462,2.222604435,0.000000000,0.000000,recover
real,31.935,5.972973,-7.734950,2.978185,0.782978436,-0.277821729,0.104248040,-0.001364,7,0.029781853,2.127275237,0.000000000,0.000000,recover
real,31.956,5.621922,-7.358150,2.818879,0.783314449,-0.316976341,0.098121041,-0.001355,7,0.028188790,2.013484977,0.000000000,0.000000,recover
real,31.976,5.227554,-6.920889,2.639446,0.783669747,-0.354209536,0.091238032,-0.001345,7,0.026394461,1.885318641,0.000000000,0.000000,recover
real,31.997,4.792312,-6.426858,2.443299,0.784034342,-0.389275593,0.083641627,-0.001335,7,0.024432995,1.745213896,0.000000000,0.000000,recover
real,32.017,4.318785,-5.880106,2.227849,0.784398223,-0.422031962,0.075377010,-0.001326,7,0.022278486,1.591320419,0.000000000,0.000000,recover
real,32.038,3.809824,-5.285077,1.994990,0.784750872,-0.452227865,0.066493966,-0.001316,7,0.019949900,1.424992849,0.000000000,0.000000,recover
real,32.058,3.268562,-4.646592,1.745135,0.785081828,-0.479625930,0.057047166,-0.001307,7,0.017451352,1.246525156,0.000000000,0.000000,recover
real,32.079,2.698271,-3.969769,1.466897,0.785381860,-0.504211199,0.047093717,-0.001298,7,0.014668970,1.047783590,0.000000000,0.000000,recover
real,32.099,2.102903,-3.260250,1.198537,0.785637941,-0.524930578,0.036702585,-0.001288,7,0.011985370,0.856097874,0.000000000,0.000000,recover
real,32.119,1.486611,-2.523954,0.901854,0.785844325,-0.542310190,0.025946248,-0.001279,7,0.009018544,0.644181746,0.000000000,0.000000,recover
real,32.139,0.853546,-1.766954,0.589184,0.785992102,-0.555797403,0.014897180,-0.001270,7,0.005891838,0.420845602,0.000000000,0.000000,recover
real,32.160,0.208540,-0.995771,0.263721,0.786074468,-0.565037087,0.003639718,-0.001261,7,0.002637214,0.188372429,0.000000000,0.000000,recover
real,32.180,-0.442175,-0.217676,-0.555222,0.786077285,-0.567664056,-0.007717410,-0.001252,7,-0.005552224,-0.396587439,0.000000000,0.000000,recover
real,32.201,-1.079317,0.553902,-0.883642,0.785935895,-0.548979891,-0.018837643,-0.001243,7,-0.008836416,-0.631172543,0.000000000,0.000000,recover
real,32.221,-1.686780,1.307008,-1.067039,0.785725553,-0.523351825,-0.029439858,-0.001234,7,-0.010670390,-0.762170696,0.000000000,0.000000,recover
real,32.242,-2.265803,2.037929,-1.436595,0.785485146,-0.497980049,-0.039545715,-0.001225,7,-0.014365951,-1.026139341,0.000000000,0.000000,recover
real,32.262,-2.836971,2.774148,-1.667797,0.785183290,-0.464815018,-0.049514484,-0.001217,7,-0.016677970,-1.191283542,0.000000000,0.000000,recover
real,32.283,-3.317330,3.407139,-1.884076,0.784891226,-0.432651030,-0.057898328,-0.001208,7,-0.018840764,-1.345768889,0.000000000,0.000000,recover
real,32.304,-3.783549,4.034944,-2.107242,0.784574407,-0.396755470,-0.066035386,-0.001199,7,-0.021072425,-1.505173180,0.000000000,0.000000,recover
real,32.324,-4.206585,4.618647,-2.289233,0.784256921,-0.358477863,-0.073418761,-0.001191,7,-0.022892326,-1.635166139,0.000000000,0.000000,recover
real,32.344,-4.584454,5.154210,-2.452774,0.783950842,-0.318702725,-0.080013811,-0.001182,7,-0.024527737,-1.751981241,0.000000000,0.000000,recover
real,32.364,-4.915796,5.638190,-2.600392,0.783665425,-0.277842832,-0.085796824,-0.001174,7,-0.026003922,-1.857423035,0.000000000,0.000000,recover
real,32.385,-5.199347,6.067496,-2.710798,0.783407860,-0.235805010,-0.090745719,-0.001165,7,-0.027107979,-1.936284242,0.000000000,0.000000,recover
real,32.405,-5.434294,6.439575,-2.803872,0.783185801,-0.193299816,-0.094846331,-0.001157,7,-0.028038719,-2.002765640,0.000000000,0.000000,recover
real,32.426,-5.620258,6.752404,-2.875030,0.783004268,-0.150498356,-0.098091999,-0.001149,7,-0.028750297,-2.053592625,0.000000000,0.000000,recover
real,32.446,-5.757150,7.004438,-2.927526,0.782867138,-0.107703797,-0.100481218,-0.001140,7,-0.029275256,-2.091089713,0.000000000,0.000000,recover
real,32.467,-5.845027,7.194535,-2.951484,0.782776773,-0.064935350,-0.102014971,-0.001132,7,-0.029514836,-2.108202543,0.000000000,0.000000,recover
real,32.487,-5.884932,7.326761,-2.958888,0.782733666,-0.020535790,-0.102711448,-0.001124,7,-0.029588879,-2.113491391,0.000000000,0.000000,recover
real,32.507,-5.875458,7.386765,-2.946547,0.782740085,0.019089573,-0.102546085,-0.001116,7,-0.029465470,-2.104676451,0.000000000,0.000000,recover
real,32.528,-5.815379,7.387392,-2.908666,0.782795991,0.062165600,-0.101497504,-0.001108,7,-0.029315411,-2.093957934,0.000000000,0.000000,recover
real,32.558,-5.649008,7.276386,-2.826928,0.782951775,0.119832473,-0.098593797,-0.001097,7,-0.028269284,-2.019234550,0.000000000,0.000000,recover
real,32.579,-5.479572,7.125851,-2.741918,0.783107127,0.158330521,-0.095636570,-0.001089,7,-0.027419181,-1.958512947,0.000000000,0.000000,recover
real,32.599,-5.267162,6.916799,-2.641478,0.783295896,0.195457471,-0.091929311,-0.001081,7,-0.026414779,-1.886769900,0.000000000,0.000000,recover
real,32.619,-4.999711,6.636586,-2.517025,0.783523849,0.232850107,-0.087261419,-0.001073,7,-0.025170251,-1.797875058,0.000000000,0.000000,recover
real,32.640,-4.720162,6.331742,-2.387768,0.783750333,0.265122727,-0.082382361,-0.001066,7,-0.023877684,-1.705548863,0.000000000,0.000000,recover
real,32.670,-4.210595,5.757318,-2.151559,0.784132060,0.312722053,-0.073488746,-0.001055,7,-0.021515586,-1.536827589,0.000000000,0.000000,recover
real,32.690,-3.827785,5.315721,-1.972465,0.784392281,0.341921743,-0.066807456,-0.001047,7,-0.019724653,-1.408903785,0.000000000,0.000000,recover
real,32.710,-3.413368,4.831421,-1.778042,0.784648045,0.368841744,-0.059574505,-0.001040,7,-0.018766428,-1.340459169,0.000000000,0.000000,recover
real,32.732,-2.947301,4.281369,-1.557504,0.784903306,0.394446798,-0.051440106,-0.001032,7,-0.015575042,-1.112502984,0.000000000,0.000000,recover
real,32.762,-2.257880,3.460992,-1.228338,0.785217285,0.424833328,-0.039407442,-0.001021,7,-0.012283382,-0.877384399,0.000000000,0.000000,recover
real,32.782,-1.756380,2.860944,-0.980462,0.785397910,0.442228997,-0.030654612,-0.001014,7,-0.009804619,-0.700329940,0.000000000,0.000000,recover
real,32.803,-1.237532,2.238576,-0.728421,0.785540918,0.456192127,-0.021599013,-0.001007,7,-0.007284212,-0.520300846,0.000000000,0.000000,recover
real,32.832,-0.436507,1.275381,-0.335939,0.785673801,0.470422338,-0.007618481,-0.000996,7,-0.004759264,-0.339947438,0.000000000,0.000000,recover
real,32.854,0.107013,0.621392,0.058683,0.785702910,0.475287801,0.001867733,-0.000989,7,0.000586834,0.041916718,0.000000000,0.000000,recover
real,32.883,0.912764,-0.357062,0.699053,0.785597645,0.460281657,0.015930731,-0.000978,7,0.006365295,0.454663952,0.000000000,0.000000,recover
real,32.904,1.448660,-1.024339,0.896254,0.785447702,0.439636624,0.025283882,-0.000971,7,0.008962545,0.640181775,0.000000000,0.000000,recover
real,32.925,1.911588,-1.610625,1.167222,0.785286748,0.419858003,0.033363511,-0.000964,7,0.011672219,0.833729918,0.000000000,0.000000,recover
real,32.945,2.372357,-2.204637,1.381186,0.785087321,0.394854602,0.041405432,-0.000957,7,0.013811863,0.986561643,0.000000000,0.000000,recover
real,32.966,2.802001,-2.769868,1.576382,0.784870133,0.367176670,0.048904147,-0.000951,7,0.015763821,1.125987249,0.000000000,0.000000,recover
real,32.996,3.383172,-3.554750,1.850103,0.784530352,0.321801684,0.059047489,-0.000941,7,0.017667075,1.261933953,0.000000000,0.000000,recover
real,33.017,3.724963,-4.030309,2.001923,0.784305484,0.289164884,0.065012871,-0.000934,7,0.020019229,1.429944936,0.000000000,0.000000,recover
real,33.037,4.028207,-4.463795,2.136655,0.784091062,0.255172206,0.070305468,-0.000927,7,0.021366549,1.526182089,0.000000000,0.000000,recover
real,33.058,4.291534,-4.852309,2.250181,0.783893483,0.220053169,0.074901392,-0.000920,7,0.022501812,1.607272256,0.000000000,0.000000,recover
real,33.088,4.609523,-5.345463,2.383466,0.783640946,0.165943935,0.080451345,-0.000911,7,0.023834657,1.702475526,0.000000000,0.000000,recover
real,33.108,4.776171,-5.623633,2.452061,0.783502433,0.127487583,0.083359905,-0.000904,7,0.024520609,1.751472059,0.000000000,0.000000,recover
real,33.129,4.886795,-5.826063,2.489623,0.783407763,0.092404668,0.085290664,-0.000898,7,0.024896228,1.778301992,0.000000000,0.000000,recover
real,33.149,4.964846,-5.994389,2.520663,0.783339315,0.053864471,0.086652912,-0.000892,7,0.025206628,1.800473413,0.000000000,0.000000,recover
real,33.170,4.995590,-6.095957,2.525243,0.783310891,0.019107837,0.087189496,-0.000885,7,0.025252426,1.803744733,0.000000000,0.000000,recover
real,33.190,4.987411,-6.150587,2.513776,0.783315464,-0.017022252,0.087046737,-0.000879,7,0.025137764,1.795554586,0.000000000,0.000000,recover
real,33.210,4.938355,-6.151804,2.486172,0.783354398,-0.052508419,0.086190563,-0.000873,7,0.024861718,1.775837008,0.000000000,0.000000,recover
real,33.231,4.849252,-6.100156,2.439726,0.783425873,-0.087242657,0.084635419,-0.000866,7,0.024397261,1.742661510,0.000000000,0.000000,recover
real,33.252,4.713659,-5.990016,2.370200,0.783533094,-0.122739520,0.082268871,-0.000860,7,0.023702000,1.692999969,0.000000000,0.000000,recover
real,33.282,4.458425,-5.746667,2.249531,0.783727646,-0.169593235,0.077814189,-0.000851,7,0.022495314,1.606808131,0.000000000,0.000000,recover
real,33.312,4.115462,-5.388631,2.085383,0.783973333,-0.215148569,0.071828361,-0.000842,7,0.020853833,1.489559495,0.000000000,0.000000,recover
real,33.333,3.830778,-5.077659,1.947445,0.784163356,-0.244992854,0.066859686,-0.000836,7,0.019474448,1.391032031,0.000000000,0.000000,recover
real,33.363,3.365459,-4.554043,1.729419,0.784446032,-0.284061961,0.058738340,-0.000827,7,0.017294186,1.235299015,0.000000000,0.000000,recover
real,33.383,3.037956,-4.178179,1.571813,0.784624443,-0.306554976,0.053022328,-0.000821,7,0.016450167,1.175011915,0.000000000,0.000000,recover
real,33.404,2.668657,-3.749331,1.396949,0.784804829,-0.328020235,0.046576850,-0.000815,7,0.013969491,0.997820770,0.000000000,0.000000,recover
real,33.425,2.276527,-3.289918,1.204642,0.784972532,-0.347214971,0.039732894,-0.000809,7,0.012046418,0.860458427,0.000000000,0.000000,recover
real,33.454,1.630734,-2.526870,0.888028,0.785193939,-0.371774049,0.028461675,-0.000801,7,0.010014803,0.715343054,0.000000000,0.000000,recover
real,33.485,0.994061,-1.769380,0.581165,0.785344215,-0.388352908,0.017349638,-0.000792,7,0.005811649,0.415117812,0.000000000,0.000000,recover
real,33.506,0.542159,-1.229741,0.342257,0.785410881,-0.396373659,0.009462462,-0.000787,7,0.003422575,0.244469618,0.000000000,0.000000,recover
real,33.526,0.083993,-0.681491,0.116730,0.785441753,-0.400678914,0.001465951,-0.000781,7,0.001167305,0.083378904,0.000000000,0.000000,recover
real,33.546,-0.375542,-0.130027,-0.393706,0.785431853,-0.400087996,-0.006554441,-0.000776,7,-0.003937064,-0.281218870,0.000000000,0.000000,recover
real,33.567,-0.824420,0.415900,-0.580702,0.785359729,-0.387411179,-0.014388838,-0.000770,7,-0.005807018,-0.414786993,0.000000000,0.000000,recover
real,33.587,-1.255241,0.949708,-0.764425,0.785258406,-0.371675763,-0.021908091,-0.000765,7,-0.007644249,-0.546017790,0.000000000,0.000000,recover
real,33.608,-1.667031,1.467916,-0.999457,0.785135847,-0.354233019,-0.029095187,-0.000759,7,-0.009994570,-0.713897879,0.000000000,0.000000,recover
real,33.638,-2.240560,2.205700,-1.267690,0.784914524,-0.321914871,-0.039105144,-0.000751,7,-0.012676903,-0.905493037,0.000000000,0.000000,recover
real,33.659,-2.589469,2.665358,-1.432550,0.784753728,-0.297662261,-0.045194758,-0.000746,7,-0.014325496,-1.023249709,0.000000000,0.000000,recover
real,33.689,-3.057237,3.297729,-1.651662,0.784507506,-0.257870059,-0.053358853,-0.000738,7,-0.016516617,-1.179758324,0.000000000,0.000000,recover
real,33.709,-3.329356,3.676674,-1.778478,0.784348386,-0.229500327,-0.058108229,-0.000732,7,-0.017784778,-1.270341304,0.000000000,0.000000,recover
real,33.730,-3.567741,4.018217,-1.879548,0.784199163,-0.199790146,-0.062268819,-0.000727,7,-0.018795484,-1.342534601,0.000000000,0.000000,recover
real,33.750,-3.771461,4.320136,-1.971393,0.784064900,-0.169335857,-0.065824416,-0.000722,7,-0.019713931,-1.408137958,0.000000000,0.000000,recover
real,33.771,-3.939660,4.580474,-2.042782,0.783949088,-0.138152613,-0.068760036,-0.000717,7,-0.020427821,-1.459130091,0.000000000,0.000000,recover
real,33.791,-4.077394,4.807342,-2.099986,0.783850874,-0.104966492,-0.071163949,-0.000712,7,-0.020999855,-1.499989653,0.000000000,0.000000,recover
real,33.812,-4.167428,4.970431,-2.134766,0.783784810,-0.074724048,-0.072735344,-0.000707,7,-0.021347664,-1.524833170,0.000000000,0.000000,recover
real,33.833,-4.226603,5.097977,-2.155673,0.783740176,-0.042898717,-0.073768141,-0.000702,7,-0.021556731,-1.539766480,0.000000000,0.000000,recover
real,33.853,-4.249455,5.179796,-2.160306,0.783721756,-0.011260275,-0.074166980,-0.000697,7,-0.021603059,-1.543075646,0.000000000,0.000000,recover
real,33.883,-4.216430,5.216540,-2.136178,0.783742977,0.035474630,-0.073590591,-0.000689,7,-0.021361781,-1.525841531,0.000000000,0.000000,recover
real,33.903,-4.150477,5.184141,-2.102097,0.783788243,0.065855608,-0.072439485,-0.000684,7,-0.021213789,-1.515270648,0.000000000,0.000000,recover
real,33.924,-4.044407,5.101959,-2.046665,0.783860415,0.096972055,-0.070588219,-0.000679,7,-0.020466649,-1.461903481,0.000000000,0.000000,recover
real,33.945,-3.916918,4.986066,-1.984524,0.783945095,0.124179170,-0.068363123,-0.000674,7,-0.019845241,-1.417517219,0.000000000,0.000000,recover
real,33.965,-3.742494,4.813516,-1.897921,0.784057015,0.153146094,-0.065318848,-0.000670,7,-0.018979215,-1.355658184,0.000000000,0.000000,recover
real,33.986,-3.555621,4.618705,-1.808768,0.784171542,0.178105854,-0.062057295,-0.000665,7,-0.018087684,-1.291977403,0.000000000,0.000000,recover
real,34.006,-3.330616,4.375831,-1.694969,0.784302271,0.203142848,-0.058130213,-0.000660,7,-0.016949691,-1.210692209,0.000000000,0.000000,recover
real,34.027,-3.078324,4.096391,-1.578207,0.784438834,0.226409163,-0.053726897,-0.000655,7,-0.015782070,-1.127290683,0.000000000,0.000000,recover
real,34.057,-2.653063,3.614284,-1.372169,0.784646088,0.258210026,-0.046304680,-0.000648,7,-0.013721691,-0.980120756,0.000000000,0.000000,recover
real,34.077,-2.341372,3.255014,-1.221191,0.784779301,0.276989924,-0.040864645,-0.000644,7,-0.012211914,-0.872279590,0.000000000,0.000000,recover
real,34.107,-1.837532,2.667207,-0.975039,0.784961024,0.301167477,-0.032070987,-0.000637,7,-0.009750387,-0.696456232,0.000000000,0.000000,recover
real,34.128,-1.463068,2.226282,-0.795429,0.785068685,0.314885382,-0.025535352,-0.000632,7,-0.007954287,-0.568163383,0.000000000,0.000000,recover
real,34.148,-1.111861,1.810482,-0.616123,0.785148931,0.325120370,-0.019405633,-0.000628,7,-0.006161233,-0.440088064,0.000000000,0.000000,recover
real,34.169,-0.713113,1.336380,-0.413089,0.785214777,0.333605249,-0.012446168,-0.000623,7,-0.004130885,-0.295063228,0.000000000,0.000000,recover
real,34.199,-0.150847,0.665022,-0.129635,0.785261308,0.340098437,-0.002632772,-0.000617,7,-0.002287407,-0.163386206,0.000000000,0.000000,recover
real,34.220,0.239810,0.196838,0.245088,0.785260832,0.340686377,0.004185470,-0.000612,7,0.002450882,0.175063017,0.000000000,0.000000,recover
real,34.240,0.624596,-0.268671,0.471996,0.785218801,0.332459173,0.010901256,-0.000608,7,0.004719959,0.337139897,0.000000000,0.000000,recover
real,34.261,0.994559,-0.724661,0.590932,0.785148739,0.319317633,0.017358332,-0.000604,7,0.005909318,0.422094111,0.000000000,0.000000,recover
real,34.290,1.520361,-1.384515,0.890342,0.785016041,0.297566013,0.026535312,-0.000597,7,0.008103578,0.578827036,0.000000000,0.000000,recover
real,34.312,1.862136,-1.822712,1.047393,0.784902911,0.278448511,0.032500405,-0.000593,7,0.010473928,0.748137737,0.000000000,0.000000,recover
real,34.332,2.150233,-2.198613,1.189125,0.784793004,0.259470187,0.037528650,-0.000589,7,0.011891249,0.849374917,0.000000000,0.000000,recover
real,34.352,2.429651,-2.570061,1.322653,0.784673284,0.237719145,0.042405413,-0.000585,7,0.013226529,0.944752042,0.000000000,0.000000,recover
real,34.377,2.694808,-2.930259,1.448204,0.784547983,0.213261960,0.047033271,-0.000580,7,0.014482041,1.034431501,0.000000000,0.000000,recover
real,34.397,2.908489,-3.227461,1.553024,0.784438967,0.190024465,0.050762709,-0.000576,7,0.015530242,1.109302977,0.000000000,0.000000,recover
real,34.417,3.104958,-3.508510,1.634402,0.784331883,0.164264699,0.054191732,-0.000571,7,0.016344024,1.167430282,0.000000000,0.000000,recover
real,34.441,3.278871,-3.766477,1.716555,0.784232295,0.136622911,0.057227093,-0.000567,7,0.017165552,1.226110839,0.000000000,0.000000,recover
real,34.471,3.463217,-4.056941,1.793193,0.784121218,0.097243295,0.060444542,-0.000561,7,0.017931929,1.280852058,0.000000000,0.000000,recover
real,34.491,3.551827,-4.210983,1.830216,0.784065729,0.069755319,0.061991081,-0.000557,7,0.018302161,1.307297204,0.000000000,0.000000,recover
real,34.512,3.608814,-4.326279,1.850666,0.784028996,0.042137890,0.062985688,-0.000553,7,0.018506658,1.321904172,0.000000000,0.000000,recover
real,34.532,3.634217,-4.402316,1.856708,0.784011758,0.014613702,0.063429051,-0.000549,7,0.018567078,1.326219840,0.000000000,0.000000,recover
real,34.552,3.628297,-4.438904,1.849338,0.784014110,-0.012629069,0.063325735,-0.000545,7,0.018493380,1.320955693,0.000000000,0.000000,recover
real,34.573,3.591505,-4.436158,1.828553,0.784035556,-0.039431142,0.062683589,-0.000541,7,0.018285528,1.306109107,0.000000000,0.000000,recover
real,34.594,3.524475,-4.394491,1.793495,0.784075070,-0.065658054,0.061513686,-0.000537,7,0.017934947,1.281067612,0.000000000,0.000000,recover
real,34.614,3.427923,-4.314570,1.742509,0.784131185,-0.091192751,0.059828550,-0.000533,7,0.017425088,1.244649126,0.000000000,0.000000,recover
real,34.635,3.302921,-4.197430,1.681845,0.784201786,-0.115768432,0.057646851,-0.000529,7,0.016818448,1.201317686,0.000000000,0.000000,recover
real,34.656,3.150551,-4.044314,1.605737,0.784284604,-0.139363909,0.054987491,-0.000526,7,0.016057367,1.146954771,0.000000000,0.000000,recover
real,34.676,2.972076,-3.856741,1.514400,0.784376958,-0.161838089,0.051872511,-0.000522,7,0.015144003,1.081714470,0.000000000,0.000000,recover
real,34.697,2.769049,-3.636549,1.419593,0.784475516,-0.182818210,0.048329020,-0.000518,7,0.014195932,1.013995115,0.000000000,0.000000,recover
real,34.717,2.543122,-3.385799,1.308943,0.784577448,-0.202434523,0.044385854,-0.000514,7,0.013089426,0.934958995,0.000000000,0.000000,recover
real,34.738,2.296004,-3.106742,1.187048,0.784679391,-0.220461238,0.040072833,-0.000511,7,0.011870484,0.847891702,0.000000000,0.000000,recover
real,34.759,2.029694,-2.801913,1.056766,0.784777952,-0.236717948,0.035424839,-0.000507,7,0.010567657,0.754832668,0.000000000,0.000000,recover
real,34.780,1.746210,-2.474001,0.910432,0.784870264,-0.251242658,0.030477111,-0.000503,7,0.009104319,0.650308505,0.000000000,0.000000,recover
real,34.810,1.293883,-1.945351,0.694598,0.784989020,-0.268827092,0.022582525,-0.000498,7,0.006945980,0.496141440,0.000000000,0.000000,recover
real,34.840,0.816486,-1.382089,0.445764,0.785077911,-0.281848064,0.014250365,-0.000493,7,0.004457643,0.318403054,0.000000000,0.000000,recover
real,34.861,0.488763,-0.992978,0.286697,0.785115906,-0.287307965,0.008530528,-0.000489,7,0.002866974,0.204783861,0.000000000,0.000000,recover
real,34.891,-0.010213,-0.397608,0.019355,0.785139076,-0.291153955,-0.000178259,-0.000484,7,0.000193548,0.013824853,0.000000000,0.000000,recover
real,34.912,-0.342746,0.001455,-0.308478,0.785126893,-0.288926470,-0.005982040,-0.000480,7,-0.003084780,-0.220341423,0.000000000,0.000000,recover
real,34.933,-0.666415,0.395487,-0.419498,0.785086095,-0.279570093,-0.011631128,-0.000477,7,-0.004194977,-0.299641215,0.000000000,0.000000,recover
real,34.953,-0.978078,0.780763,-0.580274,0.785032310,-0.269018035,-0.017070685,-0.000474,7,-0.005802737,-0.414481240,0.000000000,0.000000,recover
real,34.974,-1.276141,1.154352,-0.741443,0.784965601,-0.256382738,-0.022272865,-0.000470,7,-0.007414430,-0.529602161,0.000000000,0.000000,recover
real,34.994,-1.557597,1.512750,-0.874060,0.784887948,-0.241317911,-0.027185196,-0.000467,7,-0.008740605,-0.624328895,0.000000000,0.000000,recover
real,35.015,-1.820409,1.853005,-1.004766,0.784803765,-0.224613906,-0.031772135,-0.000463,7,-0.010047660,-0.717689980,0.000000000,0.000000,recover
real,35.035,-2.062705,2.172359,-1.122141,0.784715909,-0.206258507,-0.036000990,-0.000460,7,-0.011221406,-0.801529019,0.000000000,0.000000,recover
real,35.056,-2.282758,2.468255,-1.226388,0.784627711,-0.186486575,-0.039841634,-0.000457,7,-0.012263885,-0.875991780,0.000000000,0.000000,recover
real,35.076,-2.479168,2.738433,-1.319012,0.784542345,-0.165548947,-0.043269639,-0.000454,7,-0.013190123,-0.942151673,0.000000000,0.000000,recover
real,35.097,-2.650746,2.980884,-1.398388,0.784462645,-0.143624779,-0.046264248,-0.000450,7,-0.013983878,-0.998848425,0.000000000,0.000000,recover
real,35.127,-2.859524,3.288859,-1.493017,0.784359226,-0.109342575,-0.049908106,-0.000446,7,-0.014930171,-1.066440755,0.000000000,0.000000,recover
real,35.147,-2.965332,3.455021,-1.539623,0.784304054,-0.085834994,-0.051754806,-0.000442,7,-0.015396228,-1.099730551,0.000000000,0.000000,recover
real,35.168,-3.043928,3.588610,-1.573018,0.784261754,-0.062018369,-0.053126567,-0.000439,7,-0.015730182,-1.123584416,0.000000000,0.000000,recover
real,35.189,-3.095132,3.688882,-1.594098,0.784233392,-0.038083025,-0.054020239,-0.000436,7,-0.015940976,-1.138641137,0.000000000,0.000000,recover
real,35.209,-3.118864,3.755328,-1.600046,0.784219581,-0.014139063,-0.054434444,-0.000433,7,-0.016000461,-1.142890051,0.000000000,0.000000,recover
real,35.230,-3.115343,3.787767,-1.595050,0.784220459,0.009571351,-0.054372985,-0.000430,7,-0.015950501,-1.139321482,0.000000000,0.000000,recover
real,35.250,-3.084926,3.786272,-1.577768,0.784235695,0.032926182,-0.053842117,-0.000427,7,-0.015777682,-1.126977273,0.000000000,0.000000,recover
real,35.271,-3.028153,3.751187,-1.547907,0.784264540,0.055788417,-0.052851245,-0.000424,7,-0.015479067,-1.105647651,0.000000000,0.000000,recover
real,35.292,-2.945674,3.683090,-1.504728,0.784305882,0.078033038,-0.051411712,-0.000421,7,-0.015047277,-1.074805504,0.000000000,0.000000,recover
real,35.312,-2.838356,3.582841,-1.450584,0.784358192,0.099478545,-0.049538650,-0.000418,7,-0.014505842,-1.036131585,0.000000000,0.000000,recover
real,35.333,-2.707212,3.451544,-1.384979,0.784419664,0.120006978,-0.047249762,-0.000415,7,-0.013849792,-0.989270822,0.000000000,0.000000,recover
real,35.353,-2.553406,3.290539,-1.308498,0.784488218,0.139481790,-0.044565343,-0.000412,7,-0.013084980,-0.934641404,0.000000000,0.000000,recover
real,35.373,-2.378257,3.101399,-1.221752,0.784561572,0.157770222,-0.041508414,-0.000409,7,-0.012217521,-0.872680062,0.000000000,0.000000,recover
real,35.394,-2.183228,2.885918,-1.125199,0.784637307,0.174746743,-0.038104523,-0.000406,7,-0.011251991,-0.803713660,0.000000000,0.000000,recover
real,35.414,-1.969928,2.646098,-1.019486,0.784712930,0.190286216,-0.034381727,-0.000403,7,-0.010194856,-0.728203969,0.000000000,0.000000,recover
real,35.435,-1.740103,2.384139,-0.905273,0.784785946,0.204267785,-0.030370529,-0.000400,7,-0.009052727,-0.646623351,0.000000000,0.000000,recover
real,35.465,-1.368537,1.954948,-0.719632,0.784885321,0.222064874,-0.023885478,-0.000396,7,-0.007196315,-0.514022527,0.000000000,0.000000,recover
real,35.486,-1.105921,1.648431,-0.587516,0.784941555,0.231651512,-0.019301961,-0.000393,7,-0.006543365,-0.467383244,0.000000000,0.000000,recover
real,35.506,-0.833924,1.328815,-0.449768,0.784987487,0.239295224,-0.014554716,-0.000390,7,-0.005192866,-0.370919002,0.000000000,0.000000,recover
real,35.528,-0.554851,0.999001,-0.307372,0.785021508,0.244901866,-0.009683981,-0.000387,7,-0.003073722,-0.219551559,0.000000000,0.000000,recover
real,35.548,-0.271109,0.661989,-0.161400,0.785042392,0.248387296,-0.004731737,-0.000384,7,-0.001613997,-0.115285497,0.000000000,0.000000,recover
real,35.569,0.014812,0.320866,-0.004687,0.785049346,0.249679535,0.000258526,-0.000382,7,-0.000046868,-0.003347748,0.000000000,0.000000,recover
real,35.590,0.299729,-0.020936,0.254392,0.785039731,0.247538156,0.005231265,-0.000379,7,0.002543925,0.181708903,0.000000000,0.000000,recover
real,35.610,0.577329,-0.358514,0.357172,0.785010294,0.239903122,0.010076297,-0.000376,7,0.003571724,0.255123161,0.000000000,0.000000,recover
real,35.631,0.844987,-0.688709,0.496178,0.784970909,0.231074519,0.014747810,-0.000373,7,0.004961785,0.354413201,0.000000000,0.000000,recover
real,35.652,1.101142,-1.008916,0.633669,0.784921820,0.220388914,0.019218548,-0.000371,7,0.006336690,0.452620745,0.000000000,0.000000,recover
real,35.672,1.343255,-1.316146,0.749714,0.784864623,0.207638854,0.023444214,-0.000368,7,0.007497140,0.535509991,0.000000000,0.000000,recover
real,35.693,1.569513,-1.607833,0.863001,0.784802413,0.193409795,0.027393172,-0.000365,7,0.008630007,0.616429087,0.000000000,0.000000,recover
real,35.713,1.778245,-1.881576,0.965134,0.784737360,0.177717399,0.031036237,-0.000363,7,0.009651337,0.689381238,0.000000000,0.000000,recover
real,35.734,1.967918,-2.135152,1.056192,0.784671941,0.160759260,0.034346651,-0.000360,7,0.010561922,0.754422993,0.000000000,0.000000,recover
real,35.755,2.137265,-2.366586,1.137085,0.784608530,0.142743779,0.037302305,-0.000358,7,0.011370851,0.812203613,0.000000000,0.000000,recover
real,35.775,2.285204,-2.574123,1.206563,0.784549270,0.123830444,0.039884335,-0.000355,7,0.012065631,0.861830772,0.000000000,0.000000,recover
real,35.796,2.410858,-2.756243,1.264699,0.784496109,0.104201043,0.042077409,-0.000352,7,0.012646995,0.903356767,0.000000000,0.000000,recover
real,35.816,2.513549,-2.911672,1.311368,0.784450705,0.084026729,0.043869714,-0.000350,7,0.013113682,0.936691598,0.000000000,0.000000,recover
real,35.837,2.592791,-3.039374,1.346418,0.784414403,0.063471802,0.045252734,-0.000347,7,0.013464180,0.961727134,0.000000000,0.000000,recover
real,35.858,2.648273,-3.138561,1.369074,0.784388202,0.042681243,0.046221075,-0.000345,7,0.013690741,0.977910085,0.000000000,0.000000,recover
real,35.878,2.679874,-3.208690,1.381663,0.784372767,0.021857842,0.046772629,-0.000342,7,0.013816631,0.986902243,0.000000000,0.000000,recover
real,35.899,2.687678,-3.249480,1.382581,0.784368358,0.001114041,0.046908836,-0.000340,7,0.013825807,0.987557628,0.000000000,0.000000,recover
real,35.920,2.671870,-3.260858,1.371493,0.784374922,-0.019413760,0.046632932,-0.000337,7,0.013714931,0.979637926,0.000000000,0.000000,recover
real,35.940,2.632877,-3.243030,1.351688,0.784392021,-0.039523637,0.045952376,-0.000335,7,0.013516876,0.965491169,0.000000000,0.000000,recover
real,35.961,2.571205,-3.196399,1.318589,0.784418957,-0.059179397,0.044875991,-0.000333,7,0.013185887,0.941849103,0.000000000,0.000000,recover
real,35.981,2.487528,-3.121605,1.275393,0.784454692,-0.078188409,0.043415553,-0.000330,7,0.012753928,0.910994844,0.000000000,0.000000,recover
real,36.002,2.382700,-3.019526,1.222366,0.784497934,-0.096425777,0.041585964,-0.000328,7,0.012223664,0.873118828,0.000000000,0.000000,recover
real,36.022,2.257696,-2.891242,1.159343,0.784547184,-0.113779343,0.039404220,-0.000326,7,0.011593430,0.828102158,0.000000000,0.000000,recover
real,36.042,2.113574,-2.738020,1.085396,0.784600805,-0.130154858,0.036888828,-0.000323,7,0.010853960,0.775282878,0.000000000,0.000000,recover
real,36.063,1.951731,-2.561417,1.007181,0.784656823,-0.145313842,0.034064139,-0.000321,7,0.010071805,0.719414646,0.000000000,0.000000,recover
real,36.084,1.773453,-2.363065,0.916673,0.784713574,-0.159319450,0.030952594,-0.000319,7,0.009166727,0.654766233,0.000000000,0.000000,recover
real,36.105,1.580257,-2.144825,0.820057,0.784769024,-0.171946716,0.027580693,-0.000316,7,0.008200568,0.585754859,0.000000000,0.000000,recover
real,36.135,1.266114,-1.784645,0.662051,0.784845791,-0.188145014,0.022097853,-0.000313,7,0.006620514,0.472893845,0.000000000,0.000000,recover
real,36.155,1.043022,-1.525857,0.549185,0.784890175,-0.196972156,0.018204169,-0.000311,7,0.006062696,0.433049737,0.000000000,0.000000,recover
real,36.176,0.811206,-1.254882,0.431336,0.784927326,-0.204116507,0.014158212,-0.000308,7,0.004313358,0.308096984,0.000000000,0.000000,recover
real,36.197,0.572657,-0.974198,0.309268,0.784955963,-0.209500841,0.009994756,-0.000306,7,0.003092682,0.220905855,0.000000000,0.000000,recover
real,36.218,0.329454,-0.686380,0.184000,0.784975080,-0.213053506,0.005750062,-0.000304,7,0.001839999,0.131428499,0.000000000,0.000000,recover
real,36.238,0.083745,-0.394075,0.056516,0.784983993,-0.214716111,0.001461631,-0.000302,7,0.000565157,0.040368367,0.000000000,0.000000,recover
real,36.259,-0.162159,-0.100032,-0.141416,0.784981984,-0.214216795,-0.002830212,-0.000300,7,-0.001414160,-0.101011453,0.000000000,0.000000,recover
real,36.280,-0.404061,0.192105,-0.269349,0.784965616,-0.209388236,-0.007052192,-0.000297,7,-0.002693488,-0.192391992,0.000000000,0.000000,recover
real,36.300,-0.638177,0.478897,-0.373109,0.784939343,-0.202289348,-0.011138284,-0.000295,7,-0.003731091,-0.266506500,0.000000000,0.000000,recover
real,36.321,-0.863270,0.758129,-0.498296,0.784905996,-0.193994102,-0.015066905,-0.000293,7,-0.004982956,-0.355925452,0.000000000,0.000000,recover
real,36.341,-1.077268,1.027254,-0.604090,0.784865770,-0.183797795,-0.018801878,-0.000291,7,-0.006040902,-0.431493016,0.000000000,0.000000,recover
real,36.362,-1.278338,1.283901,-0.704023,0.784820886,-0.172154304,-0.022311210,-0.000289,7,-0.007040227,-0.502873383,0.000000000,0.000000,recover
real,36.393,-1.552441,1.640842,-0.840059,0.784748709,-0.152266680,-0.027095199,-0.000286,7,-0.008400591,-0.600042181,0.000000000,0.000000,recover
real,36.413,-1.714824,1.857254,-0.918878,0.784699978,-0.137580932,-0.029929325,-0.000284,7,-0.009188785,-0.656341758,0.000000000,0.000000,recover
real,36.433,-1.859624,2.054421,-0.991988,0.784652893,-0.122021919,-0.032456567,-0.000282,7,-0.009919880,-0.708562875,0.000000000,0.000000,recover
real,36.454,-1.985821,2.230798,-1.048228,0.784608875,-0.105519640,-0.034659118,-0.000280,7,-0.010482277,-0.748734087,0.000000000,0.000000,recover
real,36.484,-2.138601,2.453582,-1.119975,0.784552120,-0.079740897,-0.037325636,-0.000277,7,-0.011199753,-0.799982341,0.000000000,0.000000,recover
real,36.505,-2.215265,2.572713,-1.154668,0.784522115,-0.061996111,-0.038663662,-0.000275,7,-0.011546676,-0.824762555,0.000000000,0.000000,recover
real,36.526,-2.271373,2.667404,-1.179789,0.784499442,-0.043993877,-0.039642944,-0.000273,7,-0.011797895,-0.842706772,0.000000000,0.000000,recover
real,36.557,-2.316593,2.762431,-1.197578,0.784480430,-0.016776840,-0.040432171,-0.000270,7,-0.011975782,-0.855413032,0.000000000,0.000000,recover
real,36.577,-2.320791,2.794014,-1.197035,0.784478147,0.001295395,-0.040505438,-0.000268,7,-0.011985678,-0.856119825,0.000000000,0.000000,recover
real,36.598,-2.304441,2.800121,-1.186805,0.784484126,0.019153953,-0.040220080,-0.000266,7,-0.011868047,-0.847717641,0.000000000,0.000000,recover
real,36.629,-2.242234,2.761996,-1.154197,0.784507751,0.045256116,-0.039134366,-0.000263,7,-0.011541969,-0.824426346,0.000000000,0.000000,recover
real,36.650,-2.176355,2.705677,-1.119307,0.784532358,0.062061170,-0.037984563,-0.000261,7,-0.011193072,-0.799505162,0.000000000,0.000000,recover
real,36.671,-2.091752,2.625420,-1.076042,0.784562997,0.078214106,-0.036507954,-0.000259,7,-0.010760419,-0.768601384,0.000000000,0.000000,recover
real,36.700,-1.931575,2.462130,-0.994540,0.784617846,0.101007887,-0.033712342,-0.000257,7,-0.010238073,-0.731290902,0.000000000,0.000000,recover
real,36.721,-1.804043,2.326295,-0.930076,0.784658478,0.115080560,-0.031486494,-0.000255,7,-0.009632847,-0.688060500,0.000000000,0.000000,recover
real,36.742,-1.661222,2.170409,-0.857982,0.784700752,0.128134490,-0.028993794,-0.000253,7,-0.008579818,-0.612844118,0.000000000,0.000000,recover
real,36.763,-1.504362,1.995968,-0.778788,0.784743230,0.140070141,-0.026256062,-0.000251,7,-0.007787881,-0.556277196,0.000000000,0.000000,recover
real,36.792,-1.245753,1.703165,-0.647979,0.784804187,0.155671054,-0.021742485,-0.000248,7,-0.006930848,-0.495060545,0.000000000,0.000000,recover
real,36.822,-0.963665,1.378505,-0.504650,0.784857731,0.168249003,-0.016819120,-0.000246,7,-0.005536730,-0.395480695,0.000000000,0.000000,recover
real,36.843,-0.765258,1.147684,-0.403323,0.784887254,0.174823814,-0.013356267,-0.000244,7,-0.004033230,-0.288087891,0.000000000,0.000000,recover
real,36.864,-0.560581,0.907832,-0.298277,0.784910631,0.179869697,-0.009783977,-0.000242,7,-0.002982771,-0.213055102,0.000000000,0.000000,recover
real,36.884,-0.351435,0.661162,-0.190346,0.784927055,0.183327612,-0.006133702,-0.000241,7,-0.001903457,-0.135961210,0.000000000,0.000000,recover
real,36.904,-0.139683,0.409956,-0.080410,0.784935954,0.185148802,-0.002437928,-0.000239,7,-0.001355711,-0.096836486,0.000000000,0.000000,recover
real,36.925,0.072830,0.156516,0.066235,0.784937174,0.185398565,0.001271118,-0.000237,7,0.000662348,0.047310582,0.000000000,0.000000,recover
real,36.956,0.386277,-0.221513,0.240416,0.784920293,0.179729502,0.006741799,-0.000235,7,0.002404156,0.171725426,0.000000000,0.000000,recover
real,36.977,0.587290,-0.467947,0.340537,0.784900056,0.173687953,0.010250149,-0.000233,7,0.003405368,0.243240583,0.000000000,0.000000,recover
real,37.007,0.873342,-0.824057,0.491231,0.784859410,0.162014095,0.015242699,-0.000231,7,0.004912313,0.350879498,0.000000000,0.000000,recover
real,37.027,1.051149,-1.049273,0.579508,0.784826904,0.152428649,0.018346017,-0.000229,7,0.005795075,0.413933941,0.000000000,0.000000,recover
real,37.048,1.216998,-1.262485,0.663373,0.784791769,0.141671813,0.021240620,-0.000227,7,0.006633734,0.473838111,0.000000000,0.000000,recover
real,37.068,1.369579,-1.461895,0.738700,0.784755289,0.129797771,0.023903665,-0.000226,7,0.007386996,0.527642574,0.000000000,0.000000,recover
real,37.089,1.507745,-1.645862,0.806395,0.784718869,0.116968271,0.026315107,-0.000224,7,0.007734828,0.552487685,0.000000000,0.000000,recover
real,37.110,1.630513,-1.812919,0.866045,0.784683815,0.103316035,0.028457827,-0.000222,7,0.008660445,0.618603246,0.000000000,0.000000,recover
real,37.140,1.784010,-2.029005,0.939398,0.784636421,0.081580750,0.031136841,-0.000220,7,0.009393977,0.670998363,0.000000000,0.000000,recover
real,37.161,1.864967,-2.148498,0.977412,0.784609809,0.066450669,0.032549810,-0.000218,7,0.009774117,0.698151214,0.000000000,0.000000,recover
real,37.182,1.928275,-2.247331,1.006513,0.784588185,0.050961303,0.033654745,-0.000217,7,0.010065129,0.718937798,0.000000000,0.000000,recover
real,37.202,1.973630,-2.324852,1.026662,0.784572190,0.035242280,0.034446344,-0.000215,7,0.010266617,0.733329781,0.000000000,0.000000,recover
real,37.223,2.000875,-2.380596,1.037851,0.784562260,0.019420049,0.034921854,-0.000214,7,0.010378506,0.741321883,0.000000000,0.000000,recover
real,37.243,2.009994,-2.414291,1.040131,0.784558618,0.003618011,0.035081005,-0.000212,7,0.010401306,0.742950427,0.000000000,0.000000,recover
real,37.263,2.001109,-2.425852,1.033598,0.784561275,-0.012043616,0.034925948,-0.000211,7,0.010379564,0.741397457,0.000000000,0.000000,recover
real,37.283,1.974512,-2.415398,1.020246,0.784570019,-0.027411062,0.034461731,-0.000209,7,0.010280159,0.734297083,0.000000000,0.000000,recover
real,37.304,1.930567,-2.383204,0.996292,0.784584477,-0.042453572,0.033694747,-0.000208,7,0.009962917,0.711636911,0.000000000,0.000000,recover
real,37.325,1.869770,-2.329727,0.964245,0.784604076,-0.057012636,0.032633635,-0.000206,7,0.009642451,0.688746517,0.000000000,0.000000,recover
real,37.345,1.792775,-2.255616,0.924655,0.784628077,-0.070977593,0.031289829,-0.000205,7,0.009246552,0.660468025,0.000000000,0.000000,recover
real,37.366,1.700335,-2.161681,0.877206,0.784655620,-0.084259543,0.029676447,-0.000203,7,0.008772063,0.626575932,0.000000000,0.000000,recover
real,37.387,1.593321,-2.048892,0.822626,0.784685728,-0.096752946,0.027808690,-0.000202,7,0.008226258,0.587589844,0.000000000,0.000000,recover
real,37.407,1.472713,-1.918380,0.761261,0.784717354,-0.108365488,0.025703685,-0.000200,7,0.007612614,0.543758174,0.000000000,0.000000,recover
real,37.427,1.339595,-1.771416,0.693551,0.784749406,-0.119008314,0.023380340,-0.000199,7,0.006935513,0.495393752,0.000000000,0.000000,recover
real,37.448,1.195150,-1.609411,0.620043,0.784780782,-0.128596230,0.020859294,-0.000197,7,0.006200429,0.442887755,0.000000000,0.000000,recover
real,37.469,1.040652,-1.433899,0.541283,0.784810409,-0.137050561,0.018162798,-0.000196,7,0.005412826,0.386630418,0.000000000,0.000000,recover
real,37.498,0.793053,-1.148943,0.414627,0.784849377,-0.147448953,0.013841387,-0.000194,7,0.004578729,0.327052085,0.000000000,0.000000,recover
real,37.519,0.619543,-0.947101,0.325474,0.784870409,-0.152765359,0.010813061,-0.000193,7,0.003254741,0.232481513,0.000000000,0.000000,recover
real,37.541,0.441063,-0.737940,0.233379,0.784886623,-0.156724324,0.007698003,-0.000191,7,0.002333789,0.166699213,0.000000000,0.000000,recover
real,37.561,0.259208,-0.523405,0.139097,0.784897465,-0.159280306,0.004524039,-0.000190,7,0.001390965,0.099354672,0.000000000,0.000000,recover
real,37.592,-0.016309,-0.195900,-0.010558,0.784902908,-0.160408574,-0.000284646,-0.000188,7,-0.000105580,-0.007541459,0.000000000,0.000000,recover
real,37.621,-0.288990,0.131834,-0.188597,0.784893350,-0.156796923,-0.005043825,-0.000186,7,-0.001487883,-0.106277339,0.000000000,0.000000,recover
real,37.642,-0.464631,0.346230,-0.268315,0.784879331,-0.151849897,-0.008109348,-0.000184,7,-0.002683149,-0.191653475,0.000000000,0.000000,recover
real,37.663,-0.633844,0.555209,-0.361473,0.784861162,-0.145921955,-0.011062671,-0.000183,7,-0.003614727,-0.258194793,0.000000000,0.000000,recover
real,37.683,-0.795090,0.756869,-0.442674,0.784839039,-0.138582346,-0.013876941,-0.000182,7,-0.004426736,-0.316195449,0.000000000,0.000000,recover
real,37.704,-0.946947,0.949406,-0.519003,0.784814112,-0.130099156,-0.016527343,-0.000180,7,-0.005190033,-0.370716651,0.000000000,0.000000,recover
real,37.735,-1.154544,1.217554,-0.623485,0.784773666,-0.115465572,-0.020150599,-0.000179,7,-0.006234846,-0.445346128,0.000000000,0.000000,recover
real,37.755,-1.277888,1.380351,-0.684418,0.784746148,-0.104572204,-0.022303358,-0.000177,7,-0.006844180,-0.488869992,0.000000000,0.000000,recover
real,37.776,-1.388106,1.528808,-0.738585,0.784719380,-0.092916428,-0.024227014,-0.000176,7,-0.007385854,-0.527560968,0.000000000,0.000000,recover
real,37.805,-1.527142,1.722072,-0.805899,0.784682674,-0.074246001,-0.026653651,-0.000174,7,-0.007853397,-0.560956917,0.000000000,0.000000,recover
real,37.827,-1.601409,1.829865,-0.841300,0.784661712,-0.061181819,-0.027949862,-0.000173,7,-0.008413003,-0.600928802,0.000000000,0.000000,recover
real,37.847,-1.660397,1.919882,-0.868922,0.784644366,-0.047759402,-0.028979399,-0.000172,7,-0.008689220,-0.620658536,0.000000000,0.000000,recover
real,37.868,-1.703792,1.991506,-0.888683,0.784631168,-0.034094201,-0.029736772,-0.000170,7,-0.008886831,-0.634773633,0.000000000,0.000000,recover
real,37.888,-1.731408,2.044284,-0.900561,0.784622497,-0.020299922,-0.030218778,-0.000169,7,-0.009005613,-0.643258062,0.000000000,0.000000,recover
real,37.909,-1.743193,2.077934,-0.904572,0.784618570,-0.006487857,-0.030424453,-0.000168,7,-0.009045723,-0.646123091,0.000000000,0.000000,recover
real,37.930,-1.739215,2.092338,-0.900791,0.784619439,0.007233056,-0.030355024,-0.000167,7,-0.009007911,-0.643422212,0.000000000,0.000000,recover
real,37.951,-1.719686,2.087554,-0.890776,0.784624985,0.020727396,-0.030014186,-0.000166,7,-0.008907765,-0.636268893,0.000000000,0.000000,recover
real,37.971,-1.684924,2.063795,-0.872109,0.784634948,0.033946961,-0.029407476,-0.000164,7,-0.008721086,-0.622934736,0.000000000,0.000000,recover
real,38.001,-1.605115,1.993402,-0.829715,0.784657270,0.053011200,-0.028014538,-0.000163,7,-0.008297154,-0.592653858,0.000000000,0.000000,recover
real,38.031,-1.493874,1.883069,-0.772202,0.784686706,0.070845025,-0.026073020,-0.000161,7,-0.007931040,-0.566502825,0.000000000,0.000000,recover
real,38.052,-1.403432,1.788601,-0.725691,0.784709124,0.081906116,-0.024494512,-0.000160,7,-0.007256909,-0.518350615,0.000000000,0.000000,recover
real,38.072,-1.300942,1.678505,-0.673185,0.784732859,0.092202965,-0.022705728,-0.000159,7,-0.007001717,-0.500122666,0.000000000,0.000000,recover
real,38.094,-1.187346,1.553869,-0.615024,0.784757082,0.101656881,-0.020723095,-0.000157,7,-0.006150240,-0.439302867,0.000000000,0.000000,recover
real,38.124,-0.998402,1.342330,-0.518271,0.784792494,0.114092073,-0.017425394,-0.000156,7,-0.005182713,-0.370193766,0.000000000,0.000000,final_hold
real,38.145,-0.861722,1.186882,-0.448158,0.784814300,0.121118534,-0.015039884,-0.000155,7,-0.004481580,-0.320112840,0.000000000,0.000000,final_hold
real,38.165,-0.717885,1.021596,-0.374207,0.784833778,0.127061793,-0.012529451,-0.000154,7,-0.004116260,-0.294018571,0.000000000,0.000000,final_hold
real,38.185,-0.568177,0.848027,-0.297015,0.784850262,0.131867569,-0.009916560,-0.000152,7,-0.003359774,-0.239983868,0.000000000,0.000000,final_hold
real,38.205,-0.413942,0.667803,-0.217213,0.784863188,0.135489025,-0.007224652,-0.000151,7,-0.002573989,-0.183856347,0.000000000,0.000000,final_hold
real,38.226,-0.256570,0.482606,-0.135471,0.784872118,0.137887470,-0.004477990,-0.000150,7,-0.001765413,-0.126100922,0.000000000,0.000000,final_hold
real,38.247,-0.097488,0.294169,-0.052491,0.784876753,0.139033208,-0.001701480,-0.000149,7,-0.000940915,-0.067208193,0.000000000,0.000000,final_hold
real,38.267,0.061852,0.104249,0.050587,0.784876951,0.138906296,0.001079517,-0.000148,7,-0.000107631,-0.007687941,0.000000000,0.000000,final_hold
real,38.288,0.219444,-0.085127,0.147063,0.784871861,0.136692269,0.003830018,-0.000147,7,0.001470625,0.105044665,0.000000000,0.000000,final_hold
real,38.308,0.372855,-0.271737,0.215942,0.784862128,0.132699717,0.006507545,-0.000146,7,0.001800342,0.128595869,0.000000000,0.000000,final_hold
real,38.328,0.520976,-0.453994,0.296335,0.784849142,0.127831126,0.009092745,-0.000145,7,0.002560295,0.182878188,0.000000000,0.000000,final_hold
real,38.349,0.662537,-0.630268,0.369080,0.784833072,0.121764285,0.011563447,-0.000144,7,0.003339750,0.238553577,0.000000000,0.000000,final_hold
real,38.370,0.796245,-0.798959,0.436344,0.784814682,0.114644792,0.013897101,-0.000143,7,0.004363442,0.311674401,0.000000000,0.000000,final_hold
real,38.390,0.921030,-0.958616,0.499906,0.784794763,0.106608229,0.016075014,-0.000142,7,0.004688235,0.334873960,0.000000000,0.000000,final_hold
real,38.411,1.035879,-1.107874,0.557370,0.784774057,0.097707448,0.018079505,-0.000141,7,0.005573704,0.398121733,0.000000000,0.000000,final_hold
real,38.431,1.139894,-1.245483,0.609060,0.784753360,0.088055336,0.019894895,-0.000140,7,0.005839331,0.417095065,0.000000000,0.000000,final_hold
real,38.452,1.232297,-1.370321,0.654648,0.784733427,0.077751880,0.021507640,-0.000139,7,0.006326563,0.451897365,0.000000000,0.000000,final_hold
real,38.473,1.312425,-1.481394,0.693733,0.784714961,0.066896147,0.022906131,-0.000138,7,0.006937334,0.495523836,0.000000000,0.000000,final_hold
real,38.493,1.379731,-1.577844,0.726199,0.784698594,0.055592891,0.024080843,-0.000137,7,0.007261995,0.518713907,0.000000000,0.000000,final_hold
real,38.514,1.433788,-1.658955,0.751875,0.784684867,0.043944602,0.025024313,-0.000136,7,0.007518745,0.537053240,0.000000000,0.000000,final_hold
real,38.544,1.489384,-1.750647,0.777453,0.784670145,0.026048955,0.025994649,-0.000134,7,0.007706597,0.550471229,0.000000000,0.000000,final_hold
real,38.564,1.509215,-1.791223,0.785838,0.784664659,0.013983844,0.026340767,-0.000133,7,0.007825114,0.558936735,0.000000000,0.000000,final_hold
real,38.586,1.515217,-1.815095,0.787307,0.784662807,0.001926640,0.026445530,-0.000133,7,0.007873074,0.562362404,0.000000000,0.000000,final_hold
real,38.615,1.498532,-1.819498,0.777881,0.784666810,-0.015909197,0.026154312,-0.000131,7,0.007820177,0.558584062,0.000000000,0.000000,final_hold
real,38.636,1.470637,-1.801687,0.763159,0.784673775,-0.027516088,0.025667462,-0.000130,7,0.007717554,0.551253851,0.000000000,0.000000,final_hold
real,38.656,1.429683,-1.767587,0.740723,0.784683871,-0.038812749,0.024952674,-0.000129,7,0.007526329,0.537594944,0.000000000,0.000000,final_hold
real,38.678,1.376141,-1.717643,0.712803,0.784696691,-0.049670087,0.024018199,-0.000128,7,0.007128034,0.509145250,0.000000000,0.000000,final_hold
real,38.699,1.310569,-1.652425,0.678677,0.784711763,-0.060025083,0.022873739,-0.000127,7,0.006786766,0.484768975,0.000000000,0.000000,final_hold
real,38.719,1.233553,-1.572605,0.635979,0.784728577,-0.069850677,0.021529563,-0.000126,7,0.006359792,0.454270854,0.000000000,0.000000,final_hold
real,38.741,1.141298,-1.474036,0.591747,0.784747321,-0.079320189,0.019919412,-0.000126,7,0.005917467,0.422676221,0.000000000,0.000000,final_hold
real,38.761,1.048519,-1.372701,0.544088,0.784764746,-0.087250228,0.018300112,-0.000125,7,0.005440876,0.388633968,0.000000000,0.000000,final_hold
real,38.782,0.942128,-1.254553,0.486124,0.784782964,-0.094882993,0.016443231,-0.000124,7,0.004861236,0.347231116,0.000000000,0.000000,final_hold
real,38.803,0.827732,-1.125756,0.428444,0.784800306,-0.101554517,0.014446656,-0.000123,7,0.004284441,0.306031529,0.000000000,0.000000,final_hold
real,38.824,0.706450,-0.987577,0.364424,0.784816280,-0.107362876,0.012329878,-0.000122,7,0.003644244,0.260303135,0.000000000,0.000000,final_hold
real,38.844,0.579392,-0.841336,0.302253,0.784830198,-0.112095101,0.010112290,-0.000121,7,0.003022531,0.238309839,0.000000000,0.000000,final_hold
real,38.865,0.447689,-0.688407,0.233574,0.784841749,-0.115896110,0.007813653,-0.000120,7,0.002335736,0.191904439,0.000000000,0.000000,final_hold
real,38.886,0.312452,-0.530188,0.159714,0.784850533,-0.118709230,0.005453319,-0.000119,7,0.001597142,0.114081597,0.000000000,0.000000,final_hold
real,38.906,0.174889,-0.368154,0.086552,0.784856148,-0.120391410,0.003052392,-0.000118,7,0.000865525,0.061823210,0.000000000,0.000000,final_hold
real,38.932,0.036256,-0.203824,0.001530,0.784858683,-0.121203665,0.000632790,-0.000117,7,0.000477894,0.034135290,0.000000000,0.000000,final_hold
real,38.957,-0.109180,-0.030435,-0.100941,0.784857344,-0.120474109,-0.001905550,-0.000116,7,-0.001009411,-0.072100780,0.000000000,0.000000,final_hold
real,38.978,-0.238079,0.125082,-0.143195,0.784851863,-0.117527139,-0.004155264,-0.000115,7,-0.001431950,-0.102282119,0.000000000,0.000000,final_hold
real,38.998,-0.369859,0.285934,-0.213740,0.784843804,-0.113995526,-0.006455258,-0.000115,7,-0.002137401,-0.152671469,0.000000000,0.000000,final_hold
real,39.028,-0.558093,0.518859,-0.309089,0.784826923,-0.106697707,-0.009740563,-0.000113,7,-0.003090893,-0.220778096,0.000000000,0.000000,final_hold
real,39.049,-0.675482,0.666442,-0.372138,0.784813343,-0.100762622,-0.011789393,-0.000113,7,-0.003721376,-0.265812590,0.000000000,0.000000,final_hold
real,39.069,-0.785328,0.806393,-0.426291,0.784798397,-0.093883588,-0.013706567,-0.000112,7,-0.004262915,-0.304493921,0.000000000,0.000000,final_hold
real,39.090,-0.886665,0.937474,-0.478774,0.784782810,-0.086306245,-0.015475223,-0.000111,7,-0.004787738,-0.341981286,0.000000000,0.000000,final_hold
real,39.110,-0.978773,1.058618,-0.524704,0.784767090,-0.078013108,-0.017082813,-0.000110,7,-0.005247040,-0.374788581,0.000000000,0.000000,final_hold
real,39.131,-1.060804,1.168760,-0.564453,0.784751853,-0.069112881,-0.018514519,-0.000109,7,-0.005644534,-0.403181013,0.000000000,0.000000,final_hold
real,39.151,-1.132252,1.267056,-0.599365,0.784737650,-0.059722713,-0.019761532,-0.000109,7,-0.005993646,-0.428117565,0.000000000,0.000000,final_hold
real,39.172,-1.192575,1.352718,-0.628316,0.784724968,-0.049915261,-0.020814353,-0.000108,7,-0.006283159,-0.448797065,0.000000000,0.000000,final_hold
real,39.193,-1.241398,1.425109,-0.652086,0.784714236,-0.039799407,-0.021666476,-0.000107,7,-0.006520859,-0.465775620,0.000000000,0.000000,final_hold
real,39.214,-1.278429,1.483709,-0.670254,0.784705795,-0.029458829,-0.022312791,-0.000106,7,-0.006702538,-0.478752686,0.000000000,0.000000,final_hold
real,39.236,-1.303489,1.528128,-0.682301,0.784699897,-0.018973035,-0.022750172,-0.000106,7,-0.006770999,-0.483642801,0.000000000,0.000000,final_hold
real,39.257,-1.316471,1.558093,-0.687555,0.784696708,-0.008417899,-0.022976750,-0.000105,7,-0.006875548,-0.491110586,0.000000000,0.000000,final_hold
real,39.278,-1.317330,1.573441,-0.684631,0.784696308,0.002145882,-0.022991751,-0.000104,7,-0.006846308,-0.489021980,0.000000000,0.000000,final_hold
real,39.298,-1.306225,1.574188,-0.678825,0.784698658,0.012524209,-0.022797930,-0.000103,7,-0.006788254,-0.484875311,0.000000000,0.000000,final_hold
real,39.318,-1.283413,1.560477,-0.667697,0.784703620,0.022690180,-0.022399781,-0.000102,7,-0.006676966,-0.476926156,0.000000000,0.000000,final_hold
real,39.339,-1.249129,1.532524,-0.648426,0.784711006,0.032622179,-0.021801413,-0.000102,7,-0.006484256,-0.463161149,0.000000000,0.000000,final_hold
real,39.360,-1.203775,1.490700,-0.624628,0.784720511,0.042169744,-0.021009831,-0.000101,7,-0.006246281,-0.446162962,0.000000000,0.000000,final_hold
real,39.380,-1.147814,1.435485,-0.594748,0.784731787,0.051294417,-0.020033136,-0.000100,7,-0.005947477,-0.424819788,0.000000000,0.000000,final_hold
real,39.401,-1.081839,1.367492,-0.559968,0.784744408,0.059906160,-0.018881653,-0.000100,7,-0.005599685,-0.399977485,0.000000000,0.000000,final_hold
real,39.421,-1.006426,1.287398,-0.519203,0.784757941,0.067962630,-0.017565447,-0.000099,7,-0.005192035,-0.370859634,0.000000000,0.000000,final_hold
real,39.442,-0.922360,1.196045,-0.476471,0.784771851,0.075324677,-0.016098223,-0.000098,7,-0.004764705,-0.340336103,0.000000000,0.000000,final_hold
real,39.463,-0.830416,1.094334,-0.428482,0.784785689,0.082009398,-0.014493499,-0.000097,7,-0.004284820,-0.306058563,0.000000000,0.000000,final_hold
real,39.483,-0.726317,0.977469,-0.374052,0.784799598,0.088213636,-0.012676617,-0.000097,7,-0.003740521,-0.267180037,0.000000000,0.000000,final_hold
real,39.504,-0.626382,0.863894,-0.324759,0.784811145,0.092997212,-0.010932431,-0.000096,7,-0.003247588,-0.231970576,0.000000000,0.000000,final_hold
real,39.525,-0.516164,0.737379,-0.267139,0.784821919,0.097265503,-0.009008757,-0.000095,7,-0.002671390,-0.190813579,0.000000000,0.000000,final_hold
real,39.545,-0.401773,0.604903,-0.205286,0.784830902,0.100684425,-0.007012261,-0.000095,7,-0.002052858,-0.146632681,0.000000000,0.000000,final_hold
real,39.566,-0.284262,0.467720,-0.144158,0.784837712,0.103127680,-0.004961300,-0.000094,7,-0.001441585,-0.102970346,0.000000000,0.000000,final_hold
real,39.586,-0.164753,0.327146,-0.082302,0.784842155,0.104615526,-0.002875482,-0.000093,7,-0.000823023,-0.058787346,0.000000000,0.000000,final_hold
real,39.607,-0.044316,0.184489,-0.018768,0.784844119,0.105161908,-0.000773461,-0.000093,7,-0.000187679,-0.013405665,0.000000000,0.000000,final_hold
real,39.628,0.075892,0.041110,0.058454,0.784843452,0.104637775,0.001324572,-0.000092,7,0.000584542,0.041752968,0.000000000,0.000000,final_hold
real,39.649,0.194266,-0.101417,0.120313,0.784839854,0.102603073,0.003390576,-0.000091,7,0.001203133,0.085938058,0.000000000,0.000000,final_hold
real,39.669,0.309403,-0.241621,0.177138,0.784833933,0.099566665,0.005400099,-0.000091,7,0.001488334,0.106309578,0.000000000,0.000000,final_hold
real,39.689,0.425856,-0.385008,0.239919,0.784825671,0.095537323,0.007432591,-0.000090,7,0.002399191,0.171370799,0.000000000,0.000000,final_hold
real,39.719,0.577028,-0.573930,0.316136,0.784811334,0.088364678,0.010071045,-0.000089,7,0.003161357,0.225811242,0.000000000,0.000000,final_hold
real,39.739,0.673481,-0.696421,0.364855,0.784800118,0.082502132,0.011754465,-0.000088,7,0.003648553,0.260610953,0.000000000,0.000000,final_hold
real,39.759,0.762710,-0.811351,0.411806,0.784788339,0.076003333,0.013311809,-0.000088,7,0.004118056,0.294146847,0.000000000,0.000000,final_hold
real,39.780,0.843880,-0.917687,0.450494,0.784776382,0.068815112,0.014728479,-0.000087,7,0.004504943,0.321781609,0.000000000,0.000000,final_hold
real,39.800,0.916434,-1.014578,0.488341,0.784764774,0.061171709,0.015994795,-0.000087,7,0.004883413,0.348815210,0.000000000,0.000000,final_hold
real,39.821,0.982708,-1.105267,0.520201,0.784753351,0.052599880,0.017151499,-0.000086,7,0.005202008,0.371571965,0.000000000,0.000000,final_hold
real,39.841,1.035938,-1.180415,0.546490,0.784743633,0.044074260,0.018080534,-0.000085,7,0.005464905,0.390350339,0.000000000,0.000000,final_hold
real,39.862,1.077220,-1.241121,0.566229,0.784735745,0.035691693,0.018801044,-0.000085,7,0.005662294,0.404449592,0.000000000,0.000000,final_hold
real,39.882,1.110644,-1.293330,0.582694,0.784729125,0.026673615,0.019384402,-0.000084,7,0.005826942,0.416210122,0.000000000,0.000000,final_hold
real,39.903,1.133606,-1.333196,0.593148,0.784724425,0.017502071,0.019785150,-0.000083,7,0.005931484,0.423677395,0.000000000,0.000000,final_hold
real,39.924,1.145995,-1.360465,0.598179,0.784721785,0.008269911,0.020001394,-0.000083,7,0.005981792,0.427270825,0.000000000,0.000000,final_hold
real,39.945,1.147812,-1.375007,0.597907,0.784721266,-0.000942552,0.020033104,-0.000082,7,0.005979073,0.427076674,0.000000000,0.000000,final_hold
real,39.965,1.139152,-1.376807,0.592929,0.784722850,-0.010047750,0.019881948,-0.000082,7,0.005929291,0.423520788,0.000000000,0.000000,final_hold
real,39.986,1.120212,-1.365971,0.583687,0.784726442,-0.018964916,0.019551392,-0.000081,7,0.005836873,0.416919514,0.000000000,0.000000,final_hold
real,40.006,1.089509,-1.341203,0.566562,0.784732218,-0.028107461,0.019015515,-0.000081,7,0.005665616,0.404686893,0.000000000,0.000000,final_hold
real,40.026,1.052484,-1.307263,0.546396,0.784739005,-0.036080385,0.018369318,-0.000080,7,0.005463958,0.390282702,0.000000000,0.000000,final_hold
real,40.047,1.004448,-1.260119,0.520943,0.784747480,-0.044093524,0.017530918,-0.000079,7,0.005209426,0.372101837,0.000000000,0.000000,final_hold
real,40.067,0.947606,-1.201779,0.492234,0.784756999,-0.051636667,0.016538848,-0.000079,7,0.004922338,0.351595601,0.000000000,0.000000,final_hold
real,40.087,0.882520,-1.132854,0.458243,0.784767234,-0.058697498,0.015402875,-0.000078,7,0.004582431,0.327316502,0.000000000,0.000000,final_hold
real,40.108,0.809799,-1.054039,0.420279,0.784777810,-0.065196599,0.014133667,-0.000078,7,0.004202785,0.300198958,0.000000000,0.000000,final_hold
real,40.128,0.730145,-0.966127,0.379034,0.784788344,-0.071073576,0.012743439,-0.000077,7,0.003790344,0.270738845,0.000000000,0.000000,final_hold
real,40.149,0.644302,-0.869979,0.334433,0.784798470,-0.076288951,0.011245183,-0.000077,7,0.003344326,0.238880406,0.000000000,0.000000,final_hold
real,40.169,0.553066,-0.766529,0.287041,0.784807830,-0.080794985,0.009652829,-0.000076,7,0.002870406,0.205028985,0.000000000,0.000000,final_hold
real,40.190,0.457285,-0.656773,0.237249,0.784816100,-0.084553581,0.007981135,-0.000076,7,0.002372486,0.169463299,0.000000000,0.000000,final_hold
real,40.211,0.357842,-0.541758,0.185460,0.784822995,-0.087532375,0.006245523,-0.000075,7,0.001854600,0.132471409,0.000000000,0.000000,final_hold
real,40.231,0.255624,-0.422565,0.129784,0.784828317,-0.089753014,0.004461488,-0.000074,7,0.001297842,0.092702987,0.000000000,0.000000,final_hold
real,40.252,0.151618,-0.300342,0.078047,0.784831779,-0.091039824,0.002646237,-0.000074,7,0.000780472,0.055748001,0.000000000,0.000000,final_hold
real,40.272,0.046803,-0.176248,0.023144,0.784833389,-0.091542343,0.000816862,-0.000073,7,0.000231441,0.016531524,0.000000000,0.000000,final_hold
real,40.293,-0.057913,-0.051424,-0.044420,0.784833074,-0.091205878,-0.001010772,-0.000073,7,-0.000444200,-0.031728541,0.000000000,0.000000,final_hold
real,40.313,-0.161170,0.072781,-0.099001,0.784830523,-0.089548003,-0.002812954,-0.000072,7,-0.000990005,-0.070714667,0.000000000,0.000000,final_hold
real,40.333,-0.261760,0.195088,-0.151023,0.784826215,-0.087048676,-0.004568581,-0.000072,7,-0.001510227,-0.107873361,0.000000000,0.000000,final_hold
real,40.354,-0.358856,0.314410,-0.200584,0.784820363,-0.083754449,-0.006263224,-0.000071,7,-0.002005838,-0.143274144,0.000000000,0.000000,final_hold
real,40.374,-0.451554,0.429647,-0.248087,0.784813242,-0.079730733,-0.007881101,-0.000071,7,-0.002480867,-0.177204812,0.000000000,0.000000,final_hold
real,40.395,-0.539082,0.539784,-0.293460,0.784805152,-0.075033460,-0.009408763,-0.000070,7,-0.002934601,-0.209614364,0.000000000,0.000000,final_hold
real,40.416,-0.620684,0.643846,-0.334957,0.784796402,-0.069689471,-0.010832982,-0.000070,7,-0.003349567,-0.239254780,0.000000000,0.000000,final_hold
real,40.446,-0.730513,0.786598,-0.390649,0.784782807,-0.060622659,-0.012749853,-0.000069,7,-0.003906493,-0.279035230,0.000000000,0.000000,final_hold
real,40.467,-0.794495,0.871700,-0.422784,0.784773924,-0.053965789,-0.013866547,-0.000069,7,-0.004227842,-0.301988719,0.000000000,0.000000,final_hold
real,40.487,-0.850500,0.947918,-0.450707,0.784765567,-0.046897869,-0.014844026,-0.000068,7,-0.004507066,-0.321933256,0.000000000,0.000000,final_hold
real,40.507,-0.898115,1.014641,-0.474241,0.784758030,-0.039487733,-0.015675067,-0.000068,7,-0.004742408,-0.338743454,0.000000000,0.000000,final_hold
real,40.528,-0.937006,1.071351,-0.493232,0.784751574,-0.031804960,-0.016353833,-0.000067,7,-0.004932320,-0.352308563,0.000000000,0.000000,final_hold
real,40.549,-0.966926,1.117628,-0.508290,0.784746415,-0.023934679,-0.016876046,-0.000067,7,-0.005082901,-0.363064340,0.000000000,0.000000,final_hold
real,40.569,-0.987691,1.153142,-0.517170,0.784742709,-0.015901846,-0.017238468,-0.000066,7,-0.005171702,-0.369407273,0.000000000,0.000000,final_hold
real,40.590,-0.999204,1.177665,-0.522107,0.784740576,-0.007825048,-0.017439401,-0.000066,7,-0.005221073,-0.372933795,0.000000000,0.000000,final_hold
real,40.610,-1.001468,1.191080,-0.522510,0.784740060,0.000239791,-0.017478916,-0.000065,7,-0.005225102,-0.373221566,0.000000000,0.000000,final_hold
real,40.631,-0.994544,1.193359,-0.518268,0.784741157,0.008227286,-0.017358062,-0.000065,7,-0.005182685,-0.370191766,0.000000000,0.000000,final_hold
real,40.651,-0.978612,1.184595,-0.510971,0.784743794,0.016040686,-0.017080010,-0.000064,7,-0.005109714,-0.364979536,0.000000000,0.000000,final_hold
real,40.672,-0.953852,1.164939,-0.496929,0.784747870,0.023693676,-0.016647851,-0.000064,7,-0.004969292,-0.354949411,0.000000000,0.000000,final_hold
real,40.692,-0.920548,1.134657,-0.479151,0.784753214,0.031062494,-0.016066591,-0.000063,7,-0.004791514,-0.342251013,0.000000000,0.000000,final_hold
real,40.722,-0.855403,1.070129,-0.444871,0.784763150,0.041474155,-0.014929607,-0.000063,7,-0.004448713,-0.317765194,0.000000000,0.000000,final_hold
real,40.743,-0.802490,1.015057,-0.417119,0.784770693,0.047907542,-0.014006087,-0.000062,7,-0.004171191,-0.297942194,0.000000000,0.000000,final_hold
real,40.773,-0.710199,0.915800,-0.368957,0.784782697,0.056660912,-0.012395309,-0.000062,7,-0.003689568,-0.263540602,0.000000000,0.000000,final_hold
real,40.794,-0.640921,0.839503,-0.332848,0.784790741,0.061829975,-0.011186186,-0.000061,7,-0.003328480,-0.237748568,0.000000000,0.000000,final_hold
real,40.815,-0.566202,0.755976,-0.293932,0.784798484,0.066414629,-0.009882086,-0.000061,7,-0.002939319,-0.209951344,0.000000000,0.000000,final_hold
real,40.835,-0.486742,0.666035,-0.252536,0.784805652,0.070376735,-0.008495258,-0.000060,7,-0.002525364,-0.180383115,0.000000000,0.000000,final_hold
real,40.855,-0.403285,0.570548,-0.209028,0.784811996,0.073682557,-0.007038651,-0.000060,7,-0.002090280,-0.149305708,0.000000000,0.000000,final_hold
real,40.876,-0.316606,0.470433,-0.163791,0.784817298,0.076303536,-0.005525813,-0.000059,7,-0.001637914,-0.116993858,0.000000000,0.000000,final_hold
real,40.897,-0.227484,0.366632,-0.115161,0.784821405,0.078259433,-0.003970340,-0.000059,7,-0.001151607,-0.082257637,0.000000000,0.000000,final_hold
real,40.917,-0.136736,0.260125,-0.068616,0.784824115,0.079423980,-0.002386495,-0.000058,7,-0.000900615,-0.064329621,0.000000000,0.000000,final_hold
real,40.938,-0.045330,0.151980,-0.022808,0.784825369,0.079830220,-0.000791154,-0.000058,7,-0.000228082,-0.016291605,0.000000000,0.000000,final_hold
real,40.958,0.046008,0.043157,0.034993,0.784825199,0.079569770,0.000802989,-0.000058,7,0.000349927,0.024994753,0.000000000,0.000000,final_hold
real,40.979,0.136182,-0.065207,0.084181,0.784823363,0.078216556,0.002376831,-0.000057,7,0.000841813,0.060129472,0.000000000,0.000000,final_hold
real,40.999,0.224072,-0.171966,0.128487,0.784820146,0.076070623,0.003910799,-0.000057,7,0.001284872,0.091776606,0.000000000,0.000000,final_hold
real,41.020,0.308981,-0.276182,0.172331,0.784815764,0.073262490,0.005392731,-0.000056,7,0.001723307,0.123093373,0.000000000,0.000000,final_hold
real,41.041,0.390119,-0.376894,0.214020,0.784810394,0.069803995,0.006808854,-0.000056,7,0.002140198,0.152871306,0.000000000,0.000000,final_hold
real,41.061,0.466797,-0.473207,0.253764,0.784804269,0.065749233,0.008147151,-0.000056,7,0.002537642,0.181260158,0.000000000,0.000000,final_hold
real,41.091,0.572019,-0.607579,0.307476,0.784794190,0.058621740,0.009983609,-0.000055,7,0.003074763,0.219625909,0.000000000,0.000000,final_hold
real,41.111,0.634783,-0.689295,0.339381,0.784787264,0.053258853,0.011079060,-0.000055,7,0.003393810,0.242414970,0.000000000,0.000000,final_hold
