elapsed_s,degree_deg,cmX_cm,setspeed_cm_s,energy_j,theta_dot_rad_s,theta_rad,x_center_cm,mode,cart_force_cmd_n,hinge_assist_torque_nm
25.44712943900049,0.0,1.2935653879187672e-28,-4.179182985696055e-15,0.7848000000000002,-2.4876089200413075e-17,0.0,0.0,7,-2.9851307040686104e-15,0.0
25.45686929400108,0.0,-1.63741388332313e-27,-1.1359835571159562e-14,0.7848000000000002,-6.761806887830212e-17,0.0,0.0,7,-8.114168265113972e-15,0.0
25.466879717001575,0.0,-7.574044711610978e-27,-1.8880968561806577e-14,0.7848000000000002,-1.123867176371438e-16,0.0,0.0,7,-8.114168265113972e-15,0.0
25.477498879999985,0.0,-1.7787807877487618e-26,-2.6482979319755404e-14,0.7848000000000002,-1.5763678167799604e-16,0.0,0.0,7,-1.8916413799825288e-14,0.0
25.48733274300139,0.0,-3.233922025981437e-26,-3.416294625017034e-14,0.7848000000000002,-2.033508705550775e-16,0.0,0.0,7,-1.8916413799825288e-14,0.0
25.49827087400081,0.0,-5.1272461612994723e-26,-4.1945514157611765e-14,0.7848000000000002,-2.496756795335863e-16,0.0,0.0,7,-2.996108154115126e-14,0.0
25.507713132999925,0.0,-7.419952854375417e-26,-4.9857403666173725e-14,0.7848000000000002,-2.967702599472353e-16,0.0,0.0,7,-2.996108154115126e-14,0.0
25.51849041800051,0.0,-1.020816067731665e-25,-5.792928555090741e-14,0.7848000000000002,-3.4481717593380465e-16,0.0,0.0,7,-4.1378061107791006e-14,0.0
25.528771338000297,0.0,-1.345631252600719e-25,-6.618940772771335e-14,0.7848000000000002,-3.939845698493555e-16,0.0,0.0,7,-4.72781483769381e-14,0.0
25.538475434999782,0.0,-1.7174946257100998e-25,-7.466734079963326e-14,0.7848000000000002,-4.4444845718834e-16,0.0,0.0,7,-4.72781483769381e-14,0.0
25.548903651000728,0.0,-2.137628046320332e-25,-8.339347652320489e-14,0.7848000000000002,-4.96389741263519e-16,0.0,0.0,7,-5.956676894514635e-14,0.0
25.559649087999787,0.0,-2.6074263992381457e-25,-9.239903700137214e-14,0.7848000000000002,-5.499942679257734e-16,0.0,0.0,7,-6.599931214383724e-14,0.0
25.56915692900111,0.0,-3.128462315655954e-25,-1.0171617594528149e-13,0.7848000000000002,-6.054534283129027e-16,0.0,0.0,7,-6.599931214383724e-14,0.0
25.580120552000153,0.0,-3.7024914363332054e-25,-1.1137809254138204e-13,0.7848000000000002,-6.629648366299853e-16,0.0,0.0,7,-7.955578038670145e-14,0.0
25.590050307000638,0.0,-4.331458247934486e-25,-1.2141914982059997e-13,0.7848000000000002,-7.227330347277973e-16,0.0,0.0,7,-8.672796415757141e-14,0.0
25.60018665500138,0.0,-5.01750268357663e-25,-1.3187499704530965e-13,0.7848000000000002,-7.849702205966876e-16,0.0,0.0,7,-8.672796415757141e-14,0.0
25.610877965000327,0.0,-5.76296735199935e-25,-1.4278269645398848e-13,0.7848000000000002,-8.498970027990486e-16,0.0,0.0,7,-1.0198764032427748e-13,0.0
25.62070163000135,0.0,-6.570405549433816e-25,-1.541808548045409e-13,0.7848000000000002,-9.177431834652918e-16,0.0,0.0,7,-1.0198764032427748e-13,0.0
25.631320653999865,0.0,-7.442590011028311e-25,-1.66109760182721e-13,0.7848000000000002,-9.88748572629696e-16,0.0,0.0,7,-1.1864982870194356e-13,0.0
25.641238257001532,0.0,-8.382522290897447e-25,-1.7861152456095855e-13,0.7848000000000002,-1.0631638367948507e-15,0.0,0.0,7,-1.1864982870194356e-13,0.0
25.651728771999842,0.0,-9.39344316522534e-25,-1.9173023261261354e-13,0.7848000000000002,-1.141251384730787e-15,0.0,0.0,7,-1.3695016615186683e-13,0.0
25.6620420979998,0.0,-1.0478843774925903e-24,-2.0551209730809885e-13,0.7848000000000002,-1.223286293642376e-15,0.0,0.0,7,-1.4679435522007061e-13,0.0
25.67147423100141,0.0,-1.1642477618793783e-24,-2.2000562284258502e-13,0.7848000000000002,-1.3095572789770967e-15,0.0,0.0,7,-1.4679435522007061e-13,0.0
25.681857609000872,0.0,-1.2888373692968835e-24,-2.352617754702164e-13,0.7848000000000002,-1.4003677112953697e-15,0.0,0.0,7,-1.6804412533586884e-13,0.0
25.69248396600051,0.0,-1.4220850160416483e-24,-2.5133416284701305e-13,0.7848000000000002,-1.4960366837878274e-15,0.0,0.0,7,-1.7952440203358074e-13,0.0
25.702800086000934,0.0,-1.5644529598129896e-24,-2.6827922251400005e-13,0.7848000000000002,-1.5969001341987086e-15,0.0,0.0,7,-1.9162801608142859e-13,0.0
25.712987627000985,0.0,-1.716435468806646e-24,-2.861564201837092e-13,0.7848000000000002,-1.7033120251026488e-15,0.0,0.0,7,-2.0439744298836371e-13,0.0
25.722454960001414,0.0,-1.878560562139145e-24,-3.0502845852712e-13,0.7848000000000002,-1.8156455866840956e-15,0.0,0.0,7,-2.0439744298836371e-13,0.0
25.733238392000203,-2.5444437451708134e-14,-2.051391831623461e-24,-4.959358429867689e-13,0.7848000000000002,-1.9342946263851345e-15,-4.440892098500626e-16,0.0,7,-3.5423988784769207e-13,0.0
25.74368777000018,-2.5444437451708134e-14,-2.323452948020919e-24,-5.17159188160339e-13,0.7848000000000002,-2.0606240620650395e-15,-4.440892098500626e-16,0.0,7,-3.693994201145278e-13,0.0
25.753980143001172,-2.5444437451708134e-14,-2.6173132987618344e-24,-5.397017098228918e-13,0.7848000000000002,-2.1948057386591848e-15,-4.440892098500626e-16,0.0,7,-3.8550122130206557e-13,0.0
25.76390850200005,-2.5444437451708134e-14,-2.9239543400156434e-24,-5.63539808959476e-13,0.7848000000000002,-2.336699185919814e-15,-4.440892098500626e-16,0.0,7,-4.025284349710542e-13,0.0
25.774314858001162,-2.5444437451708134e-14,-3.2441160972671523e-24,-5.887460380033542e-13,0.7848000000000002,-2.4867362635805743e-15,-4.440892098500626e-16,0.0,7,-4.205328842881101e-13,0.0
25.784564278999824,-2.5444437451708134e-14,-3.578574479311595e-24,-6.154074825695098e-13,0.7848000000000002,-2.6454353383986383e-15,-4.440892098500626e-16,0.0,7,-4.205328842881101e-13,0.0
25.79493759900106,-2.5444437451708134e-14,-3.9281542057127145e-24,-6.436173371414443e-13,0.7848000000000002,-2.8133511394426655e-15,-4.440892098500626e-16,0.0,7,-4.597266693867459e-13,0.0
25.805251624000448,-2.5444437451708134e-14,-4.293732839854146e-24,-6.734743006199009e-13,0.7848000000000002,-2.9910711601695504e-15,-4.440892098500626e-16,0.0,7,-4.810530718713578e-13,0.0
25.815535756000827,-2.5444437451708134e-14,-4.676243865496936e-24,-7.050828225307123e-13,0.7848000000000002,-3.1792171239474195e-15,-4.440892098500626e-16,0.0,7,-4.810530718713578e-13,0.0
25.826181460000953,-2.5444437451708134e-14,-5.076680039438405e-24,-7.385534579182107e-13,0.7848000000000002,-3.378447096516422e-15,-4.440892098500626e-16,0.0,7,-5.275381842272934e-13,0.0
25.836330658001316,-2.5444437451708134e-14,-5.49609678854441e-24,-7.740032529646227e-13,0.7848000000000002,-3.5894577813422785e-15,-4.440892098500626e-16,0.0,7,-5.528594664033019e-13,0.0
25.846774798001206,-2.5444437451708134e-14,-5.935615951908265e-24,-8.115561542401681e-13,0.7848000000000002,-3.812986955628767e-15,-4.440892098500626e-16,0.0,7,-5.796829673144057e-13,0.0
25.85698489800052,-2.5444437451708134e-14,-6.3964296117565146e-24,-8.513434421150865e-13,0.7848000000000002,-4.049816050151218e-15,-4.440892098500626e-16,0.0,7,-6.081024586536332e-13,0.0
25.867023467000763,-2.5444437451708134e-14,-6.879804328645918e-24,-8.935041897534088e-13,0.7848000000000002,-4.300772881362294e-15,-4.440892098500626e-16,0.0,7,-6.38217278395292e-13,0.0
25.87770164700123,-5.088887490341627e-14,-7.387085514711088e-24,-1.1091600950755007e-12,0.7848000000000002,-4.5667345452626464e-15,-8.881784197001252e-16,0.0,7,-7.922572107682147e-13,0.0
25.88744555300036,-5.088887490341627e-14,-8.007624663951721e-24,-1.1566780701599301e-12,0.7848000000000002,-4.8495796351930724e-15,-8.881784197001252e-16,0.0,7,-7.922572107682147e-13,0.0
25.897931179000807,-5.088887490341627e-14,-8.664867923529713e-24,-1.2071530341390693e-12,0.7848000000000002,-5.150025849406332e-15,-8.881784197001252e-16,0.0,7,-8.622521672421923e-13,0.0
25.908006694000505,-5.088887490341627e-14,-9.350725455836698e-24,-1.260658817008953e-12,0.7848000000000002,-5.4685126522439445e-15,-8.881784197001252e-16,0.0,7,-8.622521672421923e-13,0.0
25.91856097500022,-5.088887490341627e-14,-1.0066921237494943e-23,-1.3173714656635833e-12,0.7848000000000002,-5.806087941896411e-15,-8.881784197001252e-16,0.0,7,-9.409796183311308e-13,0.0
25.928711989001386,-5.088887490341627e-14,-1.0815273839410016e-23,-1.3774879866282608e-12,0.7848000000000002,-6.163924376253827e-15,-8.881784197001252e-16,0.0,7,-9.839199904487576e-13,0.0
25.93852364200029,-5.088887490341627e-14,-1.1597712933685222e-23,-1.4412183052090288e-12,0.7848000000000002,-6.543271510709589e-15,-8.881784197001252e-16,0.0,7,-9.839199904487576e-13,0.0
25.948998023000968,-5.088887490341627e-14,-1.2416287113205336e-23,-1.508785068304452e-12,0.7848000000000002,-6.945454624421993e-15,-8.881784197001252e-16,0.0,7,-1.0777036202174657e-12,0.0
25.95944663299997,-7.63333123551244e-14,-1.3273171247764523e-23,-1.7513986688899822e-12,0.7848000000000002,-7.371878760148223e-15,-1.3322676295501878e-15,0.0,7,-1.25099904920713e-12,0.0
25.96925989200099,-7.63333123551244e-14,-1.425859657890474e-23,-1.827520134482169e-12,0.7848000000000002,-7.8249827221695e-15,-1.3322676295501878e-15,0.0,7,-1.25099904920713e-12,0.0
25.980069654000545,-7.63333123551244e-14,-1.5296942456517248e-23,-1.908344247479558e-12,0.7848000000000002,-8.306078632942087e-15,-1.3322676295501878e-15,0.0,7,-1.36310303391397e-12,0.0
25.99007176499981,-7.63333123551244e-14,-1.6376490539209446e-23,-1.994039018430791e-12,0.7848000000000002,-8.816166555333e-15,-1.3322676295501878e-15,0.0,7,-1.424313584593422e-12,0.0
26.00035352300074,-7.63333123551244e-14,-1.750924490365456e-23,-2.0849148455906663e-12,0.7848000000000002,-9.357094098019484e-15,-1.3322676295501878e-15,0.0,7,-1.4892248897076188e-12,0.0
26.01066782700036,-1.0177774980683254e-13,-1.869352393506094e-23,-2.352253622323704e-12,0.7848000000000002,-9.930691901308705e-15,-1.7763568394002505e-15,0.0,7,-1.6801811588026455e-12,0.0
26.021004271000493,-1.0177774980683254e-13,-2.000508707375283e-23,-2.454562340935933e-12,0.7848000000000002,-1.0539672369414289e-14,-1.7763568394002505e-15,0.0,7,-1.753258814954238e-12,0.0
26.031050313000378,-1.0177774980683254e-13,-2.1399695118494588e-23,-2.5631997420984473e-12,0.7848000000000002,-1.1186323566910145e-14,-1.7763568394002505e-15,0.0,7,-1.830856958641748e-12,0.0
26.041089790000115,-1.0177774980683254e-13,-2.2855890638512212e-23,-2.6784138259683917e-12,0.7848000000000002,-1.1872121685269902e-14,-1.7763568394002505e-15,0.0,7,-1.830856958641748e-12,0.0
26.051782567001283,-1.2722218725854067e-13,-2.43774095607237e-23,-2.9715661637742574e-12,0.7848000000000002,-1.2599371637821053e-14,-2.220446049250313e-15,0.0,7,-2.1225472598387553e-12,0.0
26.06164736900064,-1.2722218725854067e-13,-2.6039373077816412e-23,-3.101249936724884e-12,0.7848000000000002,-1.3371298857960271e-14,-2.220446049250313e-15,0.0,7,-2.1225472598387553e-12,0.0
26.072158138000304,-1.2722218725854067e-13,-2.780137731194675e-23,-3.238926484190155e-12,0.7848000000000002,-1.4190802116803811e-14,-2.220446049250313e-15,0.0,7,-2.313518917278682e-12,0.0
26.082602837001104,-1.526666247102488e-13,-2.964143286398928e-23,-3.555916773367888e-12,0.7848000000000002,-1.5059944637064142e-14,-2.6645352591003757e-15,0.0,7,-2.5399405524056344e-12,0.0
26.09308036100083,-1.526666247102488e-13,-3.165219785675708e-23,-3.710925949545384e-12,0.7848000000000002,-1.5982618305008273e-14,-2.6645352591003757e-15,0.0,7,-2.6506613925324173e-12,0.0
26.102486094001506,-1.526666247102488e-13,-3.375175289149679e-23,-3.875400046367886e-12,0.7848000000000002,-1.696163078622574e-14,-2.6645352591003757e-15,0.0,7,-2.6506613925324173e-12,0.0
26.112929815000825,-1.7811106216195694e-13,-3.595341299365547e-23,-4.220827285846844e-12,0.7848000000000002,-1.8000040867826315e-14,-3.1086244689504383e-15,0.0,7,-2.7681428902627756e-12,0.0
26.123499459999948,-1.7811106216195694e-13,-3.832216724617535e-23,-4.405949716311239e-12,0.7848000000000002,-1.9101960097015773e-14,-3.1086244689504383e-15,0.0,7,-3.1471069402223133e-12,0.0
26.13378254500094,-2.0355549961366507e-13,-4.0825381341154434e-23,-4.7734073686803684e-12,0.7848000000000002,-2.0271503588710443e-14,-3.552713678800501e-15,0.0,7,-3.409576691914549e-12,0.0
26.143880409999838,-2.0355549961366507e-13,-4.3506914564416426e-23,-4.981903434580662e-12,0.7848000000000002,-2.1512551600274886e-14,-3.552713678800501e-15,0.0,7,-3.5585024532719016e-12,0.0
26.15371874199991,-2.2899993706537323e-13,-4.6325504994111104e-23,-5.374122323824154e-12,0.7848000000000002,-2.28294834067116e-14,-3.9968028886505635e-15,0.0,7,-3.838658802731538e-12,0.0
26.164007065000987,-2.2899993706537323e-13,-4.9369363845521187e-23,-5.608960179371225e-12,0.7848000000000002,-2.4227327785253993e-14,-3.9968028886505635e-15,0.0,7,-4.0064001281223035e-12,0.0
26.174399592000555,-2.5444437451708134e-13,-5.255612765036827e-23,-6.029100892094423e-12,0.7848000000000002,-2.5710460921945076e-14,-4.440892098500626e-15,0.0,7,-4.306500637210302e-12,0.0
26.184561013000348,-2.5444437451708134e-13,-5.597207858292049e-23,-6.293517786756913e-12,0.7848000000000002,-2.7284371009524082e-14,-4.440892098500626e-15,0.0,7,-4.495369847683509e-12,0.0
26.194379370001116,-2.7988881196878945e-13,-5.954770663783084e-23,-6.74502613468227e-12,0.7848000000000002,-2.895421626053602e-14,-4.884981308350689e-15,0.0,7,-4.495369847683509e-12,0.0
26.20466043000124,-3.053332494204976e-13,-6.33703065712254e-23,-7.213687091486715e-12,0.7848000000000002,-3.072616037403014e-14,-5.329070518200751e-15,0.0,7,-5.152633636776225e-12,0.0
26.214962441999887,-3.053332494204976e-13,-6.745936904559078e-23,-7.529668957786293e-12,0.7848000000000002,-3.2607004816642815e-14,-5.329070518200751e-15,0.0,7,-5.3783349698473524e-12,0.0
26.225069105999864,-3.3077768687220577e-13,-7.173733901541027e-23,-8.035874838486412e-12,0.7848000000000002,-3.460243061992685e-14,-5.773159728050814e-15,0.0,7,-5.3783349698473524e-12,0.0
26.235942983001223,-3.562221243239139e-13,-7.629329197197431e-23,-8.562547093102885e-12,0.7848000000000002,-3.6719680077582654e-14,-6.217248937900877e-15,0.0,7,-6.1161050665020604e-12,0.0
26.24615943900062,-3.81666561775622e-13,-8.114859815720538e-23,-9.111029929251932e-12,0.7848000000000002,-3.896675442534253e-14,-6.661338147750939e-15,0.0,7,-6.507878520894237e-12,0.0
26.256399641000826,-4.0711099922733015e-13,-8.631561783819692e-23,-9.682651988106059e-12,0.7848000000000002,-4.1351562241603405e-14,-7.105427357601002e-15,0.0,7,-6.507878520894237e-12,0.0
26.266668756999934,-4.325554366790383e-13,-9.180747000846103e-23,-1.0278812954787901e-11,0.7848000000000002,-4.388243498542833e-14,-7.549516567451064e-15,0.0,7,-7.342009253419929e-12,0.0
26.277373826000257,-4.579998741307465e-13,-9.82245059003191e-23,-1.0947591481654073e-11,0.7848000000000002,-4.6845555111337205e-14,-7.993605777301127e-15,0.0,7,-7.81970820118148e-12,0.0
26.287373563000074,-4.834443115824545e-13,-1.0380791358278752e-22,-1.1550725803246492e-11,0.7848000000000002,-4.9417935920142845e-14,-8.43769498715119e-15,0.0,7,-8.250518430890352e-12,0.0
26.297182701000565,-5.088887490341627e-13,-1.103293312340801e-22,-1.2229708158402057e-11,0.7848000000000002,-5.244179311920349e-14,-8.881784197001252e-15,0.0,7,-8.250518430890352e-12,0.0
26.308042051001394,-5.343331864858708e-13,-1.1726825217839736e-22,-1.2939793817877842e-11,0.7848000000000002,-5.5650789034515124e-14,-9.325873406851315e-15,0.0,7,-9.242709869912744e-12,0.0
26.31798975499987,-5.852220613892871e-13,-1.2461050721170408e-22,-1.3853788292294133e-11,0.7848000000000002,-5.905582345667561e-14,-1.021405182655144e-14,0.0,7,-9.242709869912744e-12,0.0
26.32864838000023,-6.106664988409952e-13,-1.324626940826036e-22,-1.4631891336585383e-11,0.7848000000000002,-6.266968475793989e-14,-1.0658141036401503e-14,0.0,7,-1.0451350954703845e-11,0.0
26.3384767940006,-6.615553737444115e-13,-1.4076654247592652e-22,-1.5618124974054976e-11,0.7848000000000002,-6.650471419834131e-14,-1.1546319456101628e-14,0.0,7,-1.0451350954703845e-11,0.0
26.34900209100124,-6.869998111961196e-13,-1.496212750007871e-22,-1.6472846778306033e-11,0.7848000000000002,-7.057463954704292e-14,-1.199040866595169e-14,0.0,7,-1.1766319127361453e-11,0.0
26.359533533001013,-7.378886860995359e-13,-1.5897111004039982e-22,-1.754033631469563e-11,0.7848000000000002,-7.489333505250386e-14,-1.2878587085651816e-14,0.0,7,-1.2528811653354022e-11,0.0
26.369637543000863,-7.887775610029521e-13,-1.6891789868841521e-22,-1.8652208234298488e-11,0.7848000000000002,-7.947621141055131e-14,-1.3766765505351941e-14,0.0,7,-1.3323005881641779e-11,0.0
26.379983556000298,-8.396664359063685e-13,-1.7949657139017205e-22,-1.9811253734498754e-11,0.7848000000000002,-8.433988289125023e-14,-1.4654943925052066e-14,0.0,7,-1.4150895524641967e-11,0.0
26.390202945000055,-8.905553108097847e-13,-1.9073386832154674e-22,-2.1020336093446367e-11,0.7848000000000002,-8.950139281691188e-14,-1.554312234475219e-14,0.0,7,-1.4150895524641967e-11,0.0
26.40062026600026,-9.414441857132009e-13,-2.0265815818286857e-22,-2.2282483479547128e-11,0.7848000000000002,-9.497876599947648e-14,-1.6431300764452317e-14,0.0,7,-1.5916059628247948e-11,0.0
26.41086465800072,-9.923330606166172e-13,-2.1529952860237926e-22,-2.360090835167368e-11,0.7848000000000002,-1.0079112421795e-13,-1.7319479184152442e-14,0.0,7,-1.6857791679766915e-11,0.0
26.42111107600067,-1.0432219355200335e-12,-2.2868988600602336e-22,-2.4979019614722115e-11,0.7848000000000002,-1.0695875857290683e-13,-1.8207657603852567e-14,0.0,7,-1.7842156867658654e-11,0.0
26.431210407001345,-1.1195552478751578e-12,-2.428630718955463e-22,-2.6591408966036602e-11,0.7848000000000002,-1.1350320091882507e-13,-1.9539925233402755e-14,0.0,7,-1.7842156867658654e-11,0.0
26.441737099999955,-1.1958885602302823e-12,-2.5794289877888337e-22,-2.8271099954546026e-11,0.7848000000000002,-1.2044824824820328e-13,-2.0872192862952943e-14,0.0,7,-2.019364282467573e-11,0.0
26.45149832700008,-1.2467774351336986e-12,-2.739772855384056e-22,-2.9851305703874294e-11,0.7848000000000002,-1.2781882597414336e-13,-2.1760371282653068e-14,0.0,7,-2.019364282467573e-11,0.0
26.461950429000353,-1.348555184940531e-12,-2.909188364642944e-22,-3.184912439610322e-11,0.7848000000000002,-1.3563978614834285e-13,-2.353672812205332e-14,0.0,7,-2.274937456864516e-11,0.0
26.47195861700129,-1.4248884972956555e-12,-3.0897653437875027e-22,-3.375642587287927e-11,0.7848000000000002,-1.4393965781291702e-13,-2.4868995751603507e-14,0.0,7,-2.274937456864516e-11,0.0
26.48236811500101,-1.50122180965078e-12,-3.2812760108090716e-22,-3.5749109345330524e-11,0.7848000000000002,-1.5274775564220748e-13,-2.6201263381153694e-14,0.0,7,-2.4111732766342337e-11,0.0
26.493464159000723,-1.6029995594576124e-12,-3.4841067371572535e-22,-3.8003223408113515e-11,0.7848000000000002,-1.6209428349857283e-13,-2.7977620220553945e-14,0.0,7,-2.714515957722394e-11,0.0
26.50269060700157,-1.704777309264445e-12,-3.6983616966477474e-22,-4.035309669669961e-11,0.7848000000000002,-1.7201080674674425e-13,-2.9753977059954195e-14,0.0,7,-2.714515957722394e-11,0.0
26.513131534000422,-1.8065550590712775e-12,-3.9272575327304653e-22,-4.280527102422422e-11,0.7848000000000002,-1.825362647506957e-13,-3.1530333899354446e-14,0.0,7,-2.8823640497642576e-11,0.0
26.523824591000448,-1.90833280887811e-12,-4.170085895644173e-22,-4.53656875559172e-11,0.7848000000000002,-1.937060215890196e-13,-3.3306690738754696e-14,0.0,7,-3.240406253994086e-11,0.0
26.533846746000563,-2.0355549961366507e-12,-4.427460620147328e-22,-4.8211836552086495e-11,0.7848000000000002,-2.0555886246720882e-13,-3.552713678800501e-14,0.0,7,-3.240406253994086e-11,0.0
26.54411111400077,-2.1627771833951915e-12,-4.700911594680523e-22,-5.1179851010628265e-11,0.7848000000000002,-2.1813709300257305e-13,-3.774758283725532e-14,0.0,7,-3.443702610863321e-11,0.0
26.55456531100026,-2.289999370653732e-12,-4.991227380381838e-22,-5.42772217496467e-11,0.7848000000000002,-2.3148530139802684e-13,-3.9968028886505635e-14,0.0,7,-3.6557036436163047e-11,0.0
26.56512874100008,-2.4172215579122727e-12,-5.299141330747755e-22,-5.751178918293001e-11,0.7848000000000002,-2.4565015678325423e-13,-4.218847493575595e-14,0.0,7,-4.1079849416378576e-11,0.0
26.575037264001367,-2.5698881826225217e-12,-5.625431297340703e-22,-6.106283636184896e-11,0.7848000000000002,-2.6068111573908417e-13,-4.4853010194856324e-14,0.0,7,-4.1079849416378576e-11,0.0
26.58546429300077,-2.7225548073327702e-12,-5.971801478462335e-22,-6.47683641374454e-11,0.7848000000000002,-2.7663160205631003e-13,-4.75175454539567e-14,0.0,7,-4.361631168703497e-11,0.0
26.59592358900045,-2.9006658694947273e-12,-6.339225353713246e-22,-6.880881598724544e-11,0.7848000000000002,-2.93557979614214e-13,-5.062616992290714e-14,0.0,7,-4.914915427660388e-11,0.0
26.606193683001038,-3.078776931656684e-12,-6.729511610755151e-22,-7.302331619640665e-11,0.7848000000000002,-3.115203593114089e-13,-5.3734794391857577e-14,0.0,7,-5.21595115688619e-11,0.0
26.616462590000083,-3.256887993818641e-12,-7.143744655653689e-22,-7.74225148766505e-11,0.7848000000000002,-3.3058213466995993e-13,-5.684341886080802e-14,0.0,7,-5.530179634046465e-11,0.0
26.626968680000573,-3.4604434934323064e-12,-7.5829716413071175e-22,-8.218857785642524e-11,0.7848000000000002,-3.508099216580521e-13,-6.039613253960852e-14,0.0,7,-5.870612704030373e-11,0.0
26.637032252001518,-3.689443430497679e-12,-8.049182396773644e-22,-8.733352919947515e-11,0.7848000000000002,-3.7227529208380184e-13,-6.439293542825908e-14,0.0,7,-6.238109228533938e-11,0.0
26.64743811900007,-3.9184433675630525e-12,-8.54453258229554e-22,-9.269925759261412e-11,0.7848000000000002,-3.950548116175088e-13,-6.838973831690964e-14,0.0,7,-6.62137554232958e-11,0.0
26.65757963500073,-4.147443304628426e-12,-9.070371484497762e-22,-9.829924900780524e-11,0.7848000000000002,-4.192287539017134e-13,-7.238654120556021e-14,0.0,7,-6.62137554232958e-11,0.0
26.668224011000348,-4.4018876791455075e-12,-9.628027254843885e-22,-1.0431866847463946e-10,0.7848000000000002,-4.4488158729235624e-13,-7.682743330406083e-14,0.0,7,-7.451333462474246e-11,0.0
26.678222211001412,-4.6817764911142965e-12,-1.0219787760353011e-21,-1.1077272180928675e-10,0.7848000000000002,-4.721038226000898e-13,-8.171241461241152e-14,0.0,7,-7.451333462474246e-11,0.0
26.688448236000113,-4.961665303083086e-12,-1.0848124735744019e-21,-1.17506674041119e-10,0.7848000000000002,-5.009921227723466e-13,-8.659739592076221e-14,0.0,7,-7.91233727209191e-11,0.0
26.699299343999883,-5.266998552503584e-12,-1.1514722638863272e-21,-1.2470856830647223e-10,0.7848000000000002,-5.316480877527454e-13,-9.192646643896296e-14,0.0,7,-8.90775487903373e-11,0.0
26.709260598001492,-5.572331801924081e-12,-1.222214437150675e-21,-1.3222558221374896e-10,0.7848000000000002,-5.641797648877907e-13,-9.725553695716371e-14,0.0,7,-8.90775487903373e-11,0.0
26.719515536000472,-5.9285539262479955e-12,-1.2972274137412908e-21,-1.4041885943899022e-10,0.7848000000000002,-5.98701410037261e-13,-1.0347278589506459e-13,0.0,7,-9.444684443839212e-11,0.0
26.72992356800023,-6.284776050571909e-12,-1.3768765826698758e-21,-1.4896702898198774e-10,0.7848000000000002,-6.353355094595664e-13,-1.0969003483296547e-13,0.0,7,-1.0029918531356444e-10,0.0
26.740293816001213,-6.666442612347531e-12,-1.461382676052953e-21,-1.5806278036458251e-10,0.7848000000000002,-6.742113201548253e-13,-1.163513729807164e-13,0.0,7,-1.0640502070141981e-10,0.0
26.75088148100076,-7.073553611574861e-12,-1.5510471321574473e-21,-1.677290972840748e-10,0.7848000000000002,-7.154656498451604e-13,-1.234568003383174e-13,0.0,7,-1.1980649806005342e-10,0.0
26.761030190000383,-7.506109048253899e-12,-1.6461941892237122e-21,-1.7799045106408378e-10,0.7848000000000002,-7.59244161171193e-13,-1.3100631690576847e-13,0.0,7,-1.2713603647434556e-10,0.0
26.771159833000638,-7.964108922384646e-12,-1.747161951773547e-21,-1.8887280320651054e-10,0.7848000000000002,-8.057013868823534e-13,-1.389999226830696e-13,0.0,7,-1.3490914514750752e-10,0.0
26.781598315001247,-8.472997671418809e-12,-1.8543032526773975e-21,-2.0057466157550854e-10,0.7848000000000002,-8.550012169689079e-13,-1.4788170688007085e-13,0.0,7,-1.4326761541107753e-10,0.0
26.79136240600019,-8.98188642045297e-12,-1.9680744536487332e-21,-2.1278343769646982e-10,0.7848000000000002,-9.073184146272742e-13,-1.567634910770721e-13,0.0,7,-1.4326761541107753e-10,0.0
26.801765549000265,-9.54166404439055e-12,-2.088782470804605e-21,-2.2587200523591752e-10,0.7848000000000002,-9.628370570890522e-13,-1.6653345369377348e-13,0.0,7,-1.519881697831927e-10,0.0
26.81201036099992,-1.010144166832813e-11,-2.216908075108155e-21,-2.395313205540567e-10,0.7848000000000002,-1.0217530077579623e-12,-1.7630341631047486e-13,0.0,7,-1.6133714659708394e-10,0.0
26.822793652001565,-1.0737552604620832e-11,-2.3527943920230738e-21,-2.543090910526251e-10,0.7848000000000002,-1.0842733164217046e-12,-1.8740564655672642e-13,0.0,7,-1.8164935075187509e-10,0.0
26.833528614000898,-1.1399107978365244e-11,-2.4970484986097603e-21,-2.699005381051121e-10,0.7848000000000002,-1.1506192334679464e-12,-1.9895196601282805e-13,0.0,7,-1.9278609864650865e-10,0.0
26.843610415000512,-1.2086107789561364e-11,-2.6492611161601008e-21,-2.8634280515407624e-10,0.7848000000000002,-1.221011850816151e-12,-2.1094237467877974e-13,0.0,7,-2.0453057511005446e-10,0.0
26.85388609599977,-1.28239964756609e-11,-2.8116972221051673e-21,-3.0385269814261967e-10,0.7848000000000002,-1.295723975594272e-12,-2.2382096176443156e-13,0.0,7,-2.1703764153044263e-10,0.0
26.863597037001455,-1.3612774036663852e-11,-2.984062744245623e-21,-3.224727979619827e-10,0.7848000000000002,-1.375009065487379e-12,-2.375877272697835e-13,0.0,7,-2.1703764153044263e-10,0.0
26.87427850000131,-1.445244047257022e-11,-3.1669887334403194e-21,-3.4224991512463406e-10,0.7848000000000002,-1.45914575449858e-12,-2.5224267119483557e-13,0.0,7,-2.4446422508902434e-10,0.0
26.884110337001403,-1.5342995783380006e-11,-3.360002643074369e-21,-3.6323105854022625e-10,0.7848000000000002,-1.5484138575658645e-12,-2.6778579353958776e-13,0.0,7,-2.4446422508902434e-10,0.0
26.894696186000147,-1.62589955316415e-11,-3.566048807492998e-21,-3.853035545380504e-10,0.7848000000000002,-1.6431604025185504e-12,-2.8377300509419e-13,0.0,7,-2.7521682467003603e-10,0.0
26.904714571001023,-1.7276773029709822e-11,-3.784626170017115e-21,-4.090341697989813e-10,0.7848000000000002,-1.7437058872332392e-12,-3.015365734881925e-13,0.0,7,-2.7521682467003603e-10,0.0
26.915498631000446,-1.8319994965229855e-11,-4.0166486278986824e-21,-4.3396941136848317e-10,0.7848000000000002,-1.850404062203726e-12,-3.197442310920451e-13,0.0,7,-3.0997815097748794e-10,0.0
26.925234086000273,-1.9439550213105014e-11,-4.262829225567957e-21,-4.605144022992098e-10,0.7848000000000002,-1.963630965293322e-12,-3.3928415632544784e-13,0.0,7,-3.0997815097748794e-10,0.0
26.93586756700097,-2.0635438773335296e-11,-4.524063334036315e-21,-4.887361871457342e-10,0.7848000000000002,-2.083785671231854e-12,-3.601563491884008e-13,0.0,7,-3.490972765326673e-10,0.0
26.945781119000458,-2.1907660645920704e-11,-4.8013038770824236e-21,-5.187060728971611e-10,0.7848000000000002,-2.21129262638312e-12,-3.823608096809039e-13,0.0,7,-3.705043377836865e-10,0.0
26.95614026200019,-2.3230771393409525e-11,-5.095544208552976e-21,-5.503287251059118e-10,0.7848000000000002,-2.3466020682365457e-12,-4.0545344859310717e-13,0.0,7,-3.930919465042227e-10,0.0
26.966499824000493,-2.4655659890705182e-11,-5.4077326124623405e-21,-5.840261509734858e-10,0.7848000000000002,-2.490190535541573e-12,-4.303224443447107e-13,0.0,7,-4.1716153640963265e-10,0.0
26.976767474001463,-2.6156881700355962e-11,-5.7390288582294215e-21,-6.197124952565649e-10,0.7848000000000002,-2.6425646896227186e-12,-4.565237077258644e-13,0.0,7,-4.1716153640963265e-10,0.0
26.987107340000875,-2.7759881259813574e-11,-6.090572621408145e-21,-6.576490612066574e-10,0.7848000000000002,-2.8042622025377987e-12,-4.845013279464183e-13,0.0,7,-4.697493294333268e-10,0.0
26.997010765000596,-2.946465856907802e-11,-6.463632890156376e-21,-6.979317137449184e-10,0.7848000000000002,-2.9758536988176675e-12,-5.142553050063725e-13,0.0,7,-4.697493294333268e-10,0.0
27.007496740001443,-3.1271213628149294e-11,-6.859542786392485e-21,-7.406622250147602e-10,0.7848000000000002,-3.15794496503034e-12,-5.45785638905727e-13,0.0,7,-4.985226526749417e-10,0.0
27.01799039800062,-3.317954643702741e-11,-7.279693133739075e-21,-7.859485360091325e-10,0.7848000000000002,-3.3511785070863143e-12,-5.790923296444817e-13,0.0,7,-5.613918114350946e-10,0.0
27.027984059001028,-3.521510143316406e-11,-7.725535946181435e-21,-8.340760979225818e-10,0.7848000000000002,-3.556235734799687e-12,-6.146194664324867e-13,0.0,7,-5.613918114350946e-10,0.0
27.038403754000683,-3.737787861655925e-11,-8.198676112637407e-21,-8.85166481678657e-10,0.7848000000000002,-3.773840284620348e-12,-6.52367049269742e-13,0.0,7,-5.957686413732727e-10,0.0
27.04887380600121,-3.9667877987212983e-11,-8.700797110241478e-21,-9.393487312861225e-10,0.7848000000000002,-4.0047602756481975e-12,-6.923350781562476e-13,0.0,7,-6.709633794900875e-10,0.0
27.058973066999897,-4.2085099545125254e-11,-9.233655652712397e-21,-9.967597119785661e-10,0.7848000000000002,-4.249810381892786e-12,-7.345235530920036e-13,0.0,7,-7.119712228418329e-10,0.0
27.06919071000084,-4.4654987727747776e-11,-9.799086067584565e-21,-1.0577155516561707e-09,0.7848000000000002,-4.509854612606545e-12,-7.793765632868599e-13,0.0,7,-7.555111083258362e-10,0.0
27.079739333999896,-4.740298697253225e-11,-1.0399092834009841e-20,-1.1225413317990507e-09,0.7848000000000002,-4.78581027216066e-12,-8.273381979506667e-13,0.0,7,-8.018152369993218e-10,0.0
27.089478630001395,-5.0303652842026984e-11,-1.103586550674369e-20,-1.1912297908641634e-09,0.7848000000000002,-5.0786518415241224e-12,-8.779643678735738e-13,0.0,7,-8.018152369993218e-10,0.0
27.100214220001362,-5.3382429773683663e-11,-1.1711608342384503e-20,-1.2641254859565176e-09,0.7848000000000002,-5.389412551406588e-12,-9.316991622654314e-13,0.0,7,-9.029467756832269e-10,0.0
27.110449533000065,-5.663931776750231e-11,-1.2428702140814716e-20,-1.341412567512787e-09,0.7848000000000002,-5.719188535359916e-12,-9.885425811262394e-13,0.0,7,-9.58151833937705e-10,0.0
27.120438445001128,-6.009976126093462e-11,-1.3189641833050363e-20,-1.423457416152689e-09,0.7848000000000002,-6.069142925967147e-12,-1.048938713665848e-12,0.0,7,-9.58151833937705e-10,0.0
27.13092469900039,-6.378920469143229e-11,-1.3997121097617203e-20,-1.5106384173534204e-09,0.7848000000000002,-6.440510313296431e-12,-1.113331649094107e-12,0.0,7,-1.0790274409667288e-09,0.0
27.140943573000186,-6.768220362154363e-11,-1.4854048970805937e-20,-1.6030048412422425e-09,0.7848000000000002,-6.834601676354315e-12,-1.1812772982011666e-12,0.0,7,-1.0790274409667288e-09,0.0
27.151207730999886,-7.182964692617206e-11,-1.5763381048108994e-20,-1.7011321750174467e-09,0.7848000000000002,-7.252807125299858e-12,-1.2536638394067268e-12,0.0,7,-1.1450034580301732e-09,0.0
27.161981873001423,-7.623153460531757e-11,-1.6728371445131457e-20,-1.805268317687035e-09,0.7848000000000002,-7.69660224946678e-12,-1.3304912727107876e-12,0.0,7,-1.2894773697764535e-09,0.0
27.172554313001456,-8.088786665898016e-11,-1.7752434432650474e-20,-1.9156763940801883e-09,0.7848000000000002,-8.16755326807662e-12,-1.411759598113349e-12,0.0,7,-1.3683402814858489e-09,0.0
27.182654202000776,-8.584953196206324e-11,-1.8839133390038248e-20,-2.032977427070607e-09,0.7848000000000002,-8.667321336975512e-12,-1.4983569940341113e-12,0.0,7,-1.452126733621862e-09,0.0
27.19257362100143,-9.109108607711513e-11,-1.999236575969657e-20,-2.1572967386402685e-09,0.7848000000000002,-9.197670124781563e-12,-1.5898393712632242e-12,0.0,7,-1.452126733621862e-09,0.0
27.20325270900139,-9.66634178790392e-11,-2.1216128685948252e-20,-2.289290578180091e-09,0.7848000000000002,-9.76047046899096e-12,-1.6870949082203879e-12,0.0,7,-1.635207555842922e-09,0.0
27.213532720999865,-1.025919718052872e-10,-2.251476345337046e-20,-2.4294634818907486e-09,0.7848000000000002,-1.035770785683559e-11,-1.7905676941154525e-12,0.0,7,-1.7353310584933919e-09,0.0
27.224224868999954,-1.0887674785585911e-10,-2.3892907887558764e-20,-2.578169586967408e-09,0.7848000000000002,-1.0991490247810887e-11,-1.900257728948418e-12,0.0,7,-1.84154970497672e-09,0.0
27.233454250999785,-1.1551774603075493e-10,-2.534691373023193e-20,-2.735762928840745e-09,0.7848000000000002,-1.1663924995667505e-11,-2.0161650127192843e-12,0.0,7,-1.84154970497672e-09,0.0
27.24393980700006,-1.2259129964232978e-10,-2.6898824779259015e-20,-2.9031952369823508e-09,0.7848000000000002,-1.2377624043477077e-11,-2.1396218130576017e-12,0.0,7,-2.073710883558822e-09,0.0
27.25396594400081,-1.300974086905837e-10,-2.8536137056653374e-20,-3.0808491053248237e-09,0.7848000000000002,-1.3134864736063258e-11,-2.27062812996337e-12,0.0,7,-2.073710883558822e-09,0.0
27.264566949001164,-1.3806151761296834e-10,-3.02837941978255e-20,-3.2693875784491393e-09,0.7848000000000002,-1.393857606293598e-11,-2.4096280526464398e-12,0.0,7,-2.335276841749385e-09,0.0
27.274892847000956,-1.4650907084693543e-10,-3.21384018542071e-20,-3.469439676253059e-09,0.7848000000000002,-1.4791484485703875e-11,-2.5570656703166605e-12,0.0,7,-2.4781711973236136e-09,0.0
27.285474715001328,-1.554655128299367e-10,-3.410649325821923e-20,-3.6816791911919486e-09,0.7848000000000002,-1.569658296930828e-11,-2.7133850721838826e-12,0.0,7,-2.6297708508513917e-09,0.0
27.295785387999786,-1.6498173243687554e-10,-3.619498354688658e-20,-3.906984209593262e-09,0.7848000000000002,-1.665706280920164e-11,-2.879474436667806e-12,0.0,7,-2.79070300685233e-09,0.0
27.305577136001375,-1.7508317410520366e-10,-3.8411277279161213e-20,-4.1460950288766486e-09,0.7848000000000002,-1.7676312833205203e-11,-3.055777852978281e-12,0.0,7,-2.79070300685233e-09,0.0
27.316251265001483,-1.857952822723728e-10,-4.076320920445926e-20,-4.399786843192896e-09,0.7848000000000002,-1.8757929587777866e-11,-3.2427394103251572e-12,0.0,7,-3.142704887994926e-09,0.0
27.32685953300097,-1.9716894581328634e-10,-4.325905423891148e-20,-4.669042700122019e-09,0.7848000000000002,-1.99057291377323e-11,-3.4412472871281352e-12,0.0,7,-3.3350305000871567e-09,0.0
27.336602112000037,-2.09229609165396e-10,-4.5892251806284555e-20,-4.9546746956585244e-09,0.7848000000000002,-2.1123527683352578e-11,-3.651745572597065e-12,0.0,7,-3.3350305000871567e-09,0.0
27.34699142700083,-2.2202816120360518e-10,-4.8702868507888705e-20,-5.257819774598412e-09,0.7848000000000002,-2.2416057344327585e-11,-3.875122445151646e-12,0.0,7,-3.75558555328458e-09,0.0
27.357103748001464,-2.3561549080281733e-10,-5.168544672882694e-20,-5.579556880586108e-09,0.7848000000000002,-2.3787704995359765e-11,-4.11226608321158e-12,0.0,7,-3.75558555328458e-09,0.0
27.36746317000143,-2.500424868379358e-10,-5.485053281996091e-20,-5.921036709767276e-09,0.7848000000000002,-2.5243284609395535e-11,-4.364064665196565e-12,0.0,7,-3.98539777184722e-09,0.0
27.37806340700081,-2.6533459374641243e-10,-5.820932558701631e-20,-6.283292642048629e-09,0.7848000000000002,-2.678792955287032e-11,-4.630962280316453e-12,0.0,7,-4.488066172891878e-09,0.0
27.387910819001263,-2.815681448406022e-10,-6.177361986620218e-20,-6.6677530675691834e-09,0.7848000000000002,-2.8427089034723322e-11,-4.914291196200793e-12,0.0,7,-4.488066172891878e-09,0.0
27.398672879000515,-2.987940289954086e-10,-6.555600297960643e-20,-7.0757314968072255e-09,0.7848000000000002,-3.016654616082882e-11,-5.214939591269285e-12,0.0,7,-5.054093926290875e-09,0.0
27.40844353400098,-3.1708857952318675e-10,-6.956981830370592e-20,-7.508771918862426e-09,0.7848000000000002,-3.201243822917769e-11,-5.53423973315148e-12,0.0,7,-5.054093926290875e-09,0.0
27.41879415600124,-3.364772408613884e-10,-7.38292769468272e-20,-7.968139541601125e-09,0.7848000000000002,-3.397127853453623e-11,-5.872635711057228e-12,0.0,7,-5.363408513473162e-09,0.0
27.429769024000052,-3.5708723519727197e-10,-7.834932777516144e-20,-8.455850242746507e-09,0.7848000000000002,-3.6049977826871067e-11,-6.232347971035779e-12,0.0,7,-6.03989303053322e-09,0.0
27.440008807001504,-3.7891856253083753e-10,-8.314602738221819e-20,-8.973136274344139e-09,0.7848000000000002,-3.8255870939788224e-11,-6.6133765130871325e-12,0.0,7,-6.4093830531029565e-09,0.0
27.45029245099977,-4.0212388948679534e-10,-8.823617965133579e-20,-9.522330918938074e-09,0.7848000000000002,-4.059674023322503e-11,-7.0183858724703896e-12,0.0,7,-6.801664942098624e-09,0.0
27.460446748000322,-4.267286605025971e-10,-9.363785710564944e-20,-1.0104992767435462e-08,0.7848000000000002,-4.308084532957221e-11,-7.4478201383954e-12,0.0,7,-6.801664942098624e-09,0.0
27.47091756700138,-4.5283465332804964e-10,-9.937006543142291e-20,-1.0723278190709435e-08,0.7848000000000002,-4.5716950951985554e-11,-7.903455667701564e-12,0.0,7,-7.659484421935311e-09,0.0
27.480671670000447,-4.805436457129598e-10,-1.0545300706108939e-19,-1.137943353042386e-08,0.7848000000000002,-4.8514357364042224e-11,-8.387068817228283e-12,0.0,7,-7.659484421935311e-09,0.0
27.491527947000577,-5.099319709696827e-10,-1.1190816057935912e-19,-1.2075629868906598e-08,0.7848000000000002,-5.148293456152068e-11,-8.899991854605105e-12,0.0,7,-8.625449906361855e-09,0.0
27.501436540000213,-5.411522957229286e-10,-1.1875824768446253e-19,-1.2814652586147785e-08,0.7848000000000002,-5.463315596058554e-11,-9.444889315091132e-12,0.0,7,-8.625449906361855e-09,0.0
27.512457783001082,-5.742555088476009e-10,-1.2602754426945284e-19,-1.359871104926082e-08,0.7848000000000002,-5.797613714708298e-11,-1.0022649377106063e-11,0.0,7,-9.713365035186299e-09,0.0
27.522586308001337,-6.093942769684098e-10,-1.337416198280014e-19,-1.4430812619288256e-08,0.7848000000000002,-6.152367285296599e-11,-1.0635936575909e-11,0.0,7,-9.713365035186299e-09,0.0
27.5331102070013,-6.466958222726139e-10,-1.4192771340152368e-19,-1.5313914912703415e-08,0.7848000000000002,-6.52882794160008e-11,-1.1286971357549191e-11,0.0,7,-1.030772329949161e-08,0.0
27.543726088000767,-6.8626192251002e-10,-1.5061475547038507e-19,-1.625093339524885e-08,0.7848000000000002,-6.928323998118606e-11,-1.1977530078866039e-11,0.0,7,-1.093851065193101e-08,0.0
27.554051428000093,-7.282452443053385e-10,-1.597798029201384e-19,-1.7245125306568597e-08,0.7848000000000002,-7.352183665307996e-11,-1.2710277275118642e-11,0.0,7,-1.1607809568034893e-08,0.0
27.564939482001137,-7.727984542832794e-10,-1.6956236832370253e-19,-1.8300283480452347e-08,0.7848000000000002,-7.802053959672132e-11,-1.3487877481566102e-11,0.0,7,-1.2317946647548998e-08,0.0
27.575538322000284,-8.200996635060048e-10,-1.799434809722752e-19,-1.9420170004030983e-08,0.7848000000000002,-8.279461825675579e-11,-1.4313439322677368e-11,0.0,7,-1.3071631057465962e-08,0.0
27.585827064000114,-8.702760941607734e-10,-1.9095985686061994e-19,-2.060845466504202e-08,0.7848000000000002,-8.786082808563432e-11,-1.5189183244501692e-11,0.0,7,-1.3871550002879272e-08,0.0
27.596703664001325,-9.235313017471984e-10,-2.0265031192365694e-19,-2.1869506615891577e-08,0.7848000000000002,-9.323703430740782e-11,-1.6118661960717873e-11,0.0,7,-1.562107615420827e-08,0.0
27.60700532700139,-9.800433973274422e-10,-2.1505611423445816e-19,-2.3207709214440123e-08,0.7848000000000002,-9.894220440684111e-11,-1.7104984095794862e-11,0.0,7,-1.6576935153171515e-08,0.0
27.617094111999904,-1.0400159364011183e-09,-2.281445702871061e-19,-2.4627616952110052e-08,0.7848000000000002,-1.049953068163813e-10,-1.815170236341146e-11,0.0,7,-1.6576935153171515e-08,0.0
27.627467223001076,-1.1036524744678404e-09,-2.42114962431449e-19,-2.6134549298167602e-08,0.7848000000000002,-1.114198634081499e-10,-1.9262369477246466e-11,0.0,7,-1.7591154965792894e-08,0.0
27.638052514001174,-1.1711820114646738e-09,-2.5694017626861865e-19,-2.7733708460591425e-08,0.7848000000000002,-1.1823768036579225e-10,-2.0440982240188532e-11,0.0,7,-1.866753521297686e-08,0.0
27.64876198300044,-1.2428335473286837e-09,-2.726725363037967e-19,-2.9430652944564955e-08,0.7848000000000002,-1.2547268468975997e-10,-2.169153745512631e-11,0.0,7,-2.102189496040354e-08,0.0
27.658991988000707,-1.3188869708718394e-09,-2.8936751679084077e-19,-3.123154963446179e-08,0.7848000000000002,-1.3315038927630897e-10,-2.3018920103368146e-11,0.0,7,-2.2308249738901274e-08,0.0
27.669219200000953,-1.3995967264686577e-09,-3.070840763203803e-19,-3.3142659024531525e-08,0.7848000000000002,-1.4129788192777576e-10,-2.4427571077012544e-11,0.0,7,-2.3673327874665374e-08,0.0
27.679725429001337,-1.4852172584936555e-09,-3.258847410225539e-19,-3.5170520322449525e-08,0.7848000000000002,-1.4994390945498305e-10,-2.5921931268158005e-11,0.0,7,-2.5121800230321087e-08,0.0
27.68982797300123,-1.576104789071157e-09,-3.4583575029296837e-19,-3.732265192121379e-08,0.7848000000000002,-1.5911897633506046e-10,-2.750821792574243e-11,0.0,7,-2.665903708658128e-08,0.0
27.700090874001035,-1.6725392070131307e-09,-3.6700757927357867e-19,-3.960637307704727e-08,0.7848000000000002,-1.688554548205089e-10,-2.9191316031074166e-11,0.0,7,-2.8290266483605192e-08,0.0
27.710767378001037,-1.7749021788813525e-09,-3.8947488780013347e-19,-4.203001969094305e-08,0.7848000000000002,-1.7918769780303773e-10,-3.097788692230097e-11,0.0,7,-3.0021442636387894e-08,0.0
27.720791908001047,-1.883499037925243e-09,-4.1317855346146793e-19,-4.4601414763341344e-08,0.7848000000000002,-1.9015005830813334e-10,-3.2873259669941035e-11,0.0,7,-3.185815340238667e-08,0.0
27.731148746001054,-1.998736895144029e-09,-4.384793927638953e-19,-4.733045044445496e-08,0.7848000000000002,-2.0178513491145096e-10,-3.488453970135197e-11,0.0,7,-3.380746460318211e-08,0.0
27.741434415000185,-2.1210483059743903e-09,-4.653283028445377e-19,-5.022666778800968e-08,0.7848000000000002,-2.1413241862383429e-10,-3.701927653310122e-11,0.0,7,-3.380746460318211e-08,0.0
27.7520136990006,-2.2508149369781017e-09,-4.938201264229728e-19,-5.329991143257619e-08,0.7848000000000002,-2.2723524291785531e-10,-3.928413150333654e-11,0.0,7,-3.807136530898299e-08,0.0
27.76260786000057,-2.3885456769041977e-09,-5.2405530261261e-19,-5.65613632928731e-08,0.7848000000000002,-2.411398127209234e-10,-4.168798639625493e-11,0.0,7,-4.040097378062364e-08,0.0
27.77312994300155,-2.5346985256268092e-09,-5.561405768096776e-19,-6.002234238024225e-08,0.7848000000000002,-2.558951844206524e-10,-4.423883481763369e-11,0.0,7,-4.2873101700173043e-08,0.0
27.783593150001252,-2.689807816332422e-09,-5.901891448035941e-19,-6.369518536532068e-08,0.7848000000000002,-2.715534187871421e-10,-4.694600264087967e-11,0.0,7,-4.549656097522905e-08,0.0
27.793933086000834,-2.8543824377700703e-09,-6.263211836589013e-19,-6.759259316819709e-08,0.7848000000000002,-2.881697624464314e-10,-4.9818371650189874e-11,0.0,7,-4.549656097522905e-08,0.0
27.804671400001098,-3.0290330564385948e-09,-6.646640953458039e-19,-7.17285183590389e-08,0.7848000000000002,-3.058028415048892e-10,-5.2866599986600704e-11,0.0,7,-5.123465597074208e-08,0.0
27.815237624001384,-3.2143957832742888e-09,-7.053531697771286e-19,-7.611768717242369e-08,0.7848000000000002,-3.2451486950974487e-10,-5.610178988035841e-11,0.0,7,-5.43697765517312e-08,0.0
27.82538766000107,-3.4110812847759925e-09,-7.485320578522379e-19,-8.077529465362257e-08,0.7848000000000002,-3.4437186825251036e-10,-5.95345994724994e-11,0.0,7,-5.43697765517312e-08,0.0
27.836143923001146,-3.6198020051923542e-09,-7.943530506304865e-19,-8.571789825269776e-08,0.7848000000000002,-3.6544389825926885e-10,-6.317746326089946e-11,0.0,7,-6.12270701804984e-08,0.0
27.8467272580001,-3.841295833209474e-09,-8.429778095766048e-19,-9.096294653151727e-08,0.7848000000000002,-3.8780530658860435e-10,-6.704325983264425e-11,0.0,7,-6.497353323679805e-08,0.0
27.857026407000376,-4.0763261019509015e-09,-8.942782082911178e-19,-9.652805897567448e-08,0.7848000000000002,-4.115304399976608e-10,-7.114531186402928e-11,0.0,7,-6.894861355405319e-08,0.0
27.86708508999982,-4.325757922289996e-09,-9.490352383966554e-19,-1.0243453714969684e-07,0.7848000000000002,-4.36711491562839e-10,-7.549871838818945e-11,0.0,7,-7.316752653549773e-08,0.0
27.877621351000926,-4.590430960662664e-09,-1.0071427603421652e-18,-1.0870238219568699e-07,0.7848000000000002,-4.634339314545923e-10,-8.01181343490498e-11,0.0,7,-7.7644558711205e-08,0.0
27.88760684100089,-4.871337550129522e-09,-1.0688058128144526e-18,-1.1535401753166908e-07,0.7848000000000002,-4.91791541926231e-10,-8.502087922579449e-11,0.0,7,-7.7644558711205e-08,0.0
27.897987774000285,-5.1693936904388315e-09,-1.134242092302401e-18,-1.2241239829323718e-07,0.7848000000000002,-5.218843233298388e-10,-9.022294022997812e-11,0.0,7,-8.239572680833506e-08,0.0
27.908488765000584,-5.51838959452646e-09,-1.2106663844309714e-18,-1.3067642700677204e-07,0.7848000000000002,-5.571161363511422e-10,-9.631406783228158e-11,0.0,7,-8.743742735231227e-08,0.0
27.918769406000138,-5.821381955701401e-09,-1.2772973027164935e-18,-1.378511005774463e-07,0.7848000000000002,-5.877037021961003e-10,-1.0160228214317613e-10,0.0,7,-9.846507184103308e-08,0.0
27.92893369000012,-6.177578635587863e-09,-1.3555396228016518e-18,-1.4628648892349026e-07,0.7848000000000002,-6.236675026739089e-10,-1.0781908699186715e-10,0.0,7,-1.0449034923106446e-07,0.0
27.938986156999817,-6.555581198370439e-09,-1.4385227993206873e-18,-1.5523776319344815e-07,0.7848000000000002,-6.618298799949641e-10,-1.1441647629339968e-10,0.0,7,-1.1088411656674869e-07,0.0
27.94926966100138,-6.956712754796618e-09,-1.526583736474744e-18,-1.6473671671034155e-07,0.7848000000000002,-7.023271594986518e-10,-1.2141754268668592e-10,0.0,7,-1.1766908336452968e-07,0.0
27.959139982000124,-7.382372748926243e-09,-1.6200330987449717e-18,-1.7481678779707213e-07,0.7848000000000002,-7.453024050771248e-10,-1.2884671107826762e-10,0.0,7,-1.1766908336452968e-07,0.0
27.969752091001283,-7.83411329144387e-09,-1.7192005369925203e-18,-1.8551388242737367e-07,0.7848000000000002,-7.909072627937413e-10,-1.3673107090994563e-10,0.0,7,-1.3250991601955262e-07,0.0
27.980129253000996,-8.313461048596599e-09,-1.8244360494291348e-18,-1.9686529166923674e-07,0.7848000000000002,-8.393026410249753e-10,-1.4509726753431096e-10,0.0,7,-1.4061806547802624e-07,0.0
27.989617818000625,-8.822146242131147e-09,-1.935462230696639e-18,-2.0890967362678166e-07,0.7848000000000002,-8.906494436313271e-10,-1.539754990176334e-10,0.0,7,-1.4061806547802624e-07,0.0
28.000249483000516,-9.361975427106588e-09,-2.0539694528111186e-18,-2.2169268820332817e-07,0.7848000000000002,-9.45147198737255e-10,-1.6339729569381234e-10,0.0,7,-1.583519201452344e-07,0.0
28.010262630001307,-9.934806047456892e-09,-2.179727944385452e-18,-2.3525789280587785e-07,0.7848000000000002,-1.0029808841977526e-09,-1.733950760751668e-10,0.0,7,-1.583519201452344e-07,0.0
28.020358818001114,-1.0542699102615652e-08,-2.3124064092445535e-18,-2.496512578676923e-07,0.7848000000000002,-1.0643416994844568e-09,-1.8400481138769464e-10,0.0,7,-1.6804135200419847e-07,0.0
28.03117654200105,-1.1187791925328809e-08,-2.4540249155020966e-18,-2.6492718404043114e-07,0.7848000000000002,-1.1294679708282273e-09,-1.9526380512502328e-10,0.0,7,-1.8923370288602226e-07,0.0
28.04095404200052,-1.1872349070529564e-08,-2.6034359827027117e-18,-2.811357966084304e-07,0.7848000000000002,-1.1985674873204602e-09,-2.0721158122682937e-10,0.0,7,-2.0081128329173602e-07,0.0
28.051240200000393,-1.259878775977583e-08,-2.76291457466583e-18,-2.9833823053186215e-07,0.7848000000000002,-1.2719074656132384e-09,-2.1989032816804865e-10,0.0,7,-2.1309873609418725e-07,0.0
28.061595222001415,-1.3369677881250232e-08,-2.9321513956357205e-18,-3.165935514818283e-07,0.7848000000000002,-1.3497366989328718e-09,-2.33344898958876e-10,0.0,7,-2.261382510584488e-07,0.0
28.07181887200022,-1.4187741989760101e-08,-3.111743801846559e-18,-3.359659391231853e-07,0.7848000000000002,-1.4323283147192969e-09,-2.4762281114476536e-10,0.0,7,-2.399756708022752e-07,0.0
28.081630246000714,-1.505588075117493e-08,-3.302325483440923e-18,-3.565238140953431e-07,0.7848000000000002,-1.519973560377291e-09,-2.6277469089563965e-10,0.0,7,-2.399756708022752e-07,0.0
28.091909769000267,-1.5977122053551475e-08,-3.504568930501999e-18,-3.7833947111942294e-07,0.7848000000000002,-1.612981654799598e-09,-2.78853384827471e-10,0.0,7,-2.5465986721095935e-07,0.0
28.102211082001304,-1.6954722784883552e-08,-3.719187635421965e-18,-4.0148992485303414e-07,0.7848000000000002,-1.7116807523990606e-09,-2.9591573635912027e-10,0.0,7,-2.702424793710164e-07,0.0
28.11318434399982,-1.799216883310205e-08,-3.946938781238975e-18,-4.260571022004115e-07,0.7848000000000002,-1.8164190878118144e-09,-3.140225857123369e-10,0.0,7,-3.043265015717225e-07,0.0
28.1229550700009,-1.9093073308325106e-08,-4.1872222949475324e-18,-4.521237845952168e-07,0.7848000000000002,-1.927544893635885e-09,-3.3323699355491954e-10,0.0,7,-3.2294556042515485e-07,0.0
28.132882101001087,-2.0261354653920284e-08,-4.443696452600016e-18,-4.797888485949646e-07,0.7848000000000002,-2.0454899943270226e-09,-3.5362734962518516e-10,0.0,7,-3.427063204249747e-07,0.0
28.14284440300071,-2.150110942431731e-08,-4.7158638343049456e-18,-5.091470766887366e-07,0.7848000000000002,-2.1706547209515973e-09,-3.752651522859196e-10,0.0,7,-3.427063204249747e-07,0.0
28.152934655001445,-2.281671406275788e-08,-5.003007636362756e-18,-5.402973946238308e-07,0.7848000000000002,-2.303452872079753e-09,-3.982267848812171e-10,0.0,7,-3.8592671044559343e-07,0.0
28.16344381700037,-2.42127994568582e-08,-5.309499616878247e-18,-5.733575725010985e-07,0.7848000000000002,-2.444400238010818e-09,-4.2259307164727034e-10,0.0,7,-4.095411232150703e-07,0.0
28.173711887000536,-2.569432727192136e-08,-5.63285627462968e-18,-6.08436499764979e-07,0.7848000000000002,-2.5939465178314885e-09,-4.484506099800001e-10,0.0,7,-4.345974998321279e-07,0.0
28.183996718000344,-2.72664881731875e-08,-5.9780011954181276e-18,-6.45666212056165e-07,0.7848000000000002,-2.7526700262717895e-09,-4.758899940782158e-10,0.0,7,-4.6119015146868925e-07,0.0
28.19455113799995,-2.9107215111756425e-08,-6.381102350049221e-18,-6.892549786517144e-07,0.7848000000000002,-2.9385031780743072e-09,-5.080167397863988e-10,0.0,7,-4.923249847512246e-07,0.0
28.204535789000147,-3.0705329339223307e-08,-6.732548220926094e-18,-7.270981220632627e-07,0.7848000000000002,-3.0998400037062157e-09,-5.359090948786616e-10,0.0,7,-5.193558014737591e-07,0.0
28.2148795660014,-3.2584121156219985e-08,-7.145238745981665e-18,-7.715913037903405e-07,0.7848000000000002,-3.289534093070854e-09,-5.687001980447803e-10,0.0,7,-5.511366455645289e-07,0.0
28.22492386200065,-3.457787094162348e-08,-7.582935302846231e-18,-8.188051409128221e-07,0.7848000000000002,-3.4908245711355987e-09,-6.034976962610017e-10,0.0,7,-5.848608149377301e-07,0.0
28.23524703700059,-3.669365224904537e-08,-8.047414711664712e-18,-8.689079654849211e-07,0.7848000000000002,-3.704430492578777e-09,-6.40425046327664e-10,0.0,7,-6.206485467749436e-07,0.0
28.245619659001022,-3.8938869409784094e-08,-8.540315694778757e-18,-9.220763040414148e-07,0.7848000000000002,-3.931106458591727e-09,-6.796114782048335e-10,0.0,7,-6.586259314581534e-07,0.0
28.25589687700085,-4.132148653276204e-08,-9.063377244329888e-18,-9.784980499333541e-07,0.7848000000000002,-4.171652340488954e-09,-7.211959918151933e-10,0.0,7,-6.989271785238243e-07,0.0
28.266003961000024,-4.3849900282338276e-08,-9.618444851963503e-18,-1.038372209324127e-06,0.7848000000000002,-4.426916856302011e-09,-7.653251365979941e-10,0.0,7,-7.416944352315194e-07,0.0
28.276526673000262,-4.65330162116209e-08,-1.0207476981517156e-17,-1.101909930768706e-06,0.7848000000000002,-4.6978006461140505e-09,-8.121543437766832e-10,0.0,7,-7.870785219776471e-07,0.0
28.28669179500139,-4.938029965134194e-08,-1.083255185190158e-17,-1.1693353822274768e-06,0.7848000000000002,-4.985259456971374e-09,-8.618488145373249e-10,0.0,7,-8.352395587339119e-07,0.0
28.296965661000286,-5.2401826598732285e-08,-1.1495874788668392e-17,-1.240886659726936e-06,0.7848000000000002,-5.290307516169168e-09,-9.145844082070198e-10,0.0,7,-8.863476140906685e-07,0.0
28.306933969000966,-5.560825827308419e-08,-1.2199786258001776e-17,-1.3168162178365269e-06,0.7848000000000002,-5.614021111318066e-09,-9.705471981646951e-10,0.0,7,-9.405830127403764e-07,0.0
28.31679136800085,-5.901086656018876e-08,-1.2946769911049954e-17,-1.3973916785728611e-06,0.7848000000000002,-5.957542387545795e-09,-1.0299339159303145e-09,0.0,7,-9.405830127403764e-07,0.0
28.327898586001538,-6.299470213200271e-08,-1.3819186942672462e-17,-1.4917282935298702e-06,0.7848000000000002,-6.3597278735394894e-09,-1.0994649635165388e-09,0.0,7,-9.981369132663294e-07,0.0
28.337732309000785,-6.64534154036883e-08,-1.45798079088895e-17,-1.5736296679372263e-06,0.7848000000000002,-6.7088974547670405e-09,-1.1598308979898775e-09,0.0,7,-1.124021191383733e-06,0.0
28.347765710001113,-7.051964006397087e-08,-1.5472977713008827e-17,-1.6699237185034522e-06,0.7848000000000002,-7.1194390162252065e-09,-1.2307999064375963e-09,0.0,7,-1.1928026560738945e-06,0.0
28.35789214000033,-7.48346858780937e-08,-1.6420266625545297e-17,-1.772106145177519e-06,0.7848000000000002,-7.5550783037633e-09,-1.3061116632684389e-09,0.0,7,-1.265790103698228e-06,0.0
28.368226349000906,-7.94137686196529e-08,-1.7425520281544965e-17,-1.8805406339707605e-06,0.7848000000000002,-8.017371527811572e-09,-1.3860317338298955e-09,0.0,7,-1.3432433099791146e-06,0.0
28.37856782200106,-8.427302006199286e-08,-1.8492285052448035e-17,-1.995609948715122e-06,0.7848000000000002,-8.507951819897977e-09,-1.4708416706810112e-09,0.0,7,-1.4254356776536588e-06,0.0
28.388766259000477,-8.942961520039348e-08,-1.962432461004161e-17,-2.117720323391395e-06,0.7848000000000002,-9.028550288935751e-09,-1.5608412340384348e-09,0.0,7,-1.5126573738509964e-06,0.0
28.39871410300111,-9.490174680763274e-08,-2.082563309931099e-17,-2.247302591500902e-06,0.7848000000000002,-9.581003761378066e-09,-1.656347947687209e-09,0.0,7,-1.5126573738509964e-06,0.0
28.409199659001388,-1.0070872721173647e-07,-2.210044909711248e-17,-2.3848139879877197e-06,0.7848000000000002,-1.0167261436127747e-08,-1.75769887533761e-09,0.0,7,-1.6052161367863587e-06,0.0
28.4199661190014,-1.0687101374041586e-07,-2.3453270460065363e-17,-2.5307394786322153e-06,0.7848000000000002,-1.0789391779889607e-08,-1.865251064714357e-09,0.0,7,-1.807671056165868e-06,0.0
28.4294909320015,-1.1341038683212955e-07,-2.4888870247778748e-17,-2.6855941830680086e-06,0.7848000000000002,-1.1449589825959383e-08,-1.9793846561810824e-09,0.0,7,-1.807671056165868e-06,0.0
28.439645997001207,-1.2034989914720881e-07,-2.6412313680054098e-17,-2.849924334240912e-06,0.7848000000000002,-1.2150184920697727e-08,-2.1005019945619097e-09,0.0,7,-2.0356602387435084e-06,0.0
28.450464139999895,-1.277140282344822e-07,-2.802897579719129e-17,-3.024309684901107e-06,0.7848000000000002,-1.289364894166179e-08,-2.2290302936767148e-09,0.0,7,-2.160221203500791e-06,0.0
28.460795695000343,-1.3552867653127551e-07,-2.973459657767665e-17,-3.2093395582440014e-06,0.7848000000000002,-1.3682453741891702e-08,-2.365421636341125e-09,0.0,7,-2.2923853987457156e-06,0.0
28.47032700300042,-1.438214766966613e-07,-3.1555143826557134e-17,-3.405714589012212e-06,0.7848000000000002,-1.4519664539275797e-08,-2.510158303437038e-09,0.0,7,-2.2923853987457156e-06,0.0
28.481013493999853,-1.52621740722584e-07,-3.348708645455437e-17,-3.6141091401266365e-06,0.7848000000000002,-1.540812300329449e-08,-2.6637518857342e-09,0.0,7,-2.581506528661883e-06,0.0
28.490699083000436,-1.6196038360054735e-07,-3.552533657711812e-17,-3.835224407066558e-06,0.7848000000000002,-1.6350766405667283e-08,-2.82674195162258e-09,0.0,7,-2.739446005047541e-06,0.0
28.50114210600077,-1.7187043221036375e-07,-3.7700926515993285e-17,-4.069897403620649e-06,0.7848000000000002,-1.735125599098027e-08,-2.9997049288965627e-09,0.0,7,-2.907069574014749e-06,0.0
28.5109117840002,-1.8238677087577944e-07,-3.999622793563253e-17,-4.318898810084601e-06,0.7848000000000002,-1.841278386914089e-08,-3.1832496638628527e-09,0.0,7,-2.907069574014749e-06,0.0
28.52156070000092,-1.9354662480878625e-07,-4.244618963050653e-17,-4.5831684122128515e-06,0.7848000000000002,-1.9539455101399413e-08,-3.3780258590354606e-09,0.0,7,-3.2736917230091795e-06,0.0
28.53197613500015,-2.0538933110968457e-07,-4.5046060440612903e-17,-4.86361263952581e-06,0.7848000000000002,-2.0735091730490415e-08,-3.5847200763328146e-09,0.0,7,-3.4740090282327217e-06,0.0
28.541932011001336,-2.1795672043364502e-07,-4.780501719038538e-17,-5.161217479987464e-06,0.7848000000000002,-2.200388962629668e-08,-3.804062398415908e-09,0.0,7,-3.6865839142767594e-06,0.0
28.551810852000926,-2.312931169907084e-07,-5.0732794678939876e-17,-5.477032441769227e-06,0.7848000000000002,-2.3350323020135152e-08,-4.0368264286883004e-09,0.0,7,-3.912166029835162e-06,0.0
28.56710047500019,-2.45445567545723e-07,-5.383972298592014e-17,-5.812171707860082e-06,0.7848000000000002,-2.4779142218099617e-08,-4.283833288099004e-09,0.0,7,-4.1515512199000584e-06,0.0
28.577263712000786,-2.604636887517196e-07,-5.709846552916056e-17,-6.167719801641466e-06,0.7848000000000002,-2.6294818192833932e-08,-4.545948950607226e-09,0.0,7,-4.1515512199000584e-06,0.0
28.589173760999984,-2.780469145860978e-07,-6.092877490370605e-17,-6.584031717680672e-06,0.7848000000000002,-2.8069586765893887e-08,-4.852834134538853e-09,0.0,7,-4.702879798343337e-06,0.0
28.601097779001066,-2.950595997994963e-07,-6.466156998243015e-17,-6.9868849769471435e-06,0.7848000000000002,-2.9787064273399168e-08,-5.149761506118011e-09,0.0,7,-4.990632126390817e-06,0.0
28.611083478001092,-3.112591571252506e-07,-6.82033394032908e-17,-7.370459655316312e-06,0.7848000000000002,-3.142231110391954e-08,-5.4324971188179916e-09,0.0,7,-5.26461403951165e-06,0.0
28.62105038900154,-3.3030386055798005e-07,-7.236479208994424e-17,-7.821419085476763e-06,0.7848000000000002,-3.334485997252081e-08,-5.764889898784986e-09,0.0,7,-5.586727918197687e-06,0.0
28.6323255770003,-3.5051394467043515e-07,-7.680161063825666e-17,-8.30001253338046e-06,0.7848000000000002,-3.538528516099399e-08,-6.1176224086523234e-09,0.0,7,-5.928580380986043e-06,0.0
28.641777544000433,-3.7196047577641854e-07,-8.148257038631129e-17,-8.807824821428613e-06,0.7848000000000002,-3.755017768747617e-08,-6.491934989583115e-09,0.0,7,-6.2913034438775805e-06,0.0
28.652037652000217,-3.9471938007728615e-07,-8.647894361450941e-17,-9.34677425647054e-06,0.7848000000000002,-3.98479192151122e-08,-6.8891528037795524e-09,0.0,7,-6.676267326050385e-06,0.0
28.662351467000917,-4.188709347731981e-07,-9.178104072915562e-17,-9.91870994868016e-06,0.7848000000000002,-4.22863054945449e-08,-7.310676952698714e-09,0.0,7,-7.084792820485829e-06,0.0
28.67300687900024,-4.4450037872961754e-07,-9.740757627801858e-17,-1.0525642271101299e-05,0.7848000000000002,-4.4873893722125867e-08,-7.757995135193596e-09,0.0,7,-7.518315907929498e-06,0.0
28.682919034001316,-4.71698141477248e-07,-1.0337840300938995e-16,-1.1169711828765024e-05,0.7848000000000002,-4.7619808672893936e-08,-8.232685644316007e-09,0.0,7,-7.978365591975017e-06,0.0
28.69331114200031,-5.005601739897197e-07,-1.0971458797270047e-16,-1.1853190912887514e-05,0.7848000000000002,-5.053373812636391e-08,-8.73642314047629e-09,0.0,7,-8.466564937776796e-06,0.0
28.70345517200076,-5.311883049057146e-07,-1.1643848679933914e-16,-1.2578490978142413e-05,0.7848000000000002,-5.3625963126238625e-08,-9.270984868692267e-09,0.0,7,-8.984636412958866e-06,0.0
28.713611844001207,-5.636906221955274e-07,-1.2357382294655597e-16,-1.3348171231091651e-05,0.7848000000000002,-5.690739383645443e-08,-9.83825731992738e-09,0.0,7,-8.984636412958866e-06,0.0
28.72380420400077,-5.981817784943154e-07,-1.3114577182173014e-16,-1.4164947141558536e-05,0.7848000000000002,-6.038960799166313e-08,-1.0440241560161212e-08,0.0,7,-1.0117819386827525e-05,0.0
28.73398441200152,-6.347834745464103e-07,-1.3918104895982333e-16,-1.5031700552842645e-05,0.7848000000000002,-6.408489174069803e-08,-1.1079061668084478e-08,0.0,7,-1.0736928966316174e-05,0.0
28.744190392000746,-6.736248408718794e-07,-1.4770800490099599e-16,-1.5951489528824558e-05,0.7848000000000002,-6.80062829947261e-08,-1.1756971396437166e-08,0.0,7,-1.1393921092017541e-05,0.0
28.754224142001476,-7.148429466552752e-07,-1.567567250313073e-16,-1.6927559501642752e-05,0.7848000000000002,-7.216761742837879e-08,-1.2476363053792738e-08,0.0,7,-1.1393921092017541e-05,0.0
28.764915871000994,-7.585831814121966e-07,-1.6635913554455166e-16,-1.7963354037531145e-05,0.7848000000000002,-7.658357729655177e-08,-1.3239774165896279e-08,0.0,7,-1.2830967169665102e-05,0.0
28.775235903000066,-8.049998911002258e-07,-1.7654911593882178e-16,-1.906252781378932e-05,0.7848000000000002,-8.126974323566442e-08,-1.4049898577894737e-08,0.0,7,-1.3616091295563799e-05,0.0
28.785917365001296,-8.542568615632392e-07,-1.8736261895769776e-16,-2.0228959102755908e-05,0.7848000000000002,-8.624264923664071e-08,-1.490959489203192e-08,0.0,7,-1.4449256501968506e-05,0.0
28.79595663300097,-9.065272676425335e-07,-1.9877115004887463e-16,-2.1466589238274565e-05,0.7848000000000002,-9.151882912353933e-08,-1.5821885579470063e-08,0.0,7,-1.5333278027338975e-05,0.0
28.80613656100104,-9.619960395095075e-07,-2.1094840258260973e-16,-2.2780105319220842e-05,0.7848000000000002,-9.71187856186505e-08,-1.678999828058636e-08,0.0,7,-1.6271503799443458e-05,0.0
28.81669803600016,-1.0208589975547893e-06,-2.238707577400005e-16,-2.417401641446626e-05,0.7848000000000002,-1.0306152616420037e-07,-1.7817350705939816e-08,0.0,7,-1.7267154581761612e-05,0.0
28.826916447000258,-1.0833238192768603e-06,-2.375838290724373e-16,-2.5653221839451668e-05,0.7848,-1.0936790684848943e-07,-1.8907567511661227e-08,0.0,7,-1.832372988532262e-05,0.0
28.837034915000913,-1.1496108789484893e-06,-2.5213600118636237e-16,-2.7222938495894447e-05,0.7848,-1.160601663197882e-07,-2.0064494954397105e-08,0.0,7,-1.944495606849603e-05,0.0
28.847645488000126,-1.2199540618387325e-06,-2.675786190021942e-16,-2.8888704583986792e-05,0.7848000000000002,-1.2316191531623e-07,-2.129221510216439e-08,0.0,7,-2.0634788988561993e-05,0.0
28.85777108000002,-1.2946015275460565e-06,-2.8396616741795665e-16,-3.065639713392963e-05,0.7848000000000002,-1.3069821048904764e-07,-2.2595059157026753e-08,0.0,7,-2.1897426524235453e-05,0.0
28.867705794000358,-1.373816702331399e-06,-3.0135646520041423e-16,-3.253225335621796e-05,0.7848,-1.3869564179713255e-07,-2.397762477457377e-08,0.0,7,-2.3237323825869973e-05,0.0
28.87805851200028,-1.4578790424512916e-06,-3.198108716147894e-16,-3.452289151422692e-05,0.7848,-1.471824262174853e-07,-2.5444789386597222e-08,0.0,7,-2.46592082244478e-05,0.0
28.888073823000013,-1.5470851537131092e-06,-3.393944973558187e-16,-3.663533517048191e-05,0.7848,-1.5618850728925676e-07,-2.7001729741016334e-08,0.0,7,-2.6168096550344218e-05,0.0
28.898592625000674,-1.6417497838081295e-06,-3.6017643781268535e-16,-3.887703760333849e-05,0.7848,-1.6574566076065538e-07,-2.865393922135695e-08,0.0,7,-2.7769312573813205e-05,0.0
28.90930851900157,-1.7422069164223435e-06,-3.8223001725273643e-16,-4.1255907993966016e-05,0.7848,-1.7588760670255869e-07,-3.040724694258756e-08,0.0,7,-2.9468505709975726e-05,0.0
28.91919399500148,-1.8488097712364558e-06,-4.054971225983452e-16,-4.377998472407569e-05,0.7848,-1.8664806485207434e-07,-3.226781775111931e-08,0.0,7,-3.127141766005406e-05,0.0
28.929673055999956,-1.961935562035688e-06,-4.303319916307318e-16,-4.645882725519289e-05,0.7848,-1.9806884929776427e-07,-3.424223526948822e-08,0.0,7,-3.318487661085206e-05,0.0
28.93979054600095,-2.08198218893291e-06,-4.565333924826858e-16,-4.930123132384247e-05,0.7848000000000002,-2.1018640075194518e-07,-3.6337444164757926e-08,0.0,7,-3.521516523131605e-05,0.0
28.949945402000594,-2.2093744213669404e-06,-4.845002727092803e-16,-5.231792370927144e-05,0.7848,-2.2304757953341668e-07,-3.856085806219767e-08,0.0,7,-3.736994550662246e-05,0.0
28.960684763000245,-2.3445618879919885e-06,-5.141783987099618e-16,-5.551925543664411e-05,0.7848,-2.3669601503189502e-07,-4.09203244622347e-08,0.0,7,-3.965661102617436e-05,0.0
28.970729618000405,-2.4880215956769613e-06,-5.45672524968376e-16,-5.8916478409083694e-05,0.7848,-2.5117960395614127e-07,-4.342416870528609e-08,0.0,7,-4.208319886363121e-05,0.0
28.980978131001393,-2.640259659727211e-06,-5.790937742662689e-16,-6.252157395389581e-05,0.7848,-2.665494205716062e-07,-4.6081224169824964e-08,0.0,7,-4.465826710992558e-05,0.0
28.991158758000893,-2.8018132376617806e-06,-6.145600688100215e-16,-6.634726143119965e-05,0.7847999999999999,-2.8285969059678264e-07,-4.890086602316046e-08,0.0,7,-4.739090102228546e-05,0.0
29.001724563000607,-2.973252335768463e-06,-6.521965438209564e-16,-7.040703881996256e-05,0.7847999999999999,-3.001679605297333e-07,-5.1893042751771645e-08,0.0,7,-5.029074201425898e-05,0.0
29.011717316001523,-3.1551818446587977e-06,-6.9213598561019e-16,-7.47152301126239e-05,0.7848,-3.1853529834259246e-07,-5.506831168844428e-08,0.0,7,-5.336802150901707e-05,0.0
29.022036230000595,-3.348243600267504e-06,-7.345193153138547e-16,-7.928703531984804e-05,0.7847999999999999,-3.380265086948459e-07,-5.843787498349684e-08,0.0,7,-5.663359665703432e-05,0.0
29.032204216000537,-3.5531188519629145e-06,-7.79496069319599e-16,-8.413858546291988e-05,0.7848,-3.5871036155168754e-07,-6.201362268143384e-08,0.0,7,-6.009898961637134e-05,0.0
29.0426449330007,-3.770530399879719e-06,-8.272249372648571e-16,-8.928699769884915e-05,0.7847999999999998,-3.806598348224678e-07,-6.58081700244395e-08,0.0,7,-6.37764269277494e-05,0.0
29.0528185760013,-4.001245317473775e-06,-8.778743185639668e-16,-9.475043687176569e-05,0.7847999999999998,-4.0395237184367143e-07,-6.983490496992317e-08,0.0,7,-6.767888347983264e-05,0.0
29.063032658001248,-4.2460776740769114e-06,-9.316229179782077e-16,-0.00010054817971120254,0.7847999999999999,-4.286701546171797e-07,-7.410803570806479e-08,0.0,7,-6.767888347983264e-05,0.0
29.07378061000054,-4.50589125745174e-06,-9.886603736113255e-16,-0.00010670068183996821,0.7847999999999997,-4.549003937722785e-07,-7.864263817936035e-08,0.0,7,-7.621477274283443e-05,0.0
29.083650371001568,-4.781602779790771e-06,-1.0491879285801868e-15,-0.00011322965101043611,0.7847999999999996,-4.827356362651928e-07,-8.345471202986232e-08,0.0,7,-8.08783221503115e-05,0.0
29.09410408000076,-5.0741850073822185e-06,-1.113419139743129e-15,-0.00012015812299133417,0.7847999999999996,-5.122740919085224e-07,-8.856123523415249e-08,0.0,7,-8.582723070809583e-05,0.0
29.104363838001518,-5.384670221053501e-06,-1.1815806314269343e-15,-0.00012751054303382405,0.7847999999999996,-5.436199798805755e-07,-9.398022449147447e-08,0.0,7,-9.107895930987432e-05,0.0
29.114505842000654,-5.714153956503537e-06,-1.2539128908437072e-15,-0.00013531285278010208,0.7847999999999996,-5.768838964359174e-07,-9.973080050684757e-08,0.0,7,-9.665203770007292e-05,0.0
29.124694431000535,-6.063798668301747e-06,-1.3306711276969665e-15,-0.00014359258043976565,0.7847999999999995,-6.121832051200177e-07,-1.05833251939913e-07,0.0,7,-0.00010256612888554688,0.0
29.135063421999803,-6.4348380045535386e-06,-1.4121261635662396e-15,-0.00015237893908004015,0.7847999999999994,-6.496424508557783e-07,-1.1230911001192112e-07,0.0,7,-0.00010884209934288583,0.0
29.145097242000702,-6.8285810561213655e-06,-1.4985653927600628e-15,-0.00016170292900199575,0.7847999999999993,-6.893937993691348e-07,-1.1918122266862952e-07,0.0,7,-0.00010884209934288583,0.0
29.15545652400033,-7.24641708929009e-06,-1.5902937947850517e-15,-0.00017159744788252052,0.7847999999999992,-7.315775035030142e-07,-1.26473837180896e-07,0.0,7,-0.00011550209214428268,0.0
29.165613684001073,-7.689820329321228e-06,-1.687635009018951e-15,-0.00018209740605217332,0.7847999999999992,-7.763423980665973e-07,-1.3421268363345007e-07,0.0,7,-0.00013006957575155235,0.0
29.175951386001543,-8.160355202007059e-06,-1.790932483499071e-15,-0.00019323984993723558,0.7847999999999988,-8.238464249623185e-07,-1.4242506640727015e-07,0.0,7,-0.00013802846424088255,0.0
29.186193264000394,-8.659681880557994e-06,-1.9005506753267907e-15,-0.00020506409295142181,0.7847999999999987,-8.742571904436269e-07,-1.5113996099103133e-07,0.0,7,-0.00014647435210815842,0.0
29.1967734560003,-9.189562086934317e-06,-2.0168763437162946e-15,-0.00021761185382614484,0.7847999999999985,-9.277525564728076e-07,-1.603881152334452e-07,0.0,7,-0.00015543703844724633,0.0
29.206890946001295,-9.751865427511101e-06,-2.1403199211291515e-15,-0.00023092740461006078,0.7847999999999984,-9.845212682622485e-07,-1.7020215992147314e-07,0.0,7,-0.00016494814615004342,0.0
29.2170613770013,-1.034857580507646e-05,-2.271316946612884e-15,-0.00024505772563305806,0.784799999999998,-1.0447636202176209e-06,-1.8061672069080714e-07,0.0,7,-0.00017504123259504145,0.0
29.227397192000353,-1.0981798568718458e-05,-2.4103296036951613e-15,-0.0002600526722736046,0.7847999999999979,-1.108692162625711e-06,-1.9166854281493784e-07,0.0,7,-0.00018575190876686046,0.0
29.23773538200112,-1.1653767918156416e-05,-2.5578483668040912e-15,-0.00027596515070063576,0.7847999999999976,-1.1765324515850933e-06,-2.0339662043511453e-07,0.0,7,-0.00019711796478616837,0.0
29.248580833000233,-1.2366854715183212e-05,-2.7143937218038946e-15,-0.00029285130406062336,0.7847999999999973,-1.2485238448272355e-06,-2.1584233289573262e-07,0.0,7,-0.00020917950290044526,0.0
29.258593980001024,-1.3123566178332024e-05,-2.8795531557083236e-15,-0.000310768191365856,0.7847999999999968,-1.324905697787343e-06,-2.2904943941526312e-07,0.0,7,-0.00022197727954704,0.0
29.26878096300061,-1.3926579978422518e-05,-3.0558411943473996e-15,-0.00032978366975190096,0.7847999999999965,-1.4059748228435238e-06,-2.430646741657938e-07,0.0,7,-0.0002355597641085007,0.0
29.278931139000633,-1.4778730295009131e-05,-3.242915919637072e-15,-0.0003499630113770718,0.784799999999996,-1.4920063857022117e-06,-2.5793750291214224e-07,0.0,7,-0.0002499735795550513,0.0
29.28923769100038,-1.5683023744598903e-05,-3.441437659934178e-15,-0.00037137714319749823,0.7847999999999955,-1.5833023145990654e-06,-2.7372040101170114e-07,0.0,7,-0.00026526938799821304,0.0
29.299688187000356,-1.664265090698166e-05,-3.6521068850163135e-15,-0.0003941015908518335,0.784799999999995,-1.6801845528766544e-06,-2.9046905458685046e-07,0.0,7,-0.0002815011363227382,0.0
29.31039269699977,-1.766099757167134e-05,-3.875666892764476e-15,-0.000418216528771245,0.7847999999999943,-1.7829949074330763e-06,-3.082425568123881e-07,0.0,7,-0.0002987260919794607,0.0
29.31991331900099,-1.8741644279906158e-05,-4.111528579704783e-15,-0.00044380344220534487,0.7847999999999935,-1.8920751981468006e-06,-3.2710339992192417e-07,0.0,7,-0.0002987260919794607,0.0
29.330391961000714,-1.9888414923524097e-05,-4.363282897018494e-15,-0.0004709592368887005,0.7847999999999926,-2.0078493001742687e-06,-3.4711832341827176e-07,0.0,7,-0.00031700245871810347,0.0
29.34083903500141,-2.1105357000079484e-05,-4.630441567269209e-15,-0.0004997771276409414,0.7847999999999917,-2.1307101753502498e-06,-3.6835796946022015e-07,0.0,7,-0.00035698366260067247,0.0
29.35095868999997,-2.2396764156614542e-05,-4.913947602825018e-15,-0.0005303584041105423,0.7847999999999906,-2.2610890046961855e-06,-3.908972763255747e-07,0.0,7,-0.00035698366260067247,0.0
29.36151876800068,-2.3767192830321495e-05,-5.214801317832893e-15,-0.0005628109237545331,0.7847999999999893,-2.399445552480242e-06,-4.148157688455001e-07,0.0,7,-0.0004020078026818094,0.0
29.371472270000595,-2.5221478227649295e-05,-5.534064208688375e-15,-0.0005972491828502704,0.7847999999999882,-2.5462679497883723e-06,-4.4019783729254414e-07,0.0,7,-0.0004020078026818094,0.0
29.382600300001286,-2.6764751422965578e-05,-5.87286271803824e-15,-0.0006337946877949894,0.7847999999999865,-2.70207422074335e-06,-4.671330358085868e-07,0.0,7,-0.00045271049128213525,0.0
29.393051634000585,-2.840245750044057e-05,-6.232392226423254e-15,-0.0006725763805561939,0.7847999999999847,-2.86741408932431e-06,-4.957163990404467e-07,0.0,7,-0.00048041170039728133,0.0
29.403105569001127,-3.0140354612602906e-05,-6.6117053010221385e-15,-0.0007137253058887251,0.784799999999983,-3.042837274265306e-06,-5.260484257085807e-07,0.0,7,-0.0005098037899205179,0.0
29.41378409800018,-3.191477940294879e-05,-3.2526763336156716e-08,-0.0007231862584877756,0.7847999999999773,-3.079162720821763e-06,-5.570179806291264e-07,0.0,7,-0.000516561613205554,0.0
29.424198206001165,-3.360577363855671e-05,-1.5654986466101077e-07,-0.000688635914602775,0.784799999999967,-2.925571791217432e-06,-5.865313976727293e-07,0.0,7,-0.0004918827961448392,0.0
29.43439238300016,-3.530026745120286e-05,-3.3467189436937477e-07,-0.0007098787146910605,0.7847999999999622,-3.0229353752127217e-06,-6.161058938580766e-07,0.0,7,-0.0005070562247793289,0.0
29.444669182001235,-3.7153271076397855e-05,-4.973639909540775e-07,-0.0007535012770685188,0.7847999999999591,-3.21754067325981e-06,-6.484469081691202e-07,0.0,7,-0.0005382151979060848,0.0
29.455217177001032,-3.8792241920525256e-05,-8.211944981846956e-07,-0.000649369157535439,0.7847999999999408,-2.765243840691534e-06,-6.770523457433342e-07,0.0,7,-0.0004638351125253136,0.0
29.465814480001427,-4.050585216447331e-05,-1.175077068599438e-06,-0.000738646196439506,0.7847999999999423,-3.1735536349755504e-06,-7.06960486596131e-07,0.0,7,-0.0005276044260282185,0.0
29.476177743001244,-4.2607523080995294e-05,-1.4151729269707682e-06,-0.0008218195170775396,0.7847999999999419,-3.544908679044336e-06,-7.436415638828464e-07,0.0,7,-0.0005870139407696712,0.0
29.486264364000817,-4.4048508365533835e-05,-2.0334861997292036e-06,-0.0005329280601416151,0.784799999999905,-2.2868711807508987e-06,-7.687915015708313e-07,0.0,7,-0.00038066290010115364,0.0
29.49691865800014,-4.577947835682213e-05,-2.5911924831083497e-06,-0.0008088449350764134,0.7847999999999248,-3.5338897784153326e-06,-7.990026271720296e-07,0.0,7,-0.0005777463821974382,0.0
29.50691162000112,-4.8218094335632484e-05,-2.894587411298636e-06,-0.0008853375869143806,0.7847999999999212,-3.8736652766833e-06,-8.415645051940146e-07,0.0,7,-0.000632383990653129,0.0
29.51716558100088,-4.909202157934539e-05,-4.006801260473587e-06,-0.0002779439624535108,0.7847999999998622,-1.2275593869887106e-06,-8.568174130196837e-07,0.0,7,-0.0001985314017525077,0.0
29.527441053000075,-5.108839371936153e-05,-4.680444805383314e-06,-0.0009863086280835738,0.7847999999999216,-4.398086007128871e-06,-8.916606799580507e-07,0.0,7,-0.0007045061629168385,0.0
29.5377355920009,-5.3138889663725385e-05,-5.411945669027167e-06,-0.0006200148162680692,0.7847999999998626,-2.7904460309081353e-06,-9.274485854859904e-07,0.0,7,-0.0004428677259057637,0.0
29.548240285001157,-5.391620949276609e-05,-6.826473065131823e-06,-0.0003888582628199338,0.7847999999998398,-1.8296169090604644e-06,-9.4101537584379e-07,0.0,7,-0.0002777559020142384,0.0
29.558326696000222,-5.6993606445357576e-05,-7.26070117090131e-06,-0.0012800568635153815,0.7847999999999399,-5.786313154648407e-06,-9.947260850573514e-07,0.0,7,-0.0009143263310824153,0.0
29.56895095800064,-5.801020764708251e-05,-8.746876209972327e-06,-4.97057500422957e-05,0.7847999999997997,-3.8021976475792634e-07,-1.0124691232071825e-06,0.0,7,-3.550410717306836e-05,0.0
29.579053572000703,-5.893661821592731e-05,-1.0376605217820364e-05,-0.0007671320859272701,0.7847999999998457,-3.642164586076922e-06,-1.0286380378587978e-06,0.0,7,-3.550410717306836e-05,0.0
29.589656044001458,-6.320945458353918e-05,-1.05440054823699e-05,-0.0015061444841489033,0.7847999999999514,-6.891469334721256e-06,-1.1032131008725798e-06,0.0,7,-0.001075817488677788,0.0
29.59995323700059,-6.282630799517031e-05,-1.298259657039339e-05,0.0006128253597682953,0.7847999999997874,2.4095424608576054e-06,-1.0965259313877596e-06,0.0,7,0.0004377323998344967,0.0
29.61052770200149,-6.384936185534411e-05,-1.4879194721308657e-05,-0.0009478171776727052,0.7847999999998415,-4.608222574749467e-06,-1.1143815896730302e-06,0.0,7,-0.000677012269766218,0.0
29.62057758500123,-6.807878169233233e-05,-1.538438734281345e-05,-0.0013519910613964334,0.7847999999998858,-6.377727227722025e-06,-1.1881988912776364e-06,0.0,7,-0.0009657079009974524,0.0
29.631331823000437,-6.733681029357705e-05,-1.8316978544977137e-05,0.0006801357711140071,0.7847999999997545,2.516441740384778e-06,-1.175249047413729e-06,0.0,7,0.00048581126508143364,0.0
29.64108222499999,-6.761507496165885e-05,-2.089589740561419e-05,-0.0007610584866544044,0.784799999999791,-4.003070094267063e-06,-1.1801056820637257e-06,0.0,7,-0.0005436132047531459,0.0
29.65136398300092,-7.334017633648712e-05,-2.1047001184976335e-05,-0.001949904711981364,0.7848000000000187,-9.22079931191537e-06,-1.2800275510649328e-06,0.0,7,-0.0013927890799866885,0.0
29.66171167200082,-7.20367152848203e-05,-2.4589346739820732e-05,0.001291896893602472,0.784799999999791,5.02538091256554e-06,-1.2572778640418392e-06,0.0,7,0.0009227834954303371,0.0
29.672046510000655,-7.27679191828681e-05,-2.7316500535750408e-05,-0.0011317065454696832,0.784799999999821,-5.857112416432386e-06,-1.27003977956619e-06,0.0,7,-0.0008083618181926308,0.0
29.682517399000062,-7.792399377896733e-05,-2.8097480512575217e-05,-0.0014324605291822735,0.7847999999998418,-7.152677357749708e-06,-1.3600302577465584e-06,0.0,7,-0.0010231860922730524,0.0
29.693190621001122,-7.626793068487062e-05,-3.2179852829529806e-05,0.0011425098834732144,0.78479999999972,4.107594863702752e-06,-1.331126504133806e-06,0.0,7,0.0008160784881951531,0.0
29.702947588000825,-7.690852149604325e-05,-3.533121966123718e-05,-0.0010053120811341304,0.7847999999997702,-5.559488177815692e-06,-1.3423069229467899e-06,0.0,7,-0.0007180800579529503,0.0
29.712919318000786,-8.334994724356411e-05,-3.590299966603688e-05,-0.0019399880468134614,0.7847999999999566,-9.640279156913346e-06,-1.4547310107637657e-06,0.0,7,-0.001385705747723901,0.0
29.723294664001514,-8.113968870432902e-05,-4.0639396129248823e-05,0.0017046204927595877,0.7847999999997679,6.349030757558494e-06,-1.4161547219337933e-06,0.0,7,0.0012175860662568484,0.0
29.733594651001113,-8.316738935884646e-05,-4.355097489253556e-05,-0.001696003419571441,0.7847999999999004,-8.853231512257195e-06,-1.4515447745999666e-06,0.0,7,-0.0012114310139796007,0.0
29.743668839000748,-8.88446640204853e-05,-4.489098096366883e-05,-0.0011657275213098226,0.7847999999996951,-6.454723206968351e-06,-1.5506319099856114e-06,0.0,7,-0.0012114310139796007,0.0
29.754128904000027,-8.542017623972707e-05,-5.061983586730865e-05,0.0017080614595836763,0.7847999999997107,6.056128872365905e-06,-1.4908633230170665e-06,0.0,7,0.0012200438997026259,0.0
29.764721458001077,-9.079999061889285e-05,-5.240140476004254e-05,-0.0026765497308546943,0.7848000000002278,-1.3420224350394477e-05,-1.584758797079644e-06,0.0,7,-0.0019118212363247818,0.0
29.774775532001513,-9.343014975295149e-05,-5.560066432513617e-05,0.0005782679773962256,0.7847999999994824,9.819672995393852e-07,-1.63066373382037e-06,0.0,7,0.0004130485552830183,0.0
29.785284695000882,-9.001423046283842e-05,-6.178351936817304e-05,0.0006812859038117717,0.7847999999995213,1.1610253539682242e-06,-1.5710446952255097e-06,0.0,7,0.0004866327884369798,0.0
29.79530091400011,-9.931886629036996e-05,-6.219268203094992e-05,-0.0030617851714801383,0.7848000000003521,-1.5341322689472542e-05,-1.7334412261149623e-06,0.0,7,-0.0021869894082000986,0.0
29.80606702500154,-9.681175251193999e-05,-6.825595873793521e-05,0.002656335575623913,0.7847999999998267,9.832080386910094e-06,-1.6896838359592437e-06,0.0,7,0.0018973825540170805,0.0
29.815971916999843,-9.682449635843768e-05,-7.332823765093013e-05,-0.0015651947929486891,0.7847999999997723,-9.116632265918493e-06,-1.689906258039997e-06,0.0,7,0.0018973825540170805,0.0
29.826631240001007,-0.00010984964894870498,-7.248583440917922e-05,-0.0034874970646835528,0.7848000000004913,-1.7409465789382863e-05,-1.9172380563148295e-06,0.0,7,-0.0024910693319168233,0.0
29.83692990000054,-0.00010291044939665088,-8.111539041932482e-05,0.004485728537109285,0.7848000000006102,1.7628264987671157e-05,-1.7961261766785697e-06,0.0,7,0.0032040918122209173,0.0
29.847109689000717,-0.0001050309368817794,-8.572683862848768e-05,-0.0031390404810696408,0.7848000000004165,-1.6398732565018484e-05,-1.8331356650413966e-06,0.0,7,-0.0022421717721926005,0.0
29.857276837001336,-0.00011750474594123567,-8.566586867003575e-05,-0.0021559464008730597,0.7847999999997322,-1.1802592667049016e-05,-2.050844703394006e-06,0.0,7,-0.0015399617149093282,0.0
29.867760647000978,-0.00010434020088572118,-9.774441220717245e-05,0.006002322847178742,0.7848000000016226,2.3838797938246965e-05,-1.8210800476481381e-06,0.0,7,0.00428737346227053,0.0
29.877742784001384,-0.00011627264442506869,-9.833910362860238e-05,-0.0072799551075566765,0.7848000000041009,-3.5031059128579024e-05,-2.0293404752180777e-06,0.0,7,-0.005199967933969055,0.0
29.88820326700079,-0.0001256024192041359,-0.00010029235019156754,0.0014803935201810683,0.7847999999991223,4.03180846036996e-06,-2.192175763582327e-06,0.0,7,0.0010574239429864774,0.0
29.898443609001333,-0.0001021255780656855,-0.00011776611003158733,0.007488194192974975,0.784800000002918,2.9753934095275143e-05,-1.782427587748714e-06,0.0,7,0.005348710137839268,0.0
29.90889096200044,-0.0001342251210553013,-0.00010954976343588851,-0.015030294479334754,0.78480000001826,-6.952819950346525e-05,-2.3426703013029737e-06,0.0,7,-0.010735924628096251,0.0
29.918977163000818,-0.00012974279574881753,-0.0001185116268806677,0.01126457446669137,0.7848000000078434,4.703532745766324e-05,-2.264438966559368e-06,0.0,7,0.008046124619065264,0.0
29.929463837001094,-9.406714867466681e-05,-0.00014231550014965204,0.005960715429470813,0.7848000000014138,2.2037035923417635e-05,-1.6417814623359561e-06,0.0,7,0.004257653878193438,0.0
29.93989373000113,-0.00017540765182569616,-0.0001124979749191761,-0.03037153843135071,0.784800000073312,-0.00013706810312564234,-3.0614410575502404e-06,0.0,7,-0.021693956022393365,0.0
29.949744145000295,-0.00014348121200039637,-0.0001340910084219864,0.025994744198952393,0.7848000000492195,0.00011230515951318839,-2.504219564158916e-06,0.0,7,0.018567674427823137,0.0
29.959939439000664,-7.335209143221256e-05,-0.00017465951791116775,0.00921452219869418,0.7848000000046079,3.5104592255630194e-05,-1.2802355087160322e-06,0.0,7,0.006581801570495843,0.0
29.970193400000426,-0.00022586666316124914,-0.00011160033972128409,-0.05857097686763216,0.7848000002704685,-0.000261494392748384,-3.9421169426567815e-06,0.0,7,-0.04183641204830869,0.0
29.980558340001153,-0.00011369554350776172,-0.00017193247857087246,0.07650767726464565,0.7848000004486494,0.00033519467769875554,-1.984361579054905e-06,0.0,7,0.05464834090331832,0.0
29.990874600000097,-3.6767464424760024e-05,-0.0002165497663440462,-0.019231051606340577,0.7848000000347839,-9.336022208872637e-05,-6.417133118219454e-07,0.0,7,-0.013736465433100411,0.0
30.001032738000504,-0.000363167367642307,-7.303244383222275e-05,-0.10258994812521621,0.7848000008145296,-0.0004534346538858193,-6.338466301158974e-06,0.0,7,-0.07327853437515443,0.0
30.01122258400028,8.307444456916768e-06,-0.00025481903807247143,0.19585720228389225,0.7848000029658391,0.0008610811723786379,1.449922581997498e-07,0.0,7,0.1398980016313516,0.0
30.021518381001442,-1.7870515186424253e-05,-0.000252523706054441,-0.12947219523811285,0.7848000013689196,-0.0005850082230079655,-3.1189932903075146e-07,0.0,7,0.1398980016313516,0.0
30.03212958200129,-0.0006411746318561905,2.9059973120871014e-05,-0.13971969816257596,0.7848000014643058,-0.0006100974616237698,-1.1190608406153046e-05,0.0,7,-0.09979978440183998,0.0
30.042496897000092,0.00037565820605308325,-0.0004542248824561303,0.4480450477240149,0.7848000155067522,0.001969466056515937,6.5564725577615945e-06,0.0,7,0.3200321769457249,0.0
30.05275651500051,-0.00014729366765786514,-0.00022199792420688,-0.4617565757072651,0.7848000169592815,-0.002059161113156594,-2.5707594679680312e-06,0.0,7,-0.32982612550518936,0.0
30.062427367000055,-0.0011297859502881844,0.0002274327547054733,-0.06169068064797102,0.7848000001691526,-0.00024770884377557265,-1.9718484675301795e-05,0.0,7,-0.32982612550518936,0.0
30.07261679400108,0.0013308589863382004,-0.0009300556648008922,0.9124764465289795,0.7848000639597525,0.004002049755171822,2.322787119135583e-05,0.0,7,-0.044064771891407874,0.0
30.083280657001524,-0.0008374504117084956,6.677877179835941e-05,-1.3332848926270802,0.7848001397958959,-0.005912651922517967,-1.461626700649532e-05,0.0,7,-0.9523463518764859,0.0
30.09366473299997,-0.001777992472321622,0.0004989039222044455,0.49275032760816345,0.7848000198542034,0.002238478207904564,-3.103182271768645e-05,0.0,7,0.3519645197201168,0.0
30.10381120800048,0.005540699196752473,-0.002926504380500254,2.353926984618733,0.7848004202366868,0.010272188933857633,9.670344384593577e-05,0.0,7,1.6813764175848092,0.0
30.113979263000147,-0.0032349564589623926,0.001145665938819278,-4.567382298233388,0.784801633682605,-0.020213288030468766,-5.646064136755058e-05,0.0,7,-3.2624159273095628,0.0
30.123968384001273,-0.0026205537816967437,0.0008655225160534935,3.0509899992647864,0.784800744342009,0.013645076397899681,-4.573729171619689e-05,0.0,7,-3.2624159273095628,0.0
30.134714380999867,0.0118807631395454,-0.005915073795367766,3.26420350920824,0.7848007881103294,0.014111577185807841,0.00020735843443464574,0.0,7,2.331573935148743,0.0
30.144886627000233,-0.012178250147557898,0.005281567107867024,-10.55775960773079,0.7848086600299928,-0.04655344741664624,-0.00021255056220637059,0.0,7,-7.5412568626648495,0.0
30.155678580000313,0.00011047039253888766,-0.00041760153925480815,10.904134613446214,0.784809400406023,0.04847784739504128,1.9280720757741676e-06,0.0,7,7.7886675810330095,0.0
30.165787549000015,0.023232840909019996,-0.011242993593284801,1.4626245224562253,0.784800098806665,0.005724207798142398,0.0004054895684544313,0.0,7,1.0447318017544467,0.0
30.176112539000314,-0.03511122084426114,0.015946319529197294,-21.614027579532276,0.7848359985358638,-0.09496343398879718,-0.00061280640812722,0.0,7,-15.438591128237341,0.0
30.186098517000573,-0.009358542853948718,0.004014350469723947,3.743604918993795,0.7848377217154913,0.09711713279701797,-0.00016333738599039194,0.0,7,15.552352896221072,0.0
30.196514721001222,0.03875194644431819,-0.018508958714500163,3.5522908514836167,0.7848007483490631,0.014474981574515832,0.0006763490570098618,0.0,7,2.5373506082025834,0.0
30.206843552001374,-0.0793400161752386,0.036503798825836355,-22.2317241455598,0.7849499179476077,-0.19383895664534956,-0.001384744510843472,0.0,7,-31.54379187584323,0.0
30.217117349000546,0.02253772653680795,-0.01087976452835501,3.1831758555640994,0.7851167970910529,0.2814371373449336,0.0003933575339813977,0.0,7,29.451968126854123,0.0
30.22738025000035,0.19371146900610003,-0.09095562020204949,29.143890857493304,0.7849035067162766,0.16259564812063634,0.0033809029330313933,0.0,7,27.135544918189204,0.0
30.23783863800054,-0.12221906542702582,0.056176041070789,3.6041483612721525,0.7862289475881846,-0.5978796579451771,-0.00213312510041197,0.0,7,-34.15983707274156,0.0
30.24793678200149,-0.4288218257564895,0.1996167207886246,-22.844936641878533,0.7853853300340248,-0.38610886772497516,-0.007484352763864166,0.0,7,-34.15983707274156,0.0
30.258600922999904,0.03558228331990163,-0.016621426676975384,2.697423357356954,0.7885482885691264,0.9680346376435753,0.0006210279993097423,0.0,7,-2.8953343088394377,0.0
30.26873538500149,1.1196113102192127,-0.5230552643897579,28.595105856264624,0.7977582751449318,1.8050755611786762,0.019540903705892898,0.0,7,59.25910368853897,0.0
30.278773605001334,1.7722439726634476,-0.8288019424030239,53.703578356770365,0.7881570963925572,0.9413815903159073,0.03093149247160154,0.0,7,119.51943768975275,0.0
30.289063395000994,0.9482701809448815,-0.4439696604480573,28.001105857991703,0.7966383567706381,-1.7242460708579765,0.016550436855970574,0.0,7,57.83350369268396,0.0
30.299392296001315,-1.4394881781508806,0.6741550049412499,2.0365483591818223,0.8540805883850044,-4.165465893431557,-0.025123808252267565,0.0,7,-4.4814343044597535,0.0
30.3098141570008,-4.330015308582828,2.0297747460352924,-24.341296642479804,0.8808591879283124,-4.928975761434765,-0.07557302379652864,0.0,7,-4.4814343044597535,0.0
30.320033197000157,-6.756138904460425,3.1668649353725447,-49.50721164145894,0.8465934727265253,-4.016165899189624,-0.11791686860491701,0.0,7,-128.18645830599758,0.0
30.330250980001438,-7.592738192936058,3.5509842714774935,-75.507736640749,0.7867717063938715,-1.1632018224467435,-0.13251828070865868,0.0,7,-128.18645830599758,0.0
30.340476586001387,-6.114167137847647,2.8348164160946205,-49.807184139855465,0.8149715698526031,2.846211643944194,-0.10671234757267944,0.0,7,-190.58771830429373,0.0
30.35089746900121,-2.2970875227998007,1.0076459195050875,-23.896406640734725,0.9687099451876975,6.786480394108812,-0.040091740479336835,0.0,7,-128.90639230214924,0.0
30.361233773001004,2.28942985432451,-1.192354080553103,1.9688008628223064,1.0321372337152859,7.868456877709016,0.03995808895141684,0.0,7,-66.72052630425947,0.0
30.371749501000522,6.862582656601023,-3.3923540805615597,27.704798359489857,1.0359713408185105,7.96841666765934,0.11977466254794722,0.0,7,57.12236569627953,0.0
30.381632323000304,11.00202899665595,-5.386195914786293,53.20490586332066,0.9764469995570989,7.050871302234407,0.19202163039153453,0.0,7,57.12236569627953,0.0
30.39283264000005,13.742484258831846,-6.704583490048233,79.92165836317194,0.8550063921302519,4.512192727639395,0.23985159772010833,0.0,7,182.44282970511654,0.0
30.402893419000975,14.375083636226398,-6.993300003120752,105.64753086004978,0.7752868423434023,0.8325275398793027,0.25089253970170944,0.0,7,197.34363150150918,0.0
30.413558190000913,12.591763477923127,-6.09585919733056,79.51919585725457,0.8197695171208453,-3.331946818265317,0.2197677313221309,0.0,7,134.63562749480067,0.0
30.423710880000726,8.617179009880775,-4.12464661243693,53.59968835950761,0.9727937549060971,-6.935837400141904,0.15039814595616452,0.0,7,72.42880950020796,0.0
30.433953457000825,4.2126549576199555,-1.9246466123741899,27.309843359442798,1.014472186181756,-7.5949381563265455,0.07352469926093042,0.0,7,72.42880950020796,0.0
30.44454021400088,-0.15550295841431844,0.27535338763819583,1.0762233582213732,1.0166595419885096,-7.613491104577585,-0.002714038620921677,0.0,7,9.333181500052405,0.0
30.454855636000502,-4.0884411668514336,2.2816497245548217,-24.847651642222868,0.963208907428405,-6.697154101620056,-0.07135675963563637,0.0,7,-53.627506502879015,0.0
30.46502983800019,-6.621190225127236,3.634423701209416,-50.42825164178018,0.8508167815299889,-4.1422824387409625,-0.11556156982933485,0.0,7,-115.8448065039452,0.0
30.475370403000852,-6.935132338805039,3.939611659074226,-76.20702914077944,0.7822072759439315,-0.2637585596809728,-0.12104089337368285,0.0,7,-177.23824650288273,0.0
30.485375797001325,-4.991477302441395,3.172806387605445,-51.10571913842384,0.8326679879007953,3.5126950297022903,-0.08711771346616715,0.0,7,-115.3691805052845,0.0
30.495779918001062,-1.5729387016362333,1.7020047848477926,-26.23959914085523,0.9260544210279107,5.945634550005276,-0.02745295927559699,0.0,7,4.552651494533592,0.0
30.505813808000312,2.3048447680808297,0.006348830201007797,-0.06010663905859914,0.9615795481388605,6.653889848795892,0.040227129950375584,0.0,7,4.552651494533592,0.0
30.516586693000136,5.608327570470835,-1.425577525003608,25.77227585920676,0.9063256236021368,5.554366782091519,0.09788378163509037,0.0,7,129.38115149468237,0.0
30.527245178000157,7.340768475488126,-2.1060966608047993,52.68179085892237,0.80239644372943,2.2810436582139637,0.12812057952387246,0.0,7,193.96398749399984,0.0
30.536823909000304,6.673967564937658,-1.6748815646911313,28.873775855980544,0.7893703041482486,-1.3443753706992065,0.1164827081794706,0.0,7,136.82475148693945,0.0
30.546742907999942,3.6392668791979075,-0.10640686203144908,3.8882258572344064,0.9042530014293575,-5.482797898085956,0.06351718940078221,0.0,7,76.85943148994872,0.0
30.556821776001016,-0.7093520618718789,2.09052040768147,-21.3066741421712,1.0016758116187796,-7.363862510259092,-0.012380529035474819,0.0,7,16.391671491375263,0.0
30.567342254000323,-5.0464066311192,4.290520407699236,-46.9632266399926,1.0109884511547913,-7.54502286295567,-0.08807641110750497,0.0,7,-45.184054503396084,0.0
30.577799315000448,-9.033665574733035,6.327250206789377,-73.50013663976958,0.9659376452972376,-6.81918022161581,-0.15766720780315735,0.0,7,-108.87263850286084,0.0
30.587836696000522,-11.88426253229802,7.819636116902139,-98.67460664149937,0.8649797317967556,-4.706128867882679,-0.2074195103599994,0.0,7,-169.29136650701233,0.0
30.59780528400006,-12.649901759126337,8.30404359652376,-123.63291664182859,0.7796584113761055,-1.0468252039124886,-0.2207824357505772,0.0,7,-229.19131050780246,0.0
30.60796279399983,-10.965228069249902,7.597531992959206,-98.28663414150603,0.8176404799653884,3.1624596664760407,-0.19137933304051158,0.0,7,-168.36023250702831,0.0
30.61823952300074,-6.89196322313019,5.733396527962456,-72.60773164357622,0.9902048896614594,7.215266801010632,-0.12028745016998243,0.0,7,-106.73086651199677,0.0
30.62888746200042,-1.6820341061228956,3.313396527865247,-46.02402664072676,1.051219481910223,8.163769991133714,-0.02935703328268424,0.0,7,-42.92997450515807,0.0
30.638485049999872,2.5535366309538388,1.3333965278293842,-21.044066641981285,1.0535572062298768,8.20284780539643,0.044567621780427835,0.0,7,-42.92997450515807,0.0
30.64886814900092,7.114973631560234,-0.8043757561456935,4.64828335811811,1.0319167902761297,7.907882561336977,0.12417971606330402,0.0,7,17.02192949183106,0.0
30.659621479000634,10.918044577523016,-2.582714251645292,30.7692833589031,0.9427972282251916,6.424562575576632,0.1905558257572899,0.0,7,141.37396949395358,0.0
30.669466027000453,12.95098687414061,-3.5091543920430035,56.43020335942177,0.8168210414161534,3.240480577537892,0.2260373623363221,0.0,7,141.37396949395358,0.0
30.67987783100034,12.610321327134885,-3.2822263299998258,31.42859086114962,0.7780926292989138,-0.8304092519136003,0.2200916268929647,0.0,7,142.95630749934523,0.0
30.69018515100106,9.877122772038572,-1.8896042213910846,5.5757808617713955,0.8776918790473391,-4.9675968199616385,0.1723883129957824,0.0,7,80.90956350083749,0.0
30.700088786001288,5.566616140468982,0.2751612478410781,-19.938294138729784,0.9967800158983827,-7.311472826328452,0.0971557798458429,0.0,7,80.90956350083749,0.0
30.71089114500137,1.2225659935875888,2.475161247861596,-46.27161664170805,1.0123689209460909,-7.544174039748602,0.021337801911019305,0.0,7,-43.52419050751317,0.0
30.720760138001424,-2.759174137688932,4.517851012238407,-70.96906664041987,0.9698604241554527,-6.810200746318171,-0.04815667333854723,0.0,7,-102.79807050442153,0.0
30.731186607999916,-5.52851339191409,5.9980801001090756,-96.65320913750426,0.8668580521715308,-4.579392671206055,-0.09649076142950053,0.0,7,-164.44001249742408,0.0
30.741349845000514,-6.190312613398782,6.487253838183768,-122.52085913910511,0.785399306886602,-0.849604158331038,-0.1080413368315436,0.0,7,-191.06161098822565,0.0
30.7515159450013,-4.319626841034439,5.779319328525467,-96.60030413993033,0.8325333253769602,3.4945665115484568,-0.07539171083357266,0.0,7,-191.06161098822565,0.0
30.762001222001345,-0.09613020211616802,3.9589364830444103,-71.05217914027114,1.0094983330761171,7.494979742700443,-0.0016777885375347523,0.0,7,-67.53677899102411,0.0
30.77202030599983,4.919049519296878,1.7589364829857081,-45.12917913739463,1.0801716409849405,8.614187602350723,0.08585361018037485,0.0,7,-67.53677899102411,0.0
30.78285276600036,9.92847047290726,-0.4410635170231882,-19.228876638909664,1.0838022355336239,8.730390988605603,0.17328449943927016,0.0,7,56.839147012243416,0.0
30.793328824000127,14.519553186383227,-2.435821741931213,7.24761836086012,1.0183144460659623,7.8429405093181925,0.25341400902082123,0.0,7,120.3827350116909,0.0
30.803034667000247,17.82654056945732,-3.795502187653746,32.46504336079718,0.8867708455228556,5.495700078501099,0.3111318271773751,0.0,7,120.3827350116909,0.0
30.813606827001422,19.034863909843395,-4.103209876409979,58.768855862079846,0.7770450064256473,1.8507648711977487,0.3322210478958083,0.0,7,180.90455501153986,0.0
30.823807079999824,17.908587003967618,-3.229104278480024,33.95930836309029,0.7847030045486566,-2.174594224879855,0.31256380759910174,0.0,7,184.4907910170433,0.0
30.833395519000987,14.612095651403955,-1.2566534741195543,9.12950586230048,0.9042660632394046,-5.747996920991625,0.2550291797333446,0.0,7,184.4907910170433,0.0
30.84401810500094,10.918443514632866,0.9433465259816618,-16.50958663826847,0.939218655190853,-6.35456453296537,0.19056278852336517,0.0,7,63.36544301378228,0.0
30.854034115000104,7.2825963687314905,3.1433465260369844,-42.40080913728113,0.9420792711197874,-6.3333396551242425,0.12710528472814753,0.0,7,63.36544301378228,0.0
30.86447162100012,3.690646706390848,5.343346526042807,-68.45842913530893,0.9410546605491005,-6.266347488158916,0.06441393655440475,0.0,7,1.2265090161519083,0.0
30.874514101000386,0.6030911298685835,7.322143446480037,-93.56881913713684,0.8928305566350738,-5.197410279075587,0.010525925905779498,0.0,7,-61.31177897911482,0.0
30.885207088000243,-0.949396537738818,8.592632627656414,-119.53931413568304,0.8081880343258,-2.420841968587145,-0.016570095490576975,0.0,7,-183.90590298001268,0.0
30.895357264000268,-0.19394725863153378,8.788168672707894,-93.6121241361902,0.7950205978840991,1.5986592827994057,-0.0033850182383372562,0.0,7,-183.90590298001268,0.0
30.905959456000346,2.909056671982458,7.886358472594929,-67.99677663234567,0.9078199818847345,5.55710466673424,0.05077261705320257,0.0,7,-60.20381297200299,0.0
30.915890748001402,7.61380574466041,6.234292063671759,-42.32677913346512,1.0501142717745875,8.197161247150746,0.13288597885158282,0.0,7,-60.20381297200299,0.0
30.92648365200148,13.39433841551116,4.136254206376721,-15.701344135369677,1.104058747045047,9.082022192611987,0.23377530647703004,0.0,7,1.4041810253103222,0.0
30.936817093001082,17.736344977942792,2.6165685467852593,9.439253364188094,1.0409656868901935,8.288803821881132,0.3095576171346628,0.0,7,125.64265901967804,0.0
30.94651734800027,21.158518429221502,1.6362586525114107,34.53899336495718,0.8884842932923028,5.703897665917951,0.369285811433814,0.0,7,125.64265901967804,0.0
30.956834026999786,22.48983846437014,1.7311627279563975,59.539733366772026,0.7723394478621982,2.0846158464419977,0.39252172944492436,0.0,7,245.88381102587948,0.0
30.96702555000047,21.563573626729102,3.0018479625235397,34.006450865898415,0.7705419021459441,-1.8169924291735333,0.37635535828263755,0.0,7,184.60393302378282,0.0
30.97750593800083,18.968430971727333,5.152466315595266,7.8884183689738485,0.8380299765493814,-4.316774086150449,0.3310615743939094,0.0,7,121.92065503116385,0.0
30.987535567001032,16.356121702209457,7.3524663156936985,-17.983424130353765,0.8503865299956628,-4.512953326107596,0.28546817656045453,0.0,7,121.92065503116385,0.0
30.998095156001,13.8159280626476,9.55246631575078,-43.57729413054719,0.8517441067545205,-4.42428103542685,0.24113343391188202,0.0,7,-1.5970549676866312,0.0
31.008102576000965,11.35203686585239,11.745764895330485,-69.40740413351838,0.8507465164986392,-4.290201485142471,0.19813042011690207,0.0,7,-1.5970549676866312,0.0
31.018384054999842,9.440997162246783,13.701932688378813,-95.13589662997353,0.8189299635892235,-3.1402629071429633,0.16477648515264764,0.0,7,-63.5893189748175,0.0
31.028826519001086,9.118941196537648,14.927328054322908,-120.22027163179834,0.7801239153375409,-0.2661180789856736,0.15915554817533328,0.0,7,-172.30270387354835,0.0
31.039107927999794,11.136325833695382,15.063180289071978,-94.40692413004533,0.8349554041330959,3.792892580208755,0.19436555237288689,0.0,7,-110.35066986934112,0.0
31.049430054999902,15.395765044978596,14.147335423024526,-68.58554413024783,0.9978606322994731,7.535613687188515,0.2687067908983294,0.0,7,-48.37935786982712,0.0
31.060141339999973,21.6430483347964,12.40512309209287,-41.73172663154352,1.1546070893855962,9.968342781228666,0.3777424536104732,0.0,7,16.069804127063207,0.0
31.069965704000424,27.107428998519875,10.82802150993738,-17.092941633155956,1.1800233156902002,10.46813010598694,0.47311388777476093,0.0,7,75.20288812319336,0.0
31.080118185000174,32.60775334946271,9.413048916987456,8.833025869033495,1.077994307145271,9.421313581374381,0.5691126576263335,0.0,7,75.20288812319336,0.0
31.09070969200002,36.74715514705865,8.803764194720348,34.70155086820208,0.9023460463295072,6.991466104847126,0.6413588480573544,0.0,7,199.50967012645265,0.0
31.10111793299984,39.102505122587395,9.29388025270754,60.15329336737389,0.7589650838776612,3.9387591444229066,0.682467460167099,0.0,7,260.0,0.0
31.111072622001302,39.646763563196465,11.145943406382377,86.47055086971571,0.6958853072989133,0.5788260136762743,0.6919665619374973,0.0,7,260.0,0.0
31.12181226299981,39.44462183845942,13.125943406484836,61.32785837184977,0.6956438410579505,-0.23305182421539145,0.6884385232851757,0.0,7,136.4961199995014,0.0
31.131838121000328,39.34859429053871,15.325943406589438,35.48185836866517,0.6959211343653592,-0.13886903634923423,0.6867625264013428,0.0,7,74.46571999185835,0.0
31.14178889899995,39.386836413272725,17.525943406650413,29.776637962280063,0.6957035608964245,0.0801432211726262,0.6874299773560031,0.0,7,21.26902711591433,0.0
31.151763423000375,39.558484658907695,19.725943406670133,54.93120545961864,0.6953182560336536,0.31132916948377226,0.6904258043976053,0.0,7,49.20652337772689,0.0
31.162076820000948,39.86330148821437,21.925943406704953,80.31677296058041,0.6947791142617887,0.543679828031935,0.6957458616844963,0.0,7,78.7660332640189,0.0
31.172324495000794,40.30169108106316,24.12594340676216,106.114407959106,0.6940777659317025,0.7768855109442556,0.7033972034861851,0.0,7,109.90000573623574,0.0
31.182613308001237,40.87443201050292,26.325943406842907,131.83137296037165,0.6932040028308568,1.011494131646761,0.7133934184658415,0.0,7,142.699602005143,0.0
31.19313483299993,41.58266895582553,28.52594340694837,158.073027960748,0.6921461015904227,1.2481325874645142,0.725754485045988,0.0,7,177.2729558809598,0.0
31.20325071700063,42.4278297403714,30.725943407060623,183.23789546284678,0.6908891515437985,1.4872651000715527,0.7405053234450518,0.0,7,213.71243035943505,0.0
31.213682984000116,43.4115891097213,32.9259434071738,156.98681296326248,0.6894160092834101,1.7293530849420204,0.7576751634875505,0.0,7,150.70983236043273,0.0
31.22342933500113,44.53592424642347,35.125943407286755,131.73027796310924,0.6877082637283864,1.9749233882689998,0.7772985135188639,0.0,7,150.70983236043273,0.0
31.23375425500126,45.802980585965116,37.3259434073588,105.94032796289245,0.6857413186823745,2.22420587111962,0.799412818452133,0.0,7,90.09414836006496,0.0
31.24403859800077,47.98663330724872,39.000000000002224,0.0,0.7466870686208392,4.786757652929605,0.8375247481586658,0.0,7,28.1982683595447,0.0
31.254242412000167,52.915780426856564,38.891476864845274,-25.422234998586646,0.9057063351750252,8.317056700198844,0.9235545947110175,0.0,7,-33.81704763845167,0.0
31.264784959999815,58.2382296865217,38.59218914555915,-28.000000000000004,0.942434222353494,9.26659774827131,1.0164488585625087,0.0,7,-20.0,0.0
31.274446942001305,63.85922822579246,38.16433378772207,-28.000000000000004,0.9516809590043951,9.828505913801473,1.1145537903225753,0.0,7,-20.0,0.0
31.28482759600047,69.75852495326023,37.613403792157186,-28.000000000000004,0.9539077256807231,10.316808735269982,1.2175159417690145,0.0,7,-20.0,0.0
31.294632754001213,75.91435213340968,36.94483460839668,-28.000000000000004,0.9512615170281452,10.762926194625091,1.3249553942463805,0.0,7,-20.0,0.0
31.305449780000345,82.30361500314915,36.16376883668249,-28.000000000000004,0.9438660744584779,11.168196252507453,1.4364690680987557,0.0,7,-20.0,0.0
31.315323522001563,88.90193018529393,35.274807099991875,-28.000000000000004,0.9317516079596537,11.530738791769764,1.5516313931115118,0.0,7,-20.0,0.0
31.3255501750009,95.68346671114696,34.28175486615337,-28.000000000000004,0.9150423039947153,11.848024107040231,1.6699915338319045,0.0,7,-20.0,0.0
31.335492572001385,102.62057315584741,33.187374714120224,-28.000000000000004,0.8939320247581011,12.116816131494627,1.7910668818532454,0.0,7,-20.0,0.0
31.34597442700033,109.68321274277099,31.993154878151152,-28.000000000000004,0.8686317029925656,12.332879179852693,1.914333196526754,0.0,7,-20.0,0.0
31.35628174700105,116.83827477877347,30.69910879952153,-1.7583474961866186,0.8393199807224782,12.490779228794807,2.0392125872394464,0.0,7,-20.0,0.0
31.366950010000437,125.04272980631289,29.413384431832263,25.039770000395944,0.8588115189957257,13.150309584283928,2.182407340801811,0.0,7,42.97996600915212,0.0
31.377220943000793,132.50679244008677,28.86378849677026,49.771620003659336,0.97589912039682,14.565670372057953,2.3126798093362453,0.0,7,166.6518880087824,0.0
31.387263632001122,142.28625114489915,29.189889172417704,24.621595004893603,1.2825123021382911,17.324338553714455,2.4833635627980417,0.0,6,106.29182801174466,0.0
31.39751710500059,153.93206377490117,30.57641479722572,-1.2228324955940506,1.712800005512963,20.45044363321619,2.6866213372619168,0.0,6,44.265202010574285,0.0
31.407751231001384,166.88404548366861,32.633054599646464,-12.995451630122263,2.0488801989329133,22.575670466850887,2.91267606273799,0.0,6,-9.28246545008733,0.0
31.418027262001488,-179.93652687883318,34.80976311815129,-19.469747429720883,2.0999854853992153,22.912797977396885,-3.1404848386389146,0.0,6,-13.90696244980063,0.0
31.428135044001465,-167.02045568909043,36.8920264460982,-26.026059779742354,2.0319664588200608,22.482997810765113,-2.9150568699559223,0.0,6,-13.90696244980063,0.0
31.438510040999972,-154.5593423731583,38.806566978201765,-32.48169876011161,1.9188540726794818,21.684114664045627,-2.6975694141287985,0.0,6,-18.590042699815967,0.0
31.44899755300139,-145.66484571071544,38.9379118239512,-38.9599106395508,1.0479959877416065,15.649450652118734,-2.542331162061524,0.0,6,-27.828507599679142,0.0
31.459802915000182,-137.70600708901864,38.644758751331224,-45.673964279631036,0.877294923578238,13.920792468276925,-2.4034232234780273,0.0,6,-32.624260199736455,0.0
31.46932032500081,-130.34835259482188,38.08396545399765,-51.98739462040975,0.7932057094685898,12.795101474478574,-2.275007927330136,0.0,6,-32.624260199736455,0.0
31.480171014000007,-123.59985038087265,37.22327648336036,-58.41724958985651,0.7253587114064556,11.727198107826096,-2.157224344118595,0.0,6,-41.72660684989751,0.0
31.489858629000082,-117.44050202683901,36.03903040293251,-64.68333606024316,0.6696758680216401,10.701687777965619,-2.049723435563415,0.0,6,-46.20238290017369,0.0
31.49982554000053,-111.84278926916355,34.50305547561038,-70.95091815028354,0.6247849404950965,9.726018339566778,-1.9520249173610864,0.0,6,-50.67922725020253,0.0
31.51003731700075,-106.76616125395684,32.590025150603864,-77.38112529030332,0.5904762865766104,8.821429655744758,-1.8634210435967447,0.0,6,-55.272232350216655,0.0
31.519780106000326,-102.09473236573686,30.400647174813862,-83.54816694014517,0.5764211213481992,8.15843383075873,-1.7818892287245278,0.0,6,-59.67726210010369,0.0
31.530198614000255,-97.65653342156169,28.20064717476953,-90.09444716968574,0.579122040573043,7.729864172290476,-1.7044280442901352,0.0,6,-64.35317654977553,0.0
31.54039733100035,-93.44704855500798,26.000647174722545,-96.55395876006878,0.5835609489700531,7.327250764046412,-1.6309586735558987,0.0,6,-68.96711340004913,0.0
31.550419696000972,-89.46674642675598,23.800647174672207,-95.75817457080103,0.5879861221979494,6.927014077403391,-1.5614892961937636,0.0,6,-68.96711340004913,0.0
31.561031246999846,-85.71497409646524,21.60064717462214,-94.19946782518905,0.5921953559563602,6.52832230661528,-1.49600851624497,0.0,6,-67.28533416084932,0.0
31.57121522700072,-82.19013105190798,19.400647174573006,-92.52638871956887,0.5961528245534871,6.13251724168446,-1.4344883995014248,0.0,6,-66.0902776568349,0.0
31.581777191000583,-78.88983723626968,17.200647174524843,-90.74013680257505,0.5998462793937334,5.740913723874872,-1.3768874061353298,0.0,6,-64.81438343041074,0.0
31.591843416999836,-75.81109248190945,15.000647174477669,-88.84222415869861,0.6032710090963616,5.354578420657979,-1.3231531733432398,0.0,6,-63.45873154192758,0.0
31.601782671001274,-72.95042344143631,12.800647174431512,-82.56531428932338,0.6064269865635731,4.974325960218403,-1.2732250797771165,0.0,6,-58.97522449237384,0.0
31.611763761000475,-70.30401381409403,10.600647174388387,-76.28941619898886,0.6093177753207594,4.60074658622684,-1.2270365184235175,0.0,6,-54.492440142134896,0.0
31.621889142999862,-67.86782200896569,8.400647174348517,-70.7946177074813,0.6119491600615746,4.234223581608367,-1.184516950213924,0.0,6,-54.492440142134896,0.0
31.632657629001187,-65.63769044384897,6.200647174311532,-71.91860401630012,0.6143280890933992,3.8749522639842917,-1.1455938116499826,0.0,6,-51.370431440214375,0.0
31.643318279000596,-63.41756484203589,3.7806471742705647,-73.03754731961392,0.616661860492664,3.488150144266344,-1.1068453100905238,0.0,6,-52.16967665686708,0.0
31.652850565000335,-61.77897538853306,1.8006471742365118,-73.86339640417934,0.6183574051283778,3.1781125691344827,-1.078246529038445,0.0,6,-52.16967665686708,0.0
31.6636824670004,-60.14229825626651,-0.3993528258018083,-74.68828167884169,0.6200224701587232,2.8402052292269078,-1.0496811242882949,0.0,6,-53.34877262774406,0.0
31.6734571040015,-58.69561157693225,-2.5993528258405965,-75.41741176522616,0.6214634912813034,2.5089097098443505,-1.0244316784891687,0.0,6,-53.34877262774406,0.0
31.683666087001257,-57.435343678292746,-4.799352825879812,-76.05258678614047,0.6226860006553318,2.183821567098569,-1.0024358542007192,0.0,6,-53.869579832304396,0.0
31.694644238001274,-56.35819203632746,-6.999352825919407,-76.59547121369096,0.6236942512580148,1.8644688007393744,-0.9836360115051619,0.0,6,-54.711050866922115,0.0
31.704872985999828,-55.46115484283452,-9.199352825959329,-77.0475779592114,0.6244910334569528,1.5503248463307249,-0.9679797589658605,0.0,6,-55.03398425657957,0.0
31.715125830000034,-54.741555913582445,-11.399352825999529,-77.41025581955445,0.6250775354888313,1.2408201281133178,-0.9554203883565862,0.0,6,-55.293039871110324,0.0
31.72501933700005,-54.19706370603459,-13.59935282603995,-77.68467989215857,0.6254532372329329,0.9353522876122741,-0.9459172065834238,0.0,6,-55.293039871110324,0.0
31.735269597000297,-53.82570510581085,-15.799352826080549,-71.20871207247981,0.6256158302623009,0.6332952729957312,-0.939435776303922,0.0,6,-55.48905706582755,0.0
31.74577254399992,-53.62586507548589,-17.99935282611809,-64.87750565289822,0.6255612655995125,0.33402778584249687,-0.9359479097974663,0.0,6,-46.341075466355875,0.0
31.755829970999912,-53.59628968497177,-20.199352826152268,-58.49314613219101,0.6252834741489143,0.03691407063218155,-0.9354317218554318,0.0,6,-41.78081866585072,0.0
31.76596645800055,-53.73609877562218,-22.399352826183062,-52.05163112228981,0.6247743712560047,-0.25869604236116617,-0.9378718508115007,0.0,6,-37.17973651592129,0.0
31.77720910000062,-54.08493104696634,-24.819352826213148,-45.118500022476624,0.6239352028200211,-0.582902183459295,-0.9439601224836665,0.0,6,-32.227500016054734,0.0
31.786506927001028,-54.522198958360114,-26.79935282623453,-39.01380695277546,0.623020340916655,-0.8479815642170604,-0.9515918872508067,0.0,6,-32.227500016054734,0.0
31.796830171000693,-55.1685547283623,-28.99935282625498,-32.650084342990134,0.6217497614126128,-1.1429074601605234,-0.962872923576608,0.0,6,-23.32148881642152,0.0
31.806919795000795,-55.98440226062588,-31.199352826272065,-26.291553562445884,0.620196703010693,-1.4388237275950373,-0.9771121492088781,0.0,6,-18.779681116032776,0.0
31.81720728000073,-56.97061698134591,-33.39935282628581,-19.83855365310298,0.618343955002417,-1.7362931916352,-0.994324843217079,0.0,6,-14.170395466502129,0.0
31.827238655001565,-58.12837611519978,-35.599352826296176,-13.303405522151268,0.6161727666748185,-2.0358399748014646,-1.0145315520478668,0.0,6,-14.170395466502129,0.0
31.83776108800157,-59.459132154847715,-37.799352826303156,-6.859689922316438,0.6136630469064618,-2.3379415185255064,-1.0377576264805235,0.0,6,-4.899778515940312,0.0
31.84793878200071,-62.02744343648391,-39.00000000000044,0.0,0.6860612297663025,-5.234657596760974,-1.0825831145611904,0.0,6,0.0,0.0
31.858276973000102,-66.04212437926961,-39.0000000000001,6.072841086838918,0.7400824916978633,-6.861898977838976,-1.152652515429871,0.0,6,4.33774363345637,0.0
31.868698764001238,-70.2375276434812,-38.990681222700466,12.633421056994148,0.7396341733906096,-7.323852503981658,-1.2258761158392808,0.0,6,9.02387218356725,0.0
31.879065589000675,-74.63499219614229,-38.94697552503564,19.13930946682306,0.7331591614385418,-7.693926271584527,-1.3026263510229565,0.0,6,13.670935333445044,0.0
31.888944011001513,-79.25050601523218,-38.837981108686414,25.580824477870223,0.7264689140936388,-8.07589448730442,-1.383182263837373,0.0,6,13.670935333445044,0.0
31.89959977200124,-84.08786793178298,-38.633529399504255,32.098416396834395,0.719221473660649,-8.461723150602257,-1.4676101563917676,0.0,6,22.927440283453137,0.0
31.910331381001015,-89.13804924209252,-38.30361699005761,38.70858555770177,0.7102077174462115,-8.830412251183535,-1.5557524480793505,0.0,6,27.64898968407269,0.0
31.919945033001568,-94.37835950565871,-37.820662090304694,45.045468277417264,0.6979296371755338,-9.158144050911615,-1.6472131160046324,0.0,6,27.64898968407269,0.0
31.930155204001494,-99.77174229167927,-37.15111847120751,51.560639737340566,0.6807360800316309,-9.419866978769125,-1.741345403441076,0.0,6,32.17533448386948,0.0
31.940816551999887,-105.26613936383382,-36.2631149337374,58.048487467726986,0.6568994672549697,-9.589311142502712,-1.8372407227621093,0.0,6,41.4632053340907,0.0
31.95045737200053,-110.79408269405391,-35.123206632906,64.31980986746133,0.6247870739729561,-9.639672722993023,-1.93372153473811,0.0,6,41.4632053340907,0.0
31.96091310600059,-116.81534832010011,-33.53720202374483,70.89090642784434,0.578528329886435,-9.528201498795138,-2.038812445049774,0.0,6,45.94272133390095,0.0
31.971148210001047,-121.6107260954549,-31.949975664806608,77.18585697780803,0.5317156499222496,-9.28695702671726,-2.122507576106676,0.0,6,55.13275498414859,0.0
31.98152844500146,-126.71094893960047,-29.85424637020449,83.72201688780045,0.47369117822610346,-8.886216902059223,-2.2115232573224457,0.0,6,59.80144063414318,0.0
31.99207902499984,-131.8304356645189,-27.654246370162554,90.20489265690706,0.4523082169034583,-8.966756816609195,-2.3008751566844134,0.0,6,64.43206618350504,0.0
32.00172431500141,-137.0826255689527,-25.454246370116657,96.43045437698241,0.44201875032336313,-9.178610602989117,-2.3925431634567893,0.0,6,68.87889598355886,0.0
32.01191988800019,-142.45348287780422,-23.25424637006676,102.84768162704061,0.43339213751068517,-9.382296442437315,-2.4862823071510505,0.0,6,73.46262973360044,0.0
32.02235830200152,-147.92749925341553,-21.054246370012645,109.40465421695555,0.4255070943394237,-9.56056716522641,-2.5818219162135545,0.0,6,78.14618158353969,0.0
32.0327095520006,-153.48780197049177,-18.85424636995412,115.90204959693004,0.4183610189336363,-9.709479632911474,-2.6788675060341216,0.0,6,82.78717828352146,0.0
32.04313665100017,-159.11630218724252,-16.65424636989111,122.45739426687146,0.41203925833701444,-9.826760763657061,-2.777103366765637,0.0,6,87.4695673334796,0.0
32.05312116300047,-164.79387940806518,-14.454246369823915,128.82516525681714,0.4066196027694266,-9.910614040172467,-2.8761957828052216,0.0,6,92.01797518344083,0.0
32.06353743700129,-170.50061270993712,-12.25424636975192,135.37210509711736,0.4021604402288166,-9.959663684467598,-2.975797068456094,0.0,6,96.69436078365524,0.0
32.07352760499998,-176.21602297795962,-10.054246369675495,141.86351673791725,0.3986952852862552,-9.972961430467166,-3.0755497957353786,0.0,6,96.69436078365524,0.0
32.08369161000155,178.08065431317823,-7.8542463695947955,148.08467853753905,0.3962328916091898,-9.950034436934786,3.1080937518708014,0.0,6,105.77477038395645,0.0
32.09391658700042,171.84574379152212,-5.4342463695016505,154.66681899744367,0.39466245742100353,-9.88300574266137,2.9992740347006652,0.0,6,105.77477038395645,0.0
32.10380157400141,166.79308244126096,-3.4542463694220213,160.73305623787314,0.3942286451609894,-9.796047487284188,2.9110884581503456,0.0,6,114.80932588419509,0.0
32.11436395700002,160.69967823145123,-1.0342463693209107,167.38559667757295,0.39467043444026645,-9.651647521088481,2.804738492034282,0.0,6,119.56114048398067,0.0
32.12453557500157,155.79794452825848,0.9457536307648052,173.7845640070693,0.3957596767796746,-9.503549857101017,2.719187099857594,0.0,6,124.13183143362093,0.0
32.134815168001296,150.45721230017253,3.1457536308631724,180.28191591721702,0.3976537307345158,-9.309093824491816,2.6259737380101216,0.0,6,128.77279708372643,0.0
32.1446368779998,145.24402375790325,5.3457536309644285,186.65435079683016,0.4001726225262027,-9.08520156132975,2.534986433420279,0.0,6,128.77279708372643,0.0
32.15552919299989,140.17397099835173,7.54575363106834,193.21787916789185,0.40321428386334,-8.834231698911028,2.446497319516281,0.0,6,138.01277083420845,0.0
32.165629293000165,135.2611929964739,9.745753631174864,199.69195509723724,0.40667629455976423,-8.5587235965229,2.3607531679639644,0.0,6,142.6371107837409,0.0
32.17610241800139,130.5183122542297,11.945753631283873,206.23220685721685,0.41045906960763745,-8.26132308988382,2.2779742829823704,0.0,6,147.3087191837263,0.0
32.18594151900106,125.9564140888811,14.145753631394998,210.0,0.4144682823248589,-7.944709757141935,2.198354139856349,0.0,6,147.3087191837263,0.0
32.196647706001386,121.58505777449355,16.34575363150762,203.4530154293134,0.4186171969997797,-7.611538913806796,2.1220595793924417,0.0,6,145.32358244950956,0.0
32.20719730700148,117.41233805102313,18.54575363161676,196.8614148897541,0.4228260759218692,-7.264356252114219,2.0492318814549755,0.0,6,140.61529634982435,0.0
32.216935068001476,113.44495268027444,20.745753631721634,190.66102166994824,0.4270257941526531,-6.905597802487149,1.979987944039955,0.0,6,136.18644404996303,0.0
32.22747768500085,109.32436863907215,23.165753631832214,183.8612111697512,0.4315656456723007,-6.500326823250457,1.9080701854158413,0.0,6,136.18644404996303,0.0
32.2372812370013,106.14647121483296,25.145753631919078,177.64330584035633,0.4351740362073035,-6.162346423606083,1.8526054120722204,0.0,6,131.32943654982228,0.0
32.247998878001454,102.82260294553252,27.34575363201185,171.14212542030145,0.4390329173181283,-5.781857277104946,1.7945929668703622,0.0,6,122.24437530021532,0.0
32.25792046200149,99.71877102769378,29.545753632101228,164.89825967955767,0.44270176532525507,-5.397770674409591,1.740420880475586,0.0,6,117.78447119968405,0.0
32.26833708400045,96.83623484747086,31.74575363218674,158.3209154096403,0.4461540389201024,-5.011540723097327,1.6901111333228354,0.0,6,113.08636814974307,0.0
32.278131207000115,94.17553801503722,33.94575363226864,151.92397226965113,0.44936894431711527,-4.624406125548154,1.6436732131994845,0.0,6,113.08636814974307,0.0
32.288550903000214,91.73662935727906,36.14575363234705,145.3877682595521,0.45233029712012185,-4.2373954542146155,1.601106226966209,0.0,6,108.51712304975081,0.0
32.299197305001144,89.51897650408108,38.34575363242199,138.88584002967036,0.45502560525304897,-3.8513397607900597,1.5624008830116578,0.0,6,0.0,0.0
32.309688798000934,87.5851552111466,39.00000000000002,0.0,0.45361178716765493,-3.3420877938328406,1.5286493343047773,0.0,6,0.0,0.0
32.31982640300157,85.89704914748141,39.00000000000002,0.0,0.4548378628439782,-2.9309600826507793,1.499186325370939,0.0,6,0.0,0.0
32.330160822000835,84.42629283680067,39.00000000000001,0.0,0.4564933712745912,-2.5485808326651096,1.4735167852550752,0.0,6,0.0,0.0
32.340006907001225,83.17142053990479,38.99999955747365,0.0,0.45791925024920016,-2.1715883816157606,1.4516151319821784,0.0,6,0.0,0.0
32.350567893001426,82.13097462778885,38.999835576341425,0.0,0.45904592438491276,-1.7974157964186055,1.4334559251268395,0.0,6,0.0,0.0
32.36108229400088,81.23255956117549,38.99886047465882,0.0,0.45992340934382947,-1.3885371503247232,1.4177756241649124,0.0,6,0.0,0.0
32.37074141300036,80.68810234213608,38.997040658754415,0.0,0.46035416150998015,-1.055984298936474,1.4082730530564227,0.0,6,0.0,0.0
32.3809799390001,80.28320831433366,38.993628707078145,0.0,0.4605245224930103,-0.6884649877055118,1.4012063191496091,0.0,6,0.0,0.0
32.39119744300115,80.08781119510085,38.98854985104344,0.0,0.4603642982809596,-0.3229112736359929,1.3977959960700845,0.0,6,0.0,0.0
32.40136850199997,80.1008586251948,38.98170422439994,0.0,0.4598658489175562,0.04081315369956064,1.3980237166841478,0.0,6,0.0,0.0
32.41157224700146,80.32137915300216,38.97310351376543,0.0,0.45902005259892875,0.4028492838987989,1.401872525962622,0.0,6,0.0,0.0
32.42197839400069,80.74848185397678,38.96286922447621,0.0,0.45781637917644047,0.7633371427448523,1.40932687433879,0.0,6,0.0,0.0
32.43262605300151,81.38135266216719,38.95123152165972,0.0,0.45624315669348414,1.1224100690918979,1.42037255368147,0.0,6,0.0,0.0
32.44290704300147,82.21924746539828,38.938528564888195,0.0,0.4542880265233789,1.4801890811566103,1.4349965767832025,0.0,6,0.0,0.0
32.45248256100058,83.2614820713795,38.92520619239482,0.0,0.4519385872887662,1.8367774305261044,1.4531870022358007,0.0,6,0.0,0.0
32.46380817499994,84.64319300876379,38.91049977830863,0.0,0.44888496999385225,2.227744387588176,1.4773024074039736,0.0,6,0.0,0.0
32.47351401800006,85.95645245355378,38.89902380530556,0.0,0.4460121668189697,2.5466751903141387,1.5002231086484716,0.0,6,0.0,0.0
32.483744093000496,87.60798779190219,38.88759141609036,0.0,0.44241865044600015,2.9000561142218038,1.52904783801569,0.0,6,0.0,0.0
32.49426519900044,89.46142160211251,38.87839259395929,0.0,0.438400375794554,3.252379257123903,1.5613963604716439,0.0,6,0.0,0.0
32.50433987600081,91.51611585521557,38.87240151285853,0.0,0.43396103875687164,3.603581803200237,1.597257540310098,0.0,6,0.0,0.0
32.51483625800029,93.77136921273042,38.87068977075274,0.0,0.42911200827300255,3.953550043156853,1.6366191368653888,0.0,6,0.0,0.0
32.52480065600139,96.22638254203025,38.87441508249022,-3.2738829898880795,0.4238740104469323,4.302109414814272,1.6794672026420185,0.0,6,-2.3384878499200568,0.0
32.535073614000794,98.87820035244735,38.877288207749075,-9.769474679742416,0.41812866126485365,4.644607394558228,1.725750154596824,0.0,6,-6.978196199816011,0.0
32.54502306500035,101.71665628058543,38.85642420544458,-16.220362200510863,0.4114372015372763,4.967963268501622,1.7752905562155847,0.0,6,-6.978196199816011,0.0
32.55567798800075,104.72257574599439,38.779849254526766,-22.89151536047939,0.40323738072557164,5.257412468757365,1.8277537479367592,0.0,6,-11.585973000364902,0.0
32.56624756400015,107.87044216801081,38.61801615611458,-29.318598330592067,0.3930449991968544,5.501342720691045,1.882694381413919,0.0,6,-20.941855950422905,0.0
32.576358419000826,111.12507226686992,38.338052657957356,-35.74044600049092,0.380177056279828,5.683308660521163,1.939498392573519,0.0,6,-25.528890000350657,0.0
32.586316461000024,114.44061805649535,37.90397999724451,-42.25205355000071,0.36389212427184425,5.784626079733818,1.997365583103118,0.0,6,-25.528890000350657,0.0
32.59711749300004,117.7641934492666,37.281580022971,-48.8051541601817,0.34383121544095385,5.7927621642063105,2.05537291664524,0.0,6,-34.860824400129786,0.0
32.6067750050006,121.03758669027148,36.43890755109059,-54.92251905052399,0.3199646252594971,5.698380766185164,2.1125044064133034,0.0,6,-39.23037075037428,0.0
32.617167812000844,124.19009934444524,35.338286956365366,-61.45212318051563,0.2920563114487123,5.480915624160918,2.167526131939421,0.0,6,-43.894373700368305,0.0
32.62755419300083,127.14750689622849,33.94394875967789,-67.9883712895753,0.2608278680677911,5.132886670615555,2.2191426310413833,0.0,6,-48.56312234969664,0.0
32.63768914400134,129.82992740139736,32.21861232628324,-74.4089425797938,0.2273830423877708,4.645415047537414,2.2659597007795895,0.0,6,-53.149244699852716,0.0
32.64822442800141,132.16946364781901,30.134701061297203,-81.05488376966605,0.19495416296941248,4.061476263749505,2.3067923112493967,0.0,6,-57.89634554976146,0.0
32.658367900001394,134.490595828399,27.93470106125492,-87.44791082981465,0.18432196427253295,4.090012781431299,2.347303710174513,0.0,6,-62.462793449867604,0.0
32.66860838200046,136.95094494768108,25.734701061208998,-93.9165303304253,0.17988715886301082,4.308164363018306,2.390244903054528,0.0,6,-67.08323595030379,0.0
32.67894161300137,139.54344323913148,23.53470106115936,-100.39377452978442,0.17610687472274097,4.535507665474328,2.435492534092665,0.0,6,-71.70983894984602,0.0
32.69004436200157,142.5386588778667,21.114701061100536,-107.33306514006473,0.1720380361134044,4.772603923595825,2.48776890879582,0.0,6,-76.66647510004623,0.0
32.69953690800139,145.0936304409821,19.134701061048812,-113.42064236971055,0.16875558392989543,4.953741497671648,2.53236157486701,0.0,6,-81.01474454979325,0.0
32.70968750400061,148.03419608992746,16.934701060987575,-119.91029379021711,0.16519094672045012,5.140259387993518,2.58368412731215,0.0,6,-81.01474454979325,0.0
32.71991590300058,151.0726800208036,14.734701060922395,-126.40623827977835,0.16175320224302825,5.310249964917503,2.6367156761748785,0.0,6,-85.65020985015508,0.0
32.73098191400095,154.19907901736067,12.534701060853193,-133.06062713998472,0.15848365579506413,5.462737327201509,2.691281632395846,0.0,6,-95.04330509998908,0.0
32.7410064450014,157.4028605219788,10.334701060780224,-139.41796973991586,0.1554215603673987,5.596802161835593,2.74719816816593,0.0,6,-99.5842640999399,0.0
32.75156414900084,160.67301443756142,8.13470106070286,-146.1002549996192,0.15260382847309328,5.711615285856852,2.8042731210398317,0.0,6,-104.35732499972801,0.0
32.76219874800154,164.33317280084003,5.714701060613465,-152.81826881964662,0.1498250056229376,5.814779901641355,2.8681549356234504,0.0,6,-109.15590629974758,0.0
32.772075144001064,167.3662962436382,3.734701060536285,-158.96467418999237,0.14782669354103037,5.8806039559575165,2.9210929263197043,0.0,6,-113.54619584999455,0.0
32.78182966700115,170.7655131423464,1.534701060446944,-165.37666488042305,0.14591808180342283,5.933643902496841,2.980420453191593,0.0,6,-113.54619584999455,0.0
32.79200736100029,174.1834290640696,-0.6652989396467234,-171.82117239019135,0.14435377705552352,5.96517984020925,3.0400743395819996,0.0,6,-118.12618920030218,0.0
32.80232124699978,177.60759317059552,-2.865298939744344,-178.3388084104081,0.1431438769311684,5.974986395054811,3.0998372773694864,0.0,6,-122.72940885013668,0.0
32.81283837200135,-178.97448918303724,-5.065298939845884,-184.7251914903427,0.14229210065463166,5.962995223527781,-3.123694113318976,0.0,6,-131.94656535024478,0.0
32.82288895400052,-175.57526689425984,-7.265298939951196,-191.27261580038976,0.14179563003474954,5.9292937649095245,-3.064366492372633,0.0,6,-131.94656535024478,0.0
32.83344665700133,-172.2070537919,-9.465298940060256,-197.8842805797649,0.1416454048781756,5.874125697307227,-3.005580083827641,0.0,6,-136.6232970002784,0.0
32.8438257050002,-168.88194121740565,-11.665298940173,-204.26287560012497,0.1418265231356984,5.797886134144855,-2.9475459214032496,0.0,6,-145.90205400008927,0.0
32.853713556,-165.61171674796375,-13.86529894028921,-210.0,0.14231870213258369,5.701111350523345,-2.8904697371322037,0.0,6,-150.0,0.0
32.8640489520003,-162.40778990719872,-16.065298940408432,-203.5590123005386,0.14309691935000668,5.584466526123612,-2.834550664767834,0.0,6,-145.3992945003847,0.0
32.87428915500095,-159.28115258892706,-18.26529894052435,-197.0925486606211,0.14412961971047017,5.448674405521503,-2.7799805490482674,0.0,6,-140.78039190044365,0.0
32.88467595500151,-156.24232195428928,-20.465298940636224,-190.5654525607497,0.14538347448905825,5.2945849098614035,-2.7269429490633694,0.0,6,-136.1181804005355,0.0
32.894955548001235,-153.30125255046036,-22.665298940744,-184.01186811110165,0.1468250150757745,5.123177777714536,-2.675611604436888,0.0,6,-131.4370486507869,0.0
32.905001102000824,-150.46729589315325,-24.86529894084767,-177.5180366403947,0.14841968994728238,4.935506978081241,-2.6261497299080663,0.0,6,-131.4370486507869,0.0
32.91553156700138,-147.7491701835321,-27.06529894094726,-170.88890385039122,0.15013243512350577,4.732678937951382,-2.5787094867920697,0.0,6,-126.79859760028194,0.0
32.92548576700028,-145.1549407170874,-29.26529894104274,-164.60944122050932,0.1519282692627228,4.515833235310126,-2.5334316410503543,0.0,6,-122.06350275027944,0.0
32.936065051000696,-142.69200926682967,-31.46529894113429,-158.13994161089795,0.15377294269835678,4.2861279228276326,-2.4904453779924376,0.0,6,-112.95710115064139,0.0
32.946641263000856,-140.36711274657725,-33.66529894122189,-151.5306531904571,0.1556333157630163,4.0447216488666875,-2.449868278945874,0.0,6,-108.23618085032649,0.0
32.956843611000295,-138.18632855875933,-35.86529894130586,-145.0609771804193,0.1574778663712978,3.792763902282037,-2.4118064145930207,0.0,6,-103.61498370029949,0.0
32.966423599000336,-136.155094479249,-38.06529894138557,-138.812095380581,0.15927652310731627,3.5313696257793286,-2.3763546920268492,0.0,6,-103.61498370029949,0.0
32.97694205100015,-132.34898743635642,-39.00000000000025,0.0,0.35211509465729973,7.484204263113906,-2.309925592445029,0.0,6,0.0,0.0
32.98701100100152,-127.29444341112782,-39.00000000000024,0.0,0.45247487575257006,8.628940418047423,-2.221707157017782,0.0,6,0.0,0.0
32.99795786300092,-122.43044675488837,-39.00000000000023,0.0,0.4677322889053075,8.452318508577925,-2.136814400560409,0.0,6,0.0,0.0
33.00829179300126,-117.76630033985303,-39.00000000000022,0.0,0.47331692164569283,8.119772906669331,-2.0554096888229525,0.0,6,0.0,0.0
33.018776721000904,-113.30964935772766,-39.0000000000002,0.0,0.477935717816329,7.759002297530676,-1.9776264555726257,0.0,6,0.0,0.0
33.02925794800103,-108.6542042077779,-39.00000000000018,0.0,0.4828813526420185,7.348346185038333,-1.8963736095600012,0.0,6,0.0,0.0
33.03984575300092,-105.04170961440647,-39.00000000000016,0.0,0.48684918678086153,7.00509948426579,-1.8333236846951761,0.0,6,0.0,0.0
33.05020643200078,-101.23837196078782,-39.00000000000014,0.0,0.49113524488941696,6.618356654820097,-1.766942920074455,0.0,6,0.0,0.0
33.06084075200124,-97.65870735547048,-39.00000000000012,0.0,0.4952534168632944,6.227947747112693,-1.7044659865945642,0.0,6,0.0,0.0
33.07051097600015,-94.30383617326241,-39.0000000000001,0.0,0.49917142783109203,5.835650754414791,-1.6459124384847588,0.0,6,0.0,0.0
33.08131920100095,-91.17400068122471,-39.000000000000085,0.0,0.502864602615624,5.44298598159715,-1.591286504102924,0.0,6,0.0,0.0
33.09133542100062,-88.26870825094387,-39.00000000000007,0.0,0.5063147179206555,5.0512244280055345,-1.5405795854612556,0.0,6,0.0,0.0
33.10209573500106,-85.58686781439184,-39.00000000000005,0.0,0.5095088134232924,4.66139985990898,-1.4937726398303006,0.0,6,0.0,0.0
33.11237588699987,-83.12691748150445,-39.00000000000004,0.0,0.5124380702575789,4.274324324357296,-1.450838407085885,0.0,6,0.0,0.0
33.12251153699981,-80.88694193444208,-39.00000000000002,0.0,0.5150967896458579,3.890606021186276,-1.4117434586254856,0.0,6,0.0,0.0
33.133033900001465,-78.8647787971508,-39.000000000000014,0.0,0.517481485631308,3.5106685383626064,-1.3764500538672948,0.0,6,0.0,0.0
33.143759852000585,-77.05811364710449,-39.0,0.0,0.519590095800648,3.1347706444483165,-1.3449177985179492,0.0,6,0.0,0.0
33.15376559500146,-75.46461514545632,-38.99989984351999,0.0,0.5214180847294428,2.762895659684141,-1.3171060030385924,0.0,6,0.0,0.0
33.163981353000054,-74.08225650276096,-38.99906251348425,0.0,0.522953516281062,2.394527813748444,-1.2929792932801583,0.0,6,0.0,0.0
33.17421638700034,-72.90918338641332,-38.99676533284807,0.0,0.5241952108089984,2.029402764159858,-1.2725053050332615,0.0,6,0.0,0.0
33.18415075300072,-71.94363578243106,-38.992410030904956,0.0,0.5251454301085655,1.667340200462231,-1.2556533202590288,0.0,6,0.0,0.0
33.194957023000825,-71.18396609235457,-38.985516548420335,4.91192771900387,0.5258059389253891,1.3081411040596589,-1.242394582939589,0.0,6,3.5085197992884787,0.0
33.20513604400003,-70.63663669385771,-38.96430862497119,11.3742995089342,0.5259958987650262,0.9344201125074387,-1.232841882842859,0.0,6,8.124499649238714,0.0
33.21559555000022,-70.32101761714917,-38.89955354786701,17.958288389345398,0.5256524545843778,0.5272100980345735,-1.22733329077219,0.0,6,12.827348849532427,0.0
33.2259373020006,-70.26045738254263,-38.757431677357,24.383127299697662,0.5249566054427817,0.07983383304955442,-1.2262763152825258,0.0,6,17.416519499784044,0.0
33.236026157001106,-70.47812007953503,-38.50430039140317,31.020664289062555,0.5241916012518615,-0.4075984314094163,-1.230075246003814,0.0,6,17.416519499784044,0.0
33.24677417900057,-70.99599231101193,-38.10669465396496,37.51238399918293,0.5236632035111268,-0.9333150644294829,-1.2391138215477362,0.0,6,26.79455999941638,0.0
33.256569279999894,-71.83388915550118,-37.531174759039786,43.9522276192838,0.5236567348350212,-1.4930688760224764,-1.2537378802761445,0.0,6,26.79455999941638,0.0
33.266972843000985,-73.00764610127628,-36.74519284789264,50.26799021889019,0.5243815425264332,-2.0799617859985675,-1.2742238035980726,0.0,6,35.90570729920728,0.0
33.277481377001095,-74.52792949157077,-35.717046580363146,56.915163059202314,0.5259125527550739,-2.6847974595753965,-1.3007577543220936,0.0,6,40.653687899430224,0.0
33.28782718000002,-76.39769704735347,-34.41813181029881,63.380086979359476,0.5280969821707167,-3.2943848869066077,-1.3333913544174685,0.0,6,45.27149069954248,0.0
33.29884821400083,-78.61594205849205,-32.813957516083,70.06034804955561,0.5307247665829808,-3.9009952934250043,-1.372107033477775,0.0,6,50.04310574968258,0.0
33.308660635000706,-81.17009707949721,-30.87591385009511,76.40202695925836,0.5330929858660101,-4.484946136001709,-1.41668544820066,0.0,6,54.57287639947026,0.0
33.31901614700109,-84.00756825346738,-28.685576267298806,82.96489508928062,0.5316593958497576,-4.957165918217029,-1.466208662616868,0.0,6,59.260639349486155,0.0
33.32901148400015,-87.04356765011033,-26.485576267257528,89.28074588910022,0.5255938778963485,-5.314019810832889,-1.5191968481768487,0.0,6,63.7719613493573,0.0
33.33931293800015,-90.27502806968846,-24.285576267213195,82.72003361862517,0.518512320584098,-5.656763438280066,-1.5755964721463647,0.0,6,59.085738299017976,0.0
33.34951319100037,-93.70132620866136,-22.08557626717172,76.23825782877248,0.5109172071060379,-5.996848103251062,-1.635396655826396,0.0,6,54.4558984491232,0.0
33.35992778800028,-97.32112843012823,-19.885576267133704,79.88127396413547,0.5028929498291623,-6.334363181304101,-1.6985741228619977,0.0,6,57.058052831525345,0.0
33.37010136100071,-101.13226933617823,-17.685576267094444,86.19034848342127,0.49448599096075174,-6.667991946054819,-1.7650910799300101,0.0,6,61.56453463101519,0.0
33.380056330001025,-105.13163447734108,-15.485576267052148,92.78758122415385,0.4857495503007586,-6.996082431641607,-1.8348931696327897,0.0,6,61.56453463101519,0.0
33.39047281300009,-109.3150404181803,-13.285576267006464,99.19380804337126,0.4767488752780611,-7.31676049407264,-1.9079073772479251,0.0,6,70.85272003097947,0.0
33.40122795900061,-113.67712037050843,-11.085576266957368,105.94869387394938,0.4675618135741578,-7.627952358617217,-1.9840400346512883,0.0,6,75.67763848139242,0.0
33.41114290800033,-118.21122036277622,-8.885576266904936,112.24817664354052,0.45827835383444715,-7.9274049002548415,-2.0631750081310107,0.0,6,80.17726903110037,0.0
33.42124929400052,-122.9093159565881,-6.685576266848524,118.7982406537478,0.44899990961215774,-8.212720778215719,-2.1451722448164663,0.0,6,80.17726903110037,0.0
33.431613255999764,-127.76194254918428,-4.485576266788238,125.3040849634701,0.43983682765603505,-8.481384823522983,-2.229866556227103,0.0,6,84.85588618124842,0.0
33.44187168700046,-132.75815688920372,-2.2855762667239183,131.77706028442773,0.43090621943854746,-8.730816848598508,-2.317066946595798,0.0,6,89.50291783105007,0.0
33.45299482900009,-137.88552756795843,-0.08557626665541782,138.33680487367675,0.4223285587142666,-8.958423672594835,-2.406556446910284,0.0,6,98.81200348119768,0.0
33.46290845200019,-143.13016073796413,2.1144237334174627,144.84418890430535,0.41422386064248584,-9.161660610299498,-2.498092563786191,0.0,6,103.46013493164668,0.0
33.47291768700052,-148.47676331954207,4.314423733494841,151.29102804376745,0.4067073750416661,-9.338096666207287,-2.5914083826303544,0.0,6,103.46013493164668,0.0
33.483535035000386,-153.90874497698292,6.514423733576792,157.80483618435684,0.39988514607885184,-9.485482477320359,-2.686214347460636,0.0,6,112.71774013168346,0.0
33.494070040000224,-159.40835951499557,8.714423733663406,164.3002962041712,0.3938497913799338,-9.601818744166138,-2.782200728739504,0.0,6,117.35735443155085,0.0
33.50415526400138,-164.95688283717737,10.914423733754674,170.80561194404,0.38867662202608866,-9.685419207447863,-2.87904072933527,0.0,6,122.00400853145715,0.0
33.51464948100147,-170.5348229955574,13.11442373385055,177.39417651390542,0.38442052457231735,-9.734966429657488,-2.9763941505782157,0.0,6,126.71012608136101,0.0
33.52501777300131,-176.12215699069228,15.31442373395095,170.844991983565,0.3811138849331674,-9.74955752483921,-3.073911525201928,0.0,6,122.03213713111785,0.0
33.53534283299996,178.30144797172545,17.514423734048933,164.3644043743254,0.37875989939947935,-9.72866232551814,3.1119473281799745,0.0,6,117.403145981661,0.0
33.54527566199977,172.75637674523364,19.71442373414357,157.8754566635391,0.377340190175169,-9.67223398974961,3.015167578020092,0.0,6,117.403145981661,0.0
33.555723573999785,167.26275758758837,21.914423734234624,151.49012946389777,0.3768185122278217,-9.580737343775368,2.9192858358685445,0.0,6,108.20723533135555,0.0
33.566016296999805,161.84020363853907,24.114423734321974,145.00263390408438,0.377140067956324,-9.4550913265546,2.8246444155906136,0.0,6,103.57330993148884,0.0
33.57649752399993,156.507573286701,26.314423734405416,138.4738216840262,0.37823429107703926,-9.296630344145523,2.7315724581592553,0.0,6,98.90987263144729,0.0
33.58643838399985,151.2827574558837,28.51442373448481,131.93810151339423,0.3800185300347467,-9.107057156425109,2.6403822191011708,0.0,6,98.90987263144729,0.0
33.596529335000014,146.18249908378445,30.714423734560064,125.60082252414506,0.38240199526099833,-8.888385810916237,2.551365917805633,0.0,6,94.24150108099587,0.0
33.60674495300009,141.22224965737672,32.914423734631285,119.14843875344306,0.3852896259755681,-8.642877163045863,2.4647932335946576,0.0,6,89.71487323153218,0.0
33.616922438000984,136.41606599635963,35.114423734698406,112.71704343395615,0.3885854738598279,-8.372968118647705,2.3809095042543547,0.0,6,85.10602768103075,0.0
33.62729149799998,131.77654714327565,37.31442373476144,106.18933119429785,0.392195785045336,-8.08120296460159,2.299934624559688,0.0,6,80.51217388139725,0.0
33.63743189700108,126.62965999449122,39.00000000000609,0.0,0.5449490728165,-9.831972843418132,2.2101044975848163,0.0,6,75.84952228164133,0.0
33.647709814000336,119.43892307171484,39.00000000000045,0.0,0.795138216776624,-12.202469482348521,2.084602462637643,0.0,6,0.0,0.0
33.65792892399986,112.46441251987613,39.00000000000043,0.0,0.8297506165242104,-12.11703750990908,1.9628742897929712,0.0,6,0.0,0.0
33.66858719999982,105.71630863618502,39.000000000000405,0.0,0.8386305753619447,-11.752890192497262,1.845097658755945,0.0,6,0.0,0.0
33.67834717000005,99.20165513874123,39.00000000000038,0.0,0.844819167863559,-11.348653395591557,1.7313955055989867,0.0,6,0.0,0.0
33.6884606800013,92.9245311166888,39.00000000000034,0.0,0.8506338830806366,-10.93451349350415,1.6218390238581426,0.0,6,0.0,0.0
33.699080821999814,86.88627930112983,39.000000000000306,0.0,0.8562199138194477,-10.517908028151403,1.5164516486121133,0.0,6,0.0,0.0
33.70905751100145,81.0857716614031,39.00000000000027,0.0,0.8615202623468394,-10.103410768961268,1.4152136920117968,0.0,6,0.0,0.0
33.71972961500069,75.51969515853088,39.00000000000023,0.0,0.8664781831303803,-9.694839665960329,1.318067330618785,0.0,6,0.0,0.0
33.72999579899988,70.18284306573294,39.0000000000002,0.0,0.8710549530955494,-9.29547798095682,1.2249216899075108,0.0,6,0.0,0.0
33.73992443700081,65.0684001808979,39.00000000000016,0.0,0.8752284386143612,-8.908110223649482,1.1356578221619422,0.0,6,0.0,0.0
33.750378565000574,60.1682131797501,39.00000000000013,0.0,0.8789898506428778,-8.535051083356464,1.050133425028486,0.0,6,0.0,0.0
33.76079281300008,55.47304006084093,39.00000000000011,0.0,0.8823406162096603,-8.178182361817484,0.9681871951523897,0.0,6,0.0,0.0
33.77083731899984,50.97277497608705,39.00000000000008,0.0,0.8852896281731737,-7.838995976168094,0.889642752210893,0.0,6,0.0,0.0
33.78107731199998,46.656646661174335,39.000000000000064,0.0,0.8878509163218322,-7.518639947609607,0.8143121021771114,0.0,6,0.0,0.0
33.79091780999988,42.513390173043824,39.00000000000004,0.0,0.8900417292269888,-7.217964829110959,0.7419986347046166,0.0,6,0.0,0.0
33.8012474799998,38.53139273846134,39.00000000000003,-3.3622369462798702,0.891880992123129,-6.937568688282153,0.6724996686651847,0.0,6,0.0,0.0
33.81194682200112,34.711306745604,38.99269817332141,-9.866716676108615,0.8919004450972675,-6.650849805036432,0.6058265903805076,0.0,6,-7.047654768649011,0.0
33.82176741500007,31.087653625531832,38.95218349183481,-16.292348126674177,0.88715659816613,-6.299081794973752,0.5425819124850828,0.0,6,-7.047654768649011,0.0
33.832133054000224,27.718988183931682,38.841259608344714,-22.845976046148998,0.8765585119440723,-5.847874018012086,0.4837876091310114,0.0,6,-11.637391519052983,0.0
33.842842733,24.668891367754696,38.62237154572439,-29.30293613658504,0.8607321282261801,-5.285464600154813,0.4305533771841268,0.0,6,-20.930668668989313,0.0
33.852786108000146,22.004876729223835,38.2576877255025,-54.292676136494975,0.841053471553451,-4.605405516060258,0.38405755042043666,0.0,6,-80.90604466877318,0.0
33.86300130700147,20.188939802637396,37.5133748397673,-79.72032363354882,0.7957498355630139,-2.960533092273878,0.3523634720429567,37.0,7,-141.9323986617024,0.0
33.872806395000225,20.179621416692097,35.91117757831022,-54.09589613023198,0.7610449877453527,0.2881652911773749,0.3522008355272397,37.0,7,-141.9323986617024,0.0
33.883027251000385,21.445775735977275,33.71117757825096,-28.46710363442324,0.7739801688845962,2.0216560844464104,0.3742993972371136,37.0,7,-80.43377265374198,0.0
33.89387591600098,22.782415935391555,31.51117757823019,-28.000000000000004,0.7756933327449947,2.3188133586158446,0.39762816963140635,37.0,7,-20.0,0.0
33.903979228000026,24.19399855279758,29.31117757821422,-2.7019074993659187,0.7747090869038686,2.468618371074996,0.42226493396906095,37.0,7,40.7154220015218,0.0
33.91436162900027,25.407828833934804,27.253370690291906,23.166442499379624,0.7630857932950921,2.014945777751412,0.4434502689353139,37.0,7,102.7994619985111,0.0
33.924289918000795,25.672912002229715,25.72924757155681,48.87345750127861,0.7462981448065092,0.24244076996555405,0.44807684301367834,37.0,7,102.7994619985111,0.0
33.93479265499991,24.157398106750296,25.1716919921003,23.568557501013853,0.7843934379818626,-2.913674723612356,0.42162613567783724,37.0,7,103.76453800243326,0.0
33.945039563001046,20.7586011566759,25.624859706169474,-2.0048849980667027,0.9038694589902782,-6.011307613352283,0.36230593829229774,37.0,7,42.38827600463992,0.0
33.955291708000004,16.251613705426315,26.678130546263944,-27.76166249780363,1.0140828108671607,-7.825636407871335,0.28364416792192504,37.0,7,-19.427989994728705,0.0
33.965730401001565,11.589314930970799,27.84781857091473,-53.75380749931355,1.032790792442437,-7.999855570518424,0.2022717035959798,37.0,7,-81.80913799835253,0.0
33.97567328700097,7.787525800745819,28.639376775701038,-78.93753249639121,0.9450751559983643,-6.401056908812116,0.13591796580702242,37.0,7,-142.2500779913389,0.0
33.98595769900021,5.882602809213286,28.559788046682172,-104.63214999865886,0.8187923856233006,-3.002447780156305,0.10267078760783965,37.0,7,-203.91715999678127,0.0
33.99615900000026,6.492117579540093,27.314808078521875,-79.05469249883754,0.789166567647906,1.311760648420801,0.11330882718957946,37.0,7,-142.5312619972101,0.0
34.00668178300111,9.040018278810113,25.169352293201115,-52.9359600002208,0.8515890758697443,4.232704214450839,0.1577780834057072,37.0,7,-79.84630400052993,0.0
34.01663675100099,11.723966561209602,22.96935229313251,-27.936789999992474,0.8628257081167178,4.6425207638544865,0.20462181788682487,37.0,7,-19.84829599998193,0.0
34.026988282001184,14.437629907809164,20.769352293111957,-2.349730000540151,0.862106991304942,4.735481283145823,0.2519841780756753,37.0,7,41.560647998703644,0.0
34.03746489800142,16.88435486153693,18.717560738651585,23.771272501355266,0.8368446554040362,4.152104006892432,0.2946875844089307,37.0,7,104.25105400325265,0.0
34.04794989600123,18.2511268483402,17.21694051314731,49.90065750214126,0.7834508559640997,2.1442560323749977,0.31854225570267225,37.0,7,166.96157800513902,0.0
34.05800948800061,17.671771099138628,16.700641217661353,23.718720001190373,0.7729855436303839,-1.2944540259983086,0.3084305903387463,37.0,7,166.96157800513902,0.0
34.06893148600102,15.073887963140738,17.205024885226287,-2.47107749849238,0.8565621943056955,-4.616930434545767,0.26308897603354753,37.0,7,41.269414003618294,0.0
34.0794743130009,11.303094813649427,18.309671735994318,-28.895017496986842,0.94799771103678,-6.5346896011628175,0.1972762201632774,37.0,7,-22.148041992768412,0.0
34.08982144299989,7.2867426230588785,19.560396145397625,-54.90217749659496,0.9697004275373206,-6.8569220828120585,0.1271776505177855,37.0,7,-84.5652259918279,0.0
34.10027836500012,4.065945012647333,20.459005805941604,-80.88576749535423,0.8992648639690378,-5.372441121870559,0.07096412767573845,37.0,7,-146.92584198885015,0.0
34.110651476001294,2.7922273859216666,20.46115116529622,-106.84455999828788,0.7985878283669482,-1.887703850281784,0.04873356134868745,37.0,7,-190.23552667357046,0.0
34.120480031000625,4.074487233655031,19.27681353694538,-81.25103749783011,0.8083867128368085,2.4788351987985706,0.07111321755775579,37.0,7,-190.23552667357046,0.0
34.13124209200032,7.364351137065778,17.157518656203365,-55.29154499775177,0.9052867022091887,5.56155482546233,0.12853217461478605,37.0,7,-66.5082906722838,0.0
34.1416786890004,10.83706255360755,14.95751865614547,-29.260287499462724,0.9223728297189533,6.011883149953415,0.18914242280503624,37.0,7,-4.033272676390084,0.0
34.15179995100152,14.332721400426664,12.757518656137417,-3.6679875008558183,0.921398166675074,6.099422261473494,0.2501531792084979,37.0,7,57.38824732026649,0.0
34.16213821200108,17.439899412250284,10.762740625306057,22.88376250114379,0.8773459981970793,5.257943974523915,0.30438366596039135,37.0,7,57.38824732026649,0.0
34.1729511170015,19.205227814584514,9.448473795352323,48.97525749790657,0.7946461401936754,2.814455038755879,0.3351944589600948,37.0,7,183.7320353172962,0.0
34.183282183999836,18.93252042602177,9.170148080688888,68.59070494191789,0.7657259388418695,-0.733867713110531,0.33043481713515943,37.0,7,121.50300531204073,0.0
34.19338500699996,16.541403102781498,9.970173049148846,43.08605744062467,0.8426518690459368,-4.303824974404495,0.2887019470431431,37.0,7,60.291851308937,0.0
34.203498168000806,12.697618822852771,11.512911147842265,17.37065993983512,0.9545088552240284,-6.69525046731027,0.22161525562198747,37.0,7,60.291851308937,0.0
34.21375163999983,8.381521594586069,13.313751915337727,-7.704285057123828,1.000902858890558,-7.421150996417257,0.14628514815253224,37.0,7,-61.604970685659396,0.0
34.22370674800004,4.601969542109966,14.886435145518591,-33.38441255801493,0.9471247937483835,-6.395112271420899,0.08031952058631475,37.0,7,-61.604970685659396,0.0
34.23426158800066,2.3856039854631867,15.743911576055275,-59.03660005879695,0.8355124693603373,-3.572553517242693,0.04163664419503155,37.0,7,-184.8025266896749,0.0
34.24435756700041,2.506914407582238,15.518713363731267,-32.99294755743952,0.7853872809327305,0.4906187963505268,0.04375391047799315,36.86509388004297,7,-184.8025266896749,0.0
34.254430778000824,4.991621260358545,14.193654731327484,-7.868935057566462,0.8635859709682466,4.479792805979041,0.08712022600580571,36.86509388004297,7,-122.29776068641706,0.0
34.2644689280005,9.068012272528396,12.126300483969091,17.223644941615447,0.9788490436284176,7.052539932728919,0.15826667076687384,36.86509388004297,7,-62.00013068672172,0.0
34.27445839900065,13.440173188789762,9.926300483963153,42.128352439241525,1.0035373472516995,7.5743638010193015,0.2345752741826468,36.86509388004297,7,-1.7779386886851398,0.0
34.284518549000495,17.409015865624657,7.934621789160726,67.0953949393074,0.9492368116864095,6.752987786830763,0.303844646387081,36.86509388004297,7,57.993359305617446,0.0
34.29477118400064,20.047048153052597,6.616310478998325,92.99115744032994,0.8366588380540875,4.348384262888402,0.34988699557661596,36.86509388004297,7,117.91426130577554,0.0
34.30539181400127,20.644718141987536,6.340212905014525,118.88534743865553,0.7620866623213596,0.7881572404205587,0.3603183047238887,36.86509388004297,7,241.1449147594971,0.0
34.3159885590012,18.94586798335037,7.243102145182292,93.19334743485474,0.8038083461562125,-3.172787576665154,0.3306677759576422,36.86509388004297,7,179.48411475037523,0.0
34.325997027000994,15.121867650693098,9.232267530651567,68.15349493626077,0.948130278467658,-6.650523663505649,0.2639263795554143,36.86509388004297,7,119.38846875374969,0.0
34.33622926700082,10.94125175176671,11.432267530748888,42.16257493771214,0.9855628648916925,-7.209295892894191,0.1909608673579264,36.86509388004297,7,57.01026075723297,0.0
34.346908076000545,6.820749685792313,13.632267530799261,15.642077438307256,0.988221546071137,-7.179810797775541,0.11904453947144455,36.86509388004297,7,-6.638933241338748,0.0
34.35685682900112,2.7966495341589535,15.807943007135105,-9.470932563097945,0.980327569127476,-6.999909295594293,0.048810742395439366,36.86509388004297,7,-66.91015724471123,0.0
34.36727331200018,-0.6170749846058341,17.712429645071214,-35.537285065409876,0.9174557566489807,-5.75930799216847,-0.010769990213065128,36.86509388004297,7,-129.46940325025986,0.0
34.37815116999991,-2.385307944540618,18.855644877450153,-62.39826006459093,0.815435761226142,-2.782793650808388,-0.041631477306212084,36.86509388004297,7,-193.9357432482944,0.0
34.38887272200009,-1.6115340286636535,18.84345855086306,-35.390790066238466,0.7963473633104254,1.7104507976117462,-0.028126574808109428,36.86509388004297,7,-129.11781525224848,0.0
34.39890577400001,1.193125429258339,17.815895558861033,-10.440685067813815,0.901457050689043,5.402363540921366,0.020823967129828702,36.86509388004297,7,-69.23756325602932,0.0
34.40914478900049,5.937048027100278,15.910025965626062,15.122279934068006,1.057050197732161,8.281832155680078,0.10362103592193339,36.86509388004297,7,-7.886447251512948,0.0
34.419231899000806,11.308489397871806,13.710025965614998,40.495799936244524,1.120128711303095,9.25941299486397,0.19737037341973407,36.86509388004297,7,53.0100007537107,0.0
34.42988689100093,16.295411146425486,11.701843215170964,67.0498224335383,1.060461246417275,8.535584783515326,0.28440857747130854,36.86509388004297,7,116.73965474721575,0.0
34.44049180799993,20.07605555407962,10.298904025119835,93.52020743425915,0.9212896688275203,6.331128661984919,0.35039327023198386,36.86509388004297,7,180.2685787489458,0.0
34.45099266000034,21.87674101408192,9.906320899703767,119.38454243226393,0.789785755723376,2.8828555847272996,0.3818211603018127,36.86509388004297,7,242.34298274415727,0.0
34.46111650600142,21.407768664698878,10.68837805635499,93.73951243195866,0.7619024298835076,-1.0217074409857196,0.37363604870426537,36.86509388004297,7,180.79491074342462,0.0
34.47130991400081,18.769493879344804,12.596334018231653,68.46289743042821,0.8509309278012842,-4.663648812123195,0.32758946712749015,36.86509388004297,7,120.13103473975156,0.0
34.48155402800148,15.625815377520759,14.796334018328935,42.39637242880367,0.8859813939381193,-5.377824522874309,0.27272192664649797,36.86509388004297,7,57.57137473585266,0.0
34.4917204780013,12.554104463325677,16.99633401837945,16.807389930355797,0.8897163480246575,-5.3455160172893645,0.21911045752434877,36.86509388004297,7,-3.842183260422246,0.0
34.50184921300024,9.573156783122027,19.181823475360744,-8.44495506863363,0.8869019828536591,-5.185714067008329,0.1670831056751081,36.86509388004297,7,-64.44781125799688,0.0
34.51168782500099,7.170872985918695,21.117420962433258,-33.14712257088881,0.845649069123865,-3.997446340764585,0.1251553438465982,36.86509388004297,7,-123.7330132634093,0.0
34.522141464000015,6.357643946204285,22.32367771119021,-58.66469006742459,0.787480633016938,-1.128480492111396,0.11096181953075002,36.86509388004297,7,-184.97517525509517,0.0
34.532612424000035,7.879861994744281,22.44600467538775,-32.62435506622619,0.8155062662012527,2.933062421600157,0.1375295364110558,36.86509388004297,7,-122.478371252219,0.0
34.542763856999954,11.753888670265194,21.47035982902546,-6.6798775642460395,0.9671371417280076,6.902266342355325,0.20514405720898576,36.86509388004297,7,-60.21162524746666,0.0
34.55325164900023,17.22402842736856,19.74640784783261,19.116184936130097,1.130532137763343,9.530603390899751,0.30061600651468234,36.86509388004297,7,1.6989247534360743,0.0
34.56366359200001,23.24378170320267,17.774043657462443,45.38210993449998,1.1856843747783299,10.401128485085167,0.405680521335702,36.86509388004297,7,64.7371447495238,0.0
34.573836677000145,28.840834538559893,16.047661910114392,70.99902993649398,1.1040676754950582,9.590877826538314,0.5033675217207696,36.86509388004297,7,126.2177527543094,0.0
34.5835759040001,33.15452613533538,15.048093320059303,96.04987993588243,0.933804958185139,7.29534465163099,0.5786556430001135,36.86509388004297,7,126.2177527543094,0.0
34.59408269300002,35.66069319231045,15.10812204290305,121.22749493391116,0.7809714405611188,4.175908603099688,0.6223965097493447,36.86509388004297,7,246.76606874811063,0.0
34.60448269400149,36.27117951379959,16.31808693823481,147.06650993593163,0.7120341575489375,0.9043073080298922,0.6330515060977189,36.86509388004297,7,194.3314087283336,0.0
34.61480635699991,35.421311353547814,18.443029665168428,120.93607743826529,0.7191686080664107,-1.3225951594305074,0.6182185084934586,36.86509388004297,7,131.6183707339344,0.0
34.62491106700145,34.56830036920035,20.643029665270582,95.66784493562541,0.7237895388018749,-1.4376715672488318,0.6033306582609175,36.86509388004297,7,70.9746127275987,0.0
34.634870016001514,33.83911850697192,22.843029665329404,70.29379993672724,0.7246594197603714,-1.25799712488622,0.5906040339192078,36.86509388004297,7,10.076904730243086,0.0
34.645431491000636,33.23059250150171,25.043029665341326,44.03311243640151,0.7250543492582487,-1.0515231585359026,0.5799832515397436,36.86509388004297,7,-52.948745270538666,0.0
34.65591125100036,33.07523997555223,27.056527831236465,17.885919938627424,0.7212772771345692,-0.1263716005813614,0.5772718384606352,36.86509388004297,7,-24.828877540606253,0.0
34.66662030200132,33.60353255773382,28.753442738195687,45.20086744013629,0.7227085825071066,0.9332304990705096,0.5864922834335666,36.86509388004297,7,-24.828877540606253,0.0
34.67673457900128,34.27270531954525,30.43566187897286,70.68526244073969,0.7209682152264087,1.0370559320506847,0.59817155139184,36.86509388004297,7,40.72699646301503,0.0
34.68713011,34.31430938961629,32.53711455952849,44.60581743932512,0.7165144676919898,0.046724649491040854,0.5988976793968099,36.86509388004297,7,101.88954446446319,0.0
34.69806279400109,34.30045246846457,34.73711455956305,18.668149942633548,0.716560121201931,0.014972566450170071,0.5986558304985232,36.86509388004297,7,-22.95152553099156,0.0
34.70790441000099,34.55053786103674,36.85503537255299,-6.754260056376138,0.716623952433581,0.5081842068913272,0.6030206440100501,36.86509388004297,7,-9.035938490028528,0.0
34.71796609700141,35.15510003666166,38.838991039557285,-32.586642559188974,0.7177411313617412,1.0625812722576173,0.6135722445077252,36.86509388004297,7,-9.035938490028528,0.0
34.72818842000015,39.32661280370519,38.85131710758492,-28.000000000000004,0.8991781508151601,7.128091027137218,0.6863788770816139,36.86509388004297,7,-54.64073714364104,0.0
34.73835829200107,44.369944541173666,38.41726757596218,-28.000000000000004,0.9765792315651576,8.713153447086048,0.7744016211707652,36.86509388004297,7,-20.0,0.0
34.748884077000184,49.74816017369316,37.84497355341706,-28.000000000000004,0.9994721009340828,9.401109435111394,0.8682691918404597,36.86509388004297,7,-20.0,0.0
34.75867205400027,55.4451358741016,37.139947982936974,-28.000000000000004,1.012328262162207,9.966956585217023,0.9677001752186971,36.86509388004297,7,-20.0,0.0
34.76888250400043,61.44241979412503,36.30810512194806,-28.000000000000004,1.0201761078560387,10.490383038982701,1.0723725258000183,36.86509388004297,7,-20.0,0.0
34.77932378100013,67.71962911549494,35.35555203611395,-28.000000000000004,1.0231562388279185,10.97704456613805,1.181930496294802,36.86509388004297,7,-20.0,0.0
34.789518446999864,74.2548299314175,34.288340731880815,-28.000000000000004,1.021024113570879,11.425221202556752,1.2959912678116705,36.86509388004297,7,-20.0,0.0
34.80027219600015,81.02480358234845,33.11219394977816,-28.000000000000004,1.0136751503578625,11.832772838826289,1.414149598293677,36.86509388004297,7,-20.0,0.0
34.810715917999914,88.0051147210127,31.83221719545139,-28.000000000000004,1.0011812226170695,12.197557828037626,1.5359790104770026,36.86509388004297,7,-20.0,0.0
34.82100466000156,95.16992285591726,30.452607864843408,-2.2523024997353813,0.9837488593526755,12.517067729744085,1.6610285027047613,36.86509388004297,7,41.79447400063509,0.0
34.830845438000324,102.54985547900537,29.175579398749313,22.878342499345305,0.974699892291162,12.918631069565928,1.7898326255529904,36.86509388004297,7,102.10802199842874,0.0
34.841024598999866,110.37480727061096,28.444660756166197,48.43799249763106,1.0120979007537363,13.75059856267286,1.926403798126337,36.86509388004297,7,163.45118199431454,0.0
34.851130426000964,119.0900376649093,28.667623532631254,74.28940499928285,1.146737820868128,15.371371155999334,2.0785132635767267,36.86509388004297,7,163.45118199431454,0.0
34.86162855400107,129.17006387248094,30.06093574614833,99.99537249975401,1.4075581188152086,17.769408418058102,2.254442909586169,36.86509388004297,7,260.0,0.0
34.87168968200058,140.3752215762674,32.24300303702595,74.88637749908958,1.5982074895416507,19.416801277077273,2.45000980472245,0.0,6,199.73841199840535,0.0
34.88236604700069,151.68550901387832,34.4430030371485,48.89527999900747,1.6027737829251203,19.721980345398837,2.6474115598557137,0.0,6,137.3597779982083,0.0
34.892167433001305,163.04113883408985,36.64300303726229,22.945040002261518,1.5876938148533806,19.815587797409467,2.8456046888560564,0.0,6,137.3597779982083,0.0
34.90251547200023,174.40386201011776,38.84300303732943,-2.7562125003241844,1.5741845975831739,19.82620998502675,3.043921620270411,0.0,6,75.07920200601802,0.0
34.913008362000255,-178.6289578129416,38.99988567771529,-25.886183398979483,0.636139804173192,12.60979246571126,-3.11766345324188,0.0,6,-18.49013099927106,0.0
34.923346064000725,-172.18304882878905,38.93016279568323,-32.48900423963278,0.5140606805515662,11.296175907236359,-3.0051611181845352,0.0,6,-23.206431599737698,0.0
34.9334304490003,-166.16180554872017,38.687745305152625,-38.92273118995945,0.44955535352716836,10.466207102063631,-2.90007059788375,0.0,6,-27.801950849971035,0.0
34.94362839700079,-160.6603134101973,38.23283040606454,-45.45695573979174,0.38653970844366986,9.544596364612024,-2.8040514462939417,0.0,6,-27.801950849971035,0.0
34.95374532900132,-155.75775925981645,37.528439633684364,-51.70385807936327,0.32316075688723295,8.493497591727262,-2.718485734612483,0.0,6,-36.931327199545194,0.0
34.96403819199986,-151.51824749329722,36.540246783699736,-58.194081539550105,0.2625798173852751,7.3329268705847905,-2.6444922956096812,0.0,6,-41.56720109967864,0.0
34.974495393000325,-147.9938419967492,35.23583469510693,-64.76913827988028,0.2075796796783228,6.0813526825165045,-2.5829798155195327,0.0,6,-46.263670199914486,0.0
34.984778828000344,-145.23052267145852,33.58276516008259,-71.2455899390261,0.16030064025348745,4.749706465151058,-2.534750795009222,0.0,6,-50.88970709930436,0.0
34.994856858000276,-143.26802877870833,31.550144261693845,-77.72956568967857,0.12287606567470126,3.3526826294876444,-2.5004988150304506,0.0,6,-50.88970709930436,0.0
35.00566906499989,-141.7297275732417,29.35014426165099,-84.25411028960298,0.11393617799210264,2.7206877748598544,-2.4736503941076604,0.0,6,-60.18150734971641,0.0
35.01551682600075,-140.32829827301887,27.150144261604726,-90.7647501590327,0.11415183437884693,2.4386461266548727,-2.449190838584852,0.0,6,-60.18150734971641,0.0
35.02598548200149,-139.0670757092815,24.95014426155505,-97.06396895940998,0.11511967904632389,2.189114855804663,-2.427178352247191,0.0,6,-69.33140639957855,0.0
35.03634029400018,-137.948912114989,22.75014426150208,-103.59458486958827,0.11605931462719954,1.9387566924191353,-2.4076627159508526,0.0,6,-73.99613204970592,0.0
35.04648621100023,-136.97619114490388,20.550144261445713,-110.11213268959182,0.1168811464258277,1.6847186834701835,-2.390685532319674,0.0,6,-78.65152334970844,0.0
35.056492932000765,-136.15084197972072,18.35014426138594,-116.5824248394165,0.11756427734352212,1.4273983994974238,-2.3762804719086414,0.0,6,-78.65152334970844,0.0
35.06730688500102,-135.4743542413343,16.150144261322776,-110.0699806495868,0.11809606712502875,1.167519600015618,-2.3644735335244285,0.0,6,-78.62141474970485,0.0
35.077582707001056,-134.94781392081077,13.950144261262515,-103.49298854909648,0.11846583128703092,0.9057722434873934,-2.355283671286786,0.0,6,-73.92356324935463,0.0
35.08739526800127,-134.57191983928828,11.75014426120586,-97.10000495877466,0.11866510010703048,0.6428440715027257,-2.348723081925459,0.0,6,-73.92356324935463,0.0
35.09743195200099,-134.34696603079433,9.5501442611527,-90.75599441937811,0.11868761830249012,0.37943718487806005,-2.3447968973023388,0.0,6,-69.35714639912476,0.0
35.107523321999906,-134.2728504434305,7.350144261102982,-84.4550160289873,0.11852899615451418,0.11624180392627458,-2.3435033362757904,0.0,6,-64.8257102995558,0.0
35.117701504999786,-134.3490821836015,5.150144261056659,-78.19341767926744,0.11818670250787731,-0.14606372281530844,-2.344833831136299,0.0,6,-55.85244119947674,0.0
35.12825969700134,-134.5747863574823,2.9501442610136985,-71.6859895496782,0.11766009652037325,-0.40680929414263756,-2.348773112106013,0.0,6,-51.20427824977014,0.0
35.13865920900025,-134.94870726707163,0.7501442609742031,-65.09958083935999,0.11695046588953789,-0.6653304031735621,-2.355299263120399,0.0,6,-46.49970059954285,0.0
35.14884290900045,-135.4692093915664,-1.4498557390617852,-58.631709149722155,0.11606106478662086,-0.9209636994368202,-2.364383738956458,0.0,6,-41.87979224980154,0.0
35.15845265000098,-136.13427550388766,-3.649855739094325,-52.36056251898844,0.11499713911389954,-1.1730425234594204,-2.3759913323599022,0.0,6,-41.87979224980154,0.0
35.168794612000056,-136.94150328975923,-5.8498557391235195,-46.056284189689904,0.11376594513180426,-1.4208943206125204,-2.3900801150369446,0.0,6,-32.8973458497785,0.0
35.1790446619998,-137.8881014470374,-8.049855739149363,-39.51876032893779,0.11237677109254969,-1.6638398530886176,-2.4066013695747603,0.0,6,-28.227685949241277,0.0
35.18940094200116,-138.97088550177577,-10.249855739171732,-32.97371174983709,0.11084094512445766,-1.9011924455358207,-2.4254995164180393,0.0,6,-23.55265124988364,0.0
35.199336914000014,-140.18627234500153,-12.449855739190605,-26.56686815940702,0.10917179047879609,-2.1322556014080716,-2.446712018517749,0.0,6,-23.55265124988364,0.0
35.21016274000067,-141.53027397311257,-14.649855739206034,-19.930563449615875,0.10738454880751498,-2.3563221710519224,-2.470169272080451,0.0,6,-14.236116749725625,0.0
35.22039477100043,-142.9984929177896,-16.849855739217897,-13.444651709669417,0.10549631665419903,-2.57267754720326,-2.4957945268052217,0.0,6,-9.603322649763868,0.0
35.231039427000724,-144.5861185736028,-19.049855739226235,-6.949015289428644,0.10352588267224876,-2.78060013543688,-2.523503821788296,0.0,6,-4.9635823495918885,0.0
35.24094522700034,-146.28792451248694,-21.24985573923103,-0.7003533598435752,0.10149354859444853,-2.9793645568292497,-2.5532059386518178,0.0,6,-0.500252399888268,0.0
35.25046550099978,-148.09826851910543,-23.44985573923238,5.599480951186706,0.09942088870673019,-3.16824527050718,-2.5848024021610563,0.0,6,-0.500252399888268,0.0
35.26114794100067,-149.9904811998956,-25.638619914377564,12.180477330584836,0.09622241291280345,-3.302203094088279,-2.6178277435888333,0.0,6,8.70034095041774,0.0
35.271364817001086,-151.90140754232152,-27.78577240064412,18.653233410423127,0.09048387384093552,-3.3254697570459397,-2.6511797000272583,0.0,6,13.323738150302233,0.0
35.281841853000515,-153.75385291070955,-29.85449901457789,25.236253980474434,0.08183026800820963,-3.216162379444979,-2.683510970918949,0.0,6,18.02589570033888,0.0
35.29235716200128,-155.46836342895293,-31.807720648590127,31.751470170784163,0.07065777722716732,-2.9680243651964298,-2.71343482452237,0.0,6,22.679621550560114,0.0
35.302627117000156,-156.96376276207604,-33.607968025184334,38.31957486043393,0.05788536931005574,-2.578489437009059,-2.7395344665174957,0.0,6,27.37112490030995,0.0
35.31262929900004,-158.1587515646531,-35.217747600536676,44.64444537026793,0.04492903273931231,-2.0470629264896427,-2.7603909556469297,0.0,6,31.88888955019138,0.0
35.32335518200125,-158.97392147632593,-36.60005475390333,51.24770595028168,0.0337210553549636,-1.3778580375081328,-2.774618354568812,0.0,6,36.60550425020119,0.0
35.33309922800072,-159.33225571707726,-37.71811211869453,57.72574206072022,0.026570925456289456,-0.5738446423947027,-2.780872466892557,0.0,6,36.60550425020119,0.0
35.343543787999806,-159.15933517737182,-38.53492745416606,64.25600580032551,0.026188981231933885,0.35902192426854757,-2.7778544341303713,0.0,6,41.232672900514444,0.0
35.35425395600032,-158.35796149040033,-39.00000000001427,70.71199758040166,0.03679178391717196,1.5107938969015957,-2.7638678247538726,0.0,6,50.5085697002869,0.0
35.36404214200047,-156.36149577744152,-38.82388724593658,77.19267339100043,0.08064936928459476,3.454144250721478,-2.7290229246595654,0.0,6,50.5085697002869,0.0
35.37468561100104,-153.6628904733282,-38.24203935905481,83.74286970038156,0.13162641215517593,4.7669436404532695,-2.681923376891005,0.0,6,59.816335500272544,0.0
35.385108241000125,-150.23011088104397,-37.222262045977516,90.29984229029651,0.19858608342215184,6.05804601423861,-2.6220100705103766,0.0,6,64.4998873502118,0.0
35.39527964900117,-146.04792712767448,-35.73418833688793,96.73136991010324,0.28390046864617047,7.365430167045274,-2.5490171940906645,0.0,6,69.09383565007374,0.0
35.40545657500115,-141.12494291951336,-33.751527245561775,103.29445854065852,0.38623279987626685,8.650471876652677,-2.4630949106345668,0.0,6,69.09383565007374,0.0
35.41567666300034,-135.98505555296015,-31.551527245508332,109.56410829117887,0.4265306617599883,8.892812994135857,-2.3733869529065528,0.0,6,78.26007735084204,0.0
35.42560928200146,-131.01538958608907,-29.351527245452086,115.92673155084412,0.43419560007843183,8.650328011390934,-2.286649919060345,0.0,6,78.26007735084204,0.0
35.4358559100001,-126.22766703735742,-27.151527245392952,117.43884205936041,0.43857983836882425,8.337961083884604,-2.203088396913003,0.0,6,82.80480825060295,0.0
35.44648611000048,-121.63196229521851,-24.951527245333203,110.92710220953082,0.4427826966815877,8.002830383543841,-2.122878217713162,0.0,6,79.23364443537915,0.0
35.45668573400144,-117.23673499177104,-22.751527245276804,104.34390523905309,0.44705380964908736,7.652495736238836,-2.046167029894452,0.0,6,79.23364443537915,0.0
35.46735902600085,-113.0489135934745,-20.551527245224065,97.82904121931637,0.45135244256394985,7.290124215356168,-1.9730757580087044,0.0,6,69.87788658522598,0.0
35.47760139300044,-109.07400693918142,-18.351527245174843,91.34902564975704,0.45561604301373115,6.918238856457748,-1.903700549431858,0.0,6,65.24930403554075,0.0
35.48787407200143,-105.31621955396082,-16.151527245129007,84.89514562912149,0.45978891498914176,6.539110050360659,-1.8381147869698502,0.0,6,60.63938973508678,0.0
35.49824913900011,-101.77857903226551,-13.95152724508647,78.37495747982388,0.4638246329314809,6.154780116937349,-1.7763713121142972,0.0,6,55.98211248558849,0.0
35.508350566000445,-98.46307036878136,-11.751527245047201,71.93449834907001,0.4676855017974554,5.767056481855495,-1.718504769558102,0.0,6,51.38178453505,0.0
35.51874518900149,-95.37077266100015,-9.551527245011119,65.39446582906379,0.47134156448612696,5.377508292258196,-1.6645339931054464,0.0,6,46.71033273504557,0.0
35.52869708500111,-92.50199421656707,-7.351527244978241,59.13357181934402,0.4747695195693175,4.987469596325924,-1.614464363739848,0.0,6,42.23826558524573,0.0
35.5391209010013,-89.85640294159805,-5.1515272449484275,52.58161528966953,0.4779516155668786,4.598047614081574,-1.568290085329604,0.0,6,37.55829663547823,0.0
35.54904891099977,-87.43314967463128,-2.951527244921793,46.11537151885927,0.4808745918682274,4.210135265881637,-1.5259963372113248,0.0,6,37.55829663547823,0.0
35.55967876100112,-85.2309827809214,-0.7515272448983177,39.617623339177904,0.4835286828492844,3.8244263830157124,-1.4875612742376711,0.0,6,28.298302385127073,0.0
35.57013337799981,-83.24835295316471,1.448472755121976,33.037374769606636,0.4859067177900235,3.4414328829533987,-1.452957855895069,0.0,6,23.59812483543331,0.0
35.58053847700103,-81.48350754739073,3.6484727551390344,26.478598489571546,0.4880033236670399,3.061502997696389,-1.4221554927756177,0.0,6,18.913284635408246,0.0
35.59069347300101,-79.93457418598966,5.848472755152844,20.096527128731346,0.4898142365320263,2.6848400109456225,-1.3951215057251858,0.0,6,14.354662234808103,0.0
35.600972926000395,-78.59963358233233,8.048472755163468,13.585535088728598,0.4913357180464093,2.3115210207671337,-1.3718223968728047,0.0,6,9.70395363480614,0.0
35.61145275600029,-77.47678206808546,10.24847275517084,7.00722250959729,0.49256405866915626,1.9415147666734343,-1.3522249409381928,0.0,6,5.0051589354266355,0.0
35.621423439000864,-76.56418417978192,12.4484727551749,0.5333670796389414,0.4934951817045747,1.5746991124034764,-1.3362971030405486,0.0,6,5.0051589354266355,0.0
35.63217125200026,-75.86011539285543,14.648472755175677,-6.0409859509709865,0.4941243376152059,1.210878115191396,-1.324008784548159,0.0,6,-4.314989964979276,0.0
35.64230662200134,-75.35605295179921,16.835411399391955,-12.56447404032229,0.4945942299684748,0.864722912198632,-1.315211235316088,0.0,6,-4.314989964979276,0.0
35.65243808100058,-75.0352926381228,18.981387741637676,-18.99063343046151,0.49492432156796723,0.5470875692961688,-1.3096129117327049,0.0,6,-8.974624314515921,0.0
35.662764538001284,-74.87640820355689,21.050561262668747,-25.341552550711693,0.49506154289738097,0.2662651746785922,-1.3068398552193603,0.0,6,-18.101108964794065,0.0
35.67318660900128,-74.85957380589652,23.00980800701108,-31.9093050709344,0.4948908394366192,0.01993373185801143,-1.3065460395525967,0.0,6,-22.792360764953145,0.0
35.68340306600112,-74.9655337227068,24.826004403390602,-38.33040430072657,0.4943371671416567,-0.1927350209844794,-1.3083953889760753,0.0,6,-27.37886021480469,0.0
35.69407447100093,-75.17581062880001,26.465733799002667,-44.883504910907554,0.4933548107911612,-0.3734084398303464,-1.312065413328309,0.0,6,-32.05964636493397,0.0
35.7039605760001,-75.47321419344253,27.895690430093616,-51.29448382115157,0.49192553589566507,-0.5241252405182624,-1.3172560847384887,0.0,6,-36.63891701510826,0.0
35.7145345530007,-75.841964634649,29.082541222580904,-57.90526912065985,0.4900572653208333,-0.6475518213198549,-1.3236919940557232,0.0,6,-41.36090651475703,0.0
35.724785092001184,-76.26783270088481,29.99292051141876,-64.38955294063277,0.4877763882070284,-0.7461700360107694,-1.3311247939906394,0.0,6,-45.99253781473769,0.0
35.73473761600144,-76.73810990506367,30.593224911314813,-70.86481642031146,0.4851259222550662,-0.8228649946044452,-1.3393326796006342,0.0,6,-45.99253781473769,0.0
35.74539638100032,-77.24198004322834,30.850266204529582,-77.33018071125485,0.48215855964732995,-0.8808114567278699,-1.3481268725140865,0.0,6,-55.235843365182035,0.0
35.75542307700016,-77.77033951835442,30.73094433047281,-83.876284540369,0.47893020613531695,-0.9230140623052543,-1.3573484849891457,0.0,6,-55.235843365182035,0.0
35.765999917000954,-78.31567283747027,30.20203859597946,-90.36329689099517,0.47549537768684497,-0.9522019091442278,-1.3668663469285462,0.0,6,-64.54521206499655,0.0
35.77609296300034,-78.87203902368854,29.23026581004097,-85.63033850828585,0.47190640496314873,-0.9711952839387594,-1.376576768724819,0.0,6,-64.54521206499655,0.0
35.786652552000305,-79.44565580392916,27.808394518909196,-79.13875046820546,0.46831795889799144,-1.0053379561254896,-1.3865882701847063,0.0,6,-56.52767890586104,0.0
35.79661890500029,-80.05746126386748,25.964827971402443,-72.68627849843621,0.464769783135626,-1.0744565036861904,-1.3972662898423085,0.0,6,-56.52767890586104,0.0
35.80713400500099,-80.75213785246437,23.796442979186157,-66.23116682736078,0.4616179497454438,-1.240666968270949,-1.4093906835498462,0.0,6,-47.3079763052577,0.0
35.81718912700126,-81.63943580998264,21.596442979152073,-59.70613901824914,0.4593109853515871,-1.569649966384993,-1.4248769543547608,0.0,6,-47.3079763052577,0.0
35.8277663860008,-82.73040937139744,19.39644297912129,-53.25718748792065,0.45683251588382906,-1.9221697503851103,-1.4439180350536578,0.0,6,-38.04084820565761,0.0
35.837700052999935,-84.0246362992638,17.19644297909376,-47.31667758166002,0.4539801731548376,-2.2765659220331504,-1.466506556212897,0.0,6,-33.79762684404287,0.0
35.84775231200001,-85.52169946737249,14.99644297906923,-40.988242531132684,0.45071748927434147,-2.6305083504242495,-1.4926352376067307,0.0,6,-29.2773160936662,0.0
35.85761662600089,-87.22113648327712,12.796442979047837,-34.660908091285066,0.4470330144569779,-2.9836617649837307,-1.5222960089645339,0.0,6,-29.2773160936662,0.0
35.86775499900068,-89.12238162703163,10.596442979029586,-28.394645851897778,0.4429208738663555,-3.335812814415242,-1.5554789966106028,0.0,6,-20.281889894212696,0.0
35.87780558099985,-91.22470056771658,8.396442979014433,-22.054154491382334,0.43837884072775246,-3.6866575141415074,-1.5921713840525946,0.0,6,-15.752967493844523,0.0
35.88761772399994,-93.5271177471893,6.196442979002393,-15.710407921199629,0.4334088480127191,-4.035767163296641,-1.6323561445888748,0.0,6,-15.752967493844523,0.0
35.89823311600048,-96.02833705915542,3.996442978993464,-9.172707661167049,0.4280178616853636,-4.382574406897161,-1.6760106568971507,0.0,6,-6.55193404369075,0.0
35.9083540290012,-98.72665659257014,1.7964429789877308,-2.627703182172962,0.4222188182177422,-4.726362748700394,-1.7231052170261147,0.0,6,-6.55193404369075,0.0
35.918579774001046,-101.61987840708557,-0.40355702101479585,3.7476800983466374,0.41603154608721604,-5.066257929763069,-1.7736014636799338,0.0,6,-1.8769308444092587,0.0
35.929039280001234,-104.70319706650096,-2.5992839881791867,10.199887468622212,0.4093090854951552,-5.396871356648116,-1.82741552617491,0.0,6,7.285633906158722,0.0
35.939527910000834,-107.9616959370107,-4.771396425964287,16.801256158302596,0.4012985963844181,-5.698845176338555,-1.8842870601378214,0.0,6,12.000897255930425,0.0
35.94950446000075,-111.3669113469647,-6.887407355580008,23.27951213784839,0.3910889949859043,-5.950958570601651,-1.943719280781167,0.0,6,12.000897255930425,0.0
35.95989677800026,-114.88134851117073,-8.9141766443853,29.614766938736313,0.37795158785773725,-6.136981512669875,-2.005057780651015,0.0,6,21.153404956240223,0.0
35.96997634500076,-118.45879996340307,-10.818570956514288,36.105166798203605,0.3612428793465243,-6.241633531863908,-2.0674960873227217,0.0,6,21.153404956240223,0.0
35.98015536599996,-122.04386301632843,-12.56669306504821,42.619459408539875,0.3403855461730064,-6.2486110664689125,-2.130067241487869,0.0,6,25.789404855859715,0.0
35.990564236000864,-125.57171999460111,-14.123243180573722,49.09745078859199,0.31501891996216047,-6.141792569916136,-2.1916399612981854,0.0,6,30.442471006099908,0.0
36.00049755400141,-128.9694241943392,-15.452017677167282,55.41079355829136,0.2851962092420453,-5.907172723130359,-2.250941086592454,0.0,6,35.069607706137134,0.0
36.01089972000045,-132.15790572151062,-16.516466144259073,61.940705758749424,0.25154926512072306,-5.534410238840708,-2.3065905873806125,0.0,6,39.5791382559224,0.0
36.02152181800011,-135.05314321004477,-17.2793205590337,68.41623383792178,0.215254683269205,-5.014494583039784,-2.357122014182705,0.0,6,48.868738455658416,0.0
36.03144200499992,-137.56776387652613,-17.70236201478886,74.92990967819135,0.17820544210025802,-4.342418768457165,-2.401010424251499,0.0,6,48.868738455658416,0.0
36.041493006001474,-139.61442131337614,-17.747290797062597,81.25526465777223,0.14301977313906586,-3.518217173079313,-2.4367313351849598,0.0,6,53.52136405585097,0.0
36.0519377060009,-141.10908970567192,-17.37633932050296,87.50427875793034,0.11295477687262469,-2.548356172439383,-2.462818219856011,0.0,6,62.50305625566452,0.0
36.06138604199987,-141.9746127219616,-16.553006171769912,93.77040932842358,0.09164082374965302,-1.4447463949695667,-2.477924446242058,0.0,6,62.50305625566452,0.0
36.072035727000184,-142.14266919281908,-15.24182633871433,87.2115889482819,0.08278282968045407,-0.22296277651870403,-2.4808575849878034,0.0,6,62.293992105915635,0.0
36.082439360001445,-141.6094799882652,-13.43998231061476,80.67248063852898,0.08870104027676813,0.9826847086593908,-2.471551677832249,0.0,6,57.62320045609212,0.0
36.092726147000576,-140.59007209660575,-11.26972933099766,74.19888917893044,0.10087372488984044,1.7066939807686257,-2.4537596537019777,0.0,6,52.99920655637888,0.0
36.10301370200068,-139.6593133311926,-9.069729330957555,67.6891287882216,0.10350115529603555,1.5962381309555136,-2.437514848703721,0.0,6,48.34937770587257,0.0
36.11378672800129,-138.86910635336517,-6.869729330921043,61.07561621861972,0.10429327615831778,1.3649560952590656,-2.423723135168398,0.0,6,43.62544015615694,0.0
36.1235119869998,-138.22095853793024,-4.669729330888155,54.62169209902352,0.10478341982923405,1.1184649492226226,-2.41241082174945,0.0,6,43.62544015615694,0.0
36.13400906800052,-137.71595733301348,-2.469729330858801,48.18541301847002,0.10511416851084177,0.8687563139396481,-2.4035968879971144,0.0,6,34.41815215605001,0.0
36.144137733001116,-137.35478085764382,-0.2697293308329508,41.605648288365806,0.10529169084482524,0.6177530756804458,-2.3972931693211654,0.0,6,34.41815215605001,0.0
36.15497340700131,-137.13770634129048,1.9302706691893368,35.13821633808842,0.10531109706339073,0.36628422410253403,-2.393504504288625,0.0,6,25.09872595577744,0.0
36.16499200100043,-137.06461783847678,4.130270669208117,28.851669988632082,0.10516811946352023,0.11504924016985045,-2.3922288692691733,0.0,6,20.608335706165775,0.0
36.174906741000086,-137.13501291723043,6.330270669223488,33.032929766857826,0.10486018726071343,-0.1352760805695746,-2.393457495170625,0.0,6,23.594949833469876,0.0
36.184851234000234,-137.34802561871982,8.530270669240561,33.04813727203966,0.10438658209933625,-0.38406462999806884,-2.397175268160183,0.0,6,23.605812337171187,0.0
36.19435816800069,-137.7024254180221,10.730270669257873,33.068624921456625,0.1037485381603507,-0.6306660979469316,-2.403360711526415,0.0,6,23.605812337171187,0.0
36.20538283300084,-138.19659378009132,12.930270669275204,39.64944553185412,0.10294914343563244,-0.8744106972082426,-2.41198557650371,0.0,6,28.321032522752944,0.0
36.21569902400006,-138.82854512360058,15.13027066929577,33.13189771185059,0.1019935364232186,-1.1146615299787703,-2.423015208160348,0.0,6,23.665641222750423,0.0
36.22584466100125,-139.5959039117996,17.330270669313528,26.667017891800036,0.10088833716796392,-1.3507208007955556,-2.436408145558535,0.0,6,19.047869922714312,0.0
36.23580787100036,-140.4958819113974,19.530270669327784,20.155409712010417,0.0996418822907731,-1.581884037893841,-2.4521157248470287,0.0,6,19.047869922714312,0.0
36.24673245300073,-141.52530431563724,21.730270669338505,13.627961442711944,0.09826453225992529,-1.8074723676042814,-2.47008253519481,0.0,6,9.734258173365674,0.0
36.25691859800099,-142.68060629039357,23.93027066934567,7.05444505242192,0.09676845701980127,-2.026804439738197,-2.4902463585091006,0.0,6,5.038889323158514,0.0
36.267058089000784,-143.95782996001358,26.130270669349258,0.6359414226833678,0.09516753413109277,-2.239194007796659,-2.512538116828374,0.0,6,0.4542438733452627,0.0
36.277699044001565,-145.35493203462553,28.32894758631321,-6.048543797819753,0.09356543185083718,-2.448916839359614,-2.536922148016796,0.0,6,-4.320388427014109,0.0
36.287822820000656,-146.89948996670697,30.50809587304689,-12.395107097722963,0.09321540365723813,-2.71727439193317,-2.5638797694194118,0.0,6,-8.853647926944973,0.0
36.29811659100051,-148.65165751304986,32.63155281945144,-18.883834938256065,0.09535862061073436,-3.0852934580528304,-2.5944608621496856,0.0,6,-13.48845352732576,0.0
36.30838829300046,-150.67247279765874,34.66354041504288,-25.425539478342422,0.10098844522919238,-3.5600606568746223,-2.629730742440737,0.0,6,-18.161099627387443,0.0
36.31885869400139,-153.02629957304674,36.56739101391066,-31.95769573741493,0.1114895247762033,-4.147355166453291,-2.6708127696928585,0.0,6,-22.82692552672495,0.0
36.32898184199985,-155.7802707606454,38.30594354101471,-38.54436841809295,0.12870625167157299,-4.851978349414831,-2.7188786344215137,0.0,6,-22.82692552672495,0.0
36.339767788000245,-160.71483629376831,38.97669385337253,-45.10257265730181,0.37933743745277737,-9.451435097970325,-2.8050030501299377,0.0,6,-32.21612332664415,0.0
36.34953034300088,-167.50065347514257,38.739124790253925,-51.48160741816831,0.5606723193454676,-11.740654168063289,-2.92343790238332,0.0,6,-32.21612332664415,0.0
36.3602481930011,-174.8925022130284,38.21818155712663,-58.01064013761354,0.6718743263641724,-12.945233412080944,-3.0524500006688147,0.0,6,-41.436171526866815,0.0
36.370659857000646,177.0616634326046,37.38291788187579,-64.58094478806309,0.7961727915277491,-14.103695403642234,3.0903090059569953,0.0,6,-46.12924627718792,0.0
36.38101725500019,168.33531187925402,36.20632466196318,-71.12075680753625,0.9434029233241812,-15.291328614669789,2.938005439664506,0.0,6,-50.80054057681161,0.0
36.39124977500069,158.93339153205397,34.66717611469065,-77.6029729681752,1.1105883792549458,-16.464823191953094,2.7739109735956164,0.0,6,-55.43069497726799,0.0
36.40135224900041,148.89898307505098,32.75083819018315,-84.11876056788536,1.2896971695508053,-17.55913420455694,2.5987775075309507,0.0,6,-55.43069497726799,0.0
36.4122007040005,138.51025197834196,30.561869849340628,-90.64176481776961,1.4009391801754905,-18.044915658409963,2.417459944789057,0.0,6,-64.74411772697829,0.0
36.42263318100049,128.28926941101696,28.361869849299904,-97.24704958729056,1.4176882642442041,-17.807525646600276,2.2390701462002927,0.0,6,-69.46217827663611,0.0
36.43285417700099,118.28070662066062,26.16186984925712,-103.814098397793,1.4238419198570922,-17.44532732226841,2.0643877721159836,0.0,6,-74.152927426995,0.0
36.44293381399984,108.50360037171647,23.96186984921183,-110.29899835755279,1.4295355556306646,-17.04163494283875,1.8937450767545956,0.0,6,-74.152927426995,0.0
36.453292538000824,98.97101409684305,21.761869849163595,-116.85271447724084,1.435408539561236,-16.614732505382058,1.7273700600276332,0.0,6,-78.78499882682343,0.0
36.463810711000406,89.6900358446836,19.5618698491119,-110.38220245716295,1.441156407769626,-16.175858364377884,1.5653864317214623,0.0,6,-78.84443032654497,0.0
36.47406998000042,80.66200487927111,17.361869849062256,-103.91419846720531,1.446441960675239,-15.735086903730629,1.4078175664030121,0.0,6,-74.22442747657522,0.0
36.48411525400115,71.88292205681958,15.161869849014945,-97.38582661678741,1.4509871542763206,-15.301687449561133,1.254593665845956,0.0,6,-74.22442747657522,0.0
36.49472568800047,63.3439750561691,12.961869848969751,-90.90875881670874,1.4545780095421628,-14.884004364644866,1.1055609260313108,0.0,6,-64.93482772622053,0.0
36.50543809100054,55.03212576138888,10.761869848926539,-84.35838610690118,1.4570568286610337,-14.489355569334407,0.9604917889078273,0.0,6,-60.25599007635799,0.0
36.51514253800087,46.93072536961127,8.561869848885332,-77.82944221680303,1.4583111028132374,-14.123988097707159,0.8190956780489493,0.0,6,-60.25599007635799,0.0
36.52574850200108,39.0201247088174,6.361869848846205,-103.47517221880045,1.4582624563454085,-13.793088283211068,0.6810296507076572,0.0,6,-117.14221073108172,0.0
36.53607090800142,31.27807117993237,4.161869848763465,-129.1982522167884,1.4569006173208705,-13.501231183148516,0.5459053257629676,0.0,6,-178.8776027262528,0.0
36.54637334000108,23.680251476831202,1.9618698486510509,-155.14517221681237,1.4542052634560603,-13.251838733472475,0.4132983559709542,0.0,6,-241.15021072631032,0.0
36.55691826200018,16.201133251220245,-0.23813015146586877,-181.35312971543974,1.4501167411692444,-13.047027097268863,0.2827631177881269,0.0,6,-260.0,0.0
36.56727964000129,8.814374429395395,-2.4381301515843568,-207.38089221658376,1.4445913752272097,-12.888227490202329,0.1538398552965461,0.0,6,-260.0,0.0
36.57763270699979,1.493113716225524,-4.63813015170396,-233.19109971516374,1.4376021044304093,-12.776299722421598,0.02605975045482367,0.0,6,-260.0,0.0
36.58764962600071,-5.789656663483283,-6.8381301518241955,-259.00759221776315,1.429124173541037,-12.711469536603085,-0.10104857133781264,0.0,6,-260.0,0.0
36.59830762199999,-13.060743751967998,-9.03813015194459,-284.8637197173004,1.4191344671799166,-12.693359005877538,-0.22795298123111918,0.0,6,-260.0,0.0
36.60863491700002,-20.346421978037895,-11.23813015206471,-300.0,1.4076136739431586,-12.721010943077399,-0.35511205451689865,0.0,6,-260.0,0.0
36.6185707500008,-27.67210643122331,-13.438130152184183,-300.0,1.3945500654580438,-12.79289692853889,-0.48296936818714453,0.0,6,-260.0,0.0
36.62892144200123,-35.062021911099286,-15.638130152302743,-300.0,1.379944666311068,-12.906909285027263,-0.6119477247550771,0.0,6,-260.0,0.0
36.639697611000884,-42.53885992185326,-17.83813015242021,-300.0,1.3638176465614247,-13.060339648441683,-0.7424431656809971,0.0,6,-260.0,0.0
36.64978681499997,-50.123418094032274,-20.038130152536525,-274.8197675035044,1.3462156863993764,-13.249848226693821,-0.8748186780945639,0.0,6,-199.56744200841058,0.0
36.65988921999997,-57.83421961948662,-22.238130152651742,-249.65926250188204,1.32721992317899,-13.471429236272982,-1.0093975526815435,0.0,6,-139.1822300045169,0.0
36.6700065010009,-65.68709664552807,-24.438130152758887,-224.22410750350537,1.3069499293239084,-13.720342175285168,-1.1464561125401875,0.0,6,-78.13785800841288,0.0
36.68044826700134,-73.69472617055406,-26.638130152824875,-198.10310500160995,1.2855645064488088,-13.991034838322673,-1.2862156130318005,0.0,6,-37.251017626577664,0.0
36.69073763900087,-81.86630558921988,-28.838130152860032,-172.37409000044863,1.2633004471814482,-14.2774503460536,-1.4288365789757231,0.0,6,-32.61979492636863,0.0
36.70101339100074,-90.20727152323833,-31.038130152889597,-146.7735825033742,1.2404657695040098,-14.572965561976975,-1.5744138973210293,0.0,6,-28.01170357689523,0.0
36.71143162000044,-98.71887067401025,-33.23813015291624,-120.80920000043989,1.2174125902226396,-14.87023104127255,-1.7229693271119526,0.0,6,-23.338114726367053,0.0
36.72177546800049,-107.39782297949878,-35.438130152939884,-94.94591249931545,1.1945356042095112,-15.161340504468292,-1.8744456204662803,0.0,6,-18.682722976164655,0.0
36.73200861700025,-116.23612822687087,-37.6381301529604,-69.31083499948727,1.17226550736714,-15.438056698637494,-2.028703147329215,0.0,6,-14.068409026195582,0.0
36.742229194000174,-124.27507598142269,-39.0000000000014,0.0,0.8702384503223897,-13.217649554478687,-2.169009254041949,0.0,6,0.0,0.0
36.75277341800029,-130.91438024135135,-39.000000000000355,0.0,0.6922348736737354,-11.798618579444684,-2.2848869734193897,0.0,6,0.0,0.0
36.76319513999988,-137.68110949812086,-39.000000000000334,0.0,0.6630276843034308,-11.840310799409453,-2.4029886785410466,0.0,6,0.0,0.0
36.77339986300103,-144.55736902029273,-39.000000000000306,6.403592683077272,0.6497077037895961,-12.010356282580112,-2.5230020474245576,0.0,6,4.573994773626623,0.0
36.78368392599987,-151.51740784179935,-38.99686270631596,12.8745885426222,0.6379596325095359,-12.149735992541864,-2.6444776409264743,0.0,6,9.196134673301572,0.0
36.79411004800022,-158.49382729539448,-38.96703861988307,19.434068532377545,0.6189980223171051,-12.162219987504251,-2.766239130391893,0.0,6,13.881477523126819,0.0
36.80405321299986,-165.37481015585115,-38.867404248498346,25.84328848288785,0.5871262424728917,-11.9834448096989,-2.8863349370801594,0.0,6,13.881477523126819,0.0
36.81476009900143,-172.03987942251575,-38.65368441401975,32.423976792965526,0.5416062774438974,-11.595531300875688,-3.002662340656941,0.0,6,23.159983423546805,0.0
36.82505121600116,-178.36686905907254,-38.28156758688572,38.909756862871994,0.48370875740807734,-10.994877960567594,-3.1130891415544157,0.0,6,27.792683473479997,0.0
36.835611294000046,175.761758012274,-37.70754954931471,45.47874166266845,0.416485620117872,-10.190835984208892,3.067621376407705,0.0,6,32.484815473334606,0.0
36.84560865700041,170.45281997658367,-36.89016271071781,52.02541753260882,0.3441122916158373,-9.20159361452729,2.974962927900549,0.0,6,32.484815473334606,0.0
36.856477436000205,165.80033776284128,-35.790050871152815,58.53029416225106,0.2711796199198862,-8.049697861779883,2.8937617948802696,0.0,6,41.80735297303647,0.0
36.86687666800026,161.88474877307678,-34.37021705744865,65.1040304227943,0.20215599607235107,-6.758437422856016,2.8254218748540403,0.0,6,46.50287887342449,0.0
36.87700002600104,158.7755520441167,-32.59529571482946,71.58624658228726,0.14094426424382,-5.346202894469965,2.7711561548414494,0.0,6,51.133033273062324,0.0
36.886807349001174,156.46600457518647,-30.4656375130675,78.02982988294823,0.09747087150747671,-4.02592670078274,2.7308469472775156,0.0,6,51.133033273062324,0.0
36.89767542900154,154.39008685209595,-28.265637513023556,84.64004314277625,0.09156740888927345,-3.640643893337738,2.6946153480090818,0.0,6,60.4571736734116,0.0
36.90749937500004,152.41419724137623,-26.065637512976053,91.05163819280713,0.0919924120968713,-3.4417921649426786,2.6601295686460737,0.0,6,60.4571736734116,0.0
36.918197670000154,150.54431848860548,-23.86563751292512,97.52056639301807,0.09307098566550215,-3.2537639873537327,2.6274940277971393,0.0,6,69.65754742358433,0.0
36.928867260001425,148.7859537331492,-21.665637512870752,104.03001808298065,0.09422143730619997,-3.0584526154239686,2.5968047733634023,0.0,6,74.30715577355761,0.0
36.93884848900052,147.14412235235608,-19.465637512812958,110.57295490264076,0.09536564087114618,-2.854667852883701,2.568149410005997,0.0,6,78.98068207331482,0.0
36.9487686070006,145.62336307728506,-17.26563751275209,117.06392680293428,0.09647751832063255,-2.6430298080850063,2.5416071535257663,0.0,6,78.98068207331482,0.0
36.95908228300141,144.22773246411003,-15.065637512687822,123.51023863310253,0.09753749142045406,-2.4243554834036702,2.5172488041842342,0.0,6,83.61709057352448,0.0
36.96935656900132,142.96081087918796,-12.865637512619834,130.04411038322795,0.09852773947686029,-2.199472500763748,2.4951368511627594,0.0,6,88.22159902364467,0.0
36.98020244000145,141.82571568500094,-10.66563751254845,136.55237452285726,0.09943168134351879,-1.969188169809238,2.4753257027006317,0.0,6,97.53741037346947,0.0
36.990241917001185,140.8251111974316,-8.46563751247403,142.9804705325703,0.10023419387206978,-1.7342921748046711,2.457861859882316,0.0,6,102.1289075232645,0.0
37.00076588699994,139.9612119381456,-6.2656375123959,137.16339562884556,0.10092187902996136,-1.4955680547704981,2.4427839734022347,0.0,6,97.97385402060397,0.0
37.0108485260007,139.23582314171819,-4.0656375123204,130.62798352868,0.10148214660308393,-1.2537203835597255,2.4301235505474974,0.0,6,93.30570252048571,0.0
37.02118790399982,138.65035513169732,-1.8656375122485227,124.18149592836514,0.10190442907757577,-1.0094507080375803,2.4199052061075346,0.0,6,88.7010685202608,0.0
37.03180902399981,138.20580462881583,0.3343624878197669,117.66205558889438,0.10218031031692448,-0.7634769843016298,2.4121463361408555,0.0,6,84.04432542063884,0.0
37.041830902000584,137.9027626618922,2.534362487884465,111.13130737839624,0.10230310845937199,-0.5165058010897291,2.406857256046319,0.0,6,79.37950527028303,0.0
37.05230591200052,137.74142314297507,4.734362487945587,104.62599100824761,0.10226784354133892,-0.26922974974191805,2.404041350227631,0.0,6,74.73285072017686,0.0
37.063089484001466,137.72158962871833,6.934362488003165,97.98995026881626,0.10207126158369313,-0.022329738477131704,2.40369519010161,0.0,6,69.99282162058304,0.0
37.07294318200002,137.84267859960605,9.134362488057516,91.5723267492244,0.10171186204036446,0.22351920099644262,2.4058085913314518,0.0,6,65.40880482087456,0.0
37.08304055900044,138.1037300816503,11.334362488108034,85.19923162857181,0.10118991069978993,0.4676594228172535,2.4103647992103348,0.0,6,60.85659402040844,0.0
37.093426520999856,138.50340316921313,13.53436248815513,78.68370736894164,0.10050747625685542,0.7094265971835648,2.417340410519918,0.0,6,56.20264812067259,0.0
37.103291324001475,139.03997936914104,15.734362488198741,72.22327156830531,0.0996684427241794,0.9481617109519211,2.426705431896499,0.0,6,56.20264812067259,0.0
37.11430446600025,139.71136266959985,17.934362488238893,65.59026679856784,0.09867852088187329,1.18320541647731,2.438423281032412,0.0,6,46.8501905704056,0.0
37.1242854860011,140.51507574646175,20.134362488275865,59.25008350851881,0.09754521596362403,1.413892352939131,2.452450720464986,0.0,6,42.32148822037058,0.0
37.13464567700066,141.4482647987631,22.334362488309072,52.73196364883502,0.09627793689994864,1.6395643252518182,2.4687379419712103,0.0,6,37.665688320596445,0.0
37.145004820000395,142.5076902703987,24.534362488338797,46.192150999082024,0.09488777434315011,1.859548641538796,2.487228404630746,0.0,6,32.99439357077287,0.0
37.155227422999815,143.68972432461285,26.734362488365367,39.750415488647796,0.09338750176276557,2.073167375277971,2.5078587907474796,0.0,6,28.39315392046271,0.0
37.16572967200045,144.99035596200292,28.934362488388103,33.13839853869964,0.09179168772232066,2.279751153221199,2.5305590951755415,0.0,6,23.67028467049974,0.0
37.17586972100071,146.4051805581061,31.13436248840763,26.73142327822957,0.09011617755797807,2.4786137949112463,2.555252442715741,0.0,6,19.09387377016398,0.0
37.1855539140015,147.92940951008157,33.3343624884233,20.397928068501148,0.08837841871434071,2.6690845384186868,2.5818552564819353,0.0,6,19.09387377016398,0.0
37.196394895001504,149.55786465329092,35.53436248843551,13.948228728345798,0.08659680125393343,2.8504844671580774,2.6102771604519743,0.0,6,9.963020520247,0.0
37.20668740900146,151.28498510472758,37.73436248844418,7.401640428338811,0.084790717715459,3.0221465115137667,2.6404210989080745,0.0,6,5.286886020242008,0.0
37.2170545150002,151.33000379719564,39.00000000000049,0.0,0.05455755008900923,-1.269678779700284,2.641206823316585,0.0,6,0.0,0.0
37.22698385200056,149.0770524908775,39.00000000000008,-5.4757151810231735,0.10806756182288141,-3.61564294772911,2.601885405134226,0.0,6,-3.9112251293022666,0.0
37.23713465699984,146.92782522467215,38.99193985033732,-11.933554751326069,0.11876777014140662,-3.7145869269754197,2.564374312965306,0.0,6,-8.52396767951862,0.0
37.24747529200067,144.83513734053255,38.945833241576096,-18.430422820860752,0.12497098699281159,-3.6523040618847764,2.5278500191704767,0.0,6,-13.164587729186252,0.0
37.2574840390007,142.74465570949482,38.82622306043068,-24.874358290948788,0.13353554085316746,-3.655973562083227,2.491364231756407,0.0,6,-13.164587729186252,0.0
37.26747504600098,140.60657418285706,38.598276008448295,-31.17234481175232,0.14519200756203665,-3.743034804164906,2.454047669440511,0.0,6,-17.767398779249135,0.0
37.278055658000085,138.37653684051116,38.22808952978512,-37.54213999120524,0.16011407357144902,-3.9065116278463106,2.4151261753741515,0.0,6,-26.815814279432317,0.0
37.28825430500001,136.01578294514366,37.6824675983108,-43.987923880653895,0.17852449375555207,-4.137284975062899,2.3739232470707066,0.0,6,-31.419945629038494,0.0
37.29854723800054,133.49082396834402,36.92830227043882,-50.60363641105554,0.20069082242549519,-4.425934062564506,2.3298543994477656,0.0,6,-36.14545457932539,0.0
37.30869566900037,130.7740397342707,35.9323833030816,-57.028300181541034,0.22684776684430435,-4.762231537134111,2.2824375694969143,0.0,6,-40.73450012967217,0.0
37.31903839900042,127.84556270331244,34.66203126045918,-63.54536416093155,0.25699821707038006,-5.131993569554113,2.2313260032376645,0.0,6,-45.38954582923682,0.0
37.32945914300035,124.69476870021754,33.08548283087747,-70.08522091079116,0.29090964188598545,-5.519634739262911,2.176334273831566,0.0,6,-50.060872079136544,0.0
37.33976010800143,121.32022580469426,31.17119466597518,-76.59137266070006,0.3280774701477841,-5.908788295801311,2.117437389554902,0.0,6,-54.70812332907147,0.0
37.35023016000014,117.8351829938794,28.986809018579194,-83.07231244165864,0.3545453995783629,-6.028445664474809,2.0566119179332247,0.0,6,-59.33736602975617,0.0
37.36048195600051,114.53523007341877,26.78680901853761,-89.65586158156343,0.3609731526950327,-5.734071526428332,1.9990168743103842,0.0,6,-64.03990112968816,0.0
37.37052611299987,111.44185481305786,24.586809018492676,-96.09024877063761,0.36471599115182896,-5.379602451456941,1.9450272910173494,0.0,6,-64.03990112968816,0.0
37.38088385900119,108.55851709227535,22.38680901844445,-96.09290440263113,0.36805134103115433,-5.01352364943163,1.8947035543427457,0.0,6,-68.63589197902687,0.0
37.39102083600119,105.88784072328153,20.18680901839592,-89.67866902216021,0.3711830087324063,-4.6423193238363964,1.8480914584485966,0.0,6,-68.63778885902224,0.0
37.40133933100151,103.43171174076635,17.986809018350343,-83.16978874274402,0.374107578072003,-4.267807169651952,1.8052239208500485,0.0,6,-64.05619215868586,0.0
37.4116856239998,101.19138538279479,15.786809018308068,-76.83572212246919,0.3768040830545419,-3.8911362911529075,1.7661228495842316,0.0,6,-54.882658658906564,0.0
37.422207568000886,99.16758741438723,13.586809018268992,-70.22282506237435,0.379252909791727,-3.5132303575393857,1.7308009116403476,0.0,6,-50.15916075883882,0.0
37.43246104100035,97.36060360592434,11.386809018233222,-63.790417332420944,0.38143735674331586,-3.1348513187344347,1.6992630946524434,0.0,6,-45.5645838088721,0.0
37.44277667300048,95.7703622811988,9.186809018200682,-57.29082136251282,0.3833432016973579,-2.7566169261397415,1.6715081476347065,0.0,6,-40.92201525893773,0.0
37.4529873320007,94.39650915412697,6.986809018171394,-50.809133142593524,0.384958144051057,-2.3790152077918205,1.6475298871284831,0.0,6,-36.29223795899537,0.0
