workspace,phase,elapsed_s,degree_deg,cmX_cm,setspeed_cm_s,energy_j,theta_dot_rad_s,theta_rad,x_center_cm,mode,cart_velocity_cmd_mps,motor_command_cm_s,cart_joint_effort_cmd_n,cart_force_cmd_n,hinge_assist_torque_nm,note
real,SWING_UP,2.935,-180.000000,0.000000,3.174399,0.000000000,0.000000000,-3.141592654,0.000000,6,0.031743986,3.174398612,2.267427580,2.267427580,0.000000000,auto_capture
real,SWING_UP,2.956,-179.908778,0.042629,4.201396,0.000078278,0.139445864,-3.140000528,0.000000,6,0.042013964,4.201396395,3.000997425,3.000997425,0.000000000,auto_capture
real,SWING_UP,2.976,-179.598341,0.188995,-1.961566,0.000361417,0.296553189,-3.134582375,0.000000,6,-0.019615659,-1.961565949,-1.401118535,-1.401118535,0.000000000,auto_capture
real,SWING_UP,2.997,-179.303215,0.332820,-1.861819,0.000174454,0.190681560,-3.129431453,0.000000,6,-0.018618189,-1.861818918,-1.329870656,-1.329870656,0.000000000,auto_capture
real,SWING_UP,3.017,-179.185675,0.398535,4.201484,0.000083200,0.104364757,-3.127380002,0.000000,6,0.042014842,4.201484193,3.001060138,3.001060138,0.000000000,auto_capture
real,SWING_UP,3.038,-178.953327,0.525523,0.951700,0.000301201,0.242759268,-3.123324770,0.000000,6,0.009516999,0.951699881,0.679785629,0.679785629,0.000000000,auto_capture
real,SWING_UP,3.068,-178.528666,0.766929,-0.109093,0.000267139,0.185582720,-3.115913029,0.000000,6,-0.001090931,-0.109093124,-0.077923660,-0.077923660,0.000000000,auto_capture
real,SWING_UP,3.089,-178.366538,0.882484,4.204749,0.000266234,0.163384439,-3.113083365,0.000000,6,0.042047493,4.204749340,3.003392386,3.003392386,0.000000000,auto_capture
real,SWING_UP,3.119,-177.947630,1.163980,-1.576441,0.000478592,0.238155274,-3.105772031,0.000000,6,-0.015764413,-1.576441281,-1.126029486,-1.126029486,0.000000000,auto_capture
real,SWING_UP,3.139,-177.740581,1.336483,4.207633,0.000427901,0.175240947,-3.102158360,0.000000,6,0.042076333,4.207633309,3.005452363,3.005452363,0.000000000,auto_capture
real,SWING_UP,3.160,-177.473334,1.553538,-2.079362,0.000632634,0.250573340,-3.097494021,0.000000,6,-0.020793622,-2.079362175,-1.485258696,-1.485258696,0.000000000,auto_capture
real,SWING_UP,3.180,-177.240309,1.773071,3.348816,0.000587616,0.182025535,-3.093426958,0.000000,6,0.033488157,3.348815680,2.392011200,2.392011200,0.000000000,auto_capture
real,SWING_UP,3.200,-177.002170,2.014871,-0.642860,0.000727308,0.218125514,-3.089270645,0.000000,6,-0.006428601,-0.642860069,-0.459185764,-0.459185764,0.000000000,auto_capture
real,SWING_UP,3.221,-176.781177,2.270223,2.438566,0.000756995,0.185697160,-3.085413596,0.000000,6,0.024385662,2.438566177,1.741832983,1.741832983,0.000000000,auto_capture
real,SWING_UP,3.241,-176.548760,2.553932,-0.022809,0.000879987,0.205138510,-3.081357159,0.000000,6,-0.000228095,-0.022809488,-0.016292492,-0.016292492,0.000000000,auto_capture
real,SWING_UP,3.261,-176.337985,2.852151,2.103350,0.000932472,0.181150773,-3.077678435,0.000000,6,0.021033504,2.103350375,1.502393125,1.502393125,0.000000000,auto_capture
real,SWING_UP,3.282,-176.106234,3.198201,0.660787,0.001050528,0.190223695,-3.073633618,0.000000,6,0.006607873,0.660787328,0.471990948,0.471990948,0.000000000,auto_capture
real,SWING_UP,3.302,-175.915100,3.528804,1.764048,0.001120057,0.175499704,-3.070297703,0.000000,6,0.017640481,1.764048054,1.260034324,1.260034324,0.000000000,auto_capture
real,SWING_UP,3.323,-175.708432,3.907559,1.059264,0.001225910,0.177258126,-3.066690665,0.000000,6,0.010592641,1.059264144,0.756617246,0.756617246,0.000000000,auto_capture
real,SWING_UP,3.343,-175.540058,4.298686,-5.301106,0.001245140,0.119300630,-3.063751976,0.000000,6,-0.053011062,-5.301106179,-3.786504414,-3.786504414,0.000000000,auto_capture
real,SWING_UP,3.364,-175.619005,4.605062,-5.282800,0.001263435,-0.170952779,-3.065129871,0.000000,6,-0.052828002,-5.282800201,-3.773428715,-3.773428715,0.000000000,auto_capture
real,SWING_UP,3.385,-176.067672,4.767399,1.083894,0.001720038,-0.446157992,-3.072960579,0.000000,6,0.010838943,1.083894287,0.774210205,0.774210205,0.000000000,auto_capture
real,SWING_UP,3.406,-176.608453,4.911346,7.481091,0.001495390,-0.449479548,-3.082398997,0.000000,6,0.074810912,7.481091248,5.343636606,5.343636606,0.000000000,auto_capture
real,SWING_UP,3.426,-176.959429,5.165139,1.930052,0.000795819,-0.246682040,-3.088524685,0.000000,6,0.019300525,1.930052465,1.378608903,1.378608903,0.000000000,auto_capture
real,SWING_UP,3.447,-177.196772,5.514012,-4.211532,0.000646438,-0.210289299,-3.092667102,0.000000,6,-0.042115318,-4.211531777,-3.008236984,-3.008236984,0.000000000,auto_capture
real,SWING_UP,3.467,-177.549293,5.782485,-0.459079,0.000918137,-0.373911570,-3.098819755,0.000000,6,-0.004590788,-0.459078796,-0.327913426,-0.327913426,0.000000000,auto_capture
real,SWING_UP,3.821,-178.040331,6.023490,5.891655,0.000930541,-0.418641972,-3.107389982,0.000000,6,0.058916545,5.891654516,4.208324654,4.208324654,0.000000000,auto_capture
real,SWING_UP,3.847,175.347829,10.805649,-3.625442,0.001677723,-0.310216526,3.060396948,0.000000,6,-0.036254419,-3.625441906,-2.589601362,-2.589601362,0.000000000,auto_capture
real,SWING_UP,3.877,174.777341,10.934023,-2.039246,0.002047016,-0.323248726,3.050440066,0.000000,6,-0.020392462,-2.039246243,-1.456604459,-1.456604459,0.000000000,auto_capture
real,SWING_UP,3.897,174.415592,10.982040,-1.491598,0.002289110,-0.326629565,3.044126354,0.000000,6,-0.014915977,-1.491597703,-1.065426931,-1.065426931,0.000000000,auto_capture
real,SWING_UP,3.918,174.042120,10.984594,-2.568162,0.002514231,-0.314114030,3.037608026,0.000000,6,-0.025681624,-2.568162378,-1.834401698,-1.834401698,0.000000000,auto_capture
real,SWING_UP,3.938,173.686209,10.952902,-1.492227,0.002793699,-0.321559650,3.031396207,0.000000,6,-0.014922267,-1.492226672,-1.065876194,-1.065876194,0.000000000,auto_capture
real,SWING_UP,3.959,173.323010,10.872810,-2.820007,0.003035199,-0.305661816,3.025057189,0.000000,6,-0.028200070,-2.820007050,-2.014290750,-2.014290750,0.000000000,auto_capture
real,SWING_UP,3.979,172.973418,10.751674,-1.754248,0.003336480,-0.311994347,3.018955661,0.000000,6,-0.017542477,-1.754247660,-1.253034043,-1.253034043,0.000000000,auto_capture
real,SWING_UP,4.000,172.625185,10.581304,-3.052180,0.003594881,-0.295305794,3.012877842,0.000000,6,-0.030521795,-3.052179539,-2.180128242,-2.180128242,0.000000000,auto_capture
real,SWING_UP,4.020,172.285718,10.362822,-1.991771,0.003912520,-0.300503468,3.006953026,0.000000,6,-0.019917706,-1.991770552,-1.422693251,-1.422693251,0.000000000,auto_capture
real,SWING_UP,4.040,171.937070,10.078284,-3.259315,0.004198620,-0.282663384,3.000867982,0.000000,6,-0.032593150,-3.259314997,-2.328082140,-2.328082140,0.000000000,auto_capture
real,SWING_UP,4.061,171.627570,9.769593,-2.217042,0.004511079,-0.286827725,2.995466189,0.000000,6,-0.022170416,-2.217041579,-1.583601128,-1.583601128,0.000000000,auto_capture
real,SWING_UP,4.082,171.295988,9.371202,-3.226601,0.004811113,-0.270165224,2.989678988,0.000000,6,-0.032266010,-3.226601023,-2.304715016,-2.304715016,0.000000000,auto_capture
real,SWING_UP,4.102,171.002993,8.955811,-2.606243,0.005117648,-0.269146224,2.984565258,0.000000,6,-0.026062432,-2.606243208,-1.861602291,-1.861602291,0.000000000,auto_capture
real,SWING_UP,4.122,170.706447,8.462302,-3.304578,0.005409829,-0.254531276,2.979389550,0.000000,6,-0.033045781,-3.304578076,-2.360412911,-2.360412911,0.000000000,auto_capture
real,SWING_UP,4.143,170.418245,7.907298,-2.860455,0.005724733,-0.250198265,2.974359477,0.000000,6,-0.028604549,-2.860454863,-2.043182045,-2.043182045,0.000000000,auto_capture
real,SWING_UP,4.163,170.143581,7.291272,-3.380315,0.006014618,-0.235967101,2.969565687,0.000000,6,-0.033803155,-3.380315457,-2.414511040,-2.414511040,0.000000000,auto_capture
real,SWING_UP,4.184,169.878534,6.610494,-3.080957,0.006316371,-0.228916126,2.964939746,0.000000,6,-0.030809574,-3.080957424,-2.200683874,-2.200683874,0.000000000,auto_capture
real,SWING_UP,4.214,169.507706,5.468107,-3.265894,0.006739203,-0.210975969,2.958467583,0.000000,6,-0.032658944,-3.265894381,-2.332781701,-2.332781701,0.000000000,auto_capture
real,SWING_UP,4.244,169.167268,4.174426,-3.521882,0.007138142,-0.190782298,2.952525819,0.000000,6,-0.035218823,-3.521882341,-2.515630244,-2.515630244,0.000000000,auto_capture
real,SWING_UP,4.265,168.974256,3.233439,2.878929,0.007325695,-0.143632708,2.949157124,0.000000,6,0.028789290,2.878928999,2.056377856,2.056377856,0.000000000,auto_capture
real,SWING_UP,4.286,169.015587,2.326915,2.847673,0.007261839,0.134815014,2.949878481,0.000000,6,0.028476732,2.847673159,2.034052256,2.034052256,0.000000000,auto_capture
real,SWING_UP,4.307,169.413143,1.514500,-3.546728,0.007314911,0.398525538,2.956817150,0.000000,6,-0.035467281,-3.546728085,-2.533377204,-2.533377204,0.000000000,auto_capture
real,SWING_UP,4.328,169.892654,0.669782,-9.961113,0.006711711,0.394313792,2.965186195,0.000000,6,-0.099611127,-9.961112678,-7.115080484,-7.115080484,0.000000000,auto_capture
real,SWING_UP,4.348,170.140064,-0.352962,-16.269706,0.005851066,0.117309387,2.969504308,0.000000,6,-0.162697057,-16.269705737,-11.621218384,-11.621218384,0.000000000,auto_capture
real,SWING_UP,4.369,169.881645,-1.683166,-9.844243,0.006605096,-0.354287549,2.964994044,0.000000,6,-0.098442427,-9.844242693,-7.031601924,-7.031601924,0.000000000,auto_capture
real,SWING_UP,4.390,169.232889,-3.270267,-3.437128,0.008416573,-0.614050839,2.953671116,0.000000,6,-0.034371284,-3.437128441,-2.455091744,-2.455091744,0.000000000,auto_capture
real,SWING_UP,4.411,168.519438,-4.965698,3.018988,0.009260045,-0.593510282,2.941219050,0.000000,6,0.030189880,3.018987995,2.156419996,2.156419996,0.000000000,auto_capture
real,SWING_UP,4.431,168.059878,-6.622661,9.407732,0.008842073,-0.296750403,2.933198208,0.000000,6,0.094077316,9.407731586,6.719808276,6.719808276,0.000000000,auto_capture
real,SWING_UP,4.452,168.162184,-8.095750,9.333260,0.008627904,0.265716632,2.934983781,0.000000,6,0.093332600,9.333259960,6.666614257,6.666614257,0.000000000,auto_capture
real,SWING_UP,4.473,168.941569,-9.326525,2.893062,0.009895941,0.807757786,2.948586625,0.000000,6,0.028930619,2.893061887,2.066472777,2.066472777,0.000000000,auto_capture
real,SWING_UP,4.494,170.114557,-10.442435,-3.538984,0.010425487,1.072323926,2.969059118,0.000000,6,-0.035389837,-3.538983732,-2.527845523,-2.527845523,0.000000000,auto_capture
real,SWING_UP,4.515,171.351609,-11.590791,-9.950550,0.008864314,1.049121253,2.990649762,0.000000,6,-0.099505504,-9.950550432,-7.107536023,-7.107536023,0.000000000,auto_capture
real,SWING_UP,4.535,172.324584,-12.918224,-16.207840,0.005712013,0.741003319,3.007631366,0.000000,6,-0.162078396,-16.207839624,-11.577028303,-11.577028303,0.000000000,auto_capture
real,SWING_UP,4.556,172.750110,-14.552860,-9.845447,0.003353310,0.232458387,3.015058208,0.000000,6,-0.098454473,-9.845447281,-7.032462343,-7.032462343,0.000000000,auto_capture
real,SWING_UP,4.577,172.730889,-16.445596,-3.409272,0.003179630,-0.080363740,3.014722736,0.000000,6,-0.034092717,-3.409271688,-2.435194063,-2.435194063,0.000000000,auto_capture
real,SWING_UP,4.598,172.580004,-18.450691,2.947936,0.003343003,-0.119483713,3.012089297,0.000000,6,0.029479364,2.947936400,2.105668857,2.105668857,0.000000000,auto_capture
real,SWING_UP,4.618,172.610356,-20.422019,9.328828,0.003310301,0.113129497,3.012619035,0.000000,6,0.093288285,9.328828456,6.663448897,6.663448897,0.000000000,auto_capture
real,SWING_UP,4.639,173.128585,-22.213803,15.698793,0.004312183,0.611071654,3.021663832,0.000000,6,0.156987930,15.698792980,11.213423557,11.213423557,0.000000000,auto_capture
real,SWING_UP,4.659,174.429654,-23.681467,22.001062,0.009278829,1.362518449,3.044371767,0.000000,6,0.220010616,22.001061567,15.715043977,15.715043977,0.000000000,auto_capture
real,SWING_UP,4.680,176.792240,-24.682375,28.399593,0.022786602,2.354346378,3.085606681,0.000000,6,0.283995928,28.399592784,20.285423417,20.285423417,0.000000000,auto_capture
real,SWING_UP,4.701,-179.518723,-25.072832,34.807137,0.051055348,3.572166864,-3.133192783,0.000000,6,0.348071370,34.807137004,24.862240717,24.862240717,0.000000000,auto_capture
real,SWING_UP,4.722,-174.266398,-24.711423,41.188545,0.101474598,4.987772071,-3.041522429,0.000000,6,0.411885453,41.188545268,29.420389477,29.420389477,0.000000000,auto_capture
real,SWING_UP,4.743,-167.263357,-23.462392,47.614976,0.181297842,6.550617278,-2.919296293,0.000000,6,0.476149764,47.614976356,34.010697397,34.010697397,0.000000000,auto_capture
real,SWING_UP,4.763,-158.407349,-21.201098,53.980402,0.294921993,8.175952733,-2.764729805,0.000000,6,0.539804019,53.980401884,38.557429917,38.557429917,0.000000000,auto_capture
real,SWING_UP,4.784,-147.731155,-17.821814,60.357938,0.439529257,9.732984713,-2.578395058,0.000000,6,0.603579380,60.357937973,43.112812838,43.112812838,0.000000000,auto_capture
real,SWING_UP,4.804,-135.872557,-13.498996,60.247414,0.534171117,10.288744450,-2.371423486,0.000000,6,0.602474140,60.247414020,43.033867157,43.033867157,0.000000000,auto_capture
real,SWING_UP,4.825,-124.571844,-9.098996,53.885473,0.544522894,9.679695563,-2.174188830,0.000000,6,0.538854732,53.885473203,38.489623717,38.489623717,0.000000000,auto_capture
real,SWING_UP,4.846,-114.064668,-4.698996,47.460870,0.554095762,8.968050518,-1.990804021,0.000000,6,0.474608701,47.460870096,33.900621497,33.900621497,0.000000000,auto_capture
real,SWING_UP,4.866,-104.418756,-0.298996,41.080645,0.563940081,8.204425709,-1.822451091,0.000000,6,0.410806449,41.080644859,29.343317757,29.343317757,0.000000000,auto_capture
real,SWING_UP,4.887,-95.672699,4.101004,34.769019,0.573453427,7.413508605,-1.669803598,0.000000,6,0.347690186,34.769018616,24.835013297,24.835013297,0.000000000,auto_capture
real,SWING_UP,4.908,-87.840697,8.501004,28.386255,0.582233685,6.615300938,-1.533109377,0.000000,6,0.283862548,28.386254844,20.275896317,20.275896317,0.000000000,auto_capture
real,SWING_UP,4.928,-80.918079,12.901004,22.015107,0.590057794,5.824921235,-1.412286901,0.000000,6,0.220151070,22.015106984,15.725076417,15.725076417,0.000000000,auto_capture
real,SWING_UP,4.949,-74.886796,17.301004,15.696748,0.596831826,5.052785114,-1.307021150,0.000000,6,0.156967479,15.696747860,11.211962757,11.211962757,0.000000000,auto_capture
real,SWING_UP,4.969,-69.720370,21.701004,9.365783,0.602544451,4.305164079,-1.216850007,0.000000,6,0.093657829,9.365782912,6.689844937,6.689844937,0.000000000,auto_capture
real,SWING_UP,4.990,-65.388050,26.101004,3.001755,0.607229317,3.584910122,-1.141236758,0.000000,6,0.030017554,3.001755396,2.144110997,2.144110997,0.000000000,auto_capture
real,SWING_UP,5.011,-61.858107,30.501004,-3.459954,0.610937408,2.892200852,-1.079627635,0.000000,6,-0.034599540,-3.459954013,-2.471395723,-2.471395723,0.000000000,auto_capture
real,SWING_UP,5.032,-59.061701,34.864264,-9.889806,0.615023126,2.284978960,-1.030821143,0.000000,6,-0.098898057,-9.889805749,-7.064146963,-7.064146963,0.000000000,auto_capture
real,SWING_UP,5.053,-56.753601,39.000000,-16.279152,0.625489011,2.118925119,-0.990537204,0.000000,6,-0.162791518,-16.279151789,-11.627965563,-11.627965563,0.000000000,auto_capture
real,SWING_UP,5.074,-50.102666,38.823607,-22.693752,0.774346993,5.706491182,-0.874456491,0.000000,6,-0.226937520,-22.693751980,-16.209822843,-16.209822843,0.000000000,auto_capture
real,SWING_UP,5.094,-43.529893,38.193335,-28.000000,0.809832919,5.764915017,-0.759739959,0.000000,6,-0.280000000,-28.000000000,-20.000000000,-20.000000000,0.000000000,auto_capture
real,SWING_UP,5.115,-36.700004,36.987154,-28.000000,0.853883003,6.059419431,-0.640535899,0.000000,6,-0.280000000,-28.000000000,-20.000000000,-20.000000000,0.000000000,auto_capture
real,SWING_UP,5.135,-29.377227,35.164485,-28.000000,0.905173916,6.535156485,-0.512729342,0.000000,6,-0.280000000,-28.000000000,-20.000000000,-20.000000000,0.000000000,auto_capture
real,SWING_UP,5.156,-21.368247,32.716471,-28.000000,0.964093659,7.181017764,-0.372946261,0.000000,6,-0.280000000,-28.000000000,-20.000000000,-20.000000000,0.000000000,auto_capture
real,SWING_UP,5.177,-12.477544,29.634789,-1.662300,1.031327785,7.996811453,-0.217774220,0.000000,6,-0.016623000,-1.662299999,3.177176001,3.177176001,0.000000000,auto_capture
real,SWING_UP,5.198,-3.435546,26.347375,49.765735,1.013184000,7.567846535,-0.059961588,0.000000,6,0.497657350,49.765735005,48.433846804,48.433846804,0.000000000,auto_capture
real,SWING_UP,5.218,3.003057,24.214164,101.362613,0.868075507,4.577509535,0.052413235,0.000000,6,1.013626125,101.362612506,93.839099005,93.839099005,0.000000000,auto_capture
real,SWING_UP,5.239,3.857270,24.685492,101.255753,0.787979544,-1.008518448,0.067322058,0.000000,6,1.012557525,101.255752508,93.745062207,93.745062207,0.000000000,auto_capture
real,SWING_UP,5.259,-1.948795,28.297893,50.423290,0.934901532,-6.130425944,-0.034012883,0.000000,6,0.504232900,50.423290006,49.012495205,49.012495205,0.000000000,auto_capture
real,SWING_UP,5.280,-9.408121,32.697893,-1.351682,0.949036601,-6.509891949,-0.164202683,0.000000,6,-0.013516825,-1.351682493,3.450519406,3.450519406,0.000000000,auto_capture
real,SWING_UP,5.300,-16.795274,37.030966,-52.206495,0.926855393,-6.300671942,-0.293132828,0.000000,6,-0.522064950,-52.206494991,-41.301715592,-41.301715592,0.000000000,auto_capture
real,SWING_UP,5.321,-19.455482,38.942269,-32.261412,0.763298536,0.475486938,-0.339562211,0.000000,6,-0.322614119,-32.261411928,-23.043865663,-23.043865663,0.000000000,auto_capture
real,SWING_UP,5.342,-17.248044,38.306015,-28.000000,0.786886027,2.221048712,-0.301035165,0.000000,6,-0.280000000,-28.000000000,-20.000000000,-20.000000000,0.000000000,auto_capture
real,SWING_UP,5.363,-13.879889,36.970009,-28.000000,0.813962722,3.186711078,-0.242249759,0.000000,6,-0.280000000,-28.000000000,-20.000000000,-20.000000000,0.000000000,auto_capture
real,SWING_UP,5.384,-9.444153,35.008309,-28.000000,0.847984349,4.138325012,-0.164831560,0.000000,6,-0.280000000,-28.000000000,-20.000000000,-20.000000000,0.000000000,auto_capture
real,SWING_UP,5.404,-3.855847,32.415778,-28.000000,0.890665420,5.166083086,-0.067297231,0.000000,6,-0.280000000,-28.000000000,-20.000000000,-20.000000000,0.000000000,auto_capture
real,SWING_UP,5.424,2.804153,29.269743,23.772702,0.923679448,5.902315427,0.048941698,0.000000,6,0.237727025,23.772702500,25.559978200,25.559978200,0.000000000,auto_capture
real,SWING_UP,5.445,8.554497,26.539886,75.395420,0.857292386,4.383431965,0.149304133,0.000000,6,0.753954200,75.395420001,70.987969601,70.987969601,0.000000000,auto_capture
real,SWING_UP,5.466,10.429297,25.675156,96.427132,0.778668228,0.296249064,0.182025579,0.000000,6,0.964271316,96.427131612,71.658041200,71.658041200,0.000000000,auto_capture
real,SWING_UP,5.487,7.235688,27.279642,44.440539,0.835930062,-3.682898392,0.126286587,0.000000,6,0.444405391,44.440539105,25.909839794,25.909839794,0.000000000,auto_capture
real,SWING_UP,5.508,1.585424,30.108453,-7.397116,0.888638402,-5.098740492,0.027670874,0.000000,6,-0.073971159,-7.397115896,-19.707296607,-19.707296607,0.000000000,auto_capture
real,SWING_UP,5.528,-3.486054,32.703869,-59.474326,0.843759817,-3.862832617,-0.060843119,0.000000,6,-0.594743259,-59.474325889,-65.535241401,-65.535241401,0.000000000,auto_capture
real,SWING_UP,5.549,-5.054802,33.658413,-59.094566,0.783477438,-0.225570779,-0.088222942,0.000000,6,-0.590945659,-59.094565885,-50.684031265,-50.684031265,0.000000000,auto_capture
real,SWING_UP,5.570,-2.666276,32.729246,-28.000000,0.812873410,2.669185768,-0.046535289,0.000000,6,-0.280000000,-28.000000000,-20.000000000,-20.000000000,0.000000000,auto_capture
real,SWING_UP,5.590,1.519497,30.929825,-3.151492,0.847647420,3.968167199,0.026520224,0.000000,6,-0.031514925,-3.151492499,1.866686601,1.866686601,0.000000000,auto_capture
real,SWING_UP,5.620,7.835792,28.208394,71.993620,0.812513942,2.800795989,0.136760374,0.000000,6,0.719936200,71.993619997,67.994385597,67.994385597,0.000000000,auto_capture
real,SWING_UP,5.641,8.026270,28.327948,71.947875,0.786081532,-1.131969686,0.140084836,0.000000,6,0.719478750,71.947875005,67.954130005,67.954130005,0.000000000,auto_capture
real,SWING_UP,5.661,3.319014,30.811888,21.452570,0.882704615,-4.963940065,0.057927714,0.000000,6,0.214525700,21.452570001,23.518261601,23.518261601,0.000000000,auto_capture
real,SWING_UP,5.681,-3.714638,34.430992,-29.582782,0.942081386,-6.287006045,-0.064832669,0.000000,6,-0.295827825,-29.582782497,-21.392848598,-21.392848598,0.000000000,auto_capture
real,SWING_UP,5.702,-10.118081,37.759254,-81.241292,0.879662557,-5.024073148,-0.176593820,0.000000,6,-0.812412925,-81.241292499,-66.852337399,-66.852337399,0.000000000,auto_capture
real,SWING_UP,5.732,-11.005368,38.511510,-28.000000,0.789395946,1.718462740,-0.192079915,0.000000,6,-0.280000000,-28.000000000,-20.000000000,-20.000000000,0.000000000,auto_capture
real,SWING_UP,5.753,-7.955811,37.176420,-28.000000,0.815577512,2.939146048,-0.138855091,0.000000,6,-0.280000000,-28.000000000,-20.000000000,-20.000000000,0.000000000,auto_capture
real,SWING_UP,5.773,-3.712417,35.209934,-28.000000,0.847924351,3.998367140,-0.064793902,0.000000,6,-0.280000000,-28.000000000,-20.000000000,-20.000000000,0.000000000,auto_capture
real,SWING_UP,5.794,1.792019,32.608821,-28.000000,0.889312618,5.116261597,0.031276638,0.000000,6,-0.280000000,-28.000000000,-20.000000000,-20.000000000,0.000000000,auto_capture
real,SWING_UP,5.814,8.629787,29.372097,-2.200078,0.938943600,6.296549732,0.150618204,0.000000,6,-0.022000775,-2.200077504,2.703931796,2.703931796,0.000000000,auto_capture
real,SWING_UP,5.835,15.976234,25.926932,48.495673,0.922227776,6.176241858,0.278837883,0.000000,6,0.484956725,48.495672502,47.316191801,47.316191801,0.000000000,auto_capture
real,SWING_UP,5.855,21.205512,23.596052,98.599517,0.812617159,3.687375516,0.370106008,0.000000,6,0.985995175,98.599517498,91.407575398,91.407575398,0.000000000,auto_capture
real,SWING_UP,5.885,19.682636,25.043861,73.807578,0.814869592,-3.639934095,0.343526809,0.000000,6,0.738075775,73.807577503,69.590668202,69.590668202,0.000000000,auto_capture
real,SWING_UP,5.906,12.710289,29.174526,21.705573,0.938901145,-6.397595008,0.221836388,0.000000,6,0.217055725,21.705572501,23.740903801,23.740903801,0.000000000,auto_capture
real,SWING_UP,5.926,5.440996,33.574526,-30.040592,0.941606560,-6.296319709,0.094963294,0.000000,6,-0.300405925,-30.040592499,-21.795721399,-21.795721399,0.000000000,auto_capture
real,SWING_UP,5.947,-0.791497,37.559112,-81.401408,0.878066112,-4.829688209,-0.013814232,0.000000,6,-0.814014075,-81.401407504,-66.993238603,-66.993238603,0.000000000,auto_capture
real,SWING_UP,5.968,-1.257678,38.872756,-48.002576,0.802175701,2.089870312,-0.021950615,0.000000,6,-0.480025758,-48.002575827,-34.287554162,-34.287554162,0.000000000,auto_capture
real,SWING_UP,5.988,3.427376,37.768030,-28.000000,0.865023728,4.497932394,0.059818992,0.000000,6,-0.280000000,-28.000000000,-20.000000000,-20.000000000,0.000000000,auto_capture
real,SWING_UP,6.008,9.612849,35.963380,-28.000000,0.910750814,5.732814621,0.167775863,0.000000,6,-0.280000000,-28.000000000,-20.000000000,-20.000000000,0.000000000,auto_capture
real,SWING_UP,6.028,17.214468,33.525701,-28.000000,0.962037642,6.978820205,0.300449149,0.000000,6,-0.280000000,-28.000000000,-20.000000000,-20.000000000,0.000000000,auto_capture
real,SWING_UP,6.049,26.259572,30.467152,-2.626808,1.015889368,8.239925723,0.458315992,0.000000,6,-0.026268075,-2.626807507,2.328409394,2.328409394,0.000000000,auto_capture
real,SWING_UP,6.069,36.014649,27.200286,47.460625,0.991796138,8.396380902,0.628574200,0.000000,6,0.474606250,47.460624994,46.405349995,46.405349995,0.000000000,auto_capture
real,SWING_UP,6.089,44.382777,24.992863,97.903200,0.852704046,6.705640346,0.774625585,0.000000,6,0.979032000,97.903199996,90.794815997,90.794815997,0.000000000,auto_capture
real,SWING_UP,6.110,49.861470,25.013668,45.871907,0.713070915,4.114456658,0.870246827,0.000000,6,0.458719075,45.871907498,45.007278598,45.007278598,0.000000000,auto_capture
real,SWING_UP,6.140,55.302883,27.847587,-29.476448,0.655138915,3.137270493,0.965217399,0.000000,6,-0.294764475,-29.476447505,-21.299273805,-21.299273805,0.000000000,auto_capture
real,SWING_UP,6.161,59.787054,29.663070,-67.459236,0.665917754,4.360507552,1.043480946,0.000000,6,-0.674592361,-67.459236133,-48.185168666,-48.185168666,0.000000000,auto_capture
real,SWING_UP,6.182,66.296007,30.212025,-73.801301,0.702721160,6.175998150,1.157083604,0.000000,6,-0.738013011,-73.801301093,-52.715215067,-52.715215067,0.000000000,auto_capture
real,SWING_UP,6.212,79.610054,28.263777,-76.926310,0.752036159,8.498061121,1.389457555,0.000000,6,-0.769263104,-76.926310364,-54.947364546,-54.947364546,0.000000000,auto_capture
real,SWING_UP,6.233,90.236929,25.070900,-76.918910,0.752361667,9.507685232,1.574931525,0.000000,6,-0.769189104,-76.918910356,-54.942078826,-54.942078826,0.000000000,auto_capture
real,SWING_UP,6.253,101.660256,20.755417,-70.753215,0.724096164,10.136608636,1.774306177,0.000000,6,-0.707532151,-70.753215129,-50.538010806,-50.538010806,0.000000000,auto_capture
real,SWING_UP,6.274,113.786180,16.355417,-64.385552,0.696034401,10.745917512,1.985943490,0.000000,6,-0.643855523,-64.385552289,-45.989680206,-45.989680206,0.000000000,auto_capture
real,SWING_UP,6.294,126.562968,11.955417,-64.284170,0.668861592,11.293987017,2.208940496,0.000000,6,-0.642841704,-64.284170394,-45.917264567,-45.917264567,0.000000000,auto_capture
real,SWING_UP,6.314,139.891027,7.555417,-70.542084,0.644135362,11.745753844,2.441559019,0.000000,6,-0.705420836,-70.542083593,-50.387202566,-50.387202566,0.000000000,auto_capture
real,SWING_UP,6.335,153.632716,3.155417,-76.904735,0.623446240,12.068793483,2.681396740,0.000000,6,-0.769047347,-76.904734657,-54.931953327,-54.931953327,0.000000000,auto_capture
real,SWING_UP,6.355,167.617621,-1.244583,-83.067698,0.608049231,12.236434620,2.925479371,0.000000,6,-0.830676976,-83.067697617,-59.334069726,-59.334069726,0.000000000,auto_capture
real,SWING_UP,6.376,-178.347572,-5.644583,-89.449967,0.598613646,12.231623613,-3.112752338,0.000000,6,-0.894499667,-89.449966741,-63.892833386,-63.892833386,0.000000000,auto_capture
real,SWING_UP,6.396,-164.465700,-10.044583,-95.714290,0.595102129,12.049563010,-2.870467975,0.000000,6,-0.957142903,-95.714290345,-68.367350247,-68.367350247,0.000000000,auto_capture
real,SWING_UP,6.427,-144.356963,-16.644583,-98.814540,0.599300792,11.465054076,-2.519504294,0.000000,6,-0.988145404,-98.814540421,-70.581814587,-70.581814587,0.000000000,auto_capture
real,SWING_UP,6.447,-131.677346,-21.044583,-92.487060,0.606657834,10.899293116,-2.298203230,0.000000,6,-0.924870602,-92.487060185,-66.062185846,-66.062185846,0.000000000,auto_capture
real,SWING_UP,6.468,-119.737616,-25.444583,-86.165560,0.616122266,10.226973935,-2.089815641,0.000000,6,-0.861655601,-86.165560077,-61.546828627,-61.546828627,0.000000000,auto_capture
real,SWING_UP,6.498,-103.413881,-32.044583,-76.919577,0.631803312,9.088917250,-1.804912722,0.000000,6,-0.769195772,-76.919577177,-54.942555126,-54.942555126,0.000000000,auto_capture
real,SWING_UP,6.519,-93.663201,-36.444583,-70.614899,0.642041771,8.287230270,-1.634731240,0.000000,6,-0.706148988,-70.614898797,-50.439213427,-50.439213427,0.000000000,auto_capture
real,SWING_UP,6.539,-84.945504,-39.000000,0.000000,0.639529629,7.289683257,-1.482578733,0.000000,6,0.000000000,0.000000000,0.000000000,0.000000000,0.000000000,auto_capture
real,SWING_UP,6.569,-73.801982,-39.000000,0.000000,0.649457866,6.074429850,-1.288087582,0.000000,6,0.000000000,0.000000000,0.000000000,0.000000000,0.000000000,auto_capture
real,SWING_UP,6.590,-67.468878,-39.000000,0.000000,0.656085521,5.322678939,-1.177554064,0.000000,6,0.000000000,0.000000000,0.000000000,0.000000000,0.000000000,auto_capture
real,SWING_UP,6.611,-61.968618,-39.000000,0.000000,0.661662078,4.605749025,-1.081556417,0.000000,6,0.000000000,0.000000000,0.000000000,0.000000000,0.000000000,auto_capture
real,SWING_UP,6.631,-57.260212,-38.999211,0.000000,0.666211289,3.924020053,-0.999379237,0.000000,6,0.000000000,0.000000000,0.000000000,0.000000000,0.000000000,auto_capture
real,SWING_UP,6.652,-53.308321,-38.992031,0.000000,0.669675221,3.271574811,-0.930405720,0.000000,6,0.000000000,0.000000000,0.000000000,0.000000000,0.000000000,auto_capture
real,SWING_UP,6.682,-48.730693,-38.956701,0.000000,0.673182455,2.342848576,-0.850511039,0.000000,6,0.000000000,0.000000000,0.000000000,0.000000000,0.000000000,auto_capture
real,SWING_UP,6.703,-46.537876,-38.911230,0.000000,0.674617479,1.753237357,-0.812239165,0.000000,6,0.000000000,0.000000000,0.000000000,0.000000000,0.000000000,auto_capture
real,SWING_UP,6.724,-45.004063,-38.845496,0.000000,0.675448955,1.183208696,-0.785469076,0.000000,6,0.000000000,0.000000000,0.000000000,0.000000000,0.000000000,auto_capture
real,SWING_UP,6.754,-43.898755,-38.706328,1.932991,0.675656105,0.355646267,-0.766177814,0.000000,6,0.019329908,1.932990771,1.380707694,1.380707694,0.000000000,auto_capture
real,SWING_UP,6.774,-43.983125,-38.558319,28.000000,0.675004238,-0.252501394,-0.767650340,0.000000,6,0.051122943,5.112294283,3.651638774,3.651638774,0.000000000,auto_capture
real,SWING_UP,6.795,-45.197838,-38.052994,8.200089,0.677091551,-1.430260362,-0.788851080,0.000000,6,0.082000891,8.200089148,5.857206534,5.857206534,0.000000000,auto_capture
real,SWING_UP,6.815,-47.642229,-37.120390,14.444149,0.678964426,-2.354878493,-0.831513757,0.000000,6,0.144441494,14.444149431,10.317249594,10.317249594,0.000000000,auto_capture
real,SWING_UP,6.836,-51.090713,-35.903669,20.817104,0.681784413,-3.275752281,-0.891701155,0.000000,6,0.208171043,20.817104328,14.869360234,14.869360234,0.000000000,auto_capture
real,SWING_UP,6.866,-58.499169,-33.265818,30.212934,0.693285148,-4.895198176,-1.021003114,0.000000,6,0.302129342,30.212934155,21.580667254,21.580667254,0.000000000,auto_capture
real,SWING_UP,6.887,-65.069139,-30.795505,36.531509,0.704403529,-6.053870476,-1.135670720,0.000000,6,0.365315089,36.531508879,26.093934914,26.093934914,0.000000000,auto_capture
real,SWING_UP,6.907,-72.956827,-27.629475,42.792778,0.714211855,-7.190314146,-1.273336835,0.000000,6,0.427927780,42.792778047,30.566270034,30.566270034,0.000000000,auto_capture
real,SWING_UP,6.928,-82.060278,-23.668688,49.153751,0.716313908,-8.211443542,-1.432222036,0.000000,6,0.491537514,49.153751435,35.109822454,35.109822454,0.000000000,auto_capture
real,SWING_UP,6.948,-92.084822,-19.268688,55.321899,0.696847108,-8.926396508,-1.607183333,0.000000,6,0.553218990,55.321898959,39.515642114,39.515642114,0.000000000,auto_capture
real,SWING_UP,6.968,-102.851063,-14.868688,49.036279,0.671526835,-9.570834046,-1.795089697,0.000000,6,0.490362790,49.036279002,35.025913573,35.025913573,0.000000000,auto_capture
real,SWING_UP,6.989,-114.331359,-10.468688,48.934381,0.645499256,-10.182990802,-1.995458655,0.000000,6,0.489343806,48.934380591,34.953128994,34.953128994,0.000000000,auto_capture
real,SWING_UP,7.010,-126.465465,-6.068688,55.343969,0.620078987,-10.734259138,-2.207238747,0.000000,6,0.553439690,55.343969008,39.531406434,39.531406434,0.000000000,auto_capture
real,SWING_UP,7.030,-139.157843,-1.668688,61.696360,0.596727657,-11.193567130,-2.428762538,0.000000,6,0.616963597,61.696359668,44.068828334,44.068828334,0.000000000,auto_capture
real,SWING_UP,7.051,-152.277976,2.731312,68.038209,0.576896401,-11.530987811,-2.657752059,0.000000,6,0.680382093,68.038209336,48.598720955,48.598720955,0.000000000,auto_capture
real,SWING_UP,7.081,-172.401133,9.331312,77.293206,0.556227731,-11.755655402,-3.008967412,0.000000,6,0.772932055,77.293205548,55.209432534,55.209432534,0.000000000,auto_capture
real,SWING_UP,7.102,174.160424,13.731312,83.678185,0.549304295,-11.696879943,3.039672825,0.000000,6,0.836781854,83.678185380,59.770132414,59.770132414,0.000000000,auto_capture
real,SWING_UP,7.122,160.930258,18.131312,77.443461,0.547694520,-11.469091398,2.808762868,0.000000,6,0.774434609,77.443460884,55.316757774,55.316757774,0.000000000,auto_capture
real,SWING_UP,7.143,148.094074,22.531312,71.103138,0.550627071,-11.083119080,2.584729200,0.000000,6,0.711031383,71.103138281,50.787955915,50.787955915,0.000000000,auto_capture
real,SWING_UP,7.163,135.816887,26.931312,64.833329,0.557012863,-10.559464992,2.370451861,0.000000,6,0.648333292,64.833329197,46.309520855,46.309520855,0.000000000,auto_capture
real,SWING_UP,7.183,124.234582,31.331312,58.480767,0.565664197,-9.924988171,2.168302502,0.000000,6,0.584807667,58.480766673,41.771976195,41.771976195,0.000000000,auto_capture
real,SWING_UP,7.204,113.449722,35.731312,52.188156,0.575483585,-9.209192171,1.980071187,0.000000,6,0.521881557,52.188155733,37.277254095,37.277254095,0.000000000,auto_capture
real,SWING_UP,7.224,102.862418,39.000000,0.000000,0.704054620,-9.987580476,1.795287869,0.000000,6,0.000000000,0.000000000,0.000000000,0.000000000,0.000000000,auto_capture
real,SWING_UP,7.245,91.266450,39.000000,0.000000,0.774530272,-9.884369854,1.592900058,0.000000,6,0.000000000,0.000000000,0.000000000,0.000000000,0.000000000,auto_capture
real,SWING_UP,7.266,80.613854,39.000000,0.000000,0.785534420,-9.071093101,1.406977171,0.000000,6,0.000000000,0.000000000,0.000000000,0.000000000,0.000000000,auto_capture
real,SWING_UP,7.287,70.885466,39.000000,0.000000,0.794658958,-8.272916643,1.237184772,0.000000,6,0.000000000,0.000000000,0.000000000,0.000000000,0.000000000,auto_capture
real,SWING_UP,7.308,62.038282,39.000000,0.000000,0.802399022,-7.516813046,1.082772284,0.000000,6,0.000000000,0.000000000,0.000000000,0.000000000,0.000000000,auto_capture
real,SWING_UP,7.328,54.012955,39.000000,0.000000,0.808778574,-6.815486509,0.942703900,0.000000,6,0.000000000,0.000000000,0.000000000,0.000000000,0.000000000,auto_capture
real,SWING_UP,7.349,46.740095,39.000000,0.000000,0.813906015,-6.176382553,0.815768556,0.000000,6,0.000000000,0.000000000,0.000000000,0.000000000,0.000000000,auto_capture
real,SWING_UP,7.370,40.145169,38.999999,0.000000,0.817930494,-5.603005630,0.700665382,0.000000,6,0.000000000,0.000000000,0.000000000,0.000000000,0.000000000,auto_capture
real,SWING_UP,7.391,34.163858,38.993161,-5.416506,0.819987180,-5.072023701,0.596271807,0.000000,6,-0.054165065,-5.416506460,-3.868933185,-3.868933185,0.000000000,auto_capture
real,SWING_UP,7.412,28.864620,38.899932,-11.829214,0.814641227,-4.432603899,0.503782652,0.000000,6,-0.118292140,-11.829213991,-8.449438565,-8.449438565,0.000000000,auto_capture
real,SWING_UP,7.433,24.457159,38.574174,-40.375193,0.801472200,-3.601451983,0.426857958,0.000000,6,-0.403751927,-40.375192666,-33.030264291,-33.030264291,0.000000000,auto_capture
real,SWING_UP,7.453,21.911043,37.497104,-52.083936,0.764642676,-1.430729289,0.382419840,0.000000,6,-0.520839359,-52.083935875,-37.202811340,-37.202811340,0.000000000,auto_capture
real,SWING_UP,7.474,22.342511,35.087434,-28.000000,0.758302711,0.860376797,0.389950373,0.000000,6,-0.280000000,-28.000000000,-20.000000000,-20.000000000,0.000000000,auto_capture
real,SWING_UP,7.494,24.507661,31.960401,-28.000000,0.770011621,2.267409290,0.427739376,0.000000,6,-0.280000000,-28.000000000,-20.000000000,-20.000000000,0.000000000,auto_capture
real,SWING_UP,7.515,28.088935,28.275107,23.747215,0.782263717,3.304597091,0.490244401,0.000000,6,0.237472150,23.747215002,25.537549202,25.537549202,0.000000000,auto_capture
real,SWING_UP,7.535,31.301160,24.983646,75.445713,0.749944680,2.358980798,0.546308297,0.000000,6,0.495281075,49.528107495,48.224734595,48.224734595,0.000000000,auto_capture
real,SWING_UP,7.556,31.631763,23.489472,76.083187,0.728731982,-0.746386165,0.552078410,0.000000,6,0.760831875,76.083187498,71.593204998,71.593204998,0.000000000,auto_capture
real,SWING_UP,7.576,27.977855,24.416157,25.578452,0.799271076,-3.883660164,0.488305688,0.000000,6,0.255784525,25.578452498,27.149038198,27.149038198,0.000000000,auto_capture
real,SWING_UP,7.597,22.403748,26.594990,-26.180810,0.853581816,-4.959831984,0.391019159,0.000000,6,-0.261808100,-26.180809998,-18.399112799,-18.399112799,0.000000000,auto_capture
real,SWING_UP,7.618,17.601643,28.581857,-78.411325,0.818545418,-3.609598366,0.307206618,0.000000,6,-0.784113250,-78.411325001,-64.361966001,-64.361966001,0.000000000,auto_capture
real,SWING_UP,7.648,16.470050,28.855965,-3.112205,0.770053709,0.581944812,0.287456595,0.000000,6,-0.031122050,-3.112205002,1.901259598,1.901259598,0.000000000,auto_capture
real,SWING_UP,7.668,17.474264,28.328549,47.630690,0.768661139,0.701719858,0.304983436,0.000000,6,0.476306900,47.630689998,46.555007199,46.555007199,0.000000000,auto_capture
real,SWING_UP,7.689,16.553503,28.861241,47.811405,0.779475454,-1.653694753,0.288913136,0.000000,6,0.478114050,47.811404995,44.062015513,44.062015513,0.000000000,auto_capture
real,SWING_UP,7.710,12.610297,30.988074,-4.325350,0.834759605,-3.854388949,0.220091199,0.000000,6,-0.043253500,-4.325350008,-1.818328890,-1.818328890,0.000000000,auto_capture
real,SWING_UP,7.731,8.196725,33.450776,-57.260565,0.831165272,-3.548727955,0.143059841,0.000000,6,-0.572605650,-57.260565007,-48.401318088,-48.401318088,0.000000000,auto_capture
real,SWING_UP,7.752,6.115510,34.890446,-44.969905,0.786356023,-0.973282531,0.106735785,0.000000,6,-0.449699050,-44.969905027,-27.841517533,-27.841517533,0.000000000,auto_capture
real,SWING_UP,7.773,6.768515,35.095324,-28.000000,0.785812940,0.967961994,0.118132874,0.000000,6,-0.280000000,-28.000000000,-20.000000000,-20.000000000,0.000000000,auto_capture
real,SWING_UP,7.793,8.954411,34.622395,-28.000000,0.800413980,2.258116197,0.156283958,0.000000,6,-0.280000000,-28.000000000,-20.000000000,-20.000000000,0.000000000,auto_capture
real,SWING_UP,7.814,12.607506,33.507303,-28.000000,0.825524877,3.542116481,0.220042492,0.000000,6,-0.280000000,-28.000000000,-20.000000000,-20.000000000,0.000000000,auto_capture
real,SWING_UP,7.834,17.743551,31.752966,-28.000000,0.859838012,4.840052654,0.309683395,0.000000,6,-0.280000000,-28.000000000,-20.000000000,-20.000000000,0.000000000,auto_capture
real,SWING_UP,7.855,24.213226,29.447321,23.733772,0.884851223,5.800267872,0.422600516,0.000000,6,0.237337725,23.733772498,25.525719798,25.525719798,0.000000000,auto_capture
real,SWING_UP,7.875,30.192209,27.549338,74.761970,0.821677205,4.746286309,0.526953453,0.000000,6,0.747619700,74.761970002,70.430533601,70.430533601,0.000000000,auto_capture
real,SWING_UP,7.896,33.232121,27.444420,126.320790,0.731217622,1.627253339,0.580009930,0.000000,6,1.263207900,126.320789998,115.802295198,115.802295198,0.000000000,auto_capture
real,SWING_UP,7.916,31.195542,30.402951,125.280296,0.766690111,-3.107626141,0.544464925,0.000000,6,1.252802961,125.280296105,85.291670289,85.291670289,0.000000000,auto_capture
real,SWING_UP,7.937,27.018160,34.802951,74.228176,0.791786886,-3.528895228,0.471555843,0.000000,6,0.742281761,74.228176107,40.365804691,40.365804691,0.000000000,auto_capture
real,SWING_UP,7.967,26.278688,38.986814,-21.327373,0.805705388,3.919804407,0.458649628,0.000000,6,-0.213273725,-21.327372507,-15.233837505,-15.233837505,0.000000000,auto_capture
real,SWING_UP,7.988,32.266169,38.694123,-27.738940,0.846813799,5.536454319,0.563150887,0.000000,6,-0.277389404,-27.738940439,-19.813528885,-19.813528885,0.000000000,auto_capture
real,SWING_UP,8.009,39.656746,37.840003,-28.000000,0.879525746,6.801180478,0.692140790,0.000000,6,-0.280000000,-28.000000000,-20.000000000,-20.000000000,0.000000000,auto_capture
real,SWING_UP,8.029,48.479614,36.397497,-30.827166,0.910494727,8.030847877,0.846128888,0.000000,6,-0.308271659,-30.827165887,-22.019404205,-22.019404205,0.000000000,auto_capture
real,SWING_UP,8.050,58.679760,34.363194,-37.177018,0.937326147,9.232394325,1.024155024,0.000000,6,-0.371770180,-37.177018011,-26.555012865,-26.555012865,0.000000000,auto_capture
real,SWING_UP,8.080,76.479543,30.031002,-46.639318,0.961444704,10.923650011,1.334819840,0.000000,6,-0.466393176,-46.639317627,-33.313798305,-33.313798305,0.000000000,auto_capture
real,SWING_UP,8.101,89.749072,26.170163,-52.993364,0.950615365,11.795092711,1.566416811,0.000000,6,-0.529933644,-52.993364403,-37.852403145,-37.852403145,0.000000000,auto_capture
real,SWING_UP,8.131,111.083755,19.577548,-62.356734,0.899076722,12.726308036,1.938777267,0.000000,6,-0.623567341,-62.356734111,-44.540524365,-44.540524365,0.000000000,auto_capture
real,SWING_UP,8.152,126.124207,15.177548,-63.795414,0.865089481,13.266725888,2.201282675,0.000000,6,-0.637954142,-63.795414182,-45.568152987,-45.568152987,0.000000000,auto_capture
real,SWING_UP,8.173,141.697480,10.777548,-57.437474,0.834985482,13.697819473,2.473087569,0.000000,6,-0.574374737,-57.437473670,-41.026766907,-41.026766907,0.000000000,auto_capture
real,SWING_UP,8.204,165.691425,4.177548,-48.006000,0.801607703,14.048442674,2.891860907,0.000000,6,-0.480059996,-48.005999618,-34.289999727,-34.289999727,0.000000000,auto_capture
real,SWING_UP,8.224,-178.195602,-0.222452,-41.666107,0.788997353,14.042816496,-3.110099974,0.000000,6,-0.416661070,-41.666106982,-29.761504987,-29.761504987,0.000000000,auto_capture
real,SWING_UP,8.245,-162.258123,-4.622452,-35.296163,0.784168840,13.833888725,-2.831938488,0.000000,6,-0.352961634,-35.296163402,-25.211545287,-25.211545287,0.000000000,auto_capture
real,SWING_UP,8.265,-146.721921,-9.022452,-29.050769,0.786061397,13.432373274,-2.560780610,0.000000,6,-0.290507692,-29.050769170,-20.750549407,-20.750549407,0.000000000,auto_capture
real,SWING_UP,8.285,-131.786638,-13.422452,-22.881933,0.792975955,12.865215383,-2.300110736,0.000000,6,-0.228819330,-22.881932959,-16.344237828,-16.344237828,0.000000000,auto_capture
real,SWING_UP,8.316,-110.845041,-20.022452,-13.465001,0.808654551,11.788626354,-1.934610920,0.000000,6,-0.134650008,-13.465000818,-9.617857727,-9.617857727,0.000000000,auto_capture
real,SWING_UP,8.336,-98.001677,-24.422452,-7.202333,0.820267794,10.982835379,-1.710451936,0.000000,6,-0.072023330,-7.202333022,-5.144523587,-5.144523587,0.000000000,auto_capture
real,SWING_UP,8.357,-86.104612,-28.822452,-0.794422,0.831448628,10.153705526,-1.502808988,0.000000,6,-0.007944220,-0.794421974,-0.567444267,-0.567444267,0.000000000,auto_capture
real,SWING_UP,8.377,-75.151959,-33.222452,5.559238,0.841514152,9.334869750,-1.311649131,0.000000,6,0.055592376,5.559237646,3.970884033,3.970884033,0.000000000,auto_capture
real,SWING_UP,8.398,-65.129809,-37.594224,11.910037,0.847634552,8.517706496,-1.136729608,0.000000,6,0.119100366,11.910036562,8.507168973,8.507168973,0.000000000,auto_capture
real,SWING_UP,8.418,-58.979767,-38.943664,18.214006,0.660971071,4.072817376,-1.029391125,0.000000,6,0.182140056,18.214005618,13.010004013,13.010004013,0.000000000,auto_capture
real,SWING_UP,8.439,-55.381064,-38.552659,24.539120,0.647643411,2.842304909,-0.966581913,0.000000,6,0.245391201,24.539120106,17.527942933,17.527942933,0.000000000,auto_capture
real,SWING_UP,8.459,-53.109805,-37.665226,30.925584,0.638684911,1.638117570,-0.926940960,0.000000,6,0.309255845,30.925584498,22.089703213,22.089703213,0.000000000,auto_capture
real,SWING_UP,8.480,-52.348558,-36.139831,37.259196,0.632407160,0.277112239,-0.913654702,0.000000,6,0.372591958,37.259195782,26.613711273,26.613711273,0.000000000,auto_capture
real,SWING_UP,8.501,-53.268170,-33.839438,43.620987,0.633105402,-1.227044200,-0.929704958,0.000000,6,0.436209869,43.620986910,31.157847793,31.157847793,0.000000000,auto_capture
real,SWING_UP,8.521,-56.004170,-30.633935,49.822412,0.643994813,-2.836864253,-0.977457164,0.000000,6,0.498224123,49.822412294,35.587437353,35.587437353,0.000000000,auto_capture
real,SWING_UP,8.542,-60.556785,-26.468705,56.185064,0.659784202,-4.315546669,-1.056915276,0.000000,6,0.561850637,56.185063667,40.132188333,40.132188333,0.000000000,auto_capture
real,SWING_UP,8.562,-66.062714,-22.068705,62.416648,0.650519501,-4.972637962,-1.153011875,0.000000,6,0.624166478,62.416647794,44.583319853,44.583319853,0.000000000,auto_capture
real,SWING_UP,8.583,-72.282464,-17.668705,68.824731,0.637384256,-5.602840221,-1.261566984,0.000000,6,0.688247307,68.824730706,49.160521933,49.160521933,0.000000000,auto_capture
real,SWING_UP,8.613,-83.004276,-11.068705,59.502103,0.613590642,-6.584037101,-1.448697910,0.000000,6,0.595021032,59.502103237,42.501502312,42.501502312,0.000000000,auto_capture
real,SWING_UP,8.634,-91.102422,-6.668705,53.080081,0.595123956,-7.250407220,-1.590037227,0.000000,6,0.530800809,53.080080862,37.914343473,37.914343473,0.000000000,auto_capture
real,SWING_UP,8.654,-99.961398,-2.268705,46.834321,0.574899810,-7.911684171,-1.744655527,0.000000,6,0.468343210,46.834321034,33.453086453,33.453086453,0.000000000,auto_capture
real,SWING_UP,8.675,-109.561356,2.131295,46.839742,0.553465158,-8.550540885,-1.912206392,0.000000,6,0.468397418,46.839741834,33.456958453,33.456958453,0.000000000,auto_capture
real,SWING_UP,8.696,-119.859434,6.531295,53.231584,0.531626415,-9.145929541,-2.091941755,0.000000,6,0.532315839,53.231583905,38.022559932,38.022559932,0.000000000,auto_capture
real,SWING_UP,8.716,-130.786226,10.931295,59.563345,0.510415671,-9.674018049,-2.282650267,0.000000,6,0.595633453,59.563345342,42.545246673,42.545246673,0.000000000,auto_capture
real,SWING_UP,8.737,-142.243851,15.331295,59.622652,0.490991812,-10.109804882,-2.482623548,0.000000,6,0.596226517,59.622651666,42.587608333,42.587608333,0.000000000,auto_capture
real,SWING_UP,8.757,-154.106448,19.731295,53.444415,0.474481521,-10.429372950,-2.689664919,0.000000,6,0.534444150,53.444414986,38.174582133,38.174582133,0.000000000,auto_capture
real,SWING_UP,8.777,-166.223672,24.131295,47.074730,0.461804121,-10.612679352,-2.901150374,0.000000,6,0.470747295,47.074729510,33.624806793,33.624806793,0.000000000,auto_capture
real,SWING_UP,8.799,-178.427480,28.531295,40.674369,0.453521011,-10.646281399,-3.114147008,0.000000,6,0.406743691,40.674369082,29.053120773,29.053120773,0.000000000,auto_capture
real,SWING_UP,8.819,169.458704,32.931295,34.347899,0.449738547,-10.525161898,2.957612330,0.000000,6,0.343478994,34.347899394,24.534213853,24.534213853,0.000000000,auto_capture
real,SWING_UP,8.839,157.609624,37.331295,28.196680,0.450114484,-10.253431854,2.750806873,0.000000,6,0.281966805,28.196680474,20.140486053,20.140486053,0.000000000,auto_capture
real,SWING_UP,8.859,140.971970,39.000000,0.000000,1.203404686,-16.702065109,2.460425033,0.000000,6,0.000000000,0.000000000,0.000000000,0.000000000,0.000000000,auto_capture
real,SWING_UP,8.880,121.838957,39.000000,0.000000,1.273566441,-16.493715504,2.126490965,0.000000,6,0.000000000,0.000000000,0.000000000,0.000000000,0.000000000,auto_capture
real,SWING_UP,8.901,103.589497,39.000000,0.000000,1.285752734,-15.696755907,1.807977797,0.000000,6,0.000000000,0.000000000,0.000000000,0.000000000,0.000000000,auto_capture
real,SWING_UP,8.921,86.318080,39.000000,0.000000,1.297573343,-14.832181524,1.506534707,0.000000,6,0.000000000,0.000000000,0.000000000,0.000000000,0.000000000,auto_capture
real,SWING_UP,8.942,70.038236,39.000000,-3.527608,1.307450507,-13.973974960,1.222397816,0.000000,6,-0.035276078,-3.527607814,-2.519719867,-2.519719867,0.000000000,auto_capture
real,SWING_UP,8.963,54.693355,38.999999,-9.906586,1.314032954,-13.179951458,0.954579124,0.000000,6,-0.099065863,-9.906586266,-7.076133047,-7.076133047,0.000000000,auto_capture
real,SWING_UP,8.983,40.243865,38.949487,-16.213029,1.304923438,-12.379457474,0.702387942,0.000000,6,-0.162130295,-16.213029486,-11.580735347,-11.580735347,0.000000000,auto_capture
real,SWING_UP,9.004,26.845522,38.673500,-22.615993,1.262980719,-11.406913733,0.468542754,0.000000,6,-0.226159928,-22.615992822,-16.154280587,-16.154280587,0.000000000,auto_capture
real,SWING_UP,9.024,14.750324,37.979746,-28.805114,1.188433158,-10.204960757,0.257441719,0.000000,6,-0.288051142,-28.805114222,-20.575081587,-20.575081587,0.000000000,auto_capture
real,SWING_UP,9.045,4.373839,36.614418,-80.600347,1.069138241,-8.448092033,0.076337887,0.000000,6,-0.806003467,-80.600346725,-66.154886190,-66.154886190,0.000000000,auto_capture
real,SWING_UP,9.065,-2.189110,33.537891,-131.633262,0.861821866,-4.396255267,-0.038207181,0.000000,6,-1.316332617,-131.633261723,-111.063851388,-111.063851388,0.000000000,auto_capture
real,SWING_UP,9.086,-5.896647,29.137891,-182.000000,0.825149001,-3.256733630,-0.102915902,0.000000,6,-1.820000000,-182.000000000,-130.000000000,-130.000000000,0.000000000,auto_capture
real,SWING_UP,9.106,-9.659828,24.737891,-182.000000,0.822928305,-3.304996317,-0.168595799,0.000000,6,-1.820000000,-182.000000000,-130.000000000,-130.000000000,0.000000000,auto_capture
real,SWING_UP,9.127,-13.532739,20.337891,-182.000000,0.820516164,-3.413598293,-0.236190861,0.000000,6,-1.820000000,-182.000000000,-130.000000000,-130.000000000,0.000000000,auto_capture
real,SWING_UP,9.147,-17.569807,15.937891,-182.000000,0.817474418,-3.570011443,-0.306650974,0.000000,6,-1.820000000,-182.000000000,-130.000000000,-130.000000000,0.000000000,auto_capture
real,SWING_UP,9.168,-21.826306,11.537891,-182.000000,0.813670953,-3.774919174,-0.380940904,0.000000,6,-1.820000000,-182.000000000,-130.000000000,-130.000000000,0.000000000,auto_capture
real,SWING_UP,9.188,-26.358684,7.137891,-182.000000,0.808947150,-4.029396156,-0.460045826,0.000000,6,-1.820000000,-182.000000000,-130.000000000,-130.000000000,0.000000000,auto_capture
real,SWING_UP,9.219,-33.801246,0.537891,-182.000000,0.799710370,-4.506573322,-0.589943038,0.000000,6,-1.820000000,-182.000000000,-130.000000000,-130.000000000,0.000000000,auto_capture
real,SWING_UP,9.239,-39.278711,-3.862109,-182.000000,0.791784309,-4.889710689,-0.685542826,0.000000,6,-1.820000000,-182.000000000,-130.000000000,-130.000000000,0.000000000,auto_capture
real,SWING_UP,9.259,-45.238784,-8.262109,-182.000000,0.782143850,-5.325268135,-0.789565725,0.000000,6,-1.820000000,-182.000000000,-130.000000000,-130.000000000,0.000000000,auto_capture
real,SWING_UP,9.280,-51.741012,-12.662109,-182.000000,0.770519923,-5.812467644,-0.903051021,0.000000,6,-1.820000000,-182.000000000,-130.000000000,-130.000000000,0.000000000,auto_capture
real,SWING_UP,9.310,-62.635253,-19.262109,-156.044675,0.748822622,-6.634278584,-1.093191385,0.000000,6,-1.560446750,-156.044674991,-107.159313992,-107.159313992,0.000000000,auto_capture
real,SWING_UP,9.331,-70.732919,-23.662109,-104.092647,0.731245835,-7.234721706,-1.234522333,0.000000,6,-1.040926475,-104.092647494,-61.441529794,-61.441529794,0.000000000,auto_capture
real,SWING_UP,9.352,-79.545801,-28.062109,-52.143415,0.711132640,-7.866572740,-1.388336135,0.000000,6,-0.521434150,-52.143414992,-15.726205193,-15.726205193,0.000000000,auto_capture
real,SWING_UP,9.372,-89.099234,-32.462109,-6.436280,0.688692206,-8.516504695,-1.555074992,0.000000,6,-0.064362797,-6.436279733,-4.597342667,-4.597342667,0.000000000,auto_capture
real,SWING_UP,9.393,-99.399435,-36.862109,-0.151412,0.664412589,-9.166486269,-1.734847423,0.000000,6,-0.001514122,-0.151412222,-0.108151587,-0.108151587,0.000000000,auto_capture
real,SWING_UP,9.413,-109.202731,-39.000000,6.006453,0.514592687,-7.925553917,-1.905947201,0.000000,6,0.060064533,6.006453338,4.290323813,4.290323813,0.000000000,auto_capture
real,SWING_UP,9.434,-118.526980,-38.972706,12.365405,0.479535781,-8.284552522,-2.068686051,0.000000,6,0.123654050,12.365405015,8.832432153,8.832432153,0.000000000,auto_capture
real,SWING_UP,9.454,-128.353848,-38.810449,18.633064,0.448796650,-8.658626517,-2.240197263,0.000000,6,0.186330636,18.633063642,13.309331173,13.309331173,0.000000000,auto_capture
real,SWING_UP,9.475,-138.376457,-38.375666,25.000426,0.404626371,-8.740069607,-2.415124783,0.000000,6,0.250004262,25.000426182,17.857447273,17.857447273,0.000000000,auto_capture
real,SWING_UP,9.495,-148.175891,-37.515365,31.241798,0.343277250,-8.430422664,-2.586157171,0.000000,6,0.312417979,31.241797935,22.315569953,22.315569953,0.000000000,auto_capture
real,SWING_UP,9.516,-157.247123,-36.062778,37.642116,0.265651532,-7.666739405,-2.744480032,0.000000,6,0.376421159,37.642115858,26.887225613,26.887225613,0.000000000,auto_capture
real,SWING_UP,9.537,-165.049650,-33.844827,44.051275,0.178664294,-6.430036041,-2.880659825,0.000000,6,0.440512746,44.051274614,31.465196153,31.465196153,0.000000000,auto_capture
real,SWING_UP,9.557,-171.063744,-30.690017,50.362493,0.095112421,-4.752614514,-2.985625555,0.000000,6,0.503624931,50.362493066,35.973209333,35.973209333,0.000000000,auto_capture
real,SWING_UP,9.578,-175.189168,-26.300378,56.683779,0.040079679,-3.110356167,-3.057627790,0.000000,6,0.566837788,56.683778806,40.488413433,40.488413433,0.000000000,auto_capture
real,SWING_UP,9.598,-178.515366,-22.120378,63.015196,0.037558676,-3.058878500,-3.115680894,0.000000,6,0.630151962,63.015196206,45.010854433,45.010854433,0.000000000,auto_capture
real,SWING_UP,9.628,176.267499,-15.520378,72.385106,0.037079402,-3.010276701,3.076448224,0.000000,6,0.723851057,72.385105679,51.703646913,51.703646913,0.000000000,auto_capture
real,SWING_UP,9.649,172.719517,-10.900378,78.748575,0.037238822,-2.918696731,3.014524251,0.000000,6,0.787485748,78.748574790,56.248981993,56.248981993,0.000000000,auto_capture
real,SWING_UP,9.669,169.636953,-6.720378,84.946666,0.037680964,-2.796426912,2.960723360,0.000000,6,0.849466661,84.946666074,60.676190053,60.676190053,0.000000000,auto_capture
real,SWING_UP,9.690,166.567367,-2.320378,91.325322,0.038397397,-2.629771665,2.907148984,0.000000,6,0.913253221,91.325322051,65.232372893,65.232372893,0.000000000,auto_capture
real,SWING_UP,9.720,162.389523,4.279622,100.576813,0.039803671,-2.313762494,2.834231852,0.000000,6,1.005768126,100.576812606,71.840580433,71.840580433,0.000000000,auto_capture
real,SWING_UP,9.740,159.942530,8.679622,105.000000,0.040848429,-2.064522467,2.791523766,0.000000,6,1.050000000,105.000000000,75.000000000,75.000000000,0.000000000,auto_capture
real,SWING_UP,9.761,157.803202,13.079622,105.000000,0.041885269,-1.789215626,2.754185438,0.000000,6,1.050000000,105.000000000,75.000000000,75.000000000,0.000000000,auto_capture
real,SWING_UP,9.783,155.997853,17.479622,98.518822,0.042836683,-1.492140970,2.722676156,0.000000,6,0.985188219,98.518821912,70.370587080,70.370587080,0.000000000,auto_capture
real,SWING_UP,9.803,154.547765,21.879622,92.193836,0.043632931,-1.177720882,2.697367357,0.000000,6,0.921938362,92.193836167,65.852740120,65.852740120,0.000000000,auto_capture
real,SWING_UP,9.823,153.469039,26.279622,85.782526,0.044215890,-0.850510174,2.678540032,0.000000,6,0.857825260,85.782526031,63.572205600,63.572205600,0.000000000,auto_capture
real,SWING_UP,9.844,152.772535,30.679622,79.570366,0.044540242,-0.515074823,2.666383747,0.000000,6,0.795703662,79.570366232,56.835975880,56.835975880,0.000000000,auto_capture
real,SWING_UP,9.865,152.463911,35.079622,73.188096,0.044574970,-0.175943938,2.660997235,0.000000,6,0.731880962,73.188096184,52.277211560,52.277211560,0.000000000,auto_capture
real,SWING_UP,9.885,151.630310,39.000000,0.000000,0.074972448,-2.638429051,2.646448153,0.000000,6,0.000000000,0.000000000,0.000000000,0.000000000,0.000000000,auto_capture
real,SWING_UP,9.906,143.782907,39.000000,0.000000,0.253699643,-6.668615200,2.509485128,0.000000,6,0.000000000,0.000000000,0.000000000,0.000000000,0.000000000,auto_capture
real,SWING_UP,9.927,136.502618,39.000000,0.000000,0.261771395,-6.205252604,2.382420120,0.000000,6,0.000000000,0.000000000,0.000000000,0.000000000,0.000000000,auto_capture
real,SWING_UP,9.957,126.808252,39.000000,0.000000,0.270513567,-5.320142814,2.213221516,0.000000,6,0.000000000,0.000000000,0.000000000,0.000000000,0.000000000,auto_capture
real,SWING_UP,9.978,121.245415,39.000000,0.000000,0.276233758,-4.673690657,2.116131690,0.000000,6,0.000000000,0.000000000,0.000000000,0.000000000,0.000000000,auto_capture
real,SWING_UP,9.999,116.450004,39.000000,0.000000,0.281503857,-3.996416579,2.032435987,0.000000,6,0.000000000,0.000000000,0.000000000,0.000000000,0.000000000,auto_capture
real,SWING_UP,10.019,112.448865,39.000000,0.000000,0.286073900,-3.298305159,1.962602928,0.000000,6,0.000000000,0.000000000,0.000000000,0.000000000,0.000000000,auto_capture
real,SWING_UP,10.040,109.258970,39.000000,0.000000,0.289751049,-2.587453125,1.906928764,0.000000,6,0.000000000,0.000000000,0.000000000,0.000000000,0.000000000,auto_capture
real,SWING_UP,10.061,106.889505,39.000000,0.000000,0.292387657,-1.870188607,1.865573795,0.000000,6,0.000000000,0.000000000,0.000000000,0.000000000,0.000000000,auto_capture
real,SWING_UP,10.091,104.879366,39.000000,0.000000,0.294149894,-0.792501032,1.830490254,0.000000,6,0.000000000,0.000000000,0.000000000,0.000000000,0.000000000,auto_capture
real,SWING_UP,10.112,104.565369,39.000000,-3.010309,0.293741812,-0.077927176,1.825009967,0.000000,6,-0.030103092,-3.010309176,-2.150220840,-2.150220840,0.000000000,auto_capture
real,SWING_UP,10.133,105.047863,38.968160,-9.430697,0.291978280,0.603213104,1.833431076,0.000000,6,-0.094306970,-9.430696996,-6.736212140,-6.736212140,0.000000000,auto_capture
real,SWING_UP,10.154,106.252687,38.790035,-15.814494,0.288455266,1.212212922,1.854459235,0.000000,6,-0.158144944,-15.814494417,-11.296067440,-11.296067440,0.000000000,auto_capture
real,SWING_UP,10.174,108.083739,38.336021,-22.069182,0.282609062,1.732962445,1.886417121,0.000000,6,-0.220691819,-22.069181932,-15.763701380,-15.763701380,0.000000000,auto_capture
real,SWING_UP,10.195,110.423716,37.477986,-28.496260,0.273877248,2.145293984,1.927257420,0.000000,6,-0.284962595,-28.496259513,-20.354471081,-20.354471081,0.000000000,auto_capture
real,SWING_UP,10.215,113.126450,36.086526,-34.666279,0.261753014,2.422432073,1.974429032,0.000000,6,-0.346662791,-34.666279061,-24.761627901,-24.761627901,0.000000000,auto_capture
real,SWING_UP,10.236,116.015386,34.032227,-41.109038,0.246058178,2.538194281,2.024850474,0.000000,6,-0.411090385,-41.109038460,-29.363598900,-29.363598900,0.000000000,auto_capture
real,SWING_UP,10.257,118.881622,31.181762,-47.513336,0.227156075,2.464035559,2.074875732,0.000000,6,-0.475133361,-47.513336053,-33.938097180,-33.938097180,0.000000000,auto_capture
real,SWING_UP,10.277,121.489921,27.398121,-53.787405,0.206440134,2.180006280,2.120399124,0.000000,6,-0.537874051,-53.787405084,-38.419575060,-38.419575060,0.000000000,auto_capture
real,SWING_UP,10.297,124.120050,23.003321,-60.203620,0.196456553,2.457894875,2.166303547,0.000000,6,-0.602036198,-60.203619812,-43.002585580,-43.002585580,0.000000000,auto_capture
real,SWING_UP,10.318,127.413678,18.603321,-66.523163,0.190726837,3.030491963,2.223788189,0.000000,6,-0.665231632,-66.523163197,-47.516545140,-47.516545140,0.000000000,auto_capture
real,SWING_UP,10.339,131.342329,14.203321,-72.859679,0.184328794,3.575302953,2.292356080,0.000000,6,-0.728596792,-72.859679229,-52.042628020,-52.042628020,0.000000000,auto_capture
real,SWING_UP,10.359,135.863717,9.803321,-79.169263,0.177406257,4.081238562,2.371269197,0.000000,6,-0.791692631,-79.169263125,-56.549473661,-56.549473661,0.000000000,auto_capture
real,SWING_UP,10.380,140.926848,5.403321,-85.548909,0.170227915,4.540497166,2.459637510,0.000000,6,-0.855489087,-85.548908705,-61.106363361,-61.106363361,0.000000000,auto_capture
real,SWING_UP,10.401,146.471501,1.003321,-91.973341,0.163101103,4.944950283,2.556409958,0.000000,6,-0.919733406,-91.973340564,-65.695243260,-65.695243260,0.000000000,auto_capture
real,SWING_UP,10.422,152.428104,-3.396679,-98.427910,0.156351936,5.286476872,2.660372286,0.000000,6,-0.984279096,-98.427909608,-70.305649720,-70.305649720,0.000000000,auto_capture
real,SWING_UP,10.443,158.718137,-7.796679,-104.849222,0.150300163,5.557447814,2.770154082,0.000000,6,-1.048492224,-104.849222352,-74.892301680,-74.892301680,0.000000000,auto_capture
real,SWING_UP,10.463,165.255139,-12.196679,-105.000000,0.145229727,5.751250124,2.884246274,0.000000,6,-1.050000000,-105.000000000,-75.000000000,-75.000000000,0.000000000,auto_capture
real,SWING_UP,10.484,171.946252,-16.596679,-101.822417,0.141358193,5.862763482,3.001028237,0.000000,6,-1.018224170,-101.822416976,-72.730297840,-72.730297840,0.000000000,auto_capture
real,SWING_UP,10.505,178.694402,-20.996679,-95.448020,0.138817852,5.888887425,3.118805672,0.000000,6,-0.954480200,-95.448020024,-68.177157160,-68.177157160,0.000000000,auto_capture
real,SWING_UP,10.525,-174.599127,-25.396679,-89.203529,0.137644914,5.828869244,-3.047329644,0.000000,6,-0.923942120,-92.394212036,-65.995865740,-65.995865740,0.000000000,auto_capture
real,SWING_UP,10.546,-168.031837,-29.796679,-82.831347,0.137781137,5.684442147,-2.932708811,0.000000,6,-0.828313473,-82.831347339,-59.165248100,-59.165248100,0.000000000,auto_capture
real,SWING_UP,10.566,-161.697304,-34.196679,-76.490357,0.139082257,5.459647814,-2.822150348,0.000000,6,-0.764903573,-76.490357300,-54.635969500,-54.635969500,0.000000000,auto_capture
real,SWING_UP,10.587,-155.682778,-38.596679,0.000000,0.141337734,5.160519057,-2.717177071,0.000000,6,-0.732414002,-73.241400204,-52.315285860,-52.315285860,0.000000000,auto_capture
real,SWING_UP,10.608,-142.324810,-39.000000,0.000000,0.665019463,12.074761466,-2.484036549,0.000000,6,0.000000000,0.000000000,0.000000000,0.000000000,0.000000000,auto_capture
real,SWING_UP,10.628,-128.821669,-39.000000,0.000000,0.685380414,11.607921767,-2.248362279,0.000000,6,0.000000000,0.000000000,0.000000000,0.000000000,0.000000000,auto_capture
real,SWING_UP,10.649,-116.093990,-39.000000,0.000000,0.695585513,10.906198653,-2.026222359,0.000000,6,0.000000000,0.000000000,0.000000000,0.000000000,0.000000000,auto_capture
real,SWING_UP,10.670,-104.234330,-39.000000,0.000000,0.706566744,10.132290917,-1.819232254,0.000000,6,0.000000000,0.000000000,0.000000000,0.000000000,0.000000000,auto_capture
real,SWING_UP,10.700,-88.176173,-39.000000,0.000000,0.722657285,8.913032609,-1.538964540,0.000000,6,0.000000000,0.000000000,0.000000000,0.000000000,0.000000000,auto_capture
real,SWING_UP,10.721,-78.637847,-39.000000,0.000000,0.732289924,8.102210930,-1.372489344,0.000000,6,0.000000000,0.000000000,0.000000000,0.000000000,0.000000000,auto_capture
real,SWING_UP,10.742,-70.008620,-39.000000,0.000000,0.740733402,7.317447852,-1.221880917,0.000000,6,0.000000000,0.000000000,0.000000000,0.000000000,0.000000000,auto_capture
real,SWING_UP,10.763,-62.246448,-39.000000,0.000000,0.747932499,6.572743552,-1.086405461,0.000000,6,0.000000000,0.000000000,0.000000000,0.000000000,0.000000000,auto_capture
real,SWING_UP,10.783,-55.297743,-39.000000,0.000000,0.753945029,5.876798418,-0.965127693,0.000000,6,0.000000000,0.000000000,0.000000000,0.000000000,0.000000000,auto_capture
real,SWING_UP,10.804,-49.102572,-39.000000,0.000000,0.758889227,5.234076963,-0.857001556,0.000000,6,0.000000000,0.000000000,0.000000000,0.000000000,0.000000000,auto_capture
real,SWING_UP,10.825,-43.600484,-38.998741,3.109476,0.762781702,4.642707988,-0.760972003,0.000000,6,0.031094762,3.109476244,2.221054460,2.221054460,0.000000000,auto_capture
real,SWING_UP,10.846,-38.802493,-38.950758,9.519087,0.762118420,3.997402374,-0.677231266,0.000000,6,0.095190871,9.519087144,6.799347960,6.799347960,0.000000000,auto_capture
real,SWING_UP,10.867,-34.879458,-38.721340,15.865197,0.754878197,3.184734325,-0.608761390,0.000000,6,0.158651971,15.865197069,11.332283620,11.332283620,0.000000000,auto_capture
real,SWING_UP,10.887,-32.176528,-38.093537,33.412233,0.738958440,1.899118678,-0.561586349,0.000000,6,0.334122325,33.412232535,23.865880382,23.865880382,0.000000000,auto_capture
real,SWING_UP,10.908,-31.421509,-36.649792,28.000000,0.727508341,0.250889421,-0.548408794,0.000000,6,0.280000000,28.000000000,20.000000000,20.000000000,0.000000000,auto_capture
real,SWING_UP,10.929,-32.306235,-34.550487,28.000000,0.729400991,-1.155753718,-0.563850166,0.000000,6,0.280000000,28.000000000,20.000000000,20.000000000,0.000000000,auto_capture
real,SWING_UP,10.949,-34.779886,-31.815068,28.000000,0.740429294,-2.536323483,-0.607023532,0.000000,6,0.280000000,28.000000000,20.000000000,20.000000000,0.000000000,auto_capture
real,SWING_UP,10.970,-38.678687,-28.529137,-23.656252,0.750608770,-3.601271819,-0.675070438,0.000000,6,-0.236562525,-23.656252499,-25.457502199,-25.457502199,0.000000000,auto_capture
real,SWING_UP,10.990,-42.443582,-25.627346,-74.470567,0.716801689,-2.950981256,-0.740780248,0.000000,6,-0.744705675,-74.470567499,-70.174099399,-70.174099399,0.000000000,auto_capture
real,SWING_UP,11.010,-43.992082,-24.469680,-125.857933,0.675908942,-0.548256185,-0.767806683,0.000000,6,-1.258579325,-125.857932501,-115.394980601,-115.394980601,0.000000000,auto_capture
real,SWING_UP,11.031,-41.532230,-26.267963,-74.639062,0.726540408,3.177911720,-0.724874158,0.000000,6,-0.746390625,-74.639062497,-70.322374998,-70.322374998,0.000000000,auto_capture
real,SWING_UP,11.052,-35.947985,-30.395238,-22.995205,0.812013281,5.048409473,-0.627410691,0.000000,6,-0.229952050,-22.995205002,-24.875780401,-24.875780401,0.000000000,auto_capture
real,SWING_UP,11.072,-30.461961,-34.795238,28.181760,0.817684500,4.665004550,-0.531661518,0.000000,6,0.281817600,28.181760006,20.159948805,20.159948805,0.000000000,auto_capture
real,SWING_UP,11.093,-26.145856,-38.827096,28.594700,0.785511078,3.196221735,-0.456331269,0.000000,6,0.285947000,28.594700005,20.523336004,20.523336004,0.000000000,auto_capture
real,SWING_UP,11.113,-30.129090,-38.754024,25.274881,0.796470021,-4.021335712,-0.525851829,0.000000,6,0.252748810,25.274881045,18.053486461,18.053486461,0.000000000,auto_capture
real,SWING_UP,11.143,-39.260247,-37.331874,28.000000,0.839721068,-5.989444901,-0.685220573,0.000000,6,0.280000000,28.000000000,20.000000000,20.000000000,0.000000000,auto_capture
real,SWING_UP,11.164,-47.605161,-35.537924,28.000000,0.870392353,-7.304488297,-0.830866796,0.000000,6,0.280000000,28.000000000,20.000000000,20.000000000,0.000000000,auto_capture
real,SWING_UP,11.184,-56.451829,-33.374177,28.000000,0.892126786,-8.409394806,-0.985270283,0.000000,6,0.280000000,28.000000000,20.000000000,20.000000000,0.000000000,auto_capture
real,SWING_UP,11.205,-66.970974,-30.576882,2.208277,0.903629949,-9.456797625,-1.168863995,0.000000,6,0.022082775,2.208277499,-2.696715801,-2.696715801,0.000000000,auto_capture
real,SWING_UP,11.225,-78.414211,-27.507334,31.463831,0.884950745,-10.170338147,-1.368586170,0.000000,6,0.314638306,31.463830581,22.474164701,22.474164701,0.000000000,auto_capture
real,SWING_UP,11.255,-97.126415,-22.101378,40.773058,0.847465870,-11.222150058,-1.695175739,0.000000,6,0.407730576,40.773057586,29.123612561,29.123612561,0.000000000,auto_capture
real,SWING_UP,11.276,-110.376958,-17.793533,47.222808,0.803336464,-11.700087756,-1.926441333,0.000000,6,0.472228083,47.222808278,33.730577341,33.730577341,0.000000000,auto_capture
real,SWING_UP,11.297,-124.246035,-13.393533,47.274844,0.771786465,-12.249578305,-2.168502401,0.000000,6,0.472748440,47.274843954,33.767745681,33.767745681,0.000000000,auto_capture
real,SWING_UP,11.317,-138.674992,-8.993533,40.977865,0.743684659,-12.707946721,-2.420335209,0.000000,6,0.409778653,40.977865266,29.269903761,29.269903761,0.000000000,auto_capture
real,SWING_UP,11.338,-153.519835,-4.593533,47.360394,0.720348567,-13.030554490,-2.679426583,0.000000,6,0.473603937,47.360393725,33.828852661,33.828852661,0.000000000,auto_capture
real,SWING_UP,11.358,-168.598172,-0.193533,53.686993,0.703254954,-13.186270207,-2.942593211,0.000000,6,0.504906522,50.490652242,36.064751601,36.064751601,0.000000000,auto_capture
real,SWING_UP,11.379,176.298517,4.206467,60.045085,0.693127557,-13.155882619,3.076989584,0.000000,6,0.600450848,60.045084821,42.889346301,42.889346301,0.000000000,auto_capture
real,SWING_UP,11.400,161.388484,8.606467,66.360262,0.689797808,-12.935193932,2.816760418,0.000000,6,0.663602617,66.360261690,47.400186921,47.400186921,0.000000000,auto_capture
real,SWING_UP,11.430,139.839017,15.206467,69.506912,0.695307932,-12.275930715,2.440651270,0.000000,6,0.695069117,69.506911658,49.647794041,49.647794041,0.000000000,auto_capture
real,SWING_UP,11.451,126.274505,19.606467,63.182980,0.703777381,-11.657000129,2.203905873,0.000000,6,0.631829796,63.182979582,45.130699701,45.130699701,0.000000000,auto_capture
real,SWING_UP,11.471,113.507804,24.006467,56.858166,0.714247812,-10.935789402,1.981084907,0.000000,6,0.568581657,56.858165701,40.612975501,40.612975501,0.000000000,auto_capture
real,SWING_UP,11.492,101.624822,28.406467,50.493706,0.725409237,-10.149861264,1.773687753,0.000000,6,0.504937064,50.493706369,36.066933121,36.066933121,0.000000000,auto_capture
real,SWING_UP,11.513,90.670397,32.806467,44.138734,0.736303810,-9.334010840,1.582496960,0.000000,6,0.441387337,44.138733745,31.527666961,31.527666961,0.000000000,auto_capture
real,SWING_UP,11.533,80.653793,37.206467,37.801551,0.746326814,-8.517646367,1.407674243,0.000000,6,0.378015509,37.801550893,27.001107781,27.001107781,0.000000000,auto_capture
real,SWING_UP,11.553,72.826537,39.000000,0.000000,0.651622406,-5.986655938,1.271062861,0.000000,6,0.000000000,0.000000000,0.000000000,0.000000000,0.000000000,auto_capture
real,SWING_UP,11.574,66.743192,39.000000,0.000000,0.651700752,-5.107847484,1.164888452,0.000000,6,0.000000000,0.000000000,0.000000000,0.000000000,0.000000000,auto_capture
real,SWING_UP,11.594,61.486299,39.000000,0.000000,0.656977975,-4.394838434,1.073138361,0.000000,6,0.000000000,0.000000000,0.000000000,0.000000000,0.000000000,auto_capture
real,SWING_UP,11.615,56.813195,38.998126,0.000000,0.661451535,-3.683182947,0.991577305,0.000000,6,0.000000000,0.000000000,0.000000000,0.000000000,0.000000000,auto_capture
real,SWING_UP,11.636,53.134677,38.987961,0.000000,0.664628800,-3.033721595,0.927375068,0.000000,6,0.000000000,0.000000000,0.000000000,0.000000000,0.000000000,auto_capture
real,SWING_UP,11.666,49.077296,38.947777,-3.107503,0.667700445,-2.136740617,0.856560407,0.000000,6,-0.031075031,-3.107503139,-2.219645099,-2.219645099,0.000000000,auto_capture
real,SWING_UP,11.686,47.178280,38.858433,-9.437652,0.667635708,-1.458922279,0.823416330,0.000000,6,-0.094376519,-9.437651886,-6.741179919,-6.741179919,0.000000000,auto_capture
real,SWING_UP,11.707,46.183237,38.583163,-15.756185,0.665644227,-0.625379426,0.806049551,0.000000,6,-0.157561847,-15.756184723,-11.254417659,-11.254417659,0.000000000,auto_capture
real,SWING_UP,11.727,46.274053,37.989469,-22.078181,0.664167056,0.366181049,0.807634587,0.000000,6,-0.220781807,-22.078180711,-15.770129079,-15.770129079,0.000000000,auto_capture
real,SWING_UP,11.748,47.748556,36.872675,-28.432057,0.666344525,1.589061726,0.833369514,0.000000,6,-0.284320565,-28.432056547,-20.308611819,-20.308611819,0.000000000,auto_capture
real,SWING_UP,11.769,50.459665,35.304655,-34.642775,0.674142486,2.825433658,0.880687299,0.000000,6,-0.346427752,-34.642775215,-24.744839439,-24.744839439,0.000000000,auto_capture
real,SWING_UP,11.789,54.853061,32.963710,-40.953177,0.689739199,4.226233729,0.957366527,0.000000,6,-0.409531769,-40.953176850,-29.252269179,-29.252269179,0.000000000,auto_capture
real,SWING_UP,11.809,60.898585,29.798696,-47.205046,0.712008306,5.673663609,1.062880818,0.000000,6,-0.472050465,-47.205046475,-33.717890339,-33.717890339,0.000000000,auto_capture
real,SWING_UP,11.830,68.558747,25.725836,-53.529044,0.733730257,7.033661771,1.196575860,0.000000,6,-0.535290435,-53.529043539,-38.235031099,-38.235031099,0.000000000,auto_capture
real,SWING_UP,11.850,77.221784,21.325836,-59.856525,0.718386889,7.732993457,1.347774391,0.000000,6,-0.598565250,-59.856525006,-42.754660719,-42.754660719,0.000000000,auto_capture
real,SWING_UP,11.871,86.619597,16.925836,-66.176822,0.696440649,8.380077636,1.511797160,0.000000,6,-0.661768221,-66.176822066,-47.269158619,-47.269158619,0.000000000,auto_capture
real,SWING_UP,11.891,96.764309,12.525836,-59.958510,0.672470830,9.031747047,1.688855782,0.000000,6,-0.599585097,-59.958509658,-42.827506898,-42.827506898,0.000000000,auto_capture
real,SWING_UP,11.911,107.644294,8.125836,-53.608699,0.647248628,9.666794888,1.878747355,0.000000,6,-0.536086994,-53.608699422,-38.291928158,-38.291928158,0.000000000,auto_capture
real,SWING_UP,11.932,119.814672,3.505836,-55.937839,0.620563879,10.286686180,2.091160515,0.000000,6,-0.559378392,-55.937839201,-39.955599430,-39.955599430,0.000000000,auto_capture
real,SWING_UP,11.953,132.038650,-0.894164,-62.250865,0.596335620,10.801610062,2.304509175,0.000000,6,-0.622508653,-62.250865305,-44.464903789,-44.464903789,0.000000000,auto_capture
real,SWING_UP,11.973,144.122400,-5.074164,-68.451474,0.575727881,11.194620915,2.515410397,0.000000,6,-0.684514742,-68.451474181,-48.893910129,-48.893910129,0.000000000,auto_capture
real,SWING_UP,11.993,157.201579,-9.474164,-74.775514,0.557859018,11.480443251,2.743685141,0.000000,6,-0.747755141,-74.775514057,-53.411081469,-53.411081469,0.000000000,auto_capture
real,SWING_UP,12.014,171.149225,-14.094164,-81.112611,0.544392263,11.615934393,2.987117482,0.000000,6,-0.811126113,-81.112611285,-57.937579489,-57.937579489,0.000000000,auto_capture
real,SWING_UP,12.034,-176.219695,-18.274164,-74.913788,0.537328198,11.580958624,-3.075613879,0.000000,6,-0.749137879,-74.913787885,-53.509848489,-53.509848489,0.000000000,auto_capture
real,SWING_UP,12.055,-163.099753,-22.674164,-68.532206,0.535001982,11.380412345,-2.846627699,0.000000,6,-0.685322056,-68.532205600,-48.951575428,-48.951575428,0.000000000,auto_capture
real,SWING_UP,12.075,-150.342933,-27.074164,-62.340588,0.537257959,11.021054315,-2.623979194,0.000000,6,-0.623405885,-62.340588477,-44.528991769,-44.528991769,0.000000000,auto_capture
real,SWING_UP,12.096,-137.521627,-31.694164,-55.932440,0.543444869,10.493480640,-2.400205192,0.000000,6,-0.559324400,-55.932439960,-39.951742828,-39.951742828,0.000000000,auto_capture
real,SWING_UP,12.116,-126.559881,-35.874164,-49.656047,0.551318953,9.907786763,-2.208886627,0.000000,6,-0.496560474,-49.656047376,-35.468605269,-35.468605269,0.000000000,auto_capture
real,SWING_UP,12.137,-113.719971,-39.000000,0.000000,0.835906223,12.261278098,-1.984787925,0.000000,6,0.000000000,0.000000000,0.000000000,0.000000000,0.000000000,auto_capture
real,SWING_UP,12.157,-100.027296,-39.000000,0.000000,0.935096777,12.359413557,-1.745805652,0.000000,6,0.000000000,0.000000000,0.000000000,0.000000000,0.000000000,auto_capture
real,SWING_UP,12.187,-80.167004,-39.000000,0.000000,0.953451821,11.113493429,-1.399178175,0.000000,6,0.000000000,0.000000000,0.000000000,0.000000000,0.000000000,auto_capture
real,SWING_UP,12.208,-68.111856,-39.000000,0.000000,0.963042320,10.299966697,-1.188776146,0.000000,6,0.000000000,0.000000000,0.000000000,0.000000000,0.000000000,auto_capture
real,SWING_UP,12.228,-56.944539,-39.000000,0.000000,0.970693154,9.542776617,-0.993869701,0.000000,6,0.000000000,0.000000000,0.000000000,0.000000000,0.000000000,auto_capture
real,SWING_UP,12.249,-46.582247,-39.000000,0.000000,0.976309235,8.862953357,-0.813013583,0.000000,6,0.000000000,0.000000000,0.000000000,0.000000000,0.000000000,auto_capture
real,SWING_UP,12.270,-36.924343,-39.000000,0.000000,0.979943611,8.274168861,-0.644451365,0.000000,6,0.000000000,0.000000000,0.000000000,0.000000000,0.000000000,auto_capture
real,SWING_UP,12.290,-27.859638,-38.999869,3.860088,0.981668975,7.783798572,-0.486242415,0.000000,6,0.038600876,3.860087603,2.757205431,2.757205431,0.000000000,auto_capture
real,SWING_UP,12.320,-14.984057,-38.859649,13.159936,0.962286266,6.907038557,-0.261521135,0.000000,6,0.131599360,13.159936007,9.399954291,9.399954291,0.000000000,auto_capture
real,SWING_UP,12.350,-4.904121,-38.094275,67.487339,0.899380382,5.385557070,-0.085593059,0.000000,6,0.412983941,41.298394124,33.659748088,33.659748088,0.000000000,auto_capture
real,SWING_UP,12.371,-1.249404,-35.923223,119.057164,0.796852265,1.742523762,-0.021806217,0.000000,6,1.190571641,119.057164127,102.087465690,102.087465690,0.000000000,manual_A_near_upright
real,SWING_UP,12.401,-3.109706,-29.733515,65.730220,0.791654427,-1.363106589,-0.054274607,0.000000,6,0.657302202,65.730220245,46.950157318,46.950157318,0.000000000,manual_A_near_upright
real,SWING_UP,12.422,-4.706101,-25.333515,57.732443,0.791353578,-1.403254560,-0.082136955,0.000000,6,0.577324426,57.732442616,41.237459011,41.237459011,0.000000000,manual_A_near_upright
real,SWING_UP,12.442,-6.439313,-20.713515,47.466051,0.790827271,-1.457981733,-0.112387209,0.000000,6,0.531573071,53.157307127,37.969505091,37.969505091,0.000000000,manual_A_near_upright
real,SWING_UP,12.463,-8.080350,-16.533515,35.890412,0.790234577,-1.527281471,-0.141028713,0.000000,6,0.358904117,35.890411653,25.636008324,25.636008324,0.000000000,manual_A_near_upright
real,SWING_UP,12.483,-9.906581,-12.133515,21.111554,0.789465192,-1.621422551,-0.172902454,0.000000,6,0.211115544,21.111554416,15.079681726,15.079681726,0.000000000,manual_A_near_upright
real,SWING_UP,12.503,-11.859533,-7.733515,3.390172,0.788511997,-1.738391371,-0.206987895,0.000000,6,0.033901724,3.390172356,2.421551683,2.421551683,0.000000000,manual_A_near_upright
real,SWING_UP,12.524,-13.932515,-3.349781,-13.235992,0.786311507,-1.806648532,-0.243168256,0.000000,6,-0.132359925,-13.235992463,-9.454280331,-9.454280331,0.000000000,manual_A_near_upright
real,SWING_UP,12.544,-15.786644,0.840548,-9.126616,0.779286451,-1.523746601,-0.275528914,0.000000,6,-0.127392757,-12.739275660,-9.099482614,-9.099482614,0.000000000,manual_A_near_upright
real,SWING_UP,12.565,-17.359920,4.792174,-9.296047,0.774105097,-1.339701379,-0.302987768,0.000000,6,-0.092960472,-9.296047196,-6.640033712,-6.640033712,0.000000000,manual_A_near_upright
real,SWING_UP,12.585,-18.781642,8.554234,-11.076163,0.769602757,-1.193428649,-0.327801489,0.000000,6,-0.110761634,-11.076163416,-7.911545297,-7.911545297,0.000000000,manual_A_near_upright
real,SWING_UP,12.606,-19.996249,12.087340,-9.987408,0.765259528,-1.014317160,-0.349000378,0.000000,6,-0.099874082,-9.987408158,-7.133862970,-7.133862970,0.000000000,manual_A_near_upright
real,SWING_UP,12.627,-21.045107,15.401042,-10.776762,0.761722354,-0.879803446,-0.367306409,0.000000,6,-0.107767616,-10.776761571,-7.697686836,-7.697686836,0.000000000,manual_A_near_upright
real,SWING_UP,12.647,-21.940207,18.491853,-10.779271,0.758590054,-0.743287245,-0.382928843,0.000000,6,-0.107792708,-10.779270756,-7.699479111,-7.699479111,0.000000000,manual_A_near_upright
real,SWING_UP,12.668,-22.686396,21.353979,-10.818469,0.755969690,-0.618425174,-0.395952304,0.000000,6,-0.108184688,-10.818468785,-7.727477703,-7.727477703,0.000000000,manual_A_near_upright
real,SWING_UP,12.688,-23.300357,23.988818,-10.975944,0.753817339,-0.504961893,-0.406667944,0.000000,6,-0.109759441,-10.975944109,-7.839960078,-7.839960078,0.000000000,manual_A_near_upright
real,SWING_UP,12.709,-23.788761,26.393890,-10.958433,0.752092549,-0.397278196,-0.415192203,0.000000,6,-0.109584328,-10.958432796,-7.827451997,-7.827451997,0.000000000,manual_A_near_upright
real,SWING_UP,12.729,-24.160897,28.569135,-10.984524,0.750781081,-0.298098426,-0.421687197,0.000000,6,-0.109845237,-10.984523705,-7.846088360,-7.846088360,0.000000000,manual_A_near_upright
real,SWING_UP,12.760,-24.517902,31.401705,-36.520368,0.749521151,-0.160631380,-0.427918118,0.000000,6,-0.365203683,-36.520368346,-27.822580534,-27.822580534,0.000000000,manual_A_near_upright
real,SWING_UP,12.781,-24.154613,32.760018,-28.000000,0.751455375,0.503023962,-0.421577526,0.000000,6,-0.280000000,-28.000000000,-20.000000000,-20.000000000,0.000000000,manual_A_near_upright
real,SWING_UP,12.801,-23.055719,33.564289,-28.000000,0.758886095,1.165039120,-0.402398205,0.000000,6,-0.280000000,-28.000000000,-20.000000000,-20.000000000,0.000000000,manual_A_near_upright
real,SWING_UP,12.822,-21.089387,33.756350,-28.000000,0.773401399,1.929006922,-0.368079235,0.000000,6,-0.280000000,-28.000000000,-20.000000000,-20.000000000,0.000000000,manual_A_near_upright
real,SWING_UP,12.843,-18.213571,33.332883,-28.000000,0.795076500,2.735713223,-0.317886789,0.000000,6,-0.280000000,-28.000000000,-20.000000000,-20.000000000,0.000000000,manual_A_near_upright
real,SWING_UP,12.863,-14.365365,32.289141,-28.000000,0.824431433,3.602099405,-0.250722924,0.000000,6,-0.280000000,-28.000000000,-20.000000000,-20.000000000,0.000000000,manual_A_near_upright
real,SWING_UP,12.894,-6.756479,29.627682,23.049335,0.869807842,4.683294713,-0.117922806,0.000000,6,0.230493350,23.049334998,24.923414798,24.923414798,0.000000000,manual_A_near_upright
real,SWING_UP,12.914,-2.478682,28.128122,74.894513,0.822058903,3.067003418,-0.043261164,0.000000,6,0.748945125,74.894512502,70.547171002,70.547171002,0.000000000,manual_A_near_upright
real,SWING_UP,12.935,-2.258222,28.489342,74.638545,0.790309418,-1.205628378,-0.039413405,0.000000,6,0.746385450,74.638545004,70.321919604,70.321919604,0.000000000,manual_A_near_upright
real,SWING_UP,12.955,-7.320829,31.305468,23.723130,0.896262076,-5.353990300,-0.127772567,0.000000,6,0.237231300,23.723130000,25.516354400,25.516354400,0.000000000,manual_A_near_upright
real,SWING_UP,12.976,-15.001046,35.325722,-28.116110,0.962391751,-6.909491853,-0.261817640,0.000000,6,-0.281161100,-28.116110004,-20.102176804,-20.102176804,0.000000000,manual_A_near_upright
real,SWING_UP,12.996,-22.135249,39.000000,-27.555107,0.865070984,-5.224749778,-0.386332972,0.000000,6,-0.275551075,-27.555107497,-19.608494597,-19.608494597,0.000000000,manual_A_near_upright
real,SWING_UP,13.017,-21.782834,38.784072,0.000000,0.757102086,0.283109774,-0.380182174,0.000000,6,0.000000000,0.000000000,0.000000000,0.000000000,0.000000000,manual_A_near_upright
real,SWING_UP,13.037,-21.609538,38.499473,-25.987452,0.757238557,0.067668072,-0.377157590,0.000000,6,-0.259874525,-25.987452500,-22.868958200,-22.868958200,0.000000000,manual_A_near_upright
real,SWING_UP,13.058,-21.033082,37.857048,-18.773665,0.761548510,0.850412686,-0.367096534,0.000000,6,-0.187736652,-18.773665173,-9.133186766,-9.133186766,0.000000000,manual_A_near_upright
real,SWING_UP,13.078,-19.471098,36.567375,-28.000000,0.771571011,1.517601957,-0.339834768,0.000000,6,-0.280000000,-28.000000000,-20.000000000,-20.000000000,0.000000000,manual_A_near_upright
real,SWING_UP,13.099,-17.052164,34.707987,-28.000000,0.789554660,2.345489274,-0.297616403,0.000000,6,-0.280000000,-28.000000000,-20.000000000,-20.000000000,0.000000000,manual_A_near_upright
real,SWING_UP,13.120,-13.631319,32.227902,-28.000000,0.815597206,3.234586681,-0.237911407,0.000000,6,-0.280000000,-28.000000000,-20.000000000,-20.000000000,0.000000000,manual_A_near_upright
real,SWING_UP,13.140,-9.303828,29.200554,22.738540,0.838442410,3.834203440,-0.162382424,0.000000,6,0.227385400,22.738540003,24.649915203,24.649915203,0.000000000,manual_A_near_upright
real,SWING_UP,13.161,-6.003302,26.572386,74.317973,0.802261280,2.214342579,-0.104777378,0.000000,6,0.743179725,74.317972505,56.580444238,56.580444238,0.000000000,manual_A_near_upright
real,SWING_UP,13.181,-5.975002,25.425812,24.253403,0.784684055,-0.709895082,-0.104283449,0.000000,6,0.242534025,24.253402509,12.523622642,12.523622642,0.000000000,manual_A_near_upright
real,SWING_UP,13.202,-7.710892,25.067596,-27.505522,0.790456273,-1.516943263,-0.134580456,0.000000,6,-0.275055225,-27.505522492,-33.024231359,-33.024231359,0.000000000,manual_A_near_upright
real,SWING_UP,13.222,-8.169905,24.062427,-32.883074,0.781252307,0.329685843,-0.142591748,0.000000,6,-0.328830743,-32.883074271,-32.777468362,-32.777468362,0.000000000,manual_A_near_upright
real,SWING_UP,13.243,-6.114441,21.816134,18.636641,0.799694889,2.069251218,-0.106717131,0.000000,6,0.186366407,18.636640727,12.559880836,12.559880836,0.000000000,manual_A_near_upright
real,SWING_UP,13.264,-4.176799,19.572099,18.454528,0.790092888,1.258479400,-0.072898896,0.000000,6,0.184545282,18.454528228,9.859686049,9.859686049,0.000000000,manual_A_near_upright
real,SWING_UP,13.284,-3.455978,17.861574,-21.892361,0.785915758,0.676271596,-0.060318197,0.000000,6,-0.218923612,-21.892361228,-15.637400877,-15.637400877,0.000000000,manual_A_near_upright
real,SWING_UP,13.304,-2.135490,15.843985,4.799419,0.791097484,1.281601011,-0.037271336,0.000000,6,0.047994192,4.799419177,3.428156555,3.428156555,0.000000000,manual_A_near_upright
real,SWING_UP,13.325,-0.715954,13.759272,-1.974240,0.790363859,1.182634195,-0.012495762,0.000000,6,-0.019742399,-1.974239933,-1.410171381,-1.410171381,0.000000000,manual_A_near_upright
real,SWING_UP,13.346,0.638050,11.694220,-0.459488,0.790682057,1.215153053,0.011136082,0.000000,6,-0.004594884,-0.459488411,-0.328206008,-0.328206008,0.000000000,manual_A_near_upright
real,SWING_UP,13.366,2.066256,9.592916,3.226413,0.790605319,1.230899748,0.036062972,0.000000,6,0.032264133,3.226413337,2.304580955,2.304580955,0.000000000,manual_A_near_upright
real,SWING_UP,13.387,3.393674,7.546609,1.844654,0.789257779,1.134229197,0.059230784,0.000000,6,0.018446537,1.844653680,1.317609772,1.317609772,0.000000000,manual_A_near_upright
real,SWING_UP,13.408,4.647239,5.552327,3.831197,0.788155810,1.077712529,0.081109621,0.000000,6,0.038311972,3.831197165,2.736569404,2.736569404,0.000000000,manual_A_near_upright
real,SWING_UP,13.428,5.805814,3.628935,3.732034,0.786651130,0.982848612,0.101330576,0.000000,6,0.037320337,3.732033689,2.665738349,2.665738349,0.000000000,manual_A_near_upright
real,SWING_UP,13.449,6.859293,1.789680,4.053019,0.785216341,0.897909427,0.119717253,0.000000,6,0.040530187,4.053018743,2.895013388,2.895013388,0.000000000,manual_A_near_upright
real,SWING_UP,13.469,7.822022,0.035655,4.514619,0.783819588,0.817103437,0.136520031,0.000000,6,0.045146192,4.514619241,3.224728029,3.224728029,0.000000000,manual_A_near_upright
real,SWING_UP,13.489,8.688157,-1.623208,4.662238,0.782447271,0.733145610,0.151636945,0.000000,6,0.046622377,4.662237667,3.330169762,3.330169762,0.000000000,manual_A_near_upright
real,SWING_UP,13.510,9.462549,-3.182632,4.949089,0.781173332,0.654334025,0.165152637,0.000000,6,0.049490894,4.949089400,3.535063857,3.535063857,0.000000000,manual_A_near_upright
real,SWING_UP,13.531,10.147607,-4.637834,5.134240,0.779991102,0.576490528,0.177109160,0.000000,6,0.051342397,5.134239714,3.667314081,3.667314081,0.000000000,manual_A_near_upright
real,SWING_UP,13.551,10.745328,-5.984460,5.294618,0.778924171,0.501165507,0.187541345,0.000000,6,0.052946176,5.294617619,3.781869728,3.781869728,0.000000000,manual_A_near_upright
real,SWING_UP,13.572,11.259056,-7.219409,5.437462,0.777982471,0.428494872,0.196507595,0.000000,6,0.054374615,5.437461534,3.883901096,3.883901096,0.000000000,manual_A_near_upright
real,SWING_UP,13.592,11.691338,-8.339810,5.538942,0.777171942,0.358080408,0.204052347,0.000000,6,0.055389416,5.538941558,3.956386827,3.956386827,0.000000000,manual_A_near_upright
real,SWING_UP,13.613,12.045089,-9.343554,5.619900,0.776497800,0.290260200,0.210226462,0.000000,6,0.056198996,5.619899571,4.014213979,4.014213979,0.000000000,manual_A_near_upright
real,SWING_UP,13.634,12.323133,-10.229067,5.672563,0.775961117,0.224841292,0.215079237,0.000000,6,0.056725628,5.672562822,4.051830587,4.051830587,0.000000000,manual_A_near_upright
real,SWING_UP,13.654,12.528193,-10.995286,5.700211,0.775561450,0.161812868,0.218658213,0.000000,6,0.057002111,5.700211067,4.071579334,4.071579334,0.000000000,manual_A_near_upright
real,SWING_UP,13.675,12.662981,-11.641686,5.704671,0.775296316,0.101122615,0.221010708,0.000000,6,0.057046713,5.704671252,4.074765180,4.074765180,0.000000000,manual_A_near_upright
real,SWING_UP,13.696,12.730093,-12.168209,5.685727,0.775161678,0.042677840,0.222182043,0.000000,6,0.056857274,5.685727443,4.061233888,4.061233888,0.000000000,manual_A_near_upright
real,SWING_UP,13.716,12.732054,-12.575272,5.645076,0.775152171,-0.013583019,0.222216259,0.000000,6,0.056450758,5.645075796,4.032196997,4.032196997,0.000000000,manual_A_near_upright
real,SWING_UP,13.737,12.670767,-12.863480,6.035614,0.775262699,-0.068881332,0.221146602,0.000000,6,0.060356136,6.035613647,4.311152605,4.311152605,0.000000000,manual_A_near_upright
real,SWING_UP,13.757,12.536486,-13.028340,5.952501,0.775519798,-0.137300608,0.218802953,0.000000,6,0.059525009,5.952500940,4.251786386,4.251786386,0.000000000,manual_A_near_upright
real,SWING_UP,13.777,12.321140,-13.066637,5.737273,0.775931547,-0.205992738,0.215044456,0.000000,6,0.057372726,5.737272551,4.098051822,4.098051822,0.000000000,manual_A_near_upright
real,SWING_UP,13.798,12.032349,-12.983229,5.689992,0.776469545,-0.269513551,0.210004108,0.000000,6,0.056899919,5.689991856,4.064279897,4.064279897,0.000000000,manual_A_near_upright
real,SWING_UP,13.818,11.670116,-12.779900,5.505091,0.777133881,-0.333691057,0.203681949,0.000000,6,0.055050906,5.505090602,3.932207573,3.932207573,0.000000000,manual_A_near_upright
real,SWING_UP,13.839,11.235944,-12.459673,5.324969,0.777905365,-0.395743891,0.196104226,0.000000,6,0.053249694,5.324969436,3.803549597,3.803549597,0.000000000,manual_A_near_upright
real,SWING_UP,13.860,10.732138,-12.026473,5.123236,0.778768725,-0.456177155,0.187311143,0.000000,6,0.051232362,5.123236224,3.659454446,3.659454446,0.000000000,manual_A_near_upright
real,SWING_UP,13.881,10.160199,-11.484341,4.885762,0.779708207,-0.515187575,0.177328918,0.000000,6,0.048857623,4.885762279,3.489830199,3.489830199,0.000000000,manual_A_near_upright
real,SWING_UP,13.901,9.522156,-10.838047,4.628602,0.780703806,-0.572365391,0.166192966,0.000000,6,0.046286019,4.628601919,3.306144228,3.306144228,0.000000000,manual_A_near_upright
real,SWING_UP,13.931,8.445752,-9.684944,4.191742,0.782258837,-0.654650900,0.147406180,0.000000,6,0.041917419,4.191741947,2.994101390,2.994101390,0.000000000,manual_A_near_upright
real,SWING_UP,13.952,7.651986,-8.802397,3.868463,0.783304266,-0.706847918,0.133552350,0.000000,6,0.038684634,3.868463442,2.763188173,2.763188173,0.000000000,manual_A_near_upright
real,SWING_UP,13.972,6.800393,-7.836427,3.518704,0.784329251,-0.756621397,0.118689244,0.000000,6,0.035187044,3.518704367,2.513360262,2.513360262,0.000000000,manual_A_near_upright
real,SWING_UP,13.993,5.894016,-6.794191,3.142023,0.785308943,-0.803639670,0.102869978,0.000000,6,0.031420233,3.142023302,2.244302358,2.244302358,0.000000000,manual_A_near_upright
real,SWING_UP,14.014,4.936342,-5.683416,2.738091,0.786217568,-0.847498177,0.086155427,0.000000,6,0.027380906,2.738090623,1.955779016,1.955779016,0.000000000,manual_A_near_upright
real,SWING_UP,14.034,3.931379,-4.512411,2.306176,0.787028847,-0.887723481,0.068615515,0.000000,6,0.023061757,2.306175716,1.647268369,1.647268369,0.000000000,manual_A_near_upright
real,SWING_UP,14.055,2.883746,-3.290085,1.845705,0.787716401,-0.923757095,0.050330862,0.000000,6,0.018457052,1.845705190,1.318360850,1.318360850,0.000000000,manual_A_near_upright
real,SWING_UP,14.075,1.798772,-2.025965,1.356083,0.788254398,-0.954955393,0.031394490,0.000000,6,0.013560829,1.356082855,0.968630611,0.968630611,0.000000000,manual_A_near_upright
real,SWING_UP,14.096,0.682598,-0.730211,0.836820,0.788618345,-0.980585586,0.011913579,0.000000,6,0.008368201,0.836820113,0.597728652,0.597728652,0.000000000,manual_A_near_upright
real,SWING_UP,14.116,-0.457720,0.586369,-0.756278,0.788786078,-0.999824956,-0.007988726,0.000000,6,-0.007562780,-0.756278032,-0.540198594,-0.540198594,0.000000000,manual_A_near_upright
real,SWING_UP,14.137,-1.584096,1.898303,-2.503189,0.788381746,-0.965881822,-0.027647695,0.000000,6,-0.025031887,-2.503188733,-1.787991952,-1.787991952,0.000000000,manual_A_near_upright
real,SWING_UP,14.157,-2.622645,3.163280,-2.039003,0.787519548,-0.884669738,-0.045773794,0.000000,6,-0.020390032,-2.039003192,-1.456430852,-1.456430852,0.000000000,manual_A_near_upright
real,SWING_UP,14.178,-3.585056,4.379219,-2.685177,0.786748288,-0.824042947,-0.062571033,0.000000,6,-0.026851772,-2.685177184,-1.917983703,-1.917983703,0.000000000,manual_A_near_upright
real,SWING_UP,14.198,-4.474632,5.540714,-2.983636,0.785895248,-0.756850940,-0.078097059,0.000000,6,-0.029836360,-2.983636013,-2.131168581,-2.131168581,0.000000000,manual_A_near_upright
real,SWING_UP,14.219,-5.284814,6.638220,-3.186472,0.785029915,-0.688830593,-0.092237413,0.000000,6,-0.031864722,-3.186472247,-2.276051605,-2.276051605,0.000000000,manual_A_near_upright
real,BALANCE,14.249,-6.359475,8.155450,-16.968642,0.783780561,-0.590590877,-0.110993783,8.155450,7,-0.169686419,-16.968641864,-12.120458474,-12.120458474,0.000000000,manual_A_near_upright
real,BALANCE,14.270,-6.717670,8.948967,0.411912,0.782256944,-0.194241517,-0.117245459,8.096678,7,0.004119118,0.411911780,0.294222700,0.294222700,0.000000000,manual_A_near_upright
real,BALANCE,14.290,-6.917168,9.622992,-2.450257,0.782126718,-0.213821817,-0.120727348,8.039040,7,-0.024502569,-2.450256907,-1.750183505,-1.750183505,0.000000000,manual_A_near_upright
real,BALANCE,14.311,-7.186472,10.283247,-4.752081,0.781900933,-0.214197828,-0.125427592,7.981755,7,-0.047520809,-4.752080900,-3.394343500,-3.394343500,0.000000000,manual_A_near_upright
real,BALANCE,14.331,-7.355516,10.848066,-2.720977,0.781638998,-0.130491494,-0.128377968,7.924007,7,-0.027209770,-2.720976995,-1.943554996,-1.943554996,0.000000000,manual_A_near_upright
real,BALANCE,14.352,-7.484320,11.344047,-3.683139,0.781502381,-0.106553676,-0.130626020,7.866448,7,-0.036831393,-3.683139310,-2.630813793,-2.630813793,0.000000000,manual_A_near_upright
real,BALANCE,14.373,-7.571076,11.769296,-3.593930,0.781394199,-0.061384117,-0.132140202,7.810304,7,-0.035939303,-3.593930349,-2.567093106,-2.567093106,0.000000000,manual_A_near_upright
real,BALANCE,14.393,-7.602938,12.116952,-3.478183,0.781351419,-0.016607432,-0.132696306,7.753703,7,-0.034781826,-3.478182554,-2.484416110,-2.484416110,0.000000000,manual_A_near_upright
real,BALANCE,14.414,-7.589203,12.390931,-3.583260,0.781364905,0.023205709,-0.132456585,7.697808,7,-0.035832601,-3.583260137,-2.559471527,-2.559471527,0.000000000,manual_A_near_upright
real,BALANCE,14.434,-7.527257,12.589901,-3.507164,0.781435857,0.065771981,-0.131375422,7.642730,7,-0.035071638,-3.507163797,-2.505116998,-2.505116998,0.000000000,manual_A_near_upright
real,BALANCE,14.455,-7.417744,12.714384,-3.461904,0.781561586,0.106644096,-0.129464059,7.587544,7,-0.034619036,-3.461903584,-2.472788275,-2.472788275,0.000000000,manual_A_near_upright
real,BALANCE,14.485,-7.167391,12.764224,-3.354776,0.781844672,0.166534459,-0.125094564,7.506630,7,-0.034014210,-3.401420964,-2.429586403,-2.429586403,0.000000000,manual_A_near_upright
real,BALANCE,14.506,-6.944271,12.708155,-3.257064,0.782089931,0.205238799,-0.121200393,7.452819,7,-0.032570639,-3.257063933,-2.326474238,-2.326474238,0.000000000,manual_A_near_upright
real,BALANCE,14.526,-6.677807,12.582961,-3.141395,0.782373597,0.242760222,-0.116549724,7.399700,7,-0.031413949,-3.141394933,-2.243853524,-2.243853524,0.000000000,manual_A_near_upright
real,BALANCE,14.547,-6.369392,12.390968,-3.004696,0.782689144,0.278971827,-0.111166855,7.346440,7,-0.030046965,-3.004696466,-2.146211761,-2.146211761,0.000000000,manual_A_near_upright
real,BALANCE,14.567,-6.020762,12.134958,-2.853865,0.783028994,0.313644109,-0.105082117,7.294671,7,-0.028538647,-2.853864706,-2.038474790,-2.038474790,0.000000000,manual_A_near_upright
real,BALANCE,14.588,-5.633732,11.818034,-2.681137,0.783385346,0.346672049,-0.098327175,7.242030,7,-0.026811369,-2.681136922,-1.915097802,-1.915097802,0.000000000,manual_A_near_upright
real,BALANCE,14.609,-5.210452,11.443725,-2.494370,0.783749359,0.377761473,-0.090939538,7.189491,7,-0.024943698,-2.494369756,-1.781692683,-1.781692683,0.000000000,manual_A_near_upright
real,BALANCE,14.629,-4.753234,11.015893,-2.291915,0.784112424,0.406803289,-0.082959578,7.138150,7,-0.022919153,-2.291915304,-1.637082360,-1.637082360,0.000000000,manual_A_near_upright
real,BALANCE,14.650,-4.264560,10.538716,-2.071079,0.784465699,0.433626831,-0.074430610,7.087407,7,-0.020710789,-2.071078935,-1.479342096,-1.479342096,0.000000000,manual_A_near_upright
real,BALANCE,14.670,-3.747220,10.016740,-1.835308,0.784799806,0.457908158,-0.065401333,7.036280,7,-0.018353075,-1.835307507,-1.310933933,-1.310933933,0.000000000,manual_A_near_upright
real,BALANCE,14.691,-3.204347,9.454872,-1.585830,0.785105878,0.479422821,-0.055926412,6.985328,7,-0.015858301,-1.585830093,-1.132735781,-1.132735781,0.000000000,manual_A_near_upright
real,BALANCE,14.711,-2.639265,8.858292,-1.322511,0.785375613,0.497958939,-0.046063861,6.935059,7,-0.014561360,-1.456136033,-1.040097167,-1.040097167,0.000000000,manual_A_near_upright
real,BALANCE,14.732,-2.055623,8.232492,-1.046120,0.785601111,0.513232462,-0.035877397,6.884902,7,-0.010461196,-1.046119571,-0.747228265,-0.747228265,0.000000000,manual_A_near_upright
real,BALANCE,14.752,-1.457380,7.583246,-0.758867,0.785775557,0.524997614,-0.025436083,6.835984,7,-0.007588668,-0.758866845,-0.542047747,-0.542047747,0.000000000,manual_A_near_upright
real,BALANCE,14.773,-0.848765,6.916566,-0.459321,0.785893152,0.532965071,-0.014813737,6.786749,7,-0.004593205,-0.459320510,-0.328086078,-0.328086078,0.000000000,manual_A_near_upright
real,BALANCE,14.793,-0.234429,6.238749,-0.152255,0.785949364,0.536807252,-0.004091561,6.737555,7,-0.001522555,-0.152255499,-0.108753928,-0.108753928,0.000000000,manual_A_near_upright
real,BALANCE,14.814,0.380235,5.556491,0.578810,0.785937348,0.535254258,0.006636349,6.689146,7,0.005788101,0.578810089,0.413435778,0.413435778,0.000000000,manual_A_near_upright
real,BALANCE,14.835,0.978526,4.881793,0.907302,0.785801948,0.514580795,0.017078504,6.640828,7,0.009073022,0.907302178,0.648072984,0.648072984,0.000000000,manual_A_near_upright
real,BALANCE,14.856,1.544865,4.226109,1.058997,0.785605679,0.486905532,0.026962976,6.592830,7,0.010589967,1.058996666,0.756426190,0.756426190,0.000000000,manual_A_near_upright
real,BALANCE,14.886,2.335740,3.286369,1.498243,0.785263686,0.444326661,0.040766359,6.522253,7,0.014982434,1.498243428,1.070173877,1.070173877,0.000000000,manual_A_near_upright
real,BALANCE,14.907,2.817448,2.697557,1.696947,0.785001502,0.411044226,0.049173750,6.475219,7,0.016969474,1.696947366,1.212105262,1.212105262,0.000000000,manual_A_near_upright
real,BALANCE,14.927,3.259619,2.144424,1.901847,0.784730958,0.376100714,0.056891090,6.428572,7,0.018005906,1.800590619,1.286136157,1.286136157,0.000000000,manual_A_near_upright
real,BALANCE,14.947,3.660100,1.631193,2.075865,0.784459742,0.339158523,0.063880790,6.382824,7,0.019944505,1.994450475,1.424607482,1.424607482,0.000000000,manual_A_near_upright
real,BALANCE,14.968,4.016965,1.161703,2.228046,0.784197872,0.300774301,0.070109266,6.337391,7,0.022280462,2.228046203,1.591461573,1.591461573,0.000000000,manual_A_near_upright
real,BALANCE,14.989,4.328944,0.739202,2.360175,0.783953650,0.261302484,0.075554317,6.291674,7,0.023601745,2.360174539,1.685838957,1.685838957,0.000000000,manual_A_near_upright
real,BALANCE,15.009,4.594941,0.366551,2.467293,0.783734147,0.220985239,0.080196851,6.246219,7,0.024672933,2.467293321,1.762352372,1.762352372,0.000000000,manual_A_near_upright
real,BALANCE,15.030,4.814327,0.046087,2.552236,0.783545466,0.180201662,0.084025859,6.201948,7,0.025522360,2.552236025,1.823025732,1.823025732,0.000000000,manual_A_near_upright
real,BALANCE,15.050,4.986788,-0.220321,2.619179,0.783392200,0.139215834,0.087035864,6.157005,7,0.025887042,2.588704217,1.849074440,1.849074440,0.000000000,manual_A_near_upright
real,BALANCE,15.071,5.112229,-0.431231,2.662304,0.783277628,0.098194098,0.089225234,6.112670,7,0.026623041,2.662304136,1.901645811,1.901645811,0.000000000,manual_A_near_upright
real,BALANCE,15.092,5.190837,-0.585655,2.685387,0.783203903,0.057406814,0.090597199,6.068507,7,0.026853874,2.685387388,1.918133849,1.918133849,0.000000000,manual_A_near_upright
real,BALANCE,15.112,5.223051,-0.683047,2.687612,0.783171863,0.017065806,0.091159439,6.025426,7,0.026876119,2.687611939,1.919722814,1.919722814,0.000000000,manual_A_near_upright
real,BALANCE,15.133,5.209552,-0.723302,2.672024,0.783181155,-0.022646882,0.090923839,5.982038,7,0.026720239,2.672023860,1.908588471,1.908588471,0.000000000,manual_A_near_upright
real,BALANCE,15.163,5.105495,-0.677296,2.611688,0.783269189,-0.080657769,0.089107702,5.918594,7,0.026116881,2.611688111,1.865491508,1.865491508,0.000000000,manual_A_near_upright
real,BALANCE,15.184,4.981855,-0.576869,2.547404,0.783373415,-0.118115168,0.086949772,5.875841,7,0.025474040,2.547404015,1.819574296,1.819574296,0.000000000,manual_A_near_upright
real,BALANCE,15.205,4.816243,-0.422046,2.464324,0.783509811,-0.154383616,0.084059302,5.833330,7,0.024643238,2.464323823,1.760231302,1.760231302,0.000000000,manual_A_near_upright
real,BALANCE,15.225,4.610217,-0.214521,2.364352,0.783673694,-0.189261578,0.080463472,5.791405,7,0.023643523,2.364352324,1.688823088,1.688823088,0.000000000,manual_A_near_upright
real,BALANCE,15.245,4.365468,0.043666,2.247063,0.783859821,-0.222625223,0.076191785,5.749585,7,0.023080432,2.308043225,1.648602304,1.648602304,0.000000000,manual_A_near_upright
real,BALANCE,15.267,4.083870,0.350114,2.114120,0.784062321,-0.254300250,0.071276971,5.707510,7,0.021141197,2.114119720,1.510085515,1.510085515,0.000000000,manual_A_near_upright
real,BALANCE,15.288,3.767485,0.702077,1.962599,0.784274937,-0.284141411,0.065755009,5.666282,7,0.019625994,1.962599384,1.401856703,1.401856703,0.000000000,manual_A_near_upright
real,BALANCE,15.308,3.418602,1.096452,1.797861,0.784490883,-0.311909811,0.059665862,5.625036,7,0.017978613,1.797861319,1.284186656,1.284186656,0.000000000,manual_A_near_upright
real,BALANCE,15.329,3.039729,1.529806,1.617034,0.784703399,-0.337455068,0.053053288,5.584721,7,0.016170345,1.617034468,1.155024620,1.155024620,0.000000000,manual_A_near_upright
real,BALANCE,15.350,2.633581,1.998393,1.422418,0.784905615,-0.360577095,0.045964668,5.544769,7,0.014224176,1.422417643,1.016012602,1.016012602,0.000000000,manual_A_near_upright
real,BALANCE,15.370,2.203089,2.498172,1.215170,0.785090858,-0.381084831,0.038451163,5.504828,7,0.012151699,1.215169877,0.867978484,0.867978484,0.000000000,manual_A_near_upright
real,BALANCE,15.391,1.751415,3.024815,0.995126,0.785252771,-0.398774868,0.030567955,5.465380,7,0.009951258,0.995125786,0.710804133,0.710804133,0.000000000,manual_A_near_upright
real,BALANCE,15.411,1.281968,3.573725,0.764580,0.785385508,-0.413438592,0.022374564,5.425806,7,0.007645800,0.764579958,0.546128541,0.546128541,0.000000000,manual_A_near_upright
real,BALANCE,15.432,0.798374,4.140068,0.522928,0.785483969,-0.424871580,0.013934263,5.386777,7,0.005229280,0.522928050,0.373520036,0.373520036,0.000000000,manual_A_near_upright
real,BALANCE,15.453,0.304536,4.718772,0.272684,0.785543899,-0.432851397,0.005315159,5.348025,7,0.002726845,0.272684485,0.194774632,0.194774632,0.000000000,manual_A_near_upright
real,BALANCE,15.473,-0.195429,5.304578,-0.179617,0.785562174,-0.437166035,-0.003410880,5.309746,7,-0.001796167,-0.179616693,-0.128297638,-0.128297638,0.000000000,manual_A_near_upright
real,BALANCE,15.494,-0.691793,5.889552,-0.574389,0.785509620,-0.429599227,-0.012074065,5.271104,7,-0.005743887,-0.574388683,-0.410277631,-0.410277631,0.000000000,manual_A_near_upright
real,BALANCE,15.514,-1.170363,6.463648,-0.709525,0.785400446,-0.413009460,-0.020426687,5.233273,7,-0.007095251,-0.709525095,-0.506803639,-0.506803639,0.000000000,manual_A_near_upright
real,BALANCE,15.535,-1.629768,7.022868,-0.978466,0.785268643,-0.396036452,-0.028444812,5.195570,7,-0.009784655,-0.978465539,-0.698903957,-0.698903957,0.000000000,manual_A_near_upright
real,BALANCE,15.555,-2.066598,7.562392,-1.194386,0.785107527,-0.375083263,-0.036068943,5.158369,7,-0.011943864,-1.194386394,-0.853133139,-0.853133139,0.000000000,manual_A_near_upright
real,BALANCE,15.576,-2.476750,8.077206,-1.382461,0.784926737,-0.351177308,-0.043227444,5.120590,7,-0.013824608,-1.382460805,-0.987472003,-0.987472003,0.000000000,manual_A_near_upright
real,BALANCE,15.597,-2.857967,8.563327,-1.575469,0.784735132,-0.325268361,-0.049880941,5.084039,7,-0.015754688,-1.575468813,-1.125334866,-1.125334866,0.000000000,manual_A_near_upright
real,BALANCE,15.617,-3.207249,9.016606,-1.728286,0.784537868,-0.296852976,-0.055977062,5.047699,7,-0.017282861,-1.728286149,-1.234490106,-1.234490106,0.000000000,manual_A_near_upright
real,BALANCE,15.638,-3.522762,9.433645,-1.875866,0.784343707,-0.267001604,-0.061483794,5.011215,7,-0.018758659,-1.875865873,-1.339904195,-1.339904195,0.000000000,manual_A_near_upright
real,BALANCE,15.659,-3.802826,9.811339,-2.000940,0.784158157,-0.235660462,-0.066371828,4.974852,7,-0.020009398,-2.000939757,-1.429242683,-1.429242683,0.000000000,manual_A_near_upright
real,BALANCE,15.679,-4.045993,10.146928,-2.108286,0.783987185,-0.203193752,-0.070615907,4.939479,7,-0.021082858,-2.108285791,-1.505918422,-1.505918422,0.000000000,manual_A_near_upright
real,BALANCE,15.700,-4.251247,10.438096,-2.196956,0.783835805,-0.169901239,-0.074198258,4.903991,7,-0.021969555,-2.196955519,-1.569253942,-1.569253942,0.000000000,manual_A_near_upright
real,BALANCE,15.720,-4.417843,10.682913,-2.266990,0.783708118,-0.136025815,-0.077105907,4.868655,7,-0.022669900,-2.266990002,-1.619278573,-1.619278573,0.000000000,manual_A_near_upright
real,BALANCE,15.741,-4.545307,10.879838,-2.317970,0.783607346,-0.101798758,-0.079330580,4.833335,7,-0.023179697,-2.317969651,-1.655692608,-1.655692608,0.000000000,manual_A_near_upright
real,BALANCE,15.761,-4.633431,11.027721,-2.352014,0.783535802,-0.067452627,-0.080868631,4.798691,7,-0.023520138,-2.352013815,-1.680009868,-1.680009868,0.000000000,manual_A_near_upright
real,BALANCE,15.782,-4.682235,11.125791,-2.367487,0.783494865,-0.033180357,-0.081720423,4.764106,7,-0.023611770,-2.361177005,-1.686555003,-1.686555003,0.000000000,manual_A_near_upright
real,BALANCE,15.803,-4.691983,11.173661,-2.365566,0.783485008,0.000810316,-0.081890557,4.729655,7,-0.023655656,-2.365565582,-1.689689701,-1.689689701,0.000000000,manual_A_near_upright
real,BALANCE,15.823,-4.663147,11.171315,-2.346974,0.783505826,0.034335814,-0.081387275,4.695501,7,-0.023469743,-2.346974312,-1.676410223,-1.676410223,0.000000000,manual_A_near_upright
real,BALANCE,15.844,-4.596409,11.119101,-2.311964,0.783556084,0.067231301,-0.080222464,4.661796,7,-0.023119645,-2.311964470,-1.651403193,-1.651403193,0.000000000,manual_A_near_upright
real,BALANCE,15.864,-4.492586,11.017700,-2.258316,0.783633839,0.099368513,-0.078410413,4.628247,7,-0.022876762,-2.287676161,-1.634054401,-1.634054401,0.000000000,manual_A_near_upright
real,BALANCE,15.885,-4.352735,10.868160,-2.189672,0.783736342,0.130519154,-0.075969554,4.594869,7,-0.021896720,-2.189672011,-1.564051436,-1.564051436,0.000000000,manual_A_near_upright
real,BALANCE,15.906,-4.178112,10.671879,-2.105055,0.783860249,0.160544250,-0.072921807,4.561446,7,-0.021050549,-2.105054901,-1.503610643,-1.503610643,0.000000000,manual_A_near_upright
real,BALANCE,15.927,-3.970131,10.430572,-2.005066,0.784001670,0.189288207,-0.069291856,4.528125,7,-0.020050663,-2.005066272,-1.432190194,-1.432190194,0.000000000,manual_A_near_upright
real,BALANCE,15.947,-3.730300,10.146233,-1.889686,0.784156385,0.216646125,-0.065106011,4.496053,7,-0.018896858,-1.889685794,-1.349775567,-1.349775567,0.000000000,manual_A_near_upright
real,BALANCE,15.968,-3.460592,9.821299,-1.764791,0.784319296,0.242289756,-0.060398717,4.463636,7,-0.017647912,-1.764791163,-1.260565117,-1.260565117,0.000000000,manual_A_near_upright
real,BALANCE,15.989,-3.162767,9.458321,-1.614313,0.784486175,0.266396282,-0.055200693,4.430977,7,-0.016143133,-1.614313318,-1.153080941,-1.153080941,0.000000000,manual_A_near_upright
real,BALANCE,16.009,-2.838993,9.060238,-1.464667,0.784650925,0.288328472,-0.049549777,4.399564,7,-0.014646667,-1.464666734,-1.046190524,-1.046190524,0.000000000,manual_A_near_upright
real,BALANCE,16.029,-2.491964,8.630423,-1.303220,0.784808752,0.308152955,-0.043492976,4.368017,7,-0.013032195,-1.303219509,-0.930871078,-0.930871078,0.000000000,manual_A_near_upright
real,BALANCE,16.050,-2.123854,8.172174,-1.121288,0.784955303,0.325907032,-0.037068246,4.336917,7,-0.011212883,-1.121288341,-0.800920244,-0.800920244,0.000000000,manual_A_near_upright
real,BALANCE,16.071,-1.737518,7.689257,-0.934207,0.785084988,0.341103200,-0.030325404,4.305834,7,-0.009342073,-0.934207275,-0.667290910,-0.667290910,0.000000000,manual_A_near_upright
real,BALANCE,16.091,-1.335901,7.185620,-0.736574,0.785193822,0.353722091,-0.023315869,4.275164,7,-0.007365736,-0.736573647,-0.526124034,-0.526124034,0.000000000,manual_A_near_upright
real,BALANCE,16.111,-0.922096,6.665392,-0.529354,0.785277944,0.363579196,-0.016093620,4.244514,7,-0.005293538,-0.529353816,-0.378109868,-0.378109868,0.000000000,manual_A_near_upright
real,BALANCE,16.132,-0.499450,6.132916,-0.316358,0.785334058,0.370461232,-0.008717055,4.213975,7,-0.003163581,-0.316358105,-0.225970075,-0.225970075,0.000000000,manual_A_near_upright
real,BALANCE,16.153,-0.071482,5.592691,-0.097842,0.785359932,0.374245190,-0.001247596,4.183707,7,-0.000978418,-0.097841771,-0.069886979,-0.069886979,0.000000000,manual_A_near_upright
real,BALANCE,16.173,0.357480,5.049643,0.365768,0.785349931,0.373352454,0.006239195,4.154128,7,0.003657678,0.365767819,0.261262728,0.261262728,0.000000000,manual_A_near_upright
real,BALANCE,16.193,0.776358,4.511876,0.535662,0.785287033,0.361612774,0.013550008,4.125042,7,0.005356622,0.535662182,0.382615845,0.382615845,0.000000000,manual_A_near_upright
real,BALANCE,16.213,1.178767,3.985287,0.714983,0.785199206,0.347220031,0.020573369,4.095268,7,0.007149832,0.714983188,0.510702277,0.510702277,0.000000000,manual_A_near_upright
real,BALANCE,16.234,1.563525,3.473255,0.930792,0.785092142,0.330997510,0.027288655,4.066176,7,0.009307920,0.930792048,0.664851463,0.664851463,0.000000000,manual_A_near_upright
real,BALANCE,16.254,1.926941,2.980216,1.102711,0.784966486,0.311601409,0.033631473,4.037685,7,0.011027110,1.102710980,0.787650700,0.787650700,0.000000000,manual_A_near_upright
real,BALANCE,16.275,2.266205,2.510068,1.262494,0.784829419,0.289964677,0.039552733,4.008305,7,0.012624938,1.262493834,0.901781310,0.901781310,0.000000000,manual_A_near_upright
real,BALANCE,16.305,2.725170,1.855213,1.481185,0.784614563,0.254132732,0.047563191,3.965762,7,0.014811855,1.481185462,1.057989616,1.057989616,0.000000000,manual_A_near_upright
real,BALANCE,16.326,2.994990,1.456795,1.605581,0.784472343,0.228210261,0.052272444,3.937079,7,0.016055810,1.605581029,1.146843592,1.146843592,0.000000000,manual_A_near_upright
real,BALANCE,16.347,3.234026,1.092110,1.714260,0.784336723,0.201025266,0.056444397,3.908415,7,0.017142598,1.714259818,1.224471299,1.224471299,0.000000000,manual_A_near_upright
real,BALANCE,16.367,3.441051,0.763507,1.806277,0.784212022,0.172834939,0.060057677,3.880213,7,0.018062774,1.806277355,1.290198110,1.290198110,0.000000000,manual_A_near_upright
real,BALANCE,16.388,3.615116,0.472996,1.881703,0.784101979,0.143878768,0.063095683,3.852365,7,0.018817026,1.881702612,1.344073295,1.344073295,0.000000000,manual_A_near_upright
real,BALANCE,16.408,3.755540,0.222238,1.941829,0.784009707,0.114399265,0.065546539,3.824602,7,0.019418287,1.941828734,1.387020524,1.387020524,0.000000000,manual_A_near_upright
real,BALANCE,16.429,3.861891,0.012550,1.984917,0.783937597,0.084587784,0.067402705,3.797278,7,0.019849170,1.984917002,1.417797859,1.417797859,0.000000000,manual_A_near_upright
real,BALANCE,16.450,3.933963,-0.155091,2.012770,0.783887374,0.054662097,0.068660602,3.769935,7,0.020127703,2.012770297,1.437693069,1.437693069,0.000000000,manual_A_near_upright
real,BALANCE,16.470,3.971779,-0.280049,2.024312,0.783860028,0.024800466,0.069320618,3.742893,7,0.020243121,2.024312092,1.445937209,1.445937209,0.000000000,manual_A_near_upright
real,BALANCE,16.491,3.975567,-0.362019,2.020665,0.783855863,-0.004810327,0.069386733,3.715839,7,0.020206653,2.020665296,1.443332354,1.443332354,0.000000000,manual_A_near_upright
real,BALANCE,16.511,3.945753,-0.401027,2.001145,0.783874499,-0.034004367,0.068866378,3.689075,7,0.020011450,2.001144981,1.429389272,1.429389272,0.000000000,manual_A_near_upright
real,BALANCE,16.532,3.882958,-0.397420,1.966066,0.783914913,-0.062610819,0.067770395,3.662718,7,0.019660655,1.966065510,1.404332507,1.404332507,0.000000000,manual_A_near_upright
real,BALANCE,16.562,3.728860,-0.313709,1.890255,0.784012519,-0.103965345,0.065080890,3.624022,7,0.018902546,1.890254562,1.350181830,1.350181830,0.000000000,manual_A_near_upright
real,BALANCE,16.583,3.587654,-0.207214,1.819602,0.784099018,-0.130412671,0.062616383,3.597971,7,0.018196023,1.819602315,1.299715939,1.299715939,0.000000000,manual_A_near_upright
real,BALANCE,16.603,3.417073,-0.061773,1.735694,0.784199342,-0.155712052,0.059639168,3.572286,7,0.017356937,1.735693665,1.239781189,1.239781189,0.000000000,manual_A_near_upright
real,BALANCE,16.624,3.218563,0.120892,1.639653,0.784310244,-0.179725550,0.056174519,3.546411,7,0.016396525,1.639652509,1.171180364,1.171180364,0.000000000,manual_A_near_upright
real,BALANCE,16.645,2.993689,0.338804,1.529966,0.784428231,-0.202325186,0.052249731,3.520834,7,0.015299657,1.529965714,1.092832653,1.092832653,0.000000000,manual_A_near_upright
real,BALANCE,16.665,2.744229,0.589702,1.408967,0.784549509,-0.223331387,0.047895835,3.495464,7,0.014089672,1.408967246,1.006405176,1.006405176,0.000000000,manual_A_near_upright
real,BALANCE,16.686,2.472115,0.871076,1.276590,0.784670255,-0.242615720,0.043146548,3.470201,7,0.012765901,1.276590095,0.911850068,0.911850068,0.000000000,manual_A_near_upright
real,BALANCE,16.706,2.179447,1.180174,1.133139,0.784786583,-0.260017510,0.038038534,3.445559,7,0.011331388,1.133138753,0.809384824,0.809384824,0.000000000,manual_A_near_upright
real,BALANCE,16.727,1.868516,1.514008,0.981127,0.784894721,-0.275393432,0.032611753,3.420667,7,0.009811273,0.981127300,0.700805215,0.700805215,0.000000000,manual_A_near_upright
real,BALANCE,16.747,1.541724,1.869402,0.819101,0.784991179,-0.288629792,0.026908168,3.395929,7,0.008191005,0.819100509,0.585071792,0.585071792,0.000000000,manual_A_near_upright
real,BALANCE,16.768,1.201676,2.242969,0.648955,0.785072612,-0.299546500,0.020973207,3.371802,7,0.006489545,0.648954536,0.463538954,0.463538954,0.000000000,manual_A_near_upright
real,BALANCE,16.788,0.851154,2.631139,0.473850,0.785136154,-0.307998233,0.014855436,3.347539,7,0.004738505,0.473850468,0.338464620,0.338464620,0.000000000,manual_A_near_upright
real,BALANCE,16.809,0.492885,3.030283,0.286355,0.785179883,-0.314007306,0.008602463,3.323696,7,0.003753138,0.375313836,0.268081311,0.268081311,0.000000000,manual_A_near_upright
real,BALANCE,16.829,0.130272,3.436393,0.107514,0.785201138,-0.317077371,0.002273673,3.299696,7,0.001992592,0.199259179,0.142327985,0.142327985,0.000000000,manual_A_near_upright
real,BALANCE,16.850,-0.233565,3.845549,-0.234981,0.785199073,-0.317148805,-0.004076485,3.275939,7,-0.002349811,-0.234981124,-0.167843660,-0.167843660,0.000000000,manual_A_near_upright
real,BALANCE,16.871,-0.591161,4.251783,-0.427316,0.785161297,-0.309104952,-0.010317703,3.252274,7,-0.004273158,-0.427315847,-0.305225605,-0.305225605,0.000000000,manual_A_near_upright
real,BALANCE,16.901,-1.102695,4.844105,-0.661292,0.785066577,-0.291224230,-0.019245661,3.217882,7,-0.005643468,-0.564346813,-0.403104866,-0.403104866,0.000000000,manual_A_near_upright
real,BALANCE,16.922,-1.424748,5.223025,-0.831346,0.784985198,-0.276816990,-0.024866536,3.194632,7,-0.008313456,-0.831345559,-0.593818256,-0.593818256,0.000000000,manual_A_near_upright
real,BALANCE,16.943,-1.728096,5.584860,-0.973536,0.784891750,-0.259911595,-0.030160961,3.171402,7,-0.009735357,-0.973535684,-0.695382631,-0.695382631,0.000000000,manual_A_near_upright
real,BALANCE,16.973,-2.143460,6.088748,-1.178270,0.784739431,-0.231294569,-0.037410428,3.137655,7,-0.011782698,-1.178269841,-0.841621315,-0.841621315,0.000000000,manual_A_near_upright
real,BALANCE,16.994,-2.391071,6.394521,-1.294496,0.784634993,-0.210141925,-0.041732053,3.115130,7,-0.012944958,-1.294495813,-0.924639866,-0.924639866,0.000000000,manual_A_near_upright
real,BALANCE,17.024,-2.714565,6.801594,-1.446325,0.784483641,-0.176043841,-0.047378096,3.082003,7,-0.013997720,-1.399772017,-0.999837155,-0.999837155,0.000000000,manual_A_near_upright
real,BALANCE,17.045,-2.896421,7.035391,-1.529029,0.784391159,-0.152022790,-0.050552091,3.059752,7,-0.015290288,-1.529028757,-1.092163398,-1.092163398,0.000000000,manual_A_near_upright
real,BALANCE,17.075,-3.116127,7.325186,-1.627296,0.784272322,-0.114587314,-0.054386677,3.027418,7,-0.016272960,-1.627296040,-1.162354314,-1.162354314,0.000000000,manual_A_near_upright
real,BALANCE,17.096,-3.226220,7.475668,-1.674472,0.784209786,-0.089015228,-0.056308163,3.005504,7,-0.016744721,-1.674472127,-1.196051519,-1.196051519,0.000000000,manual_A_near_upright
real,BALANCE,17.117,-3.306788,7.590720,-1.708777,0.784162620,-0.063186209,-0.057714340,2.983857,7,-0.017087775,-1.708777488,-1.220555349,-1.220555349,0.000000000,manual_A_near_upright
real,BALANCE,17.147,-3.371923,7.695259,-1.733123,0.784123024,-0.024281076,-0.058851152,2.952209,7,-0.017331225,-1.733122509,-1.237944649,-1.237944649,0.000000000,manual_A_near_upright
real,BALANCE,17.177,-3.370478,7.717076,-1.724990,0.784122063,0.014280958,-0.058825936,2.920890,7,-0.017249901,-1.724990109,-1.232135792,-1.232135792,0.000000000,manual_A_near_upright
real,BALANCE,17.198,-3.333158,7.685712,-1.705185,0.784142416,0.039448755,-0.058174585,2.899899,7,-0.017051853,-1.705185267,-1.217989476,-1.217989476,0.000000000,manual_A_near_upright
real,BALANCE,17.218,-3.267414,7.618052,-1.669301,0.784178549,0.064102307,-0.057027126,2.878771,7,-0.016891204,-1.689120431,-1.206514593,-1.206514593,0.000000000,manual_A_near_upright
real,BALANCE,17.240,-3.174001,7.514780,-1.621740,0.784229053,0.088031993,-0.055396774,2.858107,7,-0.016217395,-1.621739503,-1.158385359,-1.158385359,0.000000000,manual_A_near_upright
real,BALANCE,17.260,-3.053866,7.376857,-1.561684,0.784292125,0.111103716,-0.053300025,2.837592,7,-0.015616840,-1.561683978,-1.115488555,-1.115488555,0.000000000,manual_A_near_upright
real,BALANCE,17.281,-2.908107,7.205508,-1.489266,0.784365610,0.133179786,-0.050756050,2.817201,7,-0.014892655,-1.489265527,-1.063761090,-1.063761090,0.000000000,manual_A_near_upright
real,BALANCE,17.301,-2.737944,7.002191,-1.401834,0.784447148,0.154182051,-0.047786132,2.796901,7,-0.014018337,-1.401833730,-1.001309807,-1.001309807,0.000000000,manual_A_near_upright
real,BALANCE,17.322,-2.544871,6.768670,-1.310955,0.784533752,0.173748554,-0.044416380,2.776749,7,-0.013109548,-1.310954782,-0.936396273,-0.936396273,0.000000000,manual_A_near_upright
real,BALANCE,17.342,-2.330477,6.506911,-1.205886,0.784622903,0.191998929,-0.040674496,2.757147,7,-0.012058856,-1.205885635,-0.861346882,-0.861346882,0.000000000,manual_A_near_upright
real,BALANCE,17.372,-1.972572,6.066095,-1.028852,0.784754905,0.216467961,-0.034427871,2.728277,7,-0.010288520,-1.028852020,-0.734894300,-0.734894300,0.000000000,manual_A_near_upright
real,BALANCE,17.393,-1.712590,5.743685,-0.899268,0.784837449,0.230611864,-0.029890337,2.708542,7,-0.008992683,-0.899268344,-0.642334531,-0.642334531,0.000000000,manual_A_near_upright
real,BALANCE,17.413,-1.437957,5.401572,-0.763576,0.784912369,0.242869251,-0.025097089,2.689333,7,-0.007635762,-0.763576231,-0.545411593,-0.545411593,0.000000000,manual_A_near_upright
real,BALANCE,17.434,-1.150897,5.042611,-0.618596,0.784977214,0.253167603,-0.020086939,2.669801,7,-0.006185958,-0.618595819,-0.441854156,-0.441854156,0.000000000,manual_A_near_upright
real,BALANCE,17.454,-0.853784,4.669824,-0.469170,0.785029638,0.261344295,-0.014901337,2.650687,7,-0.004691699,-0.469169889,-0.335121349,-0.335121349,0.000000000,manual_A_near_upright
real,BALANCE,17.475,-0.549119,4.286369,-0.313828,0.785067826,0.267323480,-0.009583927,2.631460,7,-0.003138275,-0.313827519,-0.224162513,-0.224162513,0.000000000,manual_A_near_upright
real,BALANCE,17.505,-0.083665,3.698351,-0.073927,0.785095473,0.271979477,-0.001460237,2.603527,7,-0.001557791,-0.155779143,-0.111270816,-0.111270816,0.000000000,manual_A_near_upright
real,BALANCE,17.526,0.228061,3.302820,0.206564,0.785091796,0.271525785,0.003980408,2.584852,7,0.002065642,0.206564237,0.147545884,0.147545884,0.000000000,manual_A_near_upright
real,BALANCE,17.546,0.534133,2.910126,0.357568,0.785063270,0.264726876,0.009322388,2.566214,7,0.003575676,0.357567579,0.255405414,0.255405414,0.000000000,manual_A_near_upright
real,BALANCE,17.567,0.829719,2.524651,0.487091,0.785019582,0.255306667,0.014481336,2.547932,7,0.004870910,0.487091033,0.347922166,0.347922166,0.000000000,manual_A_near_upright
real,BALANCE,17.588,1.113513,2.149071,0.646886,0.784964968,0.244473955,0.019434468,2.529465,7,0.006468856,0.646885636,0.462061169,0.462061169,0.000000000,manual_A_near_upright
real,BALANCE,17.608,1.382840,1.786632,0.776893,0.784899536,0.231202103,0.024135117,2.511261,7,0.007768934,0.776893367,0.554923833,0.554923833,0.000000000,manual_A_near_upright
real,BALANCE,17.629,1.635475,1.440279,0.901135,0.784827143,0.216213573,0.028544430,2.493147,7,0.009011349,0.901134875,0.643667768,0.643667768,0.000000000,manual_A_near_upright
real,BALANCE,17.649,1.869642,1.112647,1.016762,0.784750568,0.199665023,0.032631404,2.475334,7,0.010167621,1.016762112,0.726258651,0.726258651,0.000000000,manual_A_near_upright
real,BALANCE,17.670,2.083615,0.806227,1.119080,0.784672561,0.181661275,0.036365946,2.457550,7,0.011190804,1.119080424,0.799343160,0.799343160,0.000000000,manual_A_near_upright
real,BALANCE,17.691,2.275943,0.523254,1.210848,0.784596039,0.162465857,0.039722694,2.439713,7,0.012108479,1.210847888,0.864891348,0.864891348,0.000000000,manual_A_near_upright
real,BALANCE,17.711,2.445416,0.265705,1.290056,0.784523596,0.142255018,0.042680557,2.422195,7,0.012900558,1.290055817,0.921468440,0.921468440,0.000000000,manual_A_near_upright
real,BALANCE,17.732,2.591028,0.035314,1.357241,0.784457614,0.121222961,0.045221961,2.404683,7,0.013572408,1.357240835,0.969457739,0.969457739,0.000000000,manual_A_near_upright
real,BALANCE,17.753,2.711994,-0.166448,1.411965,0.784400156,0.099558300,0.047333222,2.387393,7,0.014119649,1.411964880,1.008546343,1.008546343,0.000000000,manual_A_near_upright
real,BALANCE,17.773,2.807742,-0.338376,1.454604,0.784352923,0.077440160,0.049004340,2.370111,7,0.014546045,1.454604455,1.039003182,1.039003182,0.000000000,manual_A_near_upright
real,BALANCE,17.794,2.877886,-0.479521,1.484299,0.784317223,0.055031256,0.050228585,2.353008,7,0.014842991,1.484299096,1.060213640,1.060213640,0.000000000,manual_A_near_upright
real,BALANCE,17.814,2.922243,-0.589204,1.501746,0.784293968,0.032512694,0.051002757,2.336117,7,0.015017461,1.501746124,1.072675803,1.072675803,0.000000000,manual_A_near_upright
real,BALANCE,17.835,2.940819,-0.667011,1.506744,0.784283636,0.010039616,0.051326981,2.319487,7,0.015067438,1.506743756,1.076245540,1.076245540,0.000000000,manual_A_near_upright
real,BALANCE,17.855,2.933797,-0.712786,1.500093,0.784286295,-0.012227866,0.051204423,2.302947,7,0.015000933,1.500093251,1.071495179,1.071495179,0.000000000,manual_A_near_upright
real,BALANCE,17.876,2.901528,-0.726630,1.481526,0.784301614,-0.034159513,0.050641214,2.286302,7,0.014815263,1.481526342,1.058233101,1.058233101,0.000000000,manual_A_near_upright
real,BALANCE,17.896,2.844543,-0.708903,1.452188,0.784328858,-0.055566506,0.049646645,2.270196,7,0.014521885,1.452188479,1.037277485,1.037277485,0.000000000,manual_A_near_upright
real,BALANCE,17.916,2.763516,-0.660204,1.410688,0.784366991,-0.076380690,0.048232453,2.253793,7,0.014332683,1.433268324,1.023763089,1.023763089,0.000000000,manual_A_near_upright
real,BALANCE,17.937,2.659238,-0.581354,1.357186,0.784414644,-0.096443946,0.046412461,2.237674,7,0.013848406,1.384840560,0.989171829,0.989171829,0.000000000,manual_A_near_upright
real,BALANCE,17.958,2.532720,-0.473439,1.294151,0.784470132,-0.115594742,0.044204296,2.221567,7,0.012941506,1.294150638,0.924393313,0.924393313,0.000000000,manual_A_near_upright
real,BALANCE,17.988,2.303746,-0.259972,1.179243,0.784563923,-0.142366513,0.040207953,2.198276,7,0.011792428,1.179242776,0.842316268,0.842316268,0.000000000,manual_A_near_upright
real,BALANCE,18.009,2.126850,-0.085540,1.088313,0.784630555,-0.158804071,0.037120541,2.182340,7,0.010883127,1.088312744,0.777366245,0.777366245,0.000000000,manual_A_near_upright
real,BALANCE,18.039,1.828934,0.219695,0.944302,0.784730746,-0.180724633,0.031920917,2.159318,7,0.009443023,0.944302314,0.674501653,0.674501653,0.000000000,manual_A_near_upright
real,BALANCE,18.059,1.611013,0.449241,0.834694,0.784794782,-0.193575662,0.028117480,2.143896,7,0.008346940,0.834693970,0.596209978,0.596209978,0.000000000,manual_A_near_upright
real,BALANCE,18.080,1.379698,0.697024,0.718466,0.784854022,-0.204807907,0.024080271,2.128583,7,0.007184662,0.718466217,0.513190155,0.513190155,0.000000000,manual_A_near_upright
real,BALANCE,18.110,1.011897,1.097528,0.532699,0.784929588,-0.218393689,0.017660936,2.106286,7,0.005326995,0.532699481,0.380499629,0.380499629,0.000000000,manual_A_near_upright
real,BALANCE,18.131,0.755837,1.379958,0.403817,0.784968636,-0.225155303,0.013191841,2.090873,7,0.004038173,0.403817253,0.288440895,0.288440895,0.000000000,manual_A_near_upright
real,BALANCE,18.161,0.360885,1.819920,0.200413,0.785006902,-0.231671099,0.006298626,2.068630,7,0.002004129,0.200412872,0.143152052,0.143152052,0.000000000,manual_A_near_upright
real,BALANCE,18.182,0.093718,2.119937,0.062331,0.785017508,-0.233469937,0.001635690,2.053675,7,0.000623314,0.062331448,0.044522463,0.044522463,0.000000000,manual_A_near_upright
real,BALANCE,18.203,-0.173671,2.421866,-0.158935,0.785015221,-0.232929233,-0.003031132,2.038920,7,-0.001589347,-0.158934655,-0.113524754,-0.113524754,0.000000000,manual_A_near_upright
real,BALANCE,18.233,-0.564760,2.869485,-0.347679,0.784980831,-0.223547121,-0.009856926,2.017321,7,-0.003476794,-0.347679370,-0.248342407,-0.248342407,0.000000000,manual_A_near_upright
real,BALANCE,18.254,-0.814012,3.159492,-0.478558,0.784945466,-0.215097428,-0.014207198,2.002741,7,-0.004785584,-0.478558392,-0.341827423,-0.341827423,0.000000000,manual_A_near_upright
real,BALANCE,18.274,-1.052195,3.439847,-0.604433,0.784901686,-0.204848890,-0.018364272,1.988282,7,-0.006044330,-0.604433046,-0.431737890,-0.431737890,0.000000000,manual_A_near_upright
real,BALANCE,18.295,-1.277026,3.707803,-0.713576,0.784851141,-0.192745640,-0.022288314,1.973982,7,-0.007135764,-0.713576400,-0.509697428,-0.509697428,0.000000000,manual_A_near_upright
real,BALANCE,18.325,-1.585545,4.081296,-0.867319,0.784768015,-0.171940347,-0.027672988,1.953142,7,-0.008673194,-0.867319434,-0.619513882,-0.619513882,0.000000000,manual_A_near_upright
real,BALANCE,18.346,-1.769817,4.308123,-0.956228,0.784710720,-0.156450372,-0.030889127,1.939009,7,-0.009562281,-0.956228061,-0.683020043,-0.683020043,0.000000000,manual_A_near_upright
real,BALANCE,18.366,-1.935443,4.514928,-1.036165,0.784654425,-0.139895269,-0.033779845,1.925089,7,-0.010361647,-1.036164709,-0.740117649,-0.740117649,0.000000000,manual_A_near_upright
real,BALANCE,18.387,-2.081315,4.699975,-1.105582,0.784601079,-0.122422579,-0.036325796,1.911305,7,-0.011055816,-1.105581597,-0.789701140,-0.789701140,0.000000000,manual_A_near_upright
real,BALANCE,18.417,-2.261145,4.933506,-1.189304,0.784530452,-0.094845297,-0.039464420,1.891091,7,-0.011893045,-1.189304459,-0.849503185,-0.849503185,0.000000000,manual_A_near_upright
real,BALANCE,18.438,-2.354056,5.058039,-1.231216,0.784491839,-0.075812823,-0.041086029,1.877263,7,-0.012312157,-1.231215690,-0.879439779,-0.879439779,0.000000000,manual_A_near_upright
real,BALANCE,18.459,-2.424873,5.156532,-1.263241,0.784461375,-0.056450098,-0.042322026,1.863662,7,-0.012632408,-1.263240801,-0.902314858,-0.902314858,0.000000000,manual_A_near_upright
real,BALANCE,18.479,-2.473310,5.228269,-1.284224,0.784439891,-0.036871015,-0.043167405,1.850649,7,-0.012842243,-1.284224341,-0.917303101,-0.917303101,0.000000000,manual_A_near_upright
real,BALANCE,18.500,-2.499243,5.272763,-1.292835,0.784427936,-0.017231832,-0.043620013,1.837397,7,-0.012928354,-1.292835382,-0.923453844,-0.923453844,0.000000000,manual_A_near_upright
real,BALANCE,18.520,-2.502761,5.289778,-1.292043,0.784425718,0.002279159,-0.043681420,1.824223,7,-0.012920429,-1.292042943,-0.922887816,-0.922887816,0.000000000,manual_A_near_upright
real,BALANCE,18.541,-2.484128,5.279316,-1.281405,0.784433102,0.021528038,-0.043356216,1.810902,7,-0.012814049,-1.281404861,-0.915289187,-0.915289187,0.000000000,manual_A_near_upright
real,BALANCE,18.561,-2.443708,5.241579,-1.259293,0.784449692,0.040443548,-0.042650754,1.798020,7,-0.012592928,-1.259292773,-0.899494838,-0.899494838,0.000000000,manual_A_near_upright
real,BALANCE,18.582,-2.382001,5.176981,-1.225997,0.784474801,0.058864908,-0.041573764,1.784925,7,-0.012259971,-1.225997137,-0.875712241,-0.875712241,0.000000000,manual_A_near_upright
real,BALANCE,18.602,-2.299717,5.086186,-1.184115,0.784507451,0.076636448,-0.040137635,1.772002,7,-0.012063751,-1.206375078,-0.861696484,-0.861696484,0.000000000,manual_A_near_upright
real,BALANCE,18.623,-2.197667,4.970048,-1.132042,0.784546480,0.093672888,-0.038356533,1.759165,7,-0.011320422,-1.132042202,-0.808601573,-0.808601573,0.000000000,manual_A_near_upright
real,BALANCE,18.644,-2.076805,4.829625,-1.071380,0.784590510,0.109839663,-0.036247088,1.746620,7,-0.010713805,-1.071380454,-0.765271753,-0.765271753,0.000000000,manual_A_near_upright
real,BALANCE,18.674,-1.862635,4.576245,-0.963679,0.784662619,0.132243285,-0.032509110,1.728362,7,-0.009636789,-0.963678913,-0.688342081,-0.688342081,0.000000000,manual_A_near_upright
real,BALANCE,18.694,-1.699742,4.380989,-0.881516,0.784712334,0.145767631,-0.029666093,1.716123,7,-0.008815159,-0.881515937,-0.629654240,-0.629654240,0.000000000,manual_A_near_upright
real,BALANCE,18.715,-1.522392,4.166632,-0.792166,0.784761379,0.158025943,-0.026570754,1.703683,7,-0.007921660,-0.792165985,-0.565832846,-0.565832846,0.000000000,manual_A_near_upright
real,BALANCE,18.736,-1.332113,3.935039,-0.696365,0.784808101,0.168931900,-0.023249760,1.691370,7,-0.006963648,-0.696364788,-0.497403420,-0.497403420,0.000000000,manual_A_near_upright
real,BALANCE,18.756,-1.130520,3.688213,-0.594784,0.784850924,0.178400288,-0.019731302,1.679372,7,-0.005947845,-0.594784455,-0.424846039,-0.424846039,0.000000000,manual_A_near_upright
real,BALANCE,18.786,-0.810697,3.294108,-0.431947,0.784904718,0.189735105,-0.014149329,1.661744,7,-0.004319472,-0.431947209,-0.308533721,-0.308533721,0.000000000,manual_A_near_upright
real,BALANCE,18.807,-0.588538,3.018783,-0.317591,0.784931769,0.195237475,-0.010271921,1.649599,7,-0.003175913,-0.317591269,-0.226850907,-0.226850907,0.000000000,manual_A_near_upright
real,BALANCE,18.828,-0.361509,2.736186,-0.201162,0.784950612,0.199011879,-0.006309517,1.637710,7,-0.002011623,-0.201162291,-0.143687351,-0.143687351,0.000000000,manual_A_near_upright
real,BALANCE,18.858,-0.016215,2.304062,-0.021625,0.784962182,0.201368848,-0.000283002,1.620135,7,-0.000216253,-0.021625255,-0.015446611,-0.015446611,0.000000000,manual_A_near_upright
real,BALANCE,18.879,0.213874,2.014304,0.173272,0.784957451,0.200115582,0.003732806,1.608465,7,0.001732715,0.173271539,0.123765385,0.123765385,0.000000000,manual_A_near_upright
real,BALANCE,18.899,0.439050,1.727299,0.269381,0.784940283,0.194810260,0.007662871,1.596981,7,0.002693806,0.269380626,0.192414733,0.192414733,0.000000000,manual_A_near_upright
real,BALANCE,18.920,0.656837,1.445767,0.378704,0.784915819,0.188151307,0.011463968,1.585552,7,0.003787040,0.378704033,0.270502881,0.270502881,0.000000000,manual_A_near_upright
real,BALANCE,18.950,0.966505,1.038522,0.541492,0.784867129,0.175325732,0.016868693,1.568720,7,0.005414921,0.541492142,0.386780102,0.386780102,0.000000000,manual_A_near_upright
real,BALANCE,18.971,1.158820,0.780483,0.636806,0.784828421,0.164830186,0.020225227,1.557327,7,0.006368065,0.636806492,0.454861780,0.454861780,0.000000000,manual_A_near_upright
real,BALANCE,18.992,1.338058,0.535644,0.726887,0.784786729,0.153075739,0.023353526,1.546014,7,0.007268867,0.726886677,0.519204769,0.519204769,0.000000000,manual_A_near_upright
real,BALANCE,19.013,1.502830,0.305939,0.807964,0.784743581,0.140137545,0.026229324,1.534789,7,0.008079638,0.807963776,0.577116983,0.577116983,0.000000000,manual_A_near_upright
real,BALANCE,19.043,1.720248,-0.006441,0.913152,0.784679680,0.118879057,0.030023992,1.518582,7,0.009131524,0.913152389,0.652251707,0.652251707,0.000000000,manual_A_near_upright
real,BALANCE,19.063,1.843929,-0.191022,0.973099,0.784639817,0.103691822,0.032182627,1.507772,7,0.009730992,0.973099239,0.695070885,0.695070885,0.000000000,manual_A_near_upright
real,BALANCE,19.084,1.949659,-0.355132,1.025306,0.784603728,0.087873109,0.034027965,1.496897,7,0.010253063,1.025306334,0.732361667,0.732361667,0.000000000,manual_A_near_upright
real,BALANCE,19.114,2.073155,-0.560520,1.079237,0.784559089,0.063112708,0.036183373,1.481226,7,0.010792369,1.079236853,0.770883467,0.770883467,0.000000000,manual_A_near_upright
real,BALANCE,19.135,2.131504,-0.669044,1.107017,0.784537057,0.046261096,0.037201761,1.470497,7,0.011070171,1.107017103,0.790726502,0.790726502,0.000000000,manual_A_near_upright
real,BALANCE,19.155,2.170353,-0.754118,1.122890,0.784521921,0.029200967,0.037879814,1.459982,7,0.011228903,1.122890318,0.802064513,0.802064513,0.000000000,manual_A_near_upright
real,BALANCE,19.176,2.189622,-0.815351,1.130206,0.784514078,0.012120286,0.038216114,1.449353,7,0.011302064,1.130206430,0.807290307,0.807290307,0.000000000,manual_A_near_upright
real,BALANCE,19.206,2.182013,-0.862154,1.122475,0.784516183,-0.013277458,0.038083315,1.434153,7,0.011270112,1.127011213,0.805008009,0.805008009,0.000000000,manual_A_near_upright
real,BALANCE,19.227,2.152981,-0.863430,1.107372,0.784526566,-0.029867083,0.037576604,1.423708,7,0.011073719,1.107371938,0.790979956,0.790979956,0.000000000,manual_A_near_upright
real,BALANCE,19.248,2.105258,-0.841104,1.082467,0.784543630,-0.046067862,0.036743676,1.413454,7,0.010824674,1.082467368,0.773190977,0.773190977,0.000000000,manual_A_near_upright
real,BALANCE,19.268,2.039361,-0.795664,1.047890,0.784566726,-0.061776989,0.035593565,1.403110,7,0.010478904,1.047890386,0.748493133,0.748493133,0.000000000,manual_A_near_upright
real,BALANCE,19.289,1.955948,-0.727789,1.003700,0.784595008,-0.076867727,0.034137727,1.393095,7,0.010036998,1.003699812,0.716928437,0.716928437,0.000000000,manual_A_near_upright
real,BALANCE,19.310,1.855918,-0.638394,0.954730,0.784627402,-0.091164305,0.032391876,1.382905,7,0.009547297,0.954729682,0.681949773,0.681949773,0.000000000,manual_A_near_upright
real,BALANCE,19.330,1.740137,-0.528498,0.894818,0.784662869,-0.104678928,0.030371116,1.372958,7,0.008948182,0.894818167,0.639155834,0.639155834,0.000000000,manual_A_near_upright
real,BALANCE,19.351,1.609661,-0.399319,0.828890,0.784700125,-0.117227730,0.028093886,1.363026,7,0.008288900,0.828889999,0.592064285,0.592064285,0.000000000,manual_A_near_upright
real,BALANCE,19.372,1.465658,-0.252232,0.756086,0.784737920,-0.128742802,0.025580549,1.353138,7,0.007560861,0.756086109,0.540061506,0.540061506,0.000000000,manual_A_near_upright
real,BALANCE,19.392,1.309384,-0.088752,0.676594,0.784774966,-0.139130354,0.022853059,1.343524,7,0.006765942,0.676594233,0.483281595,0.483281595,0.000000000,manual_A_near_upright
real,BALANCE,19.413,1.142143,0.089496,0.589609,0.784810053,-0.148336191,0.019934153,1.334077,7,0.005896085,0.589608533,0.421148952,0.421148952,0.000000000,manual_A_near_upright
real,BALANCE,19.433,0.965562,0.280654,0.503108,0.784841808,-0.156146779,0.016852227,1.324508,7,0.005031081,0.503108100,0.359362928,0.359362928,0.000000000,manual_A_near_upright
real,BALANCE,19.453,0.781051,0.482895,0.406808,0.784869422,-0.162696563,0.013631908,1.315254,7,0.004068079,0.406807888,0.290577063,0.290577063,0.000000000,manual_A_near_upright
real,BALANCE,19.473,0.590257,0.694221,0.309834,0.784891763,-0.167768418,0.010301927,1.305772,7,0.003098339,0.309833890,0.221309921,0.221309921,0.000000000,manual_A_near_upright
real,BALANCE,19.494,0.394865,0.912567,0.208876,0.784908164,-0.171378915,0.006891699,1.296378,7,0.002088764,0.208876368,0.149197405,0.149197405,0.000000000,manual_A_near_upright
real,BALANCE,19.515,0.196599,1.135810,0.105830,0.784918040,-0.173457817,0.003431307,1.287076,7,0.001058301,0.105830137,0.075592955,0.075592955,0.000000000,manual_A_near_upright
real,BALANCE,19.536,-0.002743,1.361768,0.000939,0.784921056,-0.173965888,-0.000047873,1.277747,7,0.000009390,0.000939045,0.000670746,0.000670746,0.000000000,manual_A_near_upright
real,BALANCE,19.556,-0.201114,1.588123,-0.159921,0.784916458,-0.172391456,-0.003510103,1.268539,7,-0.001599212,-0.159921211,-0.114229437,-0.114229437,0.000000000,manual_A_near_upright
real,BALANCE,19.577,-0.404509,1.822937,-0.249598,0.784902276,-0.167373073,-0.007060014,1.259532,7,-0.002495975,-0.249597544,-0.178283960,-0.178283960,0.000000000,manual_A_near_upright
real,BALANCE,19.597,-0.582163,2.030628,-0.334292,0.784884230,-0.161621051,-0.010160669,1.250577,7,-0.003342918,-0.334291803,-0.238779859,-0.238779859,0.000000000,manual_A_near_upright
real,BALANCE,19.617,-0.761602,2.242607,-0.434366,0.784860812,-0.154497636,-0.013292466,1.241649,7,-0.004343659,-0.434365932,-0.310261380,-0.310261380,0.000000000,manual_A_near_upright
real,BALANCE,19.638,-0.931630,2.445762,-0.521784,0.784833303,-0.145923206,-0.016260004,1.232673,7,-0.005217837,-0.521783663,-0.372702616,-0.372702616,0.000000000,manual_A_near_upright
real,BALANCE,19.658,-1.090748,2.638188,-0.597348,0.784802923,-0.136038746,-0.019037146,1.223857,7,-0.005973485,-0.597348468,-0.426677477,-0.426677477,0.000000000,manual_A_near_upright
real,BALANCE,19.679,-1.237713,2.818166,-0.671072,0.784771138,-0.125192117,-0.021602171,1.215082,7,-0.006710716,-0.671071565,-0.479336832,-0.479336832,0.000000000,manual_A_near_upright
real,BALANCE,19.699,-1.371508,2.984162,-0.741010,0.784739081,-0.113465266,-0.023937334,1.206428,7,-0.007410099,-0.741009852,-0.529292751,-0.529292751,0.000000000,manual_A_near_upright
real,BALANCE,19.720,-1.491062,3.134703,-0.795885,0.784707746,-0.100764696,-0.026023945,1.197741,7,-0.007958852,-0.795885172,-0.568489408,-0.568489408,0.000000000,manual_A_near_upright
real,BALANCE,19.740,-1.595479,3.268488,-0.845032,0.784678439,-0.087416547,-0.027846367,1.189199,7,-0.008450316,-0.845031604,-0.603594003,-0.603594003,0.000000000,manual_A_near_upright
real,BALANCE,19.761,-1.684202,3.384475,-0.889107,0.784652132,-0.073566435,-0.029394878,1.180636,7,-0.008891069,-0.889106862,-0.635076330,-0.635076330,0.000000000,manual_A_near_upright
real,BALANCE,19.781,-1.756623,3.481705,-0.922761,0.784629621,-0.059219835,-0.030658857,1.172375,7,-0.009227609,-0.922760871,-0.659114908,-0.659114908,0.000000000,manual_A_near_upright
real,BALANCE,19.811,-1.833836,3.590770,-0.957784,0.784604549,-0.037156331,-0.032006482,1.160001,7,-0.009577838,-0.957783780,-0.684131271,-0.684131271,0.000000000,manual_A_near_upright
real,BALANCE,19.832,-1.864047,3.638189,-0.970515,0.784594334,-0.022261221,-0.032533761,1.151656,7,-0.009705146,-0.970514633,-0.693224738,-0.693224738,0.000000000,manual_A_near_upright
real,BALANCE,19.852,-1.877174,3.664997,-0.975560,0.784589634,-0.007362921,-0.032762869,1.143436,7,-0.009755598,-0.975559832,-0.696828451,-0.696828451,0.000000000,manual_A_near_upright
real,BALANCE,19.873,-1.873288,3.671063,-0.971235,0.784590510,0.007451622,-0.032695051,1.135157,7,-0.009712345,-0.971234537,-0.693738955,-0.693738955,0.000000000,manual_A_near_upright
real,BALANCE,19.894,-1.851161,3.655180,-0.960584,0.784597280,0.022737806,-0.032308849,1.126928,7,-0.009605843,-0.960584336,-0.686131668,-0.686131668,0.000000000,manual_A_near_upright
real,BALANCE,19.914,-1.815492,3.621366,-0.939930,0.784608299,0.036303845,-0.031686317,1.118916,7,-0.009399302,-0.939930217,-0.671378726,-0.671378726,0.000000000,manual_A_near_upright
real,BALANCE,19.934,-1.759237,3.562916,-0.909429,0.784625395,0.050868922,-0.030704483,1.110965,7,-0.009094291,-0.909429094,-0.649592210,-0.649592210,0.000000000,manual_A_near_upright
real,BALANCE,19.955,-1.693690,3.491513,-0.875904,0.784644687,0.063479167,-0.029560469,1.103011,7,-0.008759040,-0.875904038,-0.625645742,-0.625645742,0.000000000,manual_A_near_upright
real,BALANCE,19.975,-1.610351,3.398061,-0.832620,0.784668237,0.076180424,-0.028105924,1.095180,7,-0.008326202,-0.832620226,-0.594728733,-0.594728733,0.000000000,manual_A_near_upright
real,BALANCE,20.006,-1.459407,3.224603,-0.756513,0.784707910,0.093803301,-0.025471450,1.083421,7,-0.007565126,-0.756512637,-0.540366169,-0.540366169,0.000000000,manual_A_near_upright
real,BALANCE,20.026,-1.336713,3.081111,-0.690223,0.784737418,0.105122249,-0.023330041,1.075731,7,-0.006902234,-0.690223380,-0.493016700,-0.493016700,0.000000000,manual_A_near_upright
real,BALANCE,20.046,-1.214803,2.936991,-0.629873,0.784764085,0.114325678,-0.021202313,1.068100,7,-0.006298731,-0.629873137,-0.449909383,-0.449909383,0.000000000,manual_A_near_upright
real,BALANCE,20.067,-1.076457,2.771967,-0.560443,0.784791313,0.123050277,-0.018787727,1.060461,7,-0.005604425,-0.560442512,-0.400316080,-0.400316080,0.000000000,manual_A_near_upright
real,BALANCE,20.087,-0.929006,2.594718,-0.485890,0.784816738,0.130688667,-0.016214218,1.052855,7,-0.004858901,-0.485890083,-0.347064345,-0.347064345,0.000000000,manual_A_near_upright
real,BALANCE,20.108,-0.773719,2.406808,-0.405574,0.784839519,0.137201428,-0.013503947,1.045347,7,-0.004055735,-0.405573523,-0.289695374,-0.289695374,0.000000000,manual_A_near_upright
real,BALANCE,20.129,-0.611969,2.209905,-0.320713,0.784858852,0.142508720,-0.010680868,1.037778,7,-0.003207130,-0.320712974,-0.229080696,-0.229080696,0.000000000,manual_A_near_upright
real,BALANCE,20.149,-0.445274,2.005800,-0.237430,0.784873946,0.146454801,-0.007771498,1.030343,7,-0.002374299,-0.237429862,-0.169592758,-0.169592758,0.000000000,manual_A_near_upright
real,BALANCE,20.170,-0.275014,1.796254,-0.143924,0.784884585,0.149252280,-0.004799900,1.022932,7,-0.001439242,-0.143924204,-0.102803003,-0.102803003,0.000000000,manual_A_near_upright
real,BALANCE,20.190,-0.102809,1.583175,-0.059088,0.784889958,0.150491007,-0.001794355,1.015718,7,-0.000590876,-0.059087606,-0.042205433,-0.042205433,0.000000000,manual_A_near_upright
real,BALANCE,20.210,0.069735,1.368482,0.055363,0.784890263,0.150460346,0.001217101,1.008442,7,0.000553629,0.055362931,0.039544951,0.039544951,0.000000000,manual_A_near_upright
real,BALANCE,20.231,0.240478,1.154353,0.161057,0.784884266,0.148089471,0.004197138,1.001192,7,0.001610569,0.161056891,0.115040637,0.115040637,0.000000000,manual_A_near_upright
real,BALANCE,20.251,0.406730,0.943222,0.236261,0.784872808,0.143783436,0.007098775,0.994117,7,0.002362605,0.236260512,0.168757508,0.168757508,0.000000000,manual_A_near_upright
real,BALANCE,20.272,0.567211,0.736844,0.324125,0.784857537,0.138532942,0.009899707,0.987006,7,0.003241253,0.324125329,0.231518092,0.231518092,0.000000000,manual_A_near_upright
real,BALANCE,20.292,0.720596,0.536962,0.400222,0.784838572,0.131913903,0.012576772,0.979945,7,0.004002222,0.400222194,0.285872996,0.285872996,0.000000000,manual_A_near_upright
real,BALANCE,20.312,0.872520,0.335955,0.478043,0.784815858,0.123851570,0.015228351,0.972980,7,0.004780429,0.478042854,0.341459181,0.341459181,0.000000000,manual_A_near_upright
real,BALANCE,20.344,1.064388,0.076664,0.572590,0.784781408,0.110811019,0.018577081,0.962596,7,0.005725895,0.572589546,0.408992533,0.408992533,0.000000000,manual_A_near_upright
real,BALANCE,20.373,1.238142,-0.165136,0.661524,0.784744891,0.095535841,0.021609655,0.952562,7,0.006615236,0.661523609,0.472516864,0.472516864,0.000000000,manual_A_near_upright
real,BALANCE,20.393,1.338368,-0.309237,0.707823,0.784721412,0.084352041,0.023358920,0.945759,7,0.007078235,0.707823457,0.505588183,0.505588183,0.000000000,manual_A_near_upright
real,BALANCE,20.414,1.425404,-0.438454,0.753173,0.784699717,0.072700536,0.024877985,0.938983,7,0.007531727,0.753172655,0.537980468,0.537980468,0.000000000,manual_A_near_upright
real,BALANCE,20.435,1.498580,-0.551820,0.786108,0.784680409,0.060457680,0.026155153,0.932213,7,0.007861075,0.786107511,0.561505365,0.561505365,0.000000000,manual_A_near_upright
real,BALANCE,20.455,1.560023,-0.652959,0.815165,0.784663498,0.047274365,0.027227538,0.925545,7,0.008151655,0.815165485,0.582261061,0.582261061,0.000000000,manual_A_near_upright
real,BALANCE,20.485,1.618336,-0.761246,0.842131,0.784646758,0.028615556,0.028245285,0.915910,7,0.008421309,0.842130902,0.601522073,0.601522073,0.000000000,manual_A_near_upright
real,BALANCE,20.505,1.640320,-0.814092,0.851630,0.784640176,0.015606984,0.028628988,0.909265,7,0.008475287,0.847528720,0.605377657,0.605377657,0.000000000,manual_A_near_upright
real,BALANCE,20.526,1.647401,-0.848843,0.853473,0.784637838,0.002606757,0.028752570,0.902800,7,0.008534726,0.853472567,0.609623262,0.609623262,0.000000000,manual_A_near_upright
real,BALANCE,20.546,1.639663,-0.865425,0.847923,0.784639754,-0.010283081,0.028617510,0.896390,7,0.008479227,0.847922719,0.605659085,0.605659085,0.000000000,manual_A_near_upright
real,BALANCE,20.567,1.617323,-0.863927,0.835843,0.784645786,-0.022951953,0.028227615,0.889918,7,0.008358431,0.835843075,0.597030768,0.597030768,0.000000000,manual_A_near_upright
real,BALANCE,20.588,1.580724,-0.844600,0.817073,0.784655658,-0.035301794,0.027588840,0.883576,7,0.008170726,0.817072554,0.583623253,0.583623253,0.000000000,manual_A_near_upright
real,BALANCE,20.608,1.527404,-0.805536,0.787986,0.784669742,-0.047867308,0.026658230,0.877171,7,0.007879857,0.787985696,0.562846926,0.562846926,0.000000000,manual_A_near_upright
real,BALANCE,20.628,1.466510,-0.754128,0.756240,0.784685283,-0.058761866,0.025595429,0.871077,7,0.007562403,0.756240323,0.540171659,0.540171659,0.000000000,manual_A_near_upright
real,BALANCE,20.659,1.347274,-0.643367,0.694454,0.784713933,-0.074852497,0.023514361,0.861881,7,0.006944535,0.694453506,0.496038219,0.496038219,0.000000000,manual_A_near_upright
real,BALANCE,20.679,1.253296,-0.550673,0.648729,0.784734801,-0.084668498,0.021874148,0.855624,7,0.006487288,0.648728833,0.463377738,0.463377738,0.000000000,manual_A_near_upright
real,BALANCE,20.700,1.148603,-0.443986,0.592832,0.784756347,-0.093798274,0.020046909,0.849452,7,0.005928320,0.592831986,0.423451419,0.423451419,0.000000000,manual_A_near_upright
real,BALANCE,20.720,1.034176,-0.324433,0.532060,0.784777748,-0.102063142,0.018049777,0.843462,7,0.005320600,0.532059977,0.380042841,0.380042841,0.000000000,manual_A_near_upright
real,BALANCE,20.741,0.911096,-0.193261,0.471352,0.784798188,-0.109313691,0.015901627,0.837415,7,0.004713519,0.471351917,0.336679941,0.336679941,0.000000000,manual_A_near_upright
real,BALANCE,20.761,0.773751,-0.044468,0.399049,0.784817993,-0.115946308,0.013504507,0.831354,7,0.003990488,0.399048826,0.285034876,0.285034876,0.000000000,manual_A_near_upright
real,BALANCE,20.781,0.643467,0.098567,0.333237,0.784833738,-0.120916706,0.011230624,0.825518,7,0.003332369,0.333236892,0.238026351,0.238026351,0.000000000,manual_A_near_upright
real,BALANCE,20.802,0.501322,0.256330,0.260305,0.784847578,-0.125098892,0.008749716,0.819560,7,0.002603054,0.260305430,0.185932450,0.185932450,0.000000000,manual_A_near_upright
real,BALANCE,20.822,0.355276,0.419965,0.181136,0.784858225,-0.128227299,0.006200738,0.813819,7,0.001811362,0.181136172,0.129382980,0.129382980,0.000000000,manual_A_near_upright
real,BALANCE,20.852,0.131753,0.672939,0.066409,0.784867171,-0.130583749,0.002299530,0.805218,7,0.000664090,0.066408968,0.047434977,0.047434977,0.000000000,manual_A_near_upright
real,BALANCE,20.873,-0.025534,0.852689,-0.022489,0.784868230,-0.130641857,-0.000445654,0.799337,7,0.000244279,0.024427948,0.017448535,0.017448535,0.000000000,manual_A_near_upright
real,BALANCE,20.893,-0.166741,1.015293,-0.118644,0.784865043,-0.129136451,-0.002910179,0.793757,7,-0.001186445,-0.118644479,-0.084746056,-0.084746056,0.000000000,manual_A_near_upright
real,BALANCE,20.914,-0.311982,1.184373,-0.187085,0.784857420,-0.125735399,-0.005445108,0.787989,7,-0.001870852,-0.187085184,-0.133632274,-0.133632274,0.000000000,manual_A_near_upright
real,BALANCE,20.934,-0.452512,1.349751,-0.259318,0.784846653,-0.121337262,-0.007897819,0.782388,7,-0.002593183,-0.259318341,-0.185227386,-0.185227386,0.000000000,manual_A_near_upright
real,BALANCE,20.955,-0.587135,1.509887,-0.329137,0.784833125,-0.115896586,-0.010247447,0.776755,7,-0.003291374,-0.329137368,-0.235098120,-0.235098120,0.000000000,manual_A_near_upright
real,BALANCE,20.975,-0.720853,1.670756,-0.398383,0.784816564,-0.109109592,-0.012581260,0.771176,7,-0.003983826,-0.398382589,-0.284558992,-0.284558992,0.000000000,manual_A_near_upright
real,BALANCE,20.996,-0.834067,1.808543,-0.453731,0.784800093,-0.102065042,-0.014557211,0.765646,7,-0.004537306,-0.453730644,-0.324093317,-0.324093317,0.000000000,manual_A_near_upright
real,BALANCE,21.026,-0.995789,2.008342,-0.536054,0.784772793,-0.089519581,-0.017379804,0.757547,7,-0.005360543,-0.536054311,-0.382895936,-0.382895936,0.000000000,manual_A_near_upright
real,BALANCE,21.047,-1.090729,2.127742,-0.582745,0.784754663,-0.080255852,-0.019036814,0.752099,7,-0.005827449,-0.582744938,-0.416246384,-0.416246384,0.000000000,manual_A_near_upright
real,BALANCE,21.077,-1.212150,2.283620,-0.643174,0.784729245,-0.065298937,-0.021156012,0.744196,7,-0.006431738,-0.643173825,-0.459409875,-0.459409875,0.000000000,manual_A_near_upright
real,BALANCE,21.097,-1.278269,2.370787,-0.675806,0.784714339,-0.054750283,-0.022310011,0.738909,7,-0.006758061,-0.675806111,-0.482718650,-0.482718650,0.000000000,manual_A_near_upright
real,BALANCE,21.118,-1.334300,2.446943,-0.702015,0.784701089,-0.043267699,-0.023287928,0.733567,7,-0.007020153,-0.702015340,-0.501439529,-0.501439529,0.000000000,manual_A_near_upright
real,BALANCE,21.139,-1.372919,2.501760,-0.719528,0.784691619,-0.032661177,-0.023961956,0.728241,7,-0.007195281,-0.719528063,-0.513948616,-0.513948616,0.000000000,manual_A_near_upright
real,BALANCE,21.159,-1.400965,2.544582,-0.732794,0.784684527,-0.021353792,-0.024451455,0.723033,7,-0.007327941,-0.732794122,-0.523424373,-0.523424373,0.000000000,manual_A_near_upright
real,BALANCE,21.180,-1.415969,2.571844,-0.738384,0.784680574,-0.009963466,-0.024713327,0.717810,7,-0.007383837,-0.738383679,-0.527416913,-0.527416913,0.000000000,manual_A_near_upright
real,BALANCE,21.201,-1.417959,2.583400,-0.738376,0.784679848,0.001377256,-0.024748058,0.712645,7,-0.007383760,-0.738375953,-0.527411395,-0.527411395,0.000000000,manual_A_near_upright
real,BALANCE,21.221,-1.407055,2.579237,-0.732888,0.784682314,0.012576726,-0.024557748,0.707547,7,-0.007328884,-0.732888402,-0.523491716,-0.523491716,0.000000000,manual_A_near_upright
real,BALANCE,21.242,-1.383477,2.559473,-0.719903,0.784687839,0.023587915,-0.024146227,0.702444,7,-0.007199025,-0.719902543,-0.514216102,-0.514216102,0.000000000,manual_A_near_upright
real,BALANCE,21.262,-1.347502,2.524347,-0.700137,0.784696194,0.034312740,-0.023518353,0.697387,7,-0.007001365,-0.700136535,-0.500097525,-0.500097525,0.000000000,manual_A_near_upright
real,BALANCE,21.283,-1.299542,2.474242,-0.674498,0.784707047,0.044653163,-0.022681280,0.692399,7,-0.006744985,-0.674498477,-0.481784626,-0.481784626,0.000000000,manual_A_near_upright
real,BALANCE,21.303,-1.240142,2.409689,-0.644412,0.784719970,0.054507009,-0.021644565,0.687510,7,-0.006444121,-0.644412139,-0.460294385,-0.460294385,0.000000000,manual_A_near_upright
real,BALANCE,21.333,-1.130854,2.287160,-0.587292,0.784742228,0.068293068,-0.019737126,0.680327,7,-0.005872923,-0.587292305,-0.419494503,-0.419494503,0.000000000,manual_A_near_upright
real,BALANCE,21.354,-1.045565,2.189482,-0.543120,0.784758182,0.076675584,-0.018248551,0.675424,7,-0.005431197,-0.543119702,-0.387942644,-0.387942644,0.000000000,manual_A_near_upright
real,BALANCE,21.374,-0.951263,2.080066,-0.494673,0.784774370,0.084337674,-0.016602672,0.670612,7,-0.004946726,-0.494672608,-0.353337577,-0.353337577,0.000000000,manual_A_near_upright
real,BALANCE,21.394,-0.848818,1.959923,-0.441628,0.784790230,0.091227448,-0.014814660,0.665783,7,-0.004416280,-0.441627999,-0.315448571,-0.315448571,0.000000000,manual_A_near_upright
real,BALANCE,21.415,-0.739168,1.830160,-0.385168,0.784805197,0.097276858,-0.012900919,0.661045,7,-0.003851676,-0.385167592,-0.275119709,-0.275119709,0.000000000,manual_A_near_upright
real,BALANCE,21.445,-0.563391,1.620091,-0.294268,0.784824864,0.104682751,-0.009833021,0.654126,7,-0.002942681,-0.294268064,-0.210191474,-0.210191474,0.000000000,manual_A_near_upright
real,BALANCE,21.466,-0.440220,1.471618,-0.230126,0.784835451,0.108435613,-0.007683283,0.649393,7,-0.002301258,-0.230125765,-0.164375546,-0.164375546,0.000000000,manual_A_near_upright
real,BALANCE,21.486,-0.313574,1.317972,-0.164492,0.784843578,0.111191708,-0.005472903,0.644736,7,-0.001644915,-0.164491530,-0.117493950,-0.117493950,0.000000000,manual_A_near_upright
real,BALANCE,21.507,-0.184573,1.160527,-0.094169,0.784849037,0.112996969,-0.003221398,0.640051,7,-0.000941693,-0.094169286,-0.067263776,-0.067263776,0.000000000,manual_A_near_upright
real,BALANCE,21.528,-0.054452,1.000733,-0.029341,0.784851470,0.113629937,-0.000950366,0.635363,7,-0.000293410,-0.029341034,-0.020957881,-0.020957881,0.000000000,manual_A_near_upright
real,BALANCE,21.549,0.075549,0.840053,0.056942,0.784850965,0.113253728,0.001318582,0.630755,7,0.000569423,0.056942252,0.040673037,0.040673037,0.000000000,manual_A_near_upright
real,BALANCE,21.569,0.203807,0.680138,0.127431,0.784846977,0.111197591,0.003557097,0.626226,7,0.001274309,0.127430883,0.091022059,0.091022059,0.000000000,manual_A_near_upright
real,BALANCE,21.590,0.328577,0.522686,0.186271,0.784840138,0.107923896,0.005734749,0.621693,7,0.001862709,0.186270909,0.133050649,0.133050649,0.000000000,manual_A_near_upright
real,BALANCE,21.611,0.448978,0.368978,0.251854,0.784831113,0.103875819,0.007836148,0.617139,7,0.002518537,0.251853697,0.179895498,0.179895498,0.000000000,manual_A_near_upright
real,BALANCE,21.632,0.563916,0.220369,0.310435,0.784820068,0.098834981,0.009842183,0.612636,7,0.003104351,0.310435137,0.221739383,0.221739383,0.000000000,manual_A_near_upright
real,BALANCE,21.652,0.672362,0.078149,0.365523,0.784807544,0.092954504,0.011734928,0.608195,7,0.003655231,0.365523060,0.261087900,0.261087900,0.000000000,manual_A_near_upright
real,BALANCE,21.673,0.773436,-0.056499,0.417218,0.784794048,0.086313358,0.013499004,0.603775,7,0.003919741,0.391974084,0.279981488,0.279981488,0.000000000,manual_A_near_upright
real,BALANCE,21.694,0.866301,-0.182462,0.463912,0.784780088,0.078961847,0.015119810,0.599382,7,0.004639123,0.463912326,0.331365947,0.331365947,0.000000000,manual_A_near_upright
real,BALANCE,21.715,0.950221,-0.298724,0.505938,0.784766198,0.070993354,0.016584491,0.595016,7,0.005059377,0.505937671,0.361384051,0.361384051,0.000000000,manual_A_near_upright
real,BALANCE,21.736,1.024556,-0.404371,0.542876,0.784752883,0.062487494,0.017881878,0.590695,7,0.005428758,0.542875820,0.387768443,0.387768443,0.000000000,manual_A_near_upright
real,BALANCE,21.756,1.088758,-0.498598,0.574495,0.784740617,0.053527089,0.019002411,0.586395,7,0.005593498,0.559349803,0.399535574,0.399535574,0.000000000,manual_A_near_upright
real,BALANCE,21.777,1.142377,-0.580711,0.600528,0.784729820,0.044197917,0.019938242,0.582170,7,0.005881843,0.588184330,0.420131664,0.420131664,0.000000000,manual_A_near_upright
real,BALANCE,21.798,1.185063,-0.650132,0.620964,0.784720854,0.034586249,0.020683256,0.577976,7,0.006209639,0.620963944,0.443545675,0.443545675,0.000000000,manual_A_near_upright
real,BALANCE,21.818,1.216564,-0.706404,0.635553,0.784714004,0.024779770,0.021233046,0.573935,7,0.006355528,0.635552788,0.453966277,0.453966277,0.000000000,manual_A_near_upright
real,BALANCE,21.838,1.236731,-0.749193,0.644699,0.784709475,0.014867074,0.021585034,0.569918,7,0.006446993,0.644699293,0.460499495,0.460499495,0.000000000,manual_A_near_upright
real,BALANCE,21.859,1.245504,-0.778283,0.648126,0.784707387,0.004920056,0.021738153,0.565777,7,0.006481260,0.648125975,0.462947125,0.462947125,0.000000000,manual_A_near_upright
real,BALANCE,21.889,1.237391,-0.796056,0.642204,0.784708884,-0.009875581,0.021596546,0.559714,7,0.006422042,0.642204202,0.458717287,0.458717287,0.000000000,manual_A_near_upright
real,BALANCE,21.910,1.218054,-0.790763,0.632851,0.784712853,-0.019502960,0.021259051,0.555733,7,0.006328510,0.632851027,0.452036448,0.452036448,0.000000000,manual_A_near_upright
real,BALANCE,21.931,1.187864,-0.771980,0.616630,0.784719016,-0.028913411,0.020732132,0.551657,7,0.006166302,0.616630194,0.440450139,0.440450139,0.000000000,manual_A_near_upright
real,BALANCE,21.962,1.122975,-0.719228,0.582076,0.784731822,-0.042392485,0.019599604,0.545716,7,0.005820764,0.582076398,0.415768855,0.415768855,0.000000000,manual_A_near_upright
real,BALANCE,21.982,1.067330,-0.668359,0.552898,0.784742258,-0.050845232,0.018628416,0.541826,7,0.005528980,0.552898013,0.394927152,0.394927152,0.000000000,manual_A_near_upright
real,BALANCE,22.003,1.002408,-0.605609,0.519121,0.784753775,-0.058795978,0.017495321,0.537894,7,0.005191208,0.519120798,0.370800570,0.370800570,0.000000000,manual_A_near_upright
real,BALANCE,22.024,0.928841,-0.531677,0.480959,0.784765957,-0.066178577,0.016211337,0.534018,7,0.004809593,0.480959340,0.343542386,0.343542386,0.000000000,manual_A_near_upright
real,BALANCE,22.044,0.847329,-0.447357,0.438767,0.784778369,-0.072935970,0.014788686,0.530129,7,0.004387668,0.438766840,0.313404886,0.313404886,0.000000000,manual_A_near_upright
real,BALANCE,22.065,0.758633,-0.353526,0.392706,0.784790576,-0.079013011,0.013240646,0.526315,7,0.003927065,0.392706470,0.280504622,0.280504622,0.000000000,manual_A_near_upright
real,BALANCE,22.085,0.663580,-0.251147,0.343516,0.784802145,-0.084353391,0.011581662,0.522546,7,0.003435158,0.343515809,0.245368435,0.245368435,0.000000000,manual_A_near_upright
real,BALANCE,22.106,0.563049,-0.141253,0.291452,0.784812679,-0.088919009,0.009827055,0.518741,7,0.002914517,0.291451673,0.208179766,0.208179766,0.000000000,manual_A_near_upright
real,BALANCE,22.127,0.457957,-0.024937,0.236834,0.784821817,-0.092670557,0.007992859,0.514947,7,0.002368343,0.236834316,0.169167369,0.169167369,0.000000000,manual_A_near_upright
real,BALANCE,22.148,0.349271,0.096650,0.180196,0.784829244,-0.095570280,0.006095934,0.511228,7,0.001801965,0.180196487,0.128711777,0.128711777,0.000000000,manual_A_near_upright
real,BALANCE,22.168,0.237992,0.222313,0.122210,0.784834710,-0.097589334,0.004153737,0.507539,7,0.001513444,0.151344424,0.108103160,0.108103160,0.000000000,manual_A_near_upright
real,BALANCE,22.189,0.125142,0.350823,0.063122,0.784838040,-0.098711518,0.002184148,0.503920,7,0.000631218,0.063121808,0.045087005,0.045087005,0.000000000,manual_A_near_upright
real,BALANCE,22.210,0.011764,0.480930,0.003851,0.784839133,-0.098921180,0.000205320,0.500250,7,0.000038506,0.003850614,0.002750439,0.002750439,0.000000000,manual_A_near_upright
real,BALANCE,22.231,-0.101041,0.611344,-0.072891,0.784837884,-0.098099782,-0.001763502,0.496606,7,-0.000728911,-0.072891080,-0.052065057,-0.052065057,0.000000000,manual_A_near_upright
real,BALANCE,22.261,-0.265823,0.804286,-0.153094,0.784831413,-0.094388167,-0.004639486,0.491363,7,-0.001530941,-0.153094107,-0.109352934,-0.109352934,0.000000000,manual_A_near_upright
real,BALANCE,22.281,-0.371214,0.929309,-0.209553,0.784824861,-0.090963206,-0.006478914,0.487857,7,-0.002095526,-0.209552602,-0.149680430,-0.149680430,0.000000000,manual_A_near_upright
real,BALANCE,22.302,-0.471989,1.050095,-0.261635,0.784816753,-0.086699050,-0.008237767,0.484327,7,-0.002616345,-0.261634519,-0.186881799,-0.186881799,0.000000000,manual_A_near_upright
real,BALANCE,22.323,-0.567235,1.165508,-0.310099,0.784807454,-0.081676646,-0.009900114,0.480804,7,-0.003100987,-0.310098668,-0.221499048,-0.221499048,0.000000000,manual_A_near_upright
real,BALANCE,22.344,-0.656160,1.274504,-0.355679,0.784797359,-0.075978182,-0.011452146,0.477311,7,-0.003556786,-0.355678556,-0.254056112,-0.254056112,0.000000000,manual_A_near_upright
real,BALANCE,22.364,-0.738024,1.376099,-0.397289,0.784786851,-0.069648816,-0.012880955,0.473935,7,-0.003972892,-0.397289234,-0.283778024,-0.283778024,0.000000000,manual_A_near_upright
real,BALANCE,22.385,-0.812163,1.469394,-0.434376,0.784776334,-0.062759526,-0.014174927,0.470504,7,-0.004343765,-0.434376464,-0.310268903,-0.310268903,0.000000000,manual_A_near_upright
real,BALANCE,22.405,-0.878003,1.553576,-0.467363,0.784766201,-0.055390944,-0.015324039,0.467121,7,-0.004673632,-0.467363177,-0.333830841,-0.333830841,0.000000000,manual_A_near_upright
real,BALANCE,22.426,-0.935048,1.627931,-0.495647,0.784756814,-0.047609408,-0.016319673,0.463753,7,-0.004956467,-0.495646694,-0.354033353,-0.354033353,0.000000000,manual_A_near_upright
real,BALANCE,22.446,-0.982888,1.691835,-0.519124,0.784748501,-0.039488460,-0.017154635,0.460458,7,-0.005191241,-0.519124070,-0.370802907,-0.370802907,0.000000000,manual_A_near_upright
real,BALANCE,22.467,-1.021197,1.744769,-0.537577,0.784741546,-0.031106605,-0.017823243,0.457131,7,-0.005375774,-0.537577429,-0.383983878,-0.383983878,0.000000000,manual_A_near_upright
real,BALANCE,22.488,-1.049742,1.786321,-0.551117,0.784736175,-0.022541503,-0.018321446,0.453816,7,-0.005511165,-0.551116508,-0.393654649,-0.393654649,0.000000000,manual_A_near_upright
real,BALANCE,22.508,-1.068372,1.816182,-0.559699,0.784732553,-0.013865067,-0.018646602,0.450602,7,-0.005596994,-0.559699408,-0.399785291,-0.399785291,0.000000000,manual_A_near_upright
real,BALANCE,22.528,-1.077019,1.834150,-0.562951,0.784730781,-0.005148636,-0.018797531,0.447400,7,-0.005629508,-0.562950805,-0.402107718,-0.402107718,0.000000000,manual_A_near_upright
real,BALANCE,22.549,-1.075705,1.840131,-0.561232,0.784730894,0.003524832,-0.018774601,0.444167,7,-0.005612317,-0.561231712,-0.400879794,-0.400879794,0.000000000,manual_A_near_upright
real,BALANCE,22.569,-1.064572,1.834157,-0.556501,0.784732849,0.012049124,-0.018580280,0.441001,7,-0.005565007,-0.556500697,-0.397500498,-0.397500498,0.000000000,manual_A_near_upright
real,BALANCE,22.590,-1.043777,1.816337,-0.544639,0.784736560,0.020438983,-0.018217338,0.437840,7,-0.005446393,-0.544639343,-0.389028102,-0.389028102,0.000000000,manual_A_near_upright
real,BALANCE,22.610,-1.013567,1.786884,-0.528223,0.784741869,0.028574708,-0.017690083,0.434718,7,-0.005282234,-0.528223411,-0.377302437,-0.377302437,0.000000000,manual_A_near_upright
real,BALANCE,22.631,-0.974300,1.746132,-0.507475,0.784748564,0.036385850,-0.017004741,0.431547,7,-0.005074755,-0.507475459,-0.362482471,-0.362482471,0.000000000,manual_A_near_upright
real,BALANCE,22.652,-0.926389,1.694503,-0.482299,0.784756391,0.043820129,-0.016168544,0.428433,7,-0.004822989,-0.482298878,-0.344499198,-0.344499198,0.000000000,manual_A_near_upright
real,BALANCE,22.672,-0.870318,1.632514,-0.452905,0.784765060,0.050815564,-0.015189913,0.425329,7,-0.004529053,-0.452905298,-0.323503784,-0.323503784,0.000000000,manual_A_near_upright
real,BALANCE,22.693,-0.806639,1.560770,-0.419735,0.784774252,0.057313119,-0.014078505,0.422265,7,-0.004197353,-0.419735266,-0.299810904,-0.299810904,0.000000000,manual_A_near_upright
real,BALANCE,22.714,-0.735965,1.479960,-0.382878,0.784783637,0.063261885,-0.012845013,0.419194,7,-0.003828778,-0.382877833,-0.273484166,-0.273484166,0.000000000,manual_A_near_upright
real,BALANCE,22.735,-0.658969,1.390853,-0.342883,0.784792877,0.068610062,-0.011501173,0.416157,7,-0.003428830,-0.342882974,-0.244916410,-0.244916410,0.000000000,manual_A_near_upright
real,BALANCE,22.755,-0.576373,1.294285,-0.300051,0.784801647,0.073317077,-0.010059604,0.413219,7,-0.003000507,-0.300050711,-0.214321936,-0.214321936,0.000000000,manual_A_near_upright
real,BALANCE,22.775,-0.488943,1.191153,-0.254406,0.784809641,0.077345319,-0.008533668,0.410267,7,-0.002544056,-0.254405574,-0.181718267,-0.181718267,0.000000000,manual_A_near_upright
real,BALANCE,22.796,-0.397494,1.082417,-0.206736,0.784816575,0.080650750,-0.006937575,0.407274,7,-0.002067362,-0.206736188,-0.147668706,-0.147668706,0.000000000,manual_A_near_upright
real,BALANCE,22.817,-0.302877,0.969082,-0.157477,0.784822212,0.083207877,-0.005286201,0.404319,7,-0.001574767,-0.157476656,-0.112483326,-0.112483326,0.000000000,manual_A_near_upright
real,BALANCE,22.838,-0.205965,0.852190,-0.106790,0.784826364,0.084998488,-0.003594759,0.401386,7,-0.001067904,-0.106790365,-0.076278832,-0.076278832,0.000000000,manual_A_near_upright
real,BALANCE,22.858,-0.107652,0.732811,-0.055379,0.784828893,0.086002353,-0.001878890,0.398518,7,-0.000553785,-0.055378547,-0.039556105,-0.039556105,0.000000000,manual_A_near_upright
real,BALANCE,22.879,-0.008850,0.612037,-0.003494,0.784829724,0.086210093,-0.000154467,0.395639,7,-0.000034940,-0.003494046,-0.002495747,-0.002495747,0.000000000,manual_A_near_upright
real,BALANCE,22.900,0.089480,0.490991,0.061637,0.784828778,0.085522860,0.001561725,0.392771,7,0.000616367,0.061636726,0.044026233,0.044026233,0.000000000,manual_A_near_upright
real,BALANCE,22.920,0.186012,0.370969,0.108560,0.784825914,0.083638573,0.003246522,0.389991,7,0.001085599,0.108559851,0.077542751,0.077542751,0.000000000,manual_A_near_upright
real,BALANCE,22.941,0.279765,0.253096,0.156897,0.784821601,0.081053848,0.004882816,0.387164,7,0.001568968,0.156896827,0.112069162,0.112069162,0.000000000,manual_A_near_upright
real,BALANCE,22.971,0.413526,0.082515,0.227062,0.784812799,0.075860614,0.007217395,0.383023,7,0.002270618,0.227061775,0.162186982,0.162186982,0.000000000,manual_A_near_upright
real,BALANCE,22.992,0.496931,-0.025583,0.269744,0.784805716,0.071543966,0.008673075,0.380253,7,0.002697443,0.269744261,0.192674472,0.192674472,0.000000000,manual_A_near_upright
real,BALANCE,23.013,0.574885,-0.128099,0.309840,0.784798004,0.066626084,0.010033643,0.377477,7,0.003098404,0.309840398,0.221314570,0.221314570,0.000000000,manual_A_near_upright
real,BALANCE,23.043,0.680186,-0.269540,0.363226,0.784785910,0.058225652,0.011871491,0.373472,7,0.003632262,0.363226208,0.259447292,0.259447292,0.000000000,manual_A_near_upright
real,BALANCE,23.064,0.741806,-0.354483,0.394370,0.784777942,0.052032142,0.012946958,0.370752,7,0.003943695,0.394369521,0.281692515,0.281692515,0.000000000,manual_A_near_upright
real,BALANCE,23.086,0.795985,-0.431144,0.421463,0.784770390,0.045433671,0.013892555,0.368023,7,0.004214627,0.421462723,0.301044802,0.301044802,0.000000000,manual_A_near_upright
real,BALANCE,23.106,0.842317,-0.498929,0.444442,0.784763526,0.038499382,0.014701204,0.365334,7,0.004444423,0.444442337,0.317458812,0.317458812,0.000000000,manual_A_near_upright
real,BALANCE,23.127,0.880472,-0.557332,0.463163,0.784757586,0.031294331,0.015367131,0.362666,7,0.004631632,0.463163249,0.330830892,0.330830892,0.000000000,manual_A_near_upright
real,BALANCE,23.148,0.910194,-0.605938,0.477511,0.784752770,0.023884918,0.015885879,0.360018,7,0.004775115,0.477511491,0.341079637,0.341079637,0.000000000,manual_A_near_upright
real,BALANCE,23.168,0.931318,-0.644428,0.487787,0.784749232,0.016346256,0.016254557,0.357416,7,0.004877873,0.487787338,0.348419527,0.348419527,0.000000000,manual_A_near_upright
real,BALANCE,23.189,0.943714,-0.672560,0.492622,0.784747078,0.008719123,0.016470920,0.354882,7,0.004926220,0.492622050,0.351872893,0.351872893,0.000000000,manual_A_near_upright
real,BALANCE,23.209,0.947379,-0.690209,0.493991,0.784746365,0.001106552,0.016534875,0.352327,7,0.004939911,0.493991143,0.352850817,0.352850817,0.000000000,manual_A_near_upright
real,BALANCE,23.231,0.942357,-0.697333,0.490598,0.784747093,-0.006454285,0.016447240,0.349758,7,0.004905975,0.490597517,0.350426798,0.350426798,0.000000000,manual_A_near_upright
real,BALANCE,23.251,0.928788,-0.693994,0.484191,0.784749213,-0.013861491,0.016210402,0.347246,7,0.004841915,0.484191453,0.345851038,0.345851038,0.000000000,manual_A_near_upright
real,BALANCE,23.272,0.906869,-0.680339,0.472593,0.784752631,-0.021106532,0.015827851,0.344689,7,0.004725928,0.472592766,0.337566262,0.337566262,0.000000000,manual_A_near_upright
real,BALANCE,23.293,0.876826,-0.656587,0.456082,0.784757215,-0.028121776,0.015303508,0.342143,7,0.004560817,0.456081737,0.325772669,0.325772669,0.000000000,manual_A_near_upright
real,BALANCE,23.314,0.838989,-0.623063,0.435652,0.784762783,-0.034828399,0.014643114,0.339683,7,0.004356517,0.435651729,0.311179806,0.311179806,0.000000000,manual_A_near_upright
real,BALANCE,23.334,0.793790,-0.580193,0.412605,0.784769116,-0.041153456,0.013854246,0.337229,7,0.004126045,0.412604505,0.294717504,0.294717504,0.000000000,manual_A_near_upright
real,BALANCE,23.355,0.741656,-0.528455,0.384931,0.784775996,-0.047091674,0.012944342,0.334762,7,0.003849310,0.384931027,0.274950733,0.274950733,0.000000000,manual_A_near_upright
real,BALANCE,23.376,0.683102,-0.468415,0.354336,0.784783162,-0.052560670,0.011922373,0.332346,7,0.003543358,0.354335827,0.253097019,0.253097019,0.000000000,manual_A_near_upright
real,BALANCE,23.397,0.618698,-0.400713,0.320832,0.784790358,-0.057523102,0.010798321,0.329938,7,0.003208321,0.320832146,0.229165819,0.229165819,0.000000000,manual_A_near_upright
real,BALANCE,23.417,0.549055,-0.326048,0.284444,0.784797330,-0.061942048,0.009582824,0.327568,7,0.002844441,0.284444087,0.203174348,0.203174348,0.000000000,manual_A_near_upright
real,BALANCE,23.438,0.474831,-0.245182,0.245697,0.784803832,-0.065777118,0.008287363,0.325217,7,0.002456969,0.245696902,0.175497787,0.175497787,0.000000000,manual_A_near_upright
real,BALANCE,23.460,0.396721,-0.158928,0.205092,0.784809635,-0.068995710,0.006924080,0.322813,7,0.002050920,0.205091953,0.146494252,0.146494252,0.000000000,manual_A_near_upright
real,BALANCE,23.480,0.315414,-0.068125,0.161451,0.784814557,-0.071594874,0.005505020,0.320492,7,0.001614513,0.161451329,0.115322378,0.115322378,0.000000000,manual_A_near_upright
real,BALANCE,23.500,0.231757,0.026289,0.119453,0.784818381,-0.073469236,0.004044928,0.318158,7,0.001194529,0.119452944,0.085323531,0.085323531,0.000000000,manual_A_near_upright
real,BALANCE,23.522,0.146466,0.123417,0.074018,0.784821047,-0.074714757,0.002556320,0.315833,7,0.000740184,0.074018429,0.052870306,0.052870306,0.000000000,manual_A_near_upright
real,BALANCE,23.542,0.060295,0.222331,0.027688,0.784822446,-0.075271498,0.001052353,0.313541,7,0.000276878,0.027687779,0.019776985,0.019776985,0.000000000,manual_A_near_upright
real,BALANCE,23.563,-0.025886,0.322039,-0.021158,0.784822512,-0.075086685,-0.000451794,0.311281,7,-0.000211580,-0.021158021,-0.015112872,-0.015112872,0.000000000,manual_A_near_upright
real,BALANCE,23.584,-0.111155,0.421520,-0.072995,0.784821197,-0.074053376,-0.001940028,0.309018,7,-0.000729950,-0.072994958,-0.052139256,-0.052139256,0.000000000,manual_A_near_upright
real,BALANCE,23.605,-0.194439,0.519685,-0.111282,0.784818519,-0.072073764,-0.003393595,0.306765,7,-0.001112822,-0.111282155,-0.079487254,-0.079487254,0.000000000,manual_A_near_upright
real,BALANCE,23.626,-0.274995,0.615609,-0.153811,0.784814838,-0.069565475,-0.004799573,0.304518,7,-0.001538106,-0.153810639,-0.109864742,-0.109864742,0.000000000,manual_A_near_upright
real,BALANCE,23.646,-0.352179,0.708428,-0.194633,0.784810243,-0.066437698,-0.006146679,0.302322,7,-0.001946329,-0.194632863,-0.139023474,-0.139023474,0.000000000,manual_A_near_upright
real,BALANCE,23.667,-0.425258,0.797257,-0.231720,0.784804916,-0.062699033,-0.007422151,0.300125,7,-0.002133990,-0.213398999,-0.152427856,-0.152427856,0.000000000,manual_A_near_upright
real,BALANCE,23.687,-0.493617,0.881290,-0.267087,0.784799098,-0.058439383,-0.008615239,0.297993,7,-0.002670866,-0.267086616,-0.190776154,-0.190776154,0.000000000,manual_A_near_upright
real,BALANCE,23.708,-0.556678,0.959769,-0.299180,0.784793007,-0.053683337,-0.009715871,0.295835,7,-0.002991801,-0.299180085,-0.213700061,-0.213700061,0.000000000,manual_A_near_upright
real,BALANCE,23.728,-0.613920,1.031996,-0.328223,0.784786880,-0.048489592,-0.010714928,0.293707,7,-0.003282230,-0.328223026,-0.234445018,-0.234445018,0.000000000,manual_A_near_upright
real,BALANCE,23.749,-0.664901,1.097348,-0.355160,0.784780952,-0.042936308,-0.011604710,0.291587,7,-0.003551604,-0.355160413,-0.253686009,-0.253686009,0.000000000,manual_A_near_upright
real,BALANCE,23.770,-0.709215,1.155258,-0.377003,0.784775421,-0.037019206,-0.012378130,0.289491,7,-0.003770028,-0.377002826,-0.269287733,-0.269287733,0.000000000,manual_A_near_upright
real,BALANCE,23.790,-0.746502,1.205226,-0.394411,0.784770493,-0.030812917,-0.013028921,0.287447,7,-0.003944114,-0.394411430,-0.281722450,-0.281722450,0.000000000,manual_A_near_upright
real,BALANCE,23.811,-0.776518,1.246852,-0.409281,0.784766349,-0.024422106,-0.013552799,0.285359,7,-0.004092813,-0.409281296,-0.292343783,-0.292343783,0.000000000,manual_A_near_upright
real,BALANCE,23.831,-0.799078,1.279812,-0.420277,0.784763116,-0.017874059,-0.013946541,0.283322,7,-0.004202771,-0.420277144,-0.300197960,-0.300197960,0.000000000,manual_A_near_upright
real,BALANCE,23.852,-0.814043,1.303855,-0.427076,0.784760900,-0.011225068,-0.014207723,0.281283,7,-0.004270761,-0.427076077,-0.305054341,-0.305054341,0.000000000,manual_A_near_upright
real,BALANCE,23.882,-0.822141,1.322865,-0.430201,0.784759610,-0.001204211,-0.014349061,0.278306,7,-0.004302007,-0.430200735,-0.307286240,-0.307286240,0.000000000,manual_A_near_upright
real,BALANCE,23.903,-0.818009,1.324085,-0.427849,0.784760126,0.005414336,-0.014276954,0.276293,7,-0.004278490,-0.427849002,-0.305606430,-0.305606430,0.000000000,manual_A_near_upright
real,BALANCE,23.923,-0.806403,1.316196,-0.422622,0.784761703,0.011908160,-0.014074386,0.274302,7,-0.004226217,-0.422621677,-0.301872627,-0.301872627,0.000000000,manual_A_near_upright
real,BALANCE,23.944,-0.787443,1.299304,-0.411661,0.784764279,0.018282992,-0.013743476,0.272348,7,-0.004116608,-0.411660814,-0.294043438,-0.294043438,0.000000000,manual_A_near_upright
real,BALANCE,23.964,-0.761362,1.273614,-0.397616,0.784767743,0.024429198,-0.013288271,0.270376,7,-0.004050241,-0.405024104,-0.289302932,-0.289302932,0.000000000,manual_A_near_upright
real,BALANCE,23.985,-0.728458,1.239413,-0.380233,0.784771960,0.030306517,-0.012713985,0.268431,7,-0.003802331,-0.380233103,-0.271595073,-0.271595073,0.000000000,manual_A_near_upright
real,BALANCE,24.006,-0.689073,1.197056,-0.359344,0.784776769,0.035871372,-0.012026591,0.266476,7,-0.003593441,-0.359344052,-0.256674323,-0.256674323,0.000000000,manual_A_near_upright
real,BALANCE,24.027,-0.643609,1.146972,-0.335478,0.784781991,0.041072954,-0.011233096,0.264564,7,-0.003354781,-0.335478063,-0.239627188,-0.239627188,0.000000000,manual_A_near_upright
real,BALANCE,24.047,-0.592516,1.089656,-0.308675,0.784787434,0.045870507,-0.010341352,0.262661,7,-0.003086747,-0.308674695,-0.220481925,-0.220481925,0.000000000,manual_A_near_upright
real,BALANCE,24.068,-0.536291,1.025666,-0.279229,0.784792900,0.050222861,-0.009360049,0.260763,7,-0.002792285,-0.279228535,-0.199448953,-0.199448953,0.000000000,manual_A_near_upright
real,BALANCE,24.089,-0.475476,0.955615,-0.247405,0.784798193,0.054094011,-0.008298618,0.258875,7,-0.002474051,-0.247405061,-0.176717901,-0.176717901,0.000000000,manual_A_near_upright
real,BALANCE,24.109,-0.410648,0.880172,-0.213565,0.784803124,0.057451378,-0.007167161,0.257028,7,-0.002135648,-0.213564778,-0.152546270,-0.152546270,0.000000000,manual_A_near_upright
real,BALANCE,24.139,-0.307227,0.758462,-0.159428,0.784809472,0.061468458,-0.005362128,0.254321,7,-0.001594276,-0.159427619,-0.113876870,-0.113876870,0.000000000,manual_A_near_upright
real,BALANCE,24.160,-0.235104,0.672732,-0.121621,0.784812789,0.063428954,-0.004103330,0.252479,7,-0.001216209,-0.121620925,-0.086872089,-0.086872089,0.000000000,manual_A_near_upright
real,BALANCE,24.180,-0.161226,0.584261,-0.082985,0.784815240,0.064794963,-0.002813930,0.250668,7,-0.000829850,-0.082985029,-0.059275021,-0.059275021,0.000000000,manual_A_near_upright
real,BALANCE,24.201,-0.086283,0.493865,-0.043657,0.784816747,0.065558812,-0.001505922,0.248877,7,-0.000436568,-0.043656782,-0.031183416,-0.031183416,0.000000000,manual_A_near_upright
real,BALANCE,24.221,-0.010971,0.402379,-0.004094,0.784817265,0.065712617,-0.000191480,0.247125,7,-0.000040945,-0.004094495,-0.002924639,-0.002924639,0.000000000,manual_A_near_upright
real,BALANCE,24.242,0.063987,0.310655,0.042921,0.784816763,0.065206964,0.001116785,0.245331,7,0.000429211,0.042921124,0.030657945,0.030657945,0.000000000,manual_A_near_upright
real,BALANCE,24.262,0.137663,0.219641,0.079926,0.784815181,0.063861813,0.002402673,0.243593,7,0.000799258,0.079925758,0.057089827,0.057089827,0.000000000,manual_A_near_upright
real,BALANCE,24.283,0.209336,0.130182,0.117711,0.784812743,0.061970833,0.003653602,0.241841,7,0.001177111,0.117711129,0.084079378,0.084079378,0.000000000,manual_A_near_upright
real,BALANCE,24.304,0.278344,0.043087,0.152867,0.784809529,0.059497597,0.004858026,0.240109,7,0.001528671,0.152867150,0.109190821,0.109190821,0.000000000,manual_A_near_upright
real,BALANCE,24.324,0.344099,-0.040884,0.187305,0.784805701,0.056518980,0.006005661,0.238374,7,0.001873054,0.187305385,0.133789561,0.133789561,0.000000000,manual_A_near_upright
real,BALANCE,24.345,0.406020,-0.120998,0.219183,0.784801400,0.053038389,0.007086392,0.236648,7,0.002191831,0.219183105,0.156559361,0.156559361,0.000000000,manual_A_near_upright
real,BALANCE,24.365,0.463572,-0.196563,0.248617,0.784796802,0.049105064,0.008090858,0.234960,7,0.002486173,0.248617300,0.177583785,0.177583785,0.000000000,manual_A_near_upright
real,BALANCE,24.386,0.516301,-0.266954,0.276377,0.784792089,0.044779629,0.009011147,0.233269,7,0.002763774,0.276377425,0.197412447,0.197412447,0.000000000,manual_A_near_upright
real,BALANCE,24.406,0.563711,-0.331557,0.299180,0.784787423,0.040046971,0.009838613,0.231611,7,0.002991797,0.299179671,0.213699765,0.213699765,0.000000000,manual_A_near_upright
real,BALANCE,24.426,0.605488,-0.389879,0.321441,0.784783003,0.035047823,0.010567751,0.229950,7,0.003214411,0.321441137,0.229600812,0.229600812,0.000000000,manual_A_near_upright
real,BALANCE,24.447,0.641257,-0.441435,0.338346,0.784778961,0.029734968,0.011192043,0.228287,7,0.003383462,0.338346176,0.241675840,0.241675840,0.000000000,manual_A_near_upright
real,BALANCE,24.468,0.670778,-0.485839,0.353320,0.784775458,0.024233976,0.011707292,0.226633,7,0.003533198,0.353319799,0.252371285,0.252371285,0.000000000,manual_A_near_upright
real,BALANCE,24.488,0.693851,-0.522770,0.364562,0.784772605,0.018561788,0.012109981,0.225031,7,0.003645621,0.364562121,0.260401515,0.260401515,0.000000000,manual_A_near_upright
real,BALANCE,24.509,0.710323,-0.551971,0.372424,0.784770498,0.012775902,0.012397471,0.223399,7,0.003689104,0.368910368,0.263507406,0.263507406,0.000000000,manual_A_near_upright
real,BALANCE,24.529,0.720110,-0.573260,0.376796,0.784769200,0.006930537,0.012568292,0.221821,7,0.003767961,0.376796130,0.269140093,0.269140093,0.000000000,manual_A_near_upright
real,BALANCE,24.550,0.723188,-0.586531,0.377823,0.784768747,0.001076981,0.012622007,0.220215,7,0.003778231,0.377823113,0.269873652,0.269873652,0.000000000,manual_A_near_upright
real,BALANCE,24.571,0.719586,-0.591746,0.375316,0.784769143,-0.004735763,0.012559152,0.218628,7,0.003753156,0.375315611,0.268082579,0.268082579,0.000000000,manual_A_near_upright
real,BALANCE,24.591,0.709420,-0.588954,0.371031,0.784770356,-0.010421989,0.012381723,0.217071,7,0.003710312,0.371031234,0.265022310,0.265022310,0.000000000,manual_A_near_upright
real,BALANCE,24.612,0.692834,-0.578265,0.362025,0.784772335,-0.015998700,0.012092235,0.215506,7,0.003620254,0.362025422,0.258589587,0.258589587,0.000000000,manual_A_near_upright
real,BALANCE,24.632,0.669995,-0.559841,0.349299,0.784775003,-0.021395718,0.011693613,0.213978,7,0.003492986,0.349298574,0.249498981,0.249498981,0.000000000,manual_A_near_upright
real,BALANCE,24.662,0.624616,-0.518280,0.325384,0.784780051,-0.029018365,0.010901608,0.211734,7,0.003253841,0.325384135,0.232417239,0.232417239,0.000000000,manual_A_near_upright
real,BALANCE,24.682,0.587409,-0.481768,0.305733,0.784783932,-0.033740892,0.010252229,0.210201,7,0.003159077,0.315907706,0.225648362,0.225648362,0.000000000,manual_A_near_upright
real,BALANCE,24.704,0.545068,-0.438675,0.283426,0.784788058,-0.038125336,0.009513232,0.208685,7,0.002834263,0.283426253,0.202447324,0.202447324,0.000000000,manual_A_near_upright
real,BALANCE,24.724,0.498011,-0.389465,0.258712,0.784792278,-0.042134402,0.008691932,0.207180,7,0.002587121,0.258712088,0.184794348,0.184794348,0.000000000,manual_A_near_upright
real,BALANCE,24.745,0.446696,-0.334652,0.231838,0.784796441,-0.045735289,0.007796315,0.205663,7,0.002318380,0.231838037,0.165598598,0.165598598,0.000000000,manual_A_near_upright
real,BALANCE,24.765,0.391616,-0.274801,0.202896,0.784800398,-0.048897894,0.006834981,0.204205,7,0.002028958,0.202895811,0.144925579,0.144925579,0.000000000,manual_A_near_upright
real,BALANCE,24.786,0.333297,-0.210516,0.172412,0.784804009,-0.051594450,0.005817121,0.202710,7,0.001724124,0.172412403,0.123151716,0.123151716,0.000000000,manual_A_near_upright
real,BALANCE,24.807,0.272289,-0.142440,0.140394,0.784807149,-0.053804979,0.004752334,0.201246,7,0.001403937,0.140393676,0.100281197,0.100281197,0.000000000,manual_A_near_upright
real,BALANCE,24.827,0.209168,-0.071247,0.107318,0.784809709,-0.055507182,0.003650676,0.199809,7,0.001073184,0.107318416,0.076656011,0.076656011,0.000000000,manual_A_near_upright
real,BALANCE,24.848,0.144529,0.002361,0.073445,0.784811606,-0.056689426,0.002522501,0.198363,7,0.000734448,0.073444755,0.052460539,0.052460539,0.000000000,manual_A_near_upright
real,BALANCE,24.869,0.078973,0.077669,0.039002,0.784812780,-0.057342814,0.001378332,0.196924,7,0.000390022,0.039002215,0.027858725,0.027858725,0.000000000,manual_A_near_upright
real,BALANCE,24.889,0.013113,0.153946,0.004369,0.784813196,-0.057460188,0.000228861,0.195509,7,0.000043694,0.004369360,0.003120971,0.003120971,0.000000000,manual_A_near_upright
real,BALANCE,24.910,-0.052422,0.230448,-0.035593,0.784812837,-0.057011304,-0.000914933,0.194099,7,-0.000355926,-0.035592558,-0.025423256,-0.025423256,0.000000000,manual_A_near_upright
real,BALANCE,24.930,-0.116858,0.306364,-0.068600,0.784811664,-0.055857967,-0.002039549,0.192717,7,-0.000685999,-0.068599853,-0.048999895,-0.048999895,0.000000000,manual_A_near_upright
real,BALANCE,24.951,-0.179526,0.380936,-0.100620,0.784809822,-0.054194552,-0.003133315,0.191322,7,-0.001006196,-0.100619554,-0.071871110,-0.071871110,0.000000000,manual_A_near_upright
real,BALANCE,24.972,-0.239911,0.453487,-0.132718,0.784807405,-0.052068977,-0.004187231,0.189946,7,-0.001327176,-0.132717578,-0.094798270,-0.094798270,0.000000000,manual_A_near_upright
real,BALANCE,24.992,-0.297455,0.523333,-0.162379,0.784804498,-0.049461118,-0.005191572,0.188596,7,-0.001477795,-0.147779495,-0.105556782,-0.105556782,0.000000000,manual_A_near_upright
real,BALANCE,25.012,-0.351650,0.589830,-0.190365,0.784801230,-0.046423868,-0.006137456,0.187270,7,-0.001903654,-0.190365415,-0.135975297,-0.135975297,0.000000000,manual_A_near_upright
real,BALANCE,25.033,-0.402032,0.652377,-0.216242,0.784797732,-0.042989294,-0.007016783,0.185918,7,-0.002162424,-0.216242432,-0.154458880,-0.154458880,0.000000000,manual_A_near_upright
real,BALANCE,25.053,-0.448188,0.710419,-0.240971,0.784794147,-0.039216675,-0.007822356,0.184587,7,-0.002409714,-0.240971378,-0.172122413,-0.172122413,0.000000000,manual_A_near_upright
real,BALANCE,25.074,-0.489717,0.763434,-0.260873,0.784790587,-0.035073181,-0.008547178,0.183250,7,-0.002608726,-0.260872630,-0.186337593,-0.186337593,0.000000000,manual_A_near_upright
real,BALANCE,25.095,-0.526277,0.810959,-0.279312,0.784787211,-0.030676477,-0.009185264,0.181905,7,-0.002793120,-0.279311991,-0.199508565,-0.199508565,0.000000000,manual_A_near_upright
real,BALANCE,25.126,-0.571233,0.871100,-0.302052,0.784782736,-0.023655023,-0.009969892,0.179961,7,-0.003020525,-0.302052468,-0.215751763,-0.215751763,0.000000000,manual_A_near_upright
real,BALANCE,25.146,-0.594278,0.903274,-0.313389,0.784780299,-0.018749661,-0.010372105,0.178665,7,-0.003133887,-0.313388727,-0.223849091,-0.223849091,0.000000000,manual_A_near_upright
real,BALANCE,25.167,-0.611598,0.928808,-0.321852,0.784778398,-0.013723398,-0.010674397,0.177373,7,-0.003218520,-0.321851951,-0.229894251,-0.229894251,0.000000000,manual_A_near_upright
real,BALANCE,25.187,-0.623088,0.947509,-0.327220,0.784777094,-0.008618235,-0.010874938,0.176094,7,-0.003272201,-0.327220071,-0.233728622,-0.233728622,0.000000000,manual_A_near_upright
real,BALANCE,25.208,-0.628698,0.959250,-0.329613,0.784776426,-0.003482535,-0.010972853,0.174839,7,-0.003296128,-0.329612815,-0.235437725,-0.235437725,0.000000000,manual_A_near_upright
real,BALANCE,25.228,-0.628430,0.963968,-0.328904,0.784776408,0.001639669,-0.010968177,0.173582,7,-0.003289039,-0.328903904,-0.234931360,-0.234931360,0.000000000,manual_A_near_upright
real,BALANCE,25.249,-0.622361,0.961675,-0.326865,0.784777029,0.006668697,-0.010862257,0.172346,7,-0.003268653,-0.326865343,-0.233475245,-0.233475245,0.000000000,manual_A_near_upright
real,BALANCE,25.269,-0.610593,0.952434,-0.320349,0.784778259,0.011628590,-0.010656851,0.171129,7,-0.003203487,-0.320348704,-0.228820503,-0.228820503,0.000000000,manual_A_near_upright
real,BALANCE,25.290,-0.593243,0.936356,-0.310461,0.784780049,0.016450825,-0.010354035,0.169881,7,-0.003104612,-0.310461202,-0.221758001,-0.221758001,0.000000000,manual_A_near_upright
real,BALANCE,25.320,-0.557241,0.899866,-0.291483,0.784783614,0.023303932,-0.009725696,0.168108,7,-0.002914825,-0.291482501,-0.208201786,-0.208201786,0.000000000,manual_A_near_upright
real,BALANCE,25.341,-0.526959,0.867668,-0.275239,0.784786446,0.027579157,-0.009197173,0.166888,7,-0.002752393,-0.275239292,-0.196599494,-0.196599494,0.000000000,manual_A_near_upright
real,BALANCE,25.361,-0.492013,0.829554,-0.256835,0.784789518,0.031568263,-0.008587243,0.165688,7,-0.002568355,-0.256835455,-0.183453897,-0.183453897,0.000000000,manual_A_near_upright
real,BALANCE,25.382,-0.452753,0.785905,-0.236136,0.784792717,0.035243686,-0.007902027,0.164494,7,-0.002361355,-0.236135518,-0.168668227,-0.168668227,0.000000000,manual_A_near_upright
real,BALANCE,25.403,-0.409566,0.737153,-0.213388,0.784795926,0.038572968,-0.007148268,0.163300,7,-0.002133883,-0.213388268,-0.152420192,-0.152420192,0.000000000,manual_A_near_upright
real,BALANCE,25.423,-0.362872,0.683772,-0.188880,0.784799028,0.041527524,-0.006333313,0.162123,7,-0.001888803,-0.188880343,-0.134914531,-0.134914531,0.000000000,manual_A_near_upright
real,BALANCE,25.444,-0.313122,0.626275,-0.162759,0.784801914,0.044083844,-0.005465002,0.160955,7,-0.001627589,-0.162758872,-0.116256337,-0.116256337,0.000000000,manual_A_near_upright
real,BALANCE,25.465,-0.260789,0.565213,-0.135278,0.784804480,0.046220128,-0.004551621,0.159792,7,-0.001352784,-0.135278425,-0.096627446,-0.096627446,0.000000000,manual_A_near_upright
real,BALANCE,25.485,-0.206370,0.501164,-0.106761,0.784806639,0.047918293,-0.003601840,0.158661,7,-0.001067609,-0.106760920,-0.076257800,-0.076257800,0.000000000,manual_A_near_upright
real,BALANCE,25.506,-0.150379,0.434730,-0.077296,0.784808317,0.049165633,-0.002624611,0.157510,7,-0.000772963,-0.077296344,-0.055211675,-0.055211675,0.000000000,manual_A_near_upright
real,BALANCE,25.526,-0.093343,0.366535,-0.047339,0.784809459,0.049949572,-0.001629139,0.156370,7,-0.000473395,-0.047339473,-0.033813909,-0.033813909,0.000000000,manual_A_near_upright
real,BALANCE,25.547,-0.035797,0.297214,-0.017110,0.784810030,0.050265383,-0.000624771,0.155242,7,-0.000171099,-0.017109869,-0.012221335,-0.012221335,0.000000000,manual_A_near_upright
real,BALANCE,25.568,0.021722,0.227410,0.015642,0.784810017,0.050112270,0.000379112,0.154127,7,0.000156423,0.015642273,0.011173052,0.011173052,0.000000000,manual_A_near_upright
real,BALANCE,25.588,0.078607,0.157799,0.047456,0.784809388,0.049388655,0.001371954,0.153013,7,0.000474561,0.047456085,0.033897203,0.033897203,0.000000000,manual_A_near_upright
real,BALANCE,25.609,0.134203,0.089079,0.075164,0.784808192,0.048137012,0.002342280,0.151903,7,0.000751638,0.075163778,0.053688413,0.053688413,0.000000000,manual_A_near_upright
real,BALANCE,25.629,0.188033,0.021860,0.103712,0.784806531,0.046486563,0.003281794,0.150832,7,0.001037125,0.103712468,0.074080335,0.074080335,0.000000000,manual_A_near_upright
real,BALANCE,25.650,0.239617,-0.043258,0.130630,0.784804457,0.044408263,0.004182113,0.149738,7,0.001306297,0.130629720,0.093306943,0.093306943,0.000000000,manual_A_near_upright
real,BALANCE,25.670,0.288485,-0.105693,0.155762,0.784802060,0.041932887,0.005035019,0.148692,7,0.001557616,0.155761606,0.111258290,0.111258290,0.000000000,manual_A_near_upright
real,BALANCE,25.691,0.334216,-0.164903,0.179512,0.784799439,0.039097947,0.005833170,0.147613,7,0.001795120,0.179511980,0.128222843,0.128222843,0.000000000,manual_A_near_upright
real,BALANCE,25.711,0.376415,-0.220375,0.201144,0.784796695,0.035925656,0.006569676,0.146558,7,0.002011436,0.201143603,0.143674002,0.143674002,0.000000000,manual_A_near_upright
real,BALANCE,25.732,0.414726,-0.271640,0.220762,0.784793934,0.032454143,0.007238334,0.145495,7,0.002207621,0.220762053,0.157687181,0.157687181,0.000000000,manual_A_near_upright
real,BALANCE,25.752,0.448836,-0.318271,0.238103,0.784791259,0.028717680,0.007833661,0.144448,7,0.002381031,0.238103066,0.170073619,0.170073619,0.000000000,manual_A_near_upright
real,BALANCE,25.773,0.478471,-0.359891,0.253071,0.784788769,0.024754250,0.008350902,0.143416,7,0.002530711,0.253071129,0.180765092,0.180765092,0.000000000,manual_A_near_upright
real,BALANCE,25.794,0.503405,-0.396170,0.265608,0.784786552,0.020602812,0.008786082,0.142381,7,0.002656084,0.265608379,0.189720271,0.189720271,0.000000000,manual_A_near_upright
real,BALANCE,25.814,0.523460,-0.426833,0.275976,0.784784688,0.016311191,0.009136096,0.141369,7,0.002759759,0.275975902,0.197125644,0.197125644,0.000000000,manual_A_near_upright
real,BALANCE,25.834,0.538489,-0.451655,0.282819,0.784783235,0.011891274,0.009398403,0.140351,7,0.002828189,0.282818895,0.202013496,0.202013496,0.000000000,manual_A_near_upright
real,BALANCE,25.855,0.548399,-0.470467,0.287462,0.784782246,0.007414029,0.009571369,0.139352,7,0.002874618,0.287461751,0.205329822,0.205329822,0.000000000,manual_A_near_upright
real,BALANCE,25.876,0.553156,-0.483163,0.289590,0.784781747,0.002912374,0.009654402,0.138352,7,0.002895897,0.289589711,0.206849794,0.206849794,0.000000000,manual_A_near_upright
real,BALANCE,25.896,0.552758,-0.489686,0.288846,0.784781749,-0.001580269,0.009647456,0.137364,7,0.002888456,0.288845644,0.206318317,0.206318317,0.000000000,manual_A_near_upright
real,BALANCE,25.926,0.542643,-0.487932,0.284675,0.784782668,-0.008167836,0.009470915,0.135931,7,0.002846754,0.284675428,0.203339591,0.203339591,0.000000000,manual_A_near_upright
real,BALANCE,25.947,0.529711,-0.479180,0.277445,0.784783851,-0.012459027,0.009245199,0.134941,7,0.002774449,0.277444889,0.198174921,0.198174921,0.000000000,manual_A_near_upright
real,BALANCE,25.968,0.511971,-0.464500,0.267554,0.784785438,-0.016605626,0.008935575,0.133962,7,0.002675539,0.267553855,0.191109896,0.191109896,0.000000000,manual_A_near_upright
real,BALANCE,25.988,0.489639,-0.444096,0.255802,0.784787362,-0.020558233,0.008545820,0.132990,7,0.002558020,0.255801952,0.182715680,0.182715680,0.000000000,manual_A_near_upright
real,BALANCE,26.009,0.462951,-0.418208,0.241548,0.784789553,-0.024298973,0.008080025,0.132029,7,0.002415478,0.241547832,0.172534166,0.172534166,0.000000000,manual_A_near_upright
real,BALANCE,26.039,0.415363,-0.369747,0.216366,0.784793153,-0.029430160,0.007249445,0.130634,7,0.002163658,0.216365787,0.154546991,0.154546991,0.000000000,manual_A_near_upright
real,BALANCE,26.060,0.379065,-0.331530,0.197247,0.784795635,-0.032491712,0.006615938,0.129690,7,0.001972472,0.197247230,0.140890879,0.140890879,0.000000000,manual_A_near_upright
real,BALANCE,26.081,0.339520,-0.289043,0.176395,0.784798077,-0.035236129,0.005925750,0.128751,7,0.001763953,0.176395344,0.125996674,0.125996674,0.000000000,manual_A_near_upright
real,BALANCE,26.111,0.274963,-0.218272,0.142461,0.784801474,-0.038704620,0.004799005,0.127366,7,0.001424613,0.142461273,0.101758052,0.101758052,0.000000000,manual_A_near_upright
real,BALANCE,26.132,0.229034,-0.167090,0.118301,0.784803445,-0.040558482,0.003997393,0.126455,7,0.001183011,0.118301128,0.084500805,0.084500805,0.000000000,manual_A_near_upright
real,BALANCE,26.153,0.181299,-0.113298,0.093233,0.784805100,-0.042026491,0.003164271,0.125539,7,0.000932328,0.093232832,0.066594880,0.066594880,0.000000000,manual_A_near_upright
real,BALANCE,26.173,0.132212,-0.057424,0.067429,0.784806385,-0.043097270,0.002307533,0.124636,7,0.000674292,0.067429205,0.048163718,0.048163718,0.000000000,manual_A_near_upright
real,BALANCE,26.194,0.082234,-0.000015,0.041153,0.784807256,-0.043762201,0.001435252,0.123738,7,0.000411527,0.041152661,0.029394758,0.029394758,0.000000000,manual_A_near_upright
real,BALANCE,26.214,0.031835,0.058371,0.014635,0.784807689,-0.044016146,0.000555625,0.122857,7,0.000146351,0.014635056,0.010453611,0.010453611,0.000000000,manual_A_near_upright
real,BALANCE,26.235,-0.018513,0.117171,-0.013680,0.784807674,-0.043858286,-0.000323106,0.121967,7,-0.000136796,-0.013679644,-0.009771174,-0.009771174,0.000000000,manual_A_near_upright
real,BALANCE,26.266,-0.092779,0.204852,-0.053493,0.784806782,-0.042709648,-0.001619294,0.120668,7,-0.000534932,-0.053493179,-0.038209413,-0.038209413,0.000000000,manual_A_near_upright
real,BALANCE,26.286,-0.140694,0.262106,-0.078324,0.784805684,-0.041433723,-0.002455567,0.119809,7,-0.000783241,-0.078324093,-0.055945781,-0.055945781,0.000000000,manual_A_near_upright
real,BALANCE,26.307,-0.186848,0.317785,-0.102697,0.784804248,-0.039793485,-0.003261107,0.118944,7,-0.001026970,-0.102696968,-0.073354977,-0.073354977,0.000000000,manual_A_near_upright
real,BALANCE,26.327,-0.230815,0.371366,-0.125445,0.784802528,-0.037788080,-0.004028486,0.118102,7,-0.001254454,-0.125445387,-0.089603848,-0.089603848,0.000000000,manual_A_near_upright
real,BALANCE,26.348,-0.272208,0.422356,-0.146849,0.784800599,-0.035452752,-0.004750926,0.117244,7,-0.001468489,-0.146848945,-0.104892104,-0.104892104,0.000000000,manual_A_near_upright
real,BALANCE,26.368,-0.310669,0.470295,-0.166743,0.784798538,-0.032811780,-0.005422190,0.116412,7,-0.001667429,-0.166742947,-0.119102105,-0.119102105,0.000000000,manual_A_near_upright
real,BALANCE,26.388,-0.345867,0.514753,-0.184770,0.784796424,-0.029890871,-0.006036524,0.115571,7,-0.001759939,-0.175993860,-0.125709900,-0.125709900,0.000000000,manual_A_near_upright
real,BALANCE,26.409,-0.377511,0.555336,-0.200952,0.784794339,-0.026723266,-0.006588806,0.114737,7,-0.002009520,-0.200951998,-0.143537141,-0.143537141,0.000000000,manual_A_near_upright
real,BALANCE,26.430,-0.405342,0.591695,-0.215103,0.784792359,-0.023339584,-0.007074552,0.113908,7,-0.002151028,-0.215102751,-0.153644822,-0.153644822,0.000000000,manual_A_near_upright
real,BALANCE,26.451,-0.429140,0.623517,-0.227114,0.784790557,-0.019772697,-0.007489911,0.113096,7,-0.002271145,-0.227114471,-0.162224622,-0.162224622,0.000000000,manual_A_near_upright
real,BALANCE,26.471,-0.448725,0.650538,-0.236917,0.784788997,-0.016058255,-0.007831727,0.112284,7,-0.002369171,-0.236917074,-0.169226482,-0.169226482,0.000000000,manual_A_near_upright
real,BALANCE,26.491,-0.463956,0.672541,-0.244468,0.784787733,-0.012230638,-0.008097562,0.111499,7,-0.002444684,-0.244468371,-0.174620265,-0.174620265,0.000000000,manual_A_near_upright
real,BALANCE,26.511,-0.474732,0.689355,-0.249617,0.784786808,-0.008324884,-0.008285644,0.110709,7,-0.002496175,-0.249617482,-0.178298201,-0.178298201,0.000000000,manual_A_near_upright
real,BALANCE,26.532,-0.480998,0.700860,-0.252507,0.784786249,-0.004380551,-0.008394992,0.109910,7,-0.002525068,-0.252506779,-0.180361985,-0.180361985,0.000000000,manual_A_near_upright
real,BALANCE,26.552,-0.482733,0.706986,-0.252983,0.784786074,-0.000429136,-0.008425276,0.109127,7,-0.002529834,-0.252983388,-0.180702420,-0.180702420,0.000000000,manual_A_near_upright
real,BALANCE,26.573,-0.479968,0.707713,-0.251702,0.784786280,0.003479787,-0.008377022,0.108341,7,-0.002517020,-0.251701958,-0.179787113,-0.179787113,0.000000000,manual_A_near_upright
real,BALANCE,26.593,-0.472798,0.703087,-0.248970,0.784786854,0.007308400,-0.008251873,0.107574,7,-0.002489699,-0.248969936,-0.177835668,-0.177835668,0.000000000,manual_A_near_upright
real,BALANCE,26.614,-0.461279,0.693163,-0.242006,0.784787774,0.011079672,-0.008050834,0.106796,7,-0.002420056,-0.242005619,-0.172861156,-0.172861156,0.000000000,manual_A_near_upright
real,BALANCE,26.634,-0.445555,0.678068,-0.233587,0.784789000,0.014704768,-0.007776408,0.106037,7,-0.002335874,-0.233587423,-0.166848159,-0.166848159,0.000000000,manual_A_near_upright
real,BALANCE,26.655,-0.425812,0.657978,-0.223053,0.784790484,0.018167340,-0.007431817,0.105268,7,-0.002230527,-0.223052661,-0.159323329,-0.159323329,0.000000000,manual_A_near_upright
real,BALANCE,26.675,-0.402255,0.633106,-0.210457,0.784792168,0.021439471,-0.007020673,0.104509,7,-0.002104573,-0.210457302,-0.150326644,-0.150326644,0.000000000,manual_A_near_upright
real,BALANCE,26.696,-0.375130,0.603713,-0.196114,0.784793989,0.024489635,-0.006547261,0.103770,7,-0.001961137,-0.196113743,-0.140081245,-0.140081245,0.000000000,manual_A_near_upright
real,BALANCE,26.716,-0.344712,0.570096,-0.179987,0.784795878,0.027294618,-0.006016362,0.103029,7,-0.001799870,-0.179987031,-0.128562165,-0.128562165,0.000000000,manual_A_near_upright
real,BALANCE,26.737,-0.311302,0.532590,-0.162345,0.784797767,0.029828226,-0.005433252,0.102287,7,-0.001623454,-0.162345441,-0.115961029,-0.115961029,0.000000000,manual_A_near_upright
real,BALANCE,26.757,-0.275230,0.491565,-0.143353,0.784799587,0.032069986,-0.004803676,0.101560,7,-0.001433532,-0.143353232,-0.102395165,-0.102395165,0.000000000,manual_A_near_upright
real,BALANCE,26.778,-0.236845,0.447418,-0.123112,0.784801272,0.034001778,-0.004133722,0.100826,7,-0.001231122,-0.123112155,-0.087937254,-0.087937254,0.000000000,manual_A_near_upright
real,BALANCE,26.798,-0.196516,0.400576,-0.101913,0.784802763,0.035606541,-0.003429854,0.100110,7,-0.001019132,-0.101913204,-0.072795145,-0.072795145,0.000000000,manual_A_near_upright
real,BALANCE,26.819,-0.154629,0.351484,-0.079848,0.784804009,0.036872209,-0.002698785,0.099386,7,-0.000798481,-0.079848149,-0.057034392,-0.057034392,0.000000000,manual_A_near_upright
real,BALANCE,26.839,-0.111582,0.300610,-0.057216,0.784804968,0.037787807,-0.001947466,0.098680,7,-0.000572163,-0.057216256,-0.040868754,-0.040868754,0.000000000,manual_A_near_upright
real,BALANCE,26.860,-0.067780,0.248433,-0.034151,0.784805607,0.038346867,-0.001182992,0.097967,7,-0.000341513,-0.034151295,-0.024393782,-0.024393782,0.000000000,manual_A_near_upright
real,BALANCE,26.880,-0.023638,0.195441,-0.010947,0.784805909,0.038545047,-0.000412569,0.097274,7,-0.000109472,-0.010947248,-0.007819463,-0.007819463,0.000000000,manual_A_near_upright
real,BALANCE,26.901,0.020431,0.142128,0.014071,0.784805868,0.038382570,0.000356590,0.096571,7,0.000140707,0.014070677,0.010050484,0.010050484,0.000000000,manual_A_near_upright
real,BALANCE,26.922,0.063969,0.089011,0.037657,0.784805468,0.037791840,0.001116462,0.095874,7,0.000376570,0.037657024,0.026897874,0.026897874,0.000000000,manual_A_near_upright
real,BALANCE,26.942,0.106498,0.036613,0.059132,0.784804745,0.036819793,0.001858734,0.095193,7,0.000591317,0.059131714,0.042236939,0.042236939,0.000000000,manual_A_near_upright
real,BALANCE,26.962,0.147655,-0.014601,0.081020,0.784803748,0.035535906,0.002577069,0.094506,7,0.000810199,0.081019859,0.057871328,0.057871328,0.000000000,manual_A_near_upright
real,BALANCE,26.983,0.187067,-0.064170,0.101508,0.784802512,0.033922557,0.003264940,0.093830,7,0.001015084,0.101508437,0.072506026,0.072506026,0.000000000,manual_A_near_upright
real,BALANCE,27.004,0.224377,-0.111648,0.120836,0.784801089,0.032007622,0.003916113,0.093154,7,0.001208362,0.120836155,0.086311539,0.086311539,0.000000000,manual_A_near_upright
real,BALANCE,27.024,0.259259,-0.156621,0.138906,0.784799538,0.029814527,0.004524926,0.092492,7,0.001389061,0.138906065,0.099218618,0.099218618,0.000000000,manual_A_near_upright
real,BALANCE,27.045,0.291413,-0.198696,0.155485,0.784797920,0.027364458,0.005086108,0.091825,7,0.001554852,0.155485230,0.111060879,0.111060879,0.000000000,manual_A_near_upright
real,BALANCE,27.065,0.320564,-0.237516,0.170420,0.784796296,0.024683672,0.005594897,0.091174,7,0.001704200,0.170420019,0.121728585,0.121728585,0.000000000,manual_A_near_upright
real,BALANCE,27.085,0.346473,-0.272756,0.183666,0.784794727,0.021800588,0.006047088,0.090527,7,0.001836664,0.183666414,0.131190296,0.131190296,0.000000000,manual_A_near_upright
real,BALANCE,27.106,0.368930,-0.304125,0.195082,0.784793270,0.018742591,0.006439036,0.089873,7,0.001950820,0.195081974,0.139344267,0.139344267,0.000000000,manual_A_near_upright
real,BALANCE,27.127,0.387759,-0.331373,0.204552,0.784791980,0.015539538,0.006767665,0.089226,7,0.002045519,0.204551921,0.146108515,0.146108515,0.000000000,manual_A_near_upright
real,BALANCE,27.147,0.402820,-0.354290,0.212048,0.784790900,0.012223188,0.007030539,0.088591,7,0.002120480,0.212047953,0.151462824,0.151462824,0.000000000,manual_A_near_upright
real,BALANCE,27.167,0.414010,-0.372709,0.217519,0.784790067,0.008824971,0.007225844,0.087972,7,0.002175195,0.217519457,0.155371041,0.155371041,0.000000000,manual_A_near_upright
real,BALANCE,27.187,0.421261,-0.386503,0.220987,0.784789510,0.005376111,0.007352399,0.087337,7,0.002209872,0.220987209,0.157848007,0.157848007,0.000000000,manual_A_near_upright
real,BALANCE,27.218,0.424690,-0.398357,0.222218,0.784789221,0.000175232,0.007412242,0.086406,7,0.002222184,0.222218417,0.158727441,0.158727441,0.000000000,manual_A_near_upright
real,BALANCE,27.239,0.422031,-0.400329,0.220610,0.784789398,-0.003261209,0.007365834,0.085781,7,0.002206097,0.220609711,0.157578365,0.157578365,0.000000000,manual_A_near_upright
real,BALANCE,27.259,0.415512,-0.397598,0.218662,0.784789856,-0.006604405,0.007252054,0.085177,7,0.002186619,0.218661936,0.156187097,0.156187097,0.000000000,manual_A_near_upright
real,BALANCE,27.280,0.405190,-0.390220,0.212321,0.784790581,-0.009911951,0.007071903,0.084560,7,0.002123211,0.212321080,0.151657915,0.151657915,0.000000000,manual_A_near_upright
real,BALANCE,27.300,0.391177,-0.378299,0.204548,0.784791540,-0.013091343,0.006827321,0.083953,7,0.002045478,0.204547751,0.146105536,0.146105536,0.000000000,manual_A_near_upright
real,BALANCE,27.321,0.373652,-0.362001,0.195686,0.784792694,-0.016111072,0.006521454,0.083344,7,0.001956861,0.195686117,0.139775798,0.139775798,0.000000000,manual_A_near_upright
real,BALANCE,27.342,0.352794,-0.341513,0.184449,0.784794001,-0.018974027,0.006157424,0.082733,7,0.001844487,0.184448726,0.131749090,0.131749090,0.000000000,manual_A_near_upright
real,BALANCE,27.362,0.328806,-0.317057,0.171306,0.784795413,-0.021645424,0.005738748,0.082157,7,0.001713062,0.171306152,0.122361537,0.122361537,0.000000000,manual_A_near_upright
real,BALANCE,27.393,0.287543,-0.273544,0.149942,0.784797602,-0.025215472,0.005018571,0.081275,7,0.001499416,0.149941560,0.107101115,0.107101115,0.000000000,manual_A_near_upright
real,BALANCE,27.413,0.256891,-0.240416,0.133572,0.784799037,-0.027298889,0.004483601,0.080696,7,0.001335720,0.133571975,0.095408554,0.095408554,0.000000000,manual_A_near_upright
real,BALANCE,27.434,0.224078,-0.204386,0.116371,0.784800389,-0.029110407,0.003910892,0.080111,7,0.001163711,0.116371104,0.083122217,0.083122217,0.000000000,manual_A_near_upright
real,BALANCE,27.454,0.189418,-0.165818,0.098058,0.784801612,-0.030643106,0.003305974,0.079548,7,0.000980580,0.098058021,0.070041444,0.070041444,0.000000000,manual_A_near_upright
real,BALANCE,27.475,0.153246,-0.125096,0.079040,0.784802662,-0.031881083,0.002674653,0.078969,7,0.000790400,0.079040030,0.056457164,0.056457164,0.000000000,manual_A_near_upright
real,BALANCE,27.505,0.096894,-0.060851,0.049460,0.784803838,-0.033163570,0.001691116,0.078128,7,0.000494601,0.049460073,0.035328624,0.035328624,0.000000000,manual_A_near_upright
real,BALANCE,27.526,0.058459,-0.016527,0.028760,0.784804322,-0.033639344,0.001020307,0.077563,7,0.000287604,0.028760394,0.020543138,0.020543138,0.000000000,manual_A_near_upright
real,BALANCE,27.547,0.019768,0.028484,0.008942,0.784804540,-0.033777091,0.000345020,0.077008,7,0.000089416,0.008941630,0.006386879,0.006386879,0.000000000,manual_A_near_upright
real,BALANCE,27.567,-0.018833,0.073757,-0.013037,0.784804499,-0.033614842,-0.000328701,0.076449,7,-0.000130374,-0.013037440,-0.009312457,-0.009312457,0.000000000,manual_A_near_upright
real,BALANCE,27.588,-0.056947,0.118842,-0.033522,0.784804183,-0.033079052,-0.000993909,0.075898,7,-0.000335219,-0.033521930,-0.023944236,-0.023944236,0.000000000,manual_A_near_upright
real,BALANCE,27.618,-0.112331,0.185136,-0.062053,0.784803260,-0.031680031,-0.001960541,0.075098,7,-0.000620529,-0.062052920,-0.044323514,-0.044323514,0.000000000,manual_A_near_upright
real,BALANCE,27.639,-0.147594,0.227849,-0.080608,0.784802394,-0.030395369,-0.002576008,0.074552,7,-0.000806081,-0.080608081,-0.057577201,-0.057577201,0.000000000,manual_A_near_upright
real,BALANCE,27.659,-0.181153,0.268909,-0.098000,0.784801364,-0.028833103,-0.003161713,0.074024,7,-0.000980002,-0.098000209,-0.070000150,-0.070000150,0.000000000,manual_A_near_upright
real,BALANCE,27.680,-0.212725,0.307949,-0.114835,0.784800217,-0.027027095,-0.003712747,0.073495,7,-0.001148349,-0.114834923,-0.082024945,-0.082024945,0.000000000,manual_A_near_upright
real,BALANCE,27.700,-0.241999,0.344598,-0.129266,0.784798992,-0.024962443,-0.004223682,0.072969,7,-0.001292655,-0.129265535,-0.092332525,-0.092332525,0.000000000,manual_A_near_upright
real,BALANCE,27.721,-0.268749,0.378539,-0.143345,0.784797746,-0.022706443,-0.004690561,0.072440,7,-0.001433454,-0.143345389,-0.102389563,-0.102389563,0.000000000,manual_A_near_upright
real,BALANCE,27.742,-0.292749,0.409474,-0.155596,0.784796519,-0.020253247,-0.005109435,0.071911,7,-0.001555956,-0.155595566,-0.111139690,-0.111139690,0.000000000,manual_A_near_upright
real,BALANCE,27.762,-0.313808,0.437137,-0.166631,0.784795359,-0.017641289,-0.005476982,0.071403,7,-0.001666312,-0.166631193,-0.119022281,-0.119022281,0.000000000,manual_A_near_upright
real,BALANCE,27.783,-0.331740,0.461284,-0.175632,0.784794309,-0.014882868,-0.005789957,0.070889,7,-0.001756323,-0.175632295,-0.125451639,-0.125451639,0.000000000,manual_A_near_upright
real,BALANCE,27.803,-0.346422,0.481721,-0.183138,0.784793405,-0.012016094,-0.006046206,0.070386,7,-0.001831377,-0.183137710,-0.130812650,-0.130812650,0.000000000,manual_A_near_upright
real,BALANCE,27.823,-0.357737,0.498279,-0.188301,0.784792679,-0.009052424,-0.006243680,0.069882,7,-0.001883010,-0.188300999,-0.134500714,-0.134500714,0.000000000,manual_A_near_upright
real,BALANCE,27.844,-0.365613,0.510832,-0.192167,0.784792157,-0.006042509,-0.006381144,0.069377,7,-0.001921672,-0.192167153,-0.137262252,-0.137262252,0.000000000,manual_A_near_upright
real,BALANCE,27.865,-0.370017,0.519296,-0.194318,0.784791853,-0.003004756,-0.006458017,0.068882,7,-0.001943179,-0.194317890,-0.138798493,-0.138798493,0.000000000,manual_A_near_upright
real,BALANCE,27.885,-0.370928,0.523616,-0.194326,0.784791777,0.000041306,-0.006473910,0.068392,7,-0.001943260,-0.194325960,-0.138804257,-0.138804257,0.000000000,manual_A_near_upright
real,BALANCE,27.906,-0.368380,0.523786,-0.193538,0.784791927,0.003039881,-0.006429436,0.067897,7,-0.001935377,-0.193537657,-0.138241183,-0.138241183,0.000000000,manual_A_near_upright
real,BALANCE,27.926,-0.362067,0.519541,-0.191017,0.784792315,0.006129277,-0.006319258,0.067404,7,-0.001910169,-0.191016904,-0.136440645,-0.136440645,0.000000000,manual_A_near_upright
real,BALANCE,27.946,-0.353180,0.511837,-0.185606,0.784792860,0.008878695,-0.006164154,0.066932,7,-0.001856062,-0.185606242,-0.132575887,-0.132575887,0.000000000,manual_A_near_upright
real,BALANCE,27.967,-0.340685,0.499865,-0.178919,0.784793607,0.011657416,-0.005946080,0.066454,7,-0.001789190,-0.178918984,-0.127799274,-0.127799274,0.000000000,manual_A_near_upright
real,BALANCE,27.997,-0.316212,0.474787,-0.165606,0.784794995,0.015583440,-0.005518948,0.065759,7,-0.001656056,-0.165605637,-0.118289741,-0.118289741,0.000000000,manual_A_near_upright
real,BALANCE,28.017,-0.296338,0.453586,-0.155301,0.784796046,0.017992410,-0.005172077,0.065290,7,-0.001553011,-0.155301075,-0.110929339,-0.110929339,0.000000000,manual_A_near_upright
real,BALANCE,28.038,-0.273846,0.429047,-0.143223,0.784797154,0.020225988,-0.004779515,0.064817,7,-0.001432231,-0.143223055,-0.102302182,-0.102302182,0.000000000,manual_A_near_upright
real,BALANCE,28.059,-0.248952,0.401415,-0.129729,0.784798278,0.022259975,-0.004345037,0.064352,7,-0.001297295,-0.129729477,-0.092663912,-0.092663912,0.000000000,manual_A_near_upright
real,BALANCE,28.079,-0.221920,0.370971,-0.115629,0.784799373,0.024063329,-0.003873234,0.063893,7,-0.001156287,-0.115628684,-0.082591917,-0.082591917,0.000000000,manual_A_near_upright
real,BALANCE,28.100,-0.193015,0.338016,-0.100018,0.784800404,0.025642729,-0.003368752,0.063430,7,-0.001000178,-0.100017753,-0.071441252,-0.071441252,0.000000000,manual_A_near_upright
real,BALANCE,28.120,-0.162513,0.302869,-0.084432,0.784801328,0.026955387,-0.002836395,0.062969,7,-0.000844319,-0.084431867,-0.060308476,-0.060308476,0.000000000,manual_A_near_upright
real,BALANCE,28.141,-0.130718,0.265872,-0.067757,0.784802119,0.028018566,-0.002281459,0.062521,7,-0.000677567,-0.067756721,-0.048397658,-0.048397658,0.000000000,manual_A_near_upright
real,BALANCE,28.161,-0.097919,0.227373,-0.050336,0.784802749,0.028819199,-0.001709008,0.062085,7,-0.000503359,-0.050335943,-0.035954245,-0.035954245,0.000000000,manual_A_near_upright
real,BALANCE,28.181,-0.064434,0.187740,-0.032757,0.784803196,0.029341848,-0.001124577,0.061649,7,-0.000327572,-0.032757219,-0.023398014,-0.023398014,0.000000000,manual_A_near_upright
real,BALANCE,28.202,-0.030578,0.147347,-0.014895,0.784803446,0.029588639,-0.000533690,0.061202,7,-0.000148947,-0.014894662,-0.010639044,-0.010639044,0.000000000,manual_A_near_upright
real,BALANCE,28.222,0.003328,0.106574,0.003161,0.784803494,0.029556619,0.000058091,0.060769,7,0.000031612,0.003161245,0.002258032,0.002258032,0.000000000,manual_A_near_upright
real,BALANCE,28.243,0.038626,0.063773,0.023293,0.784803323,0.029207375,0.000674153,0.060322,7,0.000232934,0.023293444,0.016638174,0.016638174,0.000000000,manual_A_near_upright
real,BALANCE,28.264,0.071577,0.023438,0.039850,0.784802954,0.028547668,0.001249250,0.059880,7,0.000398498,0.039849809,0.028464149,0.028464149,0.000000000,manual_A_near_upright
real,BALANCE,28.294,0.119105,-0.035460,0.064894,0.784802089,0.027098534,0.002078772,0.059249,7,0.000648938,0.064893766,0.046352690,0.046352690,0.000000000,manual_A_near_upright
real,BALANCE,28.315,0.147659,-0.071297,0.079713,0.784801378,0.025888023,0.002577135,0.058827,7,0.000797127,0.079712722,0.056937658,0.056937658,0.000000000,manual_A_near_upright
real,BALANCE,28.335,0.176101,-0.107405,0.094456,0.784800526,0.024391198,0.003073535,0.058406,7,0.000944563,0.094456263,0.067468759,0.067468759,0.000000000,manual_A_near_upright
real,BALANCE,28.356,0.202654,-0.141550,0.108370,0.784799604,0.022684244,0.003536973,0.057985,7,0.001083699,0.108369914,0.077407082,0.077407082,0.000000000,manual_A_near_upright
real,BALANCE,28.376,0.227088,-0.173435,0.121472,0.784798647,0.020788447,0.003963438,0.057568,7,0.001214716,0.121471614,0.086765439,0.086765439,0.000000000,manual_A_near_upright
real,BALANCE,28.397,0.249187,-0.202782,0.132220,0.784797687,0.018693333,0.004349135,0.057154,7,0.001322200,0.132219955,0.094442825,0.094442825,0.000000000,manual_A_near_upright
real,BALANCE,28.427,0.277558,-0.241509,0.146830,0.784796331,0.015290496,0.004844309,0.056553,7,0.001468298,0.146829829,0.104878449,0.104878449,0.000000000,manual_A_near_upright
real,BALANCE,28.448,0.293075,-0.263493,0.154691,0.784795528,0.012863606,0.005115127,0.056145,7,0.001546906,0.154690584,0.110493274,0.110493274,0.000000000,manual_A_near_upright
real,BALANCE,28.468,0.305726,-0.282202,0.160998,0.784794841,0.010338736,0.005335931,0.055746,7,0.001609983,0.160998284,0.114998774,0.114998774,0.000000000,manual_A_near_upright
real,BALANCE,28.489,0.315423,-0.297493,0.165849,0.784794294,0.007742190,0.005505163,0.055343,7,0.001658491,0.165849089,0.118463635,0.118463635,0.000000000,manual_A_near_upright
real,BALANCE,28.509,0.322104,-0.309260,0.169169,0.784793903,0.005098054,0.005621770,0.054952,7,0.001691688,0.169168849,0.120834892,0.120834892,0.000000000,manual_A_near_upright
real,BALANCE,28.529,0.325725,-0.317423,0.170626,0.784793683,0.002424083,0.005684966,0.054561,7,0.001706261,0.170626052,0.121875751,0.121875751,0.000000000,manual_A_near_upright
real,BALANCE,28.550,0.326285,-0.321943,0.170750,0.784793637,-0.000244272,0.005694740,0.054168,7,0.001707497,0.170749730,0.121964093,0.121964093,0.000000000,manual_A_near_upright
real,BALANCE,28.571,0.323806,-0.322813,0.169515,0.784793767,-0.002883430,0.005651474,0.053777,7,0.001695155,0.169515471,0.121082479,0.121082479,0.000000000,manual_A_near_upright
real,BALANCE,28.591,0.318369,-0.320075,0.168010,0.784794061,-0.005448449,0.005556591,0.053395,7,0.001680101,0.168010144,0.120007246,0.120007246,0.000000000,manual_A_near_upright
real,BALANCE,28.611,0.310010,-0.313770,0.162867,0.784794511,-0.007987316,0.005410692,0.053014,7,0.001656867,0.165686667,0.118347619,0.118347619,0.000000000,manual_A_near_upright
real,BALANCE,28.632,0.298824,-0.303987,0.156798,0.784795098,-0.010420751,0.005215458,0.052633,7,0.001567985,0.156798458,0.111998899,0.111998899,0.000000000,manual_A_near_upright
real,BALANCE,28.653,0.284947,-0.290853,0.149455,0.784795796,-0.012736668,0.004973263,0.052252,7,0.001494549,0.149454931,0.106753522,0.106753522,0.000000000,manual_A_near_upright
real,BALANCE,28.673,0.268523,-0.274520,0.140599,0.784796581,-0.014920886,0.004686612,0.051881,7,0.001405993,0.140599253,0.100428038,0.100428038,0.000000000,manual_A_near_upright
real,BALANCE,28.694,0.249724,-0.255167,0.130623,0.784797422,-0.016948724,0.004358514,0.051506,7,0.001306232,0.130623221,0.093302301,0.093302301,0.000000000,manual_A_near_upright
real,BALANCE,28.714,0.228743,-0.233005,0.119474,0.784798287,-0.018805381,0.003992315,0.051141,7,0.001194744,0.119474439,0.085338885,0.085338885,0.000000000,manual_A_near_upright
real,BALANCE,28.734,0.205788,-0.208264,0.107314,0.784799146,-0.020474142,0.003591679,0.050779,7,0.001073143,0.107314346,0.076653104,0.076653104,0.000000000,manual_A_near_upright
real,BALANCE,28.755,0.181088,-0.181199,0.094272,0.784799966,-0.021941201,0.003160574,0.050411,7,0.000942722,0.094272238,0.067337313,0.067337313,0.000000000,manual_A_near_upright
real,BALANCE,28.775,0.154882,-0.152084,0.080401,0.784800718,-0.023194810,0.002703200,0.050058,7,0.000804011,0.080401121,0.057429372,0.057429372,0.000000000,manual_A_near_upright
real,BALANCE,28.796,0.127426,-0.121211,0.065940,0.784801377,-0.024223572,0.002223999,0.049696,7,0.000659403,0.065940309,0.047100221,0.047100221,0.000000000,manual_A_near_upright
real,BALANCE,28.816,0.098983,-0.088885,0.050921,0.784801919,-0.025020601,0.001727572,0.049344,7,0.000509208,0.050920757,0.036371969,0.036371969,0.000000000,manual_A_near_upright
real,BALANCE,28.837,0.069824,-0.055423,0.035569,0.784802326,-0.025578729,0.001218658,0.048986,7,0.000355690,0.035568985,0.025406418,0.025406418,0.000000000,manual_A_near_upright
real,BALANCE,28.857,0.040227,-0.021152,0.019967,0.784802585,-0.025894770,0.000702087,0.048635,7,0.000199669,0.019966908,0.014262077,0.014262077,0.000000000,manual_A_near_upright
real,BALANCE,28.878,0.010470,0.013599,0.004296,0.784802691,-0.025966595,0.000182735,0.048283,7,0.000042959,0.004295873,0.003068481,0.003068481,0.000000000,manual_A_near_upright
real,BALANCE,28.899,-0.019165,0.048494,-0.012303,0.784802639,-0.025791865,-0.000334494,0.047935,7,-0.000123025,-0.012302522,-0.008787516,-0.008787516,0.000000000,manual_A_near_upright
real,BALANCE,28.919,-0.048374,0.083189,-0.027711,0.784802429,-0.025342356,-0.000844283,0.047593,7,-0.000277114,-0.027711352,-0.019793823,-0.019793823,0.000000000,manual_A_near_upright
real,BALANCE,28.939,-0.076862,0.117343,-0.042388,0.784802078,-0.024652136,-0.001341487,0.047251,7,-0.000423882,-0.042388190,-0.030277279,-0.030277279,0.000000000,manual_A_near_upright
real,BALANCE,28.960,-0.104379,0.150642,-0.056934,0.784801604,-0.023745194,-0.001821756,0.046914,7,-0.000569340,-0.056934017,-0.040667155,-0.040667155,0.000000000,manual_A_near_upright
real,BALANCE,28.980,-0.130675,0.182777,-0.070621,0.784801026,-0.022619706,-0.002280702,0.046583,7,-0.000706209,-0.070620861,-0.050443472,-0.050443472,0.000000000,manual_A_near_upright
real,BALANCE,29.001,-0.155512,0.213451,-0.083511,0.784800368,-0.021293216,-0.002714189,0.046245,7,-0.000835111,-0.083511056,-0.059650754,-0.059650754,0.000000000,manual_A_near_upright
real,BALANCE,29.021,-0.178673,0.242387,-0.095550,0.784799657,-0.019780660,-0.003118429,0.045917,7,-0.000955504,-0.095550357,-0.068250255,-0.068250255,0.000000000,manual_A_near_upright
real,BALANCE,29.042,-0.199956,0.269324,-0.106529,0.784798920,-0.018096483,-0.003489899,0.045585,7,-0.001065290,-0.106529026,-0.076092162,-0.076092162,0.000000000,manual_A_near_upright
real,BALANCE,29.062,-0.219181,0.294024,-0.116435,0.784798186,-0.016259281,-0.003825436,0.045262,7,-0.001164350,-0.116435011,-0.083167865,-0.083167865,0.000000000,manual_A_near_upright
real,BALANCE,29.083,-0.236187,0.316272,-0.125137,0.784797482,-0.014287143,-0.004122240,0.044934,7,-0.001251366,-0.125136577,-0.089383269,-0.089383269,0.000000000,manual_A_near_upright
real,BALANCE,29.103,-0.250835,0.335877,-0.132608,0.784796835,-0.012200095,-0.004377902,0.044613,7,-0.001326081,-0.132608073,-0.094720052,-0.094720052,0.000000000,manual_A_near_upright
real,BALANCE,29.124,-0.263011,0.352674,-0.138766,0.784796267,-0.010018158,-0.004590411,0.044293,7,-0.001387664,-0.138766352,-0.099118823,-0.099118823,0.000000000,manual_A_near_upright
real,BALANCE,29.154,-0.276446,0.372315,-0.145456,0.784795607,-0.006613203,-0.004824893,0.043825,7,-0.001454557,-0.145455697,-0.103896926,-0.103896926,0.000000000,manual_A_near_upright
real,BALANCE,29.175,-0.282095,0.381559,-0.148172,0.784795318,-0.004287105,-0.004923481,0.043507,7,-0.001481725,-0.148172496,-0.105837497,-0.105837497,0.000000000,manual_A_near_upright
real,BALANCE,29.205,-0.285533,0.389489,-0.149648,0.784795130,-0.000767543,-0.004983492,0.043050,7,-0.001496476,-0.149647630,-0.106891164,-0.106891164,0.000000000,manual_A_near_upright
real,BALANCE,29.226,-0.284471,0.390780,-0.148929,0.784795173,0.001566158,-0.004964950,0.042739,7,-0.001489292,-0.148929185,-0.106377990,-0.106377990,0.000000000,manual_A_near_upright
real,BALANCE,29.246,-0.280793,0.388898,-0.148622,0.784795346,0.003830140,-0.004900769,0.042438,7,-0.001486217,-0.148621725,-0.106158375,-0.106158375,0.000000000,manual_A_near_upright
real,BALANCE,29.266,-0.274524,0.383868,-0.144676,0.784795644,0.006088834,-0.004791355,0.042138,7,-0.001446760,-0.144676039,-0.103340028,-0.103340028,0.000000000,manual_A_near_upright
real,BALANCE,29.287,-0.265729,0.375752,-0.139756,0.784796053,0.008265226,-0.004637841,0.041833,7,-0.001397562,-0.139756247,-0.099825891,-0.099825891,0.000000000,manual_A_near_upright
real,BALANCE,29.317,-0.248051,0.358023,-0.130355,0.784796837,0.011342592,-0.004329312,0.041387,7,-0.001303554,-0.130355421,-0.093111015,-0.093111015,0.000000000,manual_A_near_upright
real,BALANCE,29.338,-0.233452,0.342684,-0.122166,0.784797446,0.013256364,-0.004074515,0.041086,7,-0.001221661,-0.122166145,-0.087261532,-0.087261532,0.000000000,manual_A_near_upright
real,BALANCE,29.359,-0.216785,0.324717,-0.113702,0.784798093,0.015016116,-0.003783612,0.040790,7,-0.001137016,-0.113701609,-0.081215435,-0.081215435,0.000000000,manual_A_near_upright
real,BALANCE,29.379,-0.198221,0.304308,-0.103827,0.784798758,0.016632745,-0.003459600,0.040496,7,-0.001038272,-0.103827151,-0.074162250,-0.074162250,0.000000000,manual_A_near_upright
real,BALANCE,29.400,-0.177937,0.281659,-0.092999,0.784799416,0.018084525,-0.003105593,0.040208,7,-0.000929991,-0.092999136,-0.066427954,-0.066427954,0.000000000,manual_A_near_upright
real,BALANCE,29.420,-0.156141,0.256997,-0.081505,0.784800041,0.019355190,-0.002725168,0.039917,7,-0.000815051,-0.081505089,-0.062392142,-0.062392142,0.000000000,manual_A_near_upright
real,BALANCE,29.441,-0.133043,0.230564,-0.069290,0.784800613,0.020437997,-0.002322036,0.039633,7,-0.000692903,-0.069290325,-0.049493089,-0.049493089,0.000000000,manual_A_near_upright
real,BALANCE,29.471,-0.096449,0.188158,-0.049971,0.784801326,0.021689124,-0.001683347,0.039219,7,-0.000499711,-0.049971096,-0.035693640,-0.035693640,0.000000000,manual_A_near_upright
real,BALANCE,29.492,-0.071096,0.158447,-0.036579,0.784801681,0.022264686,-0.001240862,0.038933,7,-0.000365789,-0.036578894,-0.026127782,-0.026127782,0.000000000,manual_A_near_upright
real,BALANCE,29.522,-0.032237,0.112428,-0.016110,0.784802004,0.022729644,-0.000562646,0.038520,7,-0.000161103,-0.016110271,-0.011507336,-0.011507336,0.000000000,manual_A_near_upright
real,BALANCE,29.543,-0.006122,0.081196,-0.001977,0.784802073,0.022779333,-0.000106852,0.038245,7,-0.000019773,-0.001977252,-0.001412323,-0.001412323,0.000000000,manual_A_near_upright
real,BALANCE,29.563,0.019845,0.049878,0.011964,0.784802018,0.022591399,0.000346355,0.037970,7,0.000119642,0.011964202,0.008545858,0.008545858,0.000000000,manual_A_near_upright
real,BALANCE,29.584,0.045416,0.018767,0.025572,0.784801845,0.022183130,0.000792654,0.037695,7,0.000255716,0.025571592,0.018265423,0.018265423,0.000000000,manual_A_near_upright
real,BALANCE,29.614,0.082489,-0.026873,0.044860,0.784801388,0.021181063,0.001439702,0.037300,7,0.000448597,0.044859743,0.032042674,0.032042674,0.000000000,manual_A_near_upright
real,BALANCE,29.635,0.106025,-0.056212,0.057223,0.784800972,0.020273423,0.001850487,0.037028,7,0.000572235,0.057223498,0.040873927,0.040873927,0.000000000,manual_A_near_upright
real,BALANCE,29.655,0.128367,-0.084371,0.068819,0.784800487,0.019181919,0.002240429,0.036768,7,0.000688189,0.068818943,0.049156388,0.049156388,0.000000000,manual_A_near_upright
real,BALANCE,29.676,0.149317,-0.111098,0.079728,0.784799952,0.017921771,0.002606073,0.036501,7,0.000797284,0.079728415,0.056948868,0.056948868,0.000000000,manual_A_near_upright
real,BALANCE,29.697,0.168691,-0.136160,0.089761,0.784799389,0.016504879,0.002944219,0.036238,7,0.000897615,0.089761483,0.064115345,0.064115345,0.000000000,manual_A_near_upright
real,BALANCE,29.717,0.186323,-0.159338,0.098850,0.784798819,0.014946463,0.003251948,0.035979,7,0.000988500,0.098849992,0.070607137,0.070607137,0.000000000,manual_A_near_upright
real,BALANCE,29.738,0.202063,-0.180434,0.106947,0.784798263,0.013262922,0.003526666,0.035722,7,0.001069471,0.106947096,0.076390783,0.076390783,0.000000000,manual_A_near_upright
real,BALANCE,29.758,0.215782,-0.199272,0.113966,0.784797743,0.011470532,0.003766107,0.035464,7,0.001139661,0.113966068,0.081404334,0.081404334,0.000000000,manual_A_near_upright
real,BALANCE,29.789,0.232335,-0.222966,0.122358,0.784797071,0.008616876,0.004055018,0.035080,7,0.001223584,0.122358403,0.087398859,0.087398859,0.000000000,manual_A_near_upright
real,BALANCE,29.810,0.240568,-0.235538,0.126672,0.784796717,0.006635449,0.004198702,0.034827,7,0.001266722,0.126672161,0.090480115,0.090480115,0.000000000,manual_A_near_upright
real,BALANCE,29.830,0.246485,-0.245419,0.129346,0.784796454,0.004600651,0.004301977,0.034579,7,0.001293464,0.129346414,0.092390296,0.092390296,0.000000000,manual_A_near_upright
real,BALANCE,29.851,0.250052,-0.252542,0.131107,0.784796289,0.002547121,0.004364223,0.034330,7,0.001311069,0.131106917,0.093647798,0.093647798,0.000000000,manual_A_near_upright
real,BALANCE,29.871,0.251257,-0.256866,0.131488,0.784796228,0.000484245,0.004385260,0.034086,7,0.001314877,0.131487683,0.093919773,0.093919773,0.000000000,manual_A_near_upright
real,BALANCE,29.891,0.250107,-0.258375,0.130662,0.784796271,-0.001565294,0.004365185,0.033848,7,0.001306617,0.130661674,0.093329767,0.093329767,0.000000000,manual_A_near_upright
real,BALANCE,29.911,0.246662,-0.257097,0.130432,0.784796414,-0.003546606,0.004305060,0.033609,7,0.001304322,0.130432207,0.093165862,0.093165862,0.000000000,manual_A_near_upright
real,BALANCE,29.932,0.240956,-0.253060,0.127087,0.784796652,-0.005520896,0.004205478,0.033364,7,0.001270866,0.127086641,0.090776172,0.090776172,0.000000000,manual_A_near_upright
real,BALANCE,29.952,0.233035,-0.246313,0.122490,0.784796975,-0.007429446,0.004067220,0.033132,7,0.001224895,0.122489510,0.087492507,0.087492507,0.000000000,manual_A_near_upright
real,BALANCE,29.982,0.217229,-0.231325,0.113915,0.784797590,-0.010122660,0.003791358,0.032781,7,0.001172759,0.117275888,0.083768492,0.083768492,0.000000000,manual_A_near_upright
real,BALANCE,30.003,0.204239,-0.218255,0.107180,0.784798062,-0.011781690,0.003564641,0.032544,7,0.001106243,0.110624275,0.079017339,0.079017339,0.000000000,manual_A_near_upright
real,BALANCE,30.023,0.189444,-0.202887,0.099213,0.784798565,-0.013325038,0.003306421,0.032309,7,0.001029295,0.102929490,0.073521064,0.073521064,0.000000000,manual_A_near_upright
real,BALANCE,30.043,0.172996,-0.185386,0.090610,0.784799079,-0.014728307,0.003019356,0.032079,7,0.000950958,0.095095784,0.067925560,0.067925560,0.000000000,manual_A_near_upright
real,BALANCE,30.065,0.155056,-0.165933,0.080992,0.784799586,-0.015989498,0.002706239,0.031847,7,0.000809924,0.080992382,0.057851701,0.057851701,0.000000000,manual_A_near_upright
real,BALANCE,30.086,0.135803,-0.144727,0.070831,0.784800066,-0.017089852,0.002370217,0.031617,7,0.000708309,0.070830912,0.050593509,0.050593509,0.000000000,manual_A_near_upright
real,BALANCE,30.106,0.115427,-0.121983,0.060052,0.784800503,-0.018023885,0.002014589,0.031390,7,0.000600522,0.060052184,0.042894417,0.042894417,0.000000000,manual_A_near_upright
real,BALANCE,30.127,0.094122,-0.097927,0.048618,0.784800882,-0.018786891,0.001642741,0.031164,7,0.000486178,0.048617762,0.034726973,0.034726973,0.000000000,manual_A_near_upright
real,BALANCE,30.147,0.072097,-0.072797,0.036822,0.784801190,-0.019368990,0.001258333,0.030942,7,0.000368223,0.036822312,0.026301652,0.026301652,0.000000000,manual_A_near_upright
real,BALANCE,30.177,0.038173,-0.033630,0.019399,0.784801494,-0.019879026,0.000666244,0.030615,7,0.000193988,0.019398841,0.013856315,0.013856315,0.000000000,manual_A_near_upright
real,BALANCE,30.198,0.015280,-0.006907,0.007193,0.784801585,-0.019994254,0.000266678,0.030394,7,0.000071926,0.007192575,0.005137553,0.005137553,0.000000000,manual_A_near_upright
real,BALANCE,30.218,-0.007588,0.020009,-0.005197,0.784801584,-0.019918305,-0.000132432,0.030175,7,-0.000051966,-0.005196596,-0.003711855,-0.003711855,0.000000000,manual_A_near_upright
real,BALANCE,30.239,-0.030202,0.046854,-0.017424,0.784801488,-0.019640466,-0.000527126,0.029960,7,-0.000174239,-0.017423878,-0.012445627,-0.012445627,0.000000000,manual_A_near_upright
real,BALANCE,30.259,-0.052334,0.073366,-0.028828,0.784801306,-0.019168809,-0.000913395,0.029745,7,-0.000288278,-0.028827803,-0.020591288,-0.020591288,0.000000000,manual_A_near_upright
real,BALANCE,30.280,-0.073783,0.099298,-0.040128,0.784801048,-0.018526987,-0.001287753,0.029532,7,-0.000401283,-0.040128292,-0.028663066,-0.028663066,0.000000000,manual_A_near_upright
real,BALANCE,30.300,-0.094355,0.124409,-0.050894,0.784800723,-0.017715587,-0.001646812,0.029326,7,-0.000508939,-0.050893946,-0.036352819,-0.036352819,0.000000000,manual_A_near_upright
real,BALANCE,30.320,-0.113864,0.148467,-0.061032,0.784800347,-0.016744485,-0.001987303,0.029117,7,-0.000610319,-0.061031945,-0.043594246,-0.043594246,0.000000000,manual_A_near_upright
real,BALANCE,30.341,-0.132137,0.171254,-0.070540,0.784799933,-0.015626165,-0.002306220,0.028907,7,-0.000705403,-0.070540306,-0.050385933,-0.050385933,0.000000000,manual_A_near_upright
real,BALANCE,30.361,-0.149013,0.192565,-0.079285,0.784799499,-0.014371246,-0.002600770,0.028701,7,-0.000792849,-0.079284928,-0.056632091,-0.056632091,0.000000000,manual_A_near_upright
real,BALANCE,30.382,-0.164348,0.212209,-0.087200,0.784799061,-0.012993089,-0.002868410,0.028495,7,-0.000872005,-0.087200474,-0.062286053,-0.062286053,0.000000000,manual_A_near_upright
real,BALANCE,30.413,-0.184180,0.238180,-0.097386,0.784798433,-0.010725782,-0.003214550,0.028190,7,-0.000973855,-0.097385539,-0.069561099,-0.069561099,0.000000000,manual_A_near_upright
real,BALANCE,30.433,-0.195134,0.252949,-0.103238,0.784798056,-0.009108374,-0.003405726,0.027989,7,-0.001032384,-0.103238399,-0.073741713,-0.073741713,0.000000000,manual_A_near_upright
real,BALANCE,30.454,-0.204171,0.265535,-0.107676,0.784797728,-0.007411372,-0.003563458,0.027791,7,-0.001076763,-0.107676336,-0.076911669,-0.076911669,0.000000000,manual_A_near_upright
real,BALANCE,30.474,-0.211210,0.275830,-0.110942,0.784797462,-0.005658041,-0.003686307,0.027590,7,-0.001109417,-0.110941673,-0.079244052,-0.079244052,0.000000000,manual_A_near_upright
real,BALANCE,30.504,-0.217946,0.286822,-0.114379,0.784797196,-0.002973660,-0.003803881,0.027299,7,-0.001143793,-0.114379320,-0.081699514,-0.081699514,0.000000000,manual_A_near_upright
real,BALANCE,30.525,-0.219849,0.291105,-0.115147,0.784797117,-0.001161589,-0.003837083,0.027101,7,-0.001151468,-0.115146769,-0.082247692,-0.082247692,0.000000000,manual_A_near_upright
real,BALANCE,30.545,-0.219678,0.292924,-0.114928,0.784797117,0.000644486,-0.003834108,0.026912,7,-0.001149277,-0.114927745,-0.082091247,-0.082091247,0.000000000,manual_A_near_upright
real,BALANCE,30.566,-0.217472,0.292288,-0.114998,0.784797196,0.002401277,-0.003795598,0.026716,7,-0.001149980,-0.114997974,-0.082141410,-0.082141410,0.000000000,manual_A_near_upright
real,BALANCE,30.587,-0.213272,0.289223,-0.112896,0.784797350,0.004146589,-0.003722299,0.026525,7,-0.001128958,-0.112895790,-0.080639850,-0.080639850,0.000000000,manual_A_near_upright
real,BALANCE,30.607,-0.207095,0.283757,-0.109098,0.784797574,0.005852774,-0.003614489,0.026332,7,-0.001090980,-0.109098008,-0.077927148,-0.077927148,0.000000000,manual_A_near_upright
real,BALANCE,30.628,-0.199027,0.275964,-0.104835,0.784797856,0.007480150,-0.003473681,0.026142,7,-0.001048349,-0.104834882,-0.074882059,-0.074882059,0.000000000,manual_A_near_upright
real,BALANCE,30.648,-0.189164,0.265936,-0.099643,0.784798187,0.009025382,-0.003301541,0.025954,7,-0.000996427,-0.099642730,-0.071173379,-0.071173379,0.000000000,manual_A_near_upright
real,BALANCE,30.669,-0.177604,0.253777,-0.093360,0.784798554,0.010479052,-0.003099778,0.025766,7,-0.000933598,-0.093359764,-0.066685546,-0.066685546,0.000000000,manual_A_near_upright
real,BALANCE,30.699,-0.157341,0.231825,-0.082440,0.784799141,0.012451681,-0.002746122,0.025494,7,-0.000824405,-0.082440480,-0.058886057,-0.058886057,0.000000000,manual_A_near_upright
real,BALANCE,30.720,-0.142105,0.214944,-0.074638,0.784799533,0.013604468,-0.002480193,0.025310,7,-0.000746383,-0.074638266,-0.053313047,-0.053313047,0.000000000,manual_A_near_upright
real,BALANCE,30.741,-0.125647,0.196453,-0.065711,0.784799913,0.014632329,-0.002192955,0.025129,7,-0.000657111,-0.065711058,-0.046936470,-0.046936470,0.000000000,manual_A_near_upright
real,BALANCE,30.761,-0.108135,0.176538,-0.056496,0.784800263,0.015510744,-0.001887317,0.024948,7,-0.000564959,-0.056495917,-0.040354226,-0.040354226,0.000000000,manual_A_near_upright
real,BALANCE,30.792,-0.080251,0.144418,-0.041518,0.784800711,0.016549534,-0.001400642,0.024684,7,-0.000415181,-0.041518107,-0.029655791,-0.029655791,0.000000000,manual_A_near_upright
real,BALANCE,30.812,-0.060873,0.121822,-0.031726,0.784800939,0.017031759,-0.001062441,0.024507,7,-0.000317256,-0.031725569,-0.022661121,-0.022661121,0.000000000,manual_A_near_upright
real,BALANCE,30.832,-0.041062,0.098521,-0.020990,0.784801106,0.017366600,-0.000716664,0.024335,7,-0.000209901,-0.020990077,-0.014992912,-0.014992912,0.000000000,manual_A_near_upright
real,BALANCE,30.853,-0.021010,0.074741,-0.010485,0.784801203,0.017528822,-0.000366692,0.024159,7,-0.000104853,-0.010485254,-0.007489467,-0.007489467,0.000000000,manual_A_near_upright
real,BALANCE,30.873,-0.000909,0.050707,0.000084,0.784801229,0.017526846,-0.000015869,0.023988,7,0.000000845,0.000084461,0.000060329,0.000060329,0.000000000,manual_A_near_upright
real,BALANCE,30.893,0.019052,0.026644,0.011197,0.784801183,0.017357219,0.000332515,0.023818,7,0.000111974,0.011197357,0.007998112,0.007998112,0.000000000,manual_A_near_upright
real,BALANCE,30.914,0.038668,0.002785,0.021326,0.784801068,0.017008020,0.000674879,0.023645,7,0.000213261,0.021326111,0.015232937,0.015232937,0.000000000,manual_A_near_upright
real,BALANCE,30.935,0.057754,-0.020647,0.031320,0.784800890,0.016505472,0.001008003,0.023474,7,0.000313205,0.031320452,0.022371751,0.022371751,0.000000000,manual_A_near_upright
real,BALANCE,30.955,0.076141,-0.043441,0.040990,0.784800659,0.015853532,0.001328915,0.023305,7,0.000409896,0.040989574,0.029278267,0.029278267,0.000000000,manual_A_near_upright
real,BALANCE,30.976,0.093660,-0.065388,0.050108,0.784800383,0.015056931,0.001634671,0.023138,7,0.000501078,0.050107838,0.035791313,0.035791313,0.000000000,manual_A_near_upright
real,BALANCE,30.996,0.110154,-0.086293,0.058703,0.784800073,0.014126814,0.001922543,0.022971,7,0.000587035,0.058703497,0.041931069,0.041931069,0.000000000,manual_A_near_upright
real,BALANCE,31.018,0.125477,-0.105969,0.066661,0.784799743,0.013072361,0.002189993,0.022804,7,0.000666608,0.066660750,0.047614821,0.047614821,0.000000000,manual_A_near_upright
real,BALANCE,31.047,0.145988,-0.132811,0.077221,0.784799235,0.011281386,0.002547967,0.022566,7,0.000772213,0.077221298,0.055158070,0.055158070,0.000000000,manual_A_near_upright
real,BALANCE,31.068,0.157831,-0.148694,0.083312,0.784798909,0.009966866,0.002754665,0.022403,7,0.000833125,0.083312452,0.059508894,0.059508894,0.000000000,manual_A_near_upright
real,BALANCE,31.089,0.168107,-0.162817,0.088813,0.784798605,0.008575504,0.002934016,0.022241,7,0.000888131,0.088813133,0.063437952,0.063437952,0.000000000,manual_A_near_upright
real,BALANCE,31.109,0.176721,-0.175059,0.093021,0.784798336,0.007107535,0.003084366,0.022083,7,0.000930212,0.093021236,0.066443740,0.066443740,0.000000000,manual_A_near_upright
real,BALANCE,31.139,0.186391,-0.189689,0.097945,0.784798016,0.004816507,0.003253145,0.021850,7,0.000979453,0.097945280,0.069960914,0.069960914,0.000000000,manual_A_near_upright
real,BALANCE,31.160,0.190605,-0.196847,0.099877,0.784797871,0.003242379,0.003326688,0.021692,7,0.000998772,0.099877154,0.071340824,0.071340824,0.000000000,manual_A_near_upright
real,BALANCE,31.180,0.193003,-0.201871,0.101017,0.784797785,0.001654871,0.003368532,0.021540,7,0.001010165,0.101016523,0.072154659,0.072154659,0.000000000,manual_A_near_upright
real,BALANCE,31.210,0.193183,-0.205351,0.100896,0.784797772,-0.000727062,0.003371688,0.021312,7,0.001008961,0.100896064,0.072068617,0.072068617,0.000000000,manual_A_near_upright
real,BALANCE,31.231,0.191063,-0.204971,0.100970,0.784797839,-0.002265991,0.003334678,0.021156,7,0.001009703,0.100970342,0.072121673,0.072121673,0.000000000,manual_A_near_upright
real,BALANCE,31.252,0.187201,-0.202461,0.099226,0.784797963,-0.003791646,0.003267279,0.021003,7,0.000992260,0.099226047,0.070875748,0.070875748,0.000000000,manual_A_near_upright
real,BALANCE,31.273,0.181603,-0.197843,0.095590,0.784798141,-0.005290114,0.003169570,0.020850,7,0.000955904,0.095590417,0.068278870,0.068278870,0.000000000,manual_A_near_upright
real,BALANCE,31.293,0.173948,-0.190800,0.091642,0.784798375,-0.006780402,0.003035974,0.020700,7,0.000916419,0.091641923,0.065458517,0.065458517,0.000000000,manual_A_near_upright
real,BALANCE,31.314,0.165534,-0.182570,0.087264,0.784798622,-0.008060016,0.002889119,0.020552,7,0.000872637,0.087263721,0.062331229,0.062331229,0.000000000,manual_A_near_upright
real,BALANCE,31.335,0.155235,-0.172093,0.081614,0.784798908,-0.009329324,0.002709361,0.020404,7,0.000816137,0.081613743,0.058295531,0.058295531,0.000000000,manual_A_near_upright
real,BALANCE,31.356,0.143559,-0.159865,0.075135,0.784799210,-0.010504449,0.002505581,0.020253,7,0.000751355,0.075135469,0.053668192,0.053668192,0.000000000,manual_A_near_upright
real,BALANCE,31.376,0.130627,-0.146017,0.068383,0.784799515,-0.011564355,0.002279867,0.020109,7,0.000683825,0.068382508,0.048844649,0.048844649,0.000000000,manual_A_near_upright
real,BALANCE,31.397,0.116583,-0.130700,0.061209,0.784799813,-0.012505736,0.002034764,0.019963,7,0.000612087,0.061208717,0.043720512,0.043720512,0.000000000,manual_A_near_upright
real,BALANCE,31.418,0.101553,-0.114062,0.053047,0.784800095,-0.013333403,0.001772427,0.019820,7,0.000530468,0.053046790,0.037890564,0.037890564,0.000000000,manual_A_near_upright
real,BALANCE,31.438,0.085686,-0.096274,0.044701,0.784800348,-0.014025244,0.001495497,0.019677,7,0.000447011,0.044701146,0.031929390,0.031929390,0.000000000,manual_A_near_upright
real,BALANCE,31.459,0.069138,-0.077512,0.035966,0.784800565,-0.014582021,0.001206688,0.019533,7,0.000359656,0.035965640,0.025689743,0.025689743,0.000000000,manual_A_near_upright
real,BALANCE,31.479,0.052060,-0.057957,0.026685,0.784800738,-0.015003598,0.000908617,0.019395,7,0.000266854,0.026685435,0.019061025,0.019061025,0.000000000,manual_A_near_upright
real,BALANCE,31.500,0.034634,-0.037808,0.017872,0.784800861,-0.015268684,0.000604484,0.019255,7,0.000178719,0.017871889,0.012765635,0.012765635,0.000000000,manual_A_near_upright
real,BALANCE,31.521,0.017009,-0.017254,0.007991,0.784800932,-0.015409261,0.000296863,0.019114,7,0.000079907,0.007990706,0.005707647,0.005707647,0.000000000,manual_A_near_upright
real,BALANCE,31.542,-0.000641,0.003506,-0.000842,0.784800946,-0.015381525,-0.000011194,0.018975,7,-0.000008421,-0.000842103,-0.000601502,-0.000601502,0.000000000,manual_A_near_upright
real,BALANCE,31.562,-0.018143,0.024269,-0.010454,0.784800906,-0.015215449,-0.000316654,0.018838,7,-0.000104536,-0.010453568,-0.007466834,-0.007466834,0.000000000,manual_A_near_upright
real,BALANCE,31.583,-0.035330,0.044837,-0.019453,0.784800813,-0.014898312,-0.000616619,0.018702,7,-0.000194531,-0.019453123,-0.013895088,-0.013895088,0.000000000,manual_A_near_upright
real,BALANCE,31.604,-0.052036,0.065014,-0.028155,0.784800673,-0.014443289,-0.000908208,0.018566,7,-0.000281553,-0.028155310,-0.020110936,-0.020110936,0.000000000,manual_A_near_upright
real,BALANCE,31.625,-0.068114,0.084614,-0.036610,0.784800491,-0.013858584,-0.001188816,0.018432,7,-0.000366102,-0.036610242,-0.026150173,-0.026150173,0.000000000,manual_A_near_upright
real,BALANCE,31.645,-0.083416,0.103456,-0.044586,0.784800276,-0.013147672,-0.001455887,0.018298,7,-0.000445857,-0.044585741,-0.031846958,-0.031846958,0.000000000,manual_A_near_upright
real,BALANCE,31.676,-0.104618,0.129924,-0.055619,0.784799909,-0.011864746,-0.001825928,0.018101,7,-0.000556187,-0.055618717,-0.039727655,-0.039727655,0.000000000,manual_A_near_upright
real,BALANCE,31.696,-0.117404,0.146141,-0.062252,0.784799650,-0.010878142,-0.002049086,0.017972,7,-0.000622518,-0.062251803,-0.044465574,-0.044465574,0.000000000,manual_A_near_upright
real,BALANCE,31.717,-0.128981,0.161046,-0.068231,0.784799390,-0.009798170,-0.002251140,0.017843,7,-0.000682309,-0.068230896,-0.048736354,-0.048736354,0.000000000,manual_A_near_upright
real,BALANCE,31.737,-0.139251,0.174508,-0.073516,0.784799139,-0.008635911,-0.002430382,0.017716,7,-0.000735160,-0.073515990,-0.052511422,-0.052511422,0.000000000,manual_A_near_upright
real,BALANCE,31.758,-0.148129,0.186412,-0.078062,0.784798908,-0.007402959,-0.002585333,0.017588,7,-0.000780624,-0.078062399,-0.055758856,-0.055758856,0.000000000,manual_A_near_upright
real,BALANCE,31.778,-0.155544,0.196658,-0.081834,0.784798703,-0.006111366,-0.002714755,0.017462,7,-0.000818338,-0.081833752,-0.058452680,-0.058452680,0.000000000,manual_A_near_upright
real,BALANCE,31.799,-0.161441,0.205163,-0.084947,0.784798534,-0.004776595,-0.002817685,0.017338,7,-0.000849468,-0.084946835,-0.060676311,-0.060676311,0.000000000,manual_A_near_upright
real,BALANCE,31.819,-0.165776,0.211859,-0.086933,0.784798404,-0.003402081,-0.002893340,0.017215,7,-0.000869327,-0.086932723,-0.062094802,-0.062094802,0.000000000,manual_A_near_upright
real,BALANCE,31.840,-0.168520,0.216696,-0.088236,0.784798319,-0.002010748,-0.002941223,0.017090,7,-0.000882363,-0.088236327,-0.063025948,-0.063025948,0.000000000,manual_A_near_upright
real,BALANCE,31.860,-0.169664,0.219646,-0.088778,0.784798281,-0.000613610,-0.002961196,0.016970,7,-0.000887782,-0.088778189,-0.063412992,-0.063412992,0.000000000,manual_A_near_upright
real,BALANCE,31.881,-0.169207,0.220691,-0.088337,0.784798291,0.000780683,-0.002953227,0.016848,7,-0.000883369,-0.088336857,-0.063097755,-0.063097755,0.000000000,manual_A_near_upright
real,BALANCE,31.901,-0.167198,0.219852,-0.088908,0.784798347,0.002118579,-0.002918148,0.016728,7,-0.000889083,-0.088908304,-0.063505931,-0.063505931,0.000000000,manual_A_near_upright
real,BALANCE,31.922,-0.163650,0.217141,-0.086750,0.784798447,0.003467277,-0.002856233,0.016607,7,-0.000867504,-0.086750384,-0.061964560,-0.061964560,0.000000000,manual_A_near_upright
real,BALANCE,31.953,-0.155504,0.209635,-0.082031,0.784798672,0.005405376,-0.002714060,0.016429,7,-0.000820312,-0.082031239,-0.058593742,-0.058593742,0.000000000,manual_A_near_upright
real,BALANCE,31.973,-0.148298,0.202433,-0.078335,0.784798861,0.006616388,-0.002588288,0.016311,7,-0.000783350,-0.078334959,-0.055953542,-0.055953542,0.000000000,manual_A_near_upright
real,BALANCE,31.993,-0.139759,0.193563,-0.073844,0.784799073,0.007758500,-0.002439256,0.016195,7,-0.000738437,-0.073843698,-0.052745499,-0.052745499,0.000000000,manual_A_near_upright
real,BALANCE,32.014,-0.129976,0.183117,-0.068487,0.784799302,0.008824095,-0.002268511,0.016079,7,-0.000684866,-0.068486575,-0.048918982,-0.048918982,0.000000000,manual_A_near_upright
real,BALANCE,32.034,-0.119042,0.171202,-0.062337,0.784799537,0.009803154,-0.002077681,0.015965,7,-0.000623372,-0.062337220,-0.044526585,-0.044526585,0.000000000,manual_A_near_upright
real,BALANCE,32.054,-0.107079,0.157944,-0.056330,0.784799770,0.010669029,-0.001868880,0.015851,7,-0.000563296,-0.056329567,-0.040235405,-0.040235405,0.000000000,manual_A_near_upright
real,BALANCE,32.075,-0.094206,0.143475,-0.049478,0.784799993,0.011436851,-0.001644198,0.015738,7,-0.000494775,-0.049477519,-0.035341085,-0.035341085,0.000000000,manual_A_near_upright
real,BALANCE,32.095,-0.080543,0.127938,-0.042172,0.784800197,0.012092909,-0.001405744,0.015626,7,-0.000421722,-0.042172161,-0.030122972,-0.030122972,0.000000000,manual_A_near_upright
real,BALANCE,32.116,-0.066225,0.111483,-0.034307,0.784800377,0.012635688,-0.001155841,0.015514,7,-0.000343068,-0.034306831,-0.024504879,-0.024504879,0.000000000,manual_A_near_upright
real,BALANCE,32.136,-0.051394,0.094273,-0.026826,0.784800523,0.013042609,-0.000897003,0.015404,7,-0.000268264,-0.026826416,-0.019161726,-0.019161726,0.000000000,manual_A_near_upright
real,BALANCE,32.157,-0.036195,0.076475,-0.018671,0.784800633,0.013334821,-0.000631717,0.015293,7,-0.000186709,-0.018670881,-0.013336344,-0.013336344,0.000000000,manual_A_near_upright
real,BALANCE,32.187,-0.013018,0.049045,-0.006550,0.784800722,0.013528582,-0.000227216,0.015133,7,-0.000065503,-0.006550294,-0.004678782,-0.004678782,0.000000000,manual_A_near_upright
real,BALANCE,32.217,0.010176,0.021254,0.005966,0.784800716,0.013437113,0.000177603,0.014972,7,0.000059664,0.005966431,0.004261736,0.004261736,0.000000000,manual_A_near_upright
real,BALANCE,32.238,0.025397,0.002820,0.013975,0.784800659,0.013208681,0.000443259,0.014864,7,0.000139746,0.013974582,0.009981844,0.009981844,0.000000000,manual_A_near_upright
real,BALANCE,32.259,0.040252,-0.015335,0.021713,0.784800564,0.012856674,0.000702527,0.014758,7,0.000217126,0.021712582,0.015508987,0.015508987,0.000000000,manual_A_near_upright
real,BALANCE,32.279,0.054607,-0.033046,0.029269,0.784800436,0.012388790,0.000953073,0.014651,7,0.000292694,0.029269391,0.020906708,0.020906708,0.000000000,manual_A_near_upright
real,BALANCE,32.300,0.068331,-0.050152,0.036435,0.784800279,0.011807582,0.001192609,0.014546,7,0.000364349,0.036434937,0.026024955,0.026024955,0.000000000,manual_A_near_upright
real,BALANCE,32.320,0.081301,-0.066498,0.043195,0.784800100,0.011120673,0.001418974,0.014441,7,0.000431955,0.043195465,0.030853904,0.030853904,0.000000000,manual_A_near_upright
real,BALANCE,32.341,0.093401,-0.081937,0.049493,0.784799906,0.010335472,0.001630163,0.014337,7,0.000494930,0.049492976,0.035352125,0.035352125,0.000000000,manual_A_near_upright
real,BALANCE,32.361,0.104526,-0.096335,0.055260,0.784799705,0.009460034,0.001824326,0.014234,7,0.000552604,0.055260445,0.039471747,0.039471747,0.000000000,manual_A_near_upright
real,BALANCE,32.382,0.114579,-0.109566,0.060456,0.784799505,0.008503527,0.001999787,0.014132,7,0.000604557,0.060455690,0.043182636,0.043182636,0.000000000,manual_A_near_upright
real,BALANCE,32.402,0.123476,-0.121516,0.065036,0.784799312,0.007475632,0.002155067,0.014031,7,0.000650363,0.065036280,0.046454486,0.046454486,0.000000000,manual_A_near_upright
real,BALANCE,32.423,0.131143,-0.132086,0.068964,0.784799135,0.006386518,0.002288884,0.013931,7,0.000689635,0.068963535,0.049259668,0.049259668,0.000000000,manual_A_near_upright
real,BALANCE,32.452,0.140208,-0.145168,0.073561,0.784798912,0.004661676,0.002447086,0.013785,7,0.000722018,0.072201812,0.051572723,0.051572723,0.000000000,manual_A_near_upright
real,BALANCE,32.473,0.144560,-0.151940,0.075740,0.784798799,0.003467181,0.002523048,0.013686,7,0.000757400,0.075739996,0.054099997,0.054099997,0.000000000,manual_A_near_upright
real,BALANCE,32.494,0.147524,-0.157094,0.077180,0.784798720,0.002250094,0.002574774,0.013588,7,0.000771798,0.077179840,0.055128457,0.055128457,0.000000000,manual_A_near_upright
real,BALANCE,32.515,0.149082,-0.160594,0.077887,0.784798676,0.001022146,0.002601980,0.013490,7,0.000778869,0.077886856,0.055633469,0.055633469,0.000000000,manual_A_near_upright
real,BALANCE,32.545,0.148784,-0.162712,0.077559,0.784798680,-0.000815296,0.002596765,0.013347,7,0.000775589,0.077558945,0.055399247,0.055399247,0.000000000,manual_A_near_upright
real,BALANCE,32.566,0.146741,-0.161971,0.078087,0.784798730,-0.002044681,0.002561113,0.013250,7,0.000780868,0.078086839,0.055776313,0.055776313,0.000000000,manual_A_near_upright
real,BALANCE,32.586,0.143617,-0.159743,0.076248,0.784798807,-0.003166119,0.002506588,0.013157,7,0.000762484,0.076248399,0.054463142,0.054463142,0.000000000,manual_A_near_upright
real,BALANCE,32.606,0.138766,-0.155581,0.073222,0.784798925,-0.004368995,0.002421929,0.013064,7,0.000732218,0.073221776,0.052301269,0.052301269,0.000000000,manual_A_near_upright
real,BALANCE,32.626,0.133183,-0.150336,0.070547,0.784799056,-0.005396419,0.002324477,0.012971,7,0.000705466,0.070546612,0.050390437,0.050390437,0.000000000,manual_A_near_upright
real,BALANCE,32.647,0.126132,-0.143353,0.066545,0.784799215,-0.006432280,0.002201423,0.012878,7,0.000665450,0.066545045,0.047532175,0.047532175,0.000000000,manual_A_near_upright
real,BALANCE,32.667,0.117954,-0.134950,0.062188,0.784799387,-0.007394979,0.002058688,0.012789,7,0.000621881,0.062188071,0.044420051,0.044420051,0.000000000,manual_A_near_upright
real,BALANCE,32.697,0.103766,-0.119886,0.054632,0.784799659,-0.008693801,0.001811056,0.012655,7,0.000546319,0.054631897,0.039022784,0.039022784,0.000000000,manual_A_near_upright
real,BALANCE,32.727,0.087561,-0.102188,0.046020,0.784799926,-0.009795870,0.001528225,0.012520,7,0.000460201,0.046020124,0.032871517,0.032871517,0.000000000,manual_A_near_upright
real,BALANCE,32.748,0.075815,-0.089125,0.039787,0.784800090,-0.010410772,0.001323224,0.012430,7,0.000397871,0.039787100,0.028419357,0.028419357,0.000000000,manual_A_near_upright
real,BALANCE,32.768,0.063449,-0.075203,0.033235,0.784800237,-0.010923653,0.001107394,0.012342,7,0.000332350,0.033235004,0.023739289,0.023739289,0.000000000,manual_A_near_upright
real,BALANCE,32.789,0.049928,-0.059810,0.026019,0.784800366,-0.011349182,0.000871416,0.012252,7,0.000260190,0.026018980,0.018584986,0.018584986,0.000000000,manual_A_near_upright
real,BALANCE,32.809,0.037340,-0.045336,0.019503,0.784800457,-0.011626566,0.000651710,0.012166,7,0.000195032,0.019503213,0.013930866,0.013930866,0.000000000,manual_A_near_upright
real,BALANCE,32.830,0.023851,-0.029685,0.012330,0.784800524,-0.011814297,0.000416280,0.012078,7,0.000123300,0.012330018,0.008807156,0.008807156,0.000000000,manual_A_near_upright
real,BALANCE,32.850,0.010239,-0.013755,0.005106,0.784800559,-0.011889601,0.000178704,0.011992,7,0.000051055,0.005105501,0.003646786,0.003646786,0.000000000,manual_A_near_upright
real,BALANCE,32.871,-0.003364,0.002301,-0.002116,0.784800561,-0.011851087,-0.000058718,0.011905,7,-0.000021160,-0.002116020,-0.001511443,-0.001511443,0.000000000,manual_A_near_upright
real,BALANCE,32.891,-0.016829,0.018329,-0.009380,0.784800530,-0.011698103,-0.000293724,0.011822,7,-0.000093804,-0.009380365,-0.006700261,-0.006700261,0.000000000,manual_A_near_upright
real,BALANCE,32.912,-0.030023,0.034173,-0.016223,0.784800469,-0.011430805,-0.000523992,0.011736,7,-0.000162226,-0.016222582,-0.011587559,-0.011587559,0.000000000,manual_A_near_upright
real,BALANCE,32.932,-0.042825,0.049687,-0.023063,0.784800380,-0.011062775,-0.000747446,0.011651,7,-0.000230628,-0.023062821,-0.016473444,-0.016473444,0.000000000,manual_A_near_upright
real,BALANCE,32.953,-0.055116,0.064725,-0.029307,0.784800267,-0.010587358,-0.000961955,0.011567,7,-0.000293068,-0.029306845,-0.020933461,-0.020933461,0.000000000,manual_A_near_upright
real,BALANCE,32.974,-0.066788,0.079150,-0.035511,0.784800135,-0.010022770,-0.001165675,0.011484,7,-0.000355106,-0.035510629,-0.025364735,-0.025364735,0.000000000,manual_A_near_upright
real,BALANCE,32.994,-0.077736,0.092832,-0.041190,0.784799990,-0.009366015,-0.001356758,0.011403,7,-0.000411902,-0.041190211,-0.029421579,-0.029421579,0.000000000,manual_A_near_upright
real,BALANCE,33.015,-0.087863,0.105645,-0.046439,0.784799836,-0.008627365,-0.001533499,0.011321,7,-0.000464389,-0.046438865,-0.033170618,-0.033170618,0.000000000,manual_A_near_upright
real,BALANCE,33.035,-0.097081,0.117477,-0.051226,0.784799681,-0.007814580,-0.001694382,0.011241,7,-0.000512258,-0.051225764,-0.036589832,-0.036589832,0.000000000,manual_A_near_upright
real,BALANCE,33.055,-0.105311,0.128223,-0.055467,0.784799530,-0.006935067,-0.001838028,0.011161,7,-0.000554667,-0.055466654,-0.039619039,-0.039619039,0.000000000,manual_A_near_upright
real,BALANCE,33.076,-0.112484,0.137791,-0.059021,0.784799388,-0.005995550,-0.001963213,0.011081,7,-0.000590208,-0.059020769,-0.042157692,-0.042157692,0.000000000,manual_A_near_upright
real,BALANCE,33.096,-0.118541,0.146100,-0.062219,0.784799261,-0.005012791,-0.002068928,0.011003,7,-0.000622187,-0.062218732,-0.044441952,-0.044441952,0.000000000,manual_A_near_upright
real,BALANCE,33.116,-0.123440,0.153083,-0.064765,0.784799153,-0.003990391,-0.002154430,0.010926,7,-0.000647650,-0.064765011,-0.046260722,-0.046260722,0.000000000,manual_A_near_upright
real,BALANCE,33.136,-0.127139,0.158682,-0.066550,0.784799068,-0.002936506,-0.002218995,0.010849,7,-0.000665497,-0.066549739,-0.047535528,-0.047535528,0.000000000,manual_A_near_upright
real,BALANCE,33.156,-0.129616,0.162856,-0.067770,0.784799010,-0.001865719,-0.002262222,0.010771,7,-0.000677702,-0.067770209,-0.048407292,-0.048407292,0.000000000,manual_A_near_upright
real,BALANCE,33.177,-0.130857,0.165578,-0.068326,0.784798979,-0.000785912,-0.002283887,0.010694,7,-0.000683263,-0.068326331,-0.048804522,-0.048804522,0.000000000,manual_A_near_upright
real,BALANCE,33.207,-0.130403,0.166907,-0.068082,0.784798986,0.000825024,-0.002275958,0.010581,7,-0.000682258,-0.068225786,-0.048732705,-0.048732705,0.000000000,manual_A_near_upright
real,BALANCE,33.228,-0.128610,0.165978,-0.068805,0.784799025,0.001846411,-0.002244669,0.010504,7,-0.000687277,-0.068727659,-0.049091185,-0.049091185,0.000000000,manual_A_near_upright
real,BALANCE,33.249,-0.125626,0.163606,-0.066648,0.784799090,0.002890280,-0.002192593,0.010428,7,-0.000666482,-0.066648231,-0.047605879,-0.047605879,0.000000000,manual_A_near_upright
real,BALANCE,33.269,-0.121478,0.159817,-0.064306,0.784799179,0.003889576,-0.002120196,0.010353,7,-0.000643059,-0.064305895,-0.045932782,-0.045932782,0.000000000,manual_A_near_upright
real,BALANCE,33.290,-0.116227,0.154663,-0.061609,0.784799286,0.004840111,-0.002028553,0.010279,7,-0.000616093,-0.061609255,-0.044006611,-0.044006611,0.000000000,manual_A_near_upright
real,BALANCE,33.311,-0.109926,0.148201,-0.058144,0.784799410,0.005742626,-0.001918568,0.010206,7,-0.000581437,-0.058143686,-0.041531204,-0.041531204,0.000000000,manual_A_near_upright
real,BALANCE,33.331,-0.102641,0.140499,-0.054251,0.784799544,0.006582605,-0.001791425,0.010132,7,-0.000542505,-0.054250517,-0.038750369,-0.038750369,0.000000000,manual_A_near_upright
real,BALANCE,33.352,-0.094450,0.131640,-0.049885,0.784799683,0.007354605,-0.001648459,0.010059,7,-0.000498848,-0.049884760,-0.035631971,-0.035631971,0.000000000,manual_A_near_upright
real,BALANCE,33.372,-0.085435,0.121715,-0.045079,0.784799823,0.008052243,-0.001491120,0.009988,7,-0.000450791,-0.045079138,-0.032199384,-0.032199384,0.000000000,manual_A_near_upright
real,BALANCE,33.402,-0.070568,0.105048,-0.037182,0.784800022,0.008945731,-0.001231651,0.009883,7,-0.000371818,-0.037181815,-0.026558440,-0.026558440,0.000000000,manual_A_near_upright
real,BALANCE,33.423,-0.059904,0.092912,-0.031524,0.784800141,0.009432258,-0.001045528,0.009812,7,-0.000315240,-0.031523991,-0.022517137,-0.022517137,0.000000000,manual_A_near_upright
real,BALANCE,33.443,-0.048759,0.080096,-0.025627,0.784800244,0.009826703,-0.000851005,0.009742,7,-0.000256266,-0.025626584,-0.018304703,-0.018304703,0.000000000,manual_A_near_upright
real,BALANCE,33.463,-0.036656,0.066041,-0.019181,0.784800331,0.010139801,-0.000639771,0.009674,7,-0.000191808,-0.019180824,-0.013700588,-0.013700588,0.000000000,manual_A_near_upright
real,BALANCE,33.493,-0.019505,0.045901,-0.010246,0.784800409,0.010391310,-0.000340419,0.009573,7,-0.000102463,-0.010246289,-0.007318778,-0.007318778,0.000000000,manual_A_near_upright
real,BALANCE,33.514,-0.007540,0.031707,-0.003828,0.784800433,0.010448129,-0.000131599,0.009503,7,-0.000038277,-0.003827650,-0.002734036,-0.002734036,0.000000000,manual_A_near_upright
real,BALANCE,33.535,0.004405,0.017417,0.002549,0.784800432,0.010403560,0.000076887,0.009433,7,0.000025485,0.002548515,0.001820368,0.001820368,0.000000000,manual_A_near_upright
real,BALANCE,33.555,0.016222,0.003165,0.009012,0.784800405,0.010260964,0.000283119,0.009365,7,0.000090119,0.009011874,0.006437053,0.006437053,0.000000000,manual_A_near_upright
real,BALANCE,33.576,0.027783,-0.010908,0.015016,0.784800355,0.010016556,0.000484911,0.009298,7,0.000150161,0.015016100,0.010725786,0.010725786,0.000000000,manual_A_near_upright
real,BALANCE,33.596,0.038996,-0.024678,0.020920,0.784800284,0.009681753,0.000680605,0.009231,7,0.000209196,0.020919645,0.014942603,0.014942603,0.000000000,manual_A_near_upright
real,BALANCE,33.617,0.049745,-0.038015,0.026405,0.784800195,0.009255458,0.000868221,0.009165,7,0.000264054,0.026405407,0.018861005,0.018861005,0.000000000,manual_A_near_upright
real,BALANCE,33.638,0.059936,-0.050797,0.031664,0.784800091,0.008747512,0.001046088,0.009098,7,0.000316637,0.031663671,0.022616908,0.022616908,0.000000000,manual_A_near_upright
real,BALANCE,33.659,0.069483,-0.062912,0.036701,0.784799978,0.008164364,0.001212715,0.009031,7,0.000367009,0.036700858,0.026214899,0.026214899,0.000000000,manual_A_near_upright
real,BALANCE,33.680,0.078300,-0.074253,0.041255,0.784799859,0.007507654,0.001366597,0.008966,7,0.000412552,0.041255175,0.029467982,0.029467982,0.000000000,manual_A_near_upright
real,BALANCE,33.700,0.086310,-0.084720,0.045405,0.784799739,0.006786695,0.001506400,0.008901,7,0.000454046,0.045404590,0.032431850,0.032431850,0.000000000,manual_A_near_upright
real,BALANCE,33.721,0.093446,-0.094222,0.049090,0.784799623,0.006008247,0.001630939,0.008837,7,0.000490904,0.049090426,0.035064590,0.035064590,0.000000000,manual_A_near_upright
real,BALANCE,33.742,0.099647,-0.102680,0.052274,0.784799514,0.005179890,0.001739171,0.008773,7,0.000522735,0.052273516,0.037338226,0.037338226,0.000000000,manual_A_near_upright
real,BALANCE,33.762,0.104864,-0.110023,0.054936,0.784799417,0.004310005,0.001830220,0.008710,7,0.000549364,0.054936364,0.039240260,0.039240260,0.000000000,manual_A_near_upright
real,BALANCE,33.783,0.109055,-0.116193,0.057057,0.784799336,0.003407002,0.001903376,0.008647,7,0.000570572,0.057057216,0.040755154,0.040755154,0.000000000,manual_A_near_upright
real,BALANCE,33.804,0.112191,-0.121141,0.058621,0.784799272,0.002479580,0.001958103,0.008584,7,0.000586211,0.058621059,0.041872185,0.041872185,0.000000000,manual_A_near_upright
real,BALANCE,33.824,0.114250,-0.124833,0.059616,0.784799229,0.001536580,0.001994041,0.008523,7,0.000596156,0.059615582,0.042582559,0.042582559,0.000000000,manual_A_near_upright
real,BALANCE,33.845,0.115222,-0.127244,0.060041,0.784799208,0.000586946,0.002011008,0.008461,7,0.000600406,0.060040630,0.042886165,0.042886165,0.000000000,manual_A_near_upright
real,BALANCE,33.865,0.115107,-0.128364,0.059893,0.784799209,-0.000360487,0.002008999,0.008400,7,0.000598934,0.059893415,0.042781010,0.042781010,0.000000000,manual_A_near_upright
real,BALANCE,33.886,0.113929,-0.128198,0.060427,0.784799231,-0.001271055,0.001988444,0.008340,7,0.000604272,0.060427179,0.043162271,0.043162271,0.000000000,manual_A_near_upright
real,BALANCE,33.907,0.111724,-0.126768,0.059735,0.784799273,-0.002178124,0.001949945,0.008279,7,0.000597350,0.059735013,0.042667867,0.042667867,0.000000000,manual_A_near_upright
real,BALANCE,33.938,0.106474,-0.122270,0.056408,0.784799372,-0.003510516,0.001858320,0.008191,7,0.000564084,0.056408369,0.040291692,0.040291692,0.000000000,manual_A_near_upright
real,BALANCE,33.958,0.101757,-0.117767,0.053999,0.784799457,-0.004341384,0.001776002,0.008132,7,0.000539995,0.053999495,0.038571068,0.038571068,0.000000000,manual_A_near_upright
real,BALANCE,33.979,0.096123,-0.112119,0.050896,0.784799553,-0.005129712,0.001677658,0.008073,7,0.000508964,0.050896392,0.036354565,0.036354565,0.000000000,manual_A_near_upright
real,BALANCE,33.999,0.089630,-0.105387,0.047427,0.784799657,-0.005862120,0.001564345,0.008016,7,0.000474273,0.047427290,0.033876636,0.033876636,0.000000000,manual_A_near_upright
real,BALANCE,34.020,0.082349,-0.097645,0.043549,0.784799765,-0.006534080,0.001437253,0.007958,7,0.000435487,0.043548702,0.031106216,0.031106216,0.000000000,manual_A_near_upright
real,BALANCE,34.041,0.074351,-0.088974,0.039280,0.784799874,-0.007140106,0.001297667,0.007900,7,0.000392796,0.039279555,0.028056825,0.028056825,0.000000000,manual_A_near_upright
real,BALANCE,34.061,0.065718,-0.079462,0.034692,0.784799977,-0.007674396,0.001146993,0.007843,7,0.000346923,0.034692265,0.024780189,0.024780189,0.000000000,manual_A_near_upright
real,BALANCE,34.082,0.056535,-0.069206,0.029821,0.784800074,-0.008132800,0.000986726,0.007786,7,0.000298205,0.029820508,0.021300363,0.021300363,0.000000000,manual_A_near_upright
real,BALANCE,34.103,0.046893,-0.058308,0.024710,0.784800158,-0.008511591,0.000818440,0.007730,7,0.000247099,0.024709855,0.017649896,0.017649896,0.000000000,manual_A_near_upright
real,BALANCE,34.123,0.036885,-0.046877,0.019412,0.784800229,-0.008807707,0.000643772,0.007676,7,0.000194120,0.019412017,0.013865726,0.013865726,0.000000000,manual_A_near_upright
real,BALANCE,34.143,0.026609,-0.035024,0.013981,0.784800283,-0.009018948,0.000464410,0.007622,7,0.000139807,0.013980738,0.009986241,0.009986241,0.000000000,manual_A_near_upright
real,BALANCE,34.164,0.016161,-0.022864,0.008468,0.784800319,-0.009144027,0.000282070,0.007566,7,0.000084680,0.008467961,0.006048544,0.006048544,0.000000000,manual_A_near_upright
real,BALANCE,34.184,0.005643,-0.010515,0.002915,0.784800335,-0.009182445,0.000098485,0.007513,7,0.000029152,0.002915220,0.002082300,0.002082300,0.000000000,manual_A_near_upright
real,BALANCE,34.204,-0.004848,0.001906,-0.002711,0.784800332,-0.009134216,-0.000084611,0.007460,7,-0.000027111,-0.002711089,-0.001936492,-0.001936492,0.000000000,manual_A_near_upright
real,BALANCE,34.225,-0.015209,0.014279,-0.008203,0.784800310,-0.008996701,-0.000265455,0.007406,7,-0.000082027,-0.008202690,-0.005859064,-0.005859064,0.000000000,manual_A_near_upright
real,BALANCE,34.246,-0.025342,0.026486,-0.013481,0.784800270,-0.008773938,-0.000442296,0.007352,7,-0.000134806,-0.013480608,-0.009629006,-0.009629006,0.000000000,manual_A_near_upright
real,BALANCE,34.266,-0.035153,0.038414,-0.018643,0.784800213,-0.008471843,-0.000613529,0.007299,7,-0.000186433,-0.018643267,-0.013316619,-0.013316619,0.000000000,manual_A_near_upright
real,BALANCE,34.287,-0.044553,0.049952,-0.023560,0.784800143,-0.008092224,-0.000777590,0.007246,7,-0.000235600,-0.023559960,-0.016828543,-0.016828543,0.000000000,manual_A_near_upright
real,BALANCE,34.308,-0.053457,0.060995,-0.028208,0.784800063,-0.007639755,-0.000932993,0.007193,7,-0.000282078,-0.028207842,-0.020148459,-0.020148459,0.000000000,manual_A_near_upright
real,BALANCE,34.329,-0.061785,0.071442,-0.032547,0.784799975,-0.007119406,-0.001078355,0.007141,7,-0.000325470,-0.032547001,-0.023247858,-0.023247858,0.000000000,manual_A_near_upright
real,BALANCE,34.349,-0.069465,0.081200,-0.036537,0.784799883,-0.006536556,-0.001212393,0.007090,7,-0.000365371,-0.036537133,-0.026097952,-0.026097952,0.000000000,manual_A_near_upright
real,BALANCE,34.370,-0.076429,0.090182,-0.040144,0.784799790,-0.005897270,-0.001333946,0.007038,7,-0.000401435,-0.040143515,-0.028673939,-0.028673939,0.000000000,manual_A_near_upright
real,BALANCE,34.391,-0.082619,0.098309,-0.043337,0.784799701,-0.005208051,-0.001441977,0.006987,7,-0.000433372,-0.043337158,-0.030955113,-0.030955113,0.000000000,manual_A_near_upright
real,BALANCE,34.412,-0.087983,0.105512,-0.046092,0.784799617,-0.004475765,-0.001535588,0.006936,7,-0.000460915,-0.046091539,-0.032922528,-0.032922528,0.000000000,manual_A_near_upright
real,BALANCE,34.432,-0.092477,0.111731,-0.048385,0.784799544,-0.003707625,-0.001614021,0.006886,7,-0.000483854,-0.048385396,-0.034560997,-0.034560997,0.000000000,manual_A_near_upright
real,BALANCE,34.453,-0.096066,0.116913,-0.050200,0.784799482,-0.002911104,-0.001676666,0.006836,7,-0.000501996,-0.050199600,-0.035856857,-0.035856857,0.000000000,manual_A_near_upright
real,BALANCE,34.474,-0.098725,0.121020,-0.051524,0.784799435,-0.002093897,-0.001723068,0.006786,7,-0.000515237,-0.051523708,-0.036802648,-0.036802648,0.000000000,manual_A_near_upright
real,BALANCE,34.495,-0.100435,0.124019,-0.052347,0.784799404,-0.001263758,-0.001752925,0.006737,7,-0.000523474,-0.052347399,-0.037390999,-0.037390999,0.000000000,manual_A_near_upright
real,BALANCE,34.516,-0.101190,0.125892,-0.052668,0.784799389,-0.000428539,-0.001766093,0.006688,7,-0.000526683,-0.052668275,-0.037620196,-0.037620196,0.000000000,manual_A_near_upright
real,BALANCE,34.536,-0.100989,0.126630,-0.052487,0.784799391,0.000403930,-0.001762582,0.006640,7,-0.000524870,-0.052486976,-0.037490697,-0.037490697,0.000000000,manual_A_near_upright
real,BALANCE,34.557,-0.099865,0.126245,-0.053395,0.784799410,0.001193238,-0.001742967,0.006592,7,-0.000533952,-0.053395196,-0.038139426,-0.038139426,0.000000000,manual_A_near_upright
real,BALANCE,34.578,-0.097832,0.124747,-0.052317,0.784799444,0.001997830,-0.001707490,0.006544,7,-0.000523172,-0.052317159,-0.037369399,-0.037369399,0.000000000,manual_A_near_upright
real,BALANCE,34.598,-0.094883,0.122143,-0.050335,0.784799493,0.002785866,-0.001656021,0.006497,7,-0.000503351,-0.050335098,-0.035953641,-0.035953641,0.000000000,manual_A_near_upright
real,BALANCE,34.619,-0.091069,0.118473,-0.048462,0.784799554,0.003529734,-0.001589461,0.006450,7,-0.000484625,-0.048462474,-0.034616053,-0.034616053,0.000000000,manual_A_near_upright
real,BALANCE,34.639,-0.086431,0.113777,-0.045916,0.784799625,0.004239933,-0.001508503,0.006404,7,-0.000459161,-0.045916144,-0.032797246,-0.032797246,0.000000000,manual_A_near_upright
real,BALANCE,34.660,-0.081015,0.108108,-0.042992,0.784799704,0.004904234,-0.001413987,0.006358,7,-0.000429916,-0.042991594,-0.030708282,-0.030708282,0.000000000,manual_A_near_upright
real,BALANCE,34.681,-0.074882,0.101524,-0.039729,0.784799787,0.005516706,-0.001306932,0.006312,7,-0.000397292,-0.039729204,-0.028378003,-0.028378003,0.000000000,manual_A_near_upright
real,BALANCE,34.701,-0.068092,0.094095,-0.036099,0.784799870,0.006073346,-0.001188427,0.006267,7,-0.000360987,-0.036098669,-0.025784764,-0.025784764,0.000000000,manual_A_near_upright
real,BALANCE,34.722,-0.060715,0.085896,-0.032173,0.784799952,0.006568601,-0.001059671,0.006222,7,-0.000321734,-0.032173371,-0.022980979,-0.022980979,0.000000000,manual_A_near_upright
real,BALANCE,34.742,-0.052824,0.077010,-0.027985,0.784800029,0.006998521,-0.000921952,0.006178,7,-0.000279848,-0.027984812,-0.019989152,-0.019989152,0.000000000,manual_A_near_upright
real,BALANCE,34.762,-0.044497,0.067524,-0.023566,0.784800098,0.007359664,-0.000776626,0.006134,7,-0.000235659,-0.023565878,-0.016832770,-0.016832770,0.000000000,manual_A_near_upright
real,BALANCE,34.783,-0.035816,0.057532,-0.018968,0.784800157,0.007648962,-0.000625114,0.006090,7,-0.000189677,-0.018967723,-0.013548374,-0.013548374,0.000000000,manual_A_near_upright
real,BALANCE,34.804,-0.026865,0.047130,-0.014235,0.784800204,0.007864301,-0.000468885,0.006046,7,-0.000142347,-0.014234749,-0.010167678,-0.010167678,0.000000000,manual_A_near_upright
real,BALANCE,34.824,-0.017730,0.036420,-0.009408,0.784800237,0.008004262,-0.000309441,0.006003,7,-0.000094076,-0.009407560,-0.006719686,-0.006719686,0.000000000,manual_A_near_upright
real,BALANCE,34.844,-0.008497,0.025503,-0.004537,0.784800256,0.008068016,-0.000148302,0.005961,7,-0.000045366,-0.004536586,-0.003240419,-0.003240419,0.000000000,manual_A_near_upright
real,BALANCE,34.865,0.000745,0.014483,0.000352,0.784800260,0.008055557,0.000013007,0.005918,7,0.000003519,0.000351943,0.000251388,0.000251388,0.000000000,manual_A_near_upright
real,BALANCE,34.885,0.009910,0.003464,0.005287,0.784800248,0.007966058,0.000172955,0.005876,7,0.000052865,0.005286506,0.003776076,0.003776076,0.000000000,manual_A_near_upright
real,BALANCE,34.905,0.018907,-0.007449,0.009972,0.784800222,0.007799136,0.000329981,0.005835,7,0.000099722,0.009972190,0.007122993,0.007122993,0.000000000,manual_A_near_upright
real,BALANCE,34.925,0.027653,-0.018155,0.014568,0.784800183,0.007561254,0.000482633,0.005793,7,0.000145677,0.014567716,0.010405511,0.010405511,0.000000000,manual_A_near_upright
real,BALANCE,34.946,0.036069,-0.028556,0.018983,0.784800133,0.007254242,0.000629522,0.005751,7,0.000189828,0.018982805,0.013559146,0.013559146,0.000000000,manual_A_near_upright
real,BALANCE,34.967,0.044078,-0.038556,0.023164,0.784800073,0.006881348,0.000769309,0.005710,7,0.000231642,0.023164192,0.016545851,0.016545851,0.000000000,manual_A_near_upright
real,BALANCE,34.987,0.051609,-0.048066,0.027092,0.784800007,0.006447066,0.000900740,0.005669,7,0.000270922,0.027092238,0.019351599,0.019351599,0.000000000,manual_A_near_upright
real,BALANCE,35.008,0.058594,-0.057001,0.030728,0.784799937,0.005955857,0.001022651,0.005628,7,0.000307282,0.030728180,0.021948700,0.021948700,0.000000000,manual_A_near_upright
real,BALANCE,35.028,0.064972,-0.065283,0.034035,0.784799865,0.005412781,0.001133978,0.005588,7,0.000340350,0.034035035,0.024310739,0.024310739,0.000000000,manual_A_near_upright
real,BALANCE,35.048,0.070689,-0.072838,0.036992,0.784799794,0.004823502,0.001233763,0.005549,7,0.000369919,0.036991937,0.026422812,0.026422812,0.000000000,manual_A_near_upright
real,BALANCE,35.069,0.075697,-0.079604,0.039571,0.784799728,0.004193834,0.001321167,0.005509,7,0.000395712,0.039571177,0.028265126,0.028265126,0.000000000,manual_A_near_upright
real,BALANCE,35.090,0.079955,-0.085523,0.041751,0.784799668,0.003530012,0.001395472,0.005469,7,0.000417506,0.041750597,0.029821855,0.029821855,0.000000000,manual_A_near_upright
real,BALANCE,35.111,0.083580,-0.090775,0.043604,0.784799614,0.002803712,0.001458752,0.005428,7,0.000436040,0.043604030,0.031145735,0.031145735,0.000000000,manual_A_near_upright
real,BALANCE,35.132,0.086092,-0.094638,0.044903,0.784799575,0.002127202,0.001502581,0.005388,7,0.000442691,0.044269064,0.031620760,0.031620760,0.000000000,manual_A_near_upright
real,BALANCE,35.152,0.087927,-0.097764,0.045767,0.784799546,0.001400022,0.001534609,0.005351,7,0.000457674,0.045767414,0.032691010,0.032691010,0.000000000,manual_A_near_upright
real,BALANCE,35.173,0.088921,-0.099904,0.046187,0.784799529,0.000665596,0.001551962,0.005312,7,0.000461869,0.046186878,0.032990627,0.032990627,0.000000000,manual_A_near_upright
real,BALANCE,35.193,0.089074,-0.101047,0.046230,0.784799526,-0.000067744,0.001554637,0.005274,7,0.000462297,0.046229721,0.033021229,0.033021229,0.000000000,manual_A_near_upright
real,BALANCE,35.214,0.088396,-0.101192,0.046346,0.784799535,-0.000783854,0.001542800,0.005236,7,0.000463463,0.046346280,0.033104486,0.033104486,0.000000000,manual_A_near_upright
real,BALANCE,35.235,0.086931,-0.100362,0.046878,0.784799557,-0.001470613,0.001517234,0.005198,7,0.000468781,0.046878112,0.033484366,0.033484366,0.000000000,manual_A_near_upright
real,BALANCE,35.255,0.084655,-0.098553,0.045030,0.784799591,-0.002179358,0.001477513,0.005160,7,0.000450301,0.045030067,0.032164334,0.032164334,0.000000000,manual_A_near_upright
real,BALANCE,35.276,0.081597,-0.095788,0.043351,0.784799635,-0.002849592,0.001424141,0.005123,7,0.000433514,0.043351361,0.030965258,0.030965258,0.000000000,manual_A_near_upright
real,BALANCE,35.296,0.077802,-0.092108,0.041463,0.784799687,-0.003484207,0.001357898,0.005087,7,0.000414634,0.041463383,0.029616702,0.029616702,0.000000000,manual_A_near_upright
real,BALANCE,35.317,0.073305,-0.087551,0.038983,0.784799746,-0.004086020,0.001279422,0.005051,7,0.000389828,0.038982826,0.027844876,0.027844876,0.000000000,manual_A_near_upright
real,BALANCE,35.337,0.068154,-0.082167,0.036104,0.784799809,-0.004645995,0.001189512,0.005015,7,0.000361040,0.036104017,0.025788583,0.025788583,0.000000000,manual_A_near_upright
real,BALANCE,35.358,0.062404,-0.076015,0.033179,0.784799873,-0.005152498,0.001089159,0.004979,7,0.000331787,0.033178683,0.023699059,0.023699059,0.000000000,manual_A_near_upright
real,BALANCE,35.378,0.056115,-0.069158,0.029823,0.784799938,-0.005610070,0.000979390,0.004942,7,0.000298231,0.029823137,0.021302241,0.021302241,0.000000000,manual_A_near_upright
real,BALANCE,35.399,0.049347,-0.061667,0.026196,0.784799999,-0.006011981,0.000861259,0.004907,7,0.000261957,0.026195687,0.018711205,0.018711205,0.000000000,manual_A_near_upright
real,BALANCE,35.420,0.042166,-0.053615,0.022236,0.784800055,-0.006356935,0.000735929,0.004871,7,0.000222357,0.022235714,0.015882653,0.015882653,0.000000000,manual_A_near_upright
real,BALANCE,35.440,0.034645,-0.045085,0.018430,0.784800104,-0.006632639,0.000604678,0.004837,7,0.000184305,0.018430450,0.013164607,0.013164607,0.000000000,manual_A_near_upright
real,BALANCE,35.461,0.026860,-0.036162,0.014314,0.784800144,-0.006847884,0.000468803,0.004802,7,0.000143136,0.014313577,0.010223984,0.010223984,0.000000000,manual_A_near_upright
real,BALANCE,35.481,0.018882,-0.026930,0.010056,0.784800175,-0.006998080,0.000329551,0.004767,7,0.000100556,0.010055559,0.007182542,0.007182542,0.000000000,manual_A_near_upright
real,BALANCE,35.502,0.010788,-0.017481,0.005805,0.784800194,-0.007080110,0.000188286,0.004733,7,0.000058052,0.005805178,0.004146556,0.004146556,0.000000000,manual_A_near_upright
real,BALANCE,35.522,0.002655,-0.007904,0.001511,0.784800201,-0.007095633,0.000046346,0.004699,7,0.000015106,0.001510636,0.001079025,0.001079025,0.000000000,manual_A_near_upright
real,BALANCE,35.543,-0.005439,0.001709,-0.002831,0.784800197,-0.007044021,-0.000094933,0.004665,7,-0.000028315,-0.002831475,-0.002022482,-0.002022482,0.000000000,manual_A_near_upright
real,BALANCE,35.564,-0.013418,0.011266,-0.007028,0.784800181,-0.006923947,-0.000234188,0.004632,7,-0.000070278,-0.007027756,-0.005019826,-0.005019826,0.000000000,manual_A_near_upright
real,BALANCE,35.584,-0.021205,0.020676,-0.011101,0.784800155,-0.006739413,-0.000370097,0.004598,7,-0.000111008,-0.011100834,-0.007929167,-0.007929167,0.000000000,manual_A_near_upright
real,BALANCE,35.605,-0.028729,0.029853,-0.015056,0.784800119,-0.006493583,-0.000501424,0.004565,7,-0.000150562,-0.015056241,-0.010754458,-0.010754458,0.000000000,manual_A_near_upright
real,BALANCE,35.625,-0.035923,0.038711,-0.018817,0.784800076,-0.006188449,-0.000626969,0.004533,7,-0.000188173,-0.018817308,-0.013440934,-0.013440934,0.000000000,manual_A_near_upright
real,BALANCE,35.646,-0.042720,0.047169,-0.022365,0.784800027,-0.005827728,-0.000745599,0.004500,7,-0.000223649,-0.022364880,-0.015974914,-0.015974914,0.000000000,manual_A_near_upright
real,BALANCE,35.666,-0.049060,0.055152,-0.025670,0.784799973,-0.005415304,-0.000856258,0.004468,7,-0.000256696,-0.025669598,-0.018335427,-0.018335427,0.000000000,manual_A_near_upright
real,BALANCE,35.687,-0.054888,0.062587,-0.028696,0.784799918,-0.004955400,-0.000957973,0.004436,7,-0.000286962,-0.028696178,-0.020497270,-0.020497270,0.000000000,manual_A_near_upright
real,BALANCE,35.708,-0.060153,0.069409,-0.031423,0.784799863,-0.004452811,-0.001049862,0.004404,7,-0.000314230,-0.031423009,-0.022445006,-0.022445006,0.000000000,manual_A_near_upright
real,BALANCE,35.728,-0.064810,0.075559,-0.033826,0.784799810,-0.003912587,-0.001131145,0.004372,7,-0.000338262,-0.033826203,-0.024161574,-0.024161574,0.000000000,manual_A_near_upright
real,BALANCE,35.753,-0.069008,0.081237,-0.036324,0.784799759,-0.003318101,-0.001204411,0.004335,7,-0.000347698,-0.034769841,-0.024835601,-0.024835601,0.000000000,manual_A_near_upright
real,BALANCE,35.784,-0.073697,0.087861,-0.038300,0.784799698,-0.002400521,-0.001286252,0.004287,7,-0.000383000,-0.038299958,-0.027357113,-0.027357113,0.000000000,manual_A_near_upright
real,BALANCE,35.805,-0.075834,0.091099,-0.039473,0.784799669,-0.001805712,-0.001323552,0.004255,7,-0.000394725,-0.039472535,-0.028194668,-0.028194668,0.000000000,manual_A_near_upright
real,BALANCE,35.826,-0.077433,0.093788,-0.040360,0.784799647,-0.001135589,-0.001351459,0.004225,7,-0.000403595,-0.040359506,-0.028828218,-0.028828218,0.000000000,manual_A_near_upright
real,BALANCE,35.856,-0.078296,0.095961,-0.040557,0.784799634,-0.000163088,-0.001366531,0.004180,7,-0.000405574,-0.040557398,-0.028969570,-0.028969570,0.000000000,manual_A_near_upright
real,BALANCE,35.876,-0.077985,0.096316,-0.040412,0.784799637,0.000445948,-0.001361093,0.004151,7,-0.000404122,-0.040412232,-0.028865880,-0.028865880,0.000000000,manual_A_near_upright
real,BALANCE,35.896,-0.076978,0.095851,-0.041618,0.784799650,0.001042669,-0.001343524,0.004122,7,-0.000416177,-0.041617739,-0.029726957,-0.029726957,0.000000000,manual_A_near_upright
real,BALANCE,35.916,-0.075263,0.094525,-0.040296,0.784799673,0.001670812,-0.001313588,0.004093,7,-0.000402961,-0.040296133,-0.028782952,-0.028782952,0.000000000,manual_A_near_upright
real,BALANCE,35.937,-0.072843,0.092346,-0.038810,0.784799704,0.002273564,-0.001271355,0.004063,7,-0.000388100,-0.038810047,-0.027721462,-0.027721462,0.000000000,manual_A_near_upright
real,BALANCE,35.957,-0.069762,0.089350,-0.037307,0.784799741,0.002843409,-0.001217584,0.004034,7,-0.000373073,-0.037307262,-0.026648044,-0.026648044,0.000000000,manual_A_near_upright
real,BALANCE,35.978,-0.066049,0.085568,-0.035235,0.784799785,0.003387140,-0.001152776,0.004005,7,-0.000352346,-0.035234641,-0.025167601,-0.025167601,0.000000000,manual_A_near_upright
real,BALANCE,36.008,-0.059381,0.078511,-0.031687,0.784799858,0.004130900,-0.001036393,0.003963,7,-0.000316875,-0.031687452,-0.022633894,-0.022633894,0.000000000,manual_A_near_upright
real,BALANCE,36.028,-0.054274,0.072959,-0.028955,0.784799908,0.004575016,-0.000947267,0.003935,7,-0.000289547,-0.028954743,-0.020681959,-0.020681959,0.000000000,manual_A_near_upright
real,BALANCE,36.049,-0.048696,0.066793,-0.025958,0.784799957,0.004973166,-0.000849909,0.003907,7,-0.000259581,-0.025958055,-0.018541468,-0.018541468,0.000000000,manual_A_near_upright
real,BALANCE,36.069,-0.042702,0.060076,-0.022648,0.784800004,0.005323641,-0.000745290,0.003879,7,-0.000226475,-0.022647518,-0.016176799,-0.016176799,0.000000000,manual_A_near_upright
real,BALANCE,36.090,-0.036353,0.052874,-0.019427,0.784800047,0.005615676,-0.000634485,0.003851,7,-0.000194275,-0.019427490,-0.013876779,-0.013876779,0.000000000,manual_A_near_upright
real,BALANCE,36.110,-0.029714,0.045260,-0.015910,0.784800084,0.005855990,-0.000518600,0.003823,7,-0.000159099,-0.015909876,-0.011364197,-0.011364197,0.000000000,manual_A_near_upright
real,BALANCE,36.131,-0.022844,0.037306,-0.012242,0.784800115,0.006040180,-0.000398708,0.003796,7,-0.000122415,-0.012241524,-0.008743946,-0.008743946,0.000000000,manual_A_near_upright
real,BALANCE,36.151,-0.015811,0.029089,-0.008380,0.784800137,0.006168576,-0.000275958,0.003769,7,-0.000083798,-0.008379811,-0.005985579,-0.005985579,0.000000000,manual_A_near_upright
real,BALANCE,36.172,-0.008328,0.020267,-0.004720,0.784800151,0.006230678,-0.000145352,0.003742,7,-0.000047198,-0.004719847,-0.003371319,-0.003371319,0.000000000,manual_A_near_upright
real,BALANCE,36.202,0.002032,0.007925,0.000937,0.784800155,0.006221624,0.000035459,0.003702,7,-0.000008254,-0.000825413,-0.000589581,-0.000589581,0.000000000,manual_A_near_upright
real,BALANCE,36.222,0.009097,-0.000581,0.004632,0.784800146,0.006138617,0.000158781,0.003676,7,0.000027749,0.002774892,0.001982066,0.001982066,0.000000000,manual_A_near_upright
real,BALANCE,36.243,0.016025,-0.008991,0.008394,0.784800129,0.006001490,0.000279694,0.003650,7,0.000083942,0.008394190,0.005995850,0.005995850,0.000000000,manual_A_near_upright
real,BALANCE,36.263,0.022743,-0.017223,0.011812,0.784800104,0.005804308,0.000396946,0.003624,7,0.000118119,0.011811949,0.008437107,0.008437107,0.000000000,manual_A_near_upright
real,BALANCE,36.294,0.032302,-0.029078,0.016810,0.784800055,0.005413260,0.000563772,0.003585,7,0.000168099,0.016809906,0.012007076,0.012007076,0.000000000,manual_A_near_upright
real,BALANCE,36.324,0.041068,-0.040128,0.021470,0.784799996,0.004914724,0.000716775,0.003548,7,0.000214704,0.021470358,0.015335970,0.015335970,0.000000000,manual_A_near_upright
real,BALANCE,36.344,0.046382,-0.046936,0.024284,0.784799953,0.004527265,0.000809517,0.003522,7,0.000242836,0.024283645,0.017345460,0.017345460,0.000000000,manual_A_near_upright
real,BALANCE,36.365,0.051217,-0.053226,0.026740,0.784799910,0.004098386,0.000893898,0.003497,7,0.000267397,0.026739673,0.019099766,0.019099766,0.000000000,manual_A_near_upright
real,BALANCE,36.386,0.055531,-0.058943,0.028972,0.784799869,0.003635701,0.000969204,0.003472,7,0.000289721,0.028972122,0.020694373,0.020694373,0.000000000,manual_A_near_upright
real,BALANCE,36.406,0.059462,-0.064277,0.030913,0.784799828,0.003115624,0.001037805,0.003447,7,0.000309126,0.030912554,0.022080395,0.022080395,0.000000000,manual_A_near_upright
real,BALANCE,36.427,0.062603,-0.068676,0.032535,0.784799793,0.002596372,0.001092631,0.003422,7,0.000325354,0.032535378,0.023239556,0.023239556,0.000000000,manual_A_near_upright
real,BALANCE,36.448,0.065019,-0.072206,0.033722,0.784799765,0.002083178,0.001134804,0.003397,7,0.000337218,0.033721823,0.024087017,0.024087017,0.000000000,manual_A_near_upright
real,BALANCE,36.470,0.066948,-0.075212,0.034723,0.784799741,0.001529947,0.001168466,0.003371,7,0.000347230,0.034723001,0.024802143,0.024802143,0.000000000,manual_A_near_upright
real,BALANCE,36.490,0.068235,-0.077467,0.035369,0.784799725,0.000966533,0.001190918,0.003348,7,0.000353694,0.035369383,0.025263845,0.025263845,0.000000000,manual_A_near_upright
real,BALANCE,36.511,0.068869,-0.078957,0.035622,0.784799717,0.000397556,0.001201997,0.003323,7,0.000356221,0.035622086,0.025444347,0.025444347,0.000000000,manual_A_near_upright
real,BALANCE,36.532,0.068854,-0.079675,0.035575,0.784799717,-0.000169691,0.001201720,0.003299,7,0.000355749,0.035574858,0.025410613,0.025410613,0.000000000,manual_A_near_upright
real,BALANCE,36.552,0.068203,-0.079625,0.036205,0.784799724,-0.000709643,0.001190363,0.003275,7,0.000362045,0.036204505,0.025860360,0.025860360,0.000000000,manual_A_near_upright
real,BALANCE,36.573,0.066951,-0.078825,0.036313,0.784799738,-0.001244216,0.001168513,0.003251,7,0.000363130,0.036312974,0.025937838,0.025937838,0.000000000,manual_A_near_upright
real,BALANCE,36.594,0.065067,-0.077265,0.034690,0.784799760,-0.001792114,0.001135631,0.003227,7,0.000346897,0.034689709,0.024778364,0.024778364,0.000000000,manual_A_near_upright
real,BALANCE,36.616,0.062446,-0.074840,0.033383,0.784799789,-0.002328929,0.001089894,0.003203,7,0.000333826,0.033382595,0.023844711,0.023844711,0.000000000,manual_A_near_upright
real,BALANCE,36.646,0.057810,-0.070226,0.030835,0.784799837,-0.003026860,0.001008970,0.003169,7,0.000308345,0.030834549,0.022024678,0.022024678,0.000000000,manual_A_near_upright
real,BALANCE,36.669,0.053967,-0.066237,0.028557,0.784799874,-0.003473418,0.000941907,0.003144,7,0.000285573,0.028557279,0.020398056,0.020398056,0.000000000,manual_A_near_upright
real,BALANCE,36.690,0.049648,-0.061638,0.026366,0.784799913,-0.003876741,0.000866519,0.003121,7,0.000263659,0.026365923,0.019639894,0.019639894,0.000000000,manual_A_near_upright
real,BALANCE,36.711,0.044899,-0.056481,0.023935,0.784799951,-0.004240978,0.000783636,0.003098,7,0.000239354,0.023935380,0.017096700,0.017096700,0.000000000,manual_A_near_upright
real,BALANCE,36.732,0.039764,-0.050815,0.021131,0.784799989,-0.004566285,0.000694020,0.003076,7,0.000211309,0.021130857,0.015093469,0.015093469,0.000000000,manual_A_near_upright
real,BALANCE,36.752,0.034295,-0.044699,0.018221,0.784800024,-0.004844721,0.000598569,0.003054,7,0.000182214,0.018221426,0.013015304,0.013015304,0.000000000,manual_A_near_upright
real,BALANCE,36.772,0.028549,-0.038194,0.015315,0.784800054,-0.005072525,0.000498273,0.003032,7,0.000153146,0.015314594,0.010938996,0.010938996,0.000000000,manual_A_near_upright
real,BALANCE,36.793,0.022580,-0.031365,0.012134,0.784800080,-0.005254407,0.000394090,0.003009,7,0.000121337,0.012133700,0.008666929,0.008666929,0.000000000,manual_A_near_upright
real,BALANCE,36.814,0.016441,-0.024277,0.008708,0.784800100,-0.005388792,0.000286958,0.002988,7,0.000087084,0.008708370,0.006220264,0.006220264,0.000000000,manual_A_near_upright
real,BALANCE,36.835,0.010196,-0.016999,0.005445,0.784800113,-0.005466966,0.000177946,0.002966,7,0.000054446,0.005444600,0.003889000,0.003889000,0.000000000,manual_A_near_upright
real,BALANCE,36.855,0.003905,-0.009603,0.002295,0.784800120,-0.005490426,0.000068164,0.002945,7,0.000022947,0.002294744,0.001639103,0.001639103,0.000000000,manual_A_near_upright
real,BALANCE,36.875,-0.002371,-0.002159,-0.001137,0.784800119,-0.005467789,-0.000041378,0.002924,7,-0.000011375,-0.001137480,-0.000812485,-0.000812485,0.000000000,manual_A_near_upright
real,BALANCE,36.896,-0.008576,0.005262,-0.004329,0.784800112,-0.005388586,-0.000149687,0.002903,7,-0.000043286,-0.004328623,-0.003091873,-0.003091873,0.000000000,manual_A_near_upright
real,BALANCE,36.917,-0.014653,0.012592,-0.007708,0.784800098,-0.005264780,-0.000255751,0.002882,7,-0.000077082,-0.007708244,-0.005505889,-0.005505889,0.000000000,manual_A_near_upright
real,BALANCE,36.938,-0.020545,0.019762,-0.010776,0.784800078,-0.005087969,-0.000358580,0.002861,7,-0.000107759,-0.010775935,-0.007697096,-0.007697096,0.000000000,manual_A_near_upright
real,BALANCE,36.958,-0.026190,0.026702,-0.013473,0.784800053,-0.004859985,-0.000457098,0.002840,7,-0.000134733,-0.013473344,-0.009623817,-0.009623817,0.000000000,manual_A_near_upright
real,BALANCE,36.979,-0.031546,0.033352,-0.016435,0.784800025,-0.004597008,-0.000550576,0.002820,7,-0.000164351,-0.016435099,-0.011739357,-0.011739357,0.000000000,manual_A_near_upright
real,BALANCE,37.000,-0.036560,0.039650,-0.018936,0.784799994,-0.004287193,-0.000638088,0.002799,7,-0.000189360,-0.018936010,-0.013525722,-0.013525722,0.000000000,manual_A_near_upright
real,BALANCE,37.021,-0.041190,0.045540,-0.021376,0.784799961,-0.003942749,-0.000718896,0.002779,7,-0.000213765,-0.021376456,-0.015268897,-0.015268897,0.000000000,manual_A_near_upright
real,BALANCE,37.042,-0.045396,0.050971,-0.023563,0.784799928,-0.003563494,-0.000792310,0.002758,7,-0.000235628,-0.023562840,-0.016830600,-0.016830600,0.000000000,manual_A_near_upright
real,BALANCE,37.062,-0.049145,0.055896,-0.025644,0.784799896,-0.003156708,-0.000857738,0.002738,7,-0.000256440,-0.025643996,-0.018317140,-0.018317140,0.000000000,manual_A_near_upright
real,BALANCE,37.082,-0.052399,0.060270,-0.027127,0.784799865,-0.002716613,-0.000914531,0.002719,7,-0.000264115,-0.026411520,-0.018865371,-0.018865371,0.000000000,manual_A_near_upright
real,BALANCE,37.104,-0.055134,0.064057,-0.028629,0.784799839,-0.002260846,-0.000962277,0.002699,7,-0.000286293,-0.028629291,-0.020449494,-0.020449494,0.000000000,manual_A_near_upright
real,BALANCE,37.125,-0.057331,0.067227,-0.029687,0.784799816,-0.001784188,-0.001000616,0.002679,7,-0.000296872,-0.029687198,-0.021205141,-0.021205141,0.000000000,manual_A_near_upright
real,BALANCE,37.145,-0.058971,0.069755,-0.030524,0.784799799,-0.001296253,-0.001029234,0.002660,7,-0.000305242,-0.030524188,-0.021802991,-0.021802991,0.000000000,manual_A_near_upright
real,BALANCE,37.167,-0.060044,0.071622,-0.031027,0.784799787,-0.000799321,-0.001047968,0.002640,7,-0.000310266,-0.031026641,-0.022161886,-0.022161886,0.000000000,manual_A_near_upright
real,BALANCE,37.187,-0.060545,0.072814,-0.031247,0.784799781,-0.000299280,-0.001056707,0.002622,7,-0.000312468,-0.031246804,-0.022319146,-0.022319146,0.000000000,manual_A_near_upright
real,BALANCE,37.207,-0.060473,0.073328,-0.031157,0.784799782,0.000199712,-0.001055451,0.002603,7,-0.000312363,-0.031236286,-0.022311633,-0.022311633,0.000000000,manual_A_near_upright
real,BALANCE,37.228,-0.059853,0.073171,-0.032219,0.784799788,0.000662818,-0.001044628,0.002584,7,-0.000322193,-0.032219340,-0.023013814,-0.023013814,0.000000000,manual_A_near_upright
real,BALANCE,37.249,-0.058701,0.072354,-0.031873,0.784799799,0.001140940,-0.001024522,0.002565,7,-0.000318730,-0.031873045,-0.022766461,-0.022766461,0.000000000,manual_A_near_upright
real,BALANCE,37.269,-0.056990,0.070869,-0.030383,0.784799816,0.001622057,-0.000994669,0.002547,7,-0.000303830,-0.030383023,-0.021702160,-0.021702160,0.000000000,manual_A_near_upright
real,BALANCE,37.291,-0.054758,0.068743,-0.029375,0.784799838,0.002068097,-0.000955713,0.002528,7,-0.000293747,-0.029374669,-0.020981906,-0.020981906,0.000000000,manual_A_near_upright
real,BALANCE,37.311,-0.052033,0.066002,-0.027985,0.784799863,0.002494003,-0.000908148,0.002509,7,-0.000287626,-0.028762597,-0.020544712,-0.020544712,0.000000000,manual_A_near_upright
real,BALANCE,37.333,-0.048837,0.062673,-0.026117,0.784799891,0.002897974,-0.000852365,0.002491,7,-0.000261168,-0.026116805,-0.018654861,-0.018654861,0.000000000,manual_A_near_upright
real,BALANCE,37.354,-0.045206,0.058793,-0.024204,0.784799921,0.003267725,-0.000788992,0.002472,7,-0.000242036,-0.024203605,-0.017288289,-0.017288289,0.000000000,manual_A_near_upright
real,BALANCE,37.374,-0.041178,0.054402,-0.022090,0.784799951,0.003603788,-0.000718691,0.002454,7,-0.000220896,-0.022089600,-0.015778286,-0.015778286,0.000000000,manual_A_near_upright
real,BALANCE,37.395,-0.036795,0.049546,-0.019760,0.784799980,0.003904083,-0.000642188,0.002437,7,-0.000197603,-0.019760336,-0.014114526,-0.014114526,0.000000000,manual_A_near_upright
real,BALANCE,37.415,-0.032100,0.044274,-0.017201,0.784800008,0.004166883,-0.000560242,0.002419,7,-0.000185687,-0.018568679,-0.013263342,-0.013263342,0.000000000,manual_A_near_upright
real,BALANCE,37.436,-0.027139,0.038637,-0.014660,0.784800033,0.004385218,-0.000473662,0.002402,7,-0.000146605,-0.014660454,-0.010471753,-0.010471753,0.000000000,manual_A_near_upright
real,BALANCE,37.456,-0.021962,0.032692,-0.011924,0.784800054,0.004562554,-0.000383318,0.002385,7,-0.000119241,-0.011924062,-0.008517187,-0.008517187,0.000000000,manual_A_near_upright
real,BALANCE,37.476,-0.016619,0.026496,-0.009071,0.784800072,0.004696302,-0.000290049,0.002368,7,-0.000090706,-0.009070589,-0.006478992,-0.006478992,0.000000000,manual_A_near_upright
real,BALANCE,37.497,-0.011160,0.020110,-0.006198,0.784800084,0.004784096,-0.000194773,0.002351,7,-0.000061978,-0.006197805,-0.004427003,-0.004427003,0.000000000,manual_A_near_upright
real,BALANCE,37.517,-0.005638,0.013593,-0.003280,0.784800091,0.004826598,-0.000098398,0.002335,7,-0.000032802,-0.003280200,-0.002343000,-0.002343000,0.000000000,manual_A_near_upright
real,BALANCE,37.538,-0.000105,0.007009,-0.000360,0.784800093,0.004823374,-0.000001835,0.002318,7,-0.000003596,-0.000359610,-0.000256865,-0.000256865,0.000000000,manual_A_near_upright
real,BALANCE,37.559,0.005386,0.000420,0.002575,0.784800089,0.004774381,0.000094001,0.002301,7,0.000025750,0.002575029,0.001839307,0.001839307,0.000000000,manual_A_near_upright
real,BALANCE,37.579,0.010783,-0.006113,0.005399,0.784800081,0.004679627,0.000188190,0.002285,7,0.000053987,0.005398745,0.003856246,0.003856246,0.000000000,manual_A_near_upright
real,BALANCE,37.600,0.016035,-0.012527,0.008157,0.784800067,0.004541917,0.000279857,0.002268,7,0.000081566,0.008156574,0.005826124,0.005826124,0.000000000,manual_A_near_upright
real,BALANCE,37.620,0.021094,-0.018766,0.010812,0.784800050,0.004362665,0.000368166,0.002252,7,0.000108115,0.010811532,0.007722523,0.007722523,0.000000000,manual_A_near_upright
real,BALANCE,37.641,0.025915,-0.024770,0.013332,0.784800029,0.004143749,0.000452311,0.002236,7,0.000133318,0.013331810,0.009522722,0.009522722,0.000000000,manual_A_near_upright
real,BALANCE,37.661,0.030455,-0.030487,0.015702,0.784800005,0.003887715,0.000531534,0.002219,7,0.000157021,0.015702126,0.011215804,0.011215804,0.000000000,manual_A_near_upright
real,BALANCE,37.682,0.034672,-0.035864,0.017898,0.784799980,0.003597221,0.000605133,0.002204,7,0.000178981,0.017898085,0.012784346,0.012784346,0.000000000,manual_A_near_upright
real,BALANCE,37.702,0.038530,-0.040855,0.019994,0.784799954,0.003277205,0.000672480,0.002188,7,0.000189255,0.018925455,0.013518182,0.013518182,0.000000000,manual_A_near_upright
real,BALANCE,37.723,0.041996,-0.045416,0.021686,0.784799929,0.002924926,0.000732966,0.002172,7,0.000216864,0.021686441,0.015490315,0.015490315,0.000000000,manual_A_near_upright
real,BALANCE,37.744,0.045038,-0.049507,0.023255,0.784799905,0.002550221,0.000786065,0.002156,7,0.000232550,0.023254965,0.016610690,0.016610690,0.000000000,manual_A_near_upright
real,BALANCE,37.774,0.048761,-0.054692,0.025208,0.784799873,0.001951070,0.000851033,0.002133,7,0.000252084,0.025208444,0.018006031,0.018006031,0.000000000,manual_A_near_upright
real,BALANCE,37.805,0.051408,-0.058647,0.026506,0.784799849,0.001316432,0.000897234,0.002110,7,0.000265064,0.026506412,0.018933151,0.018933151,0.000000000,manual_A_near_upright
real,BALANCE,37.826,0.052558,-0.060569,0.027142,0.784799838,0.000883280,0.000917302,0.002095,7,0.000271422,0.027142187,0.019387276,0.019387276,0.000000000,manual_A_near_upright
real,BALANCE,37.846,0.053204,-0.061901,0.027371,0.784799832,0.000442365,0.000928582,0.002080,7,0.000273706,0.027370641,0.019550458,0.019550458,0.000000000,manual_A_near_upright
real,BALANCE,37.867,0.053345,-0.062635,0.027405,0.784799830,0.000002382,0.000931043,0.002065,7,0.000274051,0.027405086,0.019575062,0.019575062,0.000000000,manual_A_near_upright
real,BALANCE,37.897,0.052637,-0.062625,0.028393,0.784799836,-0.000620181,0.000918695,0.002044,7,0.000283934,0.028393439,0.020281028,0.020281028,0.000000000,manual_A_near_upright
real,BALANCE,37.927,0.050872,-0.061305,0.027353,0.784799852,-0.001255039,0.000887879,0.002022,7,0.000273527,0.027352660,0.019537614,0.019537614,0.000000000,manual_A_near_upright
real,BALANCE,37.948,0.049094,-0.059700,0.026377,0.784799867,-0.001659048,0.000856857,0.002007,7,0.000263774,0.026377414,0.018841010,0.018841010,0.000000000,manual_A_near_upright
real,BALANCE,37.968,0.046874,-0.057545,0.025268,0.784799885,-0.002042343,0.000818103,0.001993,7,0.000252683,0.025268265,0.018048760,0.018048760,0.000000000,manual_A_near_upright
real,BALANCE,37.989,0.044229,-0.054862,0.023808,0.784799906,-0.002406153,0.000771937,0.001979,7,0.000238080,0.023807994,0.017005710,0.017005710,0.000000000,manual_A_near_upright
real,BALANCE,38.009,0.041189,-0.051679,0.022195,0.784799929,-0.002743357,0.000718879,0.001965,7,0.000221955,0.022195466,0.015853904,0.015853904,0.000000000,manual_A_near_upright
real,BALANCE,38.030,0.037785,-0.048032,0.020371,0.784799952,-0.003052655,0.000659477,0.001951,7,0.000203712,0.020371212,0.014550866,0.014550866,0.000000000,manual_A_near_upright
real,BALANCE,38.051,0.034053,-0.043958,0.018378,0.784799975,-0.003330821,0.000594336,0.001936,7,0.000183779,0.018377856,0.013127040,0.013127040,0.000000000,manual_A_near_upright
real,BALANCE,38.071,0.030030,-0.039498,0.016238,0.784799997,-0.003575450,0.000524114,0.001922,7,0.000162377,0.016237750,0.011598393,0.011598393,0.000000000,manual_A_near_upright
real,BALANCE,38.092,0.025755,-0.034698,0.013966,0.784800018,-0.003784644,0.000449510,0.001909,7,0.000139659,0.013965947,0.009975676,0.009975676,0.000000000,manual_A_near_upright
real,BALANCE,38.113,0.021268,-0.029604,0.011411,0.784800036,-0.003960224,0.000371197,0.001895,7,0.000114114,0.011411417,0.008151012,0.008151012,0.000000000,manual_A_near_upright
real,BALANCE,38.133,0.016619,-0.024270,0.009171,0.784800050,-0.004088915,0.000290062,0.001881,7,0.000091715,0.009171486,0.006551061,0.006551061,0.000000000,manual_A_near_upright
real,BALANCE,38.153,0.011851,-0.018745,0.006608,0.784800062,-0.004183819,0.000206848,0.001868,7,0.000066083,0.006608278,0.004720199,0.004720199,0.000000000,manual_A_near_upright
real,BALANCE,38.174,0.007005,-0.013083,0.003958,0.784800069,-0.004239593,0.000122267,0.001855,7,0.000039577,0.003957691,0.002826922,0.002826922,0.000000000,manual_A_near_upright
real,BALANCE,38.194,0.002135,-0.007339,0.001518,0.784800072,-0.004250528,0.000037258,0.001841,7,0.000015176,0.001517609,0.001084006,0.001084006,0.000000000,manual_A_near_upright
real,BALANCE,38.215,-0.002719,-0.001568,-0.001122,0.784800071,-0.004225329,-0.000047454,0.001828,7,-0.000011219,-0.001121919,-0.000801370,-0.000801370,0.000000000,manual_A_near_upright
real,BALANCE,38.235,-0.007511,0.004177,-0.003755,0.784800066,-0.004160693,-0.000131085,0.001815,7,-0.000037552,-0.003755238,-0.002682313,-0.002682313,0.000000000,manual_A_near_upright
real,BALANCE,38.255,-0.012192,0.009840,-0.006071,0.784800057,-0.004052040,-0.000212791,0.001802,7,-0.000060709,-0.006070893,-0.004336352,-0.004336352,0.000000000,manual_A_near_upright
real,BALANCE,38.276,-0.016720,0.015369,-0.008455,0.784800044,-0.003909448,-0.000291820,0.001789,7,-0.000084546,-0.008454621,-0.006039015,-0.006039015,0.000000000,manual_A_near_upright
real,BALANCE,38.297,-0.021056,0.020712,-0.010750,0.784800029,-0.003731557,-0.000367492,0.001776,7,-0.000107499,-0.010749893,-0.007678495,-0.007678495,0.000000000,manual_A_near_upright
real,BALANCE,38.317,-0.025158,0.025822,-0.012877,0.784800012,-0.003519148,-0.000439098,0.001763,7,-0.000128770,-0.012877026,-0.009197875,-0.009197875,0.000000000,manual_A_near_upright
real,BALANCE,38.338,-0.028995,0.030654,-0.015037,0.784799993,-0.003279005,-0.000506059,0.001751,7,-0.000150368,-0.015036780,-0.010740557,-0.010740557,0.000000000,manual_A_near_upright
real,BALANCE,38.358,-0.032525,0.035161,-0.016676,0.784799973,-0.003002533,-0.000567676,0.001738,7,-0.000166759,-0.016675891,-0.011911351,-0.011911351,0.000000000,manual_A_near_upright
real,BALANCE,38.379,-0.035721,0.039304,-0.018369,0.784799953,-0.002705087,-0.000623449,0.001726,7,-0.000183692,-0.018369237,-0.013120884,-0.013120884,0.000000000,manual_A_near_upright
real,BALANCE,38.400,-0.038557,0.043048,-0.019854,0.784799934,-0.002384256,-0.000672940,0.001713,7,-0.000198544,-0.019854431,-0.014181736,-0.014181736,0.000000000,manual_A_near_upright
real,BALANCE,38.421,-0.041007,0.046362,-0.021096,0.784799916,-0.002042814,-0.000715704,0.001701,7,-0.000210957,-0.021095678,-0.015068341,-0.015068341,0.000000000,manual_A_near_upright
real,BALANCE,38.441,-0.043053,0.049216,-0.022198,0.784799901,-0.001686544,-0.000751415,0.001689,7,-0.000221981,-0.022198123,-0.015855802,-0.015855802,0.000000000,manual_A_near_upright
real,BALANCE,38.462,-0.044678,0.051588,-0.022966,0.784799888,-0.001314944,-0.000779780,0.001676,7,-0.000229655,-0.022965508,-0.016403934,-0.016403934,0.000000000,manual_A_near_upright
real,BALANCE,38.482,-0.045871,0.053460,-0.023576,0.784799878,-0.000935516,-0.000800593,0.001664,7,-0.000235762,-0.023576174,-0.016840125,-0.016840125,0.000000000,manual_A_near_upright
real,BALANCE,38.503,-0.046622,0.054817,-0.023922,0.784799871,-0.000549688,-0.000813715,0.001653,7,-0.000239219,-0.023921916,-0.017087083,-0.017087083,0.000000000,manual_A_near_upright
real,BALANCE,38.523,-0.046930,0.055651,-0.024055,0.784799868,-0.000162245,-0.000819091,0.001641,7,-0.000240554,-0.024055401,-0.017182429,-0.017182429,0.000000000,manual_A_near_upright
real,BALANCE,38.544,-0.046795,0.055958,-0.023949,0.784799869,0.000223746,-0.000816734,0.001629,7,-0.000239490,-0.023949011,-0.017106436,-0.017106436,0.000000000,manual_A_near_upright
real,BALANCE,38.565,-0.046247,0.055752,-0.025271,0.784799873,0.000570460,-0.000807171,0.001617,7,-0.000252710,-0.025270999,-0.018050714,-0.018050714,0.000000000,manual_A_near_upright
real,BALANCE,38.585,-0.045286,0.055034,-0.024686,0.784799881,0.000945562,-0.000790388,0.001605,7,-0.000246857,-0.024685708,-0.017632649,-0.017632649,0.000000000,manual_A_near_upright
real,BALANCE,38.606,-0.043893,0.053800,-0.023603,0.784799892,0.001314065,-0.000766073,0.001594,7,-0.000236035,-0.023603480,-0.016859629,-0.016859629,0.000000000,manual_A_near_upright
real,BALANCE,38.626,-0.042101,0.052073,-0.022826,0.784799905,0.001656535,-0.000734803,0.001583,7,-0.000228258,-0.022825814,-0.016304153,-0.016304153,0.000000000,manual_A_near_upright
real,BALANCE,38.647,-0.039927,0.049872,-0.021599,0.784799920,0.001986029,-0.000696866,0.001571,7,-0.000215990,-0.021599033,-0.015427881,-0.015427881,0.000000000,manual_A_near_upright
real,BALANCE,38.667,-0.037394,0.047220,-0.020227,0.784799937,0.002293337,-0.000652648,0.001560,7,-0.000202268,-0.020226782,-0.014447702,-0.014447702,0.000000000,manual_A_near_upright
real,BALANCE,38.687,-0.034529,0.044147,-0.018708,0.784799955,0.002576131,-0.000602639,0.001549,7,-0.000187084,-0.018708444,-0.013363174,-0.013363174,0.000000000,manual_A_near_upright
real,BALANCE,38.707,-0.031361,0.040683,-0.017007,0.784799973,0.002833022,-0.000547345,0.001538,7,-0.000178764,-0.017876407,-0.012768862,-0.012768862,0.000000000,manual_A_near_upright
real,BALANCE,38.728,-0.027922,0.036864,-0.015177,0.784799991,0.003061067,-0.000487327,0.001527,7,-0.000151766,-0.015176617,-0.010840440,-0.010840440,0.000000000,manual_A_near_upright
real,BALANCE,38.749,-0.024247,0.032729,-0.013222,0.784800007,0.003258591,-0.000423189,0.001516,7,-0.000132224,-0.013222412,-0.009444580,-0.009444580,0.000000000,manual_A_near_upright
real,BALANCE,38.769,-0.020372,0.028319,-0.011165,0.784800022,0.003423978,-0.000355563,0.001505,7,-0.000111646,-0.011164630,-0.007974735,-0.007974735,0.000000000,manual_A_near_upright
real,BALANCE,38.790,-0.016336,0.023677,-0.009025,0.784800035,0.003555879,-0.000285114,0.001494,7,-0.000090252,-0.009025220,-0.006446586,-0.006446586,0.000000000,manual_A_near_upright
real,BALANCE,38.820,-0.010063,0.016377,-0.005727,0.784800048,0.003688490,-0.000175638,0.001479,7,-0.000057271,-0.005727127,-0.004090805,-0.004090805,0.000000000,manual_A_near_upright
real,BALANCE,38.840,-0.005796,0.011356,-0.003458,0.784800054,0.003733503,-0.000101159,0.001468,7,-0.000034580,-0.003457977,-0.002469983,-0.002469983,0.000000000,manual_A_near_upright
real,BALANCE,38.861,-0.001506,0.006267,-0.001180,0.784800056,0.003743024,-0.000026289,0.001458,7,-0.000011796,-0.001179569,-0.000842549,-0.000842549,0.000000000,manual_A_near_upright
real,BALANCE,38.881,0.002764,0.001157,0.001080,0.784800055,0.003716650,0.000048249,0.001447,7,0.000010797,0.001079655,0.000771182,0.000771182,0.000000000,manual_A_near_upright
real,BALANCE,38.902,0.006976,-0.003925,0.003302,0.784800051,0.003655146,0.000121750,0.001437,7,0.000033015,0.003301508,0.002358220,0.002358220,0.000000000,manual_A_near_upright
real,BALANCE,38.922,0.011088,-0.008931,0.005457,0.784800043,0.003559509,0.000193522,0.001426,7,0.000054566,0.005456614,0.003897581,0.003897581,0.000000000,manual_A_near_upright
real,BALANCE,38.943,0.015063,-0.013816,0.007475,0.784800033,0.003429875,0.000262897,0.001416,7,0.000074751,0.007475128,0.005339377,0.005339377,0.000000000,manual_A_near_upright
real,BALANCE,38.973,0.020690,-0.020816,0.010517,0.784800015,0.003181628,0.000361109,0.001401,7,0.000105171,0.010517089,0.007512206,0.007512206,0.000000000,manual_A_near_upright
real,BALANCE,38.994,0.024170,-0.025205,0.012305,0.784800001,0.002978054,0.000421839,0.001391,7,0.000123046,0.012304563,0.008788973,0.008788973,0.000000000,manual_A_near_upright
real,BALANCE,39.014,0.027548,-0.029523,0.014072,0.784799985,0.002736857,0.000480804,0.001381,7,0.000140724,0.014072383,0.010051702,0.010051702,0.000000000,manual_A_near_upright
real,BALANCE,39.035,0.030336,-0.033139,0.015527,0.784799970,0.002495770,0.000529470,0.001371,7,0.000155265,0.015526519,0.011090371,0.011090371,0.000000000,manual_A_near_upright
real,BALANCE,39.056,0.032971,-0.036615,0.016911,0.784799955,0.002221502,0.000575446,0.001361,7,0.000169109,0.016910865,0.012079190,0.012079190,0.000000000,manual_A_near_upright
real,BALANCE,39.076,0.035275,-0.039722,0.018124,0.784799941,0.001928676,0.000615659,0.001352,7,0.000181244,0.018124412,0.012946009,0.012946009,0.000000000,manual_A_near_upright
real,BALANCE,39.096,0.037228,-0.042434,0.019049,0.784799928,0.001617955,0.000649751,0.001342,7,0.000190494,0.019049423,0.013606730,0.013606730,0.000000000,manual_A_near_upright
real,BALANCE,39.117,0.038816,-0.044730,0.019871,0.784799917,0.001296479,0.000677465,0.001332,7,0.000198709,0.019870884,0.014193489,0.014193489,0.000000000,manual_A_near_upright
real,BALANCE,39.137,0.040028,-0.046591,0.020509,0.784799908,0.000965695,0.000698621,0.001323,7,0.000205087,0.020508665,0.014649046,0.014649046,0.000000000,manual_A_near_upright
real,BALANCE,39.158,0.040854,-0.048003,0.020874,0.784799902,0.000627074,0.000713030,0.001313,7,0.000208737,0.020873669,0.014909763,0.014909763,0.000000000,manual_A_near_upright
real,BALANCE,39.188,0.041361,-0.049261,0.021112,0.784799898,0.000115808,0.000721885,0.001300,7,0.000211122,0.021112162,0.015080116,0.015080116,0.000000000,manual_A_near_upright
real,BALANCE,39.219,0.040999,-0.049478,0.021664,0.784799900,-0.000375604,0.000715564,0.001286,7,0.000216641,0.021664095,0.015474354,0.015474354,0.000000000,manual_A_near_upright
real,BALANCE,39.240,0.040317,-0.049065,0.022373,0.784799905,-0.000685376,0.000703657,0.001276,7,0.000223735,0.022373483,0.015981059,0.015981059,0.000000000,manual_A_near_upright
real,BALANCE,39.260,0.039250,-0.048193,0.021184,0.784799912,-0.001021914,0.000685043,0.001267,7,0.000211836,0.021183590,0.015131136,0.015131136,0.000000000,manual_A_near_upright
real,BALANCE,39.281,0.037820,-0.046879,0.020529,0.784799922,-0.001330672,0.000660087,0.001258,7,0.000205287,0.020528651,0.014663322,0.014663322,0.000000000,manual_A_near_upright
real,BALANCE,39.301,0.036049,-0.045139,0.019583,0.784799933,-0.001626948,0.000629166,0.001249,7,0.000195831,0.019583138,0.013987956,0.013987956,0.000000000,manual_A_near_upright
real,BALANCE,39.322,0.033950,-0.042993,0.018435,0.784799946,-0.001906211,0.000592540,0.001240,7,0.000184353,0.018435316,0.013168083,0.013168083,0.000000000,manual_A_near_upright
real,BALANCE,39.343,0.031422,-0.040327,0.017090,0.784799960,-0.002177129,0.000548409,0.001231,7,0.000170898,0.017089756,0.012206968,0.012206968,0.000000000,manual_A_near_upright
real,BALANCE,39.363,0.028729,-0.037425,0.015654,0.784799974,-0.002412256,0.000501414,0.001222,7,0.000156544,0.015654414,0.011181725,0.011181725,0.000000000,manual_A_near_upright
real,BALANCE,39.384,0.025940,-0.034366,0.014183,0.784799987,-0.002612705,0.000452734,0.001213,7,0.000141834,0.014183438,0.010131027,0.010131027,0.000000000,manual_A_near_upright
real,BALANCE,39.405,0.022789,-0.030860,0.012487,0.784800000,-0.002798895,0.000397736,0.001205,7,0.000124865,0.012486528,0.008918948,0.008918948,0.000000000,manual_A_near_upright
real,BALANCE,39.425,0.019447,-0.027096,0.010709,0.784800012,-0.002956953,0.000339417,0.001196,7,0.000107087,0.010708666,0.007649047,0.007649047,0.000000000,manual_A_near_upright
real,BALANCE,39.446,0.015947,-0.023110,0.008810,0.784800023,-0.003086762,0.000278331,0.001187,7,0.000088099,0.008809870,0.006292765,0.006292765,0.000000000,manual_A_near_upright
real,BALANCE,39.466,0.012326,-0.018944,0.006963,0.784800031,-0.003184203,0.000215137,0.001179,7,0.000069633,0.006963350,0.004973821,0.004973821,0.000000000,manual_A_near_upright
real,BALANCE,39.487,0.008429,-0.014417,0.004759,0.784800038,-0.003258026,0.000147111,0.001170,7,0.000047593,0.004759268,0.003399477,0.003399477,0.000000000,manual_A_near_upright
real,BALANCE,39.517,0.002967,-0.008000,0.002038,0.784800043,-0.003295995,0.000051787,0.001158,7,0.000020378,0.002037835,0.001455597,0.001455597,0.000000000,manual_A_near_upright
real,BALANCE,39.538,-0.000808,-0.003521,-0.000129,0.784800043,-0.003289897,-0.000014096,0.001150,7,-0.000001285,-0.000128521,-0.000091800,-0.000091800,0.000000000,manual_A_near_upright
real,BALANCE,39.558,-0.004544,0.000951,-0.001968,0.784800041,-0.003245974,-0.000079314,0.001141,7,-0.000019677,-0.001967690,-0.001405493,-0.001405493,0.000000000,manual_A_near_upright
real,BALANCE,39.589,-0.010003,0.007554,-0.004850,0.784800033,-0.003128117,-0.000174583,0.001129,7,-0.000048496,-0.004849632,-0.003464023,-0.003464023,0.000000000,manual_A_near_upright
real,BALANCE,39.609,-0.013494,0.011827,-0.006674,0.784800025,-0.003013085,-0.000235522,0.001121,7,-0.000066735,-0.006673536,-0.004766811,-0.004766811,0.000000000,manual_A_near_upright
real,BALANCE,39.630,-0.016832,0.015951,-0.008434,0.784800016,-0.002871057,-0.000293771,0.001113,7,-0.000084341,-0.008434129,-0.006024378,-0.006024378,0.000000000,manual_A_near_upright
real,BALANCE,39.650,-0.019984,0.019888,-0.010075,0.784800005,-0.002702765,-0.000348794,0.001105,7,-0.000100752,-0.010075241,-0.007196601,-0.007196601,0.000000000,manual_A_near_upright
real,BALANCE,39.671,-0.022925,0.023604,-0.011679,0.784799994,-0.002512020,-0.000400117,0.001097,7,-0.000116789,-0.011678893,-0.008342066,-0.008342066,0.000000000,manual_A_near_upright
real,BALANCE,39.692,-0.025626,0.027063,-0.013007,0.784799982,-0.002296078,-0.000447266,0.001089,7,-0.000130067,-0.013006727,-0.009290519,-0.009290519,0.000000000,manual_A_near_upright
real,BALANCE,39.712,-0.028065,0.030236,-0.014269,0.784799970,-0.002061937,-0.000489820,0.001081,7,-0.000142695,-0.014269481,-0.010192486,-0.010192486,0.000000000,manual_A_near_upright
real,BALANCE,39.733,-0.030220,0.033095,-0.015400,0.784799959,-0.001810681,-0.000527445,0.001074,7,-0.000154005,-0.015400471,-0.011000337,-0.011000337,0.000000000,manual_A_near_upright
real,BALANCE,39.753,-0.032075,0.035617,-0.016344,0.784799948,-0.001543869,-0.000559813,0.001066,7,-0.000163444,-0.016344429,-0.011674592,-0.011674592,0.000000000,manual_A_near_upright
real,BALANCE,39.774,-0.033613,0.037779,-0.017132,0.784799939,-0.001264955,-0.000586665,0.001058,7,-0.000171324,-0.017132437,-0.012237455,-0.012237455,0.000000000,manual_A_near_upright
real,BALANCE,39.794,-0.034825,0.039566,-0.017798,0.784799931,-0.000977430,-0.000607813,0.001051,7,-0.000177983,-0.017798323,-0.012713088,-0.012713088,0.000000000,manual_A_near_upright
real,BALANCE,39.815,-0.035699,0.040961,-0.018164,0.784799926,-0.000680498,-0.000623065,0.001043,7,-0.000181642,-0.018164216,-0.012974440,-0.012974440,0.000000000,manual_A_near_upright
real,BALANCE,39.835,-0.036230,0.041957,-0.018432,0.784799922,-0.000381307,-0.000632339,0.001036,7,-0.000184315,-0.018431540,-0.013165386,-0.013165386,0.000000000,manual_A_near_upright
real,BALANCE,39.855,-0.036418,0.042546,-0.018510,0.784799921,-0.000080741,-0.000635608,0.001028,7,-0.000185097,-0.018509694,-0.013221210,-0.013221210,0.000000000,manual_A_near_upright
real,BALANCE,39.876,-0.036262,0.042726,-0.018423,0.784799922,0.000217848,-0.000632883,0.001021,7,-0.000184225,-0.018422524,-0.013158946,-0.013158946,0.000000000,manual_A_near_upright
real,BALANCE,39.897,-0.035799,0.042514,-0.019975,0.784799924,0.000474910,-0.000624813,0.001014,7,-0.000199746,-0.019974585,-0.014267560,-0.014267560,0.000000000,manual_A_near_upright
real,BALANCE,39.917,-0.035010,0.041903,-0.019142,0.784799929,0.000772715,-0.000611039,0.001006,7,-0.000191417,-0.019141698,-0.013672641,-0.013672641,0.000000000,manual_A_near_upright
real,BALANCE,39.938,-0.033887,0.040893,-0.018385,0.784799936,0.001055141,-0.000591433,0.000999,7,-0.000183851,-0.018385103,-0.013132216,-0.013132216,0.000000000,manual_A_near_upright
real,BALANCE,39.960,-0.032458,0.039503,-0.017780,0.784799944,0.001318948,-0.000566495,0.000992,7,-0.000177796,-0.017779590,-0.012699707,-0.012699707,0.000000000,manual_A_near_upright
real,BALANCE,39.980,-0.030733,0.037747,-0.016776,0.784799953,0.001573438,-0.000536400,0.000984,7,-0.000167755,-0.016775548,-0.011982534,-0.011982534,0.000000000,manual_A_near_upright
real,BALANCE,40.000,-0.028733,0.035644,-0.015707,0.784799964,0.001809396,-0.000501477,0.000977,7,-0.000157071,-0.015707100,-0.011219357,-0.011219357,0.000000000,manual_A_near_upright
real,BALANCE,40.021,-0.026477,0.033216,-0.014509,0.784799975,0.002026428,-0.000462110,0.000970,7,-0.000145091,-0.014509095,-0.010363639,-0.010363639,0.000000000,manual_A_near_upright
real,BALANCE,40.041,-0.023989,0.030489,-0.013114,0.784799985,0.002224289,-0.000418680,0.000963,7,-0.000138538,-0.013853791,-0.009895565,-0.009895565,0.000000000,manual_A_near_upright
real,BALANCE,40.062,-0.021294,0.027490,-0.011722,0.784799996,0.002397336,-0.000371643,0.000957,7,-0.000117221,-0.011722056,-0.008372897,-0.008372897,0.000000000,manual_A_near_upright
real,BALANCE,40.083,-0.018273,0.024083,-0.010141,0.784800006,0.002553801,-0.000318916,0.000950,7,-0.000101415,-0.010141455,-0.007243896,-0.007243896,0.000000000,manual_A_near_upright
real,BALANCE,40.103,-0.015394,0.020801,-0.008541,0.784800014,0.002673438,-0.000268678,0.000943,7,-0.000085409,-0.008540892,-0.006100637,-0.006100637,0.000000000,manual_A_near_upright
real,BALANCE,40.124,-0.012246,0.017176,-0.006903,0.784800022,0.002771589,-0.000213726,0.000936,7,-0.000069029,-0.006902868,-0.004930620,-0.004930620,0.000000000,manual_A_near_upright
real,BALANCE,40.145,-0.009007,0.013411,-0.005209,0.784800027,0.002843171,-0.000157206,0.000929,7,-0.000052092,-0.005209223,-0.003720873,-0.003720873,0.000000000,manual_A_near_upright
real,BALANCE,40.165,-0.005710,0.009543,-0.003488,0.784800031,0.002887460,-0.000099657,0.000923,7,-0.000034883,-0.003488304,-0.002491646,-0.002491646,0.000000000,manual_A_near_upright
real,BALANCE,40.195,-0.000720,0.003627,-0.000840,0.784800034,0.002903329,-0.000012565,0.000913,7,-0.000008396,-0.000839555,-0.000599682,-0.000599682,0.000000000,manual_A_near_upright
real,BALANCE,40.216,0.002590,-0.000338,0.000914,0.784800033,0.002879293,0.000045199,0.000906,7,0.000009137,0.000913661,0.000652615,0.000652615,0.000000000,manual_A_near_upright
real,BALANCE,40.236,0.005849,-0.004276,0.002629,0.784800030,0.002828049,0.000102088,0.000900,7,0.000026288,0.002628848,0.001877748,0.001877748,0.000000000,manual_A_near_upright
real,BALANCE,40.257,0.009028,-0.008151,0.004297,0.784800025,0.002750553,0.000157569,0.000893,7,0.000042969,0.004296910,0.003069221,0.003069221,0.000000000,manual_A_near_upright
real,BALANCE,40.277,0.012097,-0.011927,0.005908,0.784800019,0.002647864,0.000211133,0.000887,7,0.000059077,0.005907695,0.004219782,0.004219782,0.000000000,manual_A_near_upright
real,BALANCE,40.298,0.015028,-0.015569,0.007442,0.784800012,0.002521060,0.000262292,0.000881,7,0.000074421,0.007442142,0.005315816,0.005315816,0.000000000,manual_A_near_upright
real,BALANCE,40.318,0.017795,-0.019044,0.008888,0.784800004,0.002371567,0.000310583,0.000874,7,0.000088876,0.008887632,0.006348309,0.006348309,0.000000000,manual_A_near_upright
real,BALANCE,40.348,0.021584,-0.023876,0.010862,0.784799990,0.002108331,0.000376709,0.000865,7,0.000108623,0.010862312,0.007758795,0.007758795,0.000000000,manual_A_near_upright
real,BALANCE,40.369,0.023836,-0.026803,0.012032,0.784799981,0.001909477,0.000416022,0.000859,7,0.000120322,0.012032190,0.008594421,0.008594421,0.000000000,manual_A_near_upright
real,BALANCE,40.400,0.026756,-0.030686,0.013542,0.784799967,0.001581209,0.000466989,0.000850,7,0.000135423,0.013542346,0.009673105,0.009673105,0.000000000,manual_A_near_upright
real,BALANCE,40.420,0.028374,-0.032906,0.014374,0.784799959,0.001345560,0.000495217,0.000844,7,0.000143740,0.014373972,0.010267123,0.010267123,0.000000000,manual_A_near_upright
real,BALANCE,40.440,0.029712,-0.034808,0.015057,0.784799952,0.001099159,0.000518572,0.000838,7,0.000150573,0.015057333,0.010755238,0.010755238,0.000000000,manual_A_near_upright
real,BALANCE,40.461,0.030761,-0.036377,0.015588,0.784799946,0.000844405,0.000536873,0.000832,7,0.000155877,0.015587651,0.011134036,0.011134036,0.000000000,manual_A_near_upright
real,BALANCE,40.481,0.031512,-0.037601,0.015960,0.784799942,0.000583751,0.000549990,0.000826,7,0.000159603,0.015960284,0.011400203,0.011400203,0.000000000,manual_A_near_upright
real,BALANCE,40.501,0.031962,-0.038473,0.016174,0.784799939,0.000319706,0.000557840,0.000820,7,0.000161741,0.016174091,0.011552922,0.011552922,0.000000000,manual_A_near_upright
real,BALANCE,40.522,0.032108,-0.038986,0.016228,0.784799938,0.000054756,0.000560392,0.000814,7,0.000162281,0.016228095,0.011591496,0.011591496,0.000000000,manual_A_near_upright
real,BALANCE,40.543,0.031952,-0.039138,0.016170,0.784799939,-0.000207608,0.000557669,0.000808,7,0.000161697,0.016169726,0.011549804,0.011549804,0.000000000,manual_A_near_upright
real,BALANCE,40.563,0.031531,-0.038948,0.017738,0.784799941,-0.000429573,0.000550321,0.000802,7,0.000177382,0.017738163,0.012670116,0.012670116,0.000000000,manual_A_near_upright
real,BALANCE,40.593,0.030355,-0.038000,0.016486,0.784799948,-0.000821348,0.000529793,0.000794,7,0.000164855,0.016485535,0.011775382,0.011775382,0.000000000,manual_A_near_upright
real,BALANCE,40.614,0.029215,-0.036938,0.016045,0.784799953,-0.001058284,0.000509902,0.000788,7,0.000160451,0.016045102,0.011460787,0.011460787,0.000000000,manual_A_near_upright
real,BALANCE,40.634,0.027812,-0.035547,0.015296,0.784799960,-0.001287096,0.000485408,0.000783,7,0.000152959,0.015295862,0.010925616,0.010925616,0.000000000,manual_A_near_upright
real,BALANCE,40.655,0.026155,-0.033841,0.014317,0.784799968,-0.001503985,0.000456495,0.000777,7,0.000143169,0.014316871,0.010226336,0.010226336,0.000000000,manual_A_near_upright
real,BALANCE,40.675,0.024265,-0.031840,0.013332,0.784799976,-0.001702547,0.000423510,0.000772,7,0.000133322,0.013332216,0.009523011,0.009523011,0.000000000,manual_A_near_upright
real,BALANCE,40.695,0.022161,-0.029565,0.012170,0.784799985,-0.001884904,0.000386781,0.000766,7,0.000121701,0.012170118,0.008692942,0.008692942,0.000000000,manual_A_near_upright
real,BALANCE,40.716,0.019865,-0.027039,0.010985,0.784799993,-0.002046522,0.000346712,0.000761,7,0.000109849,0.010984915,0.007846368,0.007846368,0.000000000,manual_A_near_upright
real,BALANCE,40.737,0.017399,-0.024288,0.009673,0.784800001,-0.002188423,0.000303677,0.000755,7,0.000096727,0.009672691,0.006909065,0.006909065,0.000000000,manual_A_near_upright
real,BALANCE,40.757,0.014657,-0.021189,0.008249,0.784800009,-0.002313403,0.000255811,0.000750,7,0.000082489,0.008248940,0.005892100,0.005892100,0.000000000,manual_A_near_upright
real,BALANCE,40.777,0.012062,-0.018225,0.006873,0.784800014,-0.002405571,0.000210526,0.000744,7,0.000068735,0.006873474,0.004909624,0.004909624,0.000000000,manual_A_near_upright
real,BALANCE,40.798,0.009240,-0.014971,0.005337,0.784800020,-0.002480652,0.000161276,0.000739,7,0.000053365,0.005336536,0.003811811,0.003811811,0.000000000,manual_A_near_upright
real,BALANCE,40.818,0.006355,-0.011611,0.003862,0.784800023,-0.002529871,0.000110911,0.000734,7,0.000038616,0.003861565,0.002758260,0.002758260,0.000000000,manual_A_near_upright
real,BALANCE,40.839,0.003431,-0.008178,0.002296,0.784800025,-0.002556442,0.000059888,0.000728,7,0.000022961,0.002296055,0.001640039,0.001640039,0.000000000,manual_A_near_upright
real,BALANCE,40.859,0.000498,-0.004704,0.000750,0.784800026,-0.002558261,0.000008691,0.000723,7,0.000007499,0.000749946,0.000535675,0.000535675,0.000000000,manual_A_near_upright
real,BALANCE,40.880,-0.002417,-0.001222,-0.000793,0.784800025,-0.002535896,-0.000042191,0.000718,7,-0.000007935,-0.000793486,-0.000566776,-0.000566776,0.000000000,manual_A_near_upright
real,BALANCE,40.900,-0.005287,0.002235,-0.002304,0.784800023,-0.002489629,-0.000092278,0.000713,7,-0.000023042,-0.002304170,-0.001645836,-0.001645836,0.000000000,manual_A_near_upright
real,BALANCE,40.921,-0.008085,0.005634,-0.003772,0.784800020,-0.002420245,-0.000141103,0.000708,7,-0.000037717,-0.003771668,-0.002694048,-0.002694048,0.000000000,manual_A_near_upright
real,BALANCE,40.942,-0.010784,0.008944,-0.005188,0.784800015,-0.002328710,-0.000188218,0.000703,7,-0.000051884,-0.005188430,-0.003706022,-0.003706022,0.000000000,manual_A_near_upright
real,BALANCE,40.962,-0.013362,0.012136,-0.006575,0.784800009,-0.002216710,-0.000233215,0.000698,7,-0.000065753,-0.006575319,-0.004696656,-0.004696656,0.000000000,manual_A_near_upright
real,BALANCE,40.983,-0.015793,0.015179,-0.007787,0.784800002,-0.002082793,-0.000275636,0.000693,7,-0.000077870,-0.007787043,-0.005562174,-0.005562174,0.000000000,manual_A_near_upright
real,BALANCE,41.004,-0.018056,0.018046,-0.008993,0.784799995,-0.001932145,-0.000315137,0.000688,7,-0.000089933,-0.008993296,-0.006423783,-0.006423783,0.000000000,manual_A_near_upright
real,BALANCE,41.024,-0.020132,0.020712,-0.010070,0.784799988,-0.001763903,-0.000351369,0.000683,7,-0.000100696,-0.010069565,-0.007192546,-0.007192546,0.000000000,manual_A_near_upright
real,BALANCE,41.045,-0.022002,0.023153,-0.011036,0.784799981,-0.001580432,-0.000384011,0.000678,7,-0.000110360,-0.011036010,-0.007882864,-0.007882864,0.000000000,manual_A_near_upright
real,BALANCE,41.066,-0.023652,0.025349,-0.011930,0.784799974,-0.001384525,-0.000412797,0.000673,7,-0.000119301,-0.011930060,-0.008521471,-0.008521471,0.000000000,manual_A_near_upright
real,BALANCE,41.086,-0.025065,0.027280,-0.012612,0.784799968,-0.001175334,-0.000437474,0.000668,7,-0.000122934,-0.012293402,-0.008781001,-0.008781001,0.000000000,manual_A_near_upright
real,BALANCE,41.108,-0.026232,0.028930,-0.013207,0.784799963,-0.000957729,-0.000457838,0.000663,7,-0.000132072,-0.013207161,-0.009433687,-0.009433687,0.000000000,manual_A_near_upright
real,BALANCE,41.128,-0.027144,0.030287,-0.013678,0.784799958,-0.000733073,-0.000473746,0.000658,7,-0.000136776,-0.013677605,-0.009769718,-0.009769718,0.000000000,manual_A_near_upright
real,BALANCE,41.149,-0.027793,0.031339,-0.013994,0.784799955,-0.000502997,-0.000485079,0.000653,7,-0.000139940,-0.013993967,-0.009995691,-0.009995691,0.000000000,manual_A_near_upright
real,BALANCE,41.170,-0.028176,0.032080,-0.014177,0.784799953,-0.000270175,-0.000491766,0.000649,7,-0.000141766,-0.014176600,-0.010126143,-0.010126143,0.000000000,manual_A_near_upright
real,BALANCE,41.190,-0.028292,0.032505,-0.014217,0.784799952,-0.000036648,-0.000493783,0.000644,7,-0.000142173,-0.014217281,-0.010155201,-0.010155201,0.000000000,manual_A_near_upright
real,BALANCE,41.211,-0.028142,0.032613,-0.014266,0.784799953,0.000192242,-0.000491165,0.000639,7,-0.000142661,-0.014266130,-0.010190093,-0.010190093,0.000000000,manual_A_near_upright
real,BALANCE,41.232,-0.027764,0.032421,-0.015805,0.784799955,0.000384564,-0.000484581,0.000635,7,-0.000158051,-0.015805089,-0.011289349,-0.011289349,0.000000000,manual_A_near_upright
real,BALANCE,41.253,-0.027130,0.031917,-0.014958,0.784799958,0.000619614,-0.000473509,0.000630,7,-0.000149575,-0.014957532,-0.010683952,-0.010683952,0.000000000,manual_A_near_upright
real,BALANCE,41.274,-0.026236,0.031104,-0.014392,0.784799962,0.000837743,-0.000457904,0.000625,7,-0.000143920,-0.014391956,-0.010279968,-0.010279968,0.000000000,manual_A_near_upright
real,BALANCE,41.294,-0.025106,0.029997,-0.013925,0.784799967,0.001041709,-0.000438187,0.000621,7,-0.000139247,-0.013924708,-0.009946220,-0.009946220,0.000000000,manual_A_near_upright
real,BALANCE,41.315,-0.023748,0.028607,-0.013119,0.784799972,0.001238867,-0.000414473,0.000616,7,-0.000131186,-0.013118577,-0.009370412,-0.009370412,0.000000000,manual_A_near_upright
real,BALANCE,41.336,-0.022175,0.026948,-0.012285,0.784799979,0.001420997,-0.000387028,0.000612,7,-0.000122851,-0.012285138,-0.008775099,-0.008775099,0.000000000,manual_A_near_upright
real,BALANCE,41.356,-0.020406,0.025039,-0.011345,0.784799985,0.001588422,-0.000356156,0.000608,7,-0.000113451,-0.011345134,-0.008103667,-0.008103667,0.000000000,manual_A_near_upright
real,BALANCE,41.377,-0.018459,0.022899,-0.010297,0.784799992,0.001739890,-0.000322162,0.000603,7,-0.000102972,-0.010297179,-0.007355128,-0.007355128,0.000000000,manual_A_near_upright
real,BALANCE,41.398,-0.016351,0.020550,-0.009148,0.784799998,0.001874144,-0.000285378,0.000599,7,-0.000091485,-0.009148474,-0.006534624,-0.006534624,0.000000000,manual_A_near_upright
real,BALANCE,41.419,-0.014107,0.018015,-0.007999,0.784800004,0.001988282,-0.000246211,0.000595,7,-0.000079989,-0.007998886,-0.005713490,-0.005713490,0.000000000,manual_A_near_upright
real,BALANCE,41.439,-0.011747,0.015321,-0.006725,0.784800009,0.002084177,-0.000205021,0.000590,7,-0.000067253,-0.006725325,-0.004803803,-0.004803803,0.000000000,manual_A_near_upright
real,BALANCE,41.460,-0.009294,0.012492,-0.005428,0.784800013,0.002159213,-0.000162214,0.000586,7,-0.000054278,-0.005427805,-0.003877004,-0.003877004,0.000000000,manual_A_near_upright
real,BALANCE,41.480,-0.006773,0.009557,-0.004096,0.784800017,0.002213357,-0.000118209,0.000582,7,-0.000040957,-0.004095658,-0.002925470,-0.002925470,0.000000000,manual_A_near_upright
real,BALANCE,41.501,-0.004207,0.006544,-0.002737,0.784800019,0.002246351,-0.000073427,0.000578,7,-0.000027370,-0.002736980,-0.001954986,-0.001954986,0.000000000,manual_A_near_upright
real,BALANCE,41.522,-0.001621,0.003481,-0.001373,0.784800020,0.002257885,-0.000028297,0.000573,7,-0.000013726,-0.001372553,-0.000980395,-0.000980395,0.000000000,manual_A_near_upright
real,BALANCE,41.543,0.000960,0.000398,-0.000006,0.784800020,0.002248096,0.000016755,0.000569,7,-0.000000063,-0.000006292,-0.000004494,-0.000004494,0.000000000,manual_A_near_upright
real,BALANCE,41.563,0.003512,-0.002676,0.001342,0.784800019,0.002217015,0.000061303,0.000565,7,0.000013416,0.001341616,0.000958297,0.000958297,0.000000000,manual_A_near_upright
real,BALANCE,41.584,0.006012,-0.005712,0.002653,0.784800017,0.002165165,0.000104925,0.000561,7,0.000026528,0.002652767,0.001894833,0.001894833,0.000000000,manual_A_near_upright
real,BALANCE,41.605,0.008435,-0.008683,0.003926,0.784800013,0.002093433,0.000147222,0.000557,7,0.000039258,0.003925820,0.002804157,0.002804157,0.000000000,manual_A_near_upright
real,BALANCE,41.626,0.010760,-0.011561,0.005145,0.784800009,0.002002556,0.000187805,0.000553,7,0.000051445,0.005144512,0.003674652,0.003674652,0.000000000,manual_A_near_upright
real,BALANCE,41.647,0.012966,-0.014319,0.006298,0.784800004,0.001893556,0.000226305,0.000549,7,0.000062980,0.006298038,0.004498598,0.004498598,0.000000000,manual_A_near_upright
real,BALANCE,41.667,0.015033,-0.016934,0.007377,0.784799999,0.001767625,0.000262378,0.000545,7,0.000073771,0.007377089,0.005269349,0.005269349,0.000000000,manual_A_near_upright
real,BALANCE,41.689,0.016943,-0.019381,0.008372,0.784799993,0.001626073,0.000295704,0.000541,7,0.000083715,0.008371546,0.005979676,0.005979676,0.000000000,manual_A_near_upright
real,BALANCE,41.710,0.018678,-0.021639,0.009273,0.784799988,0.001470362,0.000325990,0.000537,7,0.000088342,0.008834231,0.006310165,0.006310165,0.000000000,manual_A_near_upright
real,BALANCE,41.731,0.020225,-0.023689,0.010097,0.784799982,0.001302532,0.000352991,0.000533,7,0.000100969,0.010096860,0.007212043,0.007212043,0.000000000,manual_A_near_upright
real,BALANCE,41.752,0.021570,-0.025513,0.010773,0.784799977,0.001122961,0.000376459,0.000529,7,0.000107730,0.010773002,0.007695002,0.007695002,0.000000000,manual_A_near_upright
real,BALANCE,41.773,0.022700,-0.027095,0.011338,0.784799973,0.000934344,0.000396195,0.000525,7,0.000113380,0.011338032,0.008098594,0.008098594,0.000000000,manual_A_near_upright
real,BALANCE,41.794,0.023609,-0.028424,0.011812,0.784799969,0.000738998,0.000412061,0.000521,7,0.000118117,0.011811720,0.008436943,0.008436943,0.000000000,manual_A_near_upright
real,BALANCE,41.814,0.024290,-0.029488,0.012149,0.784799966,0.000537934,0.000423933,0.000517,7,0.000121487,0.012148660,0.008677614,0.008677614,0.000000000,manual_A_near_upright
real,BALANCE,41.835,0.024736,-0.030279,0.012366,0.784799964,0.000333499,0.000431732,0.000514,7,0.000123661,0.012366118,0.008832942,0.008832942,0.000000000,manual_A_near_upright
real,BALANCE,41.856,0.024948,-0.030794,0.012460,0.784799963,0.000127573,0.000435417,0.000510,7,0.000124602,0.012460215,0.008900153,0.008900153,0.000000000,manual_A_near_upright
real,BALANCE,41.877,0.024923,-0.031028,0.012429,0.784799963,-0.000077945,0.000434986,0.000506,7,0.000124287,0.012428670,0.008877621,0.008877621,0.000000000,manual_A_near_upright
real,BALANCE,41.897,0.024679,-0.030989,0.013519,0.784799964,-0.000255251,0.000430735,0.000503,7,0.000135189,0.013518876,0.009656340,0.009656340,0.000000000,manual_A_near_upright
real,BALANCE,41.918,0.024236,-0.030688,0.013868,0.784799966,-0.000443375,0.000423003,0.000499,7,0.000138680,0.013868015,0.009905725,0.009905725,0.000000000,manual_A_near_upright
real,BALANCE,41.938,0.023554,-0.030106,0.012904,0.784799969,-0.000650512,0.000411093,0.000496,7,0.000129043,0.012904310,0.009217364,0.009217364,0.000000000,manual_A_near_upright
real,BALANCE,41.968,0.022129,-0.028741,0.012367,0.784799974,-0.000922479,0.000386231,0.000490,7,0.000123674,0.012367353,0.008833824,0.008833824,0.000000000,manual_A_near_upright
real,BALANCE,41.988,0.020927,-0.027517,0.011643,0.784799979,-0.001096480,0.000365240,0.000487,7,0.000116428,0.011642816,0.008316297,0.008316297,0.000000000,manual_A_near_upright
real,BALANCE,42.009,0.019536,-0.026056,0.010904,0.784799984,-0.001256970,0.000340960,0.000483,7,0.000109040,0.010904010,0.007788579,0.007788579,0.000000000,manual_A_near_upright
real,BALANCE,42.029,0.017971,-0.024374,0.010076,0.784799989,-0.001404358,0.000313662,0.000480,7,0.000100758,0.010075785,0.007196990,0.007196990,0.000000000,manual_A_near_upright
real,BALANCE,42.050,0.016250,-0.022489,0.009148,0.784799994,-0.001537735,0.000283615,0.000476,7,0.000091482,0.009148163,0.006534402,0.006534402,0.000000000,manual_A_near_upright
real,BALANCE,42.070,0.014389,-0.020421,0.008158,0.784799999,-0.001655369,0.000251127,0.000473,7,0.000081583,0.008158312,0.005827366,0.005827366,0.000000000,manual_A_near_upright
real,BALANCE,42.091,0.012406,-0.018189,0.007104,0.784800003,-0.001756548,0.000216524,0.000470,7,0.000071038,0.007103801,0.005074144,0.005074144,0.000000000,manual_A_near_upright
real,BALANCE,42.111,0.010322,-0.015816,0.005996,0.784800007,-0.001840417,0.000180147,0.000466,7,0.000065557,0.006555663,0.004682616,0.004682616,0.000000000,manual_A_near_upright
real,BALANCE,42.132,0.008156,-0.013325,0.004849,0.784800011,-0.001906287,0.000142353,0.000463,7,0.000048485,0.004848528,0.003463234,0.003463234,0.000000000,manual_A_near_upright
real,BALANCE,42.162,0.004802,-0.009421,0.003073,0.784800014,-0.001970399,0.000083808,0.000458,7,0.000030730,0.003072966,0.002194976,0.002194976,0.000000000,manual_A_near_upright
real,BALANCE,42.182,0.002526,-0.006744,0.001871,0.784800015,-0.001989620,0.000044089,0.000455,7,0.000024729,0.002472861,0.001766330,0.001766330,0.000000000,manual_A_near_upright
real,BALANCE,42.203,0.000244,-0.004037,0.000667,0.784800016,-0.001989973,0.000004260,0.000452,7,0.000006666,0.000666641,0.000476172,0.000476172,0.000000000,manual_A_near_upright
real,BALANCE,42.232,-0.003144,0.000025,-0.001125,0.784800015,-0.001955299,-0.000054870,0.000447,7,-0.000005348,-0.000534813,-0.000382010,-0.000382010,0.000000000,manual_A_near_upright
real,BALANCE,42.253,-0.005348,0.002696,-0.002281,0.784800013,-0.001909203,-0.000093338,0.000444,7,-0.000017065,-0.001706518,-0.001218942,-0.001218942,0.000000000,manual_A_near_upright
real,BALANCE,42.274,-0.007484,0.005308,-0.003403,0.784800010,-0.001845569,-0.000130629,0.000440,7,-0.000034035,-0.003403467,-0.002431048,-0.002431048,0.000000000,manual_A_near_upright
real,BALANCE,42.304,-0.010520,0.009065,-0.004994,0.784800005,-0.001718747,-0.000183615,0.000436,7,-0.000049938,-0.004993816,-0.003567011,-0.003567011,0.000000000,manual_A_near_upright
real,BALANCE,42.324,-0.012405,0.011428,-0.005978,0.784800001,-0.001614663,-0.000216506,0.000433,7,-0.000059784,-0.005978431,-0.004270308,-0.004270308,0.000000000,manual_A_near_upright
real,BALANCE,42.345,-0.014158,0.013654,-0.006893,0.784799997,-0.001496228,-0.000247105,0.000430,7,-0.000068929,-0.006892909,-0.004923506,-0.004923506,0.000000000,manual_A_near_upright
real,BALANCE,42.366,-0.015765,0.015721,-0.007728,0.784799993,-0.001364657,-0.000275144,0.000427,7,-0.000077283,-0.007728339,-0.005520242,-0.005520242,0.000000000,manual_A_near_upright
real,BALANCE,42.386,-0.017210,0.017613,-0.008478,0.784799988,-0.001221308,-0.000300377,0.000423,7,-0.000084782,-0.008478188,-0.006055849,-0.006055849,0.000000000,manual_A_near_upright
real,BALANCE,42.407,-0.018483,0.019312,-0.009136,0.784799984,-0.001067618,-0.000322591,0.000420,7,-0.000091358,-0.009135762,-0.006525545,-0.006525545,0.000000000,manual_A_near_upright
real,BALANCE,42.427,-0.019572,0.020805,-0.009696,0.784799980,-0.000905115,-0.000341601,0.000417,7,-0.000096959,-0.009695929,-0.006925663,-0.006925663,0.000000000,manual_A_near_upright
real,BALANCE,42.448,-0.020469,0.022078,-0.010154,0.784799977,-0.000735394,-0.000357253,0.000414,7,-0.000101536,-0.010153590,-0.007252564,-0.007252564,0.000000000,manual_A_near_upright
real,BALANCE,42.468,-0.021167,0.023123,-0.010506,0.784799974,-0.000560116,-0.000369428,0.000411,7,-0.000105061,-0.010506105,-0.007504361,-0.007504361,0.000000000,manual_A_near_upright
real,BALANCE,42.489,-0.021660,0.023930,-0.010750,0.784799973,-0.000380964,-0.000378038,0.000408,7,-0.000107504,-0.010750449,-0.007678892,-0.007678892,0.000000000,manual_A_near_upright
real,BALANCE,42.519,-0.022011,0.024684,-0.010912,0.784799971,-0.000108725,-0.000384163,0.000404,7,-0.000109115,-0.010911548,-0.007793963,-0.007793963,0.000000000,manual_A_near_upright
real,BALANCE,42.540,-0.021985,0.024879,-0.010882,0.784799971,0.000072598,-0.000383707,0.000401,7,-0.000108818,-0.010881773,-0.007772695,-0.007772695,0.000000000,manual_A_near_upright
real,BALANCE,42.561,-0.021769,0.024834,-0.012080,0.784799972,0.000224101,-0.000379943,0.000398,7,-0.000120797,-0.012079712,-0.008628366,-0.008628366,0.000000000,manual_A_near_upright
real,BALANCE,42.581,-0.021378,0.024558,-0.012284,0.784799973,0.000392469,-0.000373123,0.000395,7,-0.000122839,-0.012283948,-0.008774248,-0.008774248,0.000000000,manual_A_near_upright
real,BALANCE,42.601,-0.020775,0.024034,-0.011455,0.784799976,0.000574843,-0.000362586,0.000393,7,-0.000114549,-0.011454940,-0.008182100,-0.008182100,0.000000000,manual_A_near_upright
real,BALANCE,42.622,-0.019981,0.023278,-0.011227,0.784799978,0.000735534,-0.000348743,0.000390,7,-0.000112270,-0.011226968,-0.008019263,-0.008019263,0.000000000,manual_A_near_upright
real,BALANCE,42.652,-0.018455,0.021724,-0.010350,0.784799983,0.000968405,-0.000322096,0.000386,7,-0.000106802,-0.010680155,-0.007628682,-0.007628682,0.000000000,manual_A_near_upright
real,BALANCE,42.672,-0.017226,0.020424,-0.009704,0.784799987,0.001109947,-0.000300655,0.000383,7,-0.000100298,-0.010029784,-0.007164131,-0.007164131,0.000000000,manual_A_near_upright
real,BALANCE,42.694,-0.015845,0.018930,-0.008970,0.784799991,0.001240112,-0.000276550,0.000380,7,-0.000089696,-0.008969634,-0.006406882,-0.006406882,0.000000000,manual_A_near_upright
real,BALANCE,42.724,-0.013518,0.016359,-0.007721,0.784799997,0.001411515,-0.000235926,0.000376,7,-0.000081505,-0.008150518,-0.005821798,-0.005821798,0.000000000,manual_A_near_upright
real,BALANCE,42.745,-0.011818,0.014449,-0.006818,0.784800001,0.001508154,-0.000206270,0.000373,7,-0.000068178,-0.006817824,-0.004869874,-0.004869874,0.000000000,manual_A_near_upright
real,BALANCE,42.775,-0.009091,0.011338,-0.005368,0.784800006,0.001624936,-0.000158660,0.000369,7,-0.000053675,-0.005367538,-0.003833955,-0.003833955,0.000000000,manual_A_near_upright
real,BALANCE,42.795,-0.007179,0.009131,-0.004354,0.784800008,0.001683039,-0.000125292,0.000367,7,-0.000048646,-0.004864585,-0.003474703,-0.003474703,0.000000000,manual_A_near_upright
real,BALANCE,42.815,-0.005214,0.006841,-0.003314,0.784800010,0.001724845,-0.000090997,0.000364,7,-0.000038364,-0.003836394,-0.002740282,-0.002740282,0.000000000,manual_A_near_upright
real,BALANCE,42.836,-0.003215,0.004491,-0.002256,0.784800012,0.001750091,-0.000056106,0.000362,7,-0.000027865,-0.002786504,-0.001990360,-0.001990360,0.000000000,manual_A_near_upright
real,BALANCE,42.857,-0.001200,0.002103,-0.001193,0.784800012,0.001758659,-0.000020951,0.000359,7,-0.000011928,-0.001192790,-0.000851993,-0.000851993,0.000000000,manual_A_near_upright
real,BALANCE,42.878,0.000810,-0.000300,-0.000130,0.784800012,0.001750602,0.000014133,0.000356,7,-0.000001296,-0.000129558,-0.000092541,-0.000092541,0.000000000,manual_A_near_upright
real,BALANCE,42.898,0.002797,-0.002696,0.000919,0.784800011,0.001725996,0.000048816,0.000354,7,0.000009190,0.000918957,0.000656398,0.000656398,0.000000000,manual_A_near_upright
real,BALANCE,42.918,0.004743,-0.005061,0.001940,0.784800010,0.001685253,0.000082772,0.000351,7,0.000019403,0.001940263,0.001385902,0.001385902,0.000000000,manual_A_near_upright
real,BALANCE,42.939,0.006628,-0.007375,0.002931,0.784800008,0.001629016,0.000115688,0.000349,7,0.000029310,0.002930982,0.002093558,0.002093558,0.000000000,manual_A_near_upright
real,BALANCE,42.960,0.008437,-0.009616,0.003879,0.784800005,0.001557879,0.000147261,0.000346,7,0.000038791,0.003879104,0.002770788,0.002770788,0.000000000,manual_A_near_upright
real,BALANCE,42.990,0.010971,-0.012796,0.005204,0.784800001,0.001425030,0.000191483,0.000343,7,0.000052038,0.005203762,0.003716973,0.003716973,0.000000000,manual_A_near_upright
real,BALANCE,43.011,0.012518,-0.014767,0.006011,0.784799998,0.001320418,0.000218488,0.000340,7,0.000060109,0.006010852,0.004293465,0.004293465,0.000000000,manual_A_near_upright
real,BALANCE,43.031,0.013936,-0.016599,0.006748,0.784799994,0.001204212,0.000243230,0.000338,7,0.000067482,0.006748225,0.004820161,0.004820161,0.000000000,manual_A_near_upright
real,BALANCE,43.051,0.015212,-0.018275,0.007410,0.784799991,0.001077606,0.000265495,0.000335,7,0.000070889,0.007088908,0.005063505,0.005063505,0.000000000,manual_A_near_upright
real,BALANCE,43.072,0.016335,-0.019782,0.007990,0.784799988,0.000941873,0.000285094,0.000333,7,0.000079901,0.007990060,0.005707186,0.005707186,0.000000000,manual_A_near_upright
real,BALANCE,43.102,0.017713,-0.021696,0.008698,0.784799983,0.000724136,0.000309142,0.000329,7,0.000084842,0.008484210,0.006060150,0.006060150,0.000000000,manual_A_near_upright
real,BALANCE,43.122,0.018416,-0.022726,0.009055,0.784799981,0.000571621,0.000321422,0.000327,7,0.000088882,0.008888152,0.006348680,0.006348680,0.000000000,manual_A_near_upright
real,BALANCE,43.143,0.018941,-0.023550,0.009318,0.784799979,0.000414947,0.000330589,0.000325,7,0.000093184,0.009318414,0.006656010,0.006656010,0.000000000,manual_A_near_upright
real,BALANCE,43.163,0.019285,-0.024162,0.009486,0.784799978,0.000255614,0.000336581,0.000322,7,0.000094141,0.009414146,0.006724390,0.006724390,0.000000000,manual_A_near_upright
real,BALANCE,43.184,0.019444,-0.024557,0.009556,0.784799977,0.000095140,0.000339367,0.000320,7,0.000095555,0.009555532,0.006825380,0.006825380,0.000000000,manual_A_near_upright
real,BALANCE,43.205,0.019420,-0.024734,0.009529,0.784799977,-0.000064955,0.000338947,0.000318,7,0.000095291,0.009529063,0.006806473,0.006806473,0.000000000,manual_A_near_upright
real,BALANCE,43.226,0.019231,-0.024702,0.010742,0.784799978,-0.000195481,0.000335641,0.000315,7,0.000097134,0.009713432,0.006938166,0.006938166,0.000000000,manual_A_near_upright
real,BALANCE,43.247,0.018890,-0.024465,0.010975,0.784799979,-0.000343299,0.000329691,0.000313,7,0.000109747,0.010974698,0.007839070,0.007839070,0.000000000,manual_A_near_upright
real,BALANCE,43.268,0.018359,-0.024010,0.010186,0.784799981,-0.000505745,0.000320428,0.000311,7,0.000101862,0.010186217,0.007275869,0.007275869,0.000000000,manual_A_near_upright
real,BALANCE,43.288,0.017661,-0.023348,0.009994,0.784799983,-0.000647626,0.000308237,0.000309,7,0.000099943,0.009994280,0.007138771,0.007138771,0.000000000,manual_A_near_upright
real,BALANCE,43.309,0.016803,-0.022488,0.009534,0.784799986,-0.000786282,0.000293271,0.000306,7,0.000095344,0.009534400,0.006810286,0.006810286,0.000000000,manual_A_near_upright
real,BALANCE,43.330,0.015792,-0.021438,0.008947,0.784799988,-0.000917373,0.000275625,0.000304,7,0.000089468,0.008946801,0.006390572,0.006390572,0.000000000,manual_A_near_upright
real,BALANCE,43.350,0.014640,-0.020209,0.008352,0.784799991,-0.001037378,0.000255520,0.000302,7,0.000083523,0.008352331,0.005965951,0.005965951,0.000000000,manual_A_near_upright
real,BALANCE,43.371,0.013359,-0.018815,0.007661,0.784799995,-0.001147292,0.000233161,0.000300,7,0.000076611,0.007661081,0.005472201,0.005472201,0.000000000,manual_A_near_upright
real,BALANCE,43.392,0.011962,-0.017269,0.006913,0.784799998,-0.001245444,0.000208771,0.000298,7,0.000069133,0.006913309,0.004938078,0.004938078,0.000000000,manual_A_near_upright
real,BALANCE,43.412,0.010462,-0.015588,0.006117,0.784800001,-0.001331011,0.000182600,0.000296,7,0.000061166,0.006116628,0.004369020,0.004369020,0.000000000,manual_A_near_upright
real,BALANCE,43.433,0.008875,-0.013788,0.005235,0.784800003,-0.001404204,0.000154898,0.000293,7,0.000052350,0.005234982,0.003739273,0.003739273,0.000000000,manual_A_near_upright
real,BALANCE,43.453,0.007217,-0.011886,0.004396,0.784800005,-0.001461918,0.000125952,0.000291,7,0.000048136,0.004813620,0.003438300,0.003438300,0.000000000,manual_A_near_upright
real,BALANCE,43.474,0.005503,-0.009903,0.003489,0.784800007,-0.001506297,0.000096048,0.000289,7,0.000034890,0.003489030,0.002492164,0.002492164,0.000000000,manual_A_near_upright
real,BALANCE,43.505,0.002865,-0.006815,0.002087,0.784800009,-0.001545695,0.000050005,0.000286,7,0.000020875,0.002087461,0.001491044,0.001491044,0.000000000,manual_A_near_upright
real,BALANCE,43.525,0.001086,-0.004710,0.001150,0.784800010,-0.001553437,0.000018954,0.000284,7,0.000011501,0.001150109,0.000821506,0.000821506,0.000000000,manual_A_near_upright
real,BALANCE,43.545,-0.000690,-0.002591,0.000210,0.784800010,-0.001546571,-0.000012040,0.000282,7,0.000002096,0.000209551,0.000149679,0.000149679,0.000000000,manual_A_near_upright
real,BALANCE,43.566,-0.002446,-0.000479,-0.000716,0.784800009,-0.001525051,-0.000042684,0.000280,7,-0.000007163,-0.000716275,-0.000511625,-0.000511625,0.000000000,manual_A_near_upright
real,BALANCE,43.587,-0.004165,0.001607,-0.001659,0.784800008,-0.001490128,-0.000072699,0.000278,7,-0.000016595,-0.001659471,-0.001185337,-0.001185337,0.000000000,manual_A_near_upright
real,BALANCE,43.607,-0.005832,0.003648,-0.002490,0.784800006,-0.001439686,-0.000101795,0.000276,7,-0.000024902,-0.002490151,-0.001778680,-0.001778680,0.000000000,manual_A_near_upright
real,BALANCE,43.627,-0.007431,0.005624,-0.003328,0.784800004,-0.001377043,-0.000129700,0.000274,7,-0.000033275,-0.003327533,-0.002376809,-0.002376809,0.000000000,manual_A_near_upright
real,BALANCE,43.658,-0.009672,0.008430,-0.004501,0.784800001,-0.001259963,-0.000168813,0.000271,7,-0.000045013,-0.004501337,-0.003215241,-0.003215241,0.000000000,manual_A_near_upright
real,BALANCE,43.679,-0.011040,0.010169,-0.005212,0.784799998,-0.001167661,-0.000192690,0.000269,7,-0.000052120,-0.005212009,-0.003722864,-0.003722864,0.000000000,manual_A_near_upright
real,BALANCE,43.699,-0.012294,0.011785,-0.005876,0.784799996,-0.001065385,-0.000214578,0.000267,7,-0.000058755,-0.005875527,-0.004196805,-0.004196805,0.000000000,manual_A_near_upright
real,BALANCE,43.720,-0.013424,0.013264,-0.006482,0.784799993,-0.000954095,-0.000234284,0.000265,7,-0.000064818,-0.006481779,-0.004629842,-0.004629842,0.000000000,manual_A_near_upright
real,BALANCE,43.741,-0.014418,0.014593,-0.006990,0.784799990,-0.000834153,-0.000251639,0.000263,7,-0.000069899,-0.006989881,-0.004992772,-0.004992772,0.000000000,manual_A_near_upright
real,BALANCE,43.762,-0.015269,0.015761,-0.007402,0.784799988,-0.000706919,-0.000266488,0.000261,7,-0.000074022,-0.007402211,-0.005287294,-0.005287294,0.000000000,manual_A_near_upright
real,BALANCE,43.782,-0.015969,0.016758,-0.007766,0.784799986,-0.000574703,-0.000278717,0.000260,7,-0.000077657,-0.007765685,-0.005546918,-0.005546918,0.000000000,manual_A_near_upright
real,BALANCE,43.803,-0.016515,0.017576,-0.008043,0.784799984,-0.000438052,-0.000288236,0.000258,7,-0.000080434,-0.008043368,-0.005745263,-0.005745263,0.000000000,manual_A_near_upright
real,BALANCE,43.824,-0.016901,0.018209,-0.008232,0.784799983,-0.000298273,-0.000294975,0.000256,7,-0.000082324,-0.008232388,-0.005880277,-0.005880277,0.000000000,manual_A_near_upright
real,BALANCE,43.844,-0.017125,0.018653,-0.008339,0.784799983,-0.000156867,-0.000298892,0.000254,7,-0.000083393,-0.008339320,-0.005956657,-0.005956657,0.000000000,manual_A_near_upright
real,BALANCE,43.864,-0.017187,0.018904,-0.008360,0.784799982,-0.000015082,-0.000299973,0.000252,7,-0.000083597,-0.008359656,-0.005971183,-0.005971183,0.000000000,manual_A_near_upright
real,BALANCE,43.894,-0.016994,0.018928,-0.009566,0.784799983,0.000167653,-0.000296603,0.000250,7,-0.000095664,-0.009566434,-0.006833167,-0.006833167,0.000000000,manual_A_near_upright
real,BALANCE,43.915,-0.016701,0.018721,-0.009872,0.784799984,0.000296514,-0.000291481,0.000248,7,-0.000098715,-0.009871516,-0.007051083,-0.007051083,0.000000000,manual_A_near_upright
real,BALANCE,43.935,-0.016237,0.018318,-0.009024,0.784799985,0.000443594,-0.000283384,0.000246,7,-0.000090237,-0.009023704,-0.006445503,-0.006445503,0.000000000,manual_A_near_upright
real,BALANCE,43.956,-0.015624,0.017733,-0.008943,0.784799987,0.000567413,-0.000272698,0.000244,7,-0.000089429,-0.008942943,-0.006387816,-0.006387816,0.000000000,manual_A_near_upright
real,BALANCE,43.976,-0.014872,0.016973,-0.008528,0.784799989,0.000690533,-0.000259566,0.000242,7,-0.000085278,-0.008527759,-0.006091256,-0.006091256,0.000000000,manual_A_near_upright
real,BALANCE,43.997,-0.013983,0.016044,-0.007999,0.784799991,0.000806982,-0.000244047,0.000241,7,-0.000079991,-0.007999098,-0.005713642,-0.005713642,0.000000000,manual_A_near_upright
real,BALANCE,44.017,-0.012969,0.014957,-0.007463,0.784799993,0.000913681,-0.000226348,0.000239,7,-0.000074632,-0.007463151,-0.005330822,-0.005330822,0.000000000,manual_A_near_upright
real,BALANCE,44.038,-0.011840,0.013723,-0.006875,0.784799996,0.001010764,-0.000206650,0.000237,7,-0.000068753,-0.006875326,-0.004910947,-0.004910947,0.000000000,manual_A_near_upright
real,BALANCE,44.059,-0.010608,0.012356,-0.006216,0.784799998,0.001097938,-0.000185153,0.000236,7,-0.000062163,-0.006216274,-0.004440196,-0.004440196,0.000000000,manual_A_near_upright
real,BALANCE,44.079,-0.009285,0.010867,-0.005491,0.784800000,0.001174456,-0.000162060,0.000234,7,-0.000054908,-0.005490822,-0.003922016,-0.003922016,0.000000000,manual_A_near_upright
real,BALANCE,44.099,-0.007885,0.009274,-0.004776,0.784800002,0.001238268,-0.000137627,0.000232,7,-0.000047763,-0.004776339,-0.003411671,-0.003411671,0.000000000,manual_A_near_upright
real,BALANCE,44.120,-0.006422,0.007590,-0.003986,0.784800004,0.001290821,-0.000112079,0.000231,7,-0.000039861,-0.003986129,-0.002847235,-0.002847235,0.000000000,manual_A_near_upright
real,BALANCE,44.140,-0.004908,0.005833,-0.003186,0.784800006,0.001330486,-0.000085665,0.000229,7,-0.000031856,-0.003185593,-0.002275424,-0.002275424,0.000000000,manual_A_near_upright
real,BALANCE,44.160,-0.003360,0.004020,-0.002368,0.784800007,0.001357307,-0.000058645,0.000227,7,-0.000027795,-0.002779458,-0.001985327,-0.001985327,0.000000000,manual_A_near_upright
real,BALANCE,44.181,-0.001792,0.002167,-0.001538,0.784800007,0.001371201,-0.000031275,0.000226,7,-0.000015379,-0.001537936,-0.001098526,-0.001098526,0.000000000,manual_A_near_upright
real,BALANCE,44.210,0.000565,-0.000646,-0.000293,0.784800007,0.001367595,0.000009864,0.000223,7,-0.000007080,-0.000708031,-0.000505736,-0.000505736,0.000000000,manual_A_near_upright
real,BALANCE,44.231,0.002118,-0.002519,0.000527,0.784800007,0.001349045,0.000036969,0.000222,7,0.000001194,0.000119404,0.000085288,0.000085288,0.000000000,manual_A_near_upright
real,BALANCE,44.251,0.003639,-0.004370,0.001326,0.784800006,0.001317872,0.000063519,0.000220,7,0.000009288,0.000928812,0.000663437,0.000663437,0.000000000,manual_A_near_upright
real,BALANCE,44.272,0.005115,-0.006181,0.002135,0.784800005,0.001275290,0.000089276,0.000219,7,0.000021355,0.002135483,0.001525345,0.001525345,0.000000000,manual_A_near_upright
real,BALANCE,44.293,0.006531,-0.007936,0.002839,0.784800003,0.001219477,0.000113994,0.000217,7,0.000028392,0.002839157,0.002027969,0.002027969,0.000000000,manual_A_near_upright
real,BALANCE,44.314,0.007875,-0.009618,0.003542,0.784800002,0.001153455,0.000137442,0.000215,7,0.000035415,0.003541546,0.002529675,0.002529675,0.000000000,manual_A_near_upright
real,BALANCE,44.334,0.009134,-0.011213,0.004208,0.784800000,0.001077283,0.000159424,0.000214,7,0.000042078,0.004207774,0.003005553,0.003005553,0.000000000,manual_A_near_upright
real,BALANCE,44.355,0.010298,-0.012706,0.004809,0.784799998,0.000991296,0.000179739,0.000212,7,0.000048094,0.004809383,0.003435274,0.003435274,0.000000000,manual_A_near_upright
real,BALANCE,44.375,0.011356,-0.014085,0.005360,0.784799996,0.000896792,0.000198208,0.000211,7,0.000053605,0.005360488,0.003828920,0.003828920,0.000000000,manual_A_near_upright
real,BALANCE,44.396,0.012300,-0.015337,0.005850,0.784799993,0.000794581,0.000214674,0.000209,7,0.000058495,0.005849515,0.004178225,0.004178225,0.000000000,manual_A_near_upright
real,BALANCE,44.416,0.013121,-0.016451,0.006272,0.784799992,0.000685691,0.000228998,0.000208,7,0.000062723,0.006272345,0.004480246,0.004480246,0.000000000,manual_A_near_upright
real,BALANCE,44.436,0.013812,-0.017419,0.006627,0.784799990,0.000571228,0.000241060,0.000206,7,0.000066271,0.006627090,0.004733635,0.004733635,0.000000000,manual_A_near_upright
real,BALANCE,44.467,0.014594,-0.018579,0.007024,0.784799988,0.000391510,0.000254713,0.000204,7,0.000070240,0.007023961,0.005017115,0.005017115,0.000000000,manual_A_near_upright
real,BALANCE,44.497,0.015060,-0.019372,0.007253,0.784799987,0.000205663,0.000262845,0.000202,7,0.000072535,0.007253479,0.005181056,0.005181056,0.000000000,manual_A_near_upright
real,BALANCE,44.517,0.015192,-0.019689,0.007312,0.784799986,0.000080328,0.000265142,0.000201,7,0.000072923,0.007292256,0.005208754,0.005208754,0.000000000,manual_A_near_upright
real,BALANCE,44.538,0.015180,-0.019837,0.007295,0.784799986,-0.000044775,0.000264933,0.000199,7,0.000073129,0.007312856,0.005223468,0.005223468,0.000000000,manual_A_near_upright
real,BALANCE,44.559,0.015040,-0.019821,0.008447,0.784799987,-0.000142631,0.000262499,0.000198,7,0.000084468,0.008446791,0.006033422,0.006033422,0.000000000,manual_A_near_upright
real,BALANCE,44.589,0.014608,-0.019499,0.008380,0.784799988,-0.000322184,0.000254951,0.000196,7,0.000083797,0.008379746,0.005985533,0.005985533,0.000000000,manual_A_near_upright
real,BALANCE,44.610,0.014137,-0.019072,0.008046,0.784799989,-0.000440801,0.000246745,0.000194,7,0.000080463,0.008046318,0.005747370,0.005747370,0.000000000,manual_A_near_upright
real,BALANCE,44.631,0.013542,-0.018488,0.007869,0.784799990,-0.000549769,0.000236352,0.000193,7,0.000078689,0.007868898,0.005620641,0.005620641,0.000000000,manual_A_near_upright
real,BALANCE,44.661,0.012418,-0.017327,0.007187,0.784799993,-0.000707741,0.000216732,0.000191,7,0.000071869,0.007186903,0.005133502,0.005133502,0.000000000,manual_A_near_upright
real,BALANCE,44.692,0.011044,-0.015850,0.006471,0.784799996,-0.000846815,0.000192746,0.000189,7,0.000064713,0.006471335,0.004622382,0.004622382,0.000000000,manual_A_near_upright
real,BALANCE,44.722,0.009451,-0.014093,0.005614,0.784799998,-0.000966925,0.000164945,0.000187,7,0.000056137,0.005613740,0.004009814,0.004009814,0.000000000,manual_A_near_upright
real,BALANCE,44.742,0.008285,-0.012784,0.004995,0.784800000,-0.001034843,0.000144605,0.000185,7,0.000053097,0.005309665,0.003792618,0.003792618,0.000000000,manual_A_near_upright
real,BALANCE,44.763,0.007050,-0.011381,0.004337,0.784800002,-0.001092535,0.000123054,0.000184,7,0.000046698,0.004669848,0.003335606,0.003335606,0.000000000,manual_A_near_upright
real,BALANCE,44.784,0.005758,-0.009898,0.003651,0.784800003,-0.001139454,0.000100505,0.000183,7,0.000036510,0.003651046,0.002607890,0.002607890,0.000000000,manual_A_near_upright
real,BALANCE,44.815,0.003741,-0.007555,0.002582,0.784800005,-0.001188930,0.000065292,0.000181,7,0.000025820,0.002582013,0.001844295,0.001844295,0.000000000,manual_A_near_upright
real,BALANCE,44.835,0.002362,-0.005935,0.001852,0.784800006,-0.001207657,0.000041222,0.000179,7,0.000018525,0.001852455,0.001323182,0.001323182,0.000000000,manual_A_near_upright
real,BALANCE,44.865,0.000275,-0.003459,0.000751,0.784800006,-0.001214140,0.000004801,0.000178,7,0.000011177,0.001117719,0.000798370,0.000798370,0.000000000,manual_A_near_upright
real,BALANCE,44.886,-0.001109,-0.001799,0.000019,0.784800006,-0.001204123,-0.000019356,0.000176,7,0.000000186,0.000018554,0.000013253,0.000013253,0.000000000,manual_A_near_upright
real,BALANCE,44.917,-0.003142,0.000664,-0.001050,0.784800005,-0.001167945,-0.000054837,0.000174,7,-0.000010504,-0.001050392,-0.000750280,-0.000750280,0.000000000,manual_A_near_upright
real,BALANCE,44.937,-0.004450,0.002267,-0.001738,0.784800004,-0.001130284,-0.000077668,0.000173,7,-0.000017377,-0.001737667,-0.001241190,-0.001241190,0.000000000,manual_A_near_upright
real,BALANCE,44.959,-0.005706,0.003820,-0.002396,0.784800003,-0.001082273,-0.000099595,0.000172,7,-0.000023964,-0.002396421,-0.001711729,-0.001711729,0.000000000,manual_A_near_upright
real,BALANCE,44.979,-0.006899,0.005311,-0.003021,0.784800001,-0.001024450,-0.000120418,0.000171,7,-0.000030208,-0.003020834,-0.002157739,-0.002157739,0.000000000,manual_A_near_upright
real,BALANCE,45.000,-0.008019,0.006725,-0.003605,0.784800000,-0.000957442,-0.000139950,0.000169,7,-0.000036055,-0.003605476,-0.002575340,-0.002575340,0.000000000,manual_A_near_upright
real,BALANCE,45.020,-0.009054,0.008050,-0.004145,0.784799998,-0.000881951,-0.000158018,0.000168,7,-0.000041451,-0.004145071,-0.002960765,-0.002960765,0.000000000,manual_A_near_upright
real,BALANCE,45.041,-0.009996,0.009274,-0.004635,0.784799997,-0.000798756,-0.000174464,0.000167,7,-0.000046348,-0.004634830,-0.003310593,-0.003310593,0.000000000,manual_A_near_upright
real,BALANCE,45.062,-0.010837,0.010386,-0.005071,0.784799995,-0.000708706,-0.000189144,0.000166,7,-0.000050707,-0.005070698,-0.003621927,-0.003621927,0.000000000,manual_A_near_upright
real,BALANCE,45.083,-0.011570,0.011378,-0.005449,0.784799994,-0.000612699,-0.000201935,0.000165,7,-0.000054489,-0.005448948,-0.003892106,-0.003892106,0.000000000,manual_A_near_upright
real,BALANCE,45.103,-0.012189,0.012240,-0.005781,0.784799992,-0.000511995,-0.000212736,0.000163,7,-0.000057813,-0.005781332,-0.004129523,-0.004129523,0.000000000,manual_A_near_upright
real,BALANCE,45.124,-0.012688,0.012966,-0.006019,0.784799991,-0.000406607,-0.000221454,0.000162,7,-0.000060191,-0.006019114,-0.004299367,-0.004299367,0.000000000,manual_A_near_upright
real,BALANCE,45.144,-0.013065,0.013550,-0.006208,0.784799990,-0.000298581,-0.000228023,0.000161,7,-0.000062080,-0.006208033,-0.004434310,-0.004434310,0.000000000,manual_A_near_upright
real,BALANCE,45.165,-0.013316,0.013987,-0.006334,0.784799990,-0.000188675,-0.000232404,0.000160,7,-0.000063345,-0.006334451,-0.004524608,-0.004524608,0.000000000,manual_A_near_upright
real,BALANCE,45.185,-0.013440,0.014275,-0.006388,0.784799989,-0.000077743,-0.000234570,0.000159,7,-0.000063882,-0.006388208,-0.004563006,-0.004563006,0.000000000,manual_A_near_upright
real,BALANCE,45.205,-0.013437,0.014413,-0.006378,0.784799989,0.000032992,-0.000234518,0.000158,7,-0.000063775,-0.006377534,-0.004555382,-0.004555382,0.000000000,manual_A_near_upright
real,BALANCE,45.226,-0.013321,0.014405,-0.007446,0.784799989,0.000118717,-0.000232493,0.000156,7,-0.000074460,-0.007446050,-0.005318607,-0.005318607,0.000000000,manual_A_near_upright
real,BALANCE,45.246,-0.013113,0.014263,-0.008051,0.784799990,0.000212641,-0.000228866,0.000155,7,-0.000081731,-0.008173101,-0.005837929,-0.005837929,0.000000000,manual_A_near_upright
real,BALANCE,45.267,-0.012769,0.013967,-0.007243,0.784799991,0.000331792,-0.000222853,0.000154,7,-0.000072428,-0.007242835,-0.005173454,-0.005173454,0.000000000,manual_A_near_upright
real,BALANCE,45.288,-0.012306,0.013526,-0.007190,0.784799992,0.000429493,-0.000214783,0.000153,7,-0.000071899,-0.007189918,-0.005135655,-0.005135655,0.000000000,manual_A_near_upright
real,BALANCE,45.309,-0.011734,0.012948,-0.006888,0.784799993,0.000526515,-0.000204789,0.000152,7,-0.000068881,-0.006888104,-0.004920074,-0.004920074,0.000000000,manual_A_near_upright
real,BALANCE,45.329,-0.011053,0.012237,-0.006473,0.784799994,0.000618936,-0.000192903,0.000151,7,-0.000064728,-0.006472752,-0.004623395,-0.004623395,0.000000000,manual_A_near_upright
real,BALANCE,45.350,-0.010273,0.011400,-0.006080,0.784799996,0.000703225,-0.000179291,0.000150,7,-0.000060797,-0.006079675,-0.004342625,-0.004342625,0.000000000,manual_A_near_upright
real,BALANCE,45.370,-0.009402,0.010448,-0.005607,0.784799997,0.000780894,-0.000164088,0.000149,7,-0.000056072,-0.005607193,-0.004005138,-0.004005138,0.000000000,manual_A_near_upright
real,BALANCE,45.391,-0.008448,0.009388,-0.005095,0.784799999,0.000850500,-0.000147446,0.000148,7,-0.000050955,-0.005095494,-0.003639638,-0.003639638,0.000000000,manual_A_near_upright
real,BALANCE,45.412,-0.007422,0.008233,-0.004551,0.784800000,0.000911438,-0.000129538,0.000147,7,-0.000045509,-0.004550928,-0.003250663,-0.003250663,0.000000000,manual_A_near_upright
real,BALANCE,45.432,-0.006333,0.006994,-0.003971,0.784800001,0.000963377,-0.000110540,0.000146,7,-0.000039708,-0.003970759,-0.002836256,-0.002836256,0.000000000,manual_A_near_upright
real,BALANCE,45.452,-0.005193,0.005682,-0.003365,0.784800002,0.001005800,-0.000090641,0.000144,7,-0.000036708,-0.003670796,-0.002621997,-0.002621997,0.000000000,manual_A_near_upright
real,BALANCE,45.473,-0.004013,0.004311,-0.002739,0.784800003,0.001038408,-0.000070036,0.000143,7,-0.000030546,-0.003054639,-0.002181885,-0.002181885,0.000000000,manual_A_near_upright
real,BALANCE,45.494,-0.002803,0.002893,-0.002099,0.784800004,0.001060979,-0.000048923,0.000142,7,-0.000020988,-0.002098820,-0.001499157,-0.001499157,0.000000000,manual_A_near_upright
real,BALANCE,45.515,-0.001576,0.001443,-0.001450,0.784800004,0.001073371,-0.000027506,0.000141,7,-0.000014501,-0.001450118,-0.001035799,-0.001035799,0.000000000,manual_A_near_upright
real,BALANCE,45.535,-0.000343,-0.000025,-0.000799,0.784800005,0.001075552,-0.000005990,0.000140,7,-0.000007992,-0.000799221,-0.000570872,-0.000570872,0.000000000,manual_A_near_upright
real,BALANCE,45.556,0.000884,-0.001499,-0.000150,0.784800005,0.001067575,0.000015423,0.000139,7,-0.000001504,-0.000150413,-0.000107438,-0.000107438,0.000000000,manual_A_near_upright
real,BALANCE,45.577,0.002093,-0.002964,0.000486,0.784800004,0.001049537,0.000036529,0.000138,7,0.000004862,0.000486189,0.000347278,0.000347278,0.000000000,manual_A_near_upright
real,BALANCE,45.597,0.003274,-0.004407,0.001123,0.784800004,0.001022081,0.000057144,0.000137,7,0.000011234,0.001123427,0.000802448,0.000802448,0.000000000,manual_A_near_upright
real,BALANCE,45.617,0.004415,-0.005813,0.001696,0.784800003,0.000984343,0.000077052,0.000136,7,0.000016962,0.001696162,0.001211544,0.001211544,0.000000000,manual_A_near_upright
real,BALANCE,45.638,0.005505,-0.007171,0.002279,0.784800002,0.000938427,0.000096088,0.000135,7,0.000022793,0.002279337,0.001628098,0.001628098,0.000000000,manual_A_near_upright
real,BALANCE,45.659,0.006536,-0.008468,0.002817,0.784800001,0.000883755,0.000114078,0.000134,7,0.000028170,0.002816983,0.002012131,0.002012131,0.000000000,manual_A_near_upright
real,BALANCE,45.689,0.007950,-0.010275,0.003554,0.784799999,0.000787193,0.000138749,0.000133,7,0.000033173,0.003317282,0.002369487,0.002369487,0.000000000,manual_A_near_upright
real,BALANCE,45.710,0.008792,-0.011370,0.003992,0.784799997,0.000714081,0.000153444,0.000132,7,0.000039918,0.003991782,0.002851273,0.002851273,0.000000000,manual_A_near_upright
real,BALANCE,45.731,0.009545,-0.012368,0.004382,0.784799996,0.000634814,0.000166586,0.000131,7,0.000043818,0.004381817,0.003129869,0.003129869,0.000000000,manual_A_near_upright
real,BALANCE,45.751,0.010202,-0.013259,0.004722,0.784799995,0.000550208,0.000178064,0.000130,7,0.000047215,0.004721504,0.003372503,0.003372503,0.000000000,manual_A_near_upright
real,BALANCE,45.772,0.010759,-0.014036,0.005008,0.784799994,0.000461090,0.000187783,0.000129,7,0.000050075,0.005007519,0.003576799,0.003576799,0.000000000,manual_A_near_upright
real,BALANCE,45.793,0.011211,-0.014693,0.005238,0.784799993,0.000368336,0.000195666,0.000128,7,0.000052377,0.005237691,0.003741208,0.003741208,0.000000000,manual_A_near_upright
real,BALANCE,45.813,0.011554,-0.015224,0.005410,0.784799992,0.000272849,0.000201652,0.000127,7,0.000054103,0.005410337,0.003864527,0.003864527,0.000000000,manual_A_near_upright
real,BALANCE,45.833,0.011786,-0.015626,0.005524,0.784799992,0.000175548,0.000205700,0.000126,7,0.000055243,0.005524275,0.003945911,0.003945911,0.000000000,manual_A_near_upright
real,BALANCE,45.853,0.011905,-0.015895,0.005579,0.784799992,0.000077361,0.000207788,0.000126,7,0.000055590,0.005559028,0.003970734,0.003970734,0.000000000,manual_A_near_upright
real,BALANCE,45.875,0.011912,-0.016032,0.005574,0.784799992,-0.000020781,0.000207912,0.000125,7,0.000055742,0.005574159,0.003981542,0.003981542,0.000000000,manual_A_near_upright
real,BALANCE,45.895,0.011816,-0.016038,0.006374,0.784799992,-0.000099943,0.000206235,0.000124,7,0.000063736,0.006373609,0.004552578,0.004552578,0.000000000,manual_A_near_upright
real,BALANCE,45.915,0.011645,-0.015929,0.007295,0.784799992,-0.000175389,0.000203251,0.000123,7,0.000072946,0.007294643,0.005210460,0.005210460,0.000000000,manual_A_near_upright
real,BALANCE,45.936,0.011354,-0.015682,0.006536,0.784799993,-0.000282507,0.000198173,0.000122,7,0.000065361,0.006536141,0.004668672,0.004668672,0.000000000,manual_A_near_upright
real,BALANCE,45.957,0.010956,-0.015307,0.006459,0.784799993,-0.000370356,0.000191227,0.000121,7,0.000064591,0.006459054,0.004613610,0.004613610,0.000000000,manual_A_near_upright
real,BALANCE,45.977,0.010461,-0.014810,0.006230,0.784799994,-0.000456265,0.000182578,0.000120,7,0.000063926,0.006392645,0.004566175,0.004566175,0.000000000,manual_A_near_upright
real,BALANCE,45.998,0.009869,-0.014193,0.005856,0.784799995,-0.000539110,0.000172239,0.000119,7,0.000058558,0.005855804,0.004182717,0.004182717,0.000000000,manual_A_near_upright
real,BALANCE,46.018,0.009187,-0.013465,0.005513,0.784799996,-0.000614574,0.000160352,0.000119,7,0.000055128,0.005512766,0.003937690,0.003937690,0.000000000,manual_A_near_upright
real,BALANCE,46.038,0.008425,-0.012634,0.005101,0.784799998,-0.000684199,0.000147040,0.000118,7,0.000053152,0.005315200,0.003796571,0.003796571,0.000000000,manual_A_near_upright
real,BALANCE,46.060,0.007588,-0.011706,0.004650,0.784799999,-0.000746820,0.000132435,0.000117,7,0.000046504,0.004650390,0.003321707,0.003321707,0.000000000,manual_A_near_upright
real,BALANCE,46.080,0.006686,-0.010692,0.004172,0.784800000,-0.000801777,0.000116689,0.000116,7,0.000041717,0.004171686,0.002979776,0.002979776,0.000000000,manual_A_near_upright
real,BALANCE,46.110,0.005230,-0.009033,0.003396,0.784800001,-0.000869197,0.000091274,0.000115,7,0.000033960,0.003395967,0.002425691,0.002425691,0.000000000,manual_A_near_upright
real,BALANCE,46.131,0.004204,-0.007849,0.002852,0.784800002,-0.000903524,0.000073378,0.000114,7,0.000028520,0.002851972,0.002037123,0.002037123,0.000000000,manual_A_near_upright
real,BALANCE,46.151,0.003147,-0.006617,0.002291,0.784800003,-0.000929070,0.000054922,0.000113,7,0.000022914,0.002291440,0.001636743,0.001636743,0.000000000,manual_A_near_upright
real,BALANCE,46.172,0.002067,-0.005349,0.001720,0.784800003,-0.000945655,0.000036085,0.000112,7,0.000017202,0.001720234,0.001228739,0.001228739,0.000000000,manual_A_near_upright
real,BALANCE,46.192,0.000977,-0.004057,0.001144,0.784800004,-0.000953196,0.000017047,0.000112,7,0.000011438,0.001143786,0.000816990,0.000816990,0.000000000,manual_A_near_upright
real,BALANCE,46.213,-0.000115,-0.002753,0.000567,0.784800004,-0.000951695,-0.000002011,0.000111,7,0.000005673,0.000567299,0.000405214,0.000405214,0.000000000,manual_A_near_upright
real,BALANCE,46.233,-0.001198,-0.001449,-0.000005,0.784800003,-0.000941217,-0.000020908,0.000110,7,-0.000000047,-0.000004729,-0.000003378,-0.000003378,0.000000000,manual_A_near_upright
real,BALANCE,46.254,-0.002261,-0.000157,-0.000564,0.784800003,-0.000921909,-0.000039467,0.000109,7,-0.000005638,-0.000563765,-0.000402689,-0.000402689,0.000000000,manual_A_near_upright
real,BALANCE,46.274,-0.003295,0.001110,-0.001107,0.784800003,-0.000894079,-0.000057516,0.000108,7,-0.000011072,-0.001107193,-0.000790852,-0.000790852,0.000000000,manual_A_near_upright
real,BALANCE,46.295,-0.004291,0.002340,-0.001629,0.784800002,-0.000858047,-0.000074889,0.000108,7,-0.000016295,-0.001629484,-0.001163917,-0.001163917,0.000000000,manual_A_near_upright
real,BALANCE,46.316,-0.005238,0.003524,-0.002126,0.784800001,-0.000814213,-0.000091427,0.000107,7,-0.000021257,-0.002125683,-0.001518345,-0.001518345,0.000000000,manual_A_near_upright
real,BALANCE,46.336,-0.006130,0.004650,-0.002592,0.784800000,-0.000763058,-0.000106982,0.000106,7,-0.000025915,-0.002591540,-0.001851100,-0.001851100,0.000000000,manual_A_near_upright
real,BALANCE,46.357,-0.006956,0.005707,-0.003023,0.784799999,-0.000705122,-0.000121414,0.000105,7,-0.000030229,-0.003022857,-0.002159184,-0.002159184,0.000000000,manual_A_near_upright
real,BALANCE,46.378,-0.007712,0.006687,-0.003416,0.784799998,-0.000641003,-0.000134596,0.000104,7,-0.000034158,-0.003415815,-0.002439868,-0.002439868,0.000000000,manual_A_near_upright
real,BALANCE,46.398,-0.008389,0.007581,-0.003767,0.784799997,-0.000571355,-0.000146415,0.000104,7,-0.000037671,-0.003767108,-0.002690791,-0.002690791,0.000000000,manual_A_near_upright
real,BALANCE,46.418,-0.008982,0.008381,-0.004074,0.784799996,-0.000496877,-0.000156770,0.000103,7,-0.000040737,-0.004073682,-0.002909773,-0.002909773,0.000000000,manual_A_near_upright
real,BALANCE,46.439,-0.009487,0.009081,-0.004333,0.784799995,-0.000418309,-0.000165575,0.000102,7,-0.000043330,-0.004332970,-0.003094979,-0.003094979,0.000000000,manual_A_near_upright
real,BALANCE,46.459,-0.009898,0.009675,-0.004553,0.784799995,-0.000336631,-0.000172761,0.000102,7,-0.000045530,-0.004553019,-0.003252156,-0.003252156,0.000000000,manual_A_near_upright
real,BALANCE,46.479,-0.010214,0.010159,-0.004701,0.784799994,-0.000251983,-0.000178270,0.000101,7,-0.000047012,-0.004701168,-0.003357977,-0.003357977,0.000000000,manual_A_near_upright
real,BALANCE,46.500,-0.010431,0.010528,-0.004810,0.784799994,-0.000165910,-0.000182064,0.000100,7,-0.000048103,-0.004810305,-0.003435932,-0.003435932,0.000000000,manual_A_near_upright
real,BALANCE,46.521,-0.010549,0.010779,-0.004864,0.784799993,-0.000078886,-0.000184121,0.000099,7,-0.000048639,-0.004863893,-0.003474209,-0.003474209,0.000000000,manual_A_near_upright
real,BALANCE,46.541,-0.010567,0.010913,-0.004867,0.784799993,0.000008148,-0.000184436,0.000099,7,-0.000048671,-0.004867090,-0.003476493,-0.003476493,0.000000000,manual_A_near_upright
real,BALANCE,46.571,-0.010433,0.010903,-0.006401,0.784799994,0.000103471,-0.000182084,0.000098,7,-0.000064014,-0.006401368,-0.004572405,-0.004572405,0.000000000,manual_A_near_upright
real,BALANCE,46.592,-0.010236,0.010751,-0.006258,0.784799994,0.000194069,-0.000178651,0.000097,7,-0.000062579,-0.006257920,-0.004469943,-0.004469943,0.000000000,manual_A_near_upright
real,BALANCE,46.612,-0.009954,0.010498,-0.005799,0.784799994,0.000279015,-0.000173733,0.000096,7,-0.000057992,-0.005799171,-0.004142265,-0.004142265,0.000000000,manual_A_near_upright
real,BALANCE,46.632,-0.009550,0.010103,-0.005781,0.784799995,0.000358089,-0.000166687,0.000096,7,-0.000057814,-0.005781449,-0.004129606,-0.004129606,0.000000000,manual_A_near_upright
real,BALANCE,46.652,-0.009102,0.009642,-0.005484,0.784799996,0.000430915,-0.000158861,0.000095,7,-0.000054843,-0.005484292,-0.003917352,-0.003917352,0.000000000,manual_A_near_upright
real,BALANCE,46.673,-0.008548,0.009057,-0.005170,0.784799997,0.000502072,-0.000149199,0.000094,7,-0.000051704,-0.005170403,-0.003693145,-0.003693145,0.000000000,manual_A_near_upright
real,BALANCE,46.704,-0.007576,0.008000,-0.004656,0.784799998,0.000598035,-0.000132230,0.000093,7,-0.000046558,-0.004655845,-0.003325604,-0.003325604,0.000000000,manual_A_near_upright
real,BALANCE,46.724,-0.006844,0.007186,-0.004273,0.784799999,0.000654371,-0.000119443,0.000093,7,-0.000042729,-0.004272882,-0.003052058,-0.003052058,0.000000000,manual_A_near_upright
real,BALANCE,46.745,-0.006051,0.006294,-0.003844,0.784800000,0.000704411,-0.000105618,0.000092,7,-0.000038435,-0.003843527,-0.002745376,-0.002745376,0.000000000,manual_A_near_upright
real,BALANCE,46.765,-0.005207,0.005334,-0.003363,0.784800001,0.000747894,-0.000090885,0.000091,7,-0.000033633,-0.003363340,-0.002402385,-0.002402385,0.000000000,manual_A_near_upright
real,BALANCE,46.785,-0.004275,0.004261,-0.002889,0.784800001,0.000784447,-0.000074613,0.000091,7,-0.000028893,-0.002889263,-0.002063759,-0.002063759,0.000000000,manual_A_near_upright
real,BALANCE,46.806,-0.003400,0.003245,-0.002437,0.784800002,0.000810419,-0.000059337,0.000090,7,-0.000024368,-0.002436797,-0.001740569,-0.001740569,0.000000000,manual_A_near_upright
real,BALANCE,46.836,-0.001973,0.001570,-0.001643,0.784800003,0.000838108,-0.000034439,0.000089,7,-0.000016433,-0.001643293,-0.001173781,-0.001173781,0.000000000,manual_A_near_upright
real,BALANCE,46.857,-0.001006,0.000423,-0.001181,0.784800003,0.000844995,-0.000017564,0.000088,7,-0.000011806,-0.001180629,-0.000843306,-0.000843306,0.000000000,manual_A_near_upright
real,BALANCE,46.887,0.000447,-0.001317,-0.000360,0.784800003,0.000842924,0.000007796,0.000087,7,-0.000003601,-0.000360127,-0.000257234,-0.000257234,0.000000000,manual_A_near_upright
real,BALANCE,46.908,0.001403,-0.002475,0.000107,0.784800003,0.000830082,0.000024479,0.000087,7,0.000001072,0.000107197,0.000076569,0.000076569,0.000000000,manual_A_near_upright
real,BALANCE,46.929,0.002338,-0.003617,0.000613,0.784800002,0.000810578,0.000040808,0.000086,7,0.000006131,0.000613109,0.000437935,0.000437935,0.000000000,manual_A_near_upright
real,BALANCE,46.950,0.003245,-0.004734,0.001089,0.784800002,0.000783281,0.000056636,0.000085,7,0.000010889,0.001088894,0.000777781,0.000777781,0.000000000,manual_A_near_upright
real,BALANCE,46.970,0.004157,-0.005869,0.001565,0.784800001,0.000746871,0.000072556,0.000085,7,0.000015651,0.001565090,0.001117921,0.001117921,0.000000000,manual_A_near_upright
real,BALANCE,46.990,0.004939,-0.006851,0.001956,0.784800001,0.000707168,0.000086198,0.000084,7,0.000019559,0.001955900,0.001397072,0.001397072,0.000000000,manual_A_near_upright
real,BALANCE,47.011,0.005711,-0.007833,0.002395,0.784800000,0.000660338,0.000099675,0.000084,7,0.000023946,0.002394573,0.001710409,0.001710409,0.000000000,manual_A_near_upright
real,BALANCE,47.031,0.006423,-0.008750,0.002734,0.784799999,0.000606239,0.000112110,0.000083,7,0.000027340,0.002734024,0.001952875,0.001952875,0.000000000,manual_A_near_upright
real,BALANCE,47.052,0.007070,-0.009596,0.003061,0.784799998,0.000547366,0.000123387,0.000082,7,0.000030608,0.003060809,0.002186292,0.002186292,0.000000000,manual_A_near_upright
real,BALANCE,47.072,0.007645,-0.010364,0.003380,0.784799997,0.000484411,0.000133432,0.000082,7,0.000033797,0.003379697,0.002414069,0.002414069,0.000000000,manual_A_near_upright
real,BALANCE,47.102,0.008385,-0.011383,0.003751,0.784799996,0.000378148,0.000146349,0.000081,7,0.000037507,0.003750730,0.002679093,0.002679093,0.000000000,manual_A_near_upright
real,BALANCE,47.123,0.008759,-0.011921,0.003943,0.784799996,0.000305768,0.000152866,0.000080,7,0.000039429,0.003942942,0.002816387,0.002816387,0.000000000,manual_A_near_upright
real,BALANCE,47.143,0.009035,-0.012343,0.004077,0.784799995,0.000234709,0.000157684,0.000080,7,0.000040771,0.004077084,0.002912203,0.002912203,0.000000000,manual_A_near_upright
real,BALANCE,47.174,0.009316,-0.012833,0.004222,0.784799995,0.000116231,0.000162599,0.000079,7,0.000042218,0.004221836,0.003015597,0.003015597,0.000000000,manual_A_near_upright
real,BALANCE,47.194,0.009384,-0.013010,0.004243,0.784799995,0.000042609,0.000163777,0.000078,7,0.000042431,0.004243142,0.003030816,0.003030816,0.000000000,manual_A_near_upright
real,BALANCE,47.225,0.009325,-0.013096,0.004534,0.784799995,-0.000069560,0.000162756,0.000078,7,0.000045340,0.004534017,0.003238584,0.003238584,0.000000000,manual_A_near_upright
real,BALANCE,47.245,0.009214,-0.013035,0.006036,0.784799995,-0.000113071,0.000160809,0.000077,7,0.000060364,0.006036436,0.004311740,0.004311740,0.000000000,manual_A_near_upright
real,BALANCE,47.266,0.009026,-0.012880,0.005437,0.784799995,-0.000195211,0.000157538,0.000077,7,0.000054371,0.005437139,0.003883671,0.003883671,0.000000000,manual_A_near_upright
real,BALANCE,47.286,0.008739,-0.012614,0.005219,0.784799996,-0.000269117,0.000152524,0.000076,7,0.000052185,0.005218545,0.003727532,0.003727532,0.000000000,manual_A_near_upright
real,BALANCE,47.307,0.008376,-0.012252,0.005163,0.784799996,-0.000335736,0.000146183,0.000075,7,0.000051632,0.005163165,0.003687975,0.003687975,0.000000000,manual_A_near_upright
real,BALANCE,47.328,0.007934,-0.011794,0.004851,0.784799997,-0.000403184,0.000138482,0.000075,7,0.000048514,0.004851355,0.003465254,0.003465254,0.000000000,manual_A_near_upright
real,BALANCE,47.348,0.007421,-0.011247,0.004588,0.784799998,-0.000464438,0.000129520,0.000074,7,0.000045878,0.004587815,0.003277010,0.003277010,0.000000000,manual_A_near_upright
real,BALANCE,47.369,0.006841,-0.010615,0.004284,0.784799998,-0.000520957,0.000119405,0.000074,7,0.000042838,0.004283773,0.003059838,0.003059838,0.000000000,manual_A_near_upright
real,BALANCE,47.389,0.006201,-0.009906,0.003934,0.784799999,-0.000572402,0.000108230,0.000073,7,0.000039339,0.003933883,0.002809917,0.002809917,0.000000000,manual_A_near_upright
real,BALANCE,47.410,0.005507,-0.009126,0.003566,0.784800000,-0.000617824,0.000096113,0.000073,7,0.000035659,0.003565882,0.002547058,0.002547058,0.000000000,manual_A_near_upright
real,BALANCE,47.430,0.004765,-0.008283,0.003161,0.784800000,-0.000657311,0.000083170,0.000072,7,0.000031607,0.003160736,0.002257668,0.002257668,0.000000000,manual_A_near_upright
real,BALANCE,47.451,0.003985,-0.007387,0.002761,0.784800001,-0.000689764,0.000069543,0.000072,7,0.000027606,0.002760560,0.001971829,0.001971829,0.000000000,manual_A_near_upright
real,BALANCE,47.471,0.003172,-0.006444,0.002303,0.784800001,-0.000716311,0.000055353,0.000071,7,0.000023031,0.002303090,0.001645064,0.001645064,0.000000000,manual_A_near_upright
real,BALANCE,47.492,0.002335,-0.005465,0.001882,0.784800002,-0.000734867,0.000040745,0.000071,7,0.000018818,0.001881819,0.001344156,0.001344156,0.000000000,manual_A_near_upright
real,BALANCE,47.513,0.001482,-0.004459,0.001432,0.784800002,-0.000746806,0.000025864,0.000070,7,0.000014318,0.001431797,0.001022712,0.001022712,0.000000000,manual_A_near_upright
real,BALANCE,47.533,0.000621,-0.003436,0.000972,0.784800002,-0.000751740,0.000010843,0.000070,7,0.000009716,0.000971575,0.000693982,0.000693982,0.000000000,manual_A_near_upright
real,BALANCE,47.554,-0.000239,-0.002405,0.000520,0.784800002,-0.000749370,-0.000004169,0.000069,7,0.000005202,0.000520201,0.000371572,0.000371572,0.000000000,manual_A_near_upright
real,BALANCE,47.574,-0.001091,-0.001375,0.000070,0.784800002,-0.000740011,-0.000019033,0.000069,7,0.000002944,0.000294388,0.000210277,0.000210277,0.000000000,manual_A_near_upright
real,BALANCE,47.595,-0.001926,-0.000357,-0.000369,0.784800002,-0.000723721,-0.000033608,0.000068,7,-0.000003692,-0.000369207,-0.000263720,-0.000263720,0.000000000,manual_A_near_upright
real,BALANCE,47.615,-0.002737,0.000640,-0.000807,0.784800002,-0.000700962,-0.000047768,0.000068,7,-0.000008068,-0.000806788,-0.000576277,-0.000576277,0.000000000,manual_A_near_upright
real,BALANCE,47.636,-0.003517,0.001607,-0.001227,0.784800001,-0.000671776,-0.000061375,0.000067,7,-0.000012272,-0.001227238,-0.000876598,-0.000876598,0.000000000,manual_A_near_upright
real,BALANCE,47.657,-0.004257,0.002536,-0.001601,0.784800001,-0.000635963,-0.000074299,0.000067,7,-0.000016012,-0.001601208,-0.001143720,-0.001143720,0.000000000,manual_A_near_upright
real,BALANCE,47.677,-0.004986,0.003460,-0.001989,0.784800000,-0.000592687,-0.000087014,0.000066,7,-0.000019894,-0.001989398,-0.001420998,-0.001420998,0.000000000,manual_A_near_upright
real,BALANCE,47.707,-0.005896,0.004633,-0.002438,0.784799999,-0.000522763,-0.000102899,0.000066,7,-0.000024382,-0.002438191,-0.001741565,-0.001741565,0.000000000,manual_A_near_upright
real,BALANCE,47.737,-0.006705,0.005702,-0.002870,0.784799998,-0.000441224,-0.000117017,0.000065,7,-0.000028698,-0.002869756,-0.002049825,-0.002049825,0.000000000,manual_A_near_upright
real,BALANCE,47.759,-0.007161,0.006323,-0.003102,0.784799998,-0.000381854,-0.000124986,0.000064,7,-0.000031019,-0.003101850,-0.002215607,-0.002215607,0.000000000,manual_A_near_upright
real,BALANCE,47.779,-0.007547,0.006863,-0.003307,0.784799997,-0.000319574,-0.000131727,0.000064,7,-0.000033073,-0.003307271,-0.002362336,-0.002362336,0.000000000,manual_A_near_upright
real,BALANCE,47.799,-0.007860,0.007319,-0.003457,0.784799997,-0.000254440,-0.000137177,0.000063,7,-0.000034573,-0.003457347,-0.002469533,-0.002469533,0.000000000,manual_A_near_upright
real,BALANCE,47.820,-0.008106,0.007703,-0.003586,0.784799996,-0.000184339,-0.000141471,0.000063,7,-0.000035862,-0.003586159,-0.002561542,-0.002561542,0.000000000,manual_A_near_upright
real,BALANCE,47.841,-0.008255,0.007964,-0.003657,0.784799996,-0.000119599,-0.000144070,0.000063,7,-0.000036569,-0.003656911,-0.002612079,-0.002612079,0.000000000,manual_A_near_upright
real,BALANCE,47.861,-0.008335,0.008149,-0.003693,0.784799996,-0.000050929,-0.000145466,0.000062,7,-0.000036930,-0.003692954,-0.002637824,-0.002637824,0.000000000,manual_A_near_upright
real,BALANCE,47.882,-0.008336,0.008241,-0.003689,0.784799996,0.000017650,-0.000145490,0.000062,7,-0.000036891,-0.003689136,-0.002635097,-0.002635097,0.000000000,manual_A_near_upright
real,BALANCE,47.903,-0.008269,0.008243,-0.004564,0.784799996,0.000066345,-0.000144315,0.000061,7,-0.000045637,-0.004563749,-0.003259821,-0.003259821,0.000000000,manual_A_near_upright
real,BALANCE,47.924,-0.008159,0.008169,-0.005454,0.784799996,0.000114494,-0.000142402,0.000061,7,-0.000054536,-0.005453601,-0.003895429,-0.003895429,0.000000000,manual_A_near_upright
real,BALANCE,47.944,-0.007960,0.007997,-0.004711,0.784799996,0.000194409,-0.000138937,0.000060,7,-0.000047110,-0.004711033,-0.003365024,-0.003365024,0.000000000,manual_A_near_upright
real,BALANCE,47.965,-0.007687,0.007734,-0.004756,0.784799997,0.000254232,-0.000134161,0.000060,7,-0.000047557,-0.004755677,-0.003396912,-0.003396912,0.000000000,manual_A_near_upright
real,BALANCE,47.986,-0.007346,0.007386,-0.004602,0.784799997,0.000314745,-0.000128207,0.000059,7,-0.000046024,-0.004602418,-0.003287441,-0.003287441,0.000000000,manual_A_near_upright
real,BALANCE,48.016,-0.006706,0.006709,-0.004203,0.784799998,0.000400902,-0.000117046,0.000059,7,-0.000042032,-0.004203184,-0.003002274,-0.003002274,0.000000000,manual_A_near_upright
real,BALANCE,48.037,-0.006204,0.006161,-0.003961,0.784799999,0.000451813,-0.000108285,0.000058,7,-0.000039613,-0.003961282,-0.002829487,-0.002829487,0.000000000,manual_A_near_upright
real,BALANCE,48.058,-0.005647,0.005543,-0.003647,0.784799999,0.000498958,-0.000098557,0.000058,7,-0.000036472,-0.003647237,-0.002605170,-0.002605170,0.000000000,manual_A_near_upright
real,BALANCE,48.079,-0.005040,0.004861,-0.003326,0.784800000,0.000540613,-0.000087965,0.000058,7,-0.000033262,-0.003326170,-0.002375836,-0.002375836,0.000000000,manual_A_near_upright
real,BALANCE,48.099,-0.004390,0.004121,-0.002981,0.784800000,0.000576877,-0.000076617,0.000057,7,-0.000029808,-0.002980767,-0.002129119,-0.002129119,0.000000000,manual_A_near_upright
real,BALANCE,48.120,-0.003703,0.003331,-0.002614,0.784800001,0.000607462,-0.000064626,0.000057,7,-0.000026138,-0.002613756,-0.001866969,-0.001866969,0.000000000,manual_A_near_upright
real,BALANCE,48.151,-0.002618,0.002070,-0.002028,0.784800001,0.000642210,-0.000045688,0.000056,7,-0.000020283,-0.002028318,-0.001448798,-0.001448798,0.000000000,manual_A_near_upright
real,BALANCE,48.171,-0.001869,0.001189,-0.001630,0.784800002,0.000657512,-0.000032614,0.000056,7,-0.000016304,-0.001630369,-0.001164549,-0.001164549,0.000000000,manual_A_near_upright
real,BALANCE,48.192,-0.001107,0.000287,-0.001239,0.784800002,0.000666222,-0.000019326,0.000055,7,-0.000012390,-0.001239005,-0.000885003,-0.000885003,0.000000000,manual_A_near_upright
real,BALANCE,48.212,-0.000341,-0.000629,-0.000818,0.784800002,0.000669172,-0.000005950,0.000055,7,-0.000008176,-0.000817638,-0.000584027,-0.000584027,0.000000000,manual_A_near_upright
real,BALANCE,48.233,0.000423,-0.001549,-0.000413,0.784800002,0.000665445,0.000007390,0.000055,7,-0.000004128,-0.000412850,-0.000294893,-0.000294893,0.000000000,manual_A_near_upright
real,BALANCE,48.253,0.001178,-0.002465,-0.000037,0.784800002,0.000654984,0.000020557,0.000054,7,-0.000000368,-0.000036762,-0.000026258,-0.000026258,0.000000000,manual_A_near_upright
real,BALANCE,48.274,0.001916,-0.003369,0.000373,0.784800001,0.000639333,0.000033438,0.000054,7,0.000003729,0.000372880,0.000266343,0.000266343,0.000000000,manual_A_near_upright
real,BALANCE,48.294,0.002631,-0.004252,0.000731,0.784800001,0.000616952,0.000045911,0.000053,7,0.000007309,0.000730935,0.000522096,0.000522096,0.000000000,manual_A_near_upright
real,BALANCE,48.314,0.003315,-0.005106,0.001097,0.784800001,0.000589441,0.000057863,0.000053,7,0.000010968,0.001096818,0.000783442,0.000783442,0.000000000,manual_A_near_upright
real,BALANCE,48.335,0.003964,-0.005924,0.001427,0.784800000,0.000556257,0.000069178,0.000053,7,0.000014269,0.001426905,0.001019218,0.001019218,0.000000000,manual_A_near_upright
real,BALANCE,48.355,0.004570,-0.006697,0.001748,0.784800000,0.000518371,0.000079762,0.000052,7,0.000017476,0.001747627,0.001248305,0.001248305,0.000000000,manual_A_near_upright
real,BALANCE,48.375,0.005156,-0.007455,0.002069,0.784799999,0.000473900,0.000089988,0.000052,7,0.000020687,0.002068655,0.001477611,0.001477611,0.000000000,manual_A_near_upright
real,BALANCE,48.405,0.005869,-0.008396,0.002414,0.784799999,0.000404141,0.000102425,0.000051,7,0.000024142,0.002414184,0.001724417,0.001724417,0.000000000,manual_A_near_upright
real,BALANCE,48.426,0.006289,-0.008965,0.002642,0.784799998,0.000352331,0.000109763,0.000051,7,0.000026421,0.002642082,0.001887201,0.001887201,0.000000000,manual_A_near_upright
real,BALANCE,48.447,0.006648,-0.009465,0.002840,0.784799998,0.000297660,0.000116022,0.000051,7,0.000028402,0.002840171,0.002028693,0.002028693,0.000000000,manual_A_near_upright
real,BALANCE,48.467,0.006941,-0.009890,0.002975,0.784799997,0.000240021,0.000121142,0.000050,7,0.000029752,0.002975170,0.002125121,0.002125121,0.000000000,manual_A_near_upright
real,BALANCE,48.488,0.007167,-0.010237,0.003091,0.784799997,0.000180927,0.000125090,0.000050,7,0.000030913,0.003091347,0.002208105,0.002208105,0.000000000,manual_A_near_upright
real,BALANCE,48.508,0.007324,-0.010505,0.003165,0.784799997,0.000120464,0.000127833,0.000049,7,0.000031648,0.003164809,0.002260578,0.002260578,0.000000000,manual_A_near_upright
real,BALANCE,48.528,0.007412,-0.010690,0.003208,0.784799997,0.000059475,0.000129358,0.000049,7,0.000032079,0.003207860,0.002291328,0.002291328,0.000000000,manual_A_near_upright
real,BALANCE,48.549,0.007429,-0.010792,0.003212,0.784799997,-0.000001633,0.000129662,0.000049,7,0.000032124,0.003212405,0.002294575,0.002294575,0.000000000,manual_A_near_upright
real,BALANCE,48.579,0.007343,-0.010798,0.004571,0.784799997,-0.000062791,0.000128168,0.000048,7,0.000045711,0.004571077,0.003265055,0.003265055,0.000000000,manual_A_near_upright
real,BALANCE,48.600,0.007232,-0.010714,0.004811,0.784799997,-0.000117168,0.000126226,0.000048,7,0.000048112,0.004811180,0.003436557,0.003436557,0.000000000,manual_A_near_upright
real,BALANCE,48.620,0.007039,-0.010541,0.004249,0.784799997,-0.000185607,0.000122852,0.000048,7,0.000042489,0.004248923,0.003034945,0.003034945,0.000000000,manual_A_near_upright
real,BALANCE,48.640,0.006783,-0.010290,0.004315,0.784799997,-0.000237771,0.000118378,0.000047,7,0.000043148,0.004314775,0.003081982,0.003081982,0.000000000,manual_A_near_upright
real,BALANCE,48.661,0.006465,-0.009962,0.004114,0.784799998,-0.000292295,0.000112835,0.000047,7,0.000041137,0.004113677,0.002938341,0.002938341,0.000000000,manual_A_near_upright
real,BALANCE,48.681,0.006066,-0.009539,0.003871,0.784799998,-0.000345974,0.000105880,0.000047,7,0.000038712,0.003871229,0.002765164,0.002765164,0.000000000,manual_A_near_upright
real,BALANCE,48.702,0.005654,-0.009091,0.003673,0.784799999,-0.000390051,0.000098684,0.000046,7,0.000036729,0.003672880,0.002623485,0.002623485,0.000000000,manual_A_near_upright
real,BALANCE,48.723,0.005171,-0.008557,0.003405,0.784799999,-0.000433182,0.000090251,0.000046,7,0.000034055,0.003405495,0.002432497,0.002432497,0.000000000,manual_A_near_upright
real,BALANCE,48.743,0.004642,-0.007964,0.003121,0.784800000,-0.000471728,0.000081020,0.000046,7,0.000031209,0.003120900,0.002229214,0.002229214,0.000000000,manual_A_near_upright
real,BALANCE,48.764,0.004073,-0.007318,0.002820,0.784800000,-0.000505419,0.000071089,0.000045,7,0.000028199,0.002819930,0.002014236,0.002014236,0.000000000,manual_A_near_upright
real,BALANCE,48.784,0.003470,-0.006625,0.002497,0.784800000,-0.000534148,0.000060555,0.000045,7,0.000024973,0.002497276,0.001783769,0.001783769,0.000000000,manual_A_near_upright
real,BALANCE,48.805,0.002837,-0.005893,0.002162,0.784800001,-0.000557573,0.000049524,0.000045,7,0.000021615,0.002161504,0.001543932,0.001543932,0.000000000,manual_A_near_upright
real,BALANCE,48.825,0.002183,-0.005128,0.001814,0.784800001,-0.000575549,0.000038102,0.000044,7,0.000018144,0.001814401,0.001296001,0.001296001,0.000000000,manual_A_near_upright
real,BALANCE,48.855,0.001173,-0.003936,0.001264,0.784800001,-0.000592369,0.000020479,0.000044,7,0.000012637,0.001263710,0.000902650,0.000902650,0.000000000,manual_A_near_upright
real,BALANCE,48.876,0.000491,-0.003122,0.000910,0.784800001,-0.000596107,0.000008564,0.000044,7,0.000009103,0.000910275,0.000650196,0.000650196,0.000000000,manual_A_near_upright
real,BALANCE,48.896,-0.000191,-0.002302,0.000567,0.784800001,-0.000594024,-0.000003336,0.000043,7,0.000005666,0.000566556,0.000404683,0.000404683,0.000000000,manual_A_near_upright
real,BALANCE,48.917,-0.000866,-0.001483,0.000199,0.784800001,-0.000586918,-0.000015123,0.000043,7,0.000001991,0.000199090,0.000142207,0.000142207,0.000000000,manual_A_near_upright
real,BALANCE,48.937,-0.001529,-0.000674,-0.000173,0.784800001,-0.000574557,-0.000026693,0.000043,7,-0.000001730,-0.000172983,-0.000123559,-0.000123559,0.000000000,manual_A_near_upright
real,BALANCE,48.957,-0.002173,0.000120,-0.000486,0.784800001,-0.000555862,-0.000037925,0.000042,7,-0.000004864,-0.000486364,-0.000347403,-0.000347403,0.000000000,manual_A_near_upright
real,BALANCE,48.978,-0.002791,0.000889,-0.000803,0.784800001,-0.000532457,-0.000048709,0.000042,7,-0.000008030,-0.000802954,-0.000573539,-0.000573539,0.000000000,manual_A_near_upright
real,BALANCE,48.998,-0.003379,0.001628,-0.001145,0.784800000,-0.000505070,-0.000058971,0.000042,7,-0.000011449,-0.001144866,-0.000817761,-0.000817761,0.000000000,manual_A_near_upright
real,BALANCE,49.019,-0.003931,0.002329,-0.001407,0.784800000,-0.000471855,-0.000068601,0.000041,7,-0.000014067,-0.001406667,-0.001004762,-0.001004762,0.000000000,manual_A_near_upright
real,BALANCE,49.049,-0.004680,0.003297,-0.001803,0.784799999,-0.000415281,-0.000081677,0.000041,7,-0.000018032,-0.001803182,-0.001287987,-0.001287987,0.000000000,manual_A_near_upright
real,BALANCE,49.070,-0.005121,0.003879,-0.002028,0.784799999,-0.000372783,-0.000089373,0.000041,7,-0.000020275,-0.002027540,-0.001448243,-0.001448243,0.000000000,manual_A_near_upright
real,BALANCE,49.091,-0.005510,0.004403,-0.002224,0.784799999,-0.000327111,-0.000096171,0.000040,7,-0.000022244,-0.002224375,-0.001588839,-0.001588839,0.000000000,manual_A_near_upright
real,BALANCE,49.111,-0.005846,0.004866,-0.002415,0.784799998,-0.000279183,-0.000102023,0.000040,7,-0.000024151,-0.002415101,-0.001725072,-0.001725072,0.000000000,manual_A_near_upright
real,BALANCE,49.131,-0.006123,0.005264,-0.002538,0.784799998,-0.000228218,-0.000106871,0.000040,7,-0.000024799,-0.002479941,-0.001771387,-0.001771387,0.000000000,manual_A_near_upright
real,BALANCE,49.153,-0.006351,0.005608,-0.002658,0.784799998,-0.000173366,-0.000110843,0.000039,7,-0.000026583,-0.002658272,-0.001898766,-0.001898766,0.000000000,manual_A_near_upright
real,BALANCE,49.173,-0.006499,0.005852,-0.002732,0.784799998,-0.000122457,-0.000113427,0.000039,7,-0.000027319,-0.002731916,-0.001951369,-0.001951369,0.000000000,manual_A_near_upright
real,BALANCE,49.194,-0.006594,0.006037,-0.002776,0.784799997,-0.000068135,-0.000115089,0.000039,7,-0.000027761,-0.002776056,-0.001982897,-0.001982897,0.000000000,manual_A_near_upright
real,BALANCE,49.214,-0.006627,0.006149,-0.002790,0.784799997,-0.000013657,-0.000115662,0.000039,7,-0.000027903,-0.002790333,-0.001993095,-0.001993095,0.000000000,manual_A_near_upright
real,BALANCE,49.234,-0.006597,0.006187,-0.002770,0.784799997,0.000040572,-0.000115148,0.000038,7,-0.000027841,-0.002784111,-0.001988651,-0.001988651,0.000000000,manual_A_near_upright
real,BALANCE,49.255,-0.006537,0.006164,-0.004524,0.784799997,0.000056969,-0.000114097,0.000038,7,-0.000036636,-0.003663614,-0.002616867,-0.002616867,0.000000000,manual_A_near_upright
real,BALANCE,49.276,-0.006426,0.006073,-0.004202,0.784799998,0.000116630,-0.000112153,0.000038,7,-0.000042017,-0.004201735,-0.003001239,-0.003001239,0.000000000,manual_A_near_upright
real,BALANCE,49.297,-0.006242,0.005904,-0.003868,0.784799998,0.000173691,-0.000108947,0.000038,7,-0.000038679,-0.003867941,-0.002762815,-0.002762815,0.000000000,manual_A_near_upright
real,BALANCE,49.317,-0.006005,0.005666,-0.003931,0.784799998,0.000219788,-0.000104812,0.000037,7,-0.000039312,-0.003931174,-0.002807981,-0.002807981,0.000000000,manual_A_near_upright
real,BALANCE,49.337,-0.005712,0.005360,-0.003686,0.784799998,0.000269316,-0.000099697,0.000037,7,-0.000036864,-0.003686379,-0.002633128,-0.002633128,0.000000000,manual_A_near_upright
real,BALANCE,49.358,-0.005366,0.004989,-0.003506,0.784799999,0.000313903,-0.000093655,0.000037,7,-0.000035061,-0.003506130,-0.002504378,-0.002504378,0.000000000,manual_A_near_upright
real,BALANCE,49.389,-0.004758,0.004320,-0.003204,0.784799999,0.000374169,-0.000083048,0.000036,7,-0.000032036,-0.003203623,-0.002288302,-0.002288302,0.000000000,manual_A_near_upright
real,BALANCE,49.409,-0.004299,0.003805,-0.002936,0.784800000,0.000410384,-0.000075030,0.000036,7,-0.000029358,-0.002935752,-0.002096966,-0.002096966,0.000000000,manual_A_near_upright
real,BALANCE,49.430,-0.003802,0.003241,-0.002687,0.784800000,0.000441635,-0.000066362,0.000036,7,-0.000026866,-0.002686563,-0.001918974,-0.001918974,0.000000000,manual_A_near_upright
real,BALANCE,49.450,-0.003273,0.002634,-0.002400,0.784800000,0.000468906,-0.000057127,0.000036,7,-0.000023996,-0.002399648,-0.001714034,-0.001714034,0.000000000,manual_A_near_upright
real,BALANCE,49.471,-0.002717,0.001989,-0.002103,0.784800001,0.000491432,-0.000047414,0.000035,7,-0.000021031,-0.002103141,-0.001502244,-0.001502244,0.000000000,manual_A_near_upright
real,BALANCE,49.501,-0.001813,0.000931,-0.001625,0.784800001,0.000516716,-0.000031642,0.000035,7,-0.000016253,-0.001625251,-0.001160893,-0.001160893,0.000000000,manual_A_near_upright
real,BALANCE,49.522,-0.001242,0.000255,-0.001326,0.784800001,0.000526262,-0.000021682,0.000035,7,-0.000013258,-0.001325772,-0.000946980,-0.000946980,0.000000000,manual_A_near_upright
real,BALANCE,49.543,-0.000634,-0.000470,-0.001000,0.784800001,0.000531536,-0.000011072,0.000034,7,-0.000010001,-0.001000105,-0.000714361,-0.000714361,0.000000000,manual_A_near_upright
real,BALANCE,49.563,-0.000025,-0.001203,-0.000678,0.784800001,0.000531669,-0.000000431,0.000034,7,-0.000006777,-0.000677697,-0.000484069,-0.000484069,0.000000000,manual_A_near_upright
real,BALANCE,49.583,0.000581,-0.001937,-0.000359,0.784800001,0.000526747,0.000010140,0.000034,7,-0.000003587,-0.000358708,-0.000256220,-0.000256220,0.000000000,manual_A_near_upright
real,BALANCE,49.604,0.001177,-0.002664,-0.000044,0.784800001,0.000516910,0.000020540,0.000034,7,-0.000000445,-0.000044451,-0.000031751,-0.000031751,0.000000000,manual_A_near_upright
real,BALANCE,49.624,0.001757,-0.003380,0.000261,0.784800001,0.000502260,0.000030674,0.000033,7,0.000002608,0.000260786,0.000186276,0.000186276,0.000000000,manual_A_near_upright
real,BALANCE,49.644,0.002318,-0.004076,0.000563,0.784800001,0.000483147,0.000040452,0.000033,7,0.000005630,0.000562960,0.000402114,0.000402114,0.000000000,manual_A_near_upright
real,BALANCE,49.665,0.002852,-0.004747,0.000830,0.784800000,0.000459204,0.000049774,0.000033,7,0.000008304,0.000830432,0.000593166,0.000593166,0.000000000,manual_A_near_upright
real,BALANCE,49.686,0.003355,-0.005386,0.001100,0.784800000,0.000431500,0.000058564,0.000033,7,0.000010995,0.001099530,0.000785378,0.000785378,0.000000000,manual_A_near_upright
real,BALANCE,49.706,0.003824,-0.005989,0.001343,0.784800000,0.000399809,0.000066741,0.000033,7,0.000013435,0.001343456,0.000959612,0.000959612,0.000000000,manual_A_near_upright
real,BALANCE,49.726,0.004253,-0.006548,0.001566,0.784799999,0.000364596,0.000074232,0.000032,7,0.000015663,0.001566305,0.001118789,0.001118789,0.000000000,manual_A_near_upright
real,BALANCE,49.747,0.004639,-0.007061,0.001768,0.784799999,0.000326249,0.000080973,0.000032,7,0.000017675,0.001767517,0.001262512,0.001262512,0.000000000,manual_A_near_upright
real,BALANCE,49.767,0.004979,-0.007522,0.001943,0.784799999,0.000285110,0.000086906,0.000032,7,0.000019433,0.001943261,0.001388044,0.001388044,0.000000000,manual_A_near_upright
real,BALANCE,49.788,0.005270,-0.007927,0.002093,0.784799999,0.000241609,0.000091981,0.000032,7,0.000020931,0.002093063,0.001495045,0.001495045,0.000000000,manual_A_near_upright
real,BALANCE,49.808,0.005510,-0.008273,0.002219,0.784799998,0.000196246,0.000096159,0.000031,7,0.000022194,0.002219398,0.001585285,0.001585285,0.000000000,manual_A_near_upright
real,BALANCE,49.829,0.005695,-0.008558,0.002308,0.784799998,0.000149185,0.000099404,0.000031,7,0.000023076,0.002307584,0.001648274,0.001648274,0.000000000,manual_A_near_upright
real,BALANCE,49.850,0.005832,-0.008789,0.002379,0.784799998,0.000098863,0.000101783,0.000031,7,0.000023786,0.002378560,0.001698972,0.001698972,0.000000000,manual_A_near_upright
real,BALANCE,49.870,0.005902,-0.008935,0.002411,0.784799998,0.000052697,0.000103016,0.000031,7,0.000024107,0.002410733,0.001721952,0.001721952,0.000000000,manual_A_near_upright
real,BALANCE,49.900,0.005911,-0.009045,0.002410,0.784799998,-0.000020211,0.000103174,0.000030,7,0.000024097,0.002409699,0.001721213,0.001721213,0.000000000,manual_A_near_upright
real,BALANCE,49.920,0.005863,-0.009042,0.003616,0.784799998,-0.000042371,0.000102329,0.000030,7,0.000036161,0.003616083,0.002582917,0.002582917,0.000000000,manual_A_near_upright
real,BALANCE,49.941,0.005790,-0.008988,0.004127,0.784799998,-0.000079565,0.000101056,0.000030,7,0.000041268,0.004126779,0.002947699,0.002947699,0.000000000,manual_A_near_upright
real,BALANCE,49.961,0.005648,-0.008861,0.003505,0.784799998,-0.000138445,0.000098575,0.000030,7,0.000035055,0.003505467,0.002503905,0.002503905,0.000000000,manual_A_near_upright
real,BALANCE,49.982,0.005455,-0.008671,0.003613,0.784799998,-0.000179538,0.000095202,0.000030,7,0.000036128,0.003612781,0.002580558,0.002580558,0.000000000,manual_A_near_upright
real,BALANCE,50.012,0.005073,-0.008272,0.003352,0.784799999,-0.000245215,0.000088537,0.000029,7,0.000033524,0.003352375,0.002394554,0.002394554,0.000000000,manual_A_near_upright
real,BALANCE,50.033,0.004759,-0.007933,0.003200,0.784799999,-0.000284596,0.000083055,0.000029,7,0.000031998,0.003199838,0.002285599,0.002285599,0.000000000,manual_A_near_upright
real,BALANCE,50.053,0.004402,-0.007540,0.003016,0.784799999,-0.000321173,0.000076830,0.000029,7,0.000030159,0.003015931,0.002154236,0.002154236,0.000000000,manual_A_near_upright
real,BALANCE,50.074,0.004006,-0.007097,0.002802,0.784800000,-0.000354604,0.000069914,0.000029,7,0.000028021,0.002802134,0.002001524,0.002001524,0.000000000,manual_A_near_upright
real,BALANCE,50.104,0.003347,-0.006348,0.002443,0.784800000,-0.000397978,0.000058410,0.000028,7,0.000024432,0.002443191,0.001745136,0.001745136,0.000000000,manual_A_near_upright
real,BALANCE,50.134,0.002623,-0.005513,0.002055,0.784800000,-0.000432281,0.000045772,0.000028,7,0.000020546,0.002054594,0.001467567,0.001467567,0.000000000,manual_A_near_upright
real,BALANCE,50.155,0.002112,-0.004918,0.001794,0.784800001,-0.000449611,0.000036870,0.000028,7,0.000017941,0.001794083,0.001281488,0.001281488,0.000000000,manual_A_near_upright
real,BALANCE,50.185,0.001318,-0.003981,0.001367,0.784800001,-0.000467784,0.000022995,0.000027,7,0.000013668,0.001366813,0.000976295,0.000976295,0.000000000,manual_A_near_upright
real,BALANCE,50.205,0.000776,-0.003336,0.001083,0.784800001,-0.000474156,0.000013541,0.000027,7,0.000010825,0.001082544,0.000773246,0.000773246,0.000000000,manual_A_near_upright
real,BALANCE,50.226,0.000203,-0.002649,0.000770,0.784800001,-0.000476234,0.000003543,0.000027,7,0.000007696,0.000769597,0.000549712,0.000549712,0.000000000,manual_A_near_upright
real,BALANCE,50.256,-0.000583,-0.001696,0.000367,0.784800001,-0.000470385,-0.000010178,0.000027,7,0.000005112,0.000511192,0.000365137,0.000365137,0.000000000,manual_A_near_upright
real,BALANCE,50.277,-0.001115,-0.001045,0.000080,0.784800001,-0.000461261,-0.000019461,0.000027,7,0.000000797,0.000079654,0.000056896,0.000056896,0.000000000,manual_A_near_upright
real,BALANCE,50.297,-0.001633,-0.000406,-0.000190,0.784800001,-0.000447644,-0.000028496,0.000026,7,-0.000001898,-0.000189762,-0.000135544,-0.000135544,0.000000000,manual_A_near_upright
real,BALANCE,50.327,-0.002372,0.000517,-0.000579,0.784800000,-0.000419663,-0.000041402,0.000026,7,-0.000005786,-0.000578559,-0.000413256,-0.000413256,0.000000000,manual_A_near_upright
real,BALANCE,50.348,-0.002834,0.001102,-0.000820,0.784800000,-0.000396191,-0.000049461,0.000026,7,-0.000008202,-0.000820214,-0.000585867,-0.000585867,0.000000000,manual_A_near_upright
real,BALANCE,50.369,-0.003266,0.001654,-0.001046,0.784800000,-0.000369166,-0.000056999,0.000026,7,-0.000010459,-0.001045868,-0.000747049,-0.000747049,0.000000000,manual_A_near_upright
real,BALANCE,50.389,-0.003664,0.002171,-0.001254,0.784800000,-0.000338875,-0.000063948,0.000026,7,-0.000012536,-0.001253626,-0.000895447,-0.000895447,0.000000000,manual_A_near_upright
real,BALANCE,50.409,-0.004025,0.002647,-0.001441,0.784799999,-0.000305620,-0.000070249,0.000025,7,-0.000013501,-0.001350086,-0.000964347,-0.000964347,0.000000000,manual_A_near_upright
real,BALANCE,50.430,-0.004346,0.003078,-0.001608,0.784799999,-0.000269744,-0.000075845,0.000025,7,-0.000016076,-0.001607618,-0.001148299,-0.001148299,0.000000000,manual_A_near_upright
real,BALANCE,50.450,-0.004623,0.003461,-0.001751,0.784799999,-0.000231603,-0.000080690,0.000025,7,-0.000017510,-0.001750964,-0.001250688,-0.001250688,0.000000000,manual_A_near_upright
real,BALANCE,50.471,-0.004856,0.003792,-0.001870,0.784799999,-0.000191576,-0.000084745,0.000025,7,-0.000018702,-0.001870217,-0.001335869,-0.001335869,0.000000000,manual_A_near_upright
real,BALANCE,50.491,-0.005041,0.004069,-0.001964,0.784799999,-0.000150054,-0.000087977,0.000025,7,-0.000019645,-0.001964481,-0.001403201,-0.001403201,0.000000000,manual_A_near_upright
real,BALANCE,50.512,-0.005177,0.004290,-0.002033,0.784799998,-0.000107440,-0.000090361,0.000025,7,-0.000020330,-0.002033033,-0.001452166,-0.001452166,0.000000000,manual_A_near_upright
real,BALANCE,50.532,-0.005265,0.004452,-0.002075,0.784799998,-0.000064143,-0.000091883,0.000024,7,-0.000020754,-0.002075444,-0.001482460,-0.001482460,0.000000000,manual_A_near_upright
real,BALANCE,50.553,-0.005302,0.004556,-0.002092,0.784799998,-0.000020578,-0.000092534,0.000024,7,-0.000020915,-0.002091514,-0.001493939,-0.001493939,0.000000000,manual_A_near_upright
real,BALANCE,50.573,-0.005287,0.004601,-0.002080,0.784799998,0.000025009,-0.000092282,0.000024,7,-0.000020800,-0.002080001,-0.001485715,-0.001485715,0.000000000,manual_A_near_upright
real,BALANCE,50.603,-0.005220,0.004575,-0.003901,0.784799998,0.000048775,-0.000091101,0.000024,7,-0.000039013,-0.003901307,-0.002786648,-0.002786648,0.000000000,manual_A_near_upright
real,BALANCE,50.624,-0.005120,0.004488,-0.003335,0.784799998,0.000102825,-0.000089352,0.000024,7,-0.000033348,-0.003334814,-0.002382010,-0.002382010,0.000000000,manual_A_near_upright
real,BALANCE,50.654,-0.004874,0.004247,-0.003315,0.784799999,0.000162234,-0.000085064,0.000023,7,-0.000033153,-0.003315288,-0.002368063,-0.002368063,0.000000000,manual_A_near_upright
real,BALANCE,50.674,-0.004655,0.004018,-0.003162,0.784799999,0.000202030,-0.000081244,0.000023,7,-0.000031617,-0.003161724,-0.002258374,-0.002258374,0.000000000,manual_A_near_upright
real,BALANCE,50.695,-0.004392,0.003735,-0.003007,0.784799999,0.000239084,-0.000076658,0.000023,7,-0.000030067,-0.003006746,-0.002147675,-0.002147675,0.000000000,manual_A_near_upright
real,BALANCE,50.716,-0.004090,0.003403,-0.002857,0.784799999,0.000273036,-0.000071381,0.000023,7,-0.000028571,-0.002857115,-0.002040797,-0.002040797,0.000000000,manual_A_near_upright
real,BALANCE,50.736,-0.003750,0.003024,-0.002665,0.784800000,0.000304608,-0.000065457,0.000023,7,-0.000026651,-0.002665054,-0.001903610,-0.001903610,0.000000000,manual_A_near_upright
real,BALANCE,50.756,-0.003378,0.002602,-0.002468,0.784800000,0.000332772,-0.000058951,0.000023,7,-0.000024683,-0.002468284,-0.001763060,-0.001763060,0.000000000,manual_A_near_upright
real,BALANCE,50.777,-0.002975,0.002142,-0.002254,0.784800000,0.000357615,-0.000051930,0.000022,7,-0.000022536,-0.002253594,-0.001609710,-0.001609710,0.000000000,manual_A_near_upright
real,BALANCE,50.797,-0.002548,0.001648,-0.002032,0.784800000,0.000378737,-0.000044464,0.000022,7,-0.000020323,-0.002032338,-0.001451670,-0.001451670,0.000000000,manual_A_near_upright
real,BALANCE,50.817,-0.002099,0.001124,-0.001788,0.784800000,0.000396373,-0.000036628,0.000022,7,-0.000017879,-0.001787892,-0.001277066,-0.001277066,0.000000000,manual_A_near_upright
real,BALANCE,50.847,-0.001395,0.000295,-0.001413,0.784800001,0.000415347,-0.000024343,0.000022,7,-0.000014125,-0.001412503,-0.001008930,-0.001008930,0.000000000,manual_A_near_upright
real,BALANCE,50.868,-0.000912,-0.000279,-0.001157,0.784800001,0.000422953,-0.000015919,0.000022,7,-0.000011574,-0.001157413,-0.000826723,-0.000826723,0.000000000,manual_A_near_upright
real,BALANCE,50.888,-0.000424,-0.000864,-0.000898,0.784800001,0.000426534,-0.000007401,0.000021,7,-0.000008982,-0.000898178,-0.000641556,-0.000641556,0.000000000,manual_A_near_upright
real,BALANCE,50.908,0.000065,-0.001454,-0.000640,0.784800001,0.000426024,0.000001129,0.000021,7,-0.000007692,-0.000769159,-0.000549400,-0.000549400,0.000000000,manual_A_near_upright
real,BALANCE,50.929,0.000550,-0.002045,-0.000384,0.784800001,0.000421499,0.000009591,0.000021,7,-0.000003842,-0.000384241,-0.000274458,-0.000274458,0.000000000,manual_A_near_upright
real,BALANCE,50.949,0.001026,-0.002629,-0.000133,0.784800001,0.000413017,0.000017904,0.000021,7,-0.000002580,-0.000258016,-0.000184297,-0.000184297,0.000000000,manual_A_near_upright
real,BALANCE,50.970,0.001489,-0.003203,0.000110,0.784800001,0.000400702,0.000025993,0.000021,7,0.000001103,0.000110328,0.000078806,0.000078806,0.000000000,manual_A_near_upright
real,BALANCE,50.991,0.001935,-0.003760,0.000345,0.784800000,0.000384700,0.000033781,0.000021,7,0.000003447,0.000344701,0.000246215,0.000246215,0.000000000,manual_A_near_upright
real,BALANCE,51.012,0.002381,-0.004323,0.000591,0.784800000,0.000364382,0.000041560,0.000021,7,0.000005906,0.000590574,0.000421838,0.000421838,0.000000000,manual_A_near_upright
real,BALANCE,51.032,0.002780,-0.004832,0.000779,0.784800000,0.000340987,0.000048512,0.000020,7,0.000007785,0.000778545,0.000556103,0.000556103,0.000000000,manual_A_near_upright
real,BALANCE,51.062,0.003305,-0.005514,0.001062,0.784800000,0.000302554,0.000057687,0.000020,7,0.000010618,0.001061808,0.000758435,0.000758435,0.000000000,manual_A_near_upright
real,BALANCE,51.082,0.003627,-0.005940,0.001229,0.784800000,0.000272612,0.000063308,0.000020,7,0.000012287,0.001228667,0.000877620,0.000877620,0.000000000,manual_A_near_upright
real,BALANCE,51.103,0.003913,-0.006326,0.001377,0.784799999,0.000240342,0.000068296,0.000020,7,0.000013767,0.001376658,0.000983327,0.000983327,0.000000000,manual_A_near_upright
real,BALANCE,51.133,0.004269,-0.006822,0.001560,0.784799999,0.000188273,0.000074501,0.000020,7,0.000015602,0.001560201,0.001114430,0.001114430,0.000000000,manual_A_near_upright
real,BALANCE,51.154,0.004454,-0.007094,0.001655,0.784799999,0.000151605,0.000077737,0.000020,7,0.000016550,0.001654960,0.001182114,0.001182114,0.000000000,manual_A_near_upright
real,BALANCE,51.174,0.004596,-0.007315,0.001727,0.784799999,0.000113794,0.000080223,0.000019,7,0.000016939,0.001693880,0.001209914,0.001209914,0.000000000,manual_A_near_upright
real,BALANCE,51.195,0.004695,-0.007486,0.001776,0.784799999,0.000075201,0.000081940,0.000019,7,0.000017758,0.001775754,0.001268396,0.001268396,0.000000000,manual_A_near_upright
real,BALANCE,51.215,0.004749,-0.007604,0.001801,0.784799999,0.000036198,0.000082879,0.000019,7,0.000018009,0.001800917,0.001286369,0.001286369,0.000000000,manual_A_near_upright
real,BALANCE,51.235,0.004758,-0.007669,0.001802,0.784799999,-0.000002846,0.000083036,0.000019,7,0.000018046,0.001804641,0.001289029,0.001289029,0.000000000,manual_A_near_upright
real,BALANCE,51.256,0.004725,-0.007682,0.002134,0.784799999,-0.000034150,0.000082466,0.000019,7,0.000021339,0.002133857,0.001524184,0.001524184,0.000000000,manual_A_near_upright
real,BALANCE,51.277,0.004685,-0.007659,0.003681,0.784799999,-0.000040282,0.000081775,0.000019,7,0.000036811,0.003681076,0.002629340,0.002629340,0.000000000,manual_A_near_upright
real,BALANCE,51.297,0.004598,-0.007582,0.003069,0.784799999,-0.000091194,0.000080250,0.000019,7,0.000030691,0.003069133,0.002192238,0.002192238,0.000000000,manual_A_near_upright
real,BALANCE,51.318,0.004453,-0.007441,0.003009,0.784799999,-0.000130051,0.000077717,0.000018,7,0.000030086,0.003008604,0.002149003,0.002149003,0.000000000,manual_A_near_upright
real,BALANCE,51.339,0.004286,-0.007268,0.003010,0.784799999,-0.000162311,0.000074803,0.000018,7,0.000030095,0.003009516,0.002149654,0.002149654,0.000000000,manual_A_near_upright
real,BALANCE,51.359,0.004070,-0.007038,0.002830,0.784799999,-0.000197828,0.000071036,0.000018,7,0.000028300,0.002829996,0.002021425,0.002021425,0.000000000,manual_A_near_upright
real,BALANCE,51.380,0.003817,-0.006761,0.002711,0.784799999,-0.000229467,0.000066616,0.000018,7,0.000027112,0.002711155,0.001936540,0.001936540,0.000000000,manual_A_near_upright
real,BALANCE,51.400,0.003529,-0.006441,0.002558,0.784800000,-0.000259023,0.000061595,0.000018,7,0.000025583,0.002558329,0.001827378,0.001827378,0.000000000,manual_A_near_upright
real,BALANCE,51.421,0.003210,-0.006081,0.002382,0.784800000,-0.000286029,0.000056017,0.000018,7,0.000023817,0.002381715,0.001701225,0.001701225,0.000000000,manual_A_near_upright
real,BALANCE,51.442,0.002862,-0.005684,0.002198,0.784800000,-0.000309944,0.000049945,0.000018,7,0.000021981,0.002198087,0.001570062,0.001570062,0.000000000,manual_A_near_upright
real,BALANCE,51.472,0.002294,-0.005028,0.001895,0.784800000,-0.000339964,0.000040039,0.000018,7,0.000018955,0.001895471,0.001353908,0.001353908,0.000000000,manual_A_near_upright
real,BALANCE,51.493,0.001891,-0.004558,0.001681,0.784800000,-0.000355794,0.000033005,0.000017,7,0.000016813,0.001681341,0.001200958,0.001200958,0.000000000,manual_A_near_upright
real,BALANCE,51.513,0.001473,-0.004065,0.001457,0.784800000,-0.000368178,0.000025704,0.000017,7,0.000014571,0.001457087,0.001040776,0.001040776,0.000000000,manual_A_near_upright
real,BALANCE,51.534,0.001043,-0.003555,0.001230,0.784800001,-0.000376914,0.000018207,0.000017,7,0.000013444,0.001344363,0.000960259,0.000960259,0.000000000,manual_A_near_upright
real,BALANCE,51.555,0.000607,-0.003033,0.000999,0.784800001,-0.000382044,0.000010588,0.000017,7,0.000009990,0.000998957,0.000713541,0.000713541,0.000000000,manual_A_near_upright
real,BALANCE,51.575,0.000167,-0.002503,0.000756,0.784800001,-0.000383732,0.000002918,0.000017,7,0.000007562,0.000756162,0.000540116,0.000540116,0.000000000,manual_A_near_upright
real,BALANCE,51.596,-0.000271,-0.001972,0.000536,0.784800001,-0.000381312,-0.000004728,0.000017,7,0.000005363,0.000536288,0.000383063,0.000383063,0.000000000,manual_A_near_upright
real,BALANCE,51.626,-0.000917,-0.001180,0.000188,0.784800001,-0.000371510,-0.000015997,0.000017,7,0.000001880,0.000187986,0.000134276,0.000134276,0.000000000,manual_A_near_upright
real,BALANCE,51.647,-0.001333,-0.000663,-0.000021,0.784800000,-0.000360321,-0.000023270,0.000016,7,-0.000000214,-0.000021375,-0.000015268,-0.000015268,0.000000000,manual_A_near_upright
real,BALANCE,51.667,-0.001735,-0.000161,-0.000236,0.784800000,-0.000346100,-0.000030276,0.000016,7,-0.000002358,-0.000235831,-0.000168451,-0.000168451,0.000000000,manual_A_near_upright
real,BALANCE,51.688,-0.002117,0.000322,-0.000436,0.784800000,-0.000328641,-0.000036950,0.000016,7,-0.000004363,-0.000436270,-0.000311622,-0.000311622,0.000000000,manual_A_near_upright
real,BALANCE,51.718,-0.002664,0.001023,-0.000724,0.784800000,-0.000295821,-0.000046498,0.000016,7,-0.000006239,-0.000623944,-0.000445675,-0.000445675,0.000000000,manual_A_near_upright
real,BALANCE,51.738,-0.002968,0.001419,-0.000879,0.784800000,-0.000272456,-0.000051796,0.000016,7,-0.000008789,-0.000878940,-0.000627814,-0.000627814,0.000000000,manual_A_near_upright
real,BALANCE,51.758,-0.003258,0.001803,-0.001031,0.784800000,-0.000245634,-0.000056860,0.000016,7,-0.000009557,-0.000955736,-0.000682668,-0.000682668,0.000000000,manual_A_near_upright
real,BALANCE,51.780,-0.003515,0.002151,-0.001166,0.784799999,-0.000216707,-0.000061357,0.000016,7,-0.000011657,-0.001165733,-0.000832666,-0.000832666,0.000000000,manual_A_near_upright
real,BALANCE,51.800,-0.003749,0.002475,-0.001286,0.784799999,-0.000184351,-0.000065425,0.000016,7,-0.000012861,-0.001286142,-0.000918673,-0.000918673,0.000000000,manual_A_near_upright
real,BALANCE,51.821,-0.003925,0.002728,-0.001375,0.784799999,-0.000153609,-0.000068500,0.000015,7,-0.000013750,-0.001375037,-0.000982170,-0.000982170,0.000000000,manual_A_near_upright
real,BALANCE,51.841,-0.004073,0.002951,-0.001451,0.784799999,-0.000120132,-0.000071088,0.000015,7,-0.000014511,-0.001451140,-0.001036528,-0.001036528,0.000000000,manual_A_near_upright
real,BALANCE,51.862,-0.004182,0.003129,-0.001507,0.784799999,-0.000085782,-0.000072994,0.000015,7,-0.000015067,-0.001506652,-0.001076180,-0.001076180,0.000000000,manual_A_near_upright
real,BALANCE,51.882,-0.004252,0.003261,-0.001540,0.784799999,-0.000050861,-0.000074204,0.000015,7,-0.000015398,-0.001539850,-0.001099893,-0.001099893,0.000000000,manual_A_near_upright
real,BALANCE,51.903,-0.004281,0.003344,-0.001553,0.784799999,-0.000015745,-0.000074712,0.000015,7,-0.000015525,-0.001552515,-0.001108939,-0.001108939,0.000000000,manual_A_near_upright
real,BALANCE,51.923,-0.004270,0.003380,-0.001544,0.784799999,0.000019254,-0.000074519,0.000015,7,-0.000015438,-0.001543831,-0.001102736,-0.001102736,0.000000000,manual_A_near_upright
real,BALANCE,51.944,-0.004237,0.003377,-0.002921,0.784799999,0.000024671,-0.000073953,0.000015,7,-0.000029213,-0.002921255,-0.002086611,-0.002086611,0.000000000,manual_A_near_upright
real,BALANCE,51.964,-0.004187,0.003334,-0.003174,0.784799999,0.000056203,-0.000073079,0.000015,7,-0.000031745,-0.003174497,-0.002267498,-0.002267498,0.000000000,manual_A_near_upright
real,BALANCE,51.985,-0.004091,0.003245,-0.002717,0.784799999,0.000097532,-0.000071399,0.000015,7,-0.000027174,-0.002717386,-0.001940990,-0.001940990,0.000000000,manual_A_near_upright
real,BALANCE,52.005,-0.003947,0.003098,-0.002831,0.784799999,0.000128368,-0.000068885,0.000015,7,-0.000028315,-0.002831497,-0.002022498,-0.002022498,0.000000000,manual_A_near_upright
real,BALANCE,52.025,-0.003783,0.002923,-0.002711,0.784799999,0.000159286,-0.000066017,0.000014,7,-0.000027115,-0.002711470,-0.001936765,-0.001936765,0.000000000,manual_A_near_upright
real,BALANCE,52.046,-0.003574,0.002697,-0.002571,0.784799999,0.000189941,-0.000062380,0.000014,7,-0.000025712,-0.002571216,-0.001836583,-0.001836583,0.000000000,manual_A_near_upright
real,BALANCE,52.066,-0.003321,0.002416,-0.002455,0.784800000,0.000218894,-0.000057954,0.000014,7,-0.000025223,-0.002522302,-0.001801644,-0.001801644,0.000000000,manual_A_near_upright
real,BALANCE,52.087,-0.003062,0.002125,-0.002311,0.784800000,0.000243393,-0.000053448,0.000014,7,-0.000023112,-0.002311182,-0.001650844,-0.001650844,0.000000000,manual_A_near_upright
real,BALANCE,52.107,-0.002764,0.001785,-0.002149,0.784800000,0.000266656,-0.000048238,0.000014,7,-0.000021494,-0.002149383,-0.001535273,-0.001535273,0.000000000,manual_A_near_upright
real,BALANCE,52.127,-0.002441,0.001414,-0.001978,0.784800000,0.000287144,-0.000042603,0.000014,7,-0.000019777,-0.001977699,-0.001412642,-0.001412642,0.000000000,manual_A_near_upright
real,BALANCE,52.148,-0.002097,0.001014,-0.001794,0.784800000,0.000304771,-0.000036600,0.000014,7,-0.000017939,-0.001793931,-0.001281380,-0.001281380,0.000000000,manual_A_near_upright
real,BALANCE,52.169,-0.001735,0.000591,-0.001601,0.784800000,0.000319365,-0.000030288,0.000014,7,-0.000016013,-0.001601283,-0.001143774,-0.001143774,0.000000000,manual_A_near_upright
real,BALANCE,52.189,-0.001340,0.000125,-0.001390,0.784800000,0.000331340,-0.000023395,0.000014,7,-0.000013898,-0.001389772,-0.000992695,-0.000992695,0.000000000,manual_A_near_upright
real,BALANCE,52.209,-0.000973,-0.000312,-0.001205,0.784800000,0.000338881,-0.000016991,0.000014,7,-0.000012046,-0.001204642,-0.000860459,-0.000860459,0.000000000,manual_A_near_upright
real,BALANCE,52.230,-0.000581,-0.000783,-0.000986,0.784800000,0.000344064,-0.000010132,0.000013,7,-0.000009857,-0.000985733,-0.000704095,-0.000704095,0.000000000,manual_A_near_upright
real,BALANCE,52.250,-0.000185,-0.001261,-0.000779,0.784800000,0.000345661,-0.000003222,0.000013,7,-0.000007791,-0.000779144,-0.000556532,-0.000556532,0.000000000,manual_A_near_upright
real,BALANCE,52.270,0.000210,-0.001742,-0.000571,0.784800000,0.000344026,0.000003673,0.000013,7,-0.000005708,-0.000570817,-0.000407726,-0.000407726,0.000000000,manual_A_near_upright
real,BALANCE,52.291,0.000601,-0.002221,-0.000364,0.784800000,0.000339173,0.000010489,0.000013,7,-0.000003639,-0.000363880,-0.000259914,-0.000259914,0.000000000,manual_A_near_upright
real,BALANCE,52.311,0.000983,-0.002693,-0.000163,0.784800000,0.000331119,0.000017161,0.000013,7,-0.000001630,-0.000163047,-0.000116462,-0.000116462,0.000000000,manual_A_near_upright
real,BALANCE,52.332,0.001354,-0.003155,0.000032,0.784800000,0.000320011,0.000023627,0.000013,7,0.000000319,0.000031889,0.000022778,0.000022778,0.000000000,manual_A_near_upright
real,BALANCE,52.352,0.001709,-0.003602,0.000218,0.784800000,0.000305964,0.000029829,0.000013,7,0.000002185,0.000218483,0.000156059,0.000156059,0.000000000,manual_A_near_upright
real,BALANCE,52.373,0.002046,-0.004031,0.000395,0.784800000,0.000289133,0.000035708,0.000013,7,0.000003950,0.000395003,0.000282145,0.000282145,0.000000000,manual_A_near_upright
real,BALANCE,52.393,0.002361,-0.004437,0.000560,0.784800000,0.000269703,0.000041214,0.000013,7,0.000005600,0.000560019,0.000400014,0.000400014,0.000000000,manual_A_near_upright
real,BALANCE,52.413,0.002653,-0.004817,0.000712,0.784800000,0.000247876,0.000046295,0.000013,7,0.000007120,0.000711987,0.000508562,0.000508562,0.000000000,manual_A_near_upright
real,BALANCE,52.434,0.002917,-0.005167,0.000850,0.784800000,0.000223878,0.000050908,0.000012,7,0.000008496,0.000849588,0.000606849,0.000606849,0.000000000,manual_A_near_upright
real,BALANCE,52.454,0.003152,-0.005485,0.000972,0.784800000,0.000197951,0.000055013,0.000012,7,0.000009716,0.000971646,0.000694033,0.000694033,0.000000000,manual_A_near_upright
real,BALANCE,52.474,0.003356,-0.005768,0.001077,0.784799999,0.000170357,0.000058574,0.000012,7,0.000010771,0.001077130,0.000769379,0.000769379,0.000000000,manual_A_near_upright
real,BALANCE,52.504,0.003600,-0.006122,0.001202,0.784799999,0.000126438,0.000062835,0.000012,7,0.000012024,0.001202434,0.000858881,0.000858881,0.000000000,manual_A_near_upright
real,BALANCE,52.525,0.003720,-0.006308,0.001263,0.784799999,0.000095892,0.000064923,0.000012,7,0.000012631,0.001263075,0.000902196,0.000902196,0.000000000,manual_A_near_upright
real,BALANCE,52.546,0.003804,-0.006452,0.001305,0.784799999,0.000064676,0.000066389,0.000012,7,0.000013049,0.001304876,0.000932054,0.000932054,0.000000000,manual_A_near_upright
real,BALANCE,52.566,0.003853,-0.006558,0.001328,0.784799999,0.000031508,0.000067250,0.000012,7,0.000013284,0.001328383,0.000948845,0.000948845,0.000000000,manual_A_near_upright
real,BALANCE,52.587,0.003863,-0.006613,0.001331,0.784799999,0.000001431,0.000067427,0.000012,7,0.000013311,0.001331141,0.000950815,0.000950815,0.000000000,manual_A_near_upright
real,BALANCE,52.607,0.003840,-0.006629,0.001422,0.784799999,-0.000027764,0.000067012,0.000012,7,0.000014218,0.001421803,0.001015574,0.001015574,0.000000000,manual_A_near_upright
real,BALANCE,52.628,0.003815,-0.006618,0.003193,0.784799999,-0.000021979,0.000066587,0.000012,7,0.000031928,0.003192776,0.002280554,0.002280554,0.000000000,manual_A_near_upright
real,BALANCE,52.648,0.003758,-0.006566,0.002698,0.784799999,-0.000063899,0.000065582,0.000012,7,0.000026983,0.002698267,0.001927334,0.001927334,0.000000000,manual_A_near_upright
real,BALANCE,52.669,0.003655,-0.006466,0.002541,0.784799999,-0.000096838,0.000063789,0.000012,7,0.000025413,0.002541289,0.001815206,0.001815206,0.000000000,manual_A_near_upright
real,BALANCE,52.689,0.003522,-0.006328,0.002623,0.784799999,-0.000123336,0.000061478,0.000011,7,0.000026234,0.002623438,0.001873884,0.001873884,0.000000000,manual_A_near_upright
real,BALANCE,52.710,0.003356,-0.006148,0.002461,0.784799999,-0.000153226,0.000058576,0.000011,7,0.000024608,0.002460825,0.001757732,0.001757732,0.000000000,manual_A_near_upright
real,BALANCE,52.730,0.003158,-0.005930,0.002364,0.784800000,-0.000179650,0.000055122,0.000011,7,0.000023637,0.002363678,0.001688341,0.001688341,0.000000000,manual_A_near_upright
real,BALANCE,52.760,0.002809,-0.005537,0.002179,0.784800000,-0.000215873,0.000049018,0.000011,7,0.000021789,0.002178931,0.001556379,0.001556379,0.000000000,manual_A_near_upright
real,BALANCE,52.780,0.002543,-0.005234,0.002035,0.784800000,-0.000237339,0.000044385,0.000011,7,0.000020350,0.002034952,0.001453537,0.001453537,0.000000000,manual_A_near_upright
real,BALANCE,52.801,0.002255,-0.004902,0.001883,0.784800000,-0.000256303,0.000039359,0.000011,7,0.000018829,0.001882934,0.001344953,0.001344953,0.000000000,manual_A_near_upright
real,BALANCE,52.821,0.001947,-0.004545,0.001718,0.784800000,-0.000272747,0.000033990,0.000011,7,0.000017177,0.001717719,0.001226942,0.001226942,0.000000000,manual_A_near_upright
real,BALANCE,52.842,0.001623,-0.004164,0.001545,0.784800000,-0.000286449,0.000028332,0.000011,7,0.000015451,0.001545101,0.001103643,0.001103643,0.000000000,manual_A_near_upright
real,BALANCE,52.862,0.001286,-0.003765,0.001366,0.784800000,-0.000297325,0.000022440,0.000011,7,0.000013657,0.001365701,0.000975500,0.000975500,0.000000000,manual_A_near_upright
real,BALANCE,52.883,0.000938,-0.003351,0.001181,0.784800000,-0.000305303,0.000016373,0.000011,7,0.000011810,0.001181044,0.000843603,0.000843603,0.000000000,manual_A_near_upright
real,BALANCE,52.903,0.000584,-0.002926,0.000993,0.784800000,-0.000310321,0.000010189,0.000011,7,0.000009933,0.000993269,0.000709478,0.000709478,0.000000000,manual_A_near_upright
real,BALANCE,52.924,0.000226,-0.002494,0.000804,0.784800000,-0.000312362,0.000003948,0.000011,7,0.000008040,0.000804016,0.000574297,0.000574297,0.000000000,manual_A_near_upright
real,BALANCE,52.944,-0.000131,-0.002059,0.000615,0.784800000,-0.000311430,-0.000002291,0.000010,7,0.000006150,0.000615015,0.000439296,0.000439296,0.000000000,manual_A_near_upright
real,BALANCE,52.964,-0.000485,-0.001625,0.000428,0.784800000,-0.000307554,-0.000008468,0.000010,7,0.000004282,0.000428175,0.000305839,0.000305839,0.000000000,manual_A_near_upright
real,BALANCE,52.985,-0.000832,-0.001195,0.000245,0.784800000,-0.000300796,-0.000014526,0.000010,7,0.000002453,0.000245327,0.000175233,0.000175233,0.000000000,manual_A_near_upright
real,BALANCE,53.005,-0.001169,-0.000775,0.000068,0.784800000,-0.000291246,-0.000020408,0.000010,7,0.000000680,0.000067991,0.000048565,0.000048565,0.000000000,manual_A_near_upright
real,BALANCE,53.026,-0.001493,-0.000367,-0.000102,0.784800000,-0.000279016,-0.000026060,0.000010,7,-0.000001021,-0.000102122,-0.000072944,-0.000072944,0.000000000,manual_A_near_upright
real,BALANCE,53.046,-0.001801,0.000024,-0.000263,0.784800000,-0.000264243,-0.000031430,0.000010,7,-0.000002635,-0.000263477,-0.000188198,-0.000188198,0.000000000,manual_A_near_upright
real,BALANCE,53.067,-0.002090,0.000396,-0.000415,0.784800000,-0.000247087,-0.000036470,0.000010,7,-0.000004146,-0.000414624,-0.000296160,-0.000296160,0.000000000,manual_A_near_upright
real,BALANCE,53.087,-0.002357,0.000744,-0.000554,0.784800000,-0.000227729,-0.000041135,0.000010,7,-0.000005542,-0.000554218,-0.000395870,-0.000395870,0.000000000,manual_A_near_upright
real,BALANCE,53.109,-0.002600,0.001066,-0.000681,0.784800000,-0.000206370,-0.000045383,0.000010,7,-0.000006810,-0.000681030,-0.000486450,-0.000486450,0.000000000,manual_A_near_upright
real,BALANCE,53.129,-0.002818,0.001360,-0.000797,0.784800000,-0.000183290,-0.000049180,0.000010,7,-0.000007973,-0.000797289,-0.000569492,-0.000569492,0.000000000,manual_A_near_upright
real,BALANCE,53.149,-0.003007,0.001622,-0.000890,0.784800000,-0.000158485,-0.000052488,0.000010,7,-0.000008903,-0.000890258,-0.000635899,-0.000635899,0.000000000,manual_A_near_upright
real,BALANCE,53.170,-0.003175,0.001861,-0.000979,0.784799999,-0.000131216,-0.000055409,0.000010,7,-0.000009795,-0.000979491,-0.000699636,-0.000699636,0.000000000,manual_A_near_upright
real,BALANCE,53.201,-0.003350,0.002127,-0.001068,0.784799999,-0.000091633,-0.000058468,0.000010,7,-0.000010681,-0.001068107,-0.000762934,-0.000762934,0.000000000,manual_A_near_upright
real,BALANCE,53.221,-0.003432,0.002265,-0.001108,0.784799999,-0.000063471,-0.000059893,0.000009,7,-0.000011078,-0.001107753,-0.000791252,-0.000791252,0.000000000,manual_A_near_upright
real,BALANCE,53.242,-0.003481,0.002365,-0.001132,0.784799999,-0.000034970,-0.000060749,0.000009,7,-0.000011324,-0.001132358,-0.000808827,-0.000808827,0.000000000,manual_A_near_upright
real,BALANCE,53.263,-0.003497,0.002425,-0.001139,0.784799999,-0.000006334,-0.000061033,0.000009,7,-0.000011386,-0.001138595,-0.000813282,-0.000813282,0.000000000,manual_A_near_upright
real,BALANCE,53.283,-0.003479,0.002446,-0.001126,0.784799999,0.000023574,-0.000060717,0.000009,7,-0.000011258,-0.001125845,-0.000804175,-0.000804175,0.000000000,manual_A_near_upright
real,BALANCE,53.313,-0.003446,0.002429,-0.002998,0.784799999,0.000025695,-0.000060139,0.000009,7,-0.000028128,-0.002812759,-0.002009113,-0.002009113,0.000000000,manual_A_near_upright
real,BALANCE,53.334,-0.003382,0.002369,-0.002367,0.784799999,0.000067176,-0.000059018,0.000009,7,-0.000023671,-0.002367059,-0.001690757,-0.001690757,0.000000000,manual_A_near_upright
real,BALANCE,53.355,-0.003282,0.002269,-0.002429,0.784799999,0.000092456,-0.000057289,0.000009,7,-0.000024288,-0.002428785,-0.001734847,-0.001734847,0.000000000,manual_A_near_upright
real,BALANCE,53.375,-0.003156,0.002133,-0.002408,0.784799999,0.000118198,-0.000055077,0.000009,7,-0.000024081,-0.002408085,-0.001720061,-0.001720061,0.000000000,manual_A_near_upright
real,BALANCE,53.396,-0.002998,0.001960,-0.002268,0.784800000,0.000144730,-0.000052322,0.000009,7,-0.000022681,-0.002268136,-0.001620097,-0.001620097,0.000000000,manual_A_near_upright
real,BALANCE,53.416,-0.002812,0.001753,-0.002189,0.784800000,0.000168063,-0.000049086,0.000009,7,-0.000022292,-0.002229165,-0.001592261,-0.001592261,0.000000000,manual_A_near_upright
real,BALANCE,53.437,-0.002590,0.001502,-0.002066,0.784800000,0.000191191,-0.000045207,0.000009,7,-0.000020662,-0.002066154,-0.001475824,-0.001475824,0.000000000,manual_A_near_upright
real,BALANCE,53.457,-0.002367,0.001246,-0.001945,0.784800000,0.000210167,-0.000041305,0.000009,7,-0.000019453,-0.001945342,-0.001389530,-0.001389530,0.000000000,manual_A_near_upright
real,BALANCE,53.478,-0.002111,0.000950,-0.001814,0.784800000,0.000227898,-0.000036841,0.000009,7,-0.000018142,-0.001814174,-0.001295839,-0.001295839,0.000000000,manual_A_near_upright
real,BALANCE,53.498,-0.001836,0.000631,-0.001656,0.784800000,0.000243688,-0.000032051,0.000009,7,-0.000016560,-0.001656024,-0.001182874,-0.001182874,0.000000000,manual_A_near_upright
real,BALANCE,53.518,-0.001546,0.000290,-0.001507,0.784800000,0.000256676,-0.000026984,0.000009,7,-0.000015066,-0.001506557,-0.001076112,-0.001076112,0.000000000,manual_A_near_upright
real,BALANCE,53.539,-0.001243,-0.000069,-0.001347,0.784800000,0.000267196,-0.000021694,0.000008,7,-0.000013475,-0.001347489,-0.000962492,-0.000962492,0.000000000,manual_A_near_upright
real,BALANCE,53.560,-0.000914,-0.000462,-0.001157,0.784800000,0.000275801,-0.000015948,0.000008,7,-0.000011566,-0.001156578,-0.000826127,-0.000826127,0.000000000,manual_A_near_upright
real,BALANCE,53.580,-0.000610,-0.000827,-0.001014,0.784800000,0.000280335,-0.000010639,0.000008,7,-0.000010144,-0.001014367,-0.000724548,-0.000724548,0.000000000,manual_A_near_upright
real,BALANCE,53.601,-0.000286,-0.001219,-0.000828,0.784800000,0.000283228,-0.000004987,0.000008,7,-0.000008276,-0.000827622,-0.000591159,-0.000591159,0.000000000,manual_A_near_upright
real,BALANCE,53.621,0.000039,-0.001614,-0.000668,0.784800000,0.000282842,0.000000677,0.000008,7,-0.000006678,-0.000667847,-0.000477034,-0.000477034,0.000000000,manual_A_near_upright
real,BALANCE,53.642,0.000361,-0.002010,-0.000485,0.784800000,0.000280283,0.000006302,0.000008,7,-0.000004854,-0.000485434,-0.000346739,-0.000346739,0.000000000,manual_A_near_upright
real,BALANCE,53.672,0.000833,-0.002595,-0.000252,0.784800000,0.000270818,0.000014542,0.000008,7,-0.000002518,-0.000251809,-0.000179864,-0.000179864,0.000000000,manual_A_near_upright
real,BALANCE,53.693,0.001136,-0.002975,-0.000088,0.784800000,0.000261667,0.000019830,0.000008,7,-0.000000881,-0.000088074,-0.000062910,-0.000062910,0.000000000,manual_A_near_upright
real,BALANCE,53.713,0.001427,-0.003342,0.000065,0.784800000,0.000250038,0.000024899,0.000008,7,0.000000655,0.000065499,0.000046785,0.000046785,0.000000000,manual_A_near_upright
real,BALANCE,53.734,0.001702,-0.003694,0.000215,0.784800000,0.000236214,0.000029702,0.000008,7,0.000002146,0.000214648,0.000153320,0.000153320,0.000000000,manual_A_near_upright
real,BALANCE,53.754,0.001959,-0.004027,0.000349,0.784800000,0.000220146,0.000034197,0.000008,7,0.000003488,0.000348823,0.000249159,0.000249159,0.000000000,manual_A_near_upright
real,BALANCE,53.775,0.002197,-0.004339,0.000466,0.784800000,0.000201994,0.000038340,0.000008,7,0.000004660,0.000465970,0.000332836,0.000332836,0.000000000,manual_A_near_upright
real,BALANCE,53.796,0.002412,-0.004626,0.000579,0.784800000,0.000182246,0.000042096,0.000008,7,0.000005794,0.000579427,0.000413877,0.000413877,0.000000000,manual_A_near_upright
real,BALANCE,53.816,0.002603,-0.004886,0.000684,0.784800000,0.000161007,0.000045435,0.000008,7,0.000006840,0.000683975,0.000488554,0.000488554,0.000000000,manual_A_near_upright
real,BALANCE,53.836,0.002769,-0.005118,0.000764,0.784800000,0.000138177,0.000048326,0.000008,7,0.000007638,0.000763823,0.000545588,0.000545588,0.000000000,manual_A_near_upright
real,BALANCE,53.857,0.002908,-0.005318,0.000835,0.784800000,0.000114346,0.000050746,0.000008,7,0.000008353,0.000835297,0.000596641,0.000596641,0.000000000,manual_A_near_upright
real,BALANCE,53.877,0.003018,-0.005487,0.000893,0.784799999,0.000089635,0.000052676,0.000008,7,0.000008928,0.000892817,0.000637726,0.000637726,0.000000000,manual_A_near_upright
real,BALANCE,53.898,0.003100,-0.005621,0.000933,0.784799999,0.000064229,0.000054101,0.000007,7,0.000009332,0.000933206,0.000666576,0.000666576,0.000000000,manual_A_near_upright
real,BALANCE,53.918,0.003152,-0.005721,0.000959,0.784799999,0.000038428,0.000055012,0.000007,7,0.000009589,0.000958889,0.000684921,0.000684921,0.000000000,manual_A_near_upright
real,BALANCE,53.939,0.003174,-0.005786,0.000969,0.784799999,0.000012457,0.000055404,0.000007,7,0.000009687,0.000968720,0.000691943,0.000691943,0.000000000,manual_A_near_upright
real,BALANCE,53.959,0.003167,-0.005815,0.000963,0.784799999,-0.000013437,0.000055278,0.000007,7,0.000009628,0.000962777,0.000687698,0.000687698,0.000000000,manual_A_near_upright
real,BALANCE,53.980,0.003145,-0.005816,0.002187,0.784799999,-0.000013143,0.000054896,0.000007,7,0.000011045,0.001104500,0.000788929,0.000788929,0.000000000,manual_A_near_upright
real,BALANCE,54.001,0.003124,-0.005795,0.002723,0.784799999,-0.000028444,0.000054525,0.000007,7,0.000027225,0.002722540,0.001944672,0.001944672,0.000000000,manual_A_near_upright
real,BALANCE,54.022,0.003058,-0.005732,0.002121,0.784799999,-0.000066489,0.000053375,0.000007,7,0.000021206,0.002120556,0.001514683,0.001514683,0.000000000,manual_A_near_upright
real,BALANCE,54.042,0.002965,-0.005635,0.002307,0.784800000,-0.000086565,0.000051746,0.000007,7,0.000023073,0.002307340,0.001648100,0.001648100,0.000000000,manual_A_near_upright
real,BALANCE,54.063,0.002846,-0.005506,0.002240,0.784800000,-0.000110855,0.000049674,0.000007,7,0.000022400,0.002239973,0.001599981,0.001599981,0.000000000,manual_A_near_upright
real,BALANCE,54.083,0.002698,-0.005343,0.002100,0.784800000,-0.000135014,0.000047097,0.000007,7,0.000021003,0.002100264,0.001500189,0.001500189,0.000000000,manual_A_near_upright
real,BALANCE,54.104,0.002527,-0.005149,0.002047,0.784800000,-0.000155611,0.000044096,0.000007,7,0.000020468,0.002046798,0.001461998,0.001461998,0.000000000,manual_A_near_upright
real,BALANCE,54.134,0.002226,-0.004806,0.001870,0.784800000,-0.000184925,0.000038846,0.000007,7,0.000018699,0.001869942,0.001335673,0.001335673,0.000000000,manual_A_near_upright
real,BALANCE,54.155,0.002000,-0.004544,0.001753,0.784800000,-0.000201798,0.000034900,0.000007,7,0.000017531,0.001753128,0.001252234,0.001252234,0.000000000,manual_A_near_upright
real,BALANCE,54.175,0.001756,-0.004260,0.001622,0.784800000,-0.000216717,0.000030644,0.000007,7,0.000016224,0.001622430,0.001158879,0.001158879,0.000000000,manual_A_near_upright
real,BALANCE,54.196,0.001497,-0.003955,0.001483,0.784800000,-0.000229468,0.000026121,0.000007,7,0.000014832,0.001483240,0.001059457,0.001059457,0.000000000,manual_A_near_upright
real,BALANCE,54.216,0.001225,-0.003633,0.001339,0.784800000,-0.000239908,0.000021376,0.000007,7,0.000014119,0.001411870,0.001008479,0.001008479,0.000000000,manual_A_near_upright
real,BALANCE,54.237,0.000943,-0.003296,0.001189,0.784800000,-0.000248001,0.000016457,0.000007,7,0.000011889,0.001188897,0.000849212,0.000849212,0.000000000,manual_A_near_upright
real,BALANCE,54.257,0.000654,-0.002949,0.001029,0.784800000,-0.000253815,0.000011409,0.000007,7,0.000010286,0.001028559,0.000734685,0.000734685,0.000000000,manual_A_near_upright
real,BALANCE,54.278,0.000360,-0.002594,0.000874,0.784800000,-0.000257009,0.000006282,0.000007,7,0.000008739,0.000873877,0.000624198,0.000624198,0.000000000,manual_A_near_upright
real,BALANCE,54.298,0.000064,-0.002234,0.000714,0.784800000,-0.000257839,0.000001125,0.000006,7,0.000007136,0.000713638,0.000509742,0.000509742,0.000000000,manual_A_near_upright
real,BALANCE,54.319,-0.000230,-0.001873,0.000567,0.784800000,-0.000255950,-0.000004009,0.000006,7,0.000005670,0.000567046,0.000405033,0.000405033,0.000000000,manual_A_near_upright
real,BALANCE,54.339,-0.000520,-0.001514,0.000406,0.784800000,-0.000251998,-0.000009075,0.000006,7,0.000004063,0.000406326,0.000290233,0.000290233,0.000000000,manual_A_near_upright
real,BALANCE,54.360,-0.000803,-0.001160,0.000267,0.784800000,-0.000245320,-0.000014022,0.000006,7,0.000002670,0.000266990,0.000190707,0.000190707,0.000000000,manual_A_near_upright
real,BALANCE,54.380,-0.001077,-0.000816,0.000122,0.784800000,-0.000236607,-0.000018805,0.000006,7,0.000001218,0.000121835,0.000087025,0.000087025,0.000000000,manual_A_near_upright
real,BALANCE,54.401,-0.001340,-0.000482,-0.000017,0.784800000,-0.000225731,-0.000023384,0.000006,7,-0.000000174,-0.000017447,-0.000012462,-0.000012462,0.000000000,manual_A_near_upright
real,BALANCE,54.422,-0.001588,-0.000164,-0.000146,0.784800000,-0.000212748,-0.000027713,0.000006,7,-0.000001464,-0.000146406,-0.000104576,-0.000104576,0.000000000,manual_A_near_upright
real,BALANCE,54.442,-0.001819,0.000137,-0.000268,0.784800000,-0.000197882,-0.000031756,0.000006,7,-0.000002679,-0.000267948,-0.000191391,-0.000191391,0.000000000,manual_A_near_upright
real,BALANCE,54.463,-0.002033,0.000418,-0.000379,0.784800000,-0.000181253,-0.000035475,0.000006,7,-0.000003792,-0.000379238,-0.000270884,-0.000270884,0.000000000,manual_A_near_upright
real,BALANCE,54.483,-0.002225,0.000676,-0.000484,0.784800000,-0.000163130,-0.000038840,0.000006,7,-0.000004841,-0.000484099,-0.000345785,-0.000345785,0.000000000,manual_A_near_upright
real,BALANCE,54.504,-0.002396,0.000910,-0.000568,0.784800000,-0.000143402,-0.000041819,0.000006,7,-0.000005676,-0.000567625,-0.000405446,-0.000405446,0.000000000,manual_A_near_upright
real,BALANCE,54.525,-0.002543,0.001117,-0.000646,0.784800000,-0.000122618,-0.000044388,0.000006,7,-0.000006457,-0.000645713,-0.000461224,-0.000461224,0.000000000,manual_A_near_upright
real,BALANCE,54.545,-0.002666,0.001296,-0.000709,0.784800000,-0.000100807,-0.000046525,0.000006,7,-0.000007093,-0.000709290,-0.000506635,-0.000506635,0.000000000,manual_A_near_upright
real,BALANCE,54.566,-0.002763,0.001445,-0.000758,0.784800000,-0.000078179,-0.000048215,0.000006,7,-0.000007580,-0.000757996,-0.000541426,-0.000541426,0.000000000,manual_A_near_upright
real,BALANCE,54.586,-0.002833,0.001564,-0.000791,0.784800000,-0.000054945,-0.000049442,0.000006,7,-0.000007906,-0.000790560,-0.000564686,-0.000564686,0.000000000,manual_A_near_upright
real,BALANCE,54.607,-0.002876,0.001650,-0.000813,0.784800000,-0.000031461,-0.000050201,0.000006,7,-0.000008134,-0.000813384,-0.000580989,-0.000580989,0.000000000,manual_A_near_upright
real,BALANCE,54.627,-0.002893,0.001705,-0.000820,0.784800000,-0.000007810,-0.000050487,0.000006,7,-0.000008197,-0.000819739,-0.000585528,-0.000585528,0.000000000,manual_A_near_upright
real,BALANCE,54.648,-0.002882,0.001727,-0.000812,0.784800000,0.000015728,-0.000050302,0.000006,7,-0.000008122,-0.000812194,-0.000580138,-0.000580138,0.000000000,manual_A_near_upright
real,BALANCE,54.668,-0.002865,0.001727,-0.002273,0.784800000,0.000008289,-0.000050005,0.000006,7,-0.000022735,-0.002273475,-0.001623911,-0.001623911,0.000000000,manual_A_near_upright
real,BALANCE,54.688,-0.002846,0.001706,-0.002534,0.784800000,0.000027260,-0.000049681,0.000006,7,-0.000025340,-0.002534005,-0.001810003,-0.001810003,0.000000000,manual_A_near_upright
real,BALANCE,54.709,-0.002784,0.001645,-0.001988,0.784800000,0.000061846,-0.000048590,0.000006,7,-0.000019882,-0.001988163,-0.001420117,-0.001420117,0.000000000,manual_A_near_upright
real,BALANCE,54.729,-0.002698,0.001554,-0.002185,0.784800000,0.000079620,-0.000047095,0.000006,7,-0.000021854,-0.002185357,-0.001560969,-0.001560969,0.000000000,manual_A_near_upright
real,BALANCE,54.750,-0.002588,0.001432,-0.002085,0.784800000,0.000102569,-0.000045176,0.000006,7,-0.000020854,-0.002085382,-0.001489559,-0.001489559,0.000000000,manual_A_near_upright
real,BALANCE,54.771,-0.002453,0.001281,-0.001983,0.784800000,0.000124041,-0.000042806,0.000006,7,-0.000019835,-0.001983453,-0.001416752,-0.001416752,0.000000000,manual_A_near_upright
real,BALANCE,54.791,-0.002295,0.001101,-0.001923,0.784800000,0.000143053,-0.000040049,0.000005,7,-0.000019225,-0.001922511,-0.001373222,-0.001373222,0.000000000,manual_A_near_upright
real,BALANCE,54.811,-0.002115,0.000896,-0.001817,0.784800000,0.000161257,-0.000036921,0.000005,7,-0.000018169,-0.001816855,-0.001297753,-0.001297753,0.000000000,manual_A_near_upright
real,BALANCE,54.832,-0.001917,0.000666,-0.001710,0.784800000,0.000177576,-0.000033456,0.000005,7,-0.000017102,-0.001710242,-0.001221601,-0.001221601,0.000000000,manual_A_near_upright
real,BALANCE,54.852,-0.001701,0.000414,-0.001588,0.784800000,0.000192205,-0.000029689,0.000005,7,-0.000015882,-0.001588233,-0.001134452,-0.001134452,0.000000000,manual_A_near_upright
real,BALANCE,54.873,-0.001470,0.000142,-0.001474,0.784800000,0.000204560,-0.000025662,0.000005,7,-0.000014741,-0.001474126,-0.001052947,-0.001052947,0.000000000,manual_A_near_upright
real,BALANCE,54.893,-0.001227,-0.000146,-0.001343,0.784800000,0.000215102,-0.000021415,0.000005,7,-0.000013427,-0.001342712,-0.000959080,-0.000959080,0.000000000,manual_A_near_upright
real,BALANCE,54.914,-0.000973,-0.000449,-0.001207,0.784800000,0.000223500,-0.000016987,0.000005,7,-0.000012067,-0.001206667,-0.000861905,-0.000861905,0.000000000,manual_A_near_upright
real,BALANCE,54.934,-0.000712,-0.000763,-0.001065,0.784800000,0.000229740,-0.000012422,0.000005,7,-0.000010650,-0.001064995,-0.000760711,-0.000760711,0.000000000,manual_A_near_upright
real,BALANCE,54.955,-0.000445,-0.001086,-0.000929,0.784800000,0.000233585,-0.000007768,0.000005,7,-0.000009288,-0.000928812,-0.000663437,-0.000663437,0.000000000,manual_A_near_upright
real,BALANCE,54.975,-0.000176,-0.001414,-0.000784,0.784800000,0.000235347,-0.000003067,0.000005,7,-0.000007836,-0.000783621,-0.000559730,-0.000559730,0.000000000,manual_A_near_upright
real,BALANCE,54.997,0.000094,-0.001745,-0.000641,0.784800000,0.000234800,0.000001636,0.000005,7,-0.000006414,-0.000641420,-0.000458157,-0.000458157,0.000000000,manual_A_near_upright
real,BALANCE,55.017,0.000361,-0.002075,-0.000501,0.784800000,0.000232031,0.000006296,0.000005,7,-0.000005007,-0.000500655,-0.000357611,-0.000357611,0.000000000,manual_A_near_upright
real,BALANCE,55.037,0.000623,-0.002401,-0.000358,0.784800000,0.000227167,0.000010870,0.000005,7,-0.000003585,-0.000358499,-0.000256071,-0.000256071,0.000000000,manual_A_near_upright
real,BALANCE,55.058,0.000877,-0.002721,-0.000230,0.784800000,0.000219985,0.000015313,0.000005,7,-0.000002304,-0.000230384,-0.000164560,-0.000164560,0.000000000,manual_A_near_upright
real,BALANCE,55.088,0.001240,-0.003182,-0.000037,0.784800000,0.000205684,0.000021645,0.000005,7,-0.000000369,-0.000036929,-0.000026378,-0.000026378,0.000000000,manual_A_near_upright
real,BALANCE,55.109,0.001466,-0.003473,0.000081,0.784800000,0.000193731,0.000025588,0.000005,7,0.000000807,0.000080660,0.000057614,0.000057614,0.000000000,manual_A_near_upright
real,BALANCE,55.130,0.001677,-0.003748,0.000191,0.784800000,0.000180059,0.000029267,0.000005,7,0.000001912,0.000191186,0.000136561,0.000136561,0.000000000,manual_A_near_upright
real,BALANCE,55.150,0.001871,-0.004004,0.000292,0.784800000,0.000164785,0.000032650,0.000005,7,0.000002924,0.000292444,0.000208888,0.000208888,0.000000000,manual_A_near_upright
real,BALANCE,55.171,0.002046,-0.004240,0.000388,0.784800000,0.000148153,0.000035706,0.000005,7,0.000003877,0.000387718,0.000276941,0.000276941,0.000000000,manual_A_near_upright
real,BALANCE,55.191,0.002201,-0.004453,0.000463,0.784800000,0.000130062,0.000038409,0.000005,7,0.000004635,0.000463499,0.000331071,0.000331071,0.000000000,manual_A_near_upright
real,BALANCE,55.212,0.002334,-0.004642,0.000532,0.784800000,0.000110978,0.000040735,0.000005,7,0.000005323,0.000532322,0.000380230,0.000380230,0.000000000,manual_A_near_upright
real,BALANCE,55.233,0.002445,-0.004804,0.000590,0.784800000,0.000091011,0.000042667,0.000005,7,0.000005902,0.000590214,0.000421581,0.000421581,0.000000000,manual_A_near_upright
real,BALANCE,55.253,0.002532,-0.004940,0.000634,0.784800000,0.000070302,0.000044188,0.000005,7,0.000006340,0.000634033,0.000452881,0.000452881,0.000000000,manual_A_near_upright
real,BALANCE,55.275,0.002595,-0.005047,0.000666,0.784800000,0.000049101,0.000045287,0.000005,7,0.000006658,0.000665774,0.000475553,0.000475553,0.000000000,manual_A_near_upright
real,BALANCE,55.296,0.002633,-0.005125,0.000685,0.784800000,0.000027608,0.000045958,0.000005,7,0.000006852,0.000685194,0.000489424,0.000489424,0.000000000,manual_A_near_upright
real,BALANCE,55.316,0.002647,-0.005174,0.000689,0.784800000,0.000005974,0.000046196,0.000005,7,0.000006895,0.000689488,0.000492491,0.000492491,0.000000000,manual_A_near_upright
real,BALANCE,55.337,0.002636,-0.005193,0.000682,0.784800000,-0.000015520,0.000046004,0.000005,7,0.000006824,0.000682389,0.000487421,0.000487421,0.000000000,manual_A_near_upright
real,BALANCE,55.358,0.002621,-0.005193,0.002143,0.784800000,-0.000006127,0.000045749,0.000004,7,0.000021432,0.002143196,0.001530854,0.001530854,0.000000000,manual_A_near_upright
real,BALANCE,55.378,0.002606,-0.005174,0.002395,0.784800000,-0.000023327,0.000045489,0.000004,7,0.000023953,0.002395315,0.001710939,0.001710939,0.000000000,manual_A_near_upright
real,BALANCE,55.399,0.002550,-0.005119,0.001873,0.784800000,-0.000055564,0.000044513,0.000004,7,0.000018732,0.001873225,0.001338018,0.001338018,0.000000000,manual_A_near_upright
real,BALANCE,55.419,0.002473,-0.005035,0.002074,0.784800000,-0.000071510,0.000043169,0.000004,7,0.000020743,0.002074337,0.001481670,0.001481670,0.000000000,manual_A_near_upright
real,BALANCE,55.440,0.002374,-0.004925,0.001972,0.784800000,-0.000092880,0.000041436,0.000004,7,0.000019717,0.001971716,0.001408368,0.001408368,0.000000000,manual_A_near_upright
real,BALANCE,55.461,0.002251,-0.004786,0.001877,0.784800000,-0.000112675,0.000039284,0.000004,7,0.000018775,0.001877459,0.001341042,0.001341042,0.000000000,manual_A_near_upright
real,BALANCE,55.492,0.002028,-0.004530,0.001779,0.784800000,-0.000138697,0.000035393,0.000004,7,0.000017788,0.001778783,0.001270559,0.001270559,0.000000000,manual_A_near_upright
real,BALANCE,55.512,0.001855,-0.004330,0.001676,0.784800000,-0.000154751,0.000032382,0.000004,7,0.000016763,0.001676265,0.001197332,0.001197332,0.000000000,manual_A_near_upright
real,BALANCE,55.533,0.001666,-0.004109,0.001581,0.784800000,-0.000168859,0.000029080,0.000004,7,0.000015813,0.001581265,0.001129475,0.001129475,0.000000000,manual_A_near_upright
real,BALANCE,55.554,0.001462,-0.003869,0.001470,0.784800000,-0.000181423,0.000025518,0.000004,7,0.000014700,0.001470037,0.001050026,0.001050026,0.000000000,manual_A_near_upright
real,BALANCE,55.575,0.001245,-0.003611,0.001354,0.784800000,-0.000192121,0.000021731,0.000004,7,0.000013539,0.001353852,0.000967037,0.000967037,0.000000000,manual_A_near_upright
real,BALANCE,55.595,0.001017,-0.003340,0.001233,0.784800000,-0.000200889,0.000017758,0.000004,7,0.000012330,0.001233039,0.000880742,0.000880742,0.000000000,manual_A_near_upright
real,BALANCE,55.616,0.000781,-0.003056,0.001102,0.784800000,-0.000207808,0.000013637,0.000004,7,0.000011016,0.001101584,0.000786845,0.000786845,0.000000000,manual_A_near_upright
real,BALANCE,55.636,0.000539,-0.002763,0.000974,0.784800000,-0.000212556,0.000009409,0.000004,7,0.000009737,0.000973673,0.000695480,0.000695480,0.000000000,manual_A_near_upright
real,BALANCE,55.657,0.000293,-0.002463,0.000850,0.784800000,-0.000215133,0.000005117,0.000004,7,0.000008495,0.000849514,0.000606796,0.000606796,0.000000000,manual_A_near_upright
real,BALANCE,55.678,0.000046,-0.002160,0.000717,0.784800000,-0.000215809,0.000000801,0.000004,7,0.000007173,0.000717288,0.000512349,0.000512349,0.000000000,manual_A_near_upright
real,BALANCE,55.698,-0.000201,-0.001856,0.000581,0.784800000,-0.000214535,-0.000003500,0.000004,7,0.000005805,0.000580547,0.000414676,0.000414676,0.000000000,manual_A_near_upright
real,BALANCE,55.719,-0.000444,-0.001554,0.000459,0.784800000,-0.000210947,-0.000007742,0.000004,7,0.000004594,0.000459380,0.000328129,0.000328129,0.000000000,manual_A_near_upright
real,BALANCE,55.740,-0.000681,-0.001256,0.000334,0.784800000,-0.000205544,-0.000011886,0.000004,7,0.000003341,0.000334096,0.000238640,0.000238640,0.000000000,manual_A_near_upright
real,BALANCE,55.760,-0.000911,-0.000966,0.000212,0.784800000,-0.000198259,-0.000015894,0.000004,7,0.000002118,0.000211794,0.000151282,0.000151282,0.000000000,manual_A_near_upright
real,BALANCE,55.781,-0.001131,-0.000685,0.000094,0.784800000,-0.000189166,-0.000019732,0.000004,7,0.000000940,0.000093970,0.000067121,0.000067121,0.000000000,manual_A_near_upright
real,BALANCE,55.801,-0.001338,-0.000417,-0.000010,0.784800000,-0.000178206,-0.000023358,0.000004,7,-0.000000103,-0.000010285,-0.000007346,-0.000007346,0.000000000,manual_A_near_upright
real,BALANCE,55.822,-0.001532,-0.000163,-0.000114,0.784800000,-0.000165790,-0.000026745,0.000004,7,-0.000001142,-0.000114150,-0.000045163,-0.000045163,0.000000000,manual_A_near_upright
real,BALANCE,55.843,-0.001711,0.000073,-0.000207,0.784800000,-0.000151843,-0.000029861,0.000004,7,-0.000002071,-0.000207056,-0.000147897,-0.000147897,0.000000000,manual_A_near_upright
real,BALANCE,55.863,-0.001872,0.000291,-0.000293,0.784800000,-0.000136614,-0.000032680,0.000004,7,-0.000002933,-0.000293332,-0.000209523,-0.000209523,0.000000000,manual_A_near_upright
real,BALANCE,55.884,-0.002015,0.000488,-0.000364,0.784800000,-0.000120093,-0.000035174,0.000004,7,-0.000003641,-0.000364053,-0.000260038,-0.000260038,0.000000000,manual_A_near_upright
real,BALANCE,55.905,-0.002139,0.000663,-0.000429,0.784800000,-0.000102669,-0.000037325,0.000004,7,-0.000004294,-0.000429391,-0.000306708,-0.000306708,0.000000000,manual_A_near_upright
real,BALANCE,55.925,-0.002241,0.000814,-0.000482,0.784800000,-0.000084367,-0.000039115,0.000004,7,-0.000004819,-0.000481916,-0.000344226,-0.000344226,0.000000000,manual_A_near_upright
real,BALANCE,55.946,-0.002322,0.000940,-0.000523,0.784800000,-0.000065405,-0.000040528,0.000004,7,-0.000005230,-0.000523019,-0.000373585,-0.000373585,0.000000000,manual_A_near_upright
real,BALANCE,55.967,-0.002381,0.001040,-0.000553,0.784800000,-0.000045976,-0.000041555,0.000004,7,-0.000005528,-0.000552766,-0.000394833,-0.000394833,0.000000000,manual_A_near_upright
real,BALANCE,55.987,-0.002417,0.001113,-0.000571,0.784800000,-0.000026271,-0.000042189,0.000004,7,-0.000005713,-0.000571292,-0.000408066,-0.000408066,0.000000000,manual_A_near_upright
real,BALANCE,56.009,-0.002431,0.001160,-0.000576,0.784800000,-0.000006427,-0.000042427,0.000004,7,-0.000005759,-0.000575939,-0.000411385,-0.000411385,0.000000000,manual_A_near_upright
real,BALANCE,56.029,-0.002422,0.001179,-0.000570,0.784800000,0.000013308,-0.000042269,0.000004,7,-0.000005697,-0.000569688,-0.000406920,-0.000406920,0.000000000,manual_A_near_upright
real,BALANCE,56.049,-0.002408,0.001180,-0.001888,0.784800000,0.000005087,-0.000042023,0.000004,7,-0.000018884,-0.001888354,-0.001348824,-0.001348824,0.000000000,manual_A_near_upright
real,BALANCE,56.070,-0.002398,0.001166,-0.002291,0.784800000,0.000017356,-0.000041847,0.000003,7,-0.000022912,-0.002291245,-0.001636604,-0.001636604,0.000000000,manual_A_near_upright
real,BALANCE,56.090,-0.002351,0.001118,-0.001794,0.784800000,0.000047566,-0.000041030,0.000003,7,-0.000017941,-0.001794082,-0.001281487,-0.001281487,0.000000000,manual_A_near_upright
real,BALANCE,56.111,-0.002283,0.001044,-0.001950,0.784800000,0.000063021,-0.000039850,0.000003,7,-0.000019498,-0.001949837,-0.001392741,-0.001392741,0.000000000,manual_A_near_upright
real,BALANCE,56.131,-0.002195,0.000945,-0.001884,0.784800000,0.000082274,-0.000038317,0.000003,7,-0.000018839,-0.001883938,-0.001345670,-0.001345670,0.000000000,manual_A_near_upright
real,BALANCE,56.152,-0.002085,0.000820,-0.001793,0.784800000,0.000100799,-0.000036397,0.000003,7,-0.000017934,-0.001793401,-0.001281001,-0.001281001,0.000000000,manual_A_near_upright
real,BALANCE,56.172,-0.001956,0.000671,-0.001743,0.784800000,0.000117152,-0.000034143,0.000003,7,-0.000017430,-0.001742973,-0.001244980,-0.001244980,0.000000000,manual_A_near_upright
real,BALANCE,56.193,-0.001809,0.000500,-0.001659,0.784800000,0.000132764,-0.000031572,0.000003,7,-0.000016587,-0.001658731,-0.001184808,-0.001184808,0.000000000,manual_A_near_upright
real,BALANCE,56.213,-0.001645,0.000308,-0.001570,0.784800000,0.000146892,-0.000028709,0.000003,7,-0.000015698,-0.001569771,-0.001121265,-0.001121265,0.000000000,manual_A_near_upright
real,BALANCE,56.234,-0.001466,0.000097,-0.001475,0.784800000,0.000159461,-0.000025586,0.000003,7,-0.000014750,-0.001475012,-0.001053580,-0.001053580,0.000000000,manual_A_near_upright
real,BALANCE,56.254,-0.001274,-0.000131,-0.001372,0.784800000,0.000170448,-0.000022235,0.000003,7,-0.000013716,-0.001371555,-0.000979682,-0.000979682,0.000000000,manual_A_near_upright
real,BALANCE,56.275,-0.001071,-0.000373,-0.001263,0.784800000,0.000179704,-0.000018689,0.000003,7,-0.000012631,-0.001263147,-0.000902248,-0.000902248,0.000000000,manual_A_near_upright
real,BALANCE,56.296,-0.000858,-0.000628,-0.001147,0.784800000,0.000187233,-0.000014981,0.000003,7,-0.000011471,-0.001147113,-0.000819367,-0.000819367,0.000000000,manual_A_near_upright
real,BALANCE,56.316,-0.000639,-0.000893,-0.001035,0.784800000,0.000192770,-0.000011154,0.000003,7,-0.000010349,-0.001034917,-0.000739226,-0.000739226,0.000000000,manual_A_near_upright
real,BALANCE,56.346,-0.000302,-0.001305,-0.000854,0.784800000,0.000197732,-0.000005263,0.000003,7,-0.000008536,-0.000853599,-0.000609713,-0.000609713,0.000000000,manual_A_near_upright
real,BALANCE,56.367,-0.000074,-0.001584,-0.000734,0.784800000,0.000198620,-0.000001292,0.000003,7,-0.000007337,-0.000733742,-0.000524102,-0.000524102,0.000000000,manual_A_near_upright
real,BALANCE,56.387,0.000153,-0.001865,-0.000613,0.784800000,0.000197632,0.000002669,0.000003,7,-0.000006134,-0.000613439,-0.000438171,-0.000438171,0.000000000,manual_A_near_upright
real,BALANCE,56.418,0.000488,-0.002283,-0.000437,0.784800000,0.000192648,0.000008511,0.000003,7,-0.000004367,-0.000436709,-0.000311935,-0.000311935,0.000000000,manual_A_near_upright
real,BALANCE,56.448,0.000809,-0.002689,-0.000267,0.784800000,0.000183620,0.000014125,0.000003,7,-0.000002673,-0.000267256,-0.000190897,-0.000190897,0.000000000,manual_A_near_upright
real,BALANCE,56.469,0.001013,-0.002950,-0.000160,0.784800000,0.000175470,0.000017682,0.000003,7,-0.000001601,-0.000160110,-0.000114365,-0.000114365,0.000000000,manual_A_near_upright
real,BALANCE,56.489,0.001206,-0.003199,-0.000059,0.784800000,0.000165719,0.000021052,0.000003,7,-0.000000588,-0.000058754,-0.000041967,-0.000041967,0.000000000,manual_A_near_upright
real,BALANCE,56.510,0.001387,-0.003436,0.000036,0.784800000,0.000154472,0.000024206,0.000003,7,0.000000359,0.000035910,0.000025650,0.000025650,0.000000000,manual_A_near_upright
real,BALANCE,56.531,0.001554,-0.003657,0.000123,0.784800000,0.000141847,0.000027115,0.000003,7,0.000001230,0.000123025,0.000087875,0.000087875,0.000000000,manual_A_near_upright
real,BALANCE,56.552,0.001705,-0.003861,0.000202,0.784800000,0.000127974,0.000029753,0.000003,7,0.000002018,0.000201832,0.000144166,0.000144166,0.000000000,manual_A_near_upright
real,BALANCE,56.572,0.001839,-0.004046,0.000272,0.784800000,0.000112995,0.000032097,0.000003,7,0.000002717,0.000271654,0.000194038,0.000194038,0.000000000,manual_A_near_upright
real,BALANCE,56.592,0.001955,-0.004210,0.000332,0.784800000,0.000097059,0.000034127,0.000003,7,0.000003319,0.000331896,0.000237069,0.000237069,0.000000000,manual_A_near_upright
real,BALANCE,56.613,0.002053,-0.004353,0.000382,0.784800000,0.000080325,0.000035827,0.000003,7,0.000003821,0.000382066,0.000272904,0.000272904,0.000000000,manual_A_near_upright
real,BALANCE,56.633,0.002130,-0.004474,0.000422,0.784800000,0.000062957,0.000037182,0.000003,7,0.000004218,0.000421771,0.000301265,0.000301265,0.000000000,manual_A_near_upright
real,BALANCE,56.654,0.002188,-0.004570,0.000451,0.784800000,0.000045124,0.000038184,0.000003,7,0.000004507,0.000450711,0.000321937,0.000321937,0.000000000,manual_A_near_upright
real,BALANCE,56.675,0.002224,-0.004642,0.000469,0.784800000,0.000026996,0.000038824,0.000003,7,0.000004687,0.000468701,0.000334786,0.000334786,0.000000000,manual_A_near_upright
real,BALANCE,56.695,0.002240,-0.004689,0.000476,0.784800000,0.000008758,0.000039099,0.000003,7,0.000004761,0.000476086,0.000340061,0.000340061,0.000000000,manual_A_near_upright
real,BALANCE,56.716,0.002235,-0.004712,0.000472,0.784800000,-0.000009447,0.000039010,0.000003,7,0.000004715,0.000471536,0.000336811,0.000336811,0.000000000,manual_A_near_upright
real,BALANCE,56.736,0.002219,-0.004713,0.001350,0.784800000,-0.000008826,0.000038733,0.000003,7,0.000013498,0.001349832,0.000964165,0.000964165,0.000000000,manual_A_near_upright
real,BALANCE,56.757,0.002214,-0.004705,0.002267,0.784800000,-0.000008562,0.000038650,0.000003,7,0.000022670,0.002266989,0.001619278,0.001619278,0.000000000,manual_A_near_upright
real,BALANCE,56.787,0.002153,-0.004639,0.001738,0.784800000,-0.000047133,0.000037575,0.000003,7,0.000017384,0.001738414,0.001241725,0.001241725,0.000000000,manual_A_near_upright
real,BALANCE,56.808,0.002087,-0.004565,0.001859,0.784800000,-0.000061774,0.000036424,0.000003,7,0.000018589,0.001858880,0.001327771,0.001327771,0.000000000,manual_A_near_upright
real,BALANCE,56.828,0.002001,-0.004466,0.001764,0.784800000,-0.000080049,0.000034926,0.000003,7,0.000017637,0.001763723,0.001259802,0.001259802,0.000000000,manual_A_near_upright
real,BALANCE,56.849,0.001895,-0.004345,0.001701,0.784800000,-0.000096454,0.000033082,0.000003,7,0.000017013,0.001701346,0.001215247,0.001215247,0.000000000,manual_A_near_upright
real,BALANCE,56.870,0.001772,-0.004202,0.001647,0.784800000,-0.000111443,0.000030935,0.000003,7,0.000016471,0.001647129,0.001176521,0.001176521,0.000000000,manual_A_near_upright
real,BALANCE,56.900,0.001557,-0.003949,0.001524,0.784800000,-0.000132186,0.000027179,0.000003,7,0.000015242,0.001524235,0.001088739,0.001088739,0.000000000,manual_A_near_upright
real,BALANCE,56.920,0.001396,-0.003758,0.001439,0.784800000,-0.000144180,0.000024359,0.000003,7,0.000014395,0.001439488,0.001028206,0.001028206,0.000000000,manual_A_near_upright
real,BALANCE,56.941,0.001222,-0.003551,0.001346,0.784800000,-0.000154756,0.000021319,0.000003,7,0.000013455,0.001345514,0.000961081,0.000961081,0.000000000,manual_A_near_upright
real,BALANCE,56.962,0.001037,-0.003329,0.001247,0.784800000,-0.000163757,0.000018091,0.000003,7,0.000012465,0.001246539,0.000890385,0.000890385,0.000000000,manual_A_near_upright
real,BALANCE,56.982,0.000843,-0.003095,0.001143,0.784800000,-0.000171118,0.000014706,0.000003,7,0.000011433,0.001143252,0.000816609,0.000816609,0.000000000,manual_A_near_upright
real,BALANCE,57.002,0.000642,-0.002852,0.001036,0.784800000,-0.000176796,0.000011199,0.000003,7,0.000010362,0.001036156,0.000740111,0.000740111,0.000000000,manual_A_near_upright
real,BALANCE,57.023,0.000436,-0.002601,0.000927,0.784800000,-0.000180742,0.000007603,0.000002,7,0.000009267,0.000926661,0.000661901,0.000661901,0.000000000,manual_A_near_upright
real,BALANCE,57.044,0.000226,-0.002344,0.000816,0.784800000,-0.000182937,0.000003953,0.000002,7,0.000008157,0.000815712,0.000582651,0.000582651,0.000000000,manual_A_near_upright
real,BALANCE,57.064,0.000016,-0.002085,0.000704,0.784800000,-0.000183374,0.000000285,0.000002,7,0.000007044,0.000704361,0.000503115,0.000503115,0.000000000,manual_A_near_upright
real,BALANCE,57.085,-0.000193,-0.001825,0.000594,0.784800000,-0.000182064,-0.000003366,0.000002,7,0.000005936,0.000593647,0.000424034,0.000424034,0.000000000,manual_A_near_upright
real,BALANCE,57.105,-0.000399,-0.001567,0.000485,0.784800000,-0.000179033,-0.000006967,0.000002,7,0.000004847,0.000484706,0.000346219,0.000346219,0.000000000,manual_A_near_upright
real,BALANCE,57.125,-0.000601,-0.001312,0.000378,0.784800000,-0.000174324,-0.000010482,0.000002,7,0.000003785,0.000378489,0.000270349,0.000270349,0.000000000,manual_A_near_upright
real,BALANCE,57.146,-0.000795,-0.001065,0.000276,0.784800000,-0.000167997,-0.000013879,0.000002,7,0.000002760,0.000275983,0.000197131,0.000197131,0.000000000,manual_A_near_upright
real,BALANCE,57.166,-0.000981,-0.000825,0.000178,0.784800000,-0.000160124,-0.000017128,0.000002,7,0.000001781,0.000178142,0.000127244,0.000127244,0.000000000,manual_A_near_upright
real,BALANCE,57.187,-0.001157,-0.000597,0.000086,0.784800000,-0.000150791,-0.000020197,0.000002,7,0.000000858,0.000085844,0.000061317,0.000061317,0.000000000,manual_A_near_upright
real,BALANCE,57.208,-0.001321,-0.000381,-0.000000,0.784800000,-0.000140100,-0.000023060,0.000002,7,-0.000000001,-0.000000077,-0.000000055,-0.000000055,0.000000000,manual_A_near_upright
real,BALANCE,57.238,-0.001542,-0.000085,-0.000115,0.784800000,-0.000121763,-0.000026912,0.000002,7,-0.000001154,-0.000115356,-0.000082397,-0.000082397,0.000000000,manual_A_near_upright
real,BALANCE,57.259,-0.001670,0.000091,-0.000182,0.784800000,-0.000108188,-0.000029152,0.000002,7,-0.000001822,-0.000182164,-0.000130117,-0.000130117,0.000000000,manual_A_near_upright
real,BALANCE,57.279,-0.001782,0.000249,-0.000240,0.784800000,-0.000093690,-0.000031107,0.000002,7,-0.000002403,-0.000240262,-0.000171616,-0.000171616,0.000000000,manual_A_near_upright
real,BALANCE,57.300,-0.001877,0.000387,-0.000289,0.784800000,-0.000078413,-0.000032761,0.000002,7,-0.000002892,-0.000289168,-0.000206548,-0.000206548,0.000000000,manual_A_near_upright
real,BALANCE,57.320,-0.001954,0.000505,-0.000328,0.784800000,-0.000062509,-0.000034099,0.000002,7,-0.000003285,-0.000328490,-0.000234636,-0.000234636,0.000000000,manual_A_near_upright
real,BALANCE,57.341,-0.002012,0.000600,-0.000358,0.784800000,-0.000046131,-0.000035113,0.000002,7,-0.000003579,-0.000357932,-0.000255666,-0.000255666,0.000000000,manual_A_near_upright
real,BALANCE,57.362,-0.002051,0.000673,-0.000377,0.784800000,-0.000029439,-0.000035794,0.000002,7,-0.000003773,-0.000377292,-0.000269494,-0.000269494,0.000000000,manual_A_near_upright
real,BALANCE,57.382,-0.002071,0.000724,-0.000386,0.784800000,-0.000012592,-0.000036138,0.000002,7,-0.000003865,-0.000386463,-0.000276045,-0.000276045,0.000000000,manual_A_near_upright
real,BALANCE,57.402,-0.002071,0.000751,-0.000385,0.784800000,0.000004250,-0.000036146,0.000002,7,-0.000003854,-0.000385436,-0.000275311,-0.000275311,0.000000000,manual_A_near_upright
real,BALANCE,57.423,-0.002055,0.000756,-0.000686,0.784800000,0.000014394,-0.000035864,0.000002,7,-0.000006860,-0.000685954,-0.000489967,-0.000489967,0.000000000,manual_A_near_upright
real,BALANCE,57.443,-0.002053,0.000754,-0.002181,0.784800000,0.000000276,-0.000035832,0.000002,7,-0.000021805,-0.002180517,-0.001557512,-0.001557512,0.000000000,manual_A_near_upright
real,BALANCE,57.464,-0.002033,0.000729,-0.001786,0.784800000,0.000026255,-0.000035482,0.000002,7,-0.000017859,-0.001785940,-0.001275671,-0.001275671,0.000000000,manual_A_near_upright
real,BALANCE,57.485,-0.001986,0.000678,-0.001687,0.784800000,0.000044898,-0.000034658,0.000002,7,-0.000016869,-0.001686949,-0.001204963,-0.001204963,0.000000000,manual_A_near_upright
real,BALANCE,57.505,-0.001923,0.000605,-0.001774,0.784800000,0.000058950,-0.000033565,0.000002,7,-0.000017742,-0.001774215,-0.001267296,-0.001267296,0.000000000,manual_A_near_upright
real,BALANCE,57.525,-0.001841,0.000510,-0.001671,0.784800000,0.000076112,-0.000032136,0.000002,7,-0.000016710,-0.001671031,-0.001193594,-0.001193594,0.000000000,manual_A_near_upright
real,BALANCE,57.546,-0.001741,0.000394,-0.001625,0.784800000,0.000090961,-0.000030394,0.000002,7,-0.000016253,-0.001625291,-0.001160922,-0.001160922,0.000000000,manual_A_near_upright
real,BALANCE,57.566,-0.001626,0.000258,-0.001569,0.784800000,0.000104865,-0.000028373,0.000002,7,-0.000015691,-0.001569140,-0.001120814,-0.001120814,0.000000000,manual_A_near_upright
real,BALANCE,57.587,-0.001495,0.000103,-0.001492,0.784800000,0.000117912,-0.000026084,0.000002,7,-0.000014923,-0.001492305,-0.001065932,-0.001065932,0.000000000,manual_A_near_upright
real,BALANCE,57.608,-0.001350,-0.000069,-0.001416,0.784800000,0.000129550,-0.000023555,0.000002,7,-0.000014163,-0.001416340,-0.001011671,-0.001011671,0.000000000,manual_A_near_upright
real,BALANCE,57.628,-0.001192,-0.000256,-0.001332,0.784800000,0.000139898,-0.000020812,0.000002,7,-0.000013319,-0.001331942,-0.000951387,-0.000951387,0.000000000,manual_A_near_upright
real,BALANCE,57.648,-0.001025,-0.000458,-0.001242,0.784800000,0.000148832,-0.000017882,0.000002,7,-0.000012416,-0.001241626,-0.000886876,-0.000886876,0.000000000,manual_A_near_upright
real,BALANCE,57.669,-0.000848,-0.000671,-0.001147,0.784800000,0.000156258,-0.000014795,0.000002,7,-0.000011474,-0.001147411,-0.000819579,-0.000819579,0.000000000,manual_A_near_upright
real,BALANCE,57.689,-0.000664,-0.000895,-0.001049,0.784800000,0.000162141,-0.000011582,0.000002,7,-0.000010492,-0.001049215,-0.000749439,-0.000749439,0.000000000,manual_A_near_upright
real,BALANCE,57.710,-0.000474,-0.001126,-0.000948,0.784800000,0.000166429,-0.000008274,0.000002,7,-0.000009484,-0.000948366,-0.000677404,-0.000677404,0.000000000,manual_A_near_upright
real,BALANCE,57.730,-0.000281,-0.001363,-0.000846,0.784800000,0.000169096,-0.000004904,0.000002,7,-0.000008458,-0.000845835,-0.000604168,-0.000604168,0.000000000,manual_A_near_upright
real,BALANCE,57.751,-0.000086,-0.001604,-0.000740,0.784800000,0.000170187,-0.000001503,0.000002,7,-0.000007398,-0.000739772,-0.000528409,-0.000528409,0.000000000,manual_A_near_upright
real,BALANCE,57.772,0.000108,-0.001846,-0.000641,0.784800000,0.000169505,0.000001894,0.000002,7,-0.000006410,-0.000640958,-0.000457827,-0.000457827,0.000000000,manual_A_near_upright
real,BALANCE,57.792,0.000301,-0.002087,-0.000537,0.784800000,0.000167345,0.000005255,0.000002,7,-0.000005372,-0.000537227,-0.000383733,-0.000383733,0.000000000,manual_A_near_upright
real,BALANCE,57.813,0.000490,-0.002325,-0.000438,0.784800000,0.000163563,0.000008550,0.000002,7,-0.000004378,-0.000437843,-0.000312745,-0.000312745,0.000000000,manual_A_near_upright
real,BALANCE,57.833,0.000673,-0.002558,-0.000342,0.784800000,0.000158257,0.000011747,0.000002,7,-0.000003416,-0.000341554,-0.000243967,-0.000243967,0.000000000,manual_A_near_upright
real,BALANCE,57.854,0.000849,-0.002784,-0.000249,0.784800000,0.000151498,0.000014816,0.000002,7,-0.000002488,-0.000248811,-0.000177722,-0.000177722,0.000000000,manual_A_near_upright
real,BALANCE,57.874,0.001016,-0.003001,-0.000161,0.784800000,0.000143346,0.000017730,0.000002,7,-0.000001612,-0.000161173,-0.000115124,-0.000115124,0.000000000,manual_A_near_upright
real,BALANCE,57.894,0.001172,-0.003206,-0.000079,0.784800000,0.000133897,0.000020462,0.000002,7,-0.000000791,-0.000079099,-0.000056499,-0.000056499,0.000000000,manual_A_near_upright
real,BALANCE,57.915,0.001317,-0.003399,-0.000003,0.784800000,0.000123249,0.000022988,0.000002,7,-0.000000034,-0.000003371,-0.000002408,-0.000002408,0.000000000,manual_A_near_upright
real,BALANCE,57.935,0.001449,-0.003577,0.000068,0.784800000,0.000111578,0.000025285,0.000002,7,0.000000685,0.000068451,0.000048894,0.000048894,0.000000000,manual_A_near_upright
real,BALANCE,57.956,0.001566,-0.003739,0.000126,0.784800000,0.000098797,0.000027333,0.000002,7,0.000001260,0.000126026,0.000090019,0.000090019,0.000000000,manual_A_near_upright
real,BALANCE,57.977,0.001668,-0.003884,0.000179,0.784800000,0.000085250,0.000029114,0.000002,7,0.000001789,0.000178885,0.000127775,0.000127775,0.000000000,manual_A_near_upright
real,BALANCE,57.997,0.001754,-0.004011,0.000224,0.784800000,0.000071014,0.000030613,0.000002,7,0.000002240,0.000223995,0.000159997,0.000159997,0.000000000,manual_A_near_upright
real,BALANCE,58.017,0.001823,-0.004118,0.000259,0.784800000,0.000056185,0.000031820,0.000002,7,0.000002590,0.000258963,0.000184973,0.000184973,0.000000000,manual_A_near_upright
real,BALANCE,58.038,0.001875,-0.004204,0.000285,0.784800000,0.000040946,0.000032723,0.000002,7,0.000002853,0.000285280,0.000203772,0.000203772,0.000000000,manual_A_near_upright
real,BALANCE,58.059,0.001909,-0.004270,0.000302,0.784800000,0.000025430,0.000033317,0.000002,7,0.000003022,0.000302151,0.000215822,0.000215822,0.000000000,manual_A_near_upright
real,BALANCE,58.089,0.001926,-0.004329,0.000310,0.784800000,0.000001962,0.000033623,0.000002,7,0.000003096,0.000309564,0.000221117,0.000221117,0.000000000,manual_A_near_upright
real,BALANCE,58.110,0.001916,-0.004341,0.000303,0.784800000,-0.000013592,0.000033436,0.000002,7,0.000003028,0.000302778,0.000216270,0.000216270,0.000000000,manual_A_near_upright
real,BALANCE,58.140,0.001908,-0.004339,0.002124,0.784800000,0.000000862,0.000033306,0.000002,7,0.000021242,0.002124180,0.001517271,0.001517271,0.000000000,manual_A_near_upright
real,BALANCE,58.161,0.001889,-0.004314,0.001680,0.784800000,-0.000024970,0.000032973,0.000002,7,0.000016800,0.001679964,0.001199975,0.001199975,0.000000000,manual_A_near_upright
real,BALANCE,58.191,0.001818,-0.004234,0.001702,0.784800000,-0.000047429,0.000031736,0.000002,7,0.000017021,0.001702088,0.001215777,0.001215777,0.000000000,manual_A_near_upright
real,BALANCE,58.212,0.001751,-0.004155,0.001649,0.784800000,-0.000062999,0.000030567,0.000002,7,0.000016489,0.001648888,0.001177777,0.001177777,0.000000000,manual_A_near_upright
real,BALANCE,58.232,0.001666,-0.004055,0.001577,0.784800000,-0.000077984,0.000029085,0.000002,7,0.000015768,0.001576777,0.001126269,0.001126269,0.000000000,manual_A_near_upright
real,BALANCE,58.253,0.001566,-0.003937,0.001540,0.784800000,-0.000091173,0.000027333,0.000002,7,0.000015404,0.001540392,0.001100280,0.001100280,0.000000000,manual_A_near_upright
real,BALANCE,58.283,0.001388,-0.003725,0.001437,0.784800000,-0.000109800,0.000024229,0.000002,7,0.000014369,0.001436891,0.001026351,0.001026351,0.000000000,manual_A_near_upright
real,BALANCE,58.303,0.001253,-0.003564,0.001366,0.784800000,-0.000120648,0.000021873,0.000002,7,0.000013664,0.001366366,0.000975976,0.000975976,0.000000000,manual_A_near_upright
real,BALANCE,58.323,0.001107,-0.003388,0.001288,0.784800000,-0.000130301,0.000019318,0.000002,7,0.000012875,0.001287547,0.000919676,0.000919676,0.000000000,manual_A_near_upright
real,BALANCE,58.344,0.000950,-0.003200,0.001203,0.784800000,-0.000138631,0.000016589,0.000002,7,0.000012034,0.001203433,0.000859595,0.000859595,0.000000000,manual_A_near_upright
real,BALANCE,58.365,0.000786,-0.003000,0.001116,0.784800000,-0.000145556,0.000013714,0.000002,7,0.000011156,0.001115644,0.000796889,0.000796889,0.000000000,manual_A_near_upright
real,BALANCE,58.395,0.000526,-0.002684,0.000977,0.784800000,-0.000153229,0.000009189,0.000002,7,0.000009774,0.000977376,0.000698126,0.000698126,0.000000000,manual_A_near_upright
real,BALANCE,58.416,0.000348,-0.002464,0.000883,0.784800000,-0.000156473,0.000006075,0.000002,7,0.000008825,0.000882524,0.000630374,0.000630374,0.000000000,manual_A_near_upright
real,BALANCE,58.446,0.000076,-0.002128,0.000738,0.784800000,-0.000158495,0.000001333,0.000002,7,0.000007383,0.000738336,0.000527383,0.000527383,0.000000000,manual_A_near_upright
real,BALANCE,58.467,-0.000105,-0.001902,0.000642,0.784800000,-0.000157944,-0.000001832,0.000002,7,0.000006423,0.000642288,0.000458777,0.000458777,0.000000000,manual_A_near_upright
real,BALANCE,58.487,-0.000284,-0.001676,0.000547,0.784800000,-0.000155893,-0.000004963,0.000001,7,0.000005474,0.000547402,0.000391001,0.000391001,0.000000000,manual_A_near_upright
real,BALANCE,58.508,-0.000460,-0.001454,0.000455,0.784800000,-0.000152374,-0.000008033,0.000001,7,0.000004546,0.000454556,0.000324683,0.000324683,0.000000000,manual_A_near_upright
real,BALANCE,58.529,-0.000631,-0.001236,0.000365,0.784800000,-0.000147433,-0.000011011,0.000001,7,0.000003646,0.000364594,0.000260424,0.000260424,0.000000000,manual_A_near_upright
real,BALANCE,58.549,-0.000795,-0.001025,0.000278,0.784800000,-0.000141129,-0.000013871,0.000001,7,0.000002784,0.000278359,0.000198828,0.000198828,0.000000000,manual_A_near_upright
real,BALANCE,58.569,-0.000950,-0.000823,0.000197,0.784800000,-0.000133531,-0.000016585,0.000001,7,0.000002369,0.000236886,0.000169204,0.000169204,0.000000000,manual_A_near_upright
real,BALANCE,58.590,-0.001096,-0.000631,0.000120,0.784800000,-0.000124723,-0.000019130,0.000001,7,0.000001202,0.000120156,0.000085826,0.000085826,0.000000000,manual_A_near_upright
real,BALANCE,58.611,-0.001231,-0.000450,0.000050,0.784800000,-0.000114798,-0.000021482,0.000001,7,0.000000496,0.000049610,0.000035436,0.000035436,0.000000000,manual_A_near_upright
real,BALANCE,58.631,-0.001353,-0.000284,-0.000014,0.784800000,-0.000103858,-0.000023621,0.000001,7,-0.000000144,-0.000014385,-0.000010275,-0.000010275,0.000000000,manual_A_near_upright
real,BALANCE,58.651,-0.001463,-0.000132,-0.000071,0.784800000,-0.000092014,-0.000025528,0.000001,7,-0.000000713,-0.000071272,-0.000050909,-0.000050909,0.000000000,manual_A_near_upright
real,BALANCE,58.672,-0.001558,0.000003,-0.000121,0.784800000,-0.000079387,-0.000027187,0.000001,7,-0.000001206,-0.000120570,-0.000069212,-0.000069212,0.000000000,manual_A_near_upright
real,BALANCE,58.692,-0.001638,0.000121,-0.000162,0.784800000,-0.000066100,-0.000028583,0.000001,7,-0.000001619,-0.000161871,-0.000115622,-0.000115622,0.000000000,manual_A_near_upright
real,BALANCE,58.713,-0.001702,0.000221,-0.000195,0.784800000,-0.000052286,-0.000029705,0.000001,7,-0.000001948,-0.000194846,-0.000139175,-0.000139175,0.000000000,manual_A_near_upright
real,BALANCE,58.734,-0.001750,0.000302,-0.000219,0.784800000,-0.000038079,-0.000030545,0.000001,7,-0.000002192,-0.000219246,-0.000156604,-0.000156604,0.000000000,manual_A_near_upright
real,BALANCE,58.754,-0.001782,0.000364,-0.000235,0.784800000,-0.000023615,-0.000031098,0.000001,7,-0.000002349,-0.000234908,-0.000167791,-0.000167791,0.000000000,manual_A_near_upright
real,BALANCE,58.774,-0.001797,0.000406,-0.000242,0.784800000,-0.000009033,-0.000031359,0.000001,7,-0.000002417,-0.000241748,-0.000172677,-0.000172677,0.000000000,manual_A_near_upright
real,BALANCE,58.795,-0.001795,0.000427,-0.000240,0.784800000,0.000005528,-0.000031328,0.000001,7,-0.000002398,-0.000239769,-0.000171263,-0.000171263,0.000000000,manual_A_near_upright
real,BALANCE,58.815,-0.001780,0.000431,-0.000628,0.784800000,0.000011577,-0.000031072,0.000001,7,-0.000006283,-0.000628349,-0.000448821,-0.000448821,0.000000000,manual_A_near_upright
real,BALANCE,58.836,-0.001781,0.000429,-0.001976,0.784800000,-0.000001639,-0.000031078,0.000001,7,-0.000019759,-0.001975898,-0.001411356,-0.001411356,0.000000000,manual_A_near_upright
real,BALANCE,58.857,-0.001766,0.000408,-0.001656,0.784800000,0.000020587,-0.000030820,0.000001,7,-0.000016562,-0.001656236,-0.001183026,-0.001183026,0.000000000,manual_A_near_upright
real,BALANCE,58.877,-0.001727,0.000364,-0.001558,0.784800000,0.000037205,-0.000030141,0.000001,7,-0.000015576,-0.001557593,-0.001112567,-0.001112567,0.000000000,manual_A_near_upright
real,BALANCE,58.898,-0.001675,0.000301,-0.001638,0.784800000,0.000049478,-0.000029226,0.000001,7,-0.000016379,-0.001637920,-0.001169943,-0.001169943,0.000000000,manual_A_near_upright
real,BALANCE,58.919,-0.001605,0.000219,-0.001550,0.784800000,0.000064525,-0.000028018,0.000001,7,-0.000015499,-0.001549904,-0.001107074,-0.001107074,0.000000000,manual_A_near_upright
real,BALANCE,58.949,-0.001472,0.000060,-0.001491,0.784800000,0.000083768,-0.000025700,0.000001,7,-0.000014906,-0.001490644,-0.001064746,-0.001064746,0.000000000,manual_A_near_upright
real,BALANCE,58.969,-0.001366,-0.000066,-0.001429,0.784800000,0.000095757,-0.000023849,0.000001,7,-0.000014290,-0.001429047,-0.001020748,-0.001020748,0.000000000,manual_A_near_upright
real,BALANCE,58.990,-0.001248,-0.000209,-0.001364,0.784800000,0.000106660,-0.000021774,0.000001,7,-0.000013636,-0.001363645,-0.000974032,-0.000974032,0.000000000,manual_A_near_upright
real,BALANCE,59.010,-0.001117,-0.000366,-0.001295,0.784800000,0.000116393,-0.000019498,0.000001,7,-0.000012949,-0.001294913,-0.000924938,-0.000924938,0.000000000,manual_A_near_upright
real,BALANCE,59.031,-0.000977,-0.000536,-0.001219,0.784800000,0.000124976,-0.000017043,0.000001,7,-0.000012188,-0.001218762,-0.000870545,-0.000870545,0.000000000,manual_A_near_upright
real,BALANCE,59.052,-0.000827,-0.000717,-0.001139,0.784800000,0.000132275,-0.000014436,0.000001,7,-0.000011389,-0.001138854,-0.000813467,-0.000813467,0.000000000,manual_A_near_upright
real,BALANCE,59.072,-0.000670,-0.000908,-0.001055,0.784800000,0.000138250,-0.000011701,0.000001,7,-0.000010553,-0.001055260,-0.000753757,-0.000753757,0.000000000,manual_A_near_upright
real,BALANCE,59.093,-0.000508,-0.001108,-0.000969,0.784800000,0.000142859,-0.000008867,0.000001,7,-0.000009686,-0.000968630,-0.000691879,-0.000691879,0.000000000,manual_A_near_upright
real,BALANCE,59.113,-0.000342,-0.001313,-0.000880,0.784800000,0.000146064,-0.000005961,0.000001,7,-0.000008801,-0.000880064,-0.000628617,-0.000628617,0.000000000,manual_A_near_upright
real,BALANCE,59.134,-0.000173,-0.001522,-0.000790,0.784800000,0.000147851,-0.000003012,0.000001,7,-0.000007903,-0.000790302,-0.000564502,-0.000564502,0.000000000,manual_A_near_upright
real,BALANCE,59.154,-0.000003,-0.001734,-0.000700,0.784800000,0.000148213,-0.000000047,0.000001,7,-0.000007002,-0.000700221,-0.000500158,-0.000500158,0.000000000,manual_A_near_upright
real,BALANCE,59.175,0.000166,-0.001946,-0.000611,0.784800000,0.000147159,0.000002905,0.000001,7,-0.000006106,-0.000610633,-0.000436167,-0.000436167,0.000000000,manual_A_near_upright
real,BALANCE,59.195,0.000333,-0.002157,-0.000523,0.784800000,0.000144710,0.000005815,0.000001,7,-0.000005225,-0.000522511,-0.000373222,-0.000373222,0.000000000,manual_A_near_upright
real,BALANCE,59.216,0.000496,-0.002364,-0.000437,0.784800000,0.000140902,0.000008656,0.000001,7,-0.000004366,-0.000436582,-0.000311845,-0.000311845,0.000000000,manual_A_near_upright
real,BALANCE,59.237,0.000653,-0.002566,-0.000354,0.784800000,0.000135783,0.000011402,0.000001,7,-0.000003537,-0.000353661,-0.000252615,-0.000252615,0.000000000,manual_A_near_upright
real,BALANCE,59.267,0.000876,-0.002856,-0.000237,0.784800000,0.000125777,0.000015287,0.000001,7,-0.000002366,-0.000236585,-0.000168990,-0.000168990,0.000000000,manual_A_near_upright
real,BALANCE,59.287,0.001013,-0.003037,-0.000164,0.784800000,0.000117662,0.000017687,0.000001,7,-0.000001999,-0.000199864,-0.000142760,-0.000142760,0.000000000,manual_A_near_upright
real,BALANCE,59.309,0.001141,-0.003207,-0.000098,0.784800000,0.000108491,0.000019909,0.000001,7,-0.000000978,-0.000097760,-0.000069829,-0.000069829,0.000000000,manual_A_near_upright
real,BALANCE,59.330,0.001257,-0.003365,-0.000037,0.784800000,0.000098358,0.000021933,0.000001,7,-0.000000372,-0.000037155,-0.000026539,-0.000026539,0.000000000,manual_A_near_upright
real,BALANCE,59.350,0.001360,-0.003509,0.000017,0.784800000,0.000087367,0.000023742,0.000001,7,0.000000169,0.000016856,0.000012040,0.000012040,0.000000000,manual_A_near_upright
real,BALANCE,59.371,0.001451,-0.003638,0.000064,0.784800000,0.000075629,0.000025321,0.000001,7,0.000000638,0.000063813,0.000045580,0.000045580,0.000000000,manual_A_near_upright
real,BALANCE,59.392,0.001527,-0.003751,0.000103,0.784800000,0.000063260,0.000026655,0.000001,7,0.000001033,0.000103323,0.000073802,0.000073802,0.000000000,manual_A_near_upright
real,BALANCE,59.412,0.001589,-0.003847,0.000135,0.784800000,0.000050383,0.000027734,0.000001,7,0.000001351,0.000135076,0.000096483,0.000096483,0.000000000,manual_A_near_upright
real,BALANCE,59.433,0.001636,-0.003925,0.000159,0.784800000,0.000037123,0.000028550,0.000001,7,0.000001588,0.000158824,0.000113446,0.000113446,0.000000000,manual_A_near_upright
real,BALANCE,59.453,0.001667,-0.003985,0.000174,0.784800000,0.000023608,0.000029097,0.000001,7,0.000001744,0.000174409,0.000124578,0.000124578,0.000000000,manual_A_near_upright
real,BALANCE,59.474,0.001683,-0.004027,0.000182,0.784800000,0.000009968,0.000029371,0.000001,7,0.000001817,0.000181740,0.000129814,0.000129814,0.000000000,manual_A_near_upright
real,BALANCE,59.494,0.001683,-0.004049,0.000181,0.784800000,-0.000003668,0.000029373,0.000001,7,0.000001808,0.000180816,0.000129154,0.000129154,0.000000000,manual_A_near_upright
real,BALANCE,59.515,0.001669,-0.004054,0.000376,0.784800000,-0.000012892,0.000029132,0.000001,7,0.000003755,0.000375548,0.000268248,0.000268248,0.000000000,manual_A_near_upright
real,BALANCE,59.535,0.001668,-0.004054,0.001786,0.784800000,0.000002802,0.000029113,0.000001,7,0.000017861,0.001786061,0.001275758,0.001275758,0.000000000,manual_A_near_upright
real,BALANCE,59.556,0.001661,-0.004038,0.001695,0.784800000,-0.000013823,0.000028982,0.000001,7,0.000016953,0.001695252,0.001210894,0.001210894,0.000000000,manual_A_near_upright
real,BALANCE,59.577,0.001628,-0.004000,0.001477,0.784800000,-0.000032258,0.000028411,0.000001,7,0.000014773,0.001477326,0.001055233,0.001055233,0.000000000,manual_A_near_upright
real,BALANCE,59.598,0.001582,-0.003944,0.001587,0.784800000,-0.000043207,0.000027611,0.000001,7,0.000015871,0.001587147,0.001133677,0.001133677,0.000000000,manual_A_near_upright
real,BALANCE,59.619,0.001521,-0.003870,0.001514,0.784800000,-0.000057361,0.000026543,0.000001,7,0.000015136,0.001513602,0.001081145,0.001081145,0.000000000,manual_A_near_upright
real,BALANCE,59.639,0.001444,-0.003779,0.001467,0.784800000,-0.000070078,0.000025208,0.000001,7,0.000014665,0.001466515,0.001047511,0.001047511,0.000000000,manual_A_near_upright
real,BALANCE,59.660,0.001354,-0.003670,0.001429,0.784800000,-0.000081677,0.000023637,0.000001,7,0.000014285,0.001428548,0.001020391,0.001020391,0.000000000,manual_A_near_upright
real,BALANCE,59.680,0.001251,-0.003546,0.001367,0.784800000,-0.000092743,0.000021842,0.000001,7,0.000013671,0.001367078,0.000976484,0.000976484,0.000000000,manual_A_near_upright
real,BALANCE,59.701,0.001137,-0.003408,0.001306,0.784800000,-0.000102681,0.000019841,0.000001,7,0.000013061,0.001306142,0.000932958,0.000932958,0.000000000,manual_A_near_upright
real,BALANCE,59.721,0.001012,-0.003256,0.001236,0.784800000,-0.000111619,0.000017656,0.000001,7,0.000012365,0.001236465,0.000883190,0.000883190,0.000000000,manual_A_near_upright
real,BALANCE,59.742,0.000877,-0.003092,0.001167,0.784800000,-0.000119307,0.000015310,0.000001,7,0.000011670,0.001166988,0.000833563,0.000833563,0.000000000,manual_A_near_upright
real,BALANCE,59.763,0.000735,-0.002919,0.001089,0.784800000,-0.000125878,0.000012826,0.000001,7,0.000010892,0.001089236,0.000778026,0.000778026,0.000000000,manual_A_near_upright
real,BALANCE,59.784,0.000586,-0.002736,0.001012,0.784800000,-0.000131112,0.000010231,0.000001,7,0.000010120,0.001011990,0.000722850,0.000722850,0.000000000,manual_A_near_upright
real,BALANCE,59.804,0.000432,-0.002547,0.000929,0.784800000,-0.000135116,0.000007548,0.000001,7,0.000009292,0.000929156,0.000663683,0.000663683,0.000000000,manual_A_near_upright
real,BALANCE,59.825,0.000275,-0.002352,0.000846,0.784800000,-0.000137775,0.000004805,0.000001,7,0.000008456,0.000845636,0.000604025,0.000604025,0.000000000,manual_A_near_upright
real,BALANCE,59.845,0.000116,-0.002154,0.000761,0.784800000,-0.000139096,0.000002028,0.000001,7,0.000007613,0.000761275,0.000543768,0.000543768,0.000000000,manual_A_near_upright
real,BALANCE,59.866,-0.000043,-0.001954,0.000677,0.784800000,-0.000139084,-0.000000756,0.000001,7,0.000006766,0.000676588,0.000483277,0.000483277,0.000000000,manual_A_near_upright
real,BALANCE,59.887,-0.000202,-0.001754,0.000593,0.784800000,-0.000137742,-0.000003520,0.000001,7,0.000005928,0.000592751,0.000423394,0.000423394,0.000000000,manual_A_near_upright
real,BALANCE,59.907,-0.000357,-0.001556,0.000510,0.784800000,-0.000135098,-0.000006239,0.000001,7,0.000005104,0.000510423,0.000393826,0.000393826,0.000000000,manual_A_near_upright
real,BALANCE,59.928,-0.000509,-0.001362,0.000428,0.784800000,-0.000131230,-0.000008888,0.000001,7,0.000004282,0.000428160,0.000305829,0.000305829,0.000000000,manual_A_near_upright
real,BALANCE,59.948,-0.000655,-0.001173,0.000355,0.784800000,-0.000126028,-0.000011439,0.000001,7,0.000003545,0.000354540,0.000253243,0.000253243,0.000000000,manual_A_near_upright
real,BALANCE,59.969,-0.000795,-0.000992,0.000280,0.784800000,-0.000119770,-0.000013870,0.000001,7,0.000002797,0.000279724,0.000199803,0.000199803,0.000000000,manual_A_near_upright
real,BALANCE,59.989,-0.000926,-0.000818,0.000211,0.784800000,-0.000112382,-0.000016160,0.000001,7,0.000002110,0.000211010,0.000150721,0.000150721,0.000000000,manual_A_near_upright
real,BALANCE,60.010,-0.001048,-0.000655,0.000147,0.784800000,-0.000103983,-0.000018288,0.000001,7,0.000001473,0.000147323,0.000105231,0.000105231,0.000000000,manual_A_near_upright
real,BALANCE,60.031,-0.001159,-0.000504,0.000089,0.784800000,-0.000094665,-0.000020234,0.000001,7,0.000000889,0.000088851,0.000063465,0.000063465,0.000000000,manual_A_near_upright
real,BALANCE,60.051,-0.001259,-0.000365,0.000037,0.784800000,-0.000084513,-0.000021981,0.000001,7,0.000000367,0.000036681,0.000026201,0.000026201,0.000000000,manual_A_near_upright
real,BALANCE,60.072,-0.001347,-0.000240,-0.000009,0.784800000,-0.000073635,-0.000023515,0.000001,7,-0.000000090,-0.000009003,-0.000006431,-0.000006431,0.000000000,manual_A_near_upright
real,BALANCE,60.092,-0.001422,-0.000130,-0.000048,0.784800000,-0.000062138,-0.000024822,0.000001,7,-0.000000478,-0.000047784,-0.000034132,-0.000034132,0.000000000,manual_A_near_upright
real,BALANCE,60.113,-0.001484,-0.000036,-0.000080,0.784800000,-0.000050156,-0.000025892,0.000001,7,-0.000000803,-0.000080308,-0.000057363,-0.000057363,0.000000000,manual_A_near_upright
real,BALANCE,60.133,-0.001531,0.000042,-0.000103,0.784800000,-0.000037734,-0.000026716,0.000001,7,-0.000001028,-0.000102831,-0.000073451,-0.000073451,0.000000000,manual_A_near_upright
real,BALANCE,60.154,-0.001563,0.000103,-0.000121,0.784800000,-0.000025109,-0.000027287,0.000001,7,-0.000001208,-0.000120779,-0.000086271,-0.000086271,0.000000000,manual_A_near_upright
real,BALANCE,60.175,-0.001582,0.000146,-0.000129,0.784800000,-0.000012291,-0.000027604,0.000001,7,-0.000001289,-0.000128877,-0.000092055,-0.000092055,0.000000000,manual_A_near_upright
real,BALANCE,60.195,-0.001585,0.000172,-0.000129,0.784800000,0.000000553,-0.000027664,0.000001,7,-0.000001290,-0.000128970,-0.000092121,-0.000092121,0.000000000,manual_A_near_upright
real,BALANCE,60.215,-0.001574,0.000180,-0.000126,0.784800000,0.000013195,-0.000027468,0.000001,7,-0.000001264,-0.000126372,-0.000090266,-0.000090266,0.000000000,manual_A_near_upright
real,BALANCE,60.235,-0.001568,0.000180,-0.001402,0.784800000,-0.000000810,-0.000027372,0.000001,7,-0.000014016,-0.001401596,-0.001001140,-0.001001140,0.000000000,manual_A_near_upright
real,BALANCE,60.256,-0.001568,0.000172,-0.001780,0.784800000,0.000005161,-0.000027374,0.000001,7,-0.000017796,-0.001779617,-0.001271155,-0.001271155,0.000000000,manual_A_near_upright
real,BALANCE,60.277,-0.001544,0.000142,-0.001425,0.784800000,0.000025993,-0.000026950,0.000001,7,-0.000014248,-0.001424752,-0.001017680,-0.001017680,0.000000000,manual_A_near_upright
real,BALANCE,60.298,-0.001505,0.000094,-0.001525,0.784800000,0.000036567,-0.000026272,0.000001,7,-0.000015254,-0.001525394,-0.001089567,-0.001089567,0.000000000,manual_A_near_upright
real,BALANCE,60.318,-0.001453,0.000030,-0.001494,0.784800000,0.000049393,-0.000025360,0.000001,7,-0.000014938,-0.001493827,-0.001067019,-0.001067019,0.000000000,manual_A_near_upright
real,BALANCE,60.339,-0.001386,-0.000052,-0.001429,0.784800000,0.000062134,-0.000024183,0.000001,7,-0.000014286,-0.001428582,-0.001020416,-0.001020416,0.000000000,manual_A_near_upright
real,BALANCE,60.359,-0.001305,-0.000150,-0.001403,0.784800000,0.000073176,-0.000022780,0.000001,7,-0.000014034,-0.001403445,-0.001002460,-0.001002460,0.000000000,manual_A_near_upright
real,BALANCE,60.380,-0.001212,-0.000262,-0.001349,0.784800000,0.000083900,-0.000021160,0.000001,7,-0.000013492,-0.001349163,-0.000963688,-0.000963688,0.000000000,manual_A_near_upright
real,BALANCE,60.401,-0.001108,-0.000389,-0.001291,0.784800000,0.000093676,-0.000019338,0.000001,7,-0.000012909,-0.001290924,-0.000922088,-0.000922088,0.000000000,manual_A_near_upright
real,BALANCE,60.421,-0.000993,-0.000529,-0.001231,0.784800000,0.000102394,-0.000017336,0.000001,7,-0.000012309,-0.001230890,-0.000879207,-0.000879207,0.000000000,manual_A_near_upright
real,BALANCE,60.442,-0.000869,-0.000680,-0.001164,0.784800000,0.000110110,-0.000015175,0.000001,7,-0.000011636,-0.001163607,-0.000831148,-0.000831148,0.000000000,manual_A_near_upright
real,BALANCE,60.462,-0.000738,-0.000841,-0.001093,0.784800000,0.000116688,-0.000012875,0.000001,7,-0.000010930,-0.001093041,-0.000780744,-0.000780744,0.000000000,manual_A_near_upright
real,BALANCE,60.483,-0.000599,-0.001012,-0.001019,0.784800000,0.000122093,-0.000010461,0.000001,7,-0.000010192,-0.001019207,-0.000728005,-0.000728005,0.000000000,manual_A_near_upright
real,BALANCE,60.504,-0.000456,-0.001189,-0.000943,0.784800000,0.000126288,-0.000007956,0.000001,7,-0.000009426,-0.000942558,-0.000673256,-0.000673256,0.000000000,manual_A_near_upright
real,BALANCE,60.524,-0.000309,-0.001372,-0.000864,0.784800000,0.000129240,-0.000005386,0.000001,7,-0.000008641,-0.000864150,-0.000617250,-0.000617250,0.000000000,manual_A_near_upright
real,BALANCE,60.545,-0.000159,-0.001558,-0.000785,0.784800000,0.000130933,-0.000002774,0.000001,7,-0.000007846,-0.000784617,-0.000560441,-0.000560441,0.000000000,manual_A_near_upright
real,BALANCE,60.566,-0.000008,-0.001747,-0.000705,0.784800000,0.000131362,-0.000000147,0.000001,7,-0.000007047,-0.000704734,-0.000503381,-0.000503381,0.000000000,manual_A_near_upright
real,BALANCE,60.586,0.000142,-0.001936,-0.000625,0.784800000,0.000130532,0.000002470,0.000001,7,-0.000006252,-0.000625235,-0.000446596,-0.000446596,0.000000000,manual_A_near_upright
real,BALANCE,60.607,0.000290,-0.002124,-0.000547,0.784800000,0.000128462,0.000005053,0.000001,7,-0.000005470,-0.000546964,-0.000390689,-0.000390689,0.000000000,manual_A_near_upright
real,BALANCE,60.627,0.000434,-0.002309,-0.000471,0.784800000,0.000125183,0.000007577,0.000001,7,-0.000004706,-0.000470586,-0.000336133,-0.000336133,0.000000000,manual_A_near_upright
real,BALANCE,60.647,0.000574,-0.002490,-0.000397,0.784800000,0.000120737,0.000010018,0.000001,7,-0.000003968,-0.000396819,-0.000283442,-0.000283442,0.000000000,manual_A_near_upright
real,BALANCE,60.668,0.000708,-0.002664,-0.000326,0.784800000,0.000115174,0.000012354,0.000001,7,-0.000003264,-0.000326352,-0.000233108,-0.000233108,0.000000000,manual_A_near_upright
real,BALANCE,60.688,0.000834,-0.002831,-0.000260,0.784800000,0.000108556,0.000014563,0.000001,7,-0.000002598,-0.000259815,-0.000185582,-0.000185582,0.000000000,manual_A_near_upright
real,BALANCE,60.709,0.000953,-0.002989,-0.000198,0.784800000,0.000100956,0.000016625,0.000001,7,-0.000001978,-0.000197816,-0.000141297,-0.000141297,0.000000000,manual_A_near_upright
real,BALANCE,60.729,0.001061,-0.003136,-0.000141,0.784800000,0.000092452,0.000018523,0.000001,7,-0.000001409,-0.000140903,-0.000100645,-0.000100645,0.000000000,manual_A_near_upright
real,BALANCE,60.750,0.001160,-0.003272,-0.000090,0.784800000,0.000083132,0.000020238,0.000001,7,-0.000000896,-0.000089577,-0.000063984,-0.000063984,0.000000000,manual_A_near_upright
real,BALANCE,60.771,0.001247,-0.003395,-0.000044,0.784800000,0.000073092,0.000021756,0.000001,7,-0.000000443,-0.000044282,-0.000031630,-0.000031630,0.000000000,manual_A_near_upright
real,BALANCE,60.791,0.001321,-0.003504,-0.000005,0.784800000,0.000062431,0.000023064,0.000001,7,-0.000000054,-0.000005398,-0.000003855,-0.000003855,0.000000000,manual_A_near_upright
real,BALANCE,60.811,0.001384,-0.003598,0.000027,0.784800000,0.000051255,0.000024152,0.000001,7,0.000000268,0.000026754,0.000019110,0.000019110,0.000000000,manual_A_near_upright
real,BALANCE,60.832,0.001433,-0.003678,0.000052,0.784800000,0.000039675,0.000025010,0.000001,7,0.000000519,0.000051921,0.000037086,0.000037086,0.000000000,manual_A_near_upright
real,BALANCE,60.853,0.001469,-0.003741,0.000070,0.784800000,0.000027802,0.000025631,0.000001,7,0.000000699,0.000069920,0.000049943,0.000049943,0.000000000,manual_A_near_upright
real,BALANCE,60.873,0.001490,-0.003788,0.000081,0.784800000,0.000015752,0.000026013,0.000001,7,0.000000806,0.000080633,0.000057595,0.000057595,0.000000000,manual_A_near_upright
real,BALANCE,60.894,0.001498,-0.003818,0.000084,0.784800000,0.000003638,0.000026152,0.000001,7,0.000000840,0.000084013,0.000060009,0.000060009,0.000000000,manual_A_near_upright
real,BALANCE,60.914,0.001493,-0.003832,0.000080,0.784800000,-0.000008425,0.000026050,0.000001,7,0.000000800,0.000079991,0.000057136,0.000057136,0.000000000,manual_A_near_upright
real,BALANCE,60.935,0.001481,-0.003833,0.000758,0.784800000,-0.000006001,0.000025850,0.000001,7,0.000007581,0.000758055,0.000541468,0.000541468,0.000000000,manual_A_near_upright
real,BALANCE,60.955,0.001485,-0.003831,0.001839,0.784800000,0.000003802,0.000025926,0.000001,7,0.000018388,0.001838847,0.001313462,0.001313462,0.000000000,manual_A_near_upright
real,BALANCE,60.975,0.001473,-0.003811,0.001452,0.784800000,-0.000017404,0.000025710,0.000001,7,0.000014525,0.001452475,0.001037482,0.001037482,0.000000000,manual_A_near_upright
real,BALANCE,60.996,0.001441,-0.003772,0.001433,0.784800000,-0.000030068,0.000025157,0.000001,7,0.000014331,0.001433107,0.001023648,0.001023648,0.000000000,manual_A_near_upright
real,BALANCE,61.026,0.001372,-0.003684,0.001445,0.784800000,-0.000047295,0.000023940,0.000001,7,0.000014454,0.001445447,0.001032462,0.001032462,0.000000000,manual_A_near_upright
real,BALANCE,61.047,0.001307,-0.003605,0.001392,0.784800000,-0.000059174,0.000022818,0.000001,7,0.000013920,0.001391978,0.000994270,0.000994270,0.000000000,manual_A_near_upright
real,BALANCE,61.067,0.001231,-0.003512,0.001364,0.784800000,-0.000069715,0.000021481,0.000001,7,0.000013816,0.001381577,0.000986841,0.000986841,0.000000000,manual_A_near_upright
real,BALANCE,61.089,0.001142,-0.003404,0.001312,0.784800000,-0.000079864,0.000019938,0.000001,7,0.000013116,0.001311604,0.000936860,0.000936860,0.000000000,manual_A_near_upright
real,BALANCE,61.109,0.001043,-0.003282,0.001255,0.784800000,-0.000089123,0.000018204,0.000001,7,0.000012552,0.001255191,0.000896565,0.000896565,0.000000000,manual_A_near_upright
real,BALANCE,61.130,0.000934,-0.003149,0.001200,0.784800000,-0.000097313,0.000016302,0.000001,7,0.000012001,0.001200074,0.000857196,0.000857196,0.000000000,manual_A_near_upright
real,BALANCE,61.150,0.000816,-0.003004,0.001136,0.784800000,-0.000104588,0.000014248,0.000001,7,0.000011363,0.001136335,0.000811668,0.000811668,0.000000000,manual_A_near_upright
real,BALANCE,61.171,0.000691,-0.002850,0.001069,0.784800000,-0.000110797,0.000012065,0.000001,7,0.000010688,0.001068801,0.000763430,0.000763430,0.000000000,manual_A_near_upright
real,BALANCE,61.191,0.000560,-0.002688,0.000997,0.784800000,-0.000115911,0.000009772,0.000001,7,0.000010313,0.001031267,0.000736619,0.000736619,0.000000000,manual_A_near_upright
real,BALANCE,61.212,0.000424,-0.002519,0.000927,0.784800000,-0.000119788,0.000007396,0.000001,7,0.000009272,0.000927165,0.000662260,0.000662260,0.000000000,manual_A_near_upright
real,BALANCE,61.232,0.000284,-0.002345,0.000851,0.784800000,-0.000122569,0.000004958,0.000001,7,0.000008515,0.000851499,0.000608214,0.000608214,0.000000000,manual_A_near_upright
real,BALANCE,61.253,0.000142,-0.002168,0.000776,0.784800000,-0.000124125,0.000002482,0.000001,7,0.000007763,0.000776260,0.000554471,0.000554471,0.000000000,manual_A_near_upright
real,BALANCE,61.273,-0.000000,-0.001988,0.000701,0.784800000,-0.000124482,-0.000000008,0.000001,7,0.000007007,0.000700692,0.000500495,0.000500495,0.000000000,manual_A_near_upright
real,BALANCE,61.294,-0.000143,-0.001808,0.000625,0.784800000,-0.000123653,-0.000002488,0.000001,7,0.000006253,0.000625250,0.000446607,0.000446607,0.000000000,manual_A_near_upright
real,BALANCE,61.314,-0.000283,-0.001629,0.000551,0.784800000,-0.000121645,-0.000004934,0.000001,7,0.000005511,0.000551148,0.000393677,0.000393677,0.000000000,manual_A_near_upright
real,BALANCE,61.335,-0.000420,-0.001454,0.000479,0.784800000,-0.000118493,-0.000007323,0.000001,7,0.000004788,0.000478827,0.000342019,0.000342019,0.000000000,manual_A_near_upright
real,BALANCE,61.355,-0.000552,-0.001282,0.000406,0.784800000,-0.000114300,-0.000009633,0.000001,7,0.000004059,0.000405857,0.000289898,0.000289898,0.000000000,manual_A_near_upright
real,BALANCE,61.376,-0.000679,-0.001116,0.000341,0.784800000,-0.000108949,-0.000011844,0.000001,7,0.000003407,0.000340664,0.000243331,0.000243331,0.000000000,manual_A_near_upright
real,BALANCE,61.397,-0.000798,-0.000958,0.000281,0.784800000,-0.000102569,-0.000013932,0.000001,7,0.000002810,0.000280952,0.000200680,0.000200680,0.000000000,manual_A_near_upright
real,BALANCE,61.417,-0.000910,-0.000809,0.000220,0.784800000,-0.000095373,-0.000015881,0.000001,7,0.000002202,0.000220202,0.000157287,0.000157287,0.000000000,manual_A_near_upright
real,BALANCE,61.438,-0.001013,-0.000669,0.000167,0.784800000,-0.000087263,-0.000017672,0.000001,7,0.000001671,0.000167079,0.000119342,0.000119342,0.000000000,manual_A_near_upright
real,BALANCE,61.459,-0.001105,-0.000541,0.000119,0.784800000,-0.000078396,-0.000019290,0.000001,7,0.000001187,0.000118736,0.000084811,0.000084811,0.000000000,manual_A_near_upright
real,BALANCE,61.479,-0.001187,-0.000424,0.000075,0.784800000,-0.000068878,-0.000020721,0.000001,7,0.000000746,0.000074595,0.000053282,0.000053282,0.000000000,manual_A_near_upright
real,BALANCE,61.500,-0.001258,-0.000321,0.000040,0.784800000,-0.000058704,-0.000021952,0.000001,7,0.000000401,0.000040053,0.000028609,0.000028609,0.000000000,manual_A_near_upright
real,BALANCE,61.520,-0.001316,-0.000232,0.000009,0.784800000,-0.000048109,-0.000022973,0.000001,7,0.000000090,0.000008959,0.000006400,0.000006400,0.000000000,manual_A_near_upright
real,BALANCE,61.541,-0.001362,-0.000157,-0.000015,0.784800000,-0.000037112,-0.000023777,0.000001,7,-0.000000145,-0.000014511,-0.000010365,-0.000010365,0.000000000,manual_A_near_upright
real,BALANCE,61.562,-0.001396,-0.000097,-0.000032,0.784800000,-0.000025853,-0.000024356,0.000001,7,-0.000000317,-0.000031730,-0.000022664,-0.000022664,0.000000000,manual_A_near_upright
real,BALANCE,61.582,-0.001416,-0.000053,-0.000041,0.784800000,-0.000014405,-0.000024707,0.000001,7,-0.000000408,-0.000040783,-0.000029131,-0.000029131,0.000000000,manual_A_near_upright
real,BALANCE,61.602,-0.001423,-0.000025,-0.000044,0.784800000,-0.000002931,-0.000024829,0.000001,7,-0.000000443,-0.000044275,-0.000031625,-0.000031625,0.000000000,manual_A_near_upright
real,BALANCE,61.623,-0.001416,-0.000012,-0.000040,0.784800000,0.000008509,-0.000024722,0.000000,7,-0.000000399,-0.000039946,-0.000028533,-0.000028533,0.000000000,manual_A_near_upright
real,BALANCE,61.643,-0.001406,-0.000011,-0.000718,0.784800000,0.000005479,-0.000024533,0.000000,7,-0.000007179,-0.000717887,-0.000512776,-0.000512776,0.000000000,manual_A_near_upright
real,BALANCE,61.664,-0.001410,-0.000013,-0.001769,0.784800000,-0.000004338,-0.000024614,0.000000,7,-0.000017693,-0.001769316,-0.001263797,-0.001263797,0.000000000,manual_A_near_upright
real,BALANCE,61.685,-0.001400,-0.000031,-0.001427,0.784800000,0.000015356,-0.000024432,0.000000,7,-0.000014268,-0.001426843,-0.001019173,-0.001019173,0.000000000,manual_A_near_upright
real,BALANCE,61.705,-0.001371,-0.000068,-0.001395,0.784800000,0.000027746,-0.000023925,0.000000,7,-0.000013948,-0.001394784,-0.000996274,-0.000996274,0.000000000,manual_A_near_upright
real,BALANCE,61.726,-0.001331,-0.000119,-0.001451,0.784800000,0.000037857,-0.000023231,0.000000,7,-0.000014509,-0.001450941,-0.001036386,-0.001036386,0.000000000,manual_A_near_upright
real,BALANCE,61.746,-0.001277,-0.000186,-0.001377,0.784800000,0.000050081,-0.000022295,0.000000,7,-0.000013771,-0.001377132,-0.000983666,-0.000983666,0.000000000,manual_A_near_upright
real,BALANCE,61.767,-0.001211,-0.000268,-0.001350,0.784800000,0.000060567,-0.000021139,0.000000,7,-0.000013502,-0.001350199,-0.000964428,-0.000964428,0.000000000,manual_A_near_upright
real,BALANCE,61.788,-0.001133,-0.000364,-0.001311,0.784800000,0.000070513,-0.000019783,0.000000,7,-0.000013111,-0.001311139,-0.000936528,-0.000936528,0.000000000,manual_A_near_upright
real,BALANCE,61.808,-0.001045,-0.000473,-0.001259,0.784800000,0.000079845,-0.000018236,0.000000,7,-0.000012589,-0.001258896,-0.000899212,-0.000899212,0.000000000,manual_A_near_upright
real,BALANCE,61.828,-0.000946,-0.000594,-0.001207,0.784800000,0.000088204,-0.000016516,0.000000,7,-0.000012073,-0.001207290,-0.000862350,-0.000862350,0.000000000,manual_A_near_upright
real,BALANCE,61.849,-0.000839,-0.000727,-0.001149,0.784800000,0.000095682,-0.000014642,0.000000,7,-0.000011493,-0.001149263,-0.000820902,-0.000820902,0.000000000,manual_A_near_upright
real,BALANCE,61.870,-0.000724,-0.000869,-0.001087,0.784800000,0.000102179,-0.000012633,0.000000,7,-0.000010872,-0.001087152,-0.000776537,-0.000776537,0.000000000,manual_A_near_upright
real,BALANCE,61.890,-0.000602,-0.001019,-0.001022,0.784800000,0.000107630,-0.000010508,0.000000,7,-0.000010221,-0.001022128,-0.000730092,-0.000730092,0.000000000,manual_A_near_upright
real,BALANCE,61.911,-0.000475,-0.001177,-0.000954,0.784800000,0.000112009,-0.000008290,0.000000,7,-0.000009541,-0.000954147,-0.000681534,-0.000681534,0.000000000,manual_A_near_upright
real,BALANCE,61.931,-0.000344,-0.001341,-0.000884,0.784800000,0.000115278,-0.000006001,0.000000,7,-0.000008842,-0.000884173,-0.000631552,-0.000631552,0.000000000,manual_A_near_upright
real,BALANCE,61.951,-0.000210,-0.001508,-0.000810,0.784800000,0.000117481,-0.000003662,0.000000,7,-0.000008097,-0.000809689,-0.000578349,-0.000578349,0.000000000,manual_A_near_upright
real,BALANCE,61.972,-0.000074,-0.001679,-0.000741,0.784800000,0.000118401,-0.000001297,0.000000,7,-0.000007412,-0.000741193,-0.000529424,-0.000529424,0.000000000,manual_A_near_upright
real,BALANCE,62.002,0.000129,-0.001936,-0.000633,0.784800000,0.000117773,0.000002249,0.000000,7,-0.000006328,-0.000632775,-0.000451982,-0.000451982,0.000000000,manual_A_near_upright
real,BALANCE,62.032,0.000328,-0.002191,-0.000528,0.784800000,0.000114605,0.000005727,0.000000,7,-0.000005277,-0.000527710,-0.000376936,-0.000376936,0.000000000,manual_A_near_upright
real,BALANCE,62.052,0.000457,-0.002358,-0.000460,0.784800000,0.000111148,0.000007971,0.000000,7,-0.000004597,-0.000459709,-0.000328364,-0.000328364,0.000000000,manual_A_near_upright
real,BALANCE,62.073,0.000580,-0.002519,-0.000393,0.784800000,0.000106679,0.000010131,0.000000,7,-0.000003933,-0.000393322,-0.000280944,-0.000280944,0.000000000,manual_A_near_upright
real,BALANCE,62.093,0.000698,-0.002674,-0.000333,0.784800000,0.000101161,0.000012186,0.000000,7,-0.000003333,-0.000333336,-0.000238097,-0.000238097,0.000000000,manual_A_near_upright
real,BALANCE,62.114,0.000809,-0.002822,-0.000274,0.784800000,0.000094786,0.000014118,0.000000,7,-0.000002740,-0.000274020,-0.000195728,-0.000195728,0.000000000,manual_A_near_upright
real,BALANCE,62.135,0.000912,-0.002960,-0.000220,0.784800000,0.000087526,0.000015910,0.000000,7,-0.000002204,-0.000220438,-0.000157456,-0.000157456,0.000000000,manual_A_near_upright
real,BALANCE,62.155,0.001005,-0.003089,-0.000171,0.784800000,0.000079490,0.000017545,0.000000,7,-0.000001715,-0.000171492,-0.000122494,-0.000122494,0.000000000,manual_A_near_upright
real,BALANCE,62.176,0.001089,-0.003207,-0.000128,0.784800000,0.000070761,0.000019009,0.000000,7,-0.000001276,-0.000127599,-0.000091142,-0.000091142,0.000000000,manual_A_near_upright
real,BALANCE,62.206,0.001195,-0.003361,-0.000073,0.784800000,0.000056551,0.000020858,0.000000,7,-0.000000726,-0.000072591,-0.000063904,-0.000063904,0.000000000,manual_A_near_upright
real,BALANCE,62.227,0.001252,-0.003447,-0.000043,0.784800000,0.000046474,0.000021844,0.000000,7,-0.000000434,-0.000043403,-0.000031002,-0.000031002,0.000000000,manual_A_near_upright
real,BALANCE,62.247,0.001296,-0.003519,-0.000021,0.784800000,0.000036028,0.000022622,0.000000,7,-0.000000205,-0.000020532,-0.000014665,-0.000014665,0.000000000,manual_A_near_upright
real,BALANCE,62.268,0.001329,-0.003578,-0.000004,0.784800000,0.000025314,0.000023188,0.000000,7,-0.000000041,-0.000004132,-0.000002952,-0.000002952,0.000000000,manual_A_near_upright
real,BALANCE,62.288,0.001349,-0.003621,0.000006,0.784800000,0.000014437,0.000023537,0.000000,7,0.000000057,0.000005699,0.000004070,0.000004070,0.000000000,manual_A_near_upright
real,BALANCE,62.308,0.001356,-0.003649,0.000009,0.784800000,0.000003501,0.000023667,0.000000,7,0.000000081,0.000008127,0.000005805,0.000005805,0.000000000,manual_A_near_upright
real,BALANCE,62.329,0.001350,-0.003663,0.000005,0.784800000,-0.000007935,0.000023569,0.000000,7,0.000000051,0.000005126,0.000003662,0.000003662,0.000000000,manual_A_near_upright
real,BALANCE,62.349,0.001340,-0.003663,0.000548,0.784800000,-0.000006646,0.000023383,0.000000,7,0.000005479,0.000547883,0.000391345,0.000391345,0.000000000,manual_A_near_upright
real,BALANCE,62.370,0.001343,-0.003662,0.001639,0.784800000,0.000004696,0.000023447,0.000000,7,0.000016388,0.001638833,0.001170595,0.001170595,0.000000000,manual_A_near_upright
real,BALANCE,62.391,0.001337,-0.003647,0.001453,0.784800000,-0.000011229,0.000023340,0.000000,7,0.000014527,0.001452741,0.001037672,0.001037672,0.000000000,manual_A_near_upright
real,BALANCE,62.411,0.001312,-0.003614,0.001349,0.784800000,-0.000024719,0.000022899,0.000000,7,0.000013493,0.001349304,0.000963789,0.000963789,0.000000000,manual_A_near_upright
real,BALANCE,62.431,0.001276,-0.003567,0.001419,0.784800000,-0.000034128,0.000022273,0.000000,7,0.000014191,0.001419068,0.001013620,0.001013620,0.000000000,manual_A_near_upright
real,BALANCE,62.451,0.001227,-0.003505,0.001357,0.784800000,-0.000045757,0.000021422,0.000000,7,0.000013571,0.001357118,0.000969370,0.000969370,0.000000000,manual_A_near_upright
real,BALANCE,62.472,0.001166,-0.003429,0.001324,0.784800000,-0.000056065,0.000020355,0.000000,7,0.000013242,0.001324225,0.000945875,0.000945875,0.000000000,manual_A_near_upright
real,BALANCE,62.493,0.001094,-0.003339,0.001291,0.784800000,-0.000065625,0.000019095,0.000000,7,0.000012913,0.001291284,0.000922345,0.000922345,0.000000000,manual_A_near_upright
real,BALANCE,62.513,0.001011,-0.003236,0.001242,0.784800000,-0.000074692,0.000017649,0.000000,7,0.000012420,0.001242040,0.000887172,0.000887172,0.000000000,manual_A_near_upright
real,BALANCE,62.534,0.000919,-0.003122,0.001191,0.784800000,-0.000082891,0.000016035,0.000000,7,0.000011909,0.001190881,0.000850629,0.000850629,0.000000000,manual_A_near_upright
real,BALANCE,62.554,0.000818,-0.002997,0.001135,0.784800000,-0.000090222,0.000014269,0.000000,7,0.000011350,0.001135039,0.000810742,0.000810742,0.000000000,manual_A_near_upright
real,BALANCE,62.575,0.000709,-0.002862,0.001081,0.784800000,-0.000096501,0.000012373,0.000000,7,0.000010813,0.001081270,0.000772336,0.000772336,0.000000000,manual_A_near_upright
real,BALANCE,62.595,0.000594,-0.002719,0.001014,0.784800000,-0.000102017,0.000010361,0.000000,7,0.000010137,0.001013732,0.000724094,0.000724094,0.000000000,manual_A_near_upright
real,BALANCE,62.616,0.000473,-0.002568,0.000953,0.784800000,-0.000106308,0.000008256,0.000000,7,0.000009528,0.000952839,0.000680599,0.000680599,0.000000000,manual_A_near_upright
real,BALANCE,62.636,0.000348,-0.002413,0.000889,0.784800000,-0.000109577,0.000006081,0.000000,7,0.000008886,0.000888568,0.000634692,0.000634692,0.000000000,manual_A_near_upright
real,BALANCE,62.657,0.000221,-0.002252,0.000819,0.784800000,-0.000111859,0.000003854,0.000000,7,0.000008186,0.000818558,0.000584685,0.000584685,0.000000000,manual_A_near_upright
real,BALANCE,62.678,0.000085,-0.002081,0.000747,0.784800000,-0.000113031,0.000001486,0.000000,7,0.000007466,0.000746589,0.000533278,0.000533278,0.000000000,manual_A_near_upright
real,BALANCE,62.698,-0.000038,-0.001925,0.000680,0.784800000,-0.000113092,-0.000000665,0.000000,7,0.000006796,0.000679595,0.000485425,0.000485425,0.000000000,manual_A_near_upright
real,BALANCE,62.718,-0.000167,-0.001761,0.000614,0.784800000,-0.000112013,-0.000002913,0.000000,7,0.000006138,0.000613827,0.000438448,0.000438448,0.000000000,manual_A_near_upright
real,BALANCE,62.749,-0.000356,-0.001517,0.000513,0.784800000,-0.000108504,-0.000006210,0.000000,7,0.000005132,0.000513201,0.000366572,0.000366572,0.000000000,manual_A_near_upright
real,BALANCE,62.769,-0.000477,-0.001360,0.000448,0.784800000,-0.000104908,-0.000008331,0.000000,7,0.000004475,0.000447505,0.000319647,0.000319647,0.000000000,manual_A_near_upright
real,BALANCE,62.790,-0.000594,-0.001207,0.000388,0.784800000,-0.000100267,-0.000010363,0.000000,7,0.000003880,0.000388008,0.000277149,0.000277149,0.000000000,manual_A_near_upright
real,BALANCE,62.810,-0.000704,-0.001061,0.000330,0.784800000,-0.000094737,-0.000012289,0.000000,7,0.000003303,0.000330292,0.000235923,0.000235923,0.000000000,manual_A_near_upright
real,BALANCE,62.831,-0.000808,-0.000922,0.000274,0.784800000,-0.000088400,-0.000014094,0.000000,7,0.000002736,0.000273630,0.000195450,0.000195450,0.000000000,manual_A_near_upright
real,BALANCE,62.851,-0.000903,-0.000792,0.000226,0.784800000,-0.000081161,-0.000015758,0.000000,7,0.000002265,0.000226457,0.000161755,0.000161755,0.000000000,manual_A_near_upright
real,BALANCE,62.872,-0.000989,-0.000672,0.000179,0.784800000,-0.000073310,-0.000017269,0.000000,7,0.000001788,0.000178780,0.000127700,0.000127700,0.000000000,manual_A_near_upright
real,BALANCE,62.892,-0.001070,-0.000557,0.000138,0.784800000,-0.000064310,-0.000018675,0.000000,7,0.000001375,0.000137528,0.000098234,0.000098234,0.000000000,manual_A_near_upright
real,BALANCE,62.912,-0.001133,-0.000465,0.000106,0.784800000,-0.000055626,-0.000019776,0.000000,7,0.000001063,0.000106290,0.000075921,0.000075921,0.000000000,manual_A_near_upright
real,BALANCE,62.933,-0.001189,-0.000380,0.000076,0.784800000,-0.000046101,-0.000020751,0.000000,7,0.000000759,0.000075862,0.000054187,0.000054187,0.000000000,manual_A_near_upright
real,BALANCE,62.953,-0.001234,-0.000308,0.000053,0.784800000,-0.000036176,-0.000021530,0.000000,7,0.000000528,0.000052844,0.000037746,0.000037746,0.000000000,manual_A_near_upright
real,BALANCE,62.974,-0.001267,-0.000250,0.000037,0.784800000,-0.000025959,-0.000022106,0.000000,7,0.000000369,0.000036922,0.000026373,0.000026373,0.000000000,manual_A_near_upright
real,BALANCE,62.995,-0.001288,-0.000206,0.000026,0.784800000,-0.000015586,-0.000022475,0.000000,7,0.000000264,0.000026435,0.000018882,0.000018882,0.000000000,manual_A_near_upright
real,BALANCE,63.015,-0.001297,-0.000176,0.000022,0.784800000,-0.000005140,-0.000022635,0.000000,7,0.000000222,0.000022171,0.000015837,0.000015837,0.000000000,manual_A_near_upright
real,BALANCE,63.035,-0.001294,-0.000160,0.000024,0.784800000,0.000005798,-0.000022579,0.000000,7,0.000000244,0.000024388,0.000017420,0.000017420,0.000000000,manual_A_near_upright
real,BALANCE,63.056,-0.001282,-0.000158,-0.000272,0.784800000,0.000009217,-0.000022381,0.000000,7,-0.000002717,-0.000271715,-0.000194082,-0.000194082,0.000000000,manual_A_near_upright
real,BALANCE,63.076,-0.001284,-0.000159,-0.001455,0.784800000,-0.000004819,-0.000022405,0.000000,7,-0.000008769,-0.000876941,-0.000626387,-0.000626387,0.000000000,manual_A_near_upright
real,BALANCE,63.097,-0.001284,-0.000168,-0.001524,0.784800000,0.000005363,-0.000022406,0.000000,7,-0.000015238,-0.001523800,-0.001088429,-0.001088429,0.000000000,manual_A_near_upright
real,BALANCE,63.117,-0.001263,-0.000196,-0.001297,0.784800000,0.000021157,-0.000022048,0.000000,7,-0.000012972,-0.001297228,-0.000926592,-0.000926592,0.000000000,manual_A_near_upright
real,BALANCE,63.138,-0.001230,-0.000241,-0.001394,0.784800000,0.000030193,-0.000021470,0.000000,7,-0.000013937,-0.001393704,-0.000995503,-0.000995503,0.000000000,manual_A_near_upright
real,BALANCE,63.158,-0.001186,-0.000298,-0.001342,0.784800000,0.000041351,-0.000020707,0.000000,7,-0.000013415,-0.001341511,-0.000958222,-0.000958222,0.000000000,manual_A_near_upright
real,BALANCE,63.188,-0.001102,-0.000404,-0.001294,0.784800000,0.000055737,-0.000019227,0.000000,7,-0.000012940,-0.001293977,-0.000924269,-0.000924269,0.000000000,manual_A_near_upright
real,BALANCE,63.209,-0.001030,-0.000494,-0.001256,0.784800000,0.000064875,-0.000017979,0.000000,7,-0.000012562,-0.001256187,-0.000897277,-0.000897277,0.000000000,manual_A_near_upright
real,BALANCE,63.229,-0.000949,-0.000595,-0.001209,0.784800000,0.000073392,-0.000016556,0.000000,7,-0.000012089,-0.001208885,-0.000863489,-0.000863489,0.000000000,manual_A_near_upright
real,BALANCE,63.260,-0.000810,-0.000768,-0.001136,0.784800000,0.000084545,-0.000014132,0.000000,7,-0.000011355,-0.001135510,-0.000811079,-0.000811079,0.000000000,manual_A_near_upright
real,BALANCE,63.280,-0.000707,-0.000895,-0.001079,0.784800000,0.000090950,-0.000012347,0.000000,7,-0.000011053,-0.001105326,-0.000789518,-0.000789518,0.000000000,manual_A_near_upright
real,BALANCE,63.301,-0.000599,-0.001031,-0.001022,0.784800000,0.000096374,-0.000010448,0.000000,7,-0.000010513,-0.001051337,-0.000750955,-0.000750955,0.000000000,manual_A_near_upright
real,BALANCE,63.322,-0.000484,-0.001174,-0.000960,0.784800000,0.000100864,-0.000008453,0.000000,7,-0.000009601,-0.000960098,-0.000685784,-0.000685784,0.000000000,manual_A_near_upright
real,BALANCE,63.343,-0.000366,-0.001322,-0.000895,0.784800000,0.000104364,-0.000006383,0.000000,7,-0.000008952,-0.000895222,-0.000639445,-0.000639445,0.000000000,manual_A_near_upright
real,BALANCE,63.363,-0.000244,-0.001475,-0.000831,0.784800000,0.000106780,-0.000004259,0.000000,7,-0.000008313,-0.000831348,-0.000593820,-0.000593820,0.000000000,manual_A_near_upright
real,BALANCE,63.383,-0.000120,-0.001631,-0.000767,0.784800000,0.000108149,-0.000002102,0.000000,7,-0.000007669,-0.000766904,-0.000547788,-0.000547788,0.000000000,manual_A_near_upright
real,BALANCE,63.404,0.000004,-0.001789,-0.000697,0.784800000,0.000108581,0.000000069,0.000000,7,-0.000006969,-0.000696878,-0.000497770,-0.000497770,0.000000000,manual_A_near_upright
real,BALANCE,63.425,0.000128,-0.001947,-0.000635,0.784800000,0.000107808,0.000002232,0.000000,7,-0.000006348,-0.000634770,-0.000453407,-0.000453407,0.000000000,manual_A_near_upright
real,BALANCE,63.445,0.000250,-0.002104,-0.000569,0.784800000,0.000106118,0.000004365,0.000000,7,-0.000005685,-0.000568510,-0.000406078,-0.000406078,0.000000000,manual_A_near_upright
real,BALANCE,63.476,0.000434,-0.002342,-0.000472,0.784800000,0.000101465,0.000007567,0.000000,7,-0.000004724,-0.000472395,-0.000337425,-0.000337425,0.000000000,manual_A_near_upright
real,BALANCE,63.506,0.000595,-0.002555,-0.000388,0.784800000,0.000095051,0.000010393,0.000000,7,-0.000003881,-0.000388069,-0.000277192,-0.000277192,0.000000000,manual_A_near_upright
real,BALANCE,63.527,0.000700,-0.002694,-0.000332,0.784800000,0.000089585,0.000012216,0.000000,7,-0.000003322,-0.000332160,-0.000237257,-0.000237257,0.000000000,manual_A_near_upright
real,BALANCE,63.547,0.000797,-0.002826,-0.000280,0.784800000,0.000083310,0.000013919,0.000000,7,-0.000002796,-0.000279649,-0.000199749,-0.000199749,0.000000000,manual_A_near_upright
real,BALANCE,63.568,0.000887,-0.002949,-0.000233,0.784800000,0.000076253,0.000015483,0.000000,7,-0.000002331,-0.000233070,-0.000166479,-0.000166479,0.000000000,manual_A_near_upright
real,BALANCE,63.588,0.000972,-0.003068,-0.000190,0.784800000,0.000068109,0.000016964,0.000000,7,-0.000001895,-0.000189537,-0.000135384,-0.000135384,0.000000000,manual_A_near_upright
real,BALANCE,63.618,0.001072,-0.003212,-0.000137,0.784800000,0.000055853,0.000018709,0.000000,7,-0.000001366,-0.000136643,-0.000097602,-0.000097602,0.000000000,manual_A_near_upright
real,BALANCE,63.639,0.001128,-0.003297,-0.000108,0.784800000,0.000046775,0.000019695,0.000000,7,-0.000001084,-0.000108411,-0.000077437,-0.000077437,0.000000000,manual_A_near_upright
real,BALANCE,63.660,0.001176,-0.003373,-0.000084,0.784800000,0.000036860,0.000020529,0.000000,7,-0.000000838,-0.000083827,-0.000059877,-0.000059877,0.000000000,manual_A_near_upright
real,BALANCE,63.691,0.001222,-0.003454,-0.000061,0.784800000,0.000022673,0.000021330,0.000000,7,-0.000000607,-0.000060728,-0.000043377,-0.000043377,0.000000000,manual_A_near_upright
real,BALANCE,63.711,0.001240,-0.003494,-0.000051,0.784800000,0.000012708,0.000021639,0.000000,7,-0.000000514,-0.000051409,-0.000036721,-0.000036721,0.000000000,manual_A_near_upright
real,BALANCE,63.731,0.001246,-0.003520,-0.000049,0.784800000,0.000002171,0.000021748,0.000000,7,-0.000000492,-0.000049183,-0.000035131,-0.000035131,0.000000000,manual_A_near_upright
real,BALANCE,63.752,0.001241,-0.003531,-0.000053,0.784800000,-0.000007313,0.000021656,0.000000,7,-0.000000527,-0.000052708,-0.000037649,-0.000037649,0.000000000,manual_A_near_upright
real,BALANCE,63.772,0.001230,-0.003532,0.000469,0.784800000,-0.000006116,0.000021473,0.000000,7,0.000004688,0.000468848,0.000334891,0.000334891,0.000000000,manual_A_near_upright
real,BALANCE,63.793,0.001235,-0.003531,0.001588,0.784800000,0.000006184,0.000021554,0.000000,7,0.000015877,0.001587673,0.001134052,0.001134052,0.000000000,manual_A_near_upright
real,BALANCE,63.823,0.001223,-0.003506,0.001275,0.784800000,-0.000016383,0.000021345,0.000000,7,0.000012750,0.001274987,0.000910705,0.000910705,0.000000000,manual_A_near_upright
real,BALANCE,63.844,0.001195,-0.003468,0.001353,0.784800000,-0.000025548,0.000020854,0.000000,7,0.000013527,0.001352670,0.000966193,0.000966193,0.000000000,manual_A_near_upright
real,BALANCE,63.874,0.001137,-0.003391,0.001309,0.784800000,-0.000040645,0.000019836,0.000000,7,0.000013086,0.001308565,0.000934689,0.000934689,0.000000000,manual_A_near_upright
real,BALANCE,63.894,0.001082,-0.003321,0.001278,0.784800000,-0.000050292,0.000018880,0.000000,7,0.000012776,0.001277592,0.000912565,0.000912565,0.000000000,manual_A_near_upright
real,BALANCE,63.915,0.001017,-0.003239,0.001252,0.784800000,-0.000059144,0.000017746,0.000000,7,0.000012522,0.001252193,0.000894424,0.000894424,0.000000000,manual_A_near_upright
real,BALANCE,63.935,0.000942,-0.003145,0.001204,0.784800000,-0.000067720,0.000016438,0.000000,7,0.000012289,0.001228943,0.000877817,0.000877817,0.000000000,manual_A_near_upright
real,BALANCE,63.955,0.000858,-0.003040,0.001162,0.784800000,-0.000075321,0.000014971,0.000000,7,0.000011825,0.001182515,0.000844653,0.000844653,0.000000000,manual_A_near_upright
real,BALANCE,63.977,0.000761,-0.002919,0.001109,0.784800000,-0.000082539,0.000013280,0.000000,7,0.000011093,0.001109255,0.000792325,0.000792325,0.000000000,manual_A_near_upright
real,BALANCE,64.007,0.000614,-0.002736,0.001031,0.784800000,-0.000090934,0.000010723,0.000000,7,0.000010307,0.001030661,0.000736186,0.000736186,0.000000000,manual_A_near_upright
real,BALANCE,64.028,0.000506,-0.002600,0.000972,0.784800000,-0.000095619,0.000008835,0.000000,7,0.000009719,0.000971934,0.000694239,0.000694239,0.000000000,manual_A_near_upright
real,BALANCE,64.049,0.000393,-0.002459,0.000912,0.784800000,-0.000099316,0.000006867,0.000000,7,0.000009123,0.000912338,0.000651670,0.000651670,0.000000000,manual_A_near_upright
real,BALANCE,64.080,0.000218,-0.002238,0.000819,0.784800000,-0.000103024,0.000003809,0.000000,7,0.000008192,0.000819184,0.000585131,0.000585131,0.000000000,manual_A_near_upright
real,BALANCE,64.100,0.000099,-0.002087,0.000755,0.784800000,-0.000104253,0.000001729,0.000000,7,0.000007554,0.000755425,0.000539589,0.000539589,0.000000000,manual_A_near_upright
real,BALANCE,64.120,-0.000021,-0.001934,0.000691,0.784800000,-0.000104473,-0.000000361,0.000000,7,0.000006914,0.000691378,0.000493841,0.000493841,0.000000000,manual_A_near_upright
real,BALANCE,64.140,-0.000140,-0.001781,0.000628,0.784800000,-0.000103675,-0.000002440,0.000000,7,0.000006599,0.000659890,0.000471350,0.000471350,0.000000000,manual_A_near_upright
real,BALANCE,64.161,-0.000257,-0.001630,0.000566,0.784800000,-0.000101899,-0.000004490,0.000000,7,0.000005662,0.000566203,0.000404431,0.000404431,0.000000000,manual_A_near_upright
real,BALANCE,64.182,-0.000372,-0.001481,0.000506,0.784800000,-0.000099159,-0.000006489,0.000000,7,0.000005056,0.000505608,0.000361148,0.000361148,0.000000000,manual_A_near_upright
real,BALANCE,64.202,-0.000483,-0.001336,0.000445,0.784800000,-0.000095546,-0.000008422,0.000000,7,0.000004446,0.000444576,0.000317554,0.000317554,0.000000000,manual_A_near_upright
real,BALANCE,64.232,-0.000639,-0.001129,0.000366,0.784800000,-0.000088327,-0.000011152,0.000000,7,0.000003656,0.000365644,0.000261175,0.000261175,0.000000000,manual_A_near_upright
real,BALANCE,64.252,-0.000735,-0.000999,0.000311,0.784800000,-0.000082617,-0.000012837,0.000000,7,0.000003115,0.000311470,0.000222479,0.000222479,0.000000000,manual_A_near_upright
real,BALANCE,64.273,-0.000825,-0.000877,0.000267,0.784800000,-0.000076030,-0.000014395,0.000000,7,0.000002674,0.000267384,0.000190988,0.000190988,0.000000000,manual_A_near_upright
real,BALANCE,64.294,-0.000906,-0.000764,0.000225,0.784800000,-0.000068822,-0.000015812,0.000000,7,0.000002251,0.000225063,0.000160760,0.000160760,0.000000000,manual_A_near_upright
real,BALANCE,64.315,-0.000978,-0.000661,0.000187,0.784800000,-0.000061028,-0.000017076,0.000000,7,0.000001866,0.000186551,0.000133251,0.000133251,0.000000000,manual_A_near_upright
real,BALANCE,64.335,-0.001041,-0.000569,0.000154,0.784800000,-0.000052688,-0.000018177,0.000000,7,0.000001541,0.000154107,0.000110076,0.000110076,0.000000000,manual_A_near_upright
real,BALANCE,64.356,-0.001095,-0.000488,0.000127,0.784800000,-0.000043916,-0.000019104,0.000000,7,0.000001265,0.000126502,0.000090359,0.000090359,0.000000000,manual_A_near_upright
real,BALANCE,64.376,-0.001137,-0.000419,0.000104,0.784800000,-0.000034787,-0.000019851,0.000000,7,0.000001044,0.000104447,0.000074605,0.000074605,0.000000000,manual_A_near_upright
real,BALANCE,64.397,-0.001169,-0.000363,0.000088,0.784800000,-0.000025391,-0.000020410,0.000000,7,0.000000881,0.000088132,0.000068271,0.000068271,0.000000000,manual_A_near_upright
real,BALANCE,64.417,-0.001191,-0.000320,0.000077,0.784800000,-0.000015841,-0.000020780,0.000000,7,0.000000766,0.000076558,0.000054684,0.000054684,0.000000000,manual_A_near_upright
real,BALANCE,64.438,-0.001201,-0.000290,0.000073,0.784800000,-0.000006160,-0.000020957,0.000000,7,0.000000731,0.000073119,0.000052228,0.000052228,0.000000000,manual_A_near_upright
real,BALANCE,64.458,-0.001200,-0.000273,0.000074,0.784800000,0.000003479,-0.000020940,0.000000,7,0.000000740,0.000073980,0.000052843,0.000052843,0.000000000,manual_A_near_upright
real,BALANCE,64.478,-0.001189,-0.000269,-0.000038,0.784800000,0.000010524,-0.000020748,0.000000,7,-0.000000382,-0.000038202,-0.000027287,-0.000027287,0.000000000,manual_A_near_upright
real,BALANCE,64.499,-0.001187,-0.000269,-0.001147,0.784800000,-0.000002955,-0.000020723,0.000000,7,-0.000011466,-0.001146605,-0.000819004,-0.000819004,0.000000000,manual_A_near_upright
real,BALANCE,64.519,-0.001192,-0.000275,-0.001545,0.784800000,-0.000000544,-0.000020800,0.000000,7,-0.000015452,-0.001545176,-0.001103697,-0.001103697,0.000000000,manual_A_near_upright
real,BALANCE,64.540,-0.001178,-0.000297,-0.001266,0.784800000,0.000015821,-0.000020564,0.000000,7,-0.000012657,-0.001265743,-0.000904102,-0.000904102,0.000000000,manual_A_near_upright
real,BALANCE,64.560,-0.001153,-0.000332,-0.001330,0.784800000,0.000024435,-0.000020117,0.000000,7,-0.000013297,-0.001329656,-0.000949754,-0.000949754,0.000000000,manual_A_near_upright
real,BALANCE,64.590,-0.001094,-0.000410,-0.001287,0.784800000,0.000039493,-0.000019097,0.000000,7,-0.000012870,-0.001286972,-0.000919266,-0.000919266,0.000000000,manual_A_near_upright
real,BALANCE,64.611,-0.001041,-0.000478,-0.001260,0.784800000,0.000048750,-0.000018171,0.000000,7,-0.000012597,-0.001259676,-0.000899769,-0.000899769,0.000000000,manual_A_near_upright
real,BALANCE,64.632,-0.000978,-0.000559,-0.001229,0.784800000,0.000057407,-0.000017070,0.000000,7,-0.000012295,-0.001229451,-0.000878179,-0.000878179,0.000000000,manual_A_near_upright
real,BALANCE,64.652,-0.000905,-0.000650,-0.001187,0.784800000,0.000065576,-0.000015802,0.000000,7,-0.000011872,-0.001187222,-0.000863077,-0.000863077,0.000000000,manual_A_near_upright
real,BALANCE,64.673,-0.000824,-0.000752,-0.001143,0.784800000,0.000072981,-0.000014382,0.000000,7,-0.000011430,-0.001143015,-0.000816439,-0.000816439,0.000000000,manual_A_near_upright
real,BALANCE,64.703,-0.000688,-0.000924,-0.001069,0.784800000,0.000082630,-0.000012000,0.000000,7,-0.000010693,-0.001069254,-0.000763753,-0.000763753,0.000000000,manual_A_near_upright
real,BALANCE,64.734,-0.000537,-0.001113,-0.000989,0.784800000,0.000090340,-0.000009366,0.000000,7,-0.000009894,-0.000989426,-0.000706733,-0.000706733,0.000000000,manual_A_near_upright
real,BALANCE,64.765,-0.000375,-0.001317,-0.000903,0.784800000,0.000096027,-0.000006539,0.000000,7,-0.000009027,-0.000902698,-0.000644784,-0.000644784,0.000000000,manual_A_near_upright
real,BALANCE,64.786,-0.000262,-0.001459,-0.000840,0.784800000,0.000098686,-0.000004578,0.000000,7,-0.000008403,-0.000840304,-0.000600217,-0.000600217,0.000000000,manual_A_near_upright
real,BALANCE,64.806,-0.000148,-0.001604,-0.000782,0.784800000,0.000100275,-0.000002580,0.000000,7,-0.000007815,-0.000781522,-0.000558230,-0.000558230,0.000000000,manual_A_near_upright
real,BALANCE,64.826,-0.000032,-0.001751,-0.000720,0.784800000,0.000100929,-0.000000563,0.000000,7,-0.000007205,-0.000720484,-0.000514632,-0.000514632,0.000000000,manual_A_near_upright
real,BALANCE,64.847,0.000083,-0.001899,-0.000658,0.784800000,0.000100632,0.000001453,0.000000,7,-0.000006584,-0.000658421,-0.000470301,-0.000470301,0.000000000,manual_A_near_upright
real,BALANCE,64.867,0.000198,-0.002046,-0.000598,0.784800000,0.000099351,0.000003449,0.000000,7,-0.000005981,-0.000598144,-0.000427246,-0.000427246,0.000000000,manual_A_near_upright
real,BALANCE,64.888,0.000310,-0.002192,-0.000539,0.784800000,0.000097136,0.000005405,0.000000,7,-0.000005388,-0.000538767,-0.000384833,-0.000384833,0.000000000,manual_A_near_upright
real,BALANCE,64.909,0.000418,-0.002334,-0.000481,0.784800000,0.000094008,0.000007304,0.000000,7,-0.000004812,-0.000481230,-0.000343736,-0.000343736,0.000000000,manual_A_near_upright
real,BALANCE,64.929,0.000523,-0.002472,-0.000424,0.784800000,0.000090055,0.000009128,0.000000,7,-0.000004534,-0.000453363,-0.000323831,-0.000323831,0.000000000,manual_A_near_upright
real,BALANCE,64.950,0.000622,-0.002604,-0.000373,0.784800000,0.000085192,0.000010861,0.000000,7,-0.000003726,-0.000372556,-0.000266112,-0.000266112,0.000000000,manual_A_near_upright
real,BALANCE,64.980,0.000759,-0.002789,-0.000302,0.784800000,0.000076463,0.000013250,0.000000,7,-0.000003023,-0.000302284,-0.000215917,-0.000215917,0.000000000,manual_A_near_upright
real,BALANCE,65.011,0.000879,-0.002956,-0.000239,0.784800000,0.000066242,0.000015348,0.000000,7,-0.000002387,-0.000238750,-0.000170535,-0.000170535,0.000000000,manual_A_near_upright
real,BALANCE,65.031,0.000949,-0.003056,-0.000201,0.784800000,0.000058709,0.000016565,0.000000,7,-0.000002009,-0.000200870,-0.000143479,-0.000143479,0.000000000,manual_A_near_upright
real,BALANCE,65.052,0.001010,-0.003145,-0.000171,0.784800000,0.000050602,0.000017622,0.000000,7,-0.000001712,-0.000171162,-0.000122258,-0.000122258,0.000000000,manual_A_near_upright
real,BALANCE,65.083,0.001082,-0.003257,-0.000133,0.784800000,0.000037739,0.000018892,0.000000,7,-0.000001332,-0.000133191,-0.000095136,-0.000095136,0.000000000,manual_A_near_upright
real,BALANCE,65.103,0.001118,-0.003317,-0.000115,0.784800000,0.000028766,0.000019517,0.000000,7,-0.000001149,-0.000114919,-0.000082085,-0.000082085,0.000000000,manual_A_near_upright
real,BALANCE,65.124,0.001144,-0.003365,-0.000102,0.784800000,0.000019597,0.000019959,0.000000,7,-0.000001016,-0.000101566,-0.000072547,-0.000072547,0.000000000,manual_A_near_upright
real,BALANCE,65.145,0.001158,-0.003400,-0.000095,0.784800000,0.000010280,0.000020216,0.000000,7,-0.000000950,-0.000095002,-0.000067858,-0.000067858,0.000000000,manual_A_near_upright
real,BALANCE,65.165,0.001162,-0.003422,-0.000094,0.784800000,0.000000944,0.000020286,0.000000,7,-0.000000935,-0.000093505,-0.000066790,-0.000066790,0.000000000,manual_A_near_upright
real,BALANCE,65.186,0.001156,-0.003431,-0.000097,0.784800000,-0.000008333,0.000020171,0.000000,7,-0.000000974,-0.000097447,-0.000069605,-0.000069605,0.000000000,manual_A_near_upright
real,BALANCE,65.206,0.001147,-0.003432,0.000539,0.784800000,-0.000004084,0.000020016,0.000000,7,0.000000332,0.000033166,0.000023690,0.000023690,0.000000000,manual_A_near_upright
real,BALANCE,65.227,0.001152,-0.003431,0.001499,0.784800000,0.000006028,0.000020108,0.000000,7,0.000014992,0.001499154,0.001070824,0.001070824,0.000000000,manual_A_near_upright
real,BALANCE,65.248,0.001149,-0.003418,0.001357,0.784800000,-0.000007428,0.000020061,0.000000,7,0.000013575,0.001357496,0.000969640,0.000969640,0.000000000,manual_A_near_upright
real,BALANCE,65.268,0.001130,-0.003390,0.001260,0.784800000,-0.000019374,0.000019722,0.000000,7,0.000012598,0.001259805,0.000899860,0.000899860,0.000000000,manual_A_near_upright
real,BALANCE,65.289,0.001101,-0.003349,0.001323,0.784800000,-0.000027564,0.000019219,0.000000,7,0.000013230,0.001323033,0.000945023,0.000945023,0.000000000,manual_A_near_upright
real,BALANCE,65.310,0.001061,-0.003296,0.001272,0.784800000,-0.000037707,0.000018521,0.000000,7,0.000012715,0.001271510,0.000908221,0.000908221,0.000000000,manual_A_near_upright
real,BALANCE,65.330,0.001010,-0.003230,0.001243,0.784800000,-0.000046765,0.000017634,0.000000,7,0.000012429,0.001242919,0.000887800,0.000887800,0.000000000,manual_A_near_upright
real,BALANCE,65.351,0.000950,-0.003153,0.001216,0.784800000,-0.000055154,0.000016576,0.000000,7,0.000012158,0.001215765,0.000868403,0.000868403,0.000000000,manual_A_near_upright
real,BALANCE,65.371,0.000880,-0.003064,0.001174,0.784800000,-0.000063136,0.000015356,0.000000,7,0.000011740,0.001173955,0.000838539,0.000838539,0.000000000,manual_A_near_upright
real,BALANCE,65.392,0.000801,-0.002965,0.001132,0.784800000,-0.000070340,0.000013988,0.000000,7,0.000011322,0.001132228,0.000808734,0.000808734,0.000000000,manual_A_near_upright
real,BALANCE,65.412,0.000715,-0.002857,0.001085,0.784800000,-0.000076836,0.000012485,0.000000,7,0.000010848,0.001084807,0.000774862,0.000774862,0.000000000,manual_A_near_upright
real,BALANCE,65.433,0.000623,-0.002740,0.001036,0.784800000,-0.000082486,0.000010865,0.000000,7,0.000010362,0.001036218,0.000740156,0.000740156,0.000000000,manual_A_near_upright
real,BALANCE,65.453,0.000524,-0.002616,0.000983,0.784800000,-0.000087336,0.000009144,0.000000,7,0.000009826,0.000982597,0.000701855,0.000701855,0.000000000,manual_A_near_upright
real,BALANCE,65.474,0.000420,-0.002485,0.000927,0.784800000,-0.000091288,0.000007338,0.000000,7,0.000009273,0.000927252,0.000662323,0.000662323,0.000000000,manual_A_near_upright
real,BALANCE,65.495,0.000313,-0.002350,0.000870,0.784800000,-0.000094329,0.000005467,0.000000,7,0.000008700,0.000870019,0.000621442,0.000621442,0.000000000,manual_A_near_upright
real,BALANCE,65.515,0.000203,-0.002210,0.000811,0.784800000,-0.000096441,0.000003548,0.000000,7,0.000008113,0.000811303,0.000579502,0.000579502,0.000000000,manual_A_near_upright
real,BALANCE,65.536,0.000092,-0.002068,0.000749,0.784800000,-0.000097662,0.000001600,0.000000,7,0.000007493,0.000749273,0.000535195,0.000535195,0.000000000,manual_A_near_upright
real,BALANCE,65.556,-0.000020,-0.001924,0.000693,0.784800000,-0.000097819,-0.000000357,0.000000,7,0.000006926,0.000692605,0.000494718,0.000494718,0.000000000,manual_A_near_upright
real,BALANCE,65.577,-0.000132,-0.001781,0.000633,0.784800000,-0.000097098,-0.000002304,0.000000,7,0.000006334,0.000633424,0.000452446,0.000452446,0.000000000,manual_A_near_upright
real,BALANCE,65.598,-0.000242,-0.001638,0.000575,0.784800000,-0.000095466,-0.000004224,0.000000,7,0.000005745,0.000574505,0.000410361,0.000410361,0.000000000,manual_A_near_upright
real,BALANCE,65.618,-0.000349,-0.001498,0.000518,0.784800000,-0.000092910,-0.000006098,0.000000,7,0.000005181,0.000518082,0.000370058,0.000370058,0.000000000,manual_A_near_upright
real,BALANCE,65.639,-0.000453,-0.001362,0.000463,0.784800000,-0.000089495,-0.000007908,0.000000,7,0.000004632,0.000463215,0.000330868,0.000330868,0.000000000,manual_A_near_upright
real,BALANCE,65.660,-0.000552,-0.001230,0.000411,0.784800000,-0.000085247,-0.000009638,0.000000,7,0.000004109,0.000410929,0.000293521,0.000293521,0.000000000,manual_A_near_upright
real,BALANCE,65.680,-0.000646,-0.001105,0.000362,0.784800000,-0.000080215,-0.000011271,0.000000,7,0.000003617,0.000361699,0.000258357,0.000258357,0.000000000,manual_A_near_upright
real,BALANCE,65.701,-0.000733,-0.000986,0.000316,0.784800000,-0.000074455,-0.000012793,0.000000,7,0.000003159,0.000315863,0.000225616,0.000225616,0.000000000,manual_A_near_upright
real,BALANCE,65.721,-0.000813,-0.000875,0.000274,0.784800000,-0.000068026,-0.000014190,0.000000,7,0.000002739,0.000273892,0.000195637,0.000195637,0.000000000,manual_A_near_upright
real,BALANCE,65.742,-0.000885,-0.000773,0.000236,0.784800000,-0.000060995,-0.000015450,0.000000,7,0.000002361,0.000236141,0.000168672,0.000168672,0.000000000,manual_A_near_upright
real,BALANCE,65.762,-0.000949,-0.000681,0.000203,0.784800000,-0.000053433,-0.000016561,0.000000,7,0.000002189,0.000218949,0.000156392,0.000156392,0.000000000,manual_A_near_upright
real,BALANCE,65.783,-0.001003,-0.000599,0.000175,0.784800000,-0.000045416,-0.000017514,0.000000,7,0.000001745,0.000174549,0.000124678,0.000124678,0.000000000,manual_A_near_upright
real,BALANCE,65.804,-0.001049,-0.000529,0.000151,0.784800000,-0.000037024,-0.000018301,0.000000,7,0.000001512,0.000151225,0.000108018,0.000108018,0.000000000,manual_A_near_upright
real,BALANCE,65.825,-0.001084,-0.000469,0.000133,0.784800000,-0.000028338,-0.000018916,0.000000,7,0.000001331,0.000133142,0.000095102,0.000095102,0.000000000,manual_A_near_upright
real,BALANCE,65.846,-0.001109,-0.000422,0.000120,0.784800000,-0.000019444,-0.000019354,0.000000,7,0.000001204,0.000120434,0.000086024,0.000086024,0.000000000,manual_A_near_upright
real,BALANCE,65.866,-0.001124,-0.000388,0.000113,0.784800000,-0.000010427,-0.000019612,0.000000,7,0.000001132,0.000113180,0.000080843,0.000080843,0.000000000,manual_A_near_upright
real,BALANCE,65.896,-0.001126,-0.000359,0.000113,0.784800000,0.000003140,-0.000019661,0.000000,7,0.000001126,0.000112576,0.000080411,0.000080411,0.000000000,manual_A_near_upright
real,BALANCE,65.918,-0.001116,-0.000355,0.000001,0.784800000,0.000010046,-0.000019469,0.000000,7,0.000001151,0.000115099,0.000082214,0.000082214,0.000000000,manual_A_near_upright
real,BALANCE,65.938,-0.001114,-0.000355,-0.000985,0.784800000,-0.000001963,-0.000019438,0.000000,7,-0.000009851,-0.000985071,-0.000703622,-0.000703622,0.000000000,manual_A_near_upright
real,BALANCE,65.959,-0.001120,-0.000359,-0.001523,0.784800000,-0.000003130,-0.000019542,0.000000,7,-0.000015226,-0.001522599,-0.001087571,-0.001087571,0.000000000,manual_A_near_upright
real,BALANCE,65.979,-0.001110,-0.000377,-0.001247,0.784800000,0.000012674,-0.000019374,0.000000,7,-0.000012468,-0.001246781,-0.000890558,-0.000890558,0.000000000,manual_A_near_upright
real,BALANCE,66.000,-0.001088,-0.000410,-0.001282,0.784800000,0.000021411,-0.000018984,0.000000,7,-0.000012816,-0.001281559,-0.000915399,-0.000915399,0.000000000,manual_A_near_upright
real,BALANCE,66.031,-0.001036,-0.000481,-0.001261,0.784800000,0.000035351,-0.000018080,0.000000,7,-0.000012609,-0.001260861,-0.000900615,-0.000900615,0.000000000,manual_A_near_upright
real,BALANCE,66.051,-0.000988,-0.000543,-0.001230,0.784800000,0.000044302,-0.000017241,0.000000,7,-0.000012303,-0.001230320,-0.000878800,-0.000878800,0.000000000,manual_A_near_upright
real,BALANCE,66.072,-0.000930,-0.000618,-0.001206,0.784800000,0.000052511,-0.000016236,0.000000,7,-0.000012059,-0.001205897,-0.000861355,-0.000861355,0.000000000,manual_A_near_upright
real,BALANCE,66.102,-0.000827,-0.000749,-0.001146,0.784800000,0.000064013,-0.000014432,0.000000,7,-0.000011457,-0.001145748,-0.000818391,-0.000818391,0.000000000,manual_A_near_upright
real,BALANCE,66.123,-0.000748,-0.000849,-0.001104,0.784800000,0.000070757,-0.000013053,0.000000,7,-0.000011041,-0.001104064,-0.000788617,-0.000788617,0.000000000,manual_A_near_upright
real,BALANCE,66.143,-0.000662,-0.000958,-0.001055,0.784800000,0.000076832,-0.000011548,0.000000,7,-0.000010552,-0.001055156,-0.000753683,-0.000753683,0.000000000,manual_A_near_upright
real,BALANCE,66.173,-0.000521,-0.001136,-0.000981,0.784800000,0.000084329,-0.000009091,0.000000,7,-0.000010039,-0.001003888,-0.000717063,-0.000717063,0.000000000,manual_A_near_upright
real,BALANCE,66.194,-0.000421,-0.001262,-0.000927,0.784800000,0.000088307,-0.000007346,0.000000,7,-0.000009267,-0.000926717,-0.000661941,-0.000661941,0.000000000,manual_A_near_upright
real,BALANCE,66.214,-0.000317,-0.001394,-0.000872,0.784800000,0.000091371,-0.000005533,0.000000,7,-0.000008719,-0.000871909,-0.000622792,-0.000622792,0.000000000,manual_A_near_upright
real,BALANCE,66.234,-0.000210,-0.001529,-0.000812,0.784800000,0.000093613,-0.000003672,0.000000,7,-0.000008118,-0.000811765,-0.000579832,-0.000579832,0.000000000,manual_A_near_upright
real,BALANCE,66.255,-0.000102,-0.001667,-0.000757,0.784800000,0.000094805,-0.000001780,0.000000,7,-0.000007570,-0.000757001,-0.000540715,-0.000540715,0.000000000,manual_A_near_upright
real,BALANCE,66.275,0.000007,-0.001807,-0.000699,0.784800000,0.000095133,0.000000122,0.000000,7,-0.000006994,-0.000699433,-0.000499595,-0.000499595,0.000000000,manual_A_near_upright
real,BALANCE,66.295,0.000116,-0.001947,-0.000641,0.784800000,0.000094563,0.000002018,0.000000,7,-0.000006676,-0.000667650,-0.000476893,-0.000476893,0.000000000,manual_A_near_upright
real,BALANCE,66.317,0.000228,-0.002093,-0.000581,0.784800000,0.000092990,0.000003982,0.000000,7,-0.000005813,-0.000581264,-0.000415189,-0.000415189,0.000000000,manual_A_near_upright
real,BALANCE,66.337,0.000328,-0.002223,-0.000531,0.784800000,0.000090679,0.000005718,0.000000,7,-0.000005308,-0.000530757,-0.000379112,-0.000379112,0.000000000,manual_A_near_upright
real,BALANCE,66.367,0.000478,-0.002421,-0.000450,0.784800000,0.000085581,0.000008344,0.000000,7,-0.000004499,-0.000449870,-0.000321336,-0.000321336,0.000000000,manual_A_near_upright
real,BALANCE,66.387,0.000573,-0.002547,-0.000401,0.784800000,0.000081155,0.000009993,0.000000,7,-0.000004005,-0.000400517,-0.000286083,-0.000286083,0.000000000,manual_A_near_upright
real,BALANCE,66.408,0.000661,-0.002667,-0.000354,0.784800000,0.000075995,0.000011542,0.000000,7,-0.000003538,-0.000353796,-0.000252712,-0.000252712,0.000000000,manual_A_near_upright
real,BALANCE,66.428,0.000744,-0.002780,-0.000310,0.784800000,0.000070148,0.000012978,0.000000,7,-0.000003105,-0.000310490,-0.000221779,-0.000221779,0.000000000,manual_A_near_upright
real,BALANCE,66.449,0.000819,-0.002885,-0.000271,0.784800000,0.000063671,0.000014288,0.000000,7,-0.000002712,-0.000271207,-0.000193719,-0.000193719,0.000000000,manual_A_near_upright
real,BALANCE,66.469,0.000886,-0.002981,-0.000236,0.784800000,0.000056635,0.000015461,0.000000,7,-0.000002361,-0.000236082,-0.000168630,-0.000168630,0.000000000,manual_A_near_upright
real,BALANCE,66.490,0.000945,-0.003067,-0.000205,0.784800000,0.000049109,0.000016485,0.000000,7,-0.000002055,-0.000205496,-0.000146783,-0.000146783,0.000000000,manual_A_near_upright
real,BALANCE,66.511,0.000994,-0.003143,-0.000180,0.784800000,0.000041169,0.000017353,0.000000,7,-0.000001797,-0.000179697,-0.000128355,-0.000128355,0.000000000,manual_A_near_upright
real,BALANCE,66.532,0.001035,-0.003207,-0.000158,0.784800000,0.000032913,0.000018057,0.000000,7,-0.000001687,-0.000168655,-0.000120468,-0.000120468,0.000000000,manual_A_near_upright
real,BALANCE,66.553,0.001065,-0.003261,-0.000143,0.784800000,0.000024369,0.000018592,0.000000,7,-0.000001428,-0.000142753,-0.000101967,-0.000101967,0.000000000,manual_A_near_upright
real,BALANCE,66.574,0.001086,-0.003302,-0.000133,0.784800000,0.000015647,0.000018953,0.000000,7,-0.000001333,-0.000133270,-0.000095193,-0.000095193,0.000000000,manual_A_near_upright
real,BALANCE,66.594,0.001097,-0.003332,-0.000128,0.784800000,0.000006868,0.000019139,0.000000,7,-0.000001276,-0.000127554,-0.000091110,-0.000091110,0.000000000,manual_A_near_upright
real,BALANCE,66.615,0.001097,-0.003349,-0.000128,0.784800000,-0.000001933,0.000019148,0.000000,7,-0.000001280,-0.000127997,-0.000091426,-0.000091426,0.000000000,manual_A_near_upright
real,BALANCE,66.645,0.001083,-0.003354,0.000259,0.784800000,-0.000006669,0.000018910,0.000000,7,0.000002595,0.000259481,0.000185343,0.000185343,0.000000000,manual_A_near_upright
real,BALANCE,66.666,0.001087,-0.003354,0.001316,0.784800000,0.000006262,0.000018966,0.000000,7,0.000013161,0.001316136,0.000940097,0.000940097,0.000000000,manual_A_near_upright
real,BALANCE,66.687,0.001090,-0.003347,0.001423,0.784800000,-0.000001539,0.000019027,0.000000,7,0.000014229,0.001422912,0.001016366,0.001016366,0.000000000,manual_A_near_upright
real,BALANCE,66.707,0.001076,-0.003324,0.001206,0.784800000,-0.000015670,0.000018773,0.000000,7,0.000012056,0.001205616,0.000861154,0.000861154,0.000000000,manual_A_near_upright
real,BALANCE,66.728,0.001052,-0.003288,0.001293,0.784800000,-0.000022985,0.000018353,0.000000,7,0.000012929,0.001292905,0.000894158,0.000894158,0.000000000,manual_A_near_upright
real,BALANCE,66.748,0.001017,-0.003241,0.001256,0.784800000,-0.000032533,0.000017758,0.000000,7,0.000012564,0.001256432,0.000897451,0.000897451,0.000000000,manual_A_near_upright
real,BALANCE,66.768,0.000973,-0.003182,0.001220,0.784800000,-0.000041522,0.000016974,0.000000,7,0.000012202,0.001220183,0.000871559,0.000871559,0.000000000,manual_A_near_upright
real,BALANCE,66.789,0.000918,-0.003111,0.001200,0.784800000,-0.000049578,0.000016027,0.000000,7,0.000012003,0.001200325,0.000857375,0.000857375,0.000000000,manual_A_near_upright
real,BALANCE,66.810,0.000855,-0.003030,0.001162,0.784800000,-0.000057371,0.000014921,0.000000,7,0.000011619,0.001161886,0.000829919,0.000829919,0.000000000,manual_A_near_upright
real,BALANCE,66.831,0.000783,-0.002939,0.001123,0.784800000,-0.000064454,0.000013670,0.000000,7,0.000011229,0.001122935,0.000802097,0.000802097,0.000000000,manual_A_near_upright
real,BALANCE,66.861,0.000662,-0.002785,0.001058,0.784800000,-0.000073766,0.000011551,0.000000,7,0.000010577,0.001057663,0.000755474,0.000755474,0.000000000,manual_A_near_upright
real,BALANCE,66.882,0.000573,-0.002672,0.001010,0.784800000,-0.000079037,0.000009998,0.000000,7,0.000010096,0.001009557,0.000721112,0.000721112,0.000000000,manual_A_near_upright
real,BALANCE,66.902,0.000478,-0.002552,0.000959,0.784800000,-0.000083493,0.000008351,0.000000,7,0.000009590,0.000959009,0.000685007,0.000685007,0.000000000,manual_A_near_upright
real,BALANCE,66.922,0.000380,-0.002427,0.000906,0.784800000,-0.000087111,0.000006627,0.000000,7,0.000009060,0.000906038,0.000647170,0.000647170,0.000000000,manual_A_near_upright
real,BALANCE,66.943,0.000278,-0.002297,0.000851,0.784800000,-0.000089859,0.000004844,0.000000,7,0.000008514,0.000851407,0.000608148,0.000608148,0.000000000,manual_A_near_upright
real,BALANCE,66.963,0.000173,-0.002164,0.000796,0.784800000,-0.000091718,0.000003018,0.000000,7,0.000007956,0.000795611,0.000568293,0.000568293,0.000000000,manual_A_near_upright
real,BALANCE,66.984,0.000067,-0.002028,0.000739,0.784800000,-0.000092681,0.000001168,0.000000,7,0.000007392,0.000739163,0.000527974,0.000527974,0.000000000,manual_A_near_upright
real,BALANCE,67.004,-0.000039,-0.001892,0.000683,0.784800000,-0.000092746,-0.000000688,0.000000,7,0.000006826,0.000682626,0.000487590,0.000487590,0.000000000,manual_A_near_upright
real,BALANCE,67.034,-0.000197,-0.001687,0.000599,0.784800000,-0.000091176,-0.000003445,0.000000,7,0.000005988,0.000598826,0.000427733,0.000427733,0.000000000,manual_A_near_upright
real,BALANCE,67.055,-0.000300,-0.001553,0.000544,0.784800000,-0.000089044,-0.000005239,0.000000,7,0.000005444,0.000544401,0.000388858,0.000388858,0.000000000,manual_A_near_upright
real,BALANCE,67.085,-0.000448,-0.001358,0.000466,0.784800000,-0.000084287,-0.000007822,0.000000,7,0.000004662,0.000466190,0.000332993,0.000332993,0.000000000,manual_A_near_upright
real,BALANCE,67.105,-0.000541,-0.001233,0.000417,0.784800000,-0.000080131,-0.000009449,0.000000,7,0.000004170,0.000417034,0.000297882,0.000297882,0.000000000,manual_A_near_upright
real,BALANCE,67.126,-0.000629,-0.001114,0.000371,0.784800000,-0.000075239,-0.000010982,0.000000,7,0.000003708,0.000370796,0.000264854,0.000264854,0.000000000,manual_A_near_upright
real,BALANCE,67.147,-0.000711,-0.001003,0.000328,0.784800000,-0.000069663,-0.000012407,0.000000,7,0.000003279,0.000327890,0.000234207,0.000234207,0.000000000,manual_A_near_upright
real,BALANCE,67.167,-0.000786,-0.000898,0.000289,0.784800000,-0.000063463,-0.000013711,0.000000,7,0.000002887,0.000288699,0.000206214,0.000206214,0.000000000,manual_A_near_upright
real,BALANCE,67.188,-0.000853,-0.000803,0.000253,0.784800000,-0.000056715,-0.000014883,0.000000,7,0.000002529,0.000252939,0.000180671,0.000180671,0.000000000,manual_A_near_upright
real,BALANCE,67.208,-0.000912,-0.000717,0.000223,0.784800000,-0.000049438,-0.000015913,0.000000,7,0.000002233,0.000223255,0.000159468,0.000159468,0.000000000,manual_A_near_upright
real,BALANCE,67.228,-0.000962,-0.000641,0.000197,0.784800000,-0.000041778,-0.000016791,0.000000,7,0.000001965,0.000196501,0.000140358,0.000140358,0.000000000,manual_A_near_upright
real,BALANCE,67.248,-0.001003,-0.000575,0.000175,0.784800000,-0.000033758,-0.000017511,0.000000,7,0.000001753,0.000175316,0.000125226,0.000125226,0.000000000,manual_A_near_upright
real,BALANCE,67.269,-0.001035,-0.000520,0.000159,0.784800000,-0.000025474,-0.000018066,0.000000,7,0.000001590,0.000159047,0.000113605,0.000113605,0.000000000,manual_A_near_upright
real,BALANCE,67.290,-0.001057,-0.000477,0.000147,0.784800000,-0.000017016,-0.000018454,0.000000,7,0.000001474,0.000147387,0.000105276,0.000105276,0.000000000,manual_A_near_upright
real,BALANCE,67.311,-0.001070,-0.000446,0.000142,0.784800000,-0.000008431,-0.000018670,0.000000,7,0.000001420,0.000142026,0.000101447,0.000101447,0.000000000,manual_A_near_upright
real,BALANCE,67.331,-0.001072,-0.000427,0.000141,0.784800000,0.000000152,-0.000018714,0.000000,7,0.000001408,0.000140819,0.000100585,0.000100585,0.000000000,manual_A_near_upright
real,BALANCE,67.351,-0.001065,-0.000419,0.000146,0.784800000,0.000008692,-0.000018587,0.000000,7,0.000001455,0.000145548,0.000103963,0.000103963,0.000000000,manual_A_near_upright
real,BALANCE,67.372,-0.001057,-0.000419,-0.000526,0.784800000,0.000003015,-0.000018454,0.000000,7,-0.000005256,-0.000525597,-0.000375427,-0.000375427,0.000000000,manual_A_near_upright
real,BALANCE,67.393,-0.001064,-0.000420,-0.001455,0.784800000,-0.000006681,-0.000018564,0.000000,7,-0.000014552,-0.001455196,-0.001039426,-0.001039426,0.000000000,manual_A_near_upright
real,BALANCE,67.423,-0.001055,-0.000442,-0.001205,0.784800000,0.000012550,-0.000018422,0.000000,7,-0.000012053,-0.001205285,-0.000860918,-0.000860918,0.000000000,manual_A_near_upright
real,BALANCE,67.444,-0.001034,-0.000474,-0.001256,0.784800000,0.000020505,-0.000018046,0.000000,7,-0.000012562,-0.001256222,-0.000897301,-0.000897301,0.000000000,manual_A_near_upright
real,BALANCE,67.464,-0.001004,-0.000517,-0.001264,0.784800000,0.000029054,-0.000017518,0.000000,7,-0.000012640,-0.001264045,-0.000902889,-0.000902889,0.000000000,manual_A_near_upright
real,BALANCE,67.485,-0.000963,-0.000572,-0.001210,0.784800000,0.000038400,-0.000016799,0.000000,7,-0.000012098,-0.001209825,-0.000864160,-0.000864160,0.000000000,manual_A_near_upright
real,BALANCE,67.505,-0.000912,-0.000639,-0.001196,0.784800000,0.000046316,-0.000015915,0.000000,7,-0.000011964,-0.001196392,-0.000854565,-0.000854565,0.000000000,manual_A_near_upright
real,BALANCE,67.526,-0.000852,-0.000716,-0.001162,0.784800000,0.000054047,-0.000014876,0.000000,7,-0.000011624,-0.001162444,-0.000830317,-0.000830317,0.000000000,manual_A_near_upright
real,BALANCE,67.546,-0.000784,-0.000803,-0.001123,0.784800000,0.000061195,-0.000013690,0.000000,7,-0.000011234,-0.001123366,-0.000802404,-0.000802404,0.000000000,manual_A_near_upright
real,BALANCE,67.577,-0.000669,-0.000950,-0.001062,0.784800000,0.000070577,-0.000011668,0.000000,7,-0.000010619,-0.001061868,-0.000758477,-0.000758477,0.000000000,manual_A_near_upright
real,BALANCE,67.597,-0.000583,-0.001059,-0.001014,0.784800000,0.000075972,-0.000010176,0.000000,7,-0.000010142,-0.001014180,-0.000724415,-0.000724415,0.000000000,manual_A_near_upright
real,BALANCE,67.617,-0.000492,-0.001174,-0.000967,0.784800000,0.000080513,-0.000008590,0.000000,7,-0.000009673,-0.000967295,-0.000690925,-0.000690925,0.000000000,manual_A_near_upright
real,BALANCE,67.638,-0.000397,-0.001295,-0.000914,0.784800000,0.000084314,-0.000006923,0.000000,7,-0.000009144,-0.000914427,-0.000653162,-0.000653162,0.000000000,manual_A_near_upright
real,BALANCE,67.659,-0.000298,-0.001421,-0.000863,0.784800000,0.000087204,-0.000005194,0.000000,7,-0.000008630,-0.000862977,-0.000616412,-0.000616412,0.000000000,manual_A_near_upright
real,BALANCE,67.679,-0.000196,-0.001551,-0.000806,0.784800000,0.000089306,-0.000003417,0.000000,7,-0.000008065,-0.000806472,-0.000576051,-0.000576051,0.000000000,manual_A_near_upright
real,BALANCE,67.700,-0.000092,-0.001684,-0.000754,0.784800000,0.000090439,-0.000001613,0.000000,7,-0.000007537,-0.000753715,-0.000538368,-0.000538368,0.000000000,manual_A_near_upright
real,BALANCE,67.721,0.000012,-0.001817,-0.000695,0.784800000,0.000090813,0.000000202,0.000000,7,-0.000006950,-0.000694999,-0.000496428,-0.000496428,0.000000000,manual_A_near_upright
real,BALANCE,67.742,0.000115,-0.001951,-0.000643,0.784800000,0.000090179,0.000002011,0.000000,7,-0.000006428,-0.000642777,-0.000459126,-0.000459126,0.000000000,manual_A_near_upright
real,BALANCE,67.762,0.000217,-0.002084,-0.000587,0.784800000,0.000088768,0.000003796,0.000000,7,-0.000005874,-0.000587419,-0.000419585,-0.000419585,0.000000000,manual_A_near_upright
real,BALANCE,67.783,0.000317,-0.002215,-0.000536,0.784800000,0.000086463,0.000005539,0.000000,7,-0.000005359,-0.000535950,-0.000382821,-0.000382821,0.000000000,manual_A_near_upright
real,BALANCE,67.804,0.000414,-0.002343,-0.000484,0.784800000,0.000083389,0.000007225,0.000000,7,-0.000004843,-0.000484325,-0.000345946,-0.000345946,0.000000000,manual_A_near_upright
real,BALANCE,67.825,0.000506,-0.002466,-0.000436,0.784800000,0.000079526,0.000008838,0.000000,7,-0.000004356,-0.000435599,-0.000311142,-0.000311142,0.000000000,manual_A_near_upright
real,BALANCE,67.845,0.000594,-0.002584,-0.000390,0.784800000,0.000074929,0.000010363,0.000000,7,-0.000003897,-0.000389658,-0.000278327,-0.000278327,0.000000000,manual_A_near_upright
real,BALANCE,67.866,0.000675,-0.002695,-0.000347,0.784800000,0.000069653,0.000011786,0.000000,7,-0.000003467,-0.000346715,-0.000247653,-0.000247653,0.000000000,manual_A_near_upright
real,BALANCE,67.887,0.000750,-0.002799,-0.000306,0.784800000,0.000063785,0.000013095,0.000000,7,-0.000003056,-0.000305596,-0.000218283,-0.000218283,0.000000000,manual_A_near_upright
real,BALANCE,67.908,0.000818,-0.002895,-0.000272,0.784800000,0.000057271,0.000014277,0.000000,7,-0.000002721,-0.000272130,-0.000194379,-0.000194379,0.000000000,manual_A_near_upright
real,BALANCE,67.928,0.000878,-0.002982,-0.000241,0.784800000,0.000050299,0.000015322,0.000000,7,-0.000002409,-0.000240890,-0.000172064,-0.000172064,0.000000000,manual_A_near_upright
real,BALANCE,67.949,0.000929,-0.003059,-0.000214,0.784800000,0.000042907,0.000016222,0.000000,7,-0.000002136,-0.000213642,-0.000152601,-0.000152601,0.000000000,manual_A_near_upright
real,BALANCE,67.970,0.000972,-0.003127,-0.000191,0.784800000,0.000035165,0.000016968,0.000000,7,-0.000001907,-0.000190728,-0.000136234,-0.000136234,0.000000000,manual_A_near_upright
real,BALANCE,67.991,0.001006,-0.003183,-0.000175,0.784800000,0.000027102,0.000017555,0.000000,7,-0.000001745,-0.000174522,-0.000124659,-0.000124659,0.000000000,manual_A_near_upright
real,BALANCE,68.011,0.001030,-0.003228,-0.000162,0.784800000,0.000018862,0.000017978,0.000000,7,-0.000001622,-0.000162219,-0.000115871,-0.000115871,0.000000000,manual_A_near_upright
real,BALANCE,68.032,0.001045,-0.003262,-0.000155,0.784800000,0.000010503,0.000018234,0.000000,7,-0.000001547,-0.000154744,-0.000110531,-0.000110531,0.000000000,manual_A_near_upright
real,BALANCE,68.053,0.001050,-0.003284,-0.000153,0.784800000,0.000002097,0.000018322,0.000000,7,-0.000001526,-0.000152576,-0.000108983,-0.000108983,0.000000000,manual_A_near_upright
real,BALANCE,68.073,0.001045,-0.003295,-0.000156,0.784800000,-0.000006275,0.000018243,0.000000,7,-0.000001556,-0.000155623,-0.000111160,-0.000111160,0.000000000,manual_A_near_upright
real,BALANCE,68.094,0.001035,-0.003296,0.000226,0.784800000,-0.000006419,0.000018071,0.000000,7,0.000002258,0.000225765,0.000161261,0.000161261,0.000000000,manual_A_near_upright
real,BALANCE,68.114,0.001039,-0.003296,0.001263,0.784800000,0.000006514,0.000018128,0.000000,7,0.000012629,0.001262904,0.000902075,0.000902075,0.000000000,manual_A_near_upright
real,BALANCE,68.144,0.001040,-0.003281,0.001231,0.784800000,-0.000008570,0.000018148,0.000000,7,0.000014376,0.001437617,0.001026869,0.001026869,0.000000000,manual_A_near_upright
real,BALANCE,68.165,0.001021,-0.003253,0.001219,0.784800000,-0.000017788,0.000017825,0.000000,7,0.000012189,0.001218875,0.000870625,0.000870625,0.000000000,manual_A_near_upright
real,BALANCE,68.195,0.000978,-0.003190,0.001238,0.784800000,-0.000030253,0.000017066,0.000000,7,0.000012381,0.001238142,0.000884387,0.000884387,0.000000000,manual_A_near_upright
real,BALANCE,68.215,0.000936,-0.003134,0.001199,0.784800000,-0.000039029,0.000016331,0.000000,7,0.000012102,0.001210245,0.000864461,0.000864461,0.000000000,manual_A_near_upright
real,BALANCE,68.236,0.000885,-0.003067,0.001183,0.784800000,-0.000046770,0.000015438,0.000000,7,0.000011829,0.001182892,0.000844923,0.000844923,0.000000000,manual_A_near_upright
real,BALANCE,68.257,0.000825,-0.002989,0.001146,0.784800000,-0.000054316,0.000014392,0.000000,7,0.000011463,0.001146270,0.000818764,0.000818764,0.000000000,manual_A_near_upright
real,BALANCE,68.277,0.000757,-0.002902,0.001109,0.784800000,-0.000061186,0.000013205,0.000000,7,0.000011275,0.001127470,0.000805336,0.000805336,0.000000000,manual_A_near_upright
real,BALANCE,68.298,0.000681,-0.002806,0.001069,0.784800000,-0.000067383,0.000011890,0.000000,7,0.000010691,0.001069076,0.000763626,0.000763626,0.000000000,manual_A_near_upright
real,BALANCE,68.328,0.000556,-0.002647,0.001001,0.784800000,-0.000075373,0.000009709,0.000000,7,0.000010244,0.001024374,0.000731695,0.000731695,0.000000000,manual_A_near_upright
real,BALANCE,68.349,0.000466,-0.002532,0.000953,0.784800000,-0.000079733,0.000008137,0.000000,7,0.000009529,0.000952877,0.000680626,0.000680626,0.000000000,manual_A_near_upright
real,BALANCE,68.369,0.000372,-0.002412,0.000902,0.784800000,-0.000083290,0.000006489,0.000000,7,0.000009022,0.000902216,0.000644440,0.000644440,0.000000000,manual_A_near_upright
real,BALANCE,68.389,0.000274,-0.002287,0.000848,0.784800000,-0.000086061,0.000004782,0.000000,7,0.000008476,0.000847590,0.000605421,0.000605421,0.000000000,manual_A_near_upright
real,BALANCE,68.410,0.000174,-0.002159,0.000797,0.784800000,-0.000087877,0.000003033,0.000000,7,0.000007967,0.000796685,0.000569060,0.000569060,0.000000000,manual_A_near_upright
real,BALANCE,68.430,0.000072,-0.002029,0.000743,0.784800000,-0.000088887,0.000001259,0.000000,7,0.000007426,0.000742578,0.000530413,0.000530413,0.000000000,manual_A_near_upright
real,BALANCE,68.451,-0.000030,-0.001897,0.000688,0.784800000,-0.000089047,-0.000000522,0.000000,7,0.000006877,0.000687725,0.000491232,0.000491232,0.000000000,manual_A_near_upright
real,BALANCE,68.471,-0.000131,-0.001765,0.000634,0.784800000,-0.000088330,-0.000002294,0.000000,7,0.000006341,0.000634139,0.000452957,0.000452957,0.000000000,manual_A_near_upright
real,BALANCE,68.491,-0.000231,-0.001635,0.000581,0.784800000,-0.000086779,-0.000004040,0.000000,7,0.000005810,0.000581045,0.000415032,0.000415032,0.000000000,manual_A_near_upright
real,BALANCE,68.512,-0.000329,-0.001507,0.000529,0.784800000,-0.000084407,-0.000005742,0.000000,7,0.000005294,0.000529390,0.000378136,0.000378136,0.000000000,manual_A_near_upright
real,BALANCE,68.532,-0.000423,-0.001382,0.000480,0.784800000,-0.000081242,-0.000007386,0.000000,7,0.000005043,0.000504268,0.000360191,0.000360191,0.000000000,manual_A_near_upright
real,BALANCE,68.553,-0.000513,-0.001262,0.000432,0.784800000,-0.000077323,-0.000008955,0.000000,7,0.000004322,0.000432205,0.000308718,0.000308718,0.000000000,manual_A_near_upright
real,BALANCE,68.583,-0.000638,-0.001092,0.000366,0.784800000,-0.000070126,-0.000011138,0.000000,7,0.000003664,0.000366352,0.000261680,0.000261680,0.000000000,manual_A_near_upright
real,BALANCE,68.604,-0.000714,-0.000987,0.000327,0.784800000,-0.000064524,-0.000012461,0.000000,7,0.000003266,0.000326558,0.000233256,0.000233256,0.000000000,manual_A_near_upright
real,BALANCE,68.624,-0.000783,-0.000890,0.000290,0.784800000,-0.000058346,-0.000013663,0.000000,7,0.000003080,0.000308030,0.000220022,0.000220022,0.000000000,manual_A_near_upright
real,BALANCE,68.645,-0.000844,-0.000802,0.000258,0.784800000,-0.000051656,-0.000014733,0.000000,7,0.000002584,0.000258402,0.000184573,0.000184573,0.000000000,manual_A_near_upright
real,BALANCE,68.665,-0.000897,-0.000723,0.000231,0.784800000,-0.000044520,-0.000015664,0.000000,7,0.000002306,0.000230627,0.000164733,0.000164733,0.000000000,manual_A_near_upright
real,BALANCE,68.686,-0.000942,-0.000653,0.000207,0.784800000,-0.000037009,-0.000016446,0.000000,7,0.000002074,0.000207376,0.000148126,0.000148126,0.000000000,manual_A_near_upright
real,BALANCE,68.706,-0.000978,-0.000594,0.000189,0.784800000,-0.000029199,-0.000017073,0.000000,7,0.000001888,0.000188838,0.000134885,0.000134885,0.000000000,manual_A_near_upright
real,BALANCE,68.727,-0.001005,-0.000546,0.000175,0.784800000,-0.000021165,-0.000017541,0.000000,7,0.000001752,0.000175153,0.000125109,0.000125109,0.000000000,manual_A_near_upright
real,BALANCE,68.748,-0.001022,-0.000509,0.000166,0.784800000,-0.000012985,-0.000017846,0.000000,7,0.000001664,0.000166414,0.000118867,0.000118867,0.000000000,manual_A_near_upright
real,BALANCE,68.768,-0.001031,-0.000483,0.000163,0.784800000,-0.000004737,-0.000017986,0.000000,7,0.000001627,0.000162669,0.000116192,0.000116192,0.000000000,manual_A_near_upright
real,BALANCE,68.789,-0.001029,-0.000469,0.000164,0.784800000,0.000003500,-0.000017961,0.000000,7,0.000001639,0.000163916,0.000117083,0.000117083,0.000000000,manual_A_near_upright
real,BALANCE,68.818,-0.001016,-0.000466,-0.000367,0.784800000,0.000004417,-0.000017737,0.000000,7,0.000000712,0.000071239,0.000050885,0.000050885,0.000000000,manual_A_near_upright
real,BALANCE,68.839,-0.001021,-0.000466,-0.001323,0.784800000,-0.000006803,-0.000017821,0.000000,7,-0.000013231,-0.001323097,-0.000945069,-0.000945069,0.000000000,manual_A_near_upright
real,BALANCE,68.859,-0.001024,-0.000475,-0.001351,0.784800000,0.000002102,-0.000017867,0.000000,7,-0.000013506,-0.001350619,-0.000964728,-0.000964728,0.000000000,manual_A_near_upright
real,BALANCE,68.880,-0.001010,-0.000498,-0.001184,0.784800000,0.000014607,-0.000017627,0.000000,7,-0.000011845,-0.001184465,-0.000846046,-0.000846046,0.000000000,manual_A_near_upright
real,BALANCE,68.901,-0.000987,-0.000532,-0.001259,0.784800000,0.000021690,-0.000017233,0.000000,7,-0.000012589,-0.001258896,-0.000899211,-0.000899211,0.000000000,manual_A_near_upright
real,BALANCE,68.921,-0.000955,-0.000577,-0.001221,0.784800000,0.000030771,-0.000016670,0.000000,7,-0.000012210,-0.001220986,-0.000872133,-0.000872133,0.000000000,manual_A_near_upright
real,BALANCE,68.943,-0.000913,-0.000634,-0.001190,0.784800000,0.000039176,-0.000015930,0.000000,7,-0.000011904,-0.001190430,-0.000850307,-0.000850307,0.000000000,manual_A_near_upright
real,BALANCE,68.972,-0.000833,-0.000739,-0.001153,0.784800000,0.000050547,-0.000014531,0.000000,7,-0.000011528,-0.001152830,-0.000823450,-0.000823450,0.000000000,manual_A_near_upright
real,BALANCE,68.993,-0.000769,-0.000822,-0.001116,0.784800000,0.000057578,-0.000013417,0.000000,7,-0.000011158,-0.001115784,-0.000796989,-0.000796989,0.000000000,manual_A_near_upright
real,BALANCE,69.013,-0.000697,-0.000913,-0.001078,0.784800000,0.000063920,-0.000012173,0.000000,7,-0.000010780,-0.001077988,-0.000769992,-0.000769992,0.000000000,manual_A_near_upright
real,BALANCE,69.034,-0.000619,-0.001013,-0.001036,0.784800000,0.000069610,-0.000010811,0.000000,7,-0.000010356,-0.001035630,-0.000739735,-0.000739735,0.000000000,manual_A_near_upright
real,BALANCE,69.055,-0.000531,-0.001125,-0.000985,0.784800000,0.000074854,-0.000009269,0.000000,7,-0.000009854,-0.000985440,-0.000703886,-0.000703886,0.000000000,manual_A_near_upright
real,BALANCE,69.075,-0.000446,-0.001233,-0.000943,0.784800000,0.000078756,-0.000007791,0.000000,7,-0.000009431,-0.000943094,-0.000673638,-0.000673638,0.000000000,manual_A_near_upright
real,BALANCE,69.096,-0.000353,-0.001352,-0.000892,0.784800000,0.000082186,-0.000006164,0.000000,7,-0.000008918,-0.000891783,-0.000636988,-0.000636988,0.000000000,manual_A_near_upright
real,BALANCE,69.116,-0.000257,-0.001475,-0.000839,0.784800000,0.000084794,-0.000004481,0.000000,7,-0.000008389,-0.000838932,-0.000599237,-0.000599237,0.000000000,manual_A_near_upright
real,BALANCE,69.137,-0.000158,-0.001602,-0.000786,0.784800000,0.000086535,-0.000002759,0.000000,7,-0.000007862,-0.000786246,-0.000561604,-0.000561604,0.000000000,manual_A_near_upright
real,BALANCE,69.157,-0.000058,-0.001730,-0.000736,0.784800000,0.000087377,-0.000001015,0.000000,7,-0.000007610,-0.000760969,-0.000543549,-0.000543549,0.000000000,manual_A_near_upright
real,BALANCE,69.178,0.000042,-0.001860,-0.000680,0.784800000,0.000087461,0.000000736,0.000000,7,-0.000006804,-0.000680385,-0.000485989,-0.000485989,0.000000000,manual_A_near_upright
real,BALANCE,69.198,0.000142,-0.001989,-0.000629,0.784800000,0.000086628,0.000002474,0.000000,7,-0.000006293,-0.000629332,-0.000449523,-0.000449523,0.000000000,manual_A_near_upright
real,BALANCE,69.219,0.000240,-0.002117,-0.000577,0.784800000,0.000085022,0.000004185,0.000000,7,-0.000005767,-0.000576689,-0.000411921,-0.000411921,0.000000000,manual_A_near_upright
real,BALANCE,69.239,0.000335,-0.002243,-0.000526,0.784800000,0.000082597,0.000005852,0.000000,7,-0.000005262,-0.000526173,-0.000375838,-0.000375838,0.000000000,manual_A_near_upright
real,BALANCE,69.260,0.000427,-0.002365,-0.000478,0.784800000,0.000079397,0.000007458,0.000000,7,-0.000004777,-0.000477652,-0.000341180,-0.000341180,0.000000000,manual_A_near_upright
real,BALANCE,69.280,0.000515,-0.002483,-0.000431,0.784800000,0.000075464,0.000008991,0.000000,7,-0.000004313,-0.000431256,-0.000308040,-0.000308040,0.000000000,manual_A_near_upright
real,BALANCE,69.300,0.000598,-0.002595,-0.000388,0.784800000,0.000070835,0.000010434,0.000000,7,-0.000003877,-0.000387725,-0.000276947,-0.000276947,0.000000000,manual_A_near_upright
real,BALANCE,69.321,0.000675,-0.002701,-0.000347,0.784800000,0.000065562,0.000011775,0.000000,7,-0.000003473,-0.000347331,-0.000248094,-0.000248094,0.000000000,manual_A_near_upright
real,BALANCE,69.342,0.000745,-0.002799,-0.000310,0.784800000,0.000059702,0.000013002,0.000000,7,-0.000003104,-0.000310435,-0.000221739,-0.000221739,0.000000000,manual_A_near_upright
real,BALANCE,69.362,0.000808,-0.002889,-0.000277,0.784800000,0.000053312,0.000014105,0.000000,7,-0.000002774,-0.000277385,-0.000198132,-0.000198132,0.000000000,manual_A_near_upright
real,BALANCE,69.382,0.000864,-0.002971,-0.000248,0.784800000,0.000046460,0.000015072,0.000000,7,-0.000002485,-0.000248454,-0.000177467,-0.000177467,0.000000000,manual_A_near_upright
real,BALANCE,69.403,0.000911,-0.003043,-0.000224,0.784800000,0.000039212,0.000015897,0.000000,7,-0.000002239,-0.000223887,-0.000159919,-0.000159919,0.000000000,manual_A_near_upright
real,BALANCE,69.433,0.000966,-0.003132,-0.000196,0.784800000,0.000027758,0.000016851,0.000000,7,-0.000002039,-0.000203884,-0.000145631,-0.000145631,0.000000000,manual_A_near_upright
real,BALANCE,69.454,0.000991,-0.003178,-0.000183,0.784800000,0.000019843,0.000017292,0.000000,7,-0.000001828,-0.000182772,-0.000130552,-0.000130552,0.000000000,manual_A_near_upright
real,BALANCE,69.474,0.001007,-0.003213,-0.000175,0.784800000,0.000011793,0.000017572,0.000000,7,-0.000001782,-0.000178155,-0.000127253,-0.000127253,0.000000000,manual_A_near_upright
real,BALANCE,69.495,0.001014,-0.003237,-0.000172,0.784800000,0.000003686,0.000017691,0.000000,7,-0.000001717,-0.000171669,-0.000122621,-0.000122621,0.000000000,manual_A_near_upright
real,BALANCE,69.516,0.001011,-0.003250,-0.000173,0.784800000,-0.000004402,0.000017647,0.000000,7,-0.000001735,-0.000173475,-0.000123910,-0.000123910,0.000000000,manual_A_near_upright
real,BALANCE,69.536,0.001001,-0.003252,0.000001,0.784800000,-0.000008602,0.000017470,0.000000,7,0.000000008,0.000000841,0.000000601,0.000000601,0.000000000,manual_A_near_upright
real,BALANCE,69.557,0.001001,-0.003252,0.000965,0.784800000,0.000003329,0.000017466,0.000000,7,0.000009647,0.000964665,0.000689046,0.000689046,0.000000000,manual_A_near_upright
real,BALANCE,69.577,0.001008,-0.003249,0.001477,0.784800000,0.000004849,0.000017595,0.000000,7,0.000014766,0.001476579,0.001054699,0.001054699,0.000000000,manual_A_near_upright
real,BALANCE,69.598,0.001001,-0.003232,0.001190,0.784800000,-0.000010320,0.000017472,0.000000,7,0.000011902,0.001190164,0.000850117,0.000850117,0.000000000,manual_A_near_upright
real,BALANCE,69.618,0.000982,-0.003203,0.001221,0.784800000,-0.000018294,0.000017139,0.000000,7,0.000012215,0.001221492,0.000872494,0.000872494,0.000000000,manual_A_near_upright
real,BALANCE,69.639,0.000955,-0.003162,0.001240,0.784800000,-0.000026255,0.000016663,0.000000,7,0.000012396,0.001239624,0.000885446,0.000885446,0.000000000,manual_A_near_upright
real,BALANCE,69.659,0.000917,-0.003111,0.001190,0.784800000,-0.000035179,0.000016007,0.000000,7,0.000011899,0.001189891,0.000849922,0.000849922,0.000000000,manual_A_near_upright
real,BALANCE,69.680,0.000870,-0.003049,0.001174,0.784800000,-0.000042859,0.000015191,0.000000,7,0.000011737,0.001173719,0.000838371,0.000838371,0.000000000,manual_A_near_upright
real,BALANCE,69.710,0.000784,-0.002936,0.001125,0.784800000,-0.000053794,0.000013690,0.000000,7,0.000011247,0.001124668,0.000803335,0.000803335,0.000000000,manual_A_near_upright
real,BALANCE,69.730,0.000717,-0.002850,0.001089,0.784800000,-0.000060323,0.000012518,0.000000,7,0.000010886,0.001088565,0.000777547,0.000777547,0.000000000,manual_A_near_upright
real,BALANCE,69.751,0.000643,-0.002755,0.001049,0.784800000,-0.000066208,0.000011225,0.000000,7,0.000010489,0.001048877,0.000749198,0.000749198,0.000000000,manual_A_near_upright
real,BALANCE,69.772,0.000563,-0.002652,0.001005,0.784800000,-0.000071418,0.000009824,0.000000,7,0.000010051,0.001005140,0.000717957,0.000717957,0.000000000,manual_A_near_upright
real,BALANCE,69.802,0.000433,-0.002486,0.000936,0.784800000,-0.000077819,0.000007552,0.000000,7,0.000009580,0.000957992,0.000684280,0.000684280,0.000000000,manual_A_near_upright
real,BALANCE,69.822,0.000341,-0.002369,0.000886,0.784800000,-0.000081117,0.000005946,0.000000,7,0.000009115,0.000911478,0.000651056,0.000651056,0.000000000,manual_A_near_upright
real,BALANCE,69.843,0.000246,-0.002247,0.000835,0.784800000,-0.000083614,0.000004286,0.000000,7,0.000008348,0.000834828,0.000596305,0.000596305,0.000000000,manual_A_near_upright
real,BALANCE,69.864,0.000148,-0.002122,0.000783,0.784800000,-0.000085268,0.000002589,0.000000,7,0.000008091,0.000809136,0.000577954,0.000577954,0.000000000,manual_A_near_upright
real,BALANCE,69.885,0.000050,-0.001995,0.000731,0.784800000,-0.000086095,0.000000870,0.000000,7,0.000007307,0.000730659,0.000521899,0.000521899,0.000000000,manual_A_near_upright
real,BALANCE,69.905,-0.000054,-0.001861,0.000675,0.784800000,-0.000086073,-0.000000939,0.000000,7,0.000006751,0.000675060,0.000482186,0.000482186,0.000000000,manual_A_near_upright
real,BALANCE,69.926,-0.000147,-0.001740,0.000628,0.784800000,-0.000085207,-0.000002564,0.000000,7,0.000006282,0.000628166,0.000448690,0.000448690,0.000000000,manual_A_near_upright
real,BALANCE,69.946,-0.000243,-0.001614,0.000574,0.784800000,-0.000083616,-0.000004246,0.000000,7,0.000005743,0.000574283,0.000410202,0.000410202,0.000000000,manual_A_near_upright
real,BALANCE,69.967,-0.000342,-0.001484,0.000523,0.784800000,-0.000081026,-0.000005965,0.000000,7,0.000005225,0.000522541,0.000373243,0.000373243,0.000000000,manual_A_near_upright
real,BALANCE,69.987,-0.000428,-0.001370,0.000478,0.784800000,-0.000077947,-0.000007462,0.000000,7,0.000004782,0.000478157,0.000341541,0.000341541,0.000000000,manual_A_near_upright
real,BALANCE,70.007,-0.000514,-0.001254,0.000430,0.784800000,-0.000074079,-0.000008966,0.000000,7,0.000004301,0.000430114,0.000307224,0.000307224,0.000000000,manual_A_near_upright
real,BALANCE,70.037,-0.000633,-0.001091,0.000370,0.784800000,-0.000066868,-0.000011052,0.000000,7,0.000003702,0.000370224,0.000264446,0.000264446,0.000000000,manual_A_near_upright
real,BALANCE,70.058,-0.000705,-0.000990,0.000331,0.784800000,-0.000061360,-0.000012310,0.000000,7,0.000003314,0.000331358,0.000236684,0.000236684,0.000000000,manual_A_near_upright
real,BALANCE,70.078,-0.000771,-0.000898,0.000297,0.784800000,-0.000055289,-0.000013450,0.000000,7,0.000003133,0.000313347,0.000223819,0.000223819,0.000000000,manual_A_near_upright
real,BALANCE,70.099,-0.000829,-0.000814,0.000266,0.784800000,-0.000048737,-0.000014462,0.000000,7,0.000002661,0.000266063,0.000190045,0.000190045,0.000000000,manual_A_near_upright
real,BALANCE,70.119,-0.000879,-0.000738,0.000241,0.784800000,-0.000041732,-0.000015336,0.000000,7,0.000002412,0.000241192,0.000172280,0.000172280,0.000000000,manual_A_near_upright
real,BALANCE,70.139,-0.000920,-0.000673,0.000218,0.784800000,-0.000034437,-0.000016065,0.000000,7,0.000002179,0.000217895,0.000155639,0.000155639,0.000000000,manual_A_near_upright
real,BALANCE,70.169,-0.000967,-0.000594,0.000195,0.784800000,-0.000022916,-0.000016875,0.000000,7,0.000001955,0.000195476,0.000139625,0.000139625,0.000000000,manual_A_near_upright
real,BALANCE,70.199,-0.000993,-0.000539,0.000182,0.784800000,-0.000011061,-0.000017332,0.000000,7,0.000001820,0.000182020,0.000130014,0.000130014,0.000000000,manual_A_near_upright
real,BALANCE,70.220,-0.000999,-0.000516,0.000179,0.784800000,-0.000003074,-0.000017437,0.000000,7,0.000001793,0.000179274,0.000128053,0.000128053,0.000000000,manual_A_near_upright
real,BALANCE,70.250,-0.000991,-0.000502,0.000184,0.784800000,0.000008840,-0.000017297,0.000000,7,0.000001843,0.000184336,0.000131669,0.000131669,0.000000000,manual_A_near_upright
real,BALANCE,70.271,-0.000984,-0.000502,-0.000501,0.784800000,0.000002293,-0.000017181,0.000000,7,-0.000005010,-0.000501026,-0.000357875,-0.000357875,0.000000000,manual_A_near_upright
real,BALANCE,70.292,-0.000991,-0.000503,-0.001365,0.784800000,-0.000007107,-0.000017291,0.000000,7,-0.000013648,-0.001364846,-0.000974890,-0.000974890,0.000000000,manual_A_near_upright
real,BALANCE,70.312,-0.000991,-0.000514,-0.001272,0.784800000,0.000004495,-0.000017297,0.000000,7,-0.000014236,-0.001423645,-0.001016889,-0.001016889,0.000000000,manual_A_near_upright
real,BALANCE,70.332,-0.000978,-0.000537,-0.001193,0.784800000,0.000014419,-0.000017061,0.000000,7,-0.000011931,-0.001193107,-0.000852219,-0.000852219,0.000000000,manual_A_near_upright
real,BALANCE,70.352,-0.000955,-0.000571,-0.001238,0.784800000,0.000021861,-0.000016667,0.000000,7,-0.000012259,-0.001225912,-0.000875651,-0.000875651,0.000000000,manual_A_near_upright
real,BALANCE,70.373,-0.000923,-0.000617,-0.001200,0.784800000,0.000030664,-0.000016102,0.000000,7,-0.000012004,-0.001200354,-0.000857396,-0.000857396,0.000000000,manual_A_near_upright
real,BALANCE,70.403,-0.000856,-0.000705,-0.001167,0.784800000,0.000042422,-0.000014949,0.000000,7,-0.000011762,-0.001176220,-0.000840157,-0.000840157,0.000000000,manual_A_near_upright
real,BALANCE,70.424,-0.000802,-0.000777,-0.001136,0.784800000,0.000049732,-0.000013994,0.000000,7,-0.000011357,-0.001135677,-0.000811198,-0.000811198,0.000000000,manual_A_near_upright
real,BALANCE,70.445,-0.000739,-0.000859,-0.001100,0.784800000,0.000056491,-0.000012900,0.000000,7,-0.000011004,-0.001100385,-0.000785989,-0.000785989,0.000000000,manual_A_near_upright
real,BALANCE,70.465,-0.000669,-0.000948,-0.001064,0.784800000,0.000062576,-0.000011681,0.000000,7,-0.000010644,-0.001064427,-0.000760305,-0.000760305,0.000000000,manual_A_near_upright
real,BALANCE,70.486,-0.000593,-0.001046,-0.001022,0.784800000,0.000068069,-0.000010348,0.000000,7,-0.000010219,-0.001021900,-0.000729928,-0.000729928,0.000000000,manual_A_near_upright
real,BALANCE,70.516,-0.000468,-0.001206,-0.000954,0.784800000,0.000074933,-0.000008168,0.000000,7,-0.000009544,-0.000954381,-0.000681701,-0.000681701,0.000000000,manual_A_near_upright
real,BALANCE,70.537,-0.000379,-0.001320,-0.000907,0.784800000,0.000078559,-0.000006616,0.000000,7,-0.000009067,-0.000906721,-0.000647658,-0.000647658,0.000000000,manual_A_near_upright
real,BALANCE,70.557,-0.000287,-0.001438,-0.000857,0.784800000,0.000081401,-0.000005002,0.000000,7,-0.000008570,-0.000857023,-0.000612159,-0.000612159,0.000000000,manual_A_near_upright
real,BALANCE,70.578,-0.000192,-0.001560,-0.000806,0.784800000,0.000083429,-0.000003343,0.000000,7,-0.000008063,-0.000806328,-0.000575948,-0.000575948,0.000000000,manual_A_near_upright
real,BALANCE,70.598,-0.000095,-0.001685,-0.000755,0.784800000,0.000084639,-0.000001655,0.000000,7,-0.000007547,-0.000754749,-0.000539106,-0.000539106,0.000000000,manual_A_near_upright
real,BALANCE,70.618,0.000003,-0.001810,-0.000703,0.784800000,0.000085023,0.000000044,0.000000,7,-0.000007029,-0.000702896,-0.000502068,-0.000502068,0.000000000,manual_A_near_upright
real,BALANCE,70.639,0.000100,-0.001937,-0.000653,0.784800000,0.000084550,0.000001740,0.000000,7,-0.000006530,-0.000652977,-0.000466412,-0.000466412,0.000000000,manual_A_near_upright
real,BALANCE,70.659,0.000196,-0.002062,-0.000601,0.784800000,0.000083332,0.000003414,0.000000,7,-0.000006007,-0.000600727,-0.000429090,-0.000429090,0.000000000,manual_A_near_upright
real,BALANCE,70.679,0.000290,-0.002185,-0.000550,0.784800000,0.000081313,0.000005053,0.000000,7,-0.000005501,-0.000550058,-0.000392899,-0.000392899,0.000000000,manual_A_near_upright
real,BALANCE,70.700,0.000380,-0.002306,-0.000503,0.784800000,0.000078492,0.000006639,0.000000,7,-0.000005028,-0.000502815,-0.000359153,-0.000359153,0.000000000,manual_A_near_upright
real,BALANCE,70.730,0.000509,-0.002479,-0.000434,0.784800000,0.000072935,0.000008890,0.000000,7,-0.000004344,-0.000434404,-0.000310289,-0.000310289,0.000000000,manual_A_near_upright
real,BALANCE,70.751,0.000589,-0.002587,-0.000392,0.784800000,0.000068376,0.000010284,0.000000,7,-0.000003925,-0.000392457,-0.000280327,-0.000280327,0.000000000,manual_A_near_upright
real,BALANCE,70.771,0.000667,-0.002695,-0.000351,0.784800000,0.000062931,0.000011639,0.000000,7,-0.000003513,-0.000351281,-0.000250915,-0.000250915,0.000000000,manual_A_near_upright
real,BALANCE,70.791,0.000734,-0.002790,-0.000316,0.784800000,0.000057150,0.000012815,0.000000,7,-0.000003164,-0.000316377,-0.000225983,-0.000225983,0.000000000,manual_A_near_upright
real,BALANCE,70.812,0.000792,-0.002872,-0.000288,0.784800000,0.000051172,0.000013817,0.000000,7,-0.000002876,-0.000287603,-0.000205431,-0.000205431,0.000000000,manual_A_near_upright
real,BALANCE,70.832,0.000845,-0.002951,-0.000258,0.784800000,0.000044517,0.000014745,0.000000,7,-0.000002579,-0.000257873,-0.000184195,-0.000184195,0.000000000,manual_A_near_upright
real,BALANCE,70.852,0.000890,-0.003020,-0.000235,0.784800000,0.000037427,0.000015533,0.000000,7,-0.000002351,-0.000235061,-0.000167900,-0.000167900,0.000000000,manual_A_near_upright
real,BALANCE,70.873,0.000928,-0.003082,-0.000215,0.784800000,0.000029672,0.000016203,0.000000,7,-0.000002151,-0.000215055,-0.000153611,-0.000153611,0.000000000,manual_A_near_upright
real,BALANCE,70.893,0.000955,-0.003129,-0.000201,0.784800000,0.000022432,0.000016666,0.000000,7,-0.000002014,-0.000201369,-0.000143835,-0.000143835,0.000000000,manual_A_near_upright
real,BALANCE,70.914,0.000974,-0.003167,-0.000192,0.784800000,0.000014643,0.000017002,0.000000,7,-0.000001921,-0.000192107,-0.000137219,-0.000137219,0.000000000,manual_A_near_upright
real,BALANCE,70.934,0.000984,-0.003195,-0.000187,0.784800000,0.000006786,0.000017181,0.000000,7,-0.000001868,-0.000186764,-0.000133403,-0.000133403,0.000000000,manual_A_near_upright
real,BALANCE,70.955,0.000986,-0.003212,-0.000187,0.784800000,-0.000001094,0.000017202,0.000000,7,-0.000001867,-0.000186719,-0.000133371,-0.000133371,0.000000000,manual_A_near_upright
real,BALANCE,70.975,0.000978,-0.003218,-0.000191,0.784800000,-0.000008908,0.000017067,0.000000,7,-0.000001913,-0.000191277,-0.000136626,-0.000136626,0.000000000,manual_A_near_upright
real,BALANCE,70.995,0.000972,-0.003218,0.000554,0.784800000,-0.000001413,0.000016958,0.000000,7,0.000005542,0.000554181,0.000395843,0.000395843,0.000000000,manual_A_near_upright
real,BALANCE,71.016,0.000978,-0.003218,0.001357,0.784800000,0.000007216,0.000017072,0.000000,7,0.000013574,0.001357438,0.000969598,0.000969598,0.000000000,manual_A_near_upright
real,BALANCE,71.046,0.000974,-0.003197,0.001177,0.784800000,-0.000010056,0.000016993,0.000000,7,0.000011766,0.001176623,0.000840445,0.000840445,0.000000000,manual_A_near_upright
real,BALANCE,71.067,0.000955,-0.003168,0.001216,0.784800000,-0.000017653,0.000016674,0.000000,7,0.000012162,0.001216197,0.000868712,0.000868712,0.000000000,manual_A_near_upright
real,BALANCE,71.087,0.000929,-0.003129,0.001221,0.784800000,-0.000025684,0.000016209,0.000000,7,0.000012212,0.001221237,0.000872312,0.000872312,0.000000000,manual_A_near_upright
real,BALANCE,71.117,0.000870,-0.003049,0.001170,0.784800000,-0.000038092,0.000015189,0.000000,7,0.000011697,0.001169662,0.000835473,0.000835473,0.000000000,manual_A_near_upright
real,BALANCE,71.138,0.000821,-0.002983,0.001148,0.784800000,-0.000045426,0.000014321,0.000000,7,0.000011483,0.001148285,0.000820203,0.000820203,0.000000000,manual_A_near_upright
real,BALANCE,71.168,0.000731,-0.002866,0.001096,0.784800000,-0.000055708,0.000012754,0.000000,7,0.000010958,0.001095844,0.000782746,0.000782746,0.000000000,manual_A_near_upright
real,BALANCE,71.189,0.000662,-0.002777,0.001059,0.784800000,-0.000061752,0.000011551,0.000000,7,0.000010594,0.001059415,0.000756725,0.000756725,0.000000000,manual_A_near_upright
real,BALANCE,71.210,0.000586,-0.002680,0.001018,0.784800000,-0.000067172,0.000010236,0.000000,7,0.000010183,0.001018331,0.000727379,0.000727379,0.000000000,manual_A_near_upright
real,BALANCE,71.230,0.000506,-0.002576,0.000975,0.784800000,-0.000071888,0.000008823,0.000000,7,0.000009746,0.000974634,0.000696167,0.000696167,0.000000000,manual_A_near_upright
real,BALANCE,71.251,0.000420,-0.002467,0.000929,0.784800000,-0.000075865,0.000007326,0.000000,7,0.000009286,0.000928613,0.000663295,0.000663295,0.000000000,manual_A_near_upright
real,BALANCE,71.271,0.000330,-0.002352,0.000880,0.784800000,-0.000079077,0.000005761,0.000000,7,0.000008805,0.000880481,0.000628915,0.000628915,0.000000000,manual_A_near_upright
real,BALANCE,71.292,0.000237,-0.002233,0.000831,0.784800000,-0.000081498,0.000004143,0.000000,7,0.000008309,0.000830895,0.000593496,0.000593496,0.000000000,manual_A_near_upright
real,BALANCE,71.313,0.000143,-0.002111,0.000780,0.784800000,-0.000083113,0.000002489,0.000000,7,0.000007803,0.000780282,0.000557344,0.000557344,0.000000000,manual_A_near_upright
real,BALANCE,71.333,0.000047,-0.001987,0.000727,0.784800000,-0.000083961,0.000000813,0.000000,7,0.000007269,0.000726854,0.000519181,0.000519181,0.000000000,manual_A_near_upright
real,BALANCE,71.353,-0.000050,-0.001862,0.000678,0.784800000,-0.000083892,-0.000000867,0.000000,7,0.000007021,0.000702141,0.000501529,0.000501529,0.000000000,manual_A_near_upright
real,BALANCE,71.374,-0.000145,-0.001737,0.000628,0.784800000,-0.000083071,-0.000002534,0.000000,7,0.000006275,0.000627502,0.000448216,0.000448216,0.000000000,manual_A_near_upright
real,BALANCE,71.394,-0.000239,-0.001614,0.000577,0.784800000,-0.000081469,-0.000004174,0.000000,7,0.000005771,0.000577143,0.000412245,0.000412245,0.000000000,manual_A_near_upright
real,BALANCE,71.415,-0.000331,-0.001493,0.000527,0.784800000,-0.000079124,-0.000005770,0.000000,7,0.000005269,0.000526897,0.000376355,0.000376355,0.000000000,manual_A_near_upright
real,BALANCE,71.436,-0.000419,-0.001376,0.000483,0.784800000,-0.000075948,-0.000007308,0.000000,7,0.000004827,0.000482660,0.000344757,0.000344757,0.000000000,manual_A_near_upright
real,BALANCE,71.457,-0.000503,-0.001263,0.000438,0.784800000,-0.000072119,-0.000008772,0.000000,7,0.000004384,0.000438396,0.000313140,0.000313140,0.000000000,manual_A_near_upright
real,BALANCE,71.477,-0.000582,-0.001155,0.000396,0.784800000,-0.000067636,-0.000010151,0.000000,7,0.000003963,0.000396295,0.000283068,0.000283068,0.000000000,manual_A_near_upright
real,BALANCE,71.497,-0.000655,-0.001054,0.000358,0.784800000,-0.000062523,-0.000011430,0.000000,7,0.000003580,0.000358039,0.000255742,0.000255742,0.000000000,manual_A_near_upright
real,BALANCE,71.518,-0.000722,-0.000960,0.000323,0.784800000,-0.000056856,-0.000012600,0.000000,7,0.000003228,0.000322818,0.000230585,0.000230585,0.000000000,manual_A_near_upright
real,BALANCE,71.539,-0.000782,-0.000873,0.000290,0.784800000,-0.000050714,-0.000013648,0.000000,7,0.000002899,0.000289908,0.000207077,0.000207077,0.000000000,manual_A_near_upright
real,BALANCE,71.560,-0.000835,-0.000795,0.000264,0.784800000,-0.000044066,-0.000014567,0.000000,7,0.000002641,0.000264074,0.000188624,0.000188624,0.000000000,manual_A_near_upright
real,BALANCE,71.581,-0.000879,-0.000727,0.000240,0.784800000,-0.000037093,-0.000015348,0.000000,7,0.000002402,0.000240180,0.000171557,0.000171557,0.000000000,manual_A_near_upright
real,BALANCE,71.601,-0.000916,-0.000668,0.000222,0.784800000,-0.000029787,-0.000015984,0.000000,7,0.000002220,0.000221983,0.000158559,0.000158559,0.000000000,manual_A_near_upright
real,BALANCE,71.622,-0.000944,-0.000619,0.000207,0.784800000,-0.000022267,-0.000016471,0.000000,7,0.000002074,0.000207422,0.000148159,0.000148159,0.000000000,manual_A_near_upright
real,BALANCE,71.643,-0.000963,-0.000580,0.000198,0.784800000,-0.000014581,-0.000016805,0.000000,7,0.000001978,0.000197762,0.000141259,0.000141259,0.000000000,manual_A_near_upright
real,BALANCE,71.663,-0.000973,-0.000553,0.000193,0.784800000,-0.000006807,-0.000016984,0.000000,7,0.000001928,0.000192845,0.000137747,0.000137747,0.000000000,manual_A_near_upright
real,BALANCE,71.684,-0.000974,-0.000536,0.000193,0.784800000,0.000000977,-0.000017008,0.000000,7,0.000001926,0.000192570,0.000137550,0.000137550,0.000000000,manual_A_near_upright
real,BALANCE,71.705,-0.000967,-0.000529,0.000197,0.784800000,0.000008701,-0.000016876,0.000000,7,0.000001970,0.000197018,0.000140727,0.000140727,0.000000000,manual_A_near_upright
real,BALANCE,71.726,-0.000960,-0.000529,-0.000469,0.784800000,0.000002353,-0.000016761,0.000000,7,-0.000004694,-0.000469361,-0.000335258,-0.000335258,0.000000000,manual_A_near_upright
real,BALANCE,71.746,-0.000967,-0.000530,-0.001332,0.784800000,-0.000007253,-0.000016869,0.000000,7,-0.000013324,-0.001332393,-0.000951709,-0.000951709,0.000000000,manual_A_near_upright
real,BALANCE,71.767,-0.000968,-0.000539,-0.001288,0.784800000,0.000002699,-0.000016900,0.000000,7,-0.000012876,-0.001287645,-0.000919747,-0.000919747,0.000000000,manual_A_near_upright
real,BALANCE,71.788,-0.000955,-0.000562,-0.001168,0.784800000,0.000013772,-0.000016670,0.000000,7,-0.000011676,-0.001167613,-0.000834009,-0.000834009,0.000000000,manual_A_near_upright
real,BALANCE,71.808,-0.000934,-0.000595,-0.001230,0.784800000,0.000020676,-0.000016297,0.000000,7,-0.000012305,-0.001230471,-0.000878908,-0.000878908,0.000000000,manual_A_near_upright
real,BALANCE,71.829,-0.000903,-0.000639,-0.001192,0.784800000,0.000029347,-0.000015759,0.000000,7,-0.000011922,-0.001192227,-0.000851591,-0.000851591,0.000000000,manual_A_near_upright
real,BALANCE,71.849,-0.000863,-0.000694,-0.001165,0.784800000,0.000037291,-0.000015055,0.000000,7,-0.000011649,-0.001164913,-0.000832081,-0.000832081,0.000000000,manual_A_near_upright
real,BALANCE,71.870,-0.000814,-0.000759,-0.001145,0.784800000,0.000044553,-0.000014203,0.000000,7,-0.000011449,-0.001144930,-0.000817807,-0.000817807,0.000000000,manual_A_near_upright
real,BALANCE,71.890,-0.000757,-0.000834,-0.001109,0.784800000,0.000051557,-0.000013210,0.000000,7,-0.000011090,-0.001108980,-0.000792128,-0.000792128,0.000000000,manual_A_near_upright
real,BALANCE,71.911,-0.000692,-0.000917,-0.001075,0.784800000,0.000057871,-0.000012086,0.000000,7,-0.000010749,-0.001074936,-0.000767812,-0.000767812,0.000000000,manual_A_near_upright
real,BALANCE,71.931,-0.000621,-0.001009,-0.001038,0.784800000,0.000063548,-0.000010845,0.000000,7,-0.000010384,-0.001038394,-0.000741710,-0.000741710,0.000000000,manual_A_near_upright
real,BALANCE,71.952,-0.000544,-0.001108,-0.000995,0.784800000,0.000068630,-0.000009499,0.000000,7,-0.000009953,-0.000995310,-0.000710936,-0.000710936,0.000000000,manual_A_near_upright
real,BALANCE,71.972,-0.000462,-0.001214,-0.000951,0.784800000,0.000072964,-0.000008063,0.000000,7,-0.000009514,-0.000951391,-0.000679565,-0.000679565,0.000000000,manual_A_near_upright
real,BALANCE,71.993,-0.000375,-0.001325,-0.000905,0.784800000,0.000076563,-0.000006550,0.000000,7,-0.000009049,-0.000904891,-0.000646351,-0.000646351,0.000000000,manual_A_near_upright
real,BALANCE,72.014,-0.000285,-0.001440,-0.000856,0.784800000,0.000079395,-0.000004976,0.000000,7,-0.000008565,-0.000856473,-0.000611767,-0.000611767,0.000000000,manual_A_near_upright
real,BALANCE,72.035,-0.000192,-0.001560,-0.000807,0.784800000,0.000081434,-0.000003357,0.000000,7,-0.000008070,-0.000806954,-0.000576396,-0.000576396,0.000000000,manual_A_near_upright
real,BALANCE,72.055,-0.000098,-0.001681,-0.000757,0.784800000,0.000082672,-0.000001709,0.000000,7,-0.000007566,-0.000756572,-0.000540408,-0.000540408,0.000000000,manual_A_near_upright
real,BALANCE,72.076,-0.000003,-0.001804,-0.000706,0.784800000,0.000083103,-0.000000048,0.000000,7,-0.000007059,-0.000705888,-0.000504206,-0.000504206,0.000000000,manual_A_near_upright
real,BALANCE,72.097,0.000092,-0.001928,-0.000655,0.784800000,0.000082730,0.000001610,0.000000,7,-0.000006554,-0.000655373,-0.000468123,-0.000468123,0.000000000,manual_A_near_upright
real,BALANCE,72.118,0.000186,-0.002051,-0.000603,0.784800000,0.000081610,0.000003249,0.000000,7,-0.000006033,-0.000603308,-0.000430934,-0.000430934,0.000000000,manual_A_near_upright
real,BALANCE,72.138,0.000278,-0.002172,-0.000557,0.784800000,0.000079615,0.000004854,0.000000,7,-0.000005571,-0.000557078,-0.000397913,-0.000397913,0.000000000,manual_A_near_upright
real,BALANCE,72.158,0.000367,-0.002290,-0.000509,0.784800000,0.000076947,0.000006409,0.000000,7,-0.000005088,-0.000508784,-0.000363417,-0.000363417,0.000000000,manual_A_near_upright
real,BALANCE,72.179,0.000453,-0.002404,-0.000465,0.784800000,0.000073509,0.000007899,0.000000,7,-0.000004650,-0.000465020,-0.000332157,-0.000332157,0.000000000,manual_A_near_upright
real,BALANCE,72.200,0.000534,-0.002514,-0.000422,0.784800000,0.000069431,0.000009311,0.000000,7,-0.000004218,-0.000421831,-0.000301308,-0.000301308,0.000000000,manual_A_near_upright
real,BALANCE,72.220,0.000609,-0.002618,-0.000382,0.784800000,0.000064706,0.000010633,0.000000,7,-0.000003820,-0.000382017,-0.000272870,-0.000272870,0.000000000,manual_A_near_upright
real,BALANCE,72.241,0.000679,-0.002715,-0.000345,0.784800000,0.000059395,0.000011851,0.000000,7,-0.000003454,-0.000345442,-0.000246744,-0.000246744,0.000000000,manual_A_near_upright
real,BALANCE,72.262,0.000742,-0.002805,-0.000312,0.784800000,0.000053557,0.000012955,0.000000,7,-0.000003122,-0.000312220,-0.000223015,-0.000223015,0.000000000,manual_A_near_upright
real,BALANCE,72.282,0.000798,-0.002887,-0.000282,0.784800000,0.000047264,0.000013936,0.000000,7,-0.000002820,-0.000282000,-0.000201429,-0.000201429,0.000000000,manual_A_near_upright
real,BALANCE,72.303,0.000847,-0.002960,-0.000257,0.784800000,0.000040533,0.000014784,0.000000,7,-0.000002573,-0.000257289,-0.000183778,-0.000183778,0.000000000,manual_A_near_upright
real,BALANCE,72.324,0.000888,-0.003024,-0.000237,0.784800000,0.000033465,0.000015493,0.000000,7,-0.000002367,-0.000236747,-0.000169105,-0.000169105,0.000000000,manual_A_near_upright
real,BALANCE,72.345,0.000920,-0.003077,-0.000220,0.784800000,0.000026147,0.000016056,0.000000,7,-0.000002197,-0.000219670,-0.000156907,-0.000156907,0.000000000,manual_A_near_upright
real,BALANCE,72.366,0.000944,-0.003121,-0.000208,0.784800000,0.000018618,0.000016470,0.000000,7,-0.000002077,-0.000207709,-0.000148364,-0.000148364,0.000000000,manual_A_near_upright
real,BALANCE,72.386,0.000959,-0.003155,-0.000200,0.784800000,0.000010966,0.000016732,0.000000,7,-0.000002002,-0.000200237,-0.000143027,-0.000143027,0.000000000,manual_A_near_upright
real,BALANCE,72.407,0.000965,-0.003177,-0.000197,0.784800000,0.000003262,0.000016840,0.000000,7,-0.000001974,-0.000197397,-0.000140998,-0.000140998,0.000000000,manual_A_near_upright
real,BALANCE,72.427,0.000962,-0.003189,-0.000199,0.784800000,-0.000004422,0.000016793,0.000000,7,-0.000001993,-0.000199264,-0.000142331,-0.000142331,0.000000000,manual_A_near_upright
real,BALANCE,72.448,0.000952,-0.003192,-0.000029,0.784800000,-0.000008304,0.000016621,0.000000,7,-0.000000286,-0.000028642,-0.000020459,-0.000020459,0.000000000,manual_A_near_upright
real,BALANCE,72.468,0.000952,-0.003192,0.000889,0.784800000,0.000003075,0.000016616,0.000000,7,0.000008893,0.000889259,0.000635185,0.000635185,0.000000000,manual_A_near_upright
real,BALANCE,72.489,0.000960,-0.003189,0.001420,0.784800000,0.000005428,0.000016751,0.000000,7,0.000014204,0.001420378,0.001014556,0.001014556,0.000000000,manual_A_near_upright
real,BALANCE,72.509,0.000955,-0.003173,0.001178,0.784800000,-0.000008440,0.000016660,0.000000,7,0.000011782,0.001178189,0.000841563,0.000841563,0.000000000,manual_A_near_upright
real,BALANCE,72.530,0.000938,-0.003146,0.001199,0.784800000,-0.000016309,0.000016368,0.000000,7,0.000011990,0.001199011,0.000856436,0.000856436,0.000000000,manual_A_near_upright
real,BALANCE,72.551,0.000913,-0.003109,0.001216,0.784800000,-0.000023988,0.000015935,0.000000,7,0.000012156,0.001215637,0.000868312,0.000868312,0.000000000,manual_A_near_upright
real,BALANCE,72.571,0.000878,-0.003060,0.001171,0.784800000,-0.000032524,0.000015329,0.000000,7,0.000011709,0.001170903,0.000836360,0.000836360,0.000000000,manual_A_near_upright
real,BALANCE,72.592,0.000835,-0.003001,0.001155,0.784800000,-0.000039947,0.000014570,0.000000,7,0.000011550,0.001155028,0.000825020,0.000825020,0.000000000,manual_A_near_upright
real,BALANCE,72.612,0.000783,-0.002933,0.001127,0.784800000,-0.000047085,0.000013667,0.000000,7,0.000011267,0.001126713,0.000804795,0.000804795,0.000000000,manual_A_near_upright
real,BALANCE,72.633,0.000724,-0.002855,0.001092,0.784800000,-0.000053740,0.000012628,0.000000,7,0.000010922,0.001092214,0.000780153,0.000780153,0.000000000,manual_A_near_upright
real,BALANCE,72.654,0.000657,-0.002769,0.001057,0.784800000,-0.000059748,0.000011465,0.000000,7,0.000010570,0.001057027,0.000755019,0.000755019,0.000000000,manual_A_near_upright
real,BALANCE,72.675,0.000584,-0.002675,0.001017,0.784800000,-0.000065150,0.000010191,0.000000,7,0.000010172,0.001017226,0.000726590,0.000726590,0.000000000,manual_A_near_upright
real,BALANCE,72.695,0.000505,-0.002573,0.000975,0.784800000,-0.000069869,0.000008818,0.000000,7,0.000009747,0.000974703,0.000696217,0.000696217,0.000000000,manual_A_near_upright
real,BALANCE,72.716,0.000422,-0.002466,0.000930,0.784800000,-0.000073867,0.000007362,0.000000,7,0.000009299,0.000929905,0.000664218,0.000664218,0.000000000,manual_A_near_upright
real,BALANCE,72.737,0.000334,-0.002354,0.000883,0.784800000,-0.000077119,0.000005836,0.000000,7,0.000008830,0.000882959,0.000630685,0.000630685,0.000000000,manual_A_near_upright
real,BALANCE,72.757,0.000244,-0.002238,0.000835,0.784800000,-0.000079598,0.000004256,0.000000,7,0.000008345,0.000834522,0.000596087,0.000596087,0.000000000,manual_A_near_upright
real,BALANCE,72.788,0.000104,-0.002058,0.000760,0.784800000,-0.000081834,0.000001820,0.000000,7,0.000007600,0.000760010,0.000542864,0.000542864,0.000000000,manual_A_near_upright
real,BALANCE,72.808,0.000010,-0.001936,0.000708,0.784800000,-0.000082353,0.000000174,0.000000,7,0.000007085,0.000708463,0.000506045,0.000506045,0.000000000,manual_A_near_upright
real,BALANCE,72.829,-0.000084,-0.001813,0.000660,0.784800000,-0.000082005,-0.000001469,0.000000,7,0.000006605,0.000660473,0.000471766,0.000471766,0.000000000,manual_A_near_upright
real,BALANCE,72.849,-0.000177,-0.001691,0.000610,0.784800000,-0.000080934,-0.000003095,0.000000,7,0.000006101,0.000610097,0.000435784,0.000435784,0.000000000,manual_A_near_upright
real,BALANCE,72.870,-0.000269,-0.001571,0.000562,0.784800000,-0.000079070,-0.000004688,0.000000,7,0.000005618,0.000561845,0.000401318,0.000401318,0.000000000,manual_A_near_upright
real,BALANCE,72.890,-0.000357,-0.001453,0.000515,0.784800000,-0.000076461,-0.000006233,0.000000,7,0.000005151,0.000515134,0.000367953,0.000367953,0.000000000,manual_A_near_upright
real,BALANCE,72.911,-0.000442,-0.001340,0.000470,0.784800000,-0.000073142,-0.000007715,0.000000,7,0.000004702,0.000470167,0.000335834,0.000335834,0.000000000,manual_A_near_upright
real,BALANCE,72.942,-0.000561,-0.001178,0.000407,0.784800000,-0.000066905,-0.000009791,0.000000,7,0.000004075,0.000407489,0.000291064,0.000291064,0.000000000,manual_A_near_upright
real,BALANCE,72.962,-0.000634,-0.001078,0.000369,0.784800000,-0.000061975,-0.000011059,0.000000,7,0.000003693,0.000369273,0.000263766,0.000263766,0.000000000,manual_A_near_upright
real,BALANCE,72.982,-0.000700,-0.000984,0.000334,0.784800000,-0.000056488,-0.000012220,0.000000,7,0.000003344,0.000334359,0.000238828,0.000238828,0.000000000,manual_A_near_upright
real,BALANCE,73.003,-0.000760,-0.000898,0.000303,0.784800000,-0.000050500,-0.000013264,0.000000,7,0.000003030,0.000303040,0.000216457,0.000216457,0.000000000,manual_A_near_upright
real,BALANCE,73.024,-0.000813,-0.000821,0.000276,0.784800000,-0.000044072,-0.000014181,0.000000,7,0.000002756,0.000275585,0.000196847,0.000196847,0.000000000,manual_A_near_upright
real,BALANCE,73.044,-0.000857,-0.000752,0.000252,0.784800000,-0.000037268,-0.000014964,0.000000,7,0.000002522,0.000252230,0.000180164,0.000180164,0.000000000,manual_A_near_upright
real,BALANCE,73.064,-0.000894,-0.000693,0.000232,0.784800000,-0.000030174,-0.000015607,0.000000,7,0.000002323,0.000232264,0.000165903,0.000165903,0.000000000,manual_A_near_upright
real,BALANCE,73.085,-0.000923,-0.000644,0.000219,0.784800000,-0.000022802,-0.000016104,0.000000,7,0.000002186,0.000218634,0.000156167,0.000156167,0.000000000,manual_A_near_upright
real,BALANCE,73.106,-0.000943,-0.000604,0.000209,0.784800000,-0.000015283,-0.000016452,0.000000,7,0.000002086,0.000208569,0.000148978,0.000148978,0.000000000,manual_A_near_upright
real,BALANCE,73.126,-0.000954,-0.000576,0.000203,0.784800000,-0.000007675,-0.000016647,0.000000,7,0.000002029,0.000202874,0.000144910,0.000144910,0.000000000,manual_A_near_upright
real,BALANCE,73.147,-0.000956,-0.000557,0.000202,0.784800000,-0.000000038,-0.000016690,0.000000,7,0.000002022,0.000202151,0.000144393,0.000144393,0.000000000,manual_A_near_upright
real,BALANCE,73.167,-0.000950,-0.000550,0.000206,0.784800000,0.000007545,-0.000016580,0.000000,7,0.000002059,0.000205872,0.000147051,0.000147051,0.000000000,manual_A_near_upright
real,BALANCE,73.188,-0.000942,-0.000549,-0.000316,0.784800000,0.000004018,-0.000016440,0.000000,7,-0.000003163,-0.000316270,-0.000225907,-0.000225907,0.000000000,manual_A_near_upright
real,BALANCE,73.208,-0.000947,-0.000550,-0.001246,0.784800000,-0.000007283,-0.000016527,0.000000,7,-0.000012456,-0.001245608,-0.000889720,-0.000889720,0.000000000,manual_A_near_upright
real,BALANCE,73.229,-0.000953,-0.000556,-0.001355,0.784800000,-0.000000646,-0.000016626,0.000000,7,-0.000013552,-0.001355205,-0.000968003,-0.000968003,0.000000000,manual_A_near_upright
real,BALANCE,73.250,-0.000941,-0.000577,-0.001132,0.784800000,0.000012538,-0.000016429,0.000000,7,-0.000011322,-0.001132193,-0.000808710,-0.000808710,0.000000000,manual_A_near_upright
real,BALANCE,73.270,-0.000922,-0.000608,-0.001226,0.784800000,0.000018707,-0.000016089,0.000000,7,-0.000012256,-0.001225557,-0.000875398,-0.000875398,0.000000000,manual_A_near_upright
real,BALANCE,73.291,-0.000893,-0.000649,-0.001192,0.784800000,0.000027248,-0.000015594,0.000000,7,-0.000011916,-0.001191648,-0.000851177,-0.000851177,0.000000000,manual_A_near_upright
real,BALANCE,73.321,-0.000833,-0.000731,-0.001154,0.784800000,0.000038864,-0.000014542,0.000000,7,-0.000011539,-0.001153933,-0.000824238,-0.000824238,0.000000000,manual_A_near_upright
real,BALANCE,73.342,-0.000780,-0.000802,-0.001126,0.784800000,0.000046329,-0.000013614,0.000000,7,-0.000011257,-0.001125669,-0.000804049,-0.000804049,0.000000000,manual_A_near_upright
real,BALANCE,73.362,-0.000724,-0.000875,-0.001093,0.784800000,0.000052664,-0.000012644,0.000000,7,-0.000010927,-0.001092673,-0.000780481,-0.000780481,0.000000000,manual_A_near_upright
real,BALANCE,73.383,-0.000659,-0.000960,-0.001058,0.784800000,0.000058686,-0.000011502,0.000000,7,-0.000010585,-0.001058454,-0.000756039,-0.000756039,0.000000000,manual_A_near_upright
real,BALANCE,73.404,-0.000587,-0.001052,-0.001019,0.784800000,0.000064124,-0.000010248,0.000000,7,-0.000010190,-0.001019033,-0.000727881,-0.000727881,0.000000000,manual_A_near_upright
real,BALANCE,73.425,-0.000510,-0.001152,-0.000977,0.784800000,0.000068881,-0.000008896,0.000000,7,-0.000009772,-0.000977186,-0.000697990,-0.000697990,0.000000000,manual_A_near_upright
real,BALANCE,73.445,-0.000427,-0.001258,-0.000932,0.784800000,0.000072949,-0.000007458,0.000000,7,-0.000009318,-0.000931827,-0.000665591,-0.000665591,0.000000000,manual_A_near_upright
real,BALANCE,73.466,-0.000341,-0.001369,-0.000887,0.784800000,0.000076221,-0.000005950,0.000000,7,-0.000008872,-0.000887163,-0.000633688,-0.000633688,0.000000000,manual_A_near_upright
real,BALANCE,73.486,-0.000251,-0.001484,-0.000838,0.784800000,0.000078782,-0.000004387,0.000000,7,-0.000008384,-0.000838449,-0.000598892,-0.000598892,0.000000000,manual_A_near_upright
real,BALANCE,73.507,-0.000160,-0.001602,-0.000789,0.784800000,0.000080541,-0.000002785,0.000000,7,-0.000007895,-0.000789499,-0.000563928,-0.000563928,0.000000000,manual_A_near_upright
real,BALANCE,73.528,-0.000066,-0.001723,-0.000740,0.784800000,0.000081510,-0.000001158,0.000000,7,-0.000007399,-0.000739915,-0.000528511,-0.000528511,0.000000000,manual_A_near_upright
real,BALANCE,73.548,0.000027,-0.001844,-0.000689,0.784800000,0.000081715,0.000000477,0.000000,7,-0.000006887,-0.000688651,-0.000491894,-0.000491894,0.000000000,manual_A_near_upright
real,BALANCE,73.568,0.000121,-0.001966,-0.000640,0.784800000,0.000081085,0.000002103,0.000000,7,-0.000006399,-0.000639937,-0.000457098,-0.000457098,0.000000000,manual_A_near_upright
real,BALANCE,73.589,0.000212,-0.002086,-0.000592,0.784800000,0.000079676,0.000003706,0.000000,7,-0.000005923,-0.000592310,-0.000423079,-0.000423079,0.000000000,manual_A_near_upright
real,BALANCE,73.610,0.000302,-0.002205,-0.000544,0.784800000,0.000077550,0.000005270,0.000000,7,-0.000005441,-0.000544064,-0.000388617,-0.000388617,0.000000000,manual_A_near_upright
real,BALANCE,73.630,0.000388,-0.002320,-0.000499,0.784800000,0.000074674,0.000006780,0.000000,7,-0.000004985,-0.000498534,-0.000356096,-0.000356096,0.000000000,manual_A_near_upright
real,BALANCE,73.651,0.000471,-0.002431,-0.000455,0.784800000,0.000071108,0.000008223,0.000000,7,-0.000004549,-0.000454905,-0.000324932,-0.000324932,0.000000000,manual_A_near_upright
real,BALANCE,73.672,0.000549,-0.002537,-0.000414,0.784800000,0.000066888,0.000009585,0.000000,7,-0.000004137,-0.000413708,-0.000295506,-0.000295506,0.000000000,manual_A_near_upright
real,BALANCE,73.692,0.000622,-0.002638,-0.000374,0.784800000,0.000062092,0.000010854,0.000000,7,-0.000003738,-0.000373759,-0.000266970,-0.000266970,0.000000000,manual_A_near_upright
real,BALANCE,73.713,0.000689,-0.002731,-0.000340,0.784800000,0.000056681,0.000012019,0.000000,7,-0.000003396,-0.000339567,-0.000242548,-0.000242548,0.000000000,manual_A_near_upright
real,BALANCE,73.734,0.000749,-0.002817,-0.000310,0.784800000,0.000050751,0.000013067,0.000000,7,-0.000003098,-0.000309826,-0.000221304,-0.000221304,0.000000000,manual_A_near_upright
real,BALANCE,73.754,0.000802,-0.002895,-0.000281,0.784800000,0.000044438,0.000013991,0.000000,7,-0.000002810,-0.000280983,-0.000200702,-0.000200702,0.000000000,manual_A_near_upright
real,BALANCE,73.775,0.000847,-0.002964,-0.000258,0.784800000,0.000037713,0.000014783,0.000000,7,-0.000002577,-0.000257704,-0.000184074,-0.000184074,0.000000000,manual_A_near_upright
real,BALANCE,73.796,0.000884,-0.003024,-0.000238,0.784800000,0.000030692,0.000015436,0.000000,7,-0.000002378,-0.000237776,-0.000169840,-0.000169840,0.000000000,manual_A_near_upright
real,BALANCE,73.816,0.000914,-0.003074,-0.000223,0.784800000,0.000023413,0.000015945,0.000000,7,-0.000002229,-0.000222948,-0.000159249,-0.000159249,0.000000000,manual_A_near_upright
real,BALANCE,73.836,0.000934,-0.003114,-0.000213,0.784800000,0.000015957,0.000016305,0.000000,7,-0.000002128,-0.000212839,-0.000152028,-0.000152028,0.000000000,manual_A_near_upright
real,BALANCE,73.857,0.000946,-0.003144,-0.000207,0.784800000,0.000008405,0.000016515,0.000000,7,-0.000002070,-0.000206981,-0.000147843,-0.000147843,0.000000000,manual_A_near_upright
real,BALANCE,73.878,0.000950,-0.003163,-0.000206,0.784800000,0.000000828,0.000016573,0.000000,7,-0.000002055,-0.000205546,-0.000146819,-0.000146819,0.000000000,manual_A_near_upright
real,BALANCE,73.898,0.000944,-0.003172,-0.000209,0.784800000,-0.000006710,0.000016480,0.000000,7,-0.000002088,-0.000208848,-0.000149177,-0.000149177,0.000000000,manual_A_near_upright
real,BALANCE,73.919,0.000935,-0.003172,0.000216,0.784800000,-0.000005151,0.000016327,0.000000,7,0.000002156,0.000215641,0.000154030,0.000154030,0.000000000,manual_A_near_upright
real,BALANCE,73.939,0.000939,-0.003172,0.001161,0.784800000,0.000006638,0.000016394,0.000000,7,0.000011606,0.001160617,0.000829012,0.000829012,0.000000000,manual_A_near_upright
real,BALANCE,73.960,0.000946,-0.003167,0.001355,0.784800000,0.000001895,0.000016503,0.000000,7,0.000013553,0.001355308,0.000968077,0.000968077,0.000000000,manual_A_near_upright
real,BALANCE,73.980,0.000936,-0.003148,0.001144,0.784800000,-0.000011046,0.000016340,0.000000,7,0.000011439,0.001143932,0.000817094,0.000817094,0.000000000,manual_A_near_upright
real,BALANCE,74.001,0.000918,-0.003118,0.001214,0.784800000,-0.000017684,0.000016021,0.000000,7,0.000012145,0.001214473,0.000867481,0.000867481,0.000000000,manual_A_near_upright
real,BALANCE,74.021,0.000891,-0.003078,0.001193,0.784800000,-0.000025958,0.000015550,0.000000,7,0.000011930,0.001193044,0.000852174,0.000852174,0.000000000,manual_A_near_upright
real,BALANCE,74.042,0.000854,-0.003027,0.001159,0.784800000,-0.000034038,0.000014911,0.000000,7,0.000011588,0.001158759,0.000827685,0.000827685,0.000000000,manual_A_near_upright
real,BALANCE,74.072,0.000784,-0.002933,0.001127,0.784800000,-0.000044776,0.000013680,0.000000,7,0.000011274,0.001127366,0.000805262,0.000805262,0.000000000,manual_A_near_upright
real,BALANCE,74.093,0.000727,-0.002858,0.001094,0.784800000,-0.000051466,0.000012686,0.000000,7,0.000010943,0.001094300,0.000781643,0.000781643,0.000000000,manual_A_near_upright
real,BALANCE,74.113,0.000663,-0.002774,0.001060,0.784800000,-0.000057530,0.000011568,0.000000,7,0.000010605,0.001060473,0.000757481,0.000757481,0.000000000,manual_A_near_upright
real,BALANCE,74.134,0.000592,-0.002683,0.001022,0.784800000,-0.000063010,0.000010337,0.000000,7,0.000010219,0.001021944,0.000729960,0.000729960,0.000000000,manual_A_near_upright
real,BALANCE,74.155,0.000516,-0.002585,0.000981,0.784800000,-0.000067825,0.000009006,0.000000,7,0.000009807,0.000980671,0.000700479,0.000700479,0.000000000,manual_A_near_upright
real,BALANCE,74.175,0.000435,-0.002481,0.000937,0.784800000,-0.000071937,0.000007588,0.000000,7,0.000009370,0.000937044,0.000669317,0.000669317,0.000000000,manual_A_near_upright
real,BALANCE,74.196,0.000349,-0.002371,0.000891,0.784800000,-0.000075321,0.000006099,0.000000,7,0.000008912,0.000891192,0.000636565,0.000636565,0.000000000,manual_A_near_upright
real,BALANCE,74.216,0.000261,-0.002257,0.000844,0.784800000,-0.000077947,0.000004554,0.000000,7,0.000008438,0.000843760,0.000602686,0.000602686,0.000000000,manual_A_near_upright
real,BALANCE,74.237,0.000170,-0.002140,0.000795,0.784800000,-0.000079798,0.000002966,0.000000,7,0.000007952,0.000795168,0.000567977,0.000567977,0.000000000,manual_A_near_upright
real,BALANCE,74.258,0.000078,-0.002020,0.000746,0.784800000,-0.000080865,0.000001354,0.000000,7,0.000007459,0.000745874,0.000532767,0.000532767,0.000000000,manual_A_near_upright
real,BALANCE,74.278,-0.000015,-0.001899,0.000696,0.784800000,-0.000081143,-0.000000269,0.000000,7,0.000006964,0.000696374,0.000497410,0.000497410,0.000000000,manual_A_near_upright
real,BALANCE,74.299,-0.000108,-0.001779,0.000647,0.784800000,-0.000080638,-0.000001886,0.000000,7,0.000006471,0.000647130,0.000462235,0.000462235,0.000000000,manual_A_near_upright
real,BALANCE,74.320,-0.000199,-0.001659,0.000599,0.784800000,-0.000079360,-0.000003481,0.000000,7,0.000005986,0.000598620,0.000427586,0.000427586,0.000000000,manual_A_near_upright
real,BALANCE,74.340,-0.000289,-0.001541,0.000551,0.784800000,-0.000077329,-0.000005040,0.000000,7,0.000005513,0.000551295,0.000393782,0.000393782,0.000000000,manual_A_near_upright
real,BALANCE,74.361,-0.000375,-0.001426,0.000506,0.784800000,-0.000074571,-0.000006548,0.000000,7,0.000005056,0.000505595,0.000361139,0.000361139,0.000000000,manual_A_near_upright
real,BALANCE,74.381,-0.000458,-0.001314,0.000460,0.784800000,-0.000071158,-0.000007991,0.000000,7,0.000004600,0.000459976,0.000328554,0.000328554,0.000000000,manual_A_near_upright
real,BALANCE,74.402,-0.000536,-0.001208,0.000421,0.784800000,-0.000067001,-0.000009355,0.000000,7,0.000004210,0.000420963,0.000300688,0.000300688,0.000000000,manual_A_near_upright
real,BALANCE,74.423,-0.000609,-0.001108,0.000383,0.784800000,-0.000062278,-0.000010628,0.000000,7,0.000003826,0.000382625,0.000273304,0.000273304,0.000000000,manual_A_near_upright
real,BALANCE,74.443,-0.000676,-0.001014,0.000347,0.784800000,-0.000057004,-0.000011798,0.000000,7,0.000003469,0.000346934,0.000247810,0.000247810,0.000000000,manual_A_near_upright
real,BALANCE,74.464,-0.000737,-0.000927,0.000315,0.784800000,-0.000051205,-0.000012854,0.000000,7,0.000003155,0.000315477,0.000225340,0.000225340,0.000000000,manual_A_near_upright
real,BALANCE,74.484,-0.000790,-0.000848,0.000287,0.784800000,-0.000044966,-0.000013789,0.000000,7,0.000002874,0.000287429,0.000205306,0.000205306,0.000000000,manual_A_near_upright
real,BALANCE,74.505,-0.000836,-0.000779,0.000263,0.784800000,-0.000038340,-0.000014593,0.000000,7,0.000002634,0.000263417,0.000188155,0.000188155,0.000000000,manual_A_near_upright
real,BALANCE,74.526,-0.000874,-0.000718,0.000244,0.784800000,-0.000031393,-0.000015259,0.000000,7,0.000002436,0.000243637,0.000174026,0.000174026,0.000000000,manual_A_near_upright
real,BALANCE,74.546,-0.000904,-0.000667,0.000228,0.784800000,-0.000024195,-0.000015783,0.000000,7,0.000002282,0.000228167,0.000162976,0.000162976,0.000000000,manual_A_near_upright
real,BALANCE,74.567,-0.000926,-0.000626,0.000217,0.784800000,-0.000016816,-0.000016160,0.000000,7,0.000002172,0.000217168,0.000155120,0.000155120,0.000000000,manual_A_near_upright
real,BALANCE,74.587,-0.000939,-0.000595,0.000211,0.784800000,-0.000009326,-0.000016388,0.000000,7,0.000002107,0.000210702,0.000150501,0.000150501,0.000000000,manual_A_near_upright
real,BALANCE,74.607,-0.000943,-0.000574,0.000209,0.784800000,-0.000001798,-0.000016465,0.000000,7,0.000002088,0.000208793,0.000149138,0.000149138,0.000000000,manual_A_near_upright
real,BALANCE,74.628,-0.000939,-0.000564,0.000211,0.784800000,0.000005697,-0.000016393,0.000000,7,0.000002114,0.000211431,0.000151022,0.000151022,0.000000000,manual_A_near_upright
real,BALANCE,74.648,-0.000930,-0.000563,-0.000091,0.784800000,0.000006638,-0.000016227,0.000000,7,-0.000000907,-0.000090731,-0.000064808,-0.000064808,0.000000000,manual_A_near_upright
real,BALANCE,74.669,-0.000932,-0.000563,-0.001015,0.784800000,-0.000004904,-0.000016260,0.000000,7,-0.000010150,-0.001014954,-0.000724967,-0.000724967,0.000000000,manual_A_near_upright
real,BALANCE,74.689,-0.000939,-0.000567,-0.001379,0.784800000,-0.000003855,-0.000016384,0.000000,7,-0.000013793,-0.001379316,-0.000985226,-0.000985226,0.000000000,manual_A_near_upright
real,BALANCE,74.710,-0.000932,-0.000584,-0.001155,0.784800000,0.000009386,-0.000016264,0.000000,7,-0.000011552,-0.001155242,-0.000825173,-0.000825173,0.000000000,manual_A_near_upright
real,BALANCE,74.731,-0.000915,-0.000612,-0.001199,0.784800000,0.000016571,-0.000015966,0.000000,7,-0.000011994,-0.001199403,-0.000856716,-0.000856716,0.000000000,manual_A_near_upright
real,BALANCE,74.751,-0.000889,-0.000650,-0.001198,0.784800000,0.000024434,-0.000015525,0.000000,7,-0.000011979,-0.001197851,-0.000855608,-0.000855608,0.000000000,manual_A_near_upright
real,BALANCE,74.772,-0.000855,-0.000699,-0.001159,0.784800000,0.000032644,-0.000014915,0.000000,7,-0.000011588,-0.001158772,-0.000827694,-0.000827694,0.000000000,manual_A_near_upright
real,BALANCE,74.792,-0.000811,-0.000758,-0.001143,0.784800000,0.000039863,-0.000014156,0.000000,7,-0.000011433,-0.001143259,-0.000816614,-0.000816614,0.000000000,manual_A_near_upright
real,BALANCE,74.813,-0.000760,-0.000826,-0.001114,0.784800000,0.000046833,-0.000013258,0.000000,7,-0.000011137,-0.001113693,-0.000795495,-0.000795495,0.000000000,manual_A_near_upright
real,BALANCE,74.834,-0.000701,-0.000904,-0.001080,0.784800000,0.000053279,-0.000012226,0.000000,7,-0.000010802,-0.001080223,-0.000771588,-0.000771588,0.000000000,manual_A_near_upright
real,BALANCE,74.855,-0.000635,-0.000989,-0.001045,0.784800000,0.000059104,-0.000011075,0.000000,7,-0.000010453,-0.001045252,-0.000746609,-0.000746609,0.000000000,manual_A_near_upright
real,BALANCE,74.875,-0.000562,-0.001083,-0.001006,0.784800000,0.000064328,-0.000009816,0.000000,7,-0.000010059,-0.001005875,-0.000718482,-0.000718482,0.000000000,manual_A_near_upright
real,BALANCE,74.896,-0.000485,-0.001183,-0.000964,0.784800000,0.000068875,-0.000008463,0.000000,7,-0.000009640,-0.000964014,-0.000688582,-0.000688582,0.000000000,manual_A_near_upright
real,BALANCE,74.917,-0.000403,-0.001288,-0.000920,0.784800000,0.000072714,-0.000007028,0.000000,7,-0.000009199,-0.000919874,-0.000657053,-0.000657053,0.000000000,manual_A_near_upright
real,BALANCE,74.937,-0.000317,-0.001399,-0.000874,0.784800000,0.000075820,-0.000005528,0.000000,7,-0.000008737,-0.000873709,-0.000624078,-0.000624078,0.000000000,manual_A_near_upright
real,BALANCE,74.967,-0.000183,-0.001572,-0.000802,0.784800000,0.000079048,-0.000003186,0.000000,7,-0.000008019,-0.000801943,-0.000572816,-0.000572816,0.000000000,manual_A_near_upright
real,BALANCE,74.989,-0.000091,-0.001690,-0.000753,0.784800000,0.000080229,-0.000001586,0.000000,7,-0.000007530,-0.000753042,-0.000537887,-0.000537887,0.000000000,manual_A_near_upright
real,BALANCE,75.009,0.000001,-0.001810,-0.000704,0.784800000,0.000080627,0.000000025,0.000000,7,-0.000007039,-0.000703859,-0.000502757,-0.000502757,0.000000000,manual_A_near_upright
real,BALANCE,75.029,0.000094,-0.001930,-0.000655,0.784800000,0.000080244,0.000001633,0.000000,7,-0.000006548,-0.000654845,-0.000467746,-0.000467746,0.000000000,manual_A_near_upright
real,BALANCE,75.050,0.000185,-0.002050,-0.000607,0.784800000,0.000079092,0.000003223,0.000000,7,-0.000006065,-0.000606510,-0.000433222,-0.000433222,0.000000000,manual_A_near_upright
real,BALANCE,75.070,0.000274,-0.002167,-0.000559,0.784800000,0.000077188,0.000004778,0.000000,7,-0.000005593,-0.000559279,-0.000399485,-0.000399485,0.000000000,manual_A_near_upright
real,BALANCE,75.091,0.000360,-0.002282,-0.000514,0.784800000,0.000074556,0.000006285,0.000000,7,-0.000005136,-0.000513595,-0.000366854,-0.000366854,0.000000000,manual_A_near_upright
real,BALANCE,75.111,0.000443,-0.002393,-0.000469,0.784800000,0.000071252,0.000007730,0.000000,7,-0.000004687,-0.000468673,-0.000334767,-0.000334767,0.000000000,manual_A_near_upright
real,BALANCE,75.132,0.000521,-0.002500,-0.000429,0.784800000,0.000067226,0.000009098,0.000000,7,-0.000004292,-0.000429221,-0.000306586,-0.000306586,0.000000000,manual_A_near_upright
real,BALANCE,75.153,0.000595,-0.002601,-0.000390,0.784800000,0.000062643,0.000010377,0.000000,7,-0.000003898,-0.000389799,-0.000278428,-0.000278428,0.000000000,manual_A_near_upright
real,BALANCE,75.173,0.000662,-0.002695,-0.000354,0.784800000,0.000057472,0.000011556,0.000000,7,-0.000003544,-0.000354415,-0.000253153,-0.000253153,0.000000000,manual_A_near_upright
real,BALANCE,75.194,0.000723,-0.002782,-0.000322,0.784800000,0.000051788,0.000012623,0.000000,7,-0.000003224,-0.000322448,-0.000230320,-0.000230320,0.000000000,manual_A_near_upright
real,BALANCE,75.214,0.000778,-0.002861,-0.000294,0.784800000,0.000045654,0.000013571,0.000000,7,-0.000002940,-0.000293968,-0.000209977,-0.000209977,0.000000000,manual_A_near_upright
real,BALANCE,75.235,0.000824,-0.002932,-0.000270,0.784800000,0.000039123,0.000014390,0.000000,7,-0.000002695,-0.000269536,-0.000192526,-0.000192526,0.000000000,manual_A_near_upright
real,BALANCE,75.255,0.000864,-0.002994,-0.000249,0.784800000,0.000032266,0.000015073,0.000000,7,-0.000002492,-0.000249210,-0.000178007,-0.000178007,0.000000000,manual_A_near_upright
real,BALANCE,75.276,0.000895,-0.003046,-0.000233,0.784800000,0.000025148,0.000015616,0.000000,7,-0.000002332,-0.000233173,-0.000166552,-0.000166552,0.000000000,manual_A_near_upright
real,BALANCE,75.297,0.000917,-0.003089,-0.000222,0.784800000,0.000017838,0.000016013,0.000000,7,-0.000002216,-0.000221563,-0.000158259,-0.000158259,0.000000000,manual_A_near_upright
real,BALANCE,75.317,0.000932,-0.003121,-0.000214,0.784800000,0.000010409,0.000016262,0.000000,7,-0.000002144,-0.000214443,-0.000153173,-0.000153173,0.000000000,manual_A_near_upright
real,BALANCE,75.338,0.000937,-0.003143,-0.000212,0.784800000,0.000002930,0.000016362,0.000000,7,-0.000002119,-0.000211852,-0.000151323,-0.000151323,0.000000000,manual_A_near_upright
real,BALANCE,75.358,0.000935,-0.003154,-0.000214,0.784800000,-0.000004527,0.000016312,0.000000,7,-0.000002138,-0.000213783,-0.000152702,-0.000152702,0.000000000,manual_A_near_upright
real,BALANCE,75.379,0.000925,-0.003156,-0.000036,0.784800000,-0.000008027,0.000016144,0.000000,7,-0.000000356,-0.000035603,-0.000025431,-0.000025431,0.000000000,manual_A_near_upright
real,BALANCE,75.399,0.000925,-0.003156,0.000859,0.784800000,0.000003083,0.000016140,0.000000,7,0.000008590,0.000859027,0.000613590,0.000613590,0.000000000,manual_A_near_upright
real,BALANCE,75.420,0.000933,-0.003154,0.001406,0.784800000,0.000005999,0.000016282,0.000000,7,0.000014060,0.001406004,0.001004288,0.001004288,0.000000000,manual_A_near_upright
real,BALANCE,75.441,0.000929,-0.003139,0.001175,0.784800000,-0.000007437,0.000016212,0.000000,7,0.000011755,0.001175456,0.000839612,0.000839612,0.000000000,manual_A_near_upright
real,BALANCE,75.461,0.000913,-0.003113,0.001177,0.784800000,-0.000015522,0.000015936,0.000000,7,0.000011770,0.001176983,0.000840702,0.000840702,0.000000000,manual_A_near_upright
real,BALANCE,75.481,0.000889,-0.003077,0.001205,0.784800000,-0.000022775,0.000015525,0.000000,7,0.000012051,0.001205137,0.000860812,0.000860812,0.000000000,manual_A_near_upright
real,BALANCE,75.502,0.000856,-0.003030,0.001160,0.784800000,-0.000031154,0.000014946,0.000000,7,0.000011603,0.001160297,0.000828783,0.000828783,0.000000000,manual_A_near_upright
real,BALANCE,75.523,0.000815,-0.002973,0.001144,0.784800000,-0.000038447,0.000014216,0.000000,7,0.000011436,0.001143606,0.000816861,0.000816861,0.000000000,manual_A_near_upright
real,BALANCE,75.543,0.000765,-0.002906,0.001118,0.784800000,-0.000045410,0.000013346,0.000000,7,0.000011175,0.001117502,0.000798216,0.000798216,0.000000000,manual_A_near_upright
real,BALANCE,75.564,0.000707,-0.002831,0.001084,0.784800000,-0.000051940,0.000012342,0.000000,7,0.000010837,0.001083719,0.000774085,0.000774085,0.000000000,manual_A_near_upright
real,BALANCE,75.584,0.000643,-0.002747,0.001048,0.784800000,-0.000057864,0.000011216,0.000000,7,0.000010482,0.001048164,0.000748689,0.000748689,0.000000000,manual_A_near_upright
real,BALANCE,75.605,0.000572,-0.002655,0.001011,0.784800000,-0.000063132,0.000009982,0.000000,7,0.000010113,0.001011313,0.000722367,0.000722367,0.000000000,manual_A_near_upright
real,BALANCE,75.626,0.000496,-0.002557,0.000970,0.784800000,-0.000067776,0.000008651,0.000000,7,0.000009700,0.000970027,0.000692877,0.000692877,0.000000000,manual_A_near_upright
real,BALANCE,75.646,0.000415,-0.002452,0.000926,0.784800000,-0.000071725,0.000007237,0.000000,7,0.000009262,0.000926172,0.000661551,0.000661551,0.000000000,manual_A_near_upright
real,BALANCE,75.666,0.000330,-0.002343,0.000881,0.784800000,-0.000074936,0.000005754,0.000000,7,0.000008808,0.000880756,0.000629111,0.000629111,0.000000000,manual_A_near_upright
real,BALANCE,75.687,0.000242,-0.002230,0.000834,0.784800000,-0.000077402,0.000004219,0.000000,7,0.000008336,0.000833589,0.000595421,0.000595421,0.000000000,manual_A_near_upright
real,BALANCE,75.708,0.000151,-0.002113,0.000784,0.784800000,-0.000079123,0.000002644,0.000000,7,0.000007841,0.000784124,0.000560089,0.000560089,0.000000000,manual_A_near_upright
real,BALANCE,75.728,0.000060,-0.001995,0.000737,0.784800000,-0.000079999,0.000001047,0.000000,7,0.000007373,0.000737333,0.000526667,0.000526667,0.000000000,manual_A_near_upright
real,BALANCE,75.749,-0.000032,-0.001875,0.000688,0.784800000,-0.000080158,-0.000000556,0.000000,7,0.000006875,0.000687533,0.000491095,0.000491095,0.000000000,manual_A_near_upright
real,BALANCE,75.770,-0.000123,-0.001756,0.000639,0.784800000,-0.000079523,-0.000002151,0.000000,7,0.000006391,0.000639071,0.000456479,0.000456479,0.000000000,manual_A_near_upright
real,BALANCE,75.790,-0.000213,-0.001637,0.000591,0.784800000,-0.000078126,-0.000003723,0.000000,7,0.000005914,0.000591420,0.000439417,0.000439417,0.000000000,manual_A_near_upright
real,BALANCE,75.811,-0.000301,-0.001521,0.000545,0.784800000,-0.000075994,-0.000005256,0.000000,7,0.000005448,0.000544802,0.000389145,0.000389145,0.000000000,manual_A_near_upright
real,BALANCE,75.832,-0.000386,-0.001408,0.000500,0.784800000,-0.000073145,-0.000006735,0.000000,7,0.000005000,0.000499994,0.000357138,0.000357138,0.000000000,manual_A_near_upright
real,BALANCE,75.852,-0.000467,-0.001299,0.000454,0.784800000,-0.000069682,-0.000008150,0.000000,7,0.000004540,0.000453955,0.000324253,0.000324253,0.000000000,manual_A_near_upright
real,BALANCE,75.873,-0.000543,-0.001194,0.000418,0.784800000,-0.000065421,-0.000009482,0.000000,7,0.000004179,0.000417875,0.000298482,0.000298482,0.000000000,manual_A_near_upright
real,BALANCE,75.893,-0.000614,-0.001096,0.000379,0.784800000,-0.000060689,-0.000010723,0.000000,7,0.000003787,0.000378738,0.000270527,0.000270527,0.000000000,manual_A_near_upright
real,BALANCE,75.914,-0.000680,-0.001004,0.000346,0.784800000,-0.000055351,-0.000011861,0.000000,7,0.000003456,0.000345594,0.000246853,0.000246853,0.000000000,manual_A_near_upright
real,BALANCE,75.934,-0.000738,-0.000920,0.000315,0.784800000,-0.000049549,-0.000012884,0.000000,7,0.000003146,0.000314608,0.000224720,0.000224720,0.000000000,manual_A_near_upright
real,BALANCE,75.955,-0.000790,-0.000844,0.000288,0.784800000,-0.000043311,-0.000013785,0.000000,7,0.000002876,0.000287557,0.000205398,0.000205398,0.000000000,manual_A_near_upright
real,BALANCE,75.976,-0.000834,-0.000776,0.000265,0.784800000,-0.000036700,-0.000014556,0.000000,7,0.000002647,0.000264656,0.000189040,0.000189040,0.000000000,manual_A_near_upright
real,BALANCE,75.996,-0.000870,-0.000718,0.000246,0.784800000,-0.000029786,-0.000015191,0.000000,7,0.000002458,0.000245785,0.000175561,0.000175561,0.000000000,manual_A_near_upright
real,BALANCE,76.017,-0.000899,-0.000669,0.000231,0.784800000,-0.000022635,-0.000015683,0.000000,7,0.000002313,0.000231280,0.000165200,0.000165200,0.000000000,manual_A_near_upright
real,BALANCE,76.038,-0.000918,-0.000630,0.000221,0.784800000,-0.000015317,-0.000016030,0.000000,7,0.000002212,0.000221199,0.000157999,0.000157999,0.000000000,manual_A_near_upright
real,BALANCE,76.058,-0.000930,-0.000601,0.000216,0.784800000,-0.000007902,-0.000016229,0.000000,7,0.000002156,0.000215596,0.000153997,0.000153997,0.000000000,manual_A_near_upright
real,BALANCE,76.079,-0.000933,-0.000583,0.000215,0.784800000,-0.000000462,-0.000016279,0.000000,7,0.000002145,0.000214506,0.000153218,0.000153218,0.000000000,manual_A_near_upright
real,BALANCE,76.100,-0.000927,-0.000575,0.000218,0.784800000,0.000006935,-0.000016181,0.000000,7,0.000002180,0.000218002,0.000155716,0.000155716,0.000000000,manual_A_near_upright
real,BALANCE,76.120,-0.000919,-0.000574,-0.000228,0.784800000,0.000004790,-0.000016032,0.000000,7,-0.000002282,-0.000228206,-0.000163004,-0.000163004,0.000000000,manual_A_near_upright
real,BALANCE,76.141,-0.000923,-0.000574,-0.001159,0.784800000,-0.000006813,-0.000016104,0.000000,7,-0.000011587,-0.001158657,-0.000827612,-0.000827612,0.000000000,manual_A_near_upright
real,BALANCE,76.161,-0.000929,-0.000579,-0.001343,0.784800000,-0.000001988,-0.000016214,0.000000,7,-0.000014045,-0.001404522,-0.001003230,-0.001003230,0.000000000,manual_A_near_upright
real,BALANCE,76.182,-0.000920,-0.000598,-0.001136,0.784800000,0.000010730,-0.000016056,0.000000,7,-0.000011360,-0.001136030,-0.000811450,-0.000811450,0.000000000,manual_A_near_upright
real,BALANCE,76.213,-0.000890,-0.000646,-0.001209,0.784800000,0.000021104,-0.000015537,0.000000,7,-0.000012086,-0.001208620,-0.000863300,-0.000863300,0.000000000,manual_A_near_upright
real,BALANCE,76.233,-0.000859,-0.000691,-0.001162,0.784800000,0.000029567,-0.000014991,0.000000,7,-0.000011622,-0.001162232,-0.000830166,-0.000830166,0.000000000,manual_A_near_upright
real,BALANCE,76.253,-0.000819,-0.000746,-0.001145,0.784800000,0.000036925,-0.000014292,0.000000,7,-0.000011513,-0.001151331,-0.000822379,-0.000822379,0.000000000,manual_A_near_upright
real,BALANCE,76.274,-0.000771,-0.000810,-0.001121,0.784800000,0.000043920,-0.000013452,0.000000,7,-0.000011359,-0.001135937,-0.000811384,-0.000811384,0.000000000,manual_A_near_upright
real,BALANCE,76.294,-0.000715,-0.000884,-0.001088,0.784800000,0.000050530,-0.000012476,0.000000,7,-0.000011045,-0.001104524,-0.000788946,-0.000788946,0.000000000,manual_A_near_upright
real,BALANCE,76.314,-0.000652,-0.000966,-0.001055,0.784800000,0.000056506,-0.000011378,0.000000,7,-0.000010717,-0.001071684,-0.000765489,-0.000765489,0.000000000,manual_A_near_upright
real,BALANCE,76.335,-0.000583,-0.001056,-0.001017,0.784800000,0.000061903,-0.000010169,0.000000,7,-0.000010364,-0.001036432,-0.000740309,-0.000740309,0.000000000,manual_A_near_upright
real,BALANCE,76.356,-0.000508,-0.001152,-0.000976,0.784800000,0.000066653,-0.000008861,0.000000,7,-0.000009764,-0.000976360,-0.000697400,-0.000697400,0.000000000,manual_A_near_upright
real,BALANCE,76.376,-0.000428,-0.001255,-0.000933,0.784800000,0.000070708,-0.000007468,0.000000,7,-0.000009335,-0.000933497,-0.000666783,-0.000666783,0.000000000,manual_A_near_upright
real,BALANCE,76.406,-0.000301,-0.001419,-0.000865,0.784800000,0.000075440,-0.000005250,0.000000,7,-0.000008653,-0.000865256,-0.000618040,-0.000618040,0.000000000,manual_A_near_upright
real,BALANCE,76.426,-0.000212,-0.001533,-0.000818,0.784800000,0.000077655,-0.000003708,0.000000,7,-0.000008180,-0.000817987,-0.000584277,-0.000584277,0.000000000,manual_A_near_upright
real,BALANCE,76.447,-0.000122,-0.001649,-0.000770,0.784800000,0.000079102,-0.000002132,0.000000,7,-0.000007698,-0.000769786,-0.000549847,-0.000549847,0.000000000,manual_A_near_upright
real,BALANCE,76.467,-0.000031,-0.001768,-0.000721,0.784800000,0.000079775,-0.000000539,0.000000,7,-0.000007211,-0.000721133,-0.000515095,-0.000515095,0.000000000,manual_A_near_upright
real,BALANCE,76.488,0.000061,-0.001887,-0.000672,0.784800000,0.000079672,0.000001056,0.000000,7,-0.000006725,-0.000672485,-0.000480347,-0.000480347,0.000000000,manual_A_near_upright
real,BALANCE,76.508,0.000151,-0.002005,-0.000624,0.784800000,0.000078803,0.000002638,0.000000,7,-0.000006243,-0.000624335,-0.000445954,-0.000445954,0.000000000,manual_A_near_upright
real,BALANCE,76.529,0.000240,-0.002123,-0.000577,0.784800000,0.000077182,0.000004192,0.000000,7,-0.000005771,-0.000577128,-0.000412234,-0.000412234,0.000000000,manual_A_near_upright
real,BALANCE,76.550,0.000327,-0.002238,-0.000531,0.784800000,0.000074832,0.000005703,0.000000,7,-0.000005313,-0.000531294,-0.000379495,-0.000379495,0.000000000,manual_A_near_upright
real,BALANCE,76.570,0.000410,-0.002349,-0.000485,0.784800000,0.000071821,0.000007157,0.000000,7,-0.000004853,-0.000485283,-0.000346630,-0.000346630,0.000000000,manual_A_near_upright
real,BALANCE,76.591,0.000489,-0.002456,-0.000444,0.784800000,0.000068093,0.000008540,0.000000,7,-0.000004439,-0.000443854,-0.000317039,-0.000317039,0.000000000,manual_A_near_upright
real,BALANCE,76.621,0.000599,-0.002607,-0.000388,0.784800000,0.000061308,0.000010455,0.000000,7,-0.000003883,-0.000388349,-0.000277392,-0.000277392,0.000000000,manual_A_near_upright
real,BALANCE,76.642,0.000665,-0.002700,-0.000353,0.784800000,0.000056128,0.000011606,0.000000,7,-0.000003531,-0.000353058,-0.000252185,-0.000252185,0.000000000,manual_A_near_upright
real,BALANCE,76.662,0.000727,-0.002789,-0.000318,0.784800000,0.000050179,0.000012697,0.000000,7,-0.000003183,-0.000318321,-0.000227372,-0.000227372,0.000000000,manual_A_near_upright
real,BALANCE,76.682,0.000777,-0.002863,-0.000294,0.784800000,0.000044311,0.000013569,0.000000,7,-0.000002935,-0.000293515,-0.000209654,-0.000209654,0.000000000,manual_A_near_upright
real,BALANCE,76.703,0.000823,-0.002931,-0.000269,0.784800000,0.000037809,0.000014361,0.000000,7,-0.000002692,-0.000269156,-0.000192254,-0.000192254,0.000000000,manual_A_near_upright
real,BALANCE,76.723,0.000860,-0.002991,-0.000250,0.784800000,0.000030958,0.000015018,0.000000,7,-0.000002505,-0.000250482,-0.000178916,-0.000178916,0.000000000,manual_A_near_upright
real,BALANCE,76.743,0.000890,-0.003042,-0.000235,0.784800000,0.000023875,0.000015535,0.000000,7,-0.000002353,-0.000235346,-0.000168104,-0.000168104,0.000000000,manual_A_near_upright
real,BALANCE,76.764,0.000911,-0.003082,-0.000225,0.784800000,0.000016612,0.000015908,0.000000,7,-0.000002246,-0.000224623,-0.000160445,-0.000160445,0.000000000,manual_A_near_upright
real,BALANCE,76.785,0.000924,-0.003113,-0.000218,0.784800000,0.000009240,0.000016133,0.000000,7,-0.000002184,-0.000218370,-0.000155978,-0.000155978,0.000000000,manual_A_near_upright
real,BALANCE,76.805,0.000929,-0.003133,-0.000216,0.784800000,0.000001833,0.000016211,0.000000,7,-0.000002164,-0.000216433,-0.000154595,-0.000154595,0.000000000,manual_A_near_upright
real,BALANCE,76.826,0.000925,-0.003143,-0.000219,0.784800000,-0.000005544,0.000016140,0.000000,7,-0.000002190,-0.000219032,-0.000156452,-0.000156452,0.000000000,manual_A_near_upright
real,BALANCE,76.847,0.000915,-0.003144,0.000068,0.784800000,-0.000006694,0.000015976,0.000000,7,0.000000676,0.000067554,0.000048253,0.000048253,0.000000000,manual_A_near_upright
real,BALANCE,76.868,0.000917,-0.003144,0.000976,0.784800000,0.000004649,0.000016004,0.000000,7,0.000009757,0.000975689,0.000696921,0.000696921,0.000000000,manual_A_near_upright
real,BALANCE,76.889,0.000925,-0.003141,0.001376,0.784800000,0.000004497,0.000016136,0.000000,7,0.000013763,0.001376324,0.000983089,0.000983089,0.000000000,manual_A_near_upright
real,BALANCE,76.909,0.000918,-0.003125,0.001141,0.784800000,-0.000008885,0.000016029,0.000000,7,0.000011411,0.001141119,0.000815085,0.000815085,0.000000000,manual_A_near_upright
real,BALANCE,76.930,0.000902,-0.003097,0.001191,0.784800000,-0.000015850,0.000015743,0.000000,7,0.000011908,0.001190802,0.000850573,0.000850573,0.000000000,manual_A_near_upright
real,BALANCE,76.951,0.000878,-0.003060,0.001194,0.784800000,-0.000023523,0.000015319,0.000000,7,0.000011944,0.001194392,0.000853137,0.000853137,0.000000000,manual_A_near_upright
real,BALANCE,76.972,0.000844,-0.003012,0.001152,0.784800000,-0.000031728,0.000014728,0.000000,7,0.000011521,0.001152058,0.000822898,0.000822898,0.000000000,manual_A_near_upright
real,BALANCE,76.993,0.000802,-0.002955,0.001138,0.784800000,-0.000038841,0.000013989,0.000000,7,0.000011385,0.001138458,0.000813184,0.000813184,0.000000000,manual_A_near_upright
real,BALANCE,77.014,0.000751,-0.002887,0.001110,0.784800000,-0.000045744,0.000013112,0.000000,7,0.000011096,0.001109564,0.000792546,0.000792546,0.000000000,manual_A_near_upright
real,BALANCE,77.034,0.000693,-0.002811,0.001076,0.784800000,-0.000052139,0.000012103,0.000000,7,0.000010765,0.001076493,0.000768924,0.000768924,0.000000000,manual_A_near_upright
real,BALANCE,77.055,0.000629,-0.002727,0.001042,0.784800000,-0.000057916,0.000010976,0.000000,7,0.000010424,0.001042402,0.000744573,0.000744573,0.000000000,manual_A_near_upright
real,BALANCE,77.076,0.000558,-0.002636,0.001004,0.784800000,-0.000063107,0.000009741,0.000000,7,0.000010037,0.001003720,0.000716943,0.000716943,0.000000000,manual_A_near_upright
real,BALANCE,77.096,0.000482,-0.002537,0.000962,0.784800000,-0.000067654,0.000008411,0.000000,7,0.000009615,0.000961535,0.000686811,0.000686811,0.000000000,manual_A_near_upright
real,BALANCE,77.117,0.000401,-0.002433,0.000920,0.784800000,-0.000071448,0.000007002,0.000000,7,0.000009198,0.000919812,0.000657008,0.000657008,0.000000000,manual_A_near_upright
real,BALANCE,77.138,0.000317,-0.002324,0.000874,0.784800000,-0.000074570,0.000005527,0.000000,7,0.000008737,0.000873664,0.000624046,0.000624046,0.000000000,manual_A_near_upright
real,BALANCE,77.158,0.000229,-0.002211,0.000827,0.784800000,-0.000076927,0.000004000,0.000000,7,0.000008269,0.000826932,0.000590665,0.000590665,0.000000000,manual_A_near_upright
real,BALANCE,77.179,0.000140,-0.002096,0.000779,0.784800000,-0.000078521,0.000002437,0.000000,7,0.000007792,0.000779192,0.000556566,0.000556566,0.000000000,manual_A_near_upright
real,BALANCE,77.200,0.000049,-0.001978,0.000731,0.784800000,-0.000079348,0.000000853,0.000000,7,0.000007307,0.000730726,0.000521947,0.000521947,0.000000000,manual_A_near_upright
real,BALANCE,77.221,-0.000042,-0.001859,0.000682,0.784800000,-0.000079401,-0.000000736,0.000000,7,0.000006823,0.000682291,0.000487351,0.000487351,0.000000000,manual_A_near_upright
real,BALANCE,77.241,-0.000133,-0.001741,0.000634,0.784800000,-0.000078689,-0.000002315,0.000000,7,0.000006342,0.000634218,0.000453013,0.000453013,0.000000000,manual_A_near_upright
real,BALANCE,77.262,-0.000222,-0.001624,0.000587,0.784800000,-0.000077226,-0.000003869,0.000000,7,0.000006105,0.000610465,0.000436047,0.000436047,0.000000000,manual_A_near_upright
real,BALANCE,77.283,-0.000308,-0.001509,0.000541,0.784800000,-0.000075030,-0.000005383,0.000000,7,0.000005410,0.000541043,0.000386460,0.000386460,0.000000000,manual_A_near_upright
real,BALANCE,77.304,-0.000392,-0.001397,0.000497,0.784800000,-0.000072131,-0.000006842,0.000000,7,0.000004968,0.000496814,0.000354867,0.000354867,0.000000000,manual_A_near_upright
real,BALANCE,77.325,-0.000472,-0.001289,0.000455,0.784800000,-0.000068560,-0.000008234,0.000000,7,0.000004547,0.000454706,0.000324790,0.000324790,0.000000000,manual_A_near_upright
real,BALANCE,77.346,-0.000547,-0.001186,0.000415,0.784800000,-0.000064358,-0.000009546,0.000000,7,0.000004151,0.000415106,0.000296504,0.000296504,0.000000000,manual_A_near_upright
real,BALANCE,77.366,-0.000617,-0.001089,0.000378,0.784800000,-0.000059570,-0.000010764,0.000000,7,0.000003784,0.000378369,0.000270264,0.000270264,0.000000000,manual_A_near_upright
real,BALANCE,77.387,-0.000681,-0.000999,0.000345,0.784800000,-0.000054245,-0.000011879,0.000000,7,0.000003448,0.000344824,0.000246303,0.000246303,0.000000000,manual_A_near_upright
real,BALANCE,77.408,-0.000738,-0.000916,0.000315,0.784800000,-0.000048440,-0.000012881,0.000000,7,0.000003148,0.000314765,0.000224832,0.000224832,0.000000000,manual_A_near_upright
real,BALANCE,77.429,-0.000788,-0.000842,0.000288,0.784800000,-0.000042212,-0.000013760,0.000000,7,0.000002885,0.000288453,0.000206038,0.000206038,0.000000000,manual_A_near_upright
real,BALANCE,77.450,-0.000831,-0.000776,0.000266,0.784800000,-0.000035625,-0.000014509,0.000000,7,0.000002661,0.000266109,0.000190078,0.000190078,0.000000000,manual_A_near_upright
real,BALANCE,77.470,-0.000866,-0.000719,0.000247,0.784800000,-0.000028760,-0.000015123,0.000000,7,0.000002471,0.000247058,0.000176470,0.000176470,0.000000000,manual_A_near_upright
real,BALANCE,77.491,-0.000894,-0.000671,0.000233,0.784800000,-0.000021643,-0.000015595,0.000000,7,0.000002335,0.000233473,0.000166767,0.000166767,0.000000000,manual_A_near_upright
real,BALANCE,77.512,-0.000912,-0.000634,0.000225,0.784800000,-0.000014361,-0.000015922,0.000000,7,0.000002247,0.000224692,0.000160495,0.000160495,0.000000000,manual_A_near_upright
real,BALANCE,77.533,-0.000923,-0.000606,0.000219,0.784800000,-0.000007010,-0.000016103,0.000000,7,0.000002194,0.000219443,0.000156745,0.000156745,0.000000000,manual_A_near_upright
real,BALANCE,77.553,-0.000925,-0.000589,0.000219,0.784800000,0.000000362,-0.000016136,0.000000,7,0.000002188,0.000218822,0.000156302,0.000156302,0.000000000,manual_A_near_upright
real,BALANCE,77.574,-0.000918,-0.000582,0.000223,0.784800000,0.000007684,-0.000016023,0.000000,7,0.000002227,0.000222739,0.000159100,0.000159100,0.000000000,manual_A_near_upright
real,BALANCE,77.595,-0.000910,-0.000582,-0.000314,0.784800000,0.000003598,-0.000015890,0.000000,7,-0.000003143,-0.000314307,-0.000224505,-0.000224505,0.000000000,manual_A_near_upright
real,BALANCE,77.616,-0.000916,-0.000582,-0.001222,0.784800000,-0.000007503,-0.000015982,0.000000,7,-0.000012223,-0.001222269,-0.000873049,-0.000873049,0.000000000,manual_A_near_upright
real,BALANCE,77.637,-0.000921,-0.000588,-0.001315,0.784800000,-0.000000807,-0.000016077,0.000000,7,-0.000013155,-0.001315461,-0.000939615,-0.000939615,0.000000000,manual_A_near_upright
real,BALANCE,77.658,-0.000911,-0.000608,-0.001131,0.784800000,0.000011328,-0.000015901,0.000000,7,-0.000011310,-0.001131038,-0.000807884,-0.000807884,0.000000000,manual_A_near_upright
real,BALANCE,77.679,-0.000893,-0.000638,-0.001206,0.784800000,0.000017658,-0.000015583,0.000000,7,-0.000012065,-0.001206495,-0.000861782,-0.000861782,0.000000000,manual_A_near_upright
real,BALANCE,77.710,-0.000849,-0.000702,-0.001155,0.784800000,0.000029990,-0.000014816,0.000000,7,-0.000011553,-0.001155307,-0.000825220,-0.000825220,0.000000000,manual_A_near_upright
real,BALANCE,77.730,-0.000808,-0.000758,-0.001140,0.784800000,0.000037217,-0.000014109,0.000000,7,-0.000011403,-0.001140252,-0.000814466,-0.000814466,0.000000000,manual_A_near_upright
real,BALANCE,77.760,-0.000733,-0.000858,-0.001099,0.784800000,0.000047470,-0.000012791,0.000000,7,-0.000010986,-0.001098614,-0.000784724,-0.000784724,0.000000000,manual_A_near_upright
real,BALANCE,77.781,-0.000673,-0.000937,-0.001066,0.784800000,0.000053661,-0.000011751,0.000000,7,-0.000010659,-0.001065938,-0.000761384,-0.000761384,0.000000000,manual_A_near_upright
real,BALANCE,77.801,-0.000607,-0.001023,-0.001031,0.784800000,0.000059257,-0.000010596,0.000000,7,-0.000010306,-0.001030593,-0.000736138,-0.000736138,0.000000000,manual_A_near_upright
real,BALANCE,77.822,-0.000535,-0.001116,-0.000989,0.784800000,0.000064285,-0.000009337,0.000000,7,-0.000009895,-0.000989467,-0.000706762,-0.000706762,0.000000000,manual_A_near_upright
real,BALANCE,77.842,-0.000458,-0.001216,-0.000950,0.784800000,0.000068558,-0.000007988,0.000000,7,-0.000009498,-0.000949790,-0.000678421,-0.000678421,0.000000000,manual_A_near_upright
real,BALANCE,77.863,-0.000376,-0.001321,-0.000906,0.784800000,0.000072172,-0.000006563,0.000000,7,-0.000009060,-0.000905955,-0.000647110,-0.000647110,0.000000000,manual_A_near_upright
real,BALANCE,77.884,-0.000291,-0.001431,-0.000858,0.784800000,0.000075110,-0.000005076,0.000000,7,-0.000008578,-0.000857766,-0.000612690,-0.000612690,0.000000000,manual_A_near_upright
real,BALANCE,77.914,-0.000158,-0.001602,-0.000790,0.784800000,0.000077964,-0.000002763,0.000000,7,-0.000007899,-0.000789880,-0.000564200,-0.000564200,0.000000000,manual_A_near_upright
real,BALANCE,77.935,-0.000068,-0.001719,-0.000741,0.784800000,0.000078972,-0.000001188,0.000000,7,-0.000007408,-0.000740800,-0.000529143,-0.000529143,0.000000000,manual_A_near_upright
real,BALANCE,77.955,0.000023,-0.001837,-0.000691,0.784800000,0.000079213,0.000000397,0.000000,7,-0.000006913,-0.000691286,-0.000493775,-0.000493775,0.000000000,manual_A_near_upright
real,BALANCE,77.975,0.000113,-0.001955,-0.000645,0.784800000,0.000078636,0.000001974,0.000000,7,-0.000006447,-0.000644685,-0.000460489,-0.000460489,0.000000000,manual_A_near_upright
real,BALANCE,77.995,0.000202,-0.002072,-0.000598,0.784800000,0.000077330,0.000003529,0.000000,7,-0.000006216,-0.000621592,-0.000443994,-0.000443994,0.000000000,manual_A_near_upright
real,BALANCE,78.016,0.000289,-0.002187,-0.000551,0.784800000,0.000075310,0.000005047,0.000000,7,-0.000005510,-0.000550964,-0.000393546,-0.000393546,0.000000000,manual_A_near_upright
real,BALANCE,78.037,0.000373,-0.002300,-0.000506,0.784800000,0.000072585,0.000006516,0.000000,7,-0.000005056,-0.000505565,-0.000361118,-0.000361118,0.000000000,manual_A_near_upright
real,BALANCE,78.057,0.000454,-0.002408,-0.000465,0.784800000,0.000069127,0.000007918,0.000000,7,-0.000004650,-0.000464974,-0.000332124,-0.000332124,0.000000000,manual_A_near_upright
real,BALANCE,78.078,0.000530,-0.002511,-0.000424,0.784800000,0.000065089,0.000009243,0.000000,7,-0.000004241,-0.000424057,-0.000302898,-0.000302898,0.000000000,manual_A_near_upright
real,BALANCE,78.098,0.000600,-0.002609,-0.000387,0.784800000,0.000060435,0.000010479,0.000000,7,-0.000003869,-0.000386943,-0.000276388,-0.000276388,0.000000000,manual_A_near_upright
real,BALANCE,78.128,0.000696,-0.002744,-0.000336,0.784800000,0.000052463,0.000012139,0.000000,7,-0.000003365,-0.000336472,-0.000240337,-0.000240337,0.000000000,manual_A_near_upright
real,BALANCE,78.148,0.000751,-0.002824,-0.000308,0.784800000,0.000046539,0.000013103,0.000000,7,-0.000003081,-0.000308067,-0.000220048,-0.000220048,0.000000000,manual_A_near_upright
real,BALANCE,78.178,0.000820,-0.002929,-0.000272,0.784800000,0.000036933,0.000014314,0.000000,7,-0.000002833,-0.000283255,-0.000202325,-0.000202325,0.000000000,manual_A_near_upright
real,BALANCE,78.199,0.000857,-0.002987,-0.000253,0.784800000,0.000030132,0.000014954,0.000000,7,-0.000002529,-0.000252872,-0.000180623,-0.000180623,0.000000000,manual_A_near_upright
real,BALANCE,78.219,0.000886,-0.003036,-0.000238,0.784800000,0.000023087,0.000015455,0.000000,7,-0.000002382,-0.000238189,-0.000170135,-0.000170135,0.000000000,manual_A_near_upright
real,BALANCE,78.249,0.000913,-0.003092,-0.000224,0.784800000,0.000012223,0.000015937,0.000000,7,-0.000002242,-0.000224174,-0.000160124,-0.000160124,0.000000000,manual_A_near_upright
real,BALANCE,78.270,0.000921,-0.003116,-0.000220,0.784800000,0.000004883,0.000016075,0.000000,7,-0.000002203,-0.000220322,-0.000157373,-0.000157373,0.000000000,manual_A_near_upright
real,BALANCE,78.290,0.000920,-0.003131,-0.000221,0.784800000,-0.000002461,0.000016066,0.000000,7,-0.000002212,-0.000221166,-0.000157976,-0.000157976,0.000000000,manual_A_near_upright
real,BALANCE,78.311,0.000912,-0.003135,-0.000208,0.784800000,-0.000009336,0.000015913,0.000000,7,-0.000002076,-0.000207627,-0.000148305,-0.000148305,0.000000000,manual_A_near_upright
real,BALANCE,78.332,0.000908,-0.003135,0.000572,0.784800000,-0.000000274,0.000015843,0.000000,7,0.000005723,0.000572321,0.000408801,0.000408801,0.000000000,manual_A_near_upright
real,BALANCE,78.352,0.000915,-0.003134,0.001343,0.784800000,0.000007706,0.000015976,0.000000,7,0.000013434,0.001343386,0.000959561,0.000959561,0.000000000,manual_A_near_upright
real,BALANCE,78.373,0.000916,-0.003124,0.001227,0.784800000,-0.000003313,0.000015992,0.000000,7,0.000012268,0.001226772,0.000876266,0.000876266,0.000000000,manual_A_near_upright
real,BALANCE,78.393,0.000904,-0.003101,0.001152,0.784800000,-0.000012990,0.000015771,0.000000,7,0.000011523,0.001152297,0.000823069,0.000823069,0.000000000,manual_A_near_upright
real,BALANCE,78.413,0.000883,-0.003068,0.001204,0.784800000,-0.000019737,0.000015417,0.000000,7,0.000012038,0.001203773,0.000859838,0.000859838,0.000000000,manual_A_near_upright
real,BALANCE,78.434,0.000854,-0.003025,0.001163,0.784800000,-0.000028069,0.000014901,0.000000,7,0.000011628,0.001162801,0.000830572,0.000830572,0.000000000,manual_A_near_upright
real,BALANCE,78.454,0.000815,-0.002972,0.001142,0.784800000,-0.000035502,0.000014230,0.000000,7,0.000011422,0.001142199,0.000815856,0.000815856,0.000000000,manual_A_near_upright
real,BALANCE,78.475,0.000769,-0.002909,0.001121,0.784800000,-0.000042448,0.000013419,0.000000,7,0.000011208,0.001120846,0.000800604,0.000800604,0.000000000,manual_A_near_upright
real,BALANCE,78.495,0.000715,-0.002838,0.001088,0.784800000,-0.000049065,0.000012473,0.000000,7,0.000010882,0.001088224,0.000777303,0.000777303,0.000000000,manual_A_near_upright
real,BALANCE,78.515,0.000653,-0.002758,0.001056,0.784800000,-0.000055064,0.000011404,0.000000,7,0.000010555,0.001055549,0.000753964,0.000753964,0.000000000,manual_A_near_upright
real,BALANCE,78.536,0.000586,-0.002670,0.001019,0.784800000,-0.000060487,0.000010223,0.000000,7,0.000010189,0.001018944,0.000727817,0.000727817,0.000000000,manual_A_near_upright
real,BALANCE,78.556,0.000512,-0.002575,0.000977,0.784800000,-0.000065319,0.000008942,0.000000,7,0.000009773,0.000977279,0.000698057,0.000698057,0.000000000,manual_A_near_upright
real,BALANCE,78.577,0.000434,-0.002474,0.000938,0.784800000,-0.000069361,0.000007576,0.000000,7,0.000009385,0.000938463,0.000670331,0.000670331,0.000000000,manual_A_near_upright
real,BALANCE,78.597,0.000352,-0.002367,0.000891,0.784800000,-0.000072830,0.000006138,0.000000,7,0.000008913,0.000891283,0.000636630,0.000636630,0.000000000,manual_A_near_upright
real,BALANCE,78.618,0.000266,-0.002257,0.000846,0.784800000,-0.000075481,0.000004641,0.000000,7,0.000008463,0.000846289,0.000604492,0.000604492,0.000000000,manual_A_near_upright
real,BALANCE,78.638,0.000178,-0.002143,0.000800,0.784800000,-0.000077384,0.000003103,0.000000,7,0.000008001,0.000800084,0.000571488,0.000571488,0.000000000,manual_A_near_upright
real,BALANCE,78.659,0.000088,-0.002027,0.000753,0.784800000,-0.000078524,0.000001537,0.000000,7,0.000007531,0.000753063,0.000537902,0.000537902,0.000000000,manual_A_near_upright
real,BALANCE,78.689,-0.000048,-0.001850,0.000678,0.784800000,-0.000078893,-0.000000830,0.000000,7,0.000006776,0.000677607,0.000484005,0.000484005,0.000000000,manual_A_near_upright
real,BALANCE,78.710,-0.000137,-0.001732,0.000632,0.784800000,-0.000078087,-0.000002397,0.000000,7,0.000006324,0.000632443,0.000451745,0.000451745,0.000000000,manual_A_near_upright
real,BALANCE,78.730,-0.000226,-0.001616,0.000583,0.784800000,-0.000076649,-0.000003939,0.000000,7,0.000005827,0.000582742,0.000416245,0.000416245,0.000000000,manual_A_near_upright
real,BALANCE,78.751,-0.000312,-0.001502,0.000539,0.784800000,-0.000074377,-0.000005441,0.000000,7,0.000005394,0.000539441,0.000385315,0.000385315,0.000000000,manual_A_near_upright
real,BALANCE,78.771,-0.000395,-0.001391,0.000496,0.784800000,-0.000071451,-0.000006887,0.000000,7,0.000004959,0.000495872,0.000354194,0.000354194,0.000000000,manual_A_near_upright
real,BALANCE,78.792,-0.000474,-0.001284,0.000454,0.784800000,-0.000067878,-0.000008265,0.000000,7,0.000004536,0.000453559,0.000323970,0.000323970,0.000000000,manual_A_near_upright
real,BALANCE,78.812,-0.000548,-0.001182,0.000415,0.784800000,-0.000063661,-0.000009563,0.000000,7,0.000004147,0.000414696,0.000296211,0.000296211,0.000000000,manual_A_near_upright
real,BALANCE,78.833,-0.000617,-0.001086,0.000378,0.784800000,-0.000058886,-0.000010768,0.000000,7,0.000003777,0.000377691,0.000269779,0.000269779,0.000000000,manual_A_near_upright
real,BALANCE,78.853,-0.000680,-0.000997,0.000346,0.784800000,-0.000053544,-0.000011869,0.000000,7,0.000003456,0.000345640,0.000246885,0.000246885,0.000000000,manual_A_near_upright
real,BALANCE,78.874,-0.000737,-0.000915,0.000315,0.784800000,-0.000047762,-0.000012856,0.000000,7,0.000003154,0.000315400,0.000225286,0.000225286,0.000000000,manual_A_near_upright
real,BALANCE,78.894,-0.000786,-0.000841,0.000289,0.784800000,-0.000041559,-0.000013722,0.000000,7,0.000002891,0.000289146,0.000206533,0.000206533,0.000000000,manual_A_near_upright
real,BALANCE,78.915,-0.000828,-0.000776,0.000268,0.784800000,-0.000034977,-0.000014459,0.000000,7,0.000002681,0.000268051,0.000191465,0.000191465,0.000000000,manual_A_near_upright
real,BALANCE,78.935,-0.000863,-0.000720,0.000250,0.784800000,-0.000028135,-0.000015059,0.000000,7,0.000002497,0.000249734,0.000178381,0.000178381,0.000000000,manual_A_near_upright
real,BALANCE,78.965,-0.000900,-0.000652,0.000231,0.784800000,-0.000017100,-0.000015712,0.000000,7,0.000002307,0.000230671,0.000164765,0.000164765,0.000000000,manual_A_near_upright
real,BALANCE,78.985,-0.000913,-0.000622,0.000224,0.784800000,-0.000010185,-0.000015940,0.000000,7,0.000002241,0.000224105,0.000160075,0.000160075,0.000000000,manual_A_near_upright
real,BALANCE,79.006,-0.000919,-0.000601,0.000222,0.784800000,-0.000002855,-0.000016038,0.000000,7,0.000002218,0.000221784,0.000158417,0.000158417,0.000000000,manual_A_near_upright
real,BALANCE,79.026,-0.000916,-0.000589,0.000224,0.784800000,0.000004445,-0.000015989,0.000000,7,0.000002235,0.000223524,0.000159660,0.000159660,0.000000000,manual_A_near_upright
real,BALANCE,79.047,-0.000906,-0.000587,0.000059,0.784800000,0.000008078,-0.000015821,0.000000,7,0.000000588,0.000058780,0.000041986,0.000041986,0.000000000,manual_A_near_upright
real,BALANCE,79.067,-0.000906,-0.000587,-0.000815,0.784800000,-0.000002768,-0.000015812,0.000000,7,-0.000008150,-0.000815042,-0.000582173,-0.000582173,0.000000000,manual_A_near_upright
real,BALANCE,79.088,-0.000915,-0.000589,-0.001401,0.784800000,-0.000006668,-0.000015961,0.000000,7,-0.000014008,-0.001400818,-0.001000584,-0.001000584,0.000000000,manual_A_near_upright
real,BALANCE,79.108,-0.000911,-0.000603,-0.001164,0.784800000,0.000006776,-0.000015904,0.000000,7,-0.000011635,-0.001163512,-0.000831080,-0.000831080,0.000000000,manual_A_near_upright
real,BALANCE,79.129,-0.000896,-0.000628,-0.001172,0.784800000,0.000014594,-0.000015644,0.000000,7,-0.000011718,-0.001171751,-0.000836965,-0.000836965,0.000000000,manual_A_near_upright
real,BALANCE,79.149,-0.000874,-0.000664,-0.001197,0.784800000,0.000021799,-0.000015253,0.000000,7,-0.000011969,-0.001196950,-0.000854964,-0.000854964,0.000000000,manual_A_near_upright
real,BALANCE,79.178,-0.000823,-0.000736,-0.001144,0.784800000,0.000033732,-0.000014359,0.000000,7,-0.000011513,-0.001151339,-0.000822385,-0.000822385,0.000000000,manual_A_near_upright
real,BALANCE,79.200,-0.000778,-0.000796,-0.001127,0.784800000,0.000040696,-0.000013584,0.000000,7,-0.000011268,-0.001126815,-0.000804868,-0.000804868,0.000000000,manual_A_near_upright
real,BALANCE,79.220,-0.000726,-0.000866,-0.001095,0.784800000,0.000047428,-0.000012671,0.000000,7,-0.000010946,-0.001094591,-0.000781851,-0.000781851,0.000000000,manual_A_near_upright
real,BALANCE,79.240,-0.000667,-0.000944,-0.001063,0.784800000,0.000053550,-0.000011633,0.000000,7,-0.000010625,-0.001062527,-0.000758948,-0.000758948,0.000000000,manual_A_near_upright
real,BALANCE,79.271,-0.000565,-0.001075,-0.001008,0.784800000,0.000061647,-0.000009865,0.000000,7,-0.000010077,-0.001007737,-0.000719812,-0.000719812,0.000000000,manual_A_near_upright
real,BALANCE,79.292,-0.000491,-0.001172,-0.000967,0.784800000,0.000066251,-0.000008564,0.000000,7,-0.000009674,-0.000967394,-0.000690996,-0.000690996,0.000000000,manual_A_near_upright
real,BALANCE,79.313,-0.000411,-0.001274,-0.000925,0.784800000,0.000070170,-0.000007181,0.000000,7,-0.000009248,-0.000924830,-0.000660593,-0.000660593,0.000000000,manual_A_near_upright
real,BALANCE,79.334,-0.000328,-0.001381,-0.000880,0.784800000,0.000073378,-0.000005730,0.000000,7,-0.000008801,-0.000880140,-0.000628671,-0.000628671,0.000000000,manual_A_near_upright
real,BALANCE,79.354,-0.000242,-0.001492,-0.000834,0.784800000,0.000075848,-0.000004226,0.000000,7,-0.000008340,-0.000833968,-0.000595691,-0.000595691,0.000000000,manual_A_near_upright
real,BALANCE,79.374,-0.000154,-0.001607,-0.000787,0.784800000,0.000077565,-0.000002683,0.000000,7,-0.000007867,-0.000786718,-0.000561942,-0.000561942,0.000000000,manual_A_near_upright
real,BALANCE,79.395,-0.000064,-0.001723,-0.000739,0.784800000,0.000078519,-0.000001116,0.000000,7,-0.000007388,-0.000738838,-0.000527742,-0.000527742,0.000000000,manual_A_near_upright
real,BALANCE,79.416,0.000026,-0.001840,-0.000690,0.784800000,0.000078733,0.000000459,0.000000,7,-0.000006895,-0.000689512,-0.000492508,-0.000492508,0.000000000,manual_A_near_upright
real,BALANCE,79.436,0.000116,-0.001958,-0.000642,0.784800000,0.000078161,0.000002026,0.000000,7,-0.000006671,-0.000667096,-0.000476497,-0.000476497,0.000000000,manual_A_near_upright
real,BALANCE,79.457,0.000205,-0.002074,-0.000596,0.784800000,0.000076811,0.000003571,0.000000,7,-0.000005961,-0.000596135,-0.000425811,-0.000425811,0.000000000,manual_A_near_upright
real,BALANCE,79.477,0.000291,-0.002189,-0.000551,0.784800000,0.000074760,0.000005079,0.000000,7,-0.000005505,-0.000550512,-0.000393223,-0.000393223,0.000000000,manual_A_near_upright
real,BALANCE,79.498,0.000374,-0.002300,-0.000506,0.784800000,0.000072016,0.000006536,0.000000,7,-0.000005060,-0.000505996,-0.000361426,-0.000361426,0.000000000,manual_A_near_upright
real,BALANCE,79.518,0.000454,-0.002408,-0.000462,0.784800000,0.000068628,0.000007928,0.000000,7,-0.000004622,-0.000462175,-0.000330125,-0.000330125,0.000000000,manual_A_near_upright
real,BALANCE,79.539,0.000530,-0.002511,-0.000425,0.784800000,0.000064527,0.000009242,0.000000,7,-0.000004245,-0.000424546,-0.000303247,-0.000303247,0.000000000,manual_A_near_upright
real,BALANCE,79.559,0.000600,-0.002608,-0.000388,0.784800000,0.000059882,0.000010466,0.000000,7,-0.000003876,-0.000387646,-0.000276890,-0.000276890,0.000000000,manual_A_near_upright
real,BALANCE,79.580,0.000664,-0.002698,-0.000353,0.784800000,0.000054705,0.000011590,0.000000,7,-0.000003534,-0.000353391,-0.000252422,-0.000252422,0.000000000,manual_A_near_upright
real,BALANCE,79.601,0.000722,-0.002782,-0.000323,0.784800000,0.000049028,0.000012602,0.000000,7,-0.000003232,-0.000323245,-0.000230889,-0.000230889,0.000000000,manual_A_near_upright
real,BALANCE,79.621,0.000776,-0.002861,-0.000295,0.784800000,0.000042617,0.000013536,0.000000,7,-0.000002950,-0.000294976,-0.000210697,-0.000210697,0.000000000,manual_A_near_upright
real,BALANCE,79.642,0.000817,-0.002924,-0.000274,0.784800000,0.000036455,0.000014260,0.000000,7,-0.000002738,-0.000273803,-0.000195574,-0.000195574,0.000000000,manual_A_near_upright
real,BALANCE,79.662,0.000853,-0.002982,-0.000255,0.784800000,0.000029685,0.000014892,0.000000,7,-0.000002549,-0.000254940,-0.000182100,-0.000182100,0.000000000,manual_A_near_upright
real,BALANCE,79.683,0.000881,-0.003031,-0.000240,0.784800000,0.000022680,0.000015384,0.000000,7,-0.000002402,-0.000240222,-0.000171587,-0.000171587,0.000000000,manual_A_near_upright
real,BALANCE,79.703,0.000901,-0.003070,-0.000230,0.784800000,0.000015499,0.000015734,0.000000,7,-0.000002302,-0.000230173,-0.000164409,-0.000164409,0.000000000,manual_A_near_upright
real,BALANCE,79.724,0.000913,-0.003099,-0.000224,0.784800000,0.000008223,0.000015938,0.000000,7,-0.000002243,-0.000224349,-0.000160249,-0.000160249,0.000000000,manual_A_near_upright
real,BALANCE,79.745,0.000917,-0.003118,-0.000223,0.784800000,0.000000919,0.000015997,0.000000,7,-0.000002229,-0.000222861,-0.000159187,-0.000159187,0.000000000,manual_A_near_upright
real,BALANCE,79.765,0.000912,-0.003126,-0.000226,0.784800000,-0.000006354,0.000015910,0.000000,7,-0.000002262,-0.000226223,-0.000161588,-0.000161588,0.000000000,manual_A_near_upright
real,BALANCE,79.786,0.000903,-0.003127,0.000153,0.784800000,-0.000005473,0.000015756,0.000000,7,0.000001530,0.000152969,0.000109263,0.000109263,0.000000000,manual_A_near_upright
real,BALANCE,79.806,0.000906,-0.003127,0.001061,0.784800000,0.000005869,0.000015810,0.000000,7,0.000010611,0.001061073,0.000757909,0.000757909,0.000000000,manual_A_near_upright
real,BALANCE,79.826,0.000913,-0.003123,0.001350,0.784800000,0.000003426,0.000015933,0.000000,7,0.000013504,0.001350415,0.000964582,0.000964582,0.000000000,manual_A_near_upright
real,BALANCE,79.847,0.000906,-0.003105,0.001138,0.784800000,-0.000009334,0.000015808,0.000000,7,0.000011380,0.001137996,0.000812854,0.000812854,0.000000000,manual_A_near_upright
real,BALANCE,79.867,0.000889,-0.003078,0.001191,0.784800000,-0.000016126,0.000015519,0.000000,7,0.000011911,0.001191100,0.000850786,0.000850786,0.000000000,manual_A_near_upright
real,BALANCE,79.887,0.000863,-0.003038,0.001179,0.784800000,-0.000024373,0.000015061,0.000000,7,0.000012011,0.001201081,0.000857915,0.000857915,0.000000000,manual_A_near_upright
real,BALANCE,79.908,0.000830,-0.002992,0.001148,0.784800000,-0.000031853,0.000014491,0.000000,7,0.000011482,0.001148209,0.000820149,0.000820149,0.000000000,manual_A_near_upright
real,BALANCE,79.929,0.000788,-0.002934,0.001131,0.784800000,-0.000038934,0.000013751,0.000000,7,0.000011307,0.001130662,0.000807616,0.000807616,0.000000000,manual_A_near_upright
real,BALANCE,79.949,0.000738,-0.002866,0.001101,0.784800000,-0.000045743,0.000012873,0.000000,7,0.000011007,0.001100709,0.000786221,0.000786221,0.000000000,manual_A_near_upright
real,BALANCE,79.970,0.000680,-0.002791,0.001070,0.784800000,-0.000051979,0.000011866,0.000000,7,0.000010698,0.001069780,0.000764128,0.000764128,0.000000000,manual_A_near_upright
real,BALANCE,79.990,0.000616,-0.002707,0.001035,0.784800000,-0.000057653,0.000010744,0.000000,7,0.000010354,0.001035394,0.000739567,0.000739567,0.000000000,manual_A_near_upright
real,BALANCE,80.011,0.000545,-0.002615,0.000997,0.784800000,-0.000062739,0.000009516,0.000000,7,0.000009968,0.000996765,0.000711975,0.000711975,0.000000000,manual_A_near_upright
real,BALANCE,80.031,0.000470,-0.002518,0.000956,0.784800000,-0.000067157,0.000008196,0.000000,7,0.000009561,0.000956116,0.000682940,0.000682940,0.000000000,manual_A_near_upright
real,BALANCE,80.051,0.000389,-0.002414,0.000911,0.784800000,-0.000070928,0.000006797,0.000000,7,0.000009111,0.000911112,0.000650795,0.000650795,0.000000000,manual_A_near_upright
real,BALANCE,80.072,0.000306,-0.002306,0.000868,0.784800000,-0.000073896,0.000005334,0.000000,7,0.000008682,0.000868206,0.000620147,0.000620147,0.000000000,manual_A_near_upright
real,BALANCE,80.092,0.000219,-0.002194,0.000822,0.784800000,-0.000076168,0.000003822,0.000000,7,0.000008219,0.000821881,0.000587058,0.000587058,0.000000000,manual_A_near_upright
real,BALANCE,80.113,0.000130,-0.002079,0.000773,0.784800000,-0.000077721,0.000002274,0.000000,7,0.000007728,0.000772797,0.000551998,0.000551998,0.000000000,manual_A_near_upright
real,BALANCE,80.133,0.000041,-0.001963,0.000727,0.784800000,-0.000078430,0.000000709,0.000000,7,0.000007272,0.000727194,0.000519424,0.000519424,0.000000000,manual_A_near_upright
real,BALANCE,80.153,-0.000049,-0.001845,0.000676,0.784800000,-0.000078489,-0.000000862,0.000000,7,0.000006762,0.000676196,0.000482997,0.000482997,0.000000000,manual_A_near_upright
real,BALANCE,80.174,-0.000139,-0.001728,0.000631,0.784800000,-0.000077671,-0.000002421,0.000000,7,0.000006312,0.000631237,0.000450884,0.000450884,0.000000000,manual_A_near_upright
real,BALANCE,80.194,-0.000227,-0.001612,0.000585,0.784800000,-0.000076163,-0.000003954,0.000000,7,0.000005848,0.000584831,0.000417736,0.000417736,0.000000000,manual_A_near_upright
real,BALANCE,80.225,-0.000354,-0.001443,0.000517,0.784800000,-0.000072572,-0.000006173,0.000000,7,0.000005171,0.000517074,0.000369338,0.000369338,0.000000000,manual_A_near_upright
real,BALANCE,80.245,-0.000434,-0.001335,0.000475,0.784800000,-0.000069314,-0.000007578,0.000000,7,0.000004747,0.000474681,0.000339058,0.000339058,0.000000000,manual_A_near_upright
real,BALANCE,80.266,-0.000510,-0.001231,0.000434,0.784800000,-0.000065420,-0.000008909,0.000000,7,0.000004343,0.000434347,0.000310248,0.000310248,0.000000000,manual_A_near_upright
real,BALANCE,80.286,-0.000582,-0.001133,0.000397,0.784800000,-0.000060925,-0.000010153,0.000000,7,0.000003968,0.000396841,0.000283458,0.000283458,0.000000000,manual_A_near_upright
real,BALANCE,80.307,-0.000647,-0.001041,0.000362,0.784800000,-0.000055879,-0.000011300,0.000000,7,0.000003623,0.000362328,0.000258806,0.000258806,0.000000000,manual_A_near_upright
real,BALANCE,80.327,-0.000707,-0.000956,0.000331,0.784800000,-0.000050334,-0.000012338,0.000000,7,0.000003311,0.000331131,0.000236522,0.000236522,0.000000000,manual_A_near_upright
real,BALANCE,80.348,-0.000760,-0.000878,0.000304,0.784800000,-0.000044346,-0.000013258,0.000000,7,0.000003035,0.000303546,0.000216818,0.000216818,0.000000000,manual_A_near_upright
real,BALANCE,80.368,-0.000805,-0.000809,0.000280,0.784800000,-0.000037977,-0.000014053,0.000000,7,0.000002798,0.000279791,0.000199850,0.000199850,0.000000000,manual_A_near_upright
real,BALANCE,80.398,-0.000859,-0.000722,0.000252,0.784800000,-0.000027846,-0.000014997,0.000000,7,0.000002518,0.000251769,0.000179835,0.000179835,0.000000000,manual_A_near_upright
real,BALANCE,80.418,-0.000885,-0.000676,0.000238,0.784800000,-0.000020804,-0.000015452,0.000000,7,0.000002384,0.000238377,0.000170269,0.000170269,0.000000000,manual_A_near_upright
real,BALANCE,80.439,-0.000903,-0.000640,0.000229,0.784800000,-0.000013612,-0.000015764,0.000000,7,0.000002293,0.000229333,0.000163809,0.000163809,0.000000000,manual_A_near_upright
real,BALANCE,80.459,-0.000913,-0.000614,0.000225,0.784800000,-0.000006338,-0.000015931,0.000000,7,0.000002247,0.000224694,0.000160496,0.000160496,0.000000000,manual_A_near_upright
real,BALANCE,80.479,-0.000914,-0.000597,0.000224,0.784800000,0.000000948,-0.000015952,0.000000,7,0.000002245,0.000224469,0.000160335,0.000160335,0.000000000,manual_A_near_upright
real,BALANCE,80.500,-0.000907,-0.000591,0.000229,0.784800000,0.000008176,-0.000015828,0.000000,7,0.000002286,0.000228631,0.000163308,0.000163308,0.000000000,manual_A_near_upright
real,BALANCE,80.520,-0.000900,-0.000591,-0.000369,0.784800000,0.000002759,-0.000015709,0.000000,7,-0.000003692,-0.000369163,-0.000263688,-0.000263688,0.000000000,manual_A_near_upright
real,BALANCE,80.541,-0.000906,-0.000591,-0.001241,0.784800000,-0.000007612,-0.000015811,0.000000,7,-0.000012413,-0.001241251,-0.000886608,-0.000886608,0.000000000,manual_A_near_upright
real,BALANCE,80.562,-0.000911,-0.000598,-0.001292,0.784800000,-0.000000112,-0.000015892,0.000000,7,-0.000012916,-0.001291566,-0.000922547,-0.000922547,0.000000000,manual_A_near_upright
real,BALANCE,80.582,-0.000900,-0.000618,-0.001131,0.784800000,0.000011417,-0.000015712,0.000000,7,-0.000011311,-0.001131070,-0.000807907,-0.000807907,0.000000000,manual_A_near_upright
real,BALANCE,80.603,-0.000882,-0.000649,-0.001201,0.784800000,0.000017775,-0.000015392,0.000000,7,-0.000012010,-0.001201043,-0.000857888,-0.000857888,0.000000000,manual_A_near_upright
real,BALANCE,80.633,-0.000838,-0.000713,-0.001150,0.784800000,0.000029958,-0.000014622,0.000000,7,-0.000011500,-0.001150023,-0.000821445,-0.000821445,0.000000000,manual_A_near_upright
real,BALANCE,80.663,-0.000774,-0.000800,-0.001125,0.784800000,0.000040537,-0.000013515,0.000000,7,-0.000011245,-0.001124544,-0.000803246,-0.000803246,0.000000000,manual_A_near_upright
real,BALANCE,80.684,-0.000722,-0.000869,-0.001093,0.784800000,0.000047230,-0.000012606,0.000000,7,-0.000010928,-0.001092805,-0.000780575,-0.000780575,0.000000000,manual_A_near_upright
real,BALANCE,80.704,-0.000663,-0.000947,-0.001061,0.784800000,0.000053329,-0.000011572,0.000000,7,-0.000010606,-0.001060628,-0.000757591,-0.000757591,0.000000000,manual_A_near_upright
real,BALANCE,80.734,-0.000562,-0.001078,-0.001006,0.784800000,0.000061385,-0.000009812,0.000000,7,-0.000010062,-0.001006156,-0.000718683,-0.000718683,0.000000000,manual_A_near_upright
real,BALANCE,80.755,-0.000488,-0.001174,-0.000966,0.784800000,0.000065967,-0.000008516,0.000000,7,-0.000009660,-0.000965957,-0.000689969,-0.000689969,0.000000000,manual_A_near_upright
real,BALANCE,80.776,-0.000409,-0.001276,-0.000924,0.784800000,0.000069866,-0.000007139,0.000000,7,-0.000009236,-0.000923576,-0.000659697,-0.000659697,0.000000000,manual_A_near_upright
real,BALANCE,80.796,-0.000326,-0.001382,-0.000879,0.784800000,0.000073057,-0.000005694,0.000000,7,-0.000008791,-0.000879084,-0.000627917,-0.000627917,0.000000000,manual_A_near_upright
real,BALANCE,80.817,-0.000240,-0.001493,-0.000833,0.784800000,0.000075514,-0.000004196,0.000000,7,-0.000008331,-0.000833111,-0.000595079,-0.000595079,0.000000000,manual_A_near_upright
real,BALANCE,80.837,-0.000152,-0.001607,-0.000786,0.784800000,0.000077220,-0.000002660,0.000000,7,-0.000007861,-0.000786070,-0.000561478,-0.000561478,0.000000000,manual_A_near_upright
real,BALANCE,80.858,-0.000063,-0.001723,-0.000738,0.784800000,0.000078167,-0.000001101,0.000000,7,-0.000007384,-0.000738402,-0.000527430,-0.000527430,0.000000000,manual_A_near_upright
real,BALANCE,80.878,0.000027,-0.001840,-0.000689,0.784800000,0.000078377,0.000000467,0.000000,7,-0.000006893,-0.000689295,-0.000492353,-0.000492353,0.000000000,manual_A_near_upright
real,BALANCE,80.899,0.000116,-0.001957,-0.000644,0.784800000,0.000077763,0.000002027,0.000000,7,-0.000006438,-0.000643761,-0.000459829,-0.000459829,0.000000000,manual_A_near_upright
real,BALANCE,80.920,0.000204,-0.002073,-0.000596,0.784800000,0.000076466,0.000003565,0.000000,7,-0.000005961,-0.000596124,-0.000425803,-0.000425803,0.000000000,manual_A_near_upright
real,BALANCE,80.940,0.000290,-0.002187,-0.000551,0.784800000,0.000074421,0.000005066,0.000000,7,-0.000005507,-0.000550669,-0.000393335,-0.000393335,0.000000000,manual_A_near_upright
real,BALANCE,80.961,0.000373,-0.002298,-0.000507,0.784800000,0.000071676,0.000006515,0.000000,7,-0.000005068,-0.000506843,-0.000362031,-0.000362031,0.000000000,manual_A_near_upright
real,BALANCE,80.981,0.000457,-0.002410,-0.000462,0.784800000,0.000068088,0.000007968,0.000000,7,-0.000004855,-0.000485545,-0.000346818,-0.000346818,0.000000000,manual_A_near_upright
real,BALANCE,81.001,0.000528,-0.002507,-0.000426,0.784800000,0.000064219,0.000009209,0.000000,7,-0.000004257,-0.000425723,-0.000304088,-0.000304088,0.000000000,manual_A_near_upright
real,BALANCE,81.022,0.000597,-0.002604,-0.000389,0.784800000,0.000059598,0.000010427,0.000000,7,-0.000003887,-0.000388737,-0.000277669,-0.000277669,0.000000000,manual_A_near_upright
real,BALANCE,81.042,0.000661,-0.002694,-0.000355,0.784800000,0.000054439,0.000011545,0.000000,7,-0.000003548,-0.000354794,-0.000253424,-0.000253424,0.000000000,manual_A_near_upright
real,BALANCE,81.073,0.000746,-0.002816,-0.000310,0.784800000,0.000045815,0.000013013,0.000000,7,-0.000003101,-0.000310137,-0.000221526,-0.000221526,0.000000000,manual_A_near_upright
real,BALANCE,81.093,0.000793,-0.002887,-0.000287,0.784800000,0.000039523,0.000013838,0.000000,7,-0.000002867,-0.000286666,-0.000204762,-0.000204762,0.000000000,manual_A_near_upright
real,BALANCE,81.114,0.000833,-0.002949,-0.000265,0.784800000,0.000032946,0.000014534,0.000000,7,-0.000002648,-0.000264788,-0.000189135,-0.000189135,0.000000000,manual_A_near_upright
real,BALANCE,81.135,0.000865,-0.003002,-0.000249,0.784800000,0.000026055,0.000015093,0.000000,7,-0.000002493,-0.000249255,-0.000178039,-0.000178039,0.000000000,manual_A_near_upright
real,BALANCE,81.155,0.000890,-0.003048,-0.000236,0.784800000,0.000018636,0.000015530,0.000000,7,-0.000002360,-0.000235981,-0.000168558,-0.000168558,0.000000000,manual_A_near_upright
real,BALANCE,81.176,0.000905,-0.003080,-0.000229,0.784800000,0.000011785,0.000015788,0.000000,7,-0.000002287,-0.000228737,-0.000163384,-0.000163384,0.000000000,manual_A_near_upright
real,BALANCE,81.196,0.000912,-0.003103,-0.000225,0.784800000,0.000004519,0.000015918,0.000000,7,-0.000002251,-0.000225087,-0.000160777,-0.000160777,0.000000000,manual_A_near_upright
real,BALANCE,81.216,0.000911,-0.003117,-0.000226,0.784800000,-0.000002747,0.000015903,0.000000,7,-0.000002261,-0.000226074,-0.000161482,-0.000161482,0.000000000,manual_A_near_upright
real,BALANCE,81.237,0.000902,-0.003121,-0.000199,0.784800000,-0.000009253,0.000015748,0.000000,7,-0.000001989,-0.000198879,-0.000142056,-0.000142056,0.000000000,manual_A_near_upright
real,BALANCE,81.257,0.000899,-0.003121,0.000594,0.784800000,0.000000120,0.000015686,0.000000,7,0.000005935,0.000593539,0.000423956,0.000423956,0.000000000,manual_A_near_upright
real,BALANCE,81.278,0.000907,-0.003120,0.001347,0.784800000,0.000007777,0.000015824,0.000000,7,0.000013469,0.001346899,0.000962071,0.000962071,0.000000000,manual_A_near_upright
real,BALANCE,81.299,0.000907,-0.003110,0.001215,0.784800000,-0.000003482,0.000015836,0.000000,7,0.000012152,0.001215186,0.000867990,0.000867990,0.000000000,manual_A_near_upright
real,BALANCE,81.319,0.000895,-0.003087,0.001150,0.784800000,-0.000012888,0.000015616,0.000000,7,0.000011500,0.001149971,0.000821408,0.000821408,0.000000000,manual_A_near_upright
real,BALANCE,81.339,0.000875,-0.003054,0.001199,0.784800000,-0.000019613,0.000015264,0.000000,7,0.000011992,0.001199170,0.000856550,0.000856550,0.000000000,manual_A_near_upright
real,BALANCE,81.360,0.000845,-0.003011,0.001158,0.784800000,-0.000027885,0.000014752,0.000000,7,0.000011578,0.001157780,0.000826985,0.000826985,0.000000000,manual_A_near_upright
real,BALANCE,81.380,0.000807,-0.002958,0.001138,0.784800000,-0.000035232,0.000014086,0.000000,7,0.000011381,0.001138138,0.000812956,0.000812956,0.000000000,manual_A_near_upright
real,BALANCE,81.401,0.000761,-0.002896,0.001117,0.784800000,-0.000042120,0.000013281,0.000000,7,0.000011166,0.001116613,0.000797581,0.000797581,0.000000000,manual_A_near_upright
real,BALANCE,81.421,0.000707,-0.002825,0.001084,0.784800000,-0.000048673,0.000012343,0.000000,7,0.000010843,0.001084275,0.000774482,0.000774482,0.000000000,manual_A_near_upright
real,BALANCE,81.442,0.000646,-0.002745,0.001051,0.784800000,-0.000054631,0.000011282,0.000000,7,0.000010510,0.001051038,0.000750741,0.000750741,0.000000000,manual_A_near_upright
real,BALANCE,81.462,0.000579,-0.002658,0.001014,0.784800000,-0.000060023,0.000010110,0.000000,7,0.000010136,0.001013603,0.000724002,0.000724002,0.000000000,manual_A_near_upright
real,BALANCE,81.483,0.000507,-0.002564,0.000976,0.784800000,-0.000064727,0.000008840,0.000000,7,0.000009759,0.000975929,0.000697092,0.000697092,0.000000000,manual_A_near_upright
real,BALANCE,81.503,0.000429,-0.002463,0.000934,0.784800000,-0.000068797,0.000007486,0.000000,7,0.000009342,0.000934210,0.000667293,0.000667293,0.000000000,manual_A_near_upright
real,BALANCE,81.524,0.000347,-0.002358,0.000891,0.784800000,-0.000072162,0.000006060,0.000000,7,0.000008905,0.000890540,0.000636100,0.000636100,0.000000000,manual_A_near_upright
real,BALANCE,81.545,0.000262,-0.002248,0.000845,0.784800000,-0.000074812,0.000004577,0.000000,7,0.000008447,0.000844670,0.000603336,0.000603336,0.000000000,manual_A_near_upright
real,BALANCE,81.565,0.000175,-0.002135,0.000795,0.784800000,-0.000076777,0.000003051,0.000000,7,0.000007946,0.000794605,0.000567575,0.000567575,0.000000000,manual_A_near_upright
real,BALANCE,81.586,0.000086,-0.002020,0.000750,0.784800000,-0.000077863,0.000001498,0.000000,7,0.000007496,0.000749643,0.000535459,0.000535459,0.000000000,manual_A_near_upright
real,BALANCE,81.606,-0.000004,-0.001903,0.000703,0.784800000,-0.000078216,-0.000000065,0.000000,7,0.000007266,0.000726602,0.000519001,0.000519001,0.000000000,manual_A_near_upright
real,BALANCE,81.627,-0.000093,-0.001786,0.000655,0.784800000,-0.000077848,-0.000001626,0.000000,7,0.000006553,0.000655257,0.000468041,0.000468041,0.000000000,manual_A_near_upright
real,BALANCE,81.647,-0.000181,-0.001670,0.000608,0.784800000,-0.000076724,-0.000003168,0.000000,7,0.000006083,0.000608318,0.000434513,0.000434513,0.000000000,manual_A_near_upright
real,BALANCE,81.668,-0.000268,-0.001556,0.000563,0.784800000,-0.000074869,-0.000004676,0.000000,7,0.000005626,0.000562593,0.000401852,0.000401852,0.000000000,manual_A_near_upright
real,BALANCE,81.688,-0.000352,-0.001444,0.000518,0.784800000,-0.000072310,-0.000006138,0.000000,7,0.000005182,0.000518223,0.000370159,0.000370159,0.000000000,manual_A_near_upright
real,BALANCE,81.709,-0.000432,-0.001336,0.000476,0.784800000,-0.000069075,-0.000007538,0.000000,7,0.000004758,0.000475835,0.000339882,0.000339882,0.000000000,manual_A_near_upright
real,BALANCE,81.730,-0.000508,-0.001232,0.000435,0.784800000,-0.000065222,-0.000008865,0.000000,7,0.000004346,0.000434626,0.000310447,0.000310447,0.000000000,manual_A_near_upright
real,BALANCE,81.751,-0.000579,-0.001134,0.000399,0.784800000,-0.000060714,-0.000010105,0.000000,7,0.000003989,0.000398945,0.000284960,0.000284960,0.000000000,manual_A_near_upright
real,BALANCE,81.771,-0.000644,-0.001042,0.000364,0.784800000,-0.000055709,-0.000011248,0.000000,7,0.000003638,0.000363761,0.000259830,0.000259830,0.000000000,manual_A_near_upright
real,BALANCE,81.792,-0.000704,-0.000958,0.000333,0.784800000,-0.000050188,-0.000012283,0.000000,7,0.000003328,0.000332760,0.000237686,0.000237686,0.000000000,manual_A_near_upright
real,BALANCE,81.812,-0.000756,-0.000880,0.000305,0.784800000,-0.000044226,-0.000013201,0.000000,7,0.000003053,0.000305349,0.000218106,0.000218106,0.000000000,manual_A_near_upright
real,BALANCE,81.833,-0.000802,-0.000812,0.000282,0.784800000,-0.000037887,-0.000013994,0.000000,7,0.000002816,0.000281569,0.000201121,0.000201121,0.000000000,manual_A_near_upright
real,BALANCE,81.854,-0.000840,-0.000752,0.000262,0.784800000,-0.000031227,-0.000014656,0.000000,7,0.000002619,0.000261913,0.000187081,0.000187081,0.000000000,manual_A_near_upright
real,BALANCE,81.874,-0.000870,-0.000701,0.000246,0.784800000,-0.000024316,-0.000015180,0.000000,7,0.000002464,0.000246403,0.000176002,0.000176002,0.000000000,manual_A_near_upright
real,BALANCE,81.895,-0.000892,-0.000660,0.000235,0.784800000,-0.000017220,-0.000015564,0.000000,7,0.000002352,0.000235173,0.000167981,0.000167981,0.000000000,manual_A_near_upright
real,BALANCE,81.916,-0.000906,-0.000628,0.000228,0.784800000,-0.000010007,-0.000015804,0.000000,7,0.000002283,0.000228317,0.000163084,0.000163084,0.000000000,manual_A_near_upright
real,BALANCE,81.936,-0.000911,-0.000607,0.000226,0.784800000,-0.000002747,-0.000015899,0.000000,7,0.000002259,0.000225854,0.000161325,0.000161325,0.000000000,manual_A_near_upright
real,BALANCE,81.957,-0.000908,-0.000596,0.000228,0.784800000,0.000004491,-0.000015849,0.000000,7,0.000002278,0.000227781,0.000162701,0.000162701,0.000000000,manual_A_near_upright
real,BALANCE,81.987,-0.000897,-0.000594,-0.000355,0.784800000,0.000002889,-0.000015649,0.000000,7,-0.000003551,-0.000355055,-0.000253611,-0.000253611,0.000000000,manual_A_near_upright
real,BALANCE,82.007,-0.000902,-0.000594,-0.001232,0.784800000,-0.000007627,-0.000015749,0.000000,7,-0.000012320,-0.001232030,-0.000880022,-0.000880022,0.000000000,manual_A_near_upright
real,BALANCE,82.028,-0.000907,-0.000601,-0.001295,0.784800000,-0.000000408,-0.000015836,0.000000,7,-0.000012946,-0.001294636,-0.000924740,-0.000924740,0.000000000,manual_A_near_upright
real,BALANCE,82.049,-0.000897,-0.000620,-0.001128,0.784800000,0.000011225,-0.000015660,0.000000,7,-0.000011282,-0.001128249,-0.000805892,-0.000805892,0.000000000,manual_A_near_upright
real,BALANCE,82.069,-0.000879,-0.000650,-0.001201,0.784800000,0.000017505,-0.000015344,0.000000,7,-0.000012009,-0.001200924,-0.000857803,-0.000857803,0.000000000,manual_A_near_upright
real,BALANCE,82.090,-0.000852,-0.000690,-0.001169,0.784800000,0.000025684,-0.000014878,0.000000,7,-0.000011690,-0.001168954,-0.000834967,-0.000834967,0.000000000,manual_A_near_upright
real,BALANCE,82.110,-0.000816,-0.000741,-0.001138,0.784800000,0.000033389,-0.000014250,0.000000,7,-0.000011377,-0.001137652,-0.000812608,-0.000812608,0.000000000,manual_A_near_upright
real,BALANCE,82.131,-0.000773,-0.000800,-0.001124,0.784800000,0.000040233,-0.000013483,0.000000,7,-0.000011241,-0.001124149,-0.000802964,-0.000802964,0.000000000,manual_A_near_upright
real,BALANCE,82.151,-0.000721,-0.000869,-0.001092,0.784800000,0.000046922,-0.000012581,0.000000,7,-0.000010923,-0.001092323,-0.000780231,-0.000780231,0.000000000,manual_A_near_upright
real,BALANCE,82.172,-0.000662,-0.000947,-0.001060,0.784800000,0.000053022,-0.000011553,0.000000,7,-0.000010598,-0.001059821,-0.000757015,-0.000757015,0.000000000,manual_A_near_upright
real,BALANCE,82.193,-0.000597,-0.001032,-0.001025,0.784800000,0.000058527,-0.000010411,0.000000,7,-0.000010251,-0.001025144,-0.000732245,-0.000732245,0.000000000,manual_A_near_upright
real,BALANCE,82.213,-0.000525,-0.001124,-0.000986,0.784800000,0.000063441,-0.000009168,0.000000,7,-0.000009861,-0.000986133,-0.000704381,-0.000704381,0.000000000,manual_A_near_upright
real,BALANCE,82.233,-0.000449,-0.001223,-0.000945,0.784800000,0.000067684,-0.000007837,0.000000,7,-0.000009451,-0.000945074,-0.000675053,-0.000675053,0.000000000,manual_A_near_upright
real,BALANCE,82.254,-0.000368,-0.001327,-0.000902,0.784800000,0.000071236,-0.000006431,0.000000,7,-0.000009018,-0.000901785,-0.000644132,-0.000644132,0.000000000,manual_A_near_upright
real,BALANCE,82.275,-0.000284,-0.001435,-0.000855,0.784800000,0.000074111,-0.000004963,0.000000,7,-0.000008547,-0.000854663,-0.000610473,-0.000610473,0.000000000,manual_A_near_upright
real,BALANCE,82.305,-0.000154,-0.001604,-0.000787,0.784800000,0.000076910,-0.000002681,0.000000,7,-0.000007874,-0.000787411,-0.000562437,-0.000562437,0.000000000,manual_A_near_upright
real,BALANCE,82.326,-0.000065,-0.001720,-0.000739,0.784800000,0.000077888,-0.000001127,0.000000,7,-0.000007391,-0.000739086,-0.000527918,-0.000527918,0.000000000,manual_A_near_upright
real,BALANCE,82.356,0.000070,-0.001895,-0.000668,0.784800000,0.000077901,0.000001214,0.000000,7,-0.000006679,-0.000667891,-0.000477065,-0.000477065,0.000000000,manual_A_near_upright
real,BALANCE,82.377,0.000158,-0.002011,-0.000619,0.784800000,0.000077019,0.000002760,0.000000,7,-0.000006443,-0.000644267,-0.000460191,-0.000460191,0.000000000,manual_A_near_upright
real,BALANCE,82.398,0.000245,-0.002126,-0.000574,0.784800000,0.000075335,0.000004278,0.000000,7,-0.000005735,-0.000573539,-0.000409671,-0.000409671,0.000000000,manual_A_near_upright
real,BALANCE,82.418,0.000329,-0.002238,-0.000531,0.784800000,0.000072916,0.000005750,0.000000,7,-0.000005531,-0.000553104,-0.000395074,-0.000395074,0.000000000,manual_A_near_upright
real,BALANCE,82.438,0.000411,-0.002347,-0.000487,0.784800000,0.000069892,0.000007166,0.000000,7,-0.000005084,-0.000508443,-0.000363173,-0.000363173,0.000000000,manual_A_near_upright
real,BALANCE,82.459,0.000488,-0.002452,-0.000446,0.784800000,0.000066178,0.000008511,0.000000,7,-0.000004464,-0.000446444,-0.000318888,-0.000318888,0.000000000,manual_A_near_upright
real,BALANCE,82.489,0.000594,-0.002599,-0.000390,0.784800000,0.000059497,0.000010369,0.000000,7,-0.000003903,-0.000390333,-0.000278810,-0.000278810,0.000000000,manual_A_near_upright
real,BALANCE,82.510,0.000658,-0.002689,-0.000357,0.784800000,0.000054361,0.000011486,0.000000,7,-0.000003567,-0.000356739,-0.000254814,-0.000254814,0.000000000,manual_A_near_upright
real,BALANCE,82.531,0.000716,-0.002771,-0.000327,0.784800000,0.000048741,0.000012492,0.000000,7,-0.000003265,-0.000326542,-0.000233245,-0.000233245,0.000000000,manual_A_near_upright
real,BALANCE,82.551,0.000767,-0.002847,-0.000300,0.784800000,0.000042695,0.000013380,0.000000,7,-0.000002999,-0.000299931,-0.000214237,-0.000214237,0.000000000,manual_A_near_upright
real,BALANCE,82.572,0.000810,-0.002913,-0.000277,0.784800000,0.000036282,0.000014142,0.000000,7,-0.000002772,-0.000277207,-0.000198005,-0.000198005,0.000000000,manual_A_near_upright
real,BALANCE,82.593,0.000846,-0.002971,-0.000259,0.784800000,0.000029568,0.000014770,0.000000,7,-0.000002585,-0.000258527,-0.000184662,-0.000184662,0.000000000,manual_A_near_upright
real,BALANCE,82.614,0.000874,-0.003019,-0.000243,0.784800000,0.000022634,0.000015262,0.000000,7,-0.000002432,-0.000243225,-0.000173732,-0.000173732,0.000000000,manual_A_near_upright
real,BALANCE,82.634,0.000894,-0.003058,-0.000234,0.784800000,0.000015487,0.000015611,0.000000,7,-0.000002343,-0.000234326,-0.000167376,-0.000167376,0.000000000,manual_A_near_upright
real,BALANCE,82.664,0.000909,-0.003098,-0.000227,0.784800000,0.000004655,0.000015865,0.000000,7,-0.000002267,-0.000226678,-0.000161913,-0.000161913,0.000000000,manual_A_near_upright
real,BALANCE,82.694,0.000905,-0.003115,-0.000230,0.784800000,-0.000006184,0.000015793,0.000000,7,-0.000002296,-0.000229589,-0.000163992,-0.000163992,0.000000000,manual_A_near_upright
real,BALANCE,82.725,0.000896,-0.003116,0.000569,0.784800000,-0.000000149,0.000015633,0.000000,7,0.000005687,0.000568686,0.000406204,0.000406204,0.000000000,manual_A_near_upright
real,BALANCE,82.745,0.000903,-0.003115,0.001333,0.784800000,0.000007786,0.000015767,0.000000,7,0.000013329,0.001332936,0.000952097,0.000952097,0.000000000,manual_A_near_upright
real,BALANCE,82.766,0.000905,-0.003105,0.001222,0.784800000,-0.000003018,0.000015787,0.000000,7,0.000012220,0.001222024,0.000872874,0.000872874,0.000000000,manual_A_near_upright
real,BALANCE,82.786,0.000892,-0.003083,0.001146,0.784800000,-0.000012632,0.000015574,0.000000,7,0.000011464,0.001146409,0.000818864,0.000818864,0.000000000,manual_A_near_upright
real,BALANCE,82.807,0.000871,-0.003049,0.001197,0.784800000,-0.000019686,0.000015206,0.000000,7,0.000011974,0.001197363,0.000855259,0.000855259,0.000000000,manual_A_near_upright
real,BALANCE,82.828,0.000844,-0.003008,0.001159,0.784800000,-0.000027517,0.000014723,0.000000,7,0.000011586,0.001158568,0.000827549,0.000827549,0.000000000,manual_A_near_upright
real,BALANCE,82.848,0.000806,-0.002955,0.001137,0.784800000,-0.000034906,0.000014064,0.000000,7,0.000011367,0.001136709,0.000811935,0.000811935,0.000000000,manual_A_near_upright
real,BALANCE,82.868,0.000760,-0.002894,0.001116,0.784800000,-0.000041767,0.000013266,0.000000,7,0.000011163,0.001116342,0.000797387,0.000797387,0.000000000,manual_A_near_upright
real,BALANCE,82.889,0.000707,-0.002823,0.001084,0.784800000,-0.000048319,0.000012335,0.000000,7,0.000010842,0.001084157,0.000774398,0.000774398,0.000000000,manual_A_near_upright
real,BALANCE,82.919,0.000614,-0.002701,0.001034,0.784800000,-0.000057022,0.000010712,0.000000,7,0.000010344,0.001034424,0.000738874,0.000738874,0.000000000,manual_A_near_upright
real,BALANCE,82.940,0.000544,-0.002611,0.000996,0.784800000,-0.000062096,0.000009497,0.000000,7,0.000009964,0.000996400,0.000711714,0.000711714,0.000000000,manual_A_near_upright
real,BALANCE,82.970,0.000430,-0.002463,0.000935,0.784800000,-0.000068470,0.000007506,0.000000,7,0.000009349,0.000934910,0.000667793,0.000667793,0.000000000,manual_A_near_upright
real,BALANCE,82.990,0.000349,-0.002358,0.000891,0.784800000,-0.000071854,0.000006086,0.000000,7,0.000008912,0.000891182,0.000636558,0.000636558,0.000000000,manual_A_near_upright
real,BALANCE,83.011,0.000264,-0.002249,0.000846,0.784800000,-0.000074513,0.000004609,0.000000,7,0.000008458,0.000845807,0.000604148,0.000604148,0.000000000,manual_A_near_upright
real,BALANCE,83.032,0.000177,-0.002136,0.000799,0.784800000,-0.000076430,0.000003090,0.000000,7,0.000007993,0.000799259,0.000570899,0.000570899,0.000000000,manual_A_near_upright
real,BALANCE,83.052,0.000088,-0.002021,0.000752,0.784800000,-0.000077592,0.000001543,0.000000,7,0.000007520,0.000751953,0.000537109,0.000537109,0.000000000,manual_A_near_upright
real,BALANCE,83.072,-0.000001,-0.001905,0.000704,0.784800000,-0.000077997,-0.000000016,0.000000,7,0.000007044,0.000704364,0.000503117,0.000503117,0.000000000,manual_A_near_upright
real,BALANCE,83.093,-0.000090,-0.001788,0.000657,0.784800000,-0.000077646,-0.000001572,0.000000,7,0.000006569,0.000656938,0.000469241,0.000469241,0.000000000,manual_A_near_upright
real,BALANCE,83.113,-0.000178,-0.001672,0.000610,0.784800000,-0.000076550,-0.000003110,0.000000,7,0.000006101,0.000610141,0.000435815,0.000435815,0.000000000,manual_A_near_upright
real,BALANCE,83.134,-0.000264,-0.001558,0.000564,0.784800000,-0.000074725,-0.000004616,0.000000,7,0.000005644,0.000564404,0.000403146,0.000403146,0.000000000,manual_A_near_upright
real,BALANCE,83.154,-0.000348,-0.001447,0.000520,0.784800000,-0.000072196,-0.000006075,0.000000,7,0.000005202,0.000520159,0.000371542,0.000371542,0.000000000,manual_A_near_upright
real,BALANCE,83.175,-0.000428,-0.001339,0.000478,0.784800000,-0.000068992,-0.000007473,0.000000,7,0.000004778,0.000477812,0.000341294,0.000341294,0.000000000,manual_A_near_upright
