elapsed_s,degree_deg,cmX_cm,setspeed_cm_s,energy_j,theta_dot_rad_s,theta_rad,x_center_cm,mode,cart_force_cmd_n,hinge_assist_torque_nm
12.36519900499843,0.0,1.2935653879187672e-28,-4.17918298563275e-15,0.7848000000000002,-2.4876089200413075e-17,0.0,0.0,7,-2.9851307040233925e-15,0.0
12.375501935999637,0.0,-1.6374138448045312e-27,-1.1359835572097335e-14,0.7848000000000002,-6.761806887830185e-17,0.0,0.0,7,-8.11416826578381e-15,0.0
12.385715258998971,0.0,-7.163754996280418e-27,-1.8879922077471088e-14,0.7848000000000002,-1.1238048854649758e-16,0.0,0.0,7,-1.3485658626765063e-14,0.0
12.396374871999797,0.0,-1.7376979980293395e-26,-2.648178778577589e-14,0.7848000000000002,-1.5762968918337052e-16,0.0,0.0,7,-1.8915562704125636e-14,0.0
12.406148540998402,0.0,-3.1493363152707574e-26,-3.4160626416342835e-14,0.7848000000000002,-2.0333706197677474e-16,0.0,0.0,7,-1.8915562704125636e-14,0.0
12.416252701999838,0.0,-5.0425343252885953e-26,-4.194302966519989e-14,0.7848000000000002,-2.49660890830778e-16,0.0,0.0,7,-2.4400447440244882e-14,0.0
12.426583568998467,0.0,-7.379568252779436e-26,-4.9856017671858387e-14,0.7848000000000002,-2.9676200990979045e-16,0.0,0.0,7,-2.9959306903714204e-14,0.0
12.43716279399996,0.0,-1.0167690749320412e-25,-5.792802659832514e-14,0.7848000000000002,-3.448096820826918e-16,0.0,0.0,7,-3.561144119418456e-14,0.0
12.447865708998506,0.0,-1.3415770121415285e-25,-6.618813305855383e-14,0.7848000000000002,-3.9397698243249036e-16,0.0,0.0,7,-4.727723789896702e-14,0.0
12.45811646799848,0.0,-1.7134331191024145e-25,-7.466603110277428e-14,0.7848000000000002,-4.444406612581401e-16,0.0,0.0,7,-5.333287935912449e-14,0.0
12.467884828998649,0.0,-2.133559076348926e-25,-8.339212553958626e-14,0.7848000000000002,-4.963816995631788e-16,0.0,0.0,7,-5.333287935912449e-14,0.0
12.478121059999467,0.0,-2.6033497501988652e-25,-9.239763973853683e-14,0.7848000000000002,-5.499859507377342e-16,0.0,0.0,7,-5.956580395684733e-14,0.0
12.488558505998299,0.0,-3.1243777225408384e-25,-1.0171472740533185e-13,0.7848000000000002,-6.054448058871638e-16,0.0,0.0,7,-7.265337671809417e-14,0.0
12.498464176998823,0.0,-3.6983986033194157e-25,-1.113765875694155e-13,0.7848000000000002,-6.629558782819336e-16,0.0,0.0,7,-7.265337671809417e-14,0.0
12.509026708999954,0.0,-4.327356823732403e-25,-1.214175830720854e-13,0.7848000000000002,-7.227237086440153e-16,0.0,0.0,7,-7.955470540672537e-14,0.0
12.51999676899868,0.0,-5.013392347711507e-25,-1.3187336296556068e-13,0.7848000000000002,-7.849604937127704e-16,0.0,0.0,7,-9.419525926111477e-14,0.0
12.530723010999282,0.0,-5.758847747018592e-25,-1.427809892582826e-13,0.7848000000000002,-8.498868406812607e-16,0.0,0.0,7,-1.0198642089877328e-13,0.0
12.540903369999796,0.0,-6.560043848347415e-25,-1.5417747881209862e-13,0.7848000000000002,-9.17723088013198e-16,0.0,0.0,7,-1.1012677058007045e-13,0.0
12.551283195998622,0.0,-7.432209956599911e-25,-1.6610607839376193e-13,0.7848000000000002,-9.887266569381382e-16,0.0,0.0,7,-1.186471988526871e-13,0.0
12.561465439999665,0.0,-8.372121331655062e-25,-1.7860771968070383e-13,0.7848000000000002,-1.0631411883941099e-15,0.0,0.0,7,-1.2757694262907417e-13,0.0
12.571815303999756,0.0,-9.383020524634012e-25,-1.9172631189176726e-13,0.7848000000000002,-1.1412280467786833e-15,0.0,0.0,7,-1.3694736563697663e-13,0.0
12.581709799998862,0.0,-1.0468398812036144e-24,-2.0550804895054073e-13,0.7848000000000002,-1.2232621959226622e-15,0.0,0.0,7,-1.3694736563697663e-13,0.0
12.592114629998832,0.0,-1.163200969265611e-24,-2.2000143263663498e-13,0.7848000000000002,-1.309532336895103e-15,0.0,0.0,7,-1.4679146353610052e-13,0.0
12.602187640999546,0.0,-1.2877881928440683e-24,-2.352574285155693e-13,0.7848000000000002,-1.4003418361573718e-15,0.0,0.0,7,-1.5714388045473927e-13,0.0
12.612974295998356,0.0,-1.4210333645377431e-24,-2.5132964369112093e-13,0.7848000000000002,-1.4960097836128446e-15,0.0,0.0,7,-1.7952117406508636e-13,0.0
12.622975439999209,0.0,-1.5633987346503814e-24,-2.682745151172594e-13,0.7848000000000002,-1.596872113511277e-15,0.0,0.0,7,-1.916246536551853e-13,0.0
12.633303164999234,0.0,-1.7153785639821497e-24,-2.8615150786460663e-13,0.7848000000000002,-1.7032827846063034e-15,0.0,0.0,7,-2.0439393418900472e-13,0.0
12.643420524998874,0.0,-1.877500861788815e-24,-3.0502332390327124e-13,0.7848000000000002,-1.815615022910405e-15,0.0,0.0,7,-2.1787380278805086e-13,0.0
12.653402113999618,-2.5444437451708134e-14,-2.0503292149529722e-24,-4.959304679133637e-13,0.7848000000000002,-1.9342626313272963e-15,-4.440892098500626e-16,0.0,7,-3.542360485095455e-13,0.0
12.663824612998724,-2.5444437451708134e-14,-2.3506826600832393e-24,-5.193500009596486e-13,0.7848000000000002,-2.0736646135677656e-15,-4.440892098500626e-16,0.0,7,-3.70964286399749e-13,0.0
12.673692009999286,-2.5444437451708134e-14,-2.6160358062415248e-24,-5.396944314930595e-13,0.7848000000000002,-2.1947624143187115e-15,-4.440892098500626e-16,0.0,7,-3.8549602249504245e-13,0.0
12.683605502999853,-2.5444437451708134e-14,-2.9227982778405516e-24,-5.635332289516134e-13,0.7848000000000002,-2.336660018208223e-15,-4.440892098500626e-16,0.0,7,-3.8549602249504245e-13,0.0
12.69396828799836,-2.5444437451708134e-14,-3.242956243629334e-24,-5.887392360233781e-13,0.7848000000000002,-2.4866957745569003e-15,-4.440892098500626e-16,0.0,7,-4.025237349654381e-13,0.0
12.704577474998587,-2.5444437451708134e-14,-3.5774107602553414e-24,-6.154003390335913e-13,0.7848000000000002,-2.6453928162518785e-15,-4.440892098500626e-16,0.0,7,-4.395716707382795e-13,0.0
12.71465209300004,-2.5444437451708134e-14,-3.926986448674703e-24,-6.436098167376466e-13,0.7848000000000002,-2.8133063739798642e-15,-4.440892098500626e-16,0.0,7,-4.597212976697475e-13,0.0
12.724479609998525,-2.5444437451708134e-14,-4.292560813106483e-24,-6.734663758416734e-13,0.7848000000000002,-2.9910239876581744e-15,-4.440892098500626e-16,0.0,7,-4.597212976697475e-13,0.0
12.735293712999919,-2.5444437451708134e-14,-4.675067337311734e-24,-7.050744654405347e-13,0.7848000000000002,-3.1791673780894468e-15,-4.440892098500626e-16,0.0,7,-5.036246181718105e-13,0.0
12.74539158799962,-2.5444437451708134e-14,-5.075498773157392e-24,-7.385446391816024e-13,0.7848000000000002,-3.378394602698388e-15,-4.440892098500626e-16,0.0,7,-5.27531885129716e-13,0.0
12.755757375998655,-2.5444437451708134e-14,-5.49491052778779e-24,-7.739939416546407e-13,0.7848000000000002,-3.589402355471558e-15,-4.440892098500626e-16,0.0,7,-5.528528154676004e-13,0.0
12.765985575999366,-2.5444437451708134e-14,-5.934424395922818e-24,-8.115463177190401e-13,0.7848000000000002,-3.812928403428998e-15,-4.440892098500626e-16,0.0,7,-5.796759412278858e-13,0.0
12.776323147998482,-2.5444437451708134e-14,-6.395232454858639e-24,-8.513330459187165e-13,0.7848000000000002,-4.049754166474819e-15,-4.440892098500626e-16,0.0,7,-6.080950327990833e-13,0.0
12.786451194999245,-2.5444437451708134e-14,-6.878601275012773e-24,-8.934931974704722e-13,0.7848000000000002,-4.30070744947078e-15,-4.440892098500626e-16,0.0,7,-6.38209426764623e-13,0.0
12.797283246998632,-5.088887490341627e-14,-7.436841869757566e-24,-1.1137598594717893e-12,0.7848000000000002,-4.594114093516719e-15,-8.881784197001252e-16,0.0,7,-7.955427567655638e-13,0.0
12.806861288998334,-5.088887490341627e-14,-7.996194511859689e-24,-1.1566379678303216e-12,0.7848000000000002,-4.849340928785752e-15,-8.881784197001252e-16,0.0,7,-7.955427567655638e-13,0.0
12.817445262999172,-5.088887490341627e-14,-8.653679971457107e-24,-1.2071108534521072e-12,0.7848000000000002,-5.149774771687429e-15,-8.881784197001252e-16,0.0,7,-8.622220381800766e-13,0.0
12.827569258999574,-5.088887490341627e-14,-9.339513551974854e-24,-1.2606155956592389e-12,0.7848000000000002,-5.468255379995464e-15,-8.881784197001252e-16,0.0,7,-8.622220381800766e-13,0.0
12.837940843999604,-5.088887490341627e-14,-1.0055684731033615e-23,-1.3173271748866213e-12,0.7848000000000002,-5.8058243038986714e-15,-8.881784197001252e-16,0.0,7,-9.409479820618723e-13,0.0
12.848221356000067,-5.088887490341627e-14,-1.080401209926048e-23,-1.3774424808582375e-12,0.7848000000000002,-6.163653506037702e-15,-8.881784197001252e-16,0.0,7,-9.838874863273125e-13,0.0
12.85852498499844,-5.088887490341627e-14,-1.1586425240011903e-23,-1.4411714228191923e-12,0.7848000000000002,-6.542992446204412e-15,-8.881784197001252e-16,0.0,7,-1.0294081591565658e-12,0.0
12.868317510999987,-5.088887490341627e-14,-1.2404972726451135e-23,-1.5087366418236898e-12,0.7848000000000002,-6.945166368768788e-15,-8.881784197001252e-16,0.0,7,-1.077669029874064e-12,0.0
12.878387308999663,-7.63333123551244e-14,-1.326182933962549e-23,-1.7513485255541203e-12,0.7848000000000002,-7.371580284981253e-15,-1.3322676295501878e-15,0.0,7,-1.2509632325386573e-12,0.0
12.8886102009983,-7.63333123551244e-14,-1.4247226212608553e-23,-1.8274680957822887e-12,0.7848000000000002,-7.824672964671498e-15,-1.3322676295501878e-15,0.0,7,-1.305334354130206e-12,0.0
12.898885543998404,-7.63333123551244e-14,-1.5285542488215593e-23,-1.9082901284155933e-12,0.7848000000000002,-8.305756492131786e-15,-1.3322676295501878e-15,0.0,7,-1.3630643774397096e-12,0.0
12.909312164998482,-7.63333123551244e-14,-1.636967795484383e-23,-1.9939944060342096e-12,0.7848000000000002,-8.815901001659888e-15,-1.3322676295501878e-15,0.0,7,-1.424281718595864e-12,0.0
12.919244095999602,-7.63333123551244e-14,-1.7502406306600595e-23,-2.084869393687268e-12,0.7848000000000002,-9.356823547103309e-15,-1.3322676295501878e-15,0.0,7,-1.4891924240623343e-12,0.0
12.930100312998547,-1.0177774980683254e-13,-1.8805598053366287e-23,-2.3621537308478686e-12,0.7848000000000002,-9.98962111464992e-15,-1.7763568394002505e-15,0.0,7,-1.6872526648913345e-12,0.0
12.939964427998348,-1.0177774980683254e-13,-2.0002742814491136e-23,-2.454519494143327e-12,0.7848000000000002,-1.0539417324476834e-14,-1.7763568394002505e-15,0.0,7,-1.7532282101023764e-12,0.0
12.949983520999012,-1.0177774980683254e-13,-2.139789456189029e-23,-2.5631603924006808e-12,0.7848000000000002,-1.118608933775973e-14,-1.7763568394002505e-15,0.0,7,-1.7532282101023764e-12,0.0
12.960530409000057,-1.0177774980683254e-13,-2.2854067421878406e-23,-2.678372046577759e-12,0.7848000000000002,-1.1871872993433433e-14,-1.7763568394002505e-15,0.0,7,-1.913122890412685e-12,0.0
12.970974070998636,-1.2722218725854067e-13,-2.4375562658541206e-23,-2.971521193466342e-12,0.7848000000000002,-1.2599103952191618e-14,-2.220446049250313e-15,0.0,7,-2.122515138190244e-12,0.0
12.981374360999325,-1.2722218725854067e-13,-2.605425093401464e-23,-3.101244277880519e-12,0.7848000000000002,-1.3371265168637711e-14,-2.220446049250313e-15,0.0,7,-2.2151744842003708e-12,0.0
12.991331224999158,-1.2722218725854067e-13,-2.781624974472626e-23,-3.2389231613624836e-12,0.7848000000000002,-1.4190782332032603e-14,-2.220446049250313e-15,0.0,7,-2.3135165438303454e-12,0.0
13.001406051998856,-1.526666247102488e-13,-2.9656303442945667e-23,-3.5559105183588567e-12,0.7848000000000002,-1.5059907398543894e-14,-2.6645352591003757e-15,0.0,7,-2.5399360845420404e-12,0.0
13.011795516998973,-1.526666247102488e-13,-3.166706500416852e-23,-3.710916188581439e-12,0.7848000000000002,-1.5982560197151605e-14,-2.6645352591003757e-15,0.0,7,-2.6506544204153134e-12,0.0
13.02201938699909,-1.526666247102488e-13,-3.377547180768268e-23,-3.8754092850342e-12,0.7848000000000002,-1.6961685771054106e-14,-2.6645352591003757e-15,0.0,7,-2.7681494893101428e-12,0.0
13.032078569000078,-1.7811106216195694e-13,-3.5977136169690243e-23,-4.220836020249185e-12,0.7848000000000002,-1.8000092850736758e-14,-3.1086244689504383e-15,0.0,7,-2.7681494893101428e-12,0.0
13.042623780998838,-1.7811106216195694e-13,-3.836563265243941e-23,-4.406005545737582e-12,0.7848000000000002,-1.9102292406842446e-14,-3.1086244689504383e-15,0.0,7,-3.1471468183839875e-12,0.0
13.053210478999972,-2.0355549961366507e-13,-4.086887613248721e-23,-4.7734666631405245e-12,0.7848000000000002,-2.0271856523312826e-14,-3.552713678800501e-15,0.0,7,-3.4096190451003746e-12,0.0
13.063555593998899,-2.0355549961366507e-13,-4.357143892808972e-23,-4.982013737433069e-12,0.7848000000000002,-2.1513208155602862e-14,-3.552713678800501e-15,0.0,7,-3.558581241023621e-12,0.0
13.073546610999983,-2.2899993706537323e-13,-4.640200245194557e-23,-5.374267443971137e-12,0.7848000000000002,-2.2830347207370658e-14,-3.9968028886505635e-15,0.0,7,-3.8387624599793835e-12,0.0
13.083813991999705,-2.2899993706537323e-13,-4.9445942161598436e-23,-5.6091077007491066e-12,0.7848000000000002,-2.422820587823217e-14,-3.9968028886505635e-15,0.0,7,-4.006505500535076e-12,0.0
13.094385953998426,-2.5444437451708134e-13,-5.2632790177347154e-23,-6.029246906230777e-12,0.7848000000000002,-2.5711330042725475e-14,-4.440892098500626e-15,0.0,7,-4.306604933021984e-12,0.0
13.104274093999265,-2.5444437451708134e-13,-5.604882465026923e-23,-6.293662359478175e-12,0.7848000000000002,-2.7285231549678582e-14,-4.440892098500626e-15,0.0,7,-4.495473113912982e-12,0.0
13.114432870999735,-2.7988881196878945e-13,-5.962453561446073e-23,-6.74516974934226e-12,0.7848000000000002,-2.895507109736253e-14,-4.884981308350689e-15,0.0,7,-4.817978392387329e-12,0.0
13.124683698999434,-3.053332494204976e-13,-6.344721751050334e-23,-7.2138302716704594e-12,0.7848000000000002,-3.072701262385004e-14,-5.329070518200751e-15,0.0,7,-5.1527359083360424e-12,0.0
13.13481251399935,-3.053332494204976e-13,-6.753636202640286e-23,-7.529812228701688e-12,0.7848000000000002,-3.260785760562545e-14,-5.329070518200751e-15,0.0,7,-5.37843730621549e-12,0.0
13.145291026999985,-3.3077768687220577e-13,-7.181441387998428e-23,-8.036018724570545e-12,0.7848000000000002,-3.4603287069935707e-14,-5.773159728050814e-15,0.0,7,-5.740013374693247e-12,0.0
13.155332190999616,-3.562221243239139e-13,-7.637044895696857e-23,-8.562692119614169e-12,0.7848000000000002,-3.672054331489657e-14,-6.217248937900877e-15,0.0,7,-6.1162086568672634e-12,0.0
13.165342203999899,-3.81666561775622e-13,-8.122583789370858e-23,-9.11117662403237e-12,0.7848000000000002,-3.896762759180388e-14,-6.661338147750939e-15,0.0,7,-6.507983302880264e-12,0.0
13.175680893999015,-4.0711099922733015e-13,-8.639294119395607e-23,-9.682800883528548e-12,0.7848000000000002,-4.135244850604957e-14,-7.105427357601002e-15,0.0,7,-6.916286345377534e-12,0.0
13.185976839999057,-4.325554366790383e-13,-9.188487840342575e-23,-1.0278964589696413e-11,0.7848000000000002,-4.3883337555215335e-14,-7.549516567451064e-15,0.0,7,-7.342117564068866e-12,0.0
13.196727177999492,-4.579998741307465e-13,-9.830200911636465e-23,-1.09477467623719e-11,0.7848000000000002,-4.6846479381149014e-14,-7.993605777301127e-15,0.0,7,-7.819819115979928e-12,0.0
13.20644888499919,-4.834443115824545e-13,-1.0388549639489839e-22,-1.155088456915102e-11,0.7848000000000002,-4.9418880933901476e-14,-8.43769498715119e-15,0.0,7,-7.819819115979928e-12,0.0
13.216981734998626,-5.088887490341627e-13,-1.1044146639049791e-22,-1.2229959238016507e-11,0.7848000000000002,-5.2443287618085434e-14,-8.881784197001252e-15,0.0,7,-8.73568517001179e-12,0.0
13.227134574999582,-5.343331864858708e-13,-1.1738052499104311e-22,-1.294006208013524e-11,0.7848000000000002,-5.565238580967981e-14,-9.325873406851315e-15,0.0,7,-9.242901485810886e-12,0.0
13.23741466699903,-5.852220613892871e-13,-1.2472293195896017e-22,-1.3854063870642288e-11,0.7848000000000002,-5.905746377858929e-14,-1.021405182655144e-14,0.0,7,-9.895759907601634e-12,0.0
13.247677508999914,-6.106664988409952e-13,-1.3336569503423305e-22,-1.4694876427157442e-11,0.7848000000000002,-6.304459598417033e-14,-1.0658141036401503e-14,0.0,7,-9.895759907601634e-12,0.0
13.2575311469991,-6.615553737444115e-13,-1.4086348693232292e-22,-1.5618351690060755e-11,0.7848000000000002,-6.650606366963425e-14,-1.1546319456101628e-14,0.0,7,-1.0496340305112457e-11,0.0
13.268151158999899,-6.869998111961196e-13,-1.4972193514981933e-22,-1.6473107589346214e-11,0.7848000000000002,-7.057619196310365e-14,-1.199040866595169e-14,0.0,7,-1.176650542096158e-11,0.0
13.277948294999078,-7.378886860995359e-13,-1.5907191675978823e-22,-1.7540609632537664e-11,0.7848000000000002,-7.489496191207234e-14,-1.2878587085651816e-14,0.0,7,-1.176650542096158e-11,0.0
13.288318692999383,-7.887775610029521e-13,-1.6901886081340186e-22,-1.8652492630064638e-11,0.7848000000000002,-7.947790420808991e-14,-1.3766765505351941e-14,0.0,7,-1.3323209021474741e-11,0.0
13.298452745999384,-8.396664359063685e-13,-1.7959769475832764e-22,-1.9811549961763977e-11,0.7848000000000002,-8.434164611219958e-14,-1.4654943925052066e-14,0.0,7,-1.4151107115545698e-11,0.0
13.308397318000061,-8.905553108097847e-13,-1.9083515971707518e-22,-2.102064517478704e-11,0.7848000000000002,-8.950323254793449e-14,-1.554312234475219e-14,0.0,7,-1.5014746553419313e-11,0.0
13.318625657999291,-9.414441857132009e-13,-2.0275962565215113e-22,-2.2282806505871885e-11,0.7848000000000002,-9.498068873397206e-14,-1.6431300764452317e-14,0.0,7,-1.591629036133706e-11,0.0
13.32933646499987,-9.923330606166172e-13,-2.1540117877184734e-22,-2.3601246464306323e-11,0.7848000000000002,-1.0079313674940277e-13,-1.7319479184152442e-14,0.0,7,-1.6858033188790232e-11,0.0
13.339481691999026,-1.0432219355200335e-12,-2.287163951232308e-22,-2.4979181861540225e-11,0.7848000000000002,-1.069597242814699e-13,-1.8207657603852567e-14,0.0,7,-1.7842272758243018e-11,0.0
13.349621122999451,-1.1195552478751578e-12,-2.4281095051316485e-22,-2.659136129292929e-11,0.7848000000000002,-1.135029171012979e-13,-1.9539925233402755e-14,0.0,7,-1.899382949494949e-11,0.0
13.359838217998913,-1.1958885602302823e-12,-2.5940788218835363e-22,-2.8391531484011585e-11,0.7848000000000002,-1.2116510253798134e-13,-2.0872192862952943e-14,0.0,7,-1.899382949494949e-11,0.0
13.370240323998587,-1.2467774351336986e-12,-2.738842188040552e-22,-2.985110956487396e-11,0.7848000000000002,-1.2781765842455634e-13,-2.1760371282653068e-14,0.0,7,-2.1322221117767116e-11,0.0
13.38056057599897,-1.348555184940531e-12,-2.9083255014719647e-22,-3.18489895601957e-11,0.7848000000000002,-1.3563898349496168e-13,-2.353672812205332e-14,0.0,7,-2.2749278257282638e-11,0.0
13.390543211999102,-1.4248884972956555e-12,-3.0889016696675127e-22,-3.375631215143729e-11,0.7848000000000002,-1.4393898083706247e-13,-2.4868995751603507e-14,0.0,7,-2.2749278257282638e-11,0.0
13.40084132299853,-1.50122180965078e-12,-3.280411674045921e-22,-3.574901204593437e-11,0.7848000000000002,-1.5274717641282445e-13,-2.6201263381153694e-14,0.0,7,-2.411165153674092e-11,0.0
13.411043541998879,-1.6029995594576124e-12,-3.4832418324142504e-22,-3.800314167613684e-11,0.7848000000000002,-1.6209379692845086e-13,-2.7977620220553945e-14,0.0,7,-2.553500860423884e-11,0.0
13.421188768999855,-1.704777309264445e-12,-3.698784276010938e-22,-4.035335864637396e-11,0.7848000000000002,-1.7201236589640177e-13,-2.9753977059954195e-14,0.0,7,-2.71451011972406e-11,0.0
13.431394409999484,-1.8065550590712775e-12,-3.9507043018780857e-22,-4.298820303747906e-11,0.7848000000000002,-1.836251457025845e-13,-3.1530333899354446e-14,0.0,7,-2.8823827604552828e-11,0.0
13.441434804999517,-1.90833280887811e-12,-4.169945114725066e-22,-4.536581729163782e-11,0.7848000000000002,-1.9370679374127324e-13,-3.3306690738754696e-14,0.0,7,-3.2404155208312726e-11,0.0
13.451625639998383,-2.0355549961366507e-12,-4.427425025941323e-22,-4.821205335337908e-11,0.7848000000000002,-2.0556015286190792e-13,-3.552713678800501e-14,0.0,7,-3.4437180966699344e-11,0.0
13.462049186999138,-2.1627771833951915e-12,-4.700877199543095e-22,-5.118009293150491e-11,0.7848000000000002,-2.1813853291306142e-13,-3.774758283725532e-14,0.0,7,-3.655720923678922e-11,0.0
13.472324948999812,-2.289999370653732e-12,-4.99119435470694e-22,-5.42774829395956e-11,0.7848000000000002,-2.314868559995315e-13,-3.9968028886505635e-14,0.0,7,-3.8769630671139716e-11,0.0
13.482420658998308,-2.4172215579122727e-12,-5.299109769198697e-22,-5.75120698308969e-11,0.7848000000000002,-2.456518272001796e-13,-4.218847493575595e-14,0.0,7,-4.108004987921207e-11,0.0
13.492550870998457,-2.5698881826225217e-12,-5.625401319824342e-22,-6.106313736203385e-11,0.7848000000000002,-2.606829072937656e-13,-4.4853010194856324e-14,0.0,7,-4.361652668716703e-11,0.0
13.502084982999804,-2.7225548073327702e-12,-5.971773217507306e-22,-6.476868652362794e-11,0.7848000000000002,-2.7663352090164204e-13,-4.75175454539567e-14,0.0,7,-4.361652668716703e-11,0.0
13.512524942998425,-2.9006658694947273e-12,-6.337081626556791e-22,-6.880862083975461e-11,0.7848000000000002,-2.935568178947847e-13,-5.062616992290714e-14,0.0,7,-4.9149014885539e-11,0.0
13.522973842998908,-3.078776931656684e-12,-6.725058704713384e-22,-7.302248112557538e-11,0.7848000000000002,-3.115153885165992e-13,-5.3734794391857577e-14,0.0,7,-5.21589150896967e-11,0.0
13.533061800999349,-3.256887993818641e-12,-7.139287350923519e-22,-7.742161263332151e-11,0.7848000000000002,-3.305767640304191e-13,-5.684341886080802e-14,0.0,7,-5.5301151880943925e-11,0.0
13.543135719999555,-3.4604434934323064e-12,-7.57850921844739e-22,-8.218768473621332e-11,0.7848000000000002,-3.508046053140754e-13,-6.039613253960852e-14,0.0,7,-5.5301151880943925e-11,0.0
13.55348390799918,-3.689443430497679e-12,-8.041991638519783e-22,-8.733195577589763e-11,0.7848000000000002,-3.7226592630584213e-13,-6.439293542825908e-14,0.0,7,-6.237996841135545e-11,0.0
13.564254010998411,-3.9184433675630525e-12,-8.537333209680599e-22,-9.269759982339355e-11,0.7848000000000002,-3.9504494377193647e-13,-6.838973831690964e-14,0.0,7,-6.621257130242397e-11,0.0
13.573720444999708,-4.147443304628426e-12,-9.06009685439523e-22,-9.829680452204471e-11,0.7848000000000002,-4.1921420320919404e-13,-7.238654120556021e-14,0.0,7,-6.621257130242397e-11,0.0
13.584253854000053,-4.4018876791455075e-12,-9.617739106820882e-22,-1.0431611388967613e-10,0.7848000000000002,-4.4486638123622114e-13,-7.682743330406083e-14,0.0,7,-7.451150992119723e-11,0.0
13.594698004999373,-4.6817764911142965e-12,-1.0209485078356686e-21,-1.1077014512824834e-10,0.7848000000000002,-4.720884850078532e-13,-8.171241461241152e-14,0.0,7,-7.91215322344631e-11,0.0
13.604719542998282,-4.961665303083086e-12,-1.0837807311515097e-21,-1.1750407623702686e-10,0.7848000000000002,-5.009766594349807e-13,-8.659739592076221e-14,0.0,7,-7.91215322344631e-11,0.0
13.61552149399904,-5.266998552503584e-12,-1.1504390384049334e-21,-1.2470594102945815e-10,0.7848000000000002,-5.316324489680369e-13,-9.192646643896296e-14,0.0,7,-8.907567216389868e-11,0.0
13.62557103799918,-5.572331801924081e-12,-1.2211797084159403e-21,-1.322229160454991e-10,0.7848000000000002,-5.641638945934734e-13,-9.725553695716371e-14,0.0,7,-9.444494003249936e-11,0.0
13.635938083998553,-5.9285539262479955e-12,-1.2961911666070855e-21,-1.4041614474173928e-10,0.7848000000000002,-5.986852508649976e-13,-1.0347278589506459e-13,0.0,7,-1.0029724624409949e-10,0.0
13.646436710998387,-6.284776050571909e-12,-1.3758387906304735e-21,-1.489642559578552e-10,0.7848000000000002,-6.353190030874329e-13,-1.0969003483296547e-13,0.0,7,-1.0640303996989656e-10,0.0
13.656617278998965,-6.717331487250948e-12,-1.4688421932863583e-21,-1.5907631933042615e-10,0.7848000000000002,-6.782088810177163e-13,-1.1723955140041653e-13,0.0,7,-1.1362594237887581e-10,0.0
13.66653517099985,-7.073553611574861e-12,-1.5499510224712209e-21,-1.6772565164975433e-10,0.7848000000000002,-7.154451398056683e-13,-1.234568003383174e-13,0.0,7,-1.1980403689268165e-10,0.0
13.67717404099858,-7.506109048253899e-12,-1.6451542211903881e-21,-1.7798739311474516e-10,0.7848000000000002,-7.592259587618344e-13,-1.3100631690576847e-13,0.0,7,-1.2713385222481798e-10,0.0
13.686843296998632,-7.964108922384646e-12,-1.746120217953973e-21,-1.8886969386577892e-10,0.7848000000000002,-8.056828785517321e-13,-1.389999226830696e-13,0.0,7,-1.2713385222481798e-10,0.0
13.697661450998567,-8.523886546322225e-12,-1.8640353671071298e-21,-2.0176866359985192e-10,0.7848000000000002,-8.600729626251802e-13,-1.4876988529977098e-13,0.0,7,-1.4412047399989422e-10,0.0
13.707509431998915,-8.98188642045297e-12,-1.9669077516399983e-21,-2.1277933250971166e-10,0.7848000000000002,-9.0729397859678e-13,-1.567634910770721e-13,0.0,7,-1.519852375069369e-10,0.0
13.717904483999519,-9.54166404439055e-12,-2.0876818816506143e-21,-2.2586830474138626e-10,0.7848000000000002,-9.628150299172819e-13,-1.6653345369377348e-13,0.0,7,-1.6133450338670448e-10,0.0
13.728281027999401,-1.010144166832813e-11,-2.2158053579229872e-21,-2.395275249753351e-10,0.7848000000000002,-1.0217304145832434e-12,-1.7630341631047486e-13,0.0,7,-1.710910892680965e-10,0.0
13.738786918998812,-1.0788441479524248e-11,-2.36535532631796e-21,-2.557316978848829e-10,0.7848000000000002,-1.0907058048823753e-12,-1.8829382497642655e-13,0.0,7,-1.8266549848920208e-10,0.0
13.749413427000036,-1.144999685326866e-11,-2.511265417289951e-21,-2.713908914217982e-10,0.7848000000000002,-1.1574549747818022e-12,-1.9984014443252818e-13,0.0,7,-1.9385063672985585e-10,0.0
13.759385026998643,-1.2086107789561364e-11,-2.6497314153878476e-21,-2.8634214298247005e-10,0.7848000000000002,-1.221007908787077e-12,-2.1094237467877974e-13,0.0,7,-2.0453010213033573e-10,0.0
13.769492959998388,-1.28239964756609e-11,-2.8122523396574438e-21,-3.0385293268952075e-10,0.7848000000000002,-1.2957253711434127e-12,-2.2382096176443156e-13,0.0,7,-2.170378090639434e-10,0.0
13.780327665999721,-1.3689107349018977e-11,-3.001953740308936e-21,-3.2436133685033996e-10,0.7848000000000002,-1.3831972544779102e-12,-2.389199948993337e-13,0.0,7,-2.3168666917881428e-10,0.0
13.790354092998314,-1.445244047257022e-11,-3.167343316239601e-21,-3.4224864268095815e-10,0.7848000000000002,-1.4591381797938183e-12,-2.5224267119483557e-13,0.0,7,-2.444633162006844e-10,0.0
13.800664635999055,-1.5342995783380006e-11,-3.3605724624695633e-21,-3.6323070995300524e-10,0.7848000000000002,-1.5484117819696591e-12,-2.6778579353958776e-13,0.0,7,-2.5945050710928946e-10,0.0
13.810247288000028,-1.62589955316415e-11,-3.565419505300804e-21,-3.853000672703091e-10,0.7848000000000002,-1.643139644258827e-12,-2.8377300509419e-13,0.0,7,-2.5945050710928946e-10,0.0
13.820499582998309,-1.7276773029709822e-11,-3.78399505281375e-21,-4.0903006133118196e-10,0.7848000000000002,-1.7436814313099073e-12,-3.015365734881925e-13,0.0,7,-2.752143337645065e-10,0.0
13.831760953999037,-1.8421772715036688e-11,-4.039351705776104e-21,-4.364999757926841e-10,0.7848000000000002,-1.8613961271183852e-12,-3.2152058793144533e-13,0.0,7,-3.1178569699477435e-10,0.0
13.841279559999748,-1.9439550213105014e-11,-4.261927328387889e-21,-4.605081360713299e-10,0.7848000000000002,-1.963593665462931e-12,-3.3928415632544784e-13,0.0,7,-3.1178569699477435e-10,0.0
13.851973115999499,-2.0635438773335296e-11,-4.5233028158765915e-21,-4.887308047029469e-10,0.7848000000000002,-2.0837536319758503e-12,-3.601563491884008e-13,0.0,7,-3.4909343193067637e-10,0.0
13.862018469999384,-2.1907660645920704e-11,-4.8005402438687584e-21,-5.18700528326441e-10,0.7848000000000002,-2.2112596220245746e-12,-3.823608096809039e-13,0.0,7,-3.4909343193067637e-10,0.0
13.872159995999027,-2.3230771393409525e-11,-5.094777399700852e-21,-5.503228894486533e-10,0.7848000000000002,-2.3465673311611076e-12,-4.0545344859310717e-13,0.0,7,-3.705003773760293e-10,0.0
13.882592622998345,-2.4655659890705182e-11,-5.4069624765104645e-21,-5.840199920864619e-10,0.7848000000000002,-2.4901538744171536e-12,-4.303224443447107e-13,0.0,7,-4.1715713720461567e-10,0.0
13.893401767998512,-2.6156881700355962e-11,-5.7382552437165e-21,-6.197059903037323e-10,0.7848000000000002,-2.6425259685165016e-12,-4.565237077258644e-13,0.0,7,-4.426471359312373e-10,0.0
13.903493775998868,-2.7759881259813574e-11,-6.0897953061909466e-21,-6.576421872607828e-10,0.7848000000000002,-2.8042212849741885e-12,-4.845013279464183e-13,0.0,7,-4.426471359312373e-10,0.0
13.913915227998586,-2.946465856907802e-11,-6.460684059223804e-21,-6.979189180035659e-10,0.7848000000000002,-2.9757775323981356e-12,-5.142553050063725e-13,0.0,7,-4.697444194719877e-10,0.0
13.924272565998763,-3.1271213628149294e-11,-6.85658698319169e-21,-7.406482444153215e-10,0.7848000000000002,-3.157861745803747e-12,-5.45785638905727e-13,0.0,7,-4.985135128596899e-10,0.0
13.934857796999495,-3.317954643702741e-11,-7.276729409112612e-21,-7.859340020474908e-10,0.7848000000000002,-3.3510919939528957e-12,-5.790923296444817e-13,0.0,7,-5.61381430033922e-10,0.0
13.945173927999349,-3.521510143316406e-11,-7.722563946719621e-21,-8.340610314253735e-10,0.7848000000000002,-3.5561460517225698e-12,-6.146194664324867e-13,0.0,7,-5.957578795895524e-10,0.0
13.955338920999566,-3.737787861655925e-11,-8.195695535417656e-21,-8.851508367668292e-10,0.7848000000000002,-3.773747158504398e-12,-6.52367049269742e-13,0.0,7,-6.322505976905923e-10,0.0
13.965662943999632,-3.9667877987212983e-11,-8.697807627097653e-21,-9.39332453201221e-10,0.7848000000000002,-4.004663380544401e-12,-6.923350781562476e-13,0.0,7,-6.709517522865864e-10,0.0
13.975701871999263,-4.2085099545125254e-11,-9.230656920332232e-21,-9.967427430708193e-10,0.7848000000000002,-4.249709374641638e-12,-7.345235530920036e-13,0.0,7,-6.709517522865864e-10,0.0
13.986256652999145,-4.4654987727747776e-11,-9.796077671973854e-21,-1.05769783183896e-09,0.7848000000000002,-4.509749135543214e-12,-7.793765632868599e-13,0.0,7,-7.119591021934424e-10,0.0
13.996518096999353,-4.740298697253225e-11,-1.0396074371271801e-20,-1.1225227984061754e-09,0.7848000000000002,-4.785699952265105e-12,-8.273381979506667e-13,0.0,7,-8.018019988615539e-10,0.0
14.006993746999797,-5.0303652842026984e-11,-1.1032836532591864e-20,-1.1912103784354668e-09,0.7848000000000002,-5.0785362891449995e-12,-8.779643678735738e-13,0.0,7,-8.508645560253334e-10,0.0
14.017231305999303,-5.3382429773683663e-11,-1.1708568362045326e-20,-1.2641051260071515e-09,0.7848000000000002,-5.389291358888315e-12,-9.316991622654314e-13,0.0,7,-9.029322328622511e-10,0.0
14.027451542999188,-5.663931776750231e-11,-1.2425650598930115e-20,-1.3413911882915343e-09,0.7848000000000002,-5.719061275603656e-12,-9.885425811262394e-13,0.0,7,-9.029322328622511e-10,0.0
14.037739108998721,-6.009976126093462e-11,-1.3182162209169827e-20,-1.4234236789445673e-09,0.7848000000000002,-6.068942106615813e-12,-1.048938713665848e-12,0.0,7,-9.581365630653816e-10,0.0
14.048389781999504,-6.378920469143229e-11,-1.3989622955069142e-20,-1.5106019453403646e-09,0.7848000000000002,-6.4402932151805895e-12,-1.113331649094107e-12,0.0,7,-1.0790013895288318e-09,0.0
14.05846370099971,-6.768220362154363e-11,-1.4846530179034818e-20,-1.6029668926394255e-09,0.7848000000000002,-6.834375788841981e-12,-1.1812772982011666e-12,0.0,7,-1.144976351885304e-09,0.0
14.068379218999326,-7.182964692617206e-11,-1.5755840688249638e-20,-1.7010927627502275e-09,0.7848000000000002,-7.25257252531761e-12,-1.2536638394067268e-12,0.0,7,-1.2150662591073053e-09,0.0
14.07887596099863,-7.623153460531757e-11,-1.6720808709390292e-20,-1.8052273174843093e-09,0.7848000000000002,-7.69635819729443e-12,-1.3304912727107876e-12,0.0,7,-1.2894480839173639e-09,0.0
14.089035575998423,-8.088786665898016e-11,-1.7744848351675232e-20,-1.9156336621729014e-09,0.7848000000000002,-8.167298907934149e-12,-1.411759598113349e-12,0.0,7,-1.3683097586949294e-09,0.0
14.099549429000035,-8.584953196206324e-11,-1.8831522994476636e-20,-2.032932812277279e-09,0.7848000000000002,-8.667055768960772e-12,-1.4983569940341113e-12,0.0,7,-1.4520948659123421e-09,0.0
14.109693608999805,-9.109108607711513e-11,-1.998473003980664e-20,-2.1572500831739343e-09,0.7848000000000002,-9.19739240967295e-12,-1.5898393712632242e-12,0.0,7,-1.5408929165528102e-09,0.0
14.120121277999715,-9.66634178790392e-11,-2.120846638964997e-20,-2.2892417172326247e-09,0.7848000000000002,-9.760179625773814e-12,-1.6870949082203879e-12,0.0,7,-1.6351726551661605e-09,0.0
14.130663136998919,-1.025919718052872e-10,-2.2507073368973467e-20,-2.429412243065448e-09,0.7848000000000002,-1.0357402859324027e-11,-1.7905676941154525e-12,0.0,7,-1.7352944593324629e-09,0.0
14.140856415999224,-1.0885130341840739e-10,-2.3885188742788196e-20,-2.5779448153259513e-09,0.7848000000000002,-1.0991170021033313e-11,-1.899813639738568e-12,0.0,7,-1.8413891538042507e-09,0.0
14.150831857999947,-1.1551774603075493e-10,-2.534757295975322e-20,-2.73572789618247e-09,0.7848000000000002,-1.1663716462871344e-11,-2.0161650127192843e-12,0.0,7,-1.8413891538042507e-09,0.0
14.161522201999105,-1.2259129964232978e-10,-2.6899453252040242e-20,-2.903160146877467e-09,0.7848000000000002,-1.2377415168423284e-11,-2.1396218130576017e-12,0.0,7,-2.0736858191981908e-09,0.0
14.17172197599939,-1.300974086905837e-10,-2.854631233673135e-20,-3.08083567045292e-09,0.7848000000000002,-1.3134784760880141e-11,-2.27062812996337e-12,0.0,7,-2.2005969074663715e-09,0.0
14.182044461998885,-1.3806151761296834e-10,-3.029396065275876e-20,-3.2693743765617546e-09,0.7848000000000002,-1.3938497474212245e-11,-2.4096280526464398e-12,0.0,7,-2.335267411829825e-09,0.0
14.192331887999899,-1.4650907084693543e-10,-3.2148560857244705e-20,-3.469423631655678e-09,0.7848000000000002,-1.4791388975715957e-11,-2.5570656703166605e-12,0.0,7,-2.4781597368969127e-09,0.0
14.202647319998505,-1.554655128299367e-10,-3.411664341591727e-20,-3.6816599308968426e-09,0.7848000000000002,-1.5696468317868828e-11,-2.7133850721838826e-12,0.0,7,-2.6297570934977447e-09,0.0
14.212593917998674,-1.6498173243687554e-10,-3.620512296093019e-20,-3.906961638242511e-09,0.7848000000000002,-1.6656928448680017e-11,-2.879474436667806e-12,0.0,7,-2.6297570934977447e-09,0.0
14.22277553299864,-1.7508317410520366e-10,-3.842140405123549e-20,-4.146069070006663e-09,0.7848000000000002,-1.7676158308435345e-11,-3.055777852978281e-12,0.0,7,-2.7906868844589363e-09,0.0
14.233230998999716,-1.857952822723728e-10,-4.077332135546996e-20,-4.399757411436954e-09,0.7848000000000002,-1.8757754390597352e-11,-3.2427394103251572e-12,0.0,7,-2.961477907147616e-09,0.0
14.243918477999614,-1.9716894581328634e-10,-4.3269149870543746e-20,-4.669009697996225e-09,0.7848000000000002,-1.9905532687851132e-11,-3.4412472871281352e-12,0.0,7,-3.335006927140161e-09,0.0
14.254016771999886,-2.09229609165396e-10,-4.591771348909568e-20,-4.954677253485837e-09,0.7848000000000002,-2.112354289933583e-11,-3.651745572597065e-12,0.0,7,-3.539055181061312e-09,0.0
14.264453100999162,-2.2202816120360518e-10,-4.8728329665634014e-20,-5.257823967508488e-09,0.7848000000000002,-2.2416082292378425e-11,-3.875122445151646e-12,0.0,7,-3.7555885482203484e-09,0.0
14.274025555998378,-2.3561549080281733e-10,-5.171091026956328e-20,-5.5795578985747255e-09,0.7848000000000002,-2.3787711044471504e-11,-4.11226608321158e-12,0.0,7,-3.7555885482203484e-09,0.0
14.284321920998991,-2.500424868379358e-10,-5.487599733004954e-20,-5.921034052079643e-09,0.7848000000000002,-2.5243268778848874e-11,-4.364064665196565e-12,0.0,7,-3.985398498981947e-09,0.0
14.294657048998488,-2.6533459374641243e-10,-5.823478876424554e-20,-6.2832862551246165e-09,0.7848000000000002,-2.678789152381624e-11,-4.630962280316453e-12,0.0,7,-4.2293100371997446e-09,0.0
14.30534389999957,-2.815681448406022e-10,-6.179907965069841e-20,-6.66774293330441e-09,0.7848000000000002,-2.8427028699356705e-11,-4.914291196200793e-12,0.0,7,-4.7626735237888644e-09,0.0
14.315400079998653,-2.987940289954086e-10,-6.558145731149607e-20,-7.075717588644353e-09,0.7848000000000002,-3.0166463361026615e-11,-5.214939591269285e-12,0.0,7,-4.7626735237888644e-09,0.0
14.325779137998325,-3.1708857952318675e-10,-6.959526496155668e-20,-7.508754197055856e-09,0.7848000000000002,-3.2012332728312654e-11,-5.53423973315148e-12,0.0,7,-5.363395855039897e-09,0.0
14.336444128999574,-3.364772408613884e-10,-7.38547139919345e-20,-7.968117952613606e-09,0.7848000000000002,-3.3971150013884994e-11,-5.872635711057228e-12,0.0,7,-5.691512823295432e-09,0.0
14.34660108999924,-3.5706179075982026e-10,-7.83747529457033e-20,-8.455653744695317e-09,0.7848000000000002,-3.604982588437621e-11,-6.231903881825929e-12,0.0,7,-6.039752674782369e-09,0.0
14.356809244998658,-3.7891856253083753e-10,-8.317135028609448e-20,-8.973106574715596e-09,0.7848000000000002,-3.825569413964863e-11,-6.6133765130871325e-12,0.0,7,-6.409361839082568e-09,0.0
14.36743240099895,-4.0209844504934364e-10,-8.826147597880369e-20,-9.522126017736908e-09,0.7848000000000002,-4.059653827000298e-11,-7.0179417832605395e-12,0.0,7,-6.801518584097791e-09,0.0
14.377055699998891,-4.267032160651454e-10,-9.363167638353222e-20,-1.0104703457644607e-08,0.7848000000000002,-4.308014093320729e-11,-7.44737604918555e-12,0.0,7,-6.801518584097791e-09,0.0
14.387803173998691,-4.5283465332804964e-10,-9.936372436228268e-20,-1.0723144137972838e-08,0.7848000000000002,-4.5716152999151294e-11,-7.903455667701564e-12,0.0,7,-7.659388669980599e-09,0.0
14.397969354999077,-4.805436457129598e-10,-1.0544658052738978e-19,-1.1379293293772463e-08,0.7848000000000002,-4.851352260097296e-11,-8.387068817228283e-12,0.0,7,-8.128066638408902e-09,0.0
14.408202582999365,-5.099319709696827e-10,-1.1190165431643448e-19,-1.2075484114347963e-08,0.7848000000000002,-5.148206695247425e-11,-8.899991854605105e-12,0.0,7,-8.625345795962831e-09,0.0
14.418335937998563,-5.411268512854769e-10,-1.187516582995799e-19,-1.2814329945712313e-08,0.7848000000000002,-5.4632253162484456e-11,-9.444445225881282e-12,0.0,7,-9.153092818365937e-09,0.0
14.428447710999535,-5.742555088476009e-10,-1.2602078064349785e-19,-1.3598552787468073e-08,0.7848000000000002,-5.79751950873908e-11,-1.0022649377106063e-11,0.0,7,-9.713251991048624e-09,0.0
14.438238491999073,-6.093942769684098e-10,-1.3373475652032025e-19,-1.4430647248187164e-08,0.7848000000000002,-6.15226884744194e-11,-1.0635936575909e-11,0.0,7,-1.0307605177276545e-08,0.0
14.448389585999394,-6.466703778351622e-10,-1.4192075622823008e-19,-1.5313570975791924e-08,0.7848000000000002,-6.528724984852771e-11,-1.1286527268339341e-11,0.0,7,-1.0938264982708516e-08,0.0
14.458372291999694,-6.862364780725684e-10,-1.506076123430123e-19,-1.6250581107421102e-08,0.7848000000000002,-6.928216070414076e-11,-1.1977085989656189e-11,0.0,7,-1.0938264982708516e-08,0.0
14.468958081999517,-7.282452443053385e-10,-1.5982599840199107e-19,-1.7245071447983357e-08,0.7848000000000002,-7.352151603431359e-11,-1.2710277275118642e-11,0.0,7,-1.2317908177130968e-08,0.0
14.479652475998591,-7.727984542832794e-10,-1.6960851630729352e-19,-1.8300238923619603e-08,0.7848000000000002,-7.802027434355254e-11,-1.3487877481566102e-11,0.0,7,-1.3071599231156859e-08,0.0
14.489801055999123,-8.200996635060048e-10,-1.79929312302692e-19,-1.941996411867637e-08,0.7848000000000002,-8.27933927127245e-11,-1.4313439322677368e-11,0.0,7,-1.3871402941911691e-08,0.0
14.500050138998631,-8.702760941607734e-10,-1.9094558043137485e-19,-2.060821796853589e-08,0.7848000000000002,-8.785941913965692e-11,-1.5189183244501692e-11,0.0,7,-1.4720155691811349e-08,0.0
14.510544855998887,-9.235058573097468e-10,-2.0263590220847324e-19,-2.1869086060055264e-08,0.7848000000000002,-9.323554866275344e-11,-1.6118217871508023e-11,0.0,7,-1.5620775757182332e-08,0.0
14.520036572999743,-9.800179528899905e-10,-2.149694309057224e-19,-2.3207092977108826e-08,0.7848000000000002,-9.893955398894543e-11,-1.7104540006585012e-11,0.0,7,-1.5620775757182332e-08,0.0
14.5304119299999,-1.0399904919636666e-09,-2.2813400873891673e-19,-2.4627157520058185e-08,0.7848000000000002,-1.0499358976060687e-10,-1.815125827420161e-11,0.0,7,-1.6576494983649162e-08,0.0
14.54108935199838,-1.1036270300303886e-09,-2.421041299492972e-19,-2.6134099604702277e-08,0.7848000000000002,-1.1141820431732552e-10,-1.9261925388036616e-11,0.0,7,-1.866721400335877e-08,0.0
14.551450251999995,-1.171156567027222e-09,-2.569290870696714e-19,-2.773324590575013e-08,0.7848000000000002,-1.1823594471619007e-10,-2.0440538150978682e-11,0.0,7,-1.9809461361250093e-08,0.0
14.562177122999856,-1.2428335473286837e-09,-2.7266118408726396e-19,-2.943034517534342e-08,0.7848000000000002,-1.254708526755466e-10,-2.169153745512631e-11,0.0,7,-2.1021675125245303e-08,0.0
14.572274019999895,-1.3188615264343876e-09,-2.892590112420114e-19,-3.1230806207321645e-08,0.7848000000000002,-1.3314698176135796e-10,-2.3018476014158296e-11,0.0,7,-2.2307718719515462e-08,0.0
14.582139809999717,-1.399571282031206e-09,-3.0697517139841144e-19,-3.3141862751781686e-08,0.7848000000000002,-1.41294159852031e-10,-2.4427126987802694e-11,0.0,7,-2.2307718719515462e-08,0.0
14.592744108998886,-1.4851918140562037e-09,-3.257753843824224e-19,-3.51696993494442e-08,0.7848000000000002,-1.4994004035014258e-10,-2.5921487178948155e-11,0.0,7,-2.367275910841549e-08,0.0
14.603195173998756,-1.5760793446337053e-09,-3.4561005974696934e-19,-3.732151163800663e-08,0.7848000000000002,-1.591132065703361e-10,-2.750777383653258e-11,0.0,7,-2.6658222598576165e-08,0.0
14.613961085999108,-1.6725137625756792e-09,-3.6678125574054047e-19,-3.9605165998647324e-08,0.7848000000000002,-1.6884928746105726e-10,-2.9190871941864316e-11,0.0,7,-2.828940428474809e-08,0.0
14.623475781998422,-1.7748512900064492e-09,-3.891173947476945e-19,-4.202827477499559e-08,0.7848000000000002,-1.791793467296311e-10,-3.097699874388127e-11,0.0,7,-3.0020196267853996e-08,0.0
14.633986142998765,-1.8834481490503396e-09,-4.129585782165137e-19,-4.4599942778601444e-08,0.7848000000000002,-1.9014333182047127e-10,-3.2872371491521335e-11,0.0,7,-3.1857101984715315e-08,0.0
14.644080245998339,-1.9986860062691256e-09,-4.381116216692279e-19,-4.732860833631493e-08,0.7848000000000002,-2.017762053032808e-10,-3.488365152293227e-11,0.0,7,-3.1857101984715315e-08,0.0
14.654247892998683,-2.1209974170994867e-09,-4.649595019746312e-19,-5.0224735259387296e-08,0.7848000000000002,-2.1412295079305568e-10,-3.701838835468152e-11,0.0,7,-3.380614881165352e-08,0.0
14.664729409998472,-2.250764048103198e-09,-4.934502256613455e-19,-5.3297924809344766e-08,0.7848000000000002,-2.272254530896492e-10,-3.928324332491684e-11,0.0,7,-3.587481089956235e-08,0.0
14.67510811899956,-2.3884947880292942e-09,-5.235086737437587e-19,-5.6558873299842026e-08,0.7848000000000002,-2.4112702663796827e-10,-4.168709821783523e-11,0.0,7,-3.806994629238912e-08,0.0
14.685427531998357,-2.534622192314454e-09,-5.555925565971864e-19,-6.001955825508797e-08,0.7848000000000002,-2.5588166524918115e-10,-4.423750255000414e-11,0.0,7,-4.287111303934855e-08,0.0
14.695940406998488,-2.689731483020067e-09,-5.896395535941741e-19,-6.369232504101676e-08,0.7848000000000002,-2.7153944604248516e-10,-4.694467037325012e-11,0.0,7,-4.5494517886440546e-08,0.0
14.706123838999702,-2.854306104457715e-09,-6.255601088624806e-19,-6.758911877241166e-08,0.7848000000000002,-2.8815213450728375e-10,-4.9817039382560324e-11,0.0,7,-4.827794198029404e-08,0.0
14.71660731099837,-3.0289567231262395e-09,-6.639010721512997e-19,-7.172488292051213e-08,0.7848000000000002,-3.057842549702189e-10,-5.2865267718971154e-11,0.0,7,-5.123205922893723e-08,0.0
14.72691401299926,-3.21426856108703e-09,-7.045880799235631e-19,-7.611360360412447e-08,0.7848000000000002,-3.2449565093668245e-10,-5.609956943430916e-11,0.0,7,-5.4366859717231763e-08,0.0
14.737514120999549,-3.410954062588734e-09,-7.4776466158648e-19,-8.077110009301517e-08,0.7848000000000002,-3.443519890023103e-10,-5.953237902645014e-11,0.0,7,-5.769364292358226e-08,0.0
14.747956036999312,-3.619674783005096e-09,-7.935832652344749e-19,-8.57135813169603e-08,0.7848000000000002,-3.654232905765116e-10,-6.317524281485021e-11,0.0,7,-6.122398665497164e-08,0.0
14.758519546998286,-3.841143166584763e-09,-8.422055665494453e-19,-9.09583239852172e-08,0.7848000000000002,-3.8778389749007003e-10,-6.704059529738515e-11,0.0,7,-6.497023141801228e-08,0.0
14.768587808999655,-4.076173435326192e-09,-8.938030342562597e-19,-9.652405326448444e-08,0.7848000000000002,-4.115127025264961e-10,-7.114264732877018e-11,0.0,7,-6.497023141801228e-08,0.0
14.778976644998693,-4.325579811227835e-09,-9.485577424399682e-19,-1.0243030546452627e-07,0.7848000000000002,-4.366934267018315e-10,-7.54956097637205e-11,0.0,7,-6.89457523317746e-08,0.0
14.789300458998696,-4.5902782940379546e-09,-1.006662862330527e-18,-1.0869816145890278e-07,0.7848000000000002,-4.6341491404647906e-10,-8.01154698137907e-11,0.0,7,-7.316450390323304e-08,0.0
14.799347628999385,-4.871133994629909e-09,-1.0679653713307271e-18,-1.1534836016772649e-07,0.7848000000000002,-4.917660085627455e-10,-8.501732651211569e-11,0.0,7,-7.764154389921628e-08,0.0
14.809686876998967,-5.1691901349392174e-09,-1.133398502362469e-18,-1.2240641998657866e-07,0.7848000000000002,-5.218568795797729e-10,-9.021938751629932e-11,0.0,7,-8.239168583409035e-08,0.0
14.820068938999611,-5.485489936901401e-09,-1.2028353736746054e-18,-1.2989650944623075e-07,0.7848000000000002,-5.537896615182997e-10,-9.573986048394545e-11,0.0,7,-8.743315713327048e-08,0.0
14.830443875998753,-5.821127511326883e-09,-1.2765211034395602e-18,-1.378448080046737e-07,0.7848000000000002,-5.876764231943506e-10,-1.0159784125107763e-10,0.0,7,-9.278322103302198e-08,0.0
14.841000541999165,-6.1773241912133455e-09,-1.354715629287419e-18,-1.4627959791424602e-07,0.7848000000000002,-6.236366615349045e-10,-1.0781464609976865e-10,0.0,7,-9.846057714619552e-08,0.0
14.851361930999701,-6.55530130955847e-09,-1.437694907717818e-18,-1.5523040018593968e-07,0.7848000000000002,-6.617972470303661e-10,-1.1441159131209133e-10,0.0,7,-1.1087885727567121e-07,0.0
14.861893383998904,-6.956407421547197e-09,-1.5257516689022507e-18,-1.6472889590520506e-07,0.7848000000000002,-7.02292819235005e-10,-1.2141221361616772e-10,0.0,7,-1.1766349707514648e-07,0.0
14.871753307999825,-7.3820674156768224e-09,-1.6191965954164435e-18,-1.7480866319478805e-07,0.7848000000000002,-7.45266256478435e-10,-1.2884138200774942e-10,0.0,7,-1.1766349707514648e-07,0.0
14.882143121998524,-7.833757069319545e-09,-1.718359414377258e-18,-1.8550509099538203e-07,0.7848000000000002,-7.908691803596479e-10,-1.3672485366100773e-10,0.0,7,-1.2486333085342003e-07,0.0
14.892522877999,-8.313104826472274e-09,-1.8235899520979703e-18,-1.968561525987999e-07,0.7848000000000002,-8.392624892933759e-10,-1.4509105028537306e-10,0.0,7,-1.3250363642527289e-07,0.0
14.903029258999595,-8.821764575569372e-09,-1.935259541587782e-18,-2.0890164636743714e-07,0.7848000000000002,-8.906169275052811e-10,-1.5396883767948566e-10,0.0,7,-1.4061153757057138e-07,0.0
14.913089349000074,-9.36156831610736e-09,-2.053762125028483e-18,-2.2168432259249962e-07,0.7848000000000002,-9.45113686294773e-10,-1.6339019026645474e-10,0.0,7,-1.492154616910265e-07,0.0
14.92321816399999,-9.934398936457666e-09,-2.1795158680691116e-18,-2.3524913619391396e-07,0.7848000000000002,-1.0029450443423834e-09,-1.733879706478092e-10,0.0,7,-1.583459447089283e-07,0.0
14.933611958998881,-1.0542266547178972e-08,-2.3129644484182577e-18,-2.4964387355037043e-07,0.7848000000000002,-1.0643150457276572e-09,-1.839972618711272e-10,0.0,7,-1.680350972813671e-07,0.0
14.944041861999722,-1.118735936989213e-08,-2.4545786636763732e-18,-2.6491961522877354e-07,0.7848000000000002,-1.1294402188622411e-09,-1.9525625560845583e-10,0.0,7,-1.7831705253597886e-07,0.0
14.954411072998482,-1.1871891070655432e-08,-2.6048582601804116e-18,-2.811298388495439e-07,0.7848000000000002,-1.19855034262903e-09,-2.0720358762105207e-10,0.0,7,-1.892282965919811e-07,0.0
14.964762333998806,-1.25983297599017e-08,-2.7643333624753213e-18,-2.983320936401328e-07,0.7848000000000002,-1.2718892546226575e-09,-2.1988233456227135e-10,0.0,7,-2.0080702774967424e-07,0.0
14.975734558998738,-1.336919443693865e-08,-2.9335666937770027e-18,-3.16586777447153e-07,0.7848000000000002,-1.3497157130953126e-09,-2.3333646126388885e-10,0.0,7,-2.261334124622521e-07,0.0
14.985435243999746,-1.4187258545448519e-08,-3.113155282032325e-18,-3.359586577718656e-07,0.7848000000000002,-1.432304309103886e-09,-2.476143734497782e-10,0.0,7,-2.261334124622521e-07,0.0
14.995892663999257,-1.5055371862425896e-08,-3.3037328406483234e-18,-3.565158379389285e-07,0.7848000000000002,-1.5199464366835914e-09,-2.6276580911144265e-10,0.0,7,-2.3997046983704686e-07,0.0
15.006271023999943,-1.597658772036499e-08,-3.505971774405183e-18,-3.7833078452378295e-07,0.7848000000000002,-1.6129513199649776e-09,-2.7884405895406417e-10,0.0,7,-2.546541699563775e-07,0.0
15.016607129999102,-1.6954188451697066e-08,-3.7205855731101405e-18,-4.014806814246762e-07,0.7848000000000002,-1.711647103041054e-09,-2.959064104857134e-10,0.0,7,-2.7023627465984497e-07,0.0
15.027392178999435,-1.799160905547811e-08,-3.948331494764595e-18,-4.2604711178960695e-07,0.7848000000000002,-1.8163820097886115e-09,-3.140128157497202e-10,0.0,7,-3.043193655640049e-07,0.0
15.037662213999283,-1.9092488086263715e-08,-4.190013085880035e-18,-4.5211660627928124e-07,0.7848000000000002,-1.927525571929325e-09,-3.33226779503093e-10,0.0,7,-3.229404330566295e-07,0.0
15.047585134998371,-2.0260769431858896e-08,-4.4464829990620005e-18,-4.797815457690425e-07,0.7848000000000002,-2.0454699314377647e-09,-3.536171355733586e-10,0.0,7,-3.229404330566295e-07,0.0
15.058047654998518,-2.150049875781847e-08,-4.718646239693989e-18,-5.091390264516922e-07,0.7848000000000002,-2.1706312268365626e-09,-3.752544941448832e-10,0.0,7,-3.427011041207446e-07,0.0
15.068392350998693,-2.281610339625904e-08,-5.0074629628419005e-18,-5.402929867277642e-07,0.7848000000000002,-2.3034510585087304e-09,-3.982161267401807e-10,0.0,7,-3.6367073317978013e-07,0.0
15.07878824099862,-2.4212214234796812e-08,-5.313952229171005e-18,-5.733532723813246e-07,0.7848000000000002,-2.4443980481989753e-09,-4.225828575954438e-10,0.0,7,-3.85923561948403e-07,0.0
15.089378430999204,-2.569374204985997e-08,-5.639195437745489e-18,-6.084364273963418e-07,0.7848000000000002,-2.59396949314068e-09,-4.4844039592817353e-10,0.0,7,-4.3459744814024414e-07,0.0
15.099714326999674,-2.7265928395563563e-08,-5.984340094870115e-18,-6.4566633041757e-07,0.7848000000000002,-2.7526931191046615e-09,-4.75880224115599e-10,0.0,7,-4.6119023601255e-07,0.0
15.109563355999853,-2.8934294714834617e-08,-6.350603960333049e-18,-6.851741657504933e-07,0.7848000000000002,-2.9211289431886717e-09,-5.049987095162578e-10,0.0,7,-4.6119023601255e-07,0.0
15.119776608999018,-3.070476956159937e-08,-6.7392792453474615e-18,-7.270996100582417e-07,0.7848000000000002,-3.0998712489673146e-09,-5.358993249160449e-10,0.0,7,-4.894101183932095e-07,0.0
15.130142606998561,-3.2583586823033496e-08,-7.1517373585003e-18,-7.715905009821146e-07,0.7848000000000002,-3.2895506848129233e-09,-5.686908721713735e-10,0.0,7,-5.193568643273155e-07,0.0
15.140335885998866,-3.4577362052874446e-08,-7.589433605172141e-18,-8.188037238217554e-07,0.7848000000000002,-3.490836488640424e-09,-6.034888144768047e-10,0.0,7,-5.511360721300818e-07,0.0
15.151039708998724,-3.669311791585888e-08,-8.053912228169039e-18,-8.689057789780147e-07,0.7848000000000002,-3.704438847838983e-09,-6.404157204542571e-10,0.0,7,-6.206469849842962e-07,0.0
15.161055449998457,-3.8938360521035056e-08,-8.546812022210952e-18,-9.220737158212565e-07,0.7848000000000002,-3.931111404898608e-09,-6.796025964206365e-10,0.0,7,-6.206469849842962e-07,0.0
15.171746701998927,-4.156710168748338e-08,-9.1224794152871e-18,-9.843218073794829e-07,0.7848000000000002,-4.196493660613665e-09,-7.25482784957876e-10,0.0,7,-7.030870052710591e-07,0.0
15.181265447999976,-4.3849365949151794e-08,-9.624377683282911e-18,-1.0383646839401278e-06,0.7848000000000002,-4.4268934322147976e-09,-7.653158107245872e-10,0.0,7,-7.030870052710591e-07,0.0
15.19122622299983,-4.653243098955951e-08,-1.0210650793262423e-17,-1.101896271295596e-06,0.7848000000000002,-4.697742744887043e-09,-8.121441297248566e-10,0.0,7,-7.416890599572341e-07,0.0
15.201189512999917,-4.967382668178485e-08,-1.0898584969211375e-17,-1.1762835512982865e-06,0.7848000000000002,-5.014877365620213e-09,-8.669718276621552e-10,0.0,7,-7.8706876521114e-07,0.0
15.211194009998508,-5.240116504335854e-08,-1.1498363095160522e-17,-1.2408660364991488e-06,0.7848000000000002,-5.290211216872331e-09,-9.145728618875637e-10,0.0,7,-8.402025366416331e-07,0.0
15.22156182299841,-5.5607545828835544e-08,-1.2202661002596575e-17,-1.3167977365590691e-06,0.7848000000000002,-5.613939596996585e-09,-9.705347636668193e-10,0.0,7,-8.863328832136777e-07,0.0
15.232060869999259,-5.9010103227065214e-08,-1.2949633985014855e-17,-1.3973724571652086e-06,0.7848000000000002,-5.957458502947421e-09,-1.029920593254019e-09,0.0,7,-9.981231836894346e-07,0.0
15.242422886998611,-6.26208724569622e-08,-1.3742314352124128e-17,-1.4828772202365307e-06,0.7848000000000002,-6.321995024330086e-09,-1.0929404048454217e-09,0.0,7,-1.0591980144546648e-06,0.0
15.252834211998561,-6.64525757372524e-08,-1.4583498615459794e-17,-1.5736138606655036e-06,0.7848000000000002,-6.708836945189704e-09,-1.1598162430459524e-09,0.0,7,-1.0591980144546648e-06,0.0
15.263222489998952,-7.051874950866005e-08,-1.547615456464285e-17,-1.6699026648556168e-06,0.7848000000000002,-7.119349313451713e-09,-1.2307843633152515e-09,0.0,7,-1.1240099004753596e-06,0.0
15.273494200999266,-7.483374443390798e-08,-1.6423431824272434e-17,-1.7720833952938192e-06,0.7848000000000002,-7.554980539567646e-09,-1.3060952319676744e-09,0.0,7,-1.1927876177540121e-06,0.0
15.284285744999579,-7.941275084215484e-08,-1.742867259693406e-17,-1.8805163430874163e-06,0.7848000000000002,-8.01726764391131e-09,-1.3860139702615015e-09,0.0,7,-1.2657738537812993e-06,0.0
15.294361061000018,-8.427190050674499e-08,-1.8489227929773843e-17,-1.9955681223902838e-06,0.7848000000000002,-8.507747628977932e-09,-1.4708221307557778e-09,0.0,7,-1.3432259593481544e-06,0.0
15.304624181999316,-8.942831753408344e-08,-1.9614670784020852e-17,-2.117657232413383e-06,0.7848000000000002,-9.028226646404643e-09,-1.5608185854887324e-09,0.0,7,-1.4254058017073455e-06,0.0
15.315556177998587,-9.490024558582309e-08,-2.081594449034547e-17,-2.24723432034625e-06,0.7848000000000002,-9.580657425853725e-09,-1.6563217464238278e-09,0.0,7,-1.6051673716758927e-06,0.0
15.325793317999342,-1.0070694610111485e-07,-2.2083317992624056e-17,-2.384723202466964e-06,0.7848000000000002,-1.0166792281017405e-08,-1.7576677890929204e-09,0.0,7,-1.7033737160478313e-06,0.0
15.336278884999047,-1.0686895274098227e-07,-2.3436088794162e-17,-2.5306424700356445e-06,0.7848000000000002,-1.0788896777135735e-08,-1.8652150934883593e-09,0.0,7,-1.8076017643111746e-06,0.0
15.346175196998956,-1.1340802049944654e-07,-2.4871633533005624e-17,-2.6854928312286115e-06,0.7848000000000002,-1.1449081182735392e-08,-1.9793433558845663e-09,0.0,7,-1.8076017643111746e-06,0.0
15.357034836999446,-1.2034722748127638e-07,-2.6395019352151314e-17,-2.849818579755293e-06,0.7848000000000002,-1.214966228339478e-08,-2.1004553651948754e-09,0.0,7,-2.0355846998252093e-06,0.0
15.36755909599924,-1.2771105123530035e-07,-2.8011621333257966e-17,-3.0241992363897927e-06,0.7848000000000002,-1.2893110575859644e-08,-2.2289783352391623e-09,0.0,7,-2.160142311706995e-06,0.0
15.377608221999253,-1.3552547053215658e-07,-2.972714340363704e-17,-3.209250019015627e-06,0.7848000000000002,-1.3682048995108195e-08,-2.365365681100684e-09,0.0,7,-2.292321442154019e-06,0.0
15.387935596998432,-1.438180671420428e-07,-3.1547638374702804e-17,-3.405623902298549e-06,0.7848000000000002,-1.451926110349037e-08,-2.510098795482918e-09,0.0,7,-2.432588501641821e-06,0.0
15.398421163999956,-1.5261807672359095e-07,-3.347952932459127e-17,-3.6140135905975297e-06,0.7848000000000002,-1.540770079883665e-08,-2.6636879368879818e-09,0.0,7,-2.5814382789982352e-06,0.0
15.40867297099976,-1.619565669349296e-07,-3.552963244902454e-17,-3.83515446351754e-06,0.7848000000000002,-1.6350502723579297e-08,-2.8266753382411025e-09,0.0,7,-2.7393960453696714e-06,0.0
15.418733898999562,-1.7186648832255873e-07,-3.7705181028869074e-17,-4.069826775810031e-06,0.7848000000000002,-1.7350993323989148e-08,-2.999636095069036e-09,0.0,7,-2.7393960453696714e-06,0.0
15.429093610999189,-1.823827760990995e-07,-4.001385092797811e-17,-4.318858313053967e-06,0.7848000000000002,-1.8412702586983068e-08,-3.1831799418569062e-09,0.0,7,-2.9070191255785935e-06,0.0
15.439645249000023,-1.9354257914323143e-07,-4.246378768335664e-17,-4.583128022556055e-06,0.7848000000000002,-1.9539376493285338e-08,-3.3779552488510944e-09,0.0,7,-3.2736628732543246e-06,0.0
15.450227127999824,-2.0538523455525486e-07,-4.506363545648297e-17,-4.863568063112319e-06,0.7848000000000002,-2.0734990236093904e-08,-3.5846485779700288e-09,0.0,7,-3.4739771879373708e-06,0.0
15.460368444999403,-2.179523948792782e-07,-4.7806543248010674e-17,-5.161126145455651e-06,0.7848000000000002,-2.2003518968565097e-08,-3.803986903250234e-09,0.0,7,-3.686518675325465e-06,0.0
15.470479309999064,-2.3128856243640456e-07,-5.073427135388262e-17,-5.476929439301322e-06,0.7848000000000002,-2.334989206914917e-08,-4.036746936719737e-09,0.0,7,-3.912092456643801e-06,0.0
15.480596880999656,-2.4544073310260715e-07,-5.384114151006583e-17,-5.812061473622593e-06,0.7848000000000002,-2.4778679414992695e-08,-4.283748911149132e-09,0.0,7,-4.151472481158995e-06,0.0
15.49096518299848,-2.604589051974787e-07,-5.713812010489023e-17,-6.167700621741072e-06,0.7848000000000002,-2.6294895343778937e-08,-4.545865461835774e-09,0.0,7,-4.405500444100766e-06,0.0
15.501488534999226,-2.763960540397935e-07,-6.06368400274644e-17,-6.545101104825361e-06,0.7848000000000002,-2.7903886597057325e-08,-4.824021182514571e-09,0.0,7,-4.6750722177324004e-06,0.0
15.512153595998825,-2.9505527424512954e-07,-6.4701501622306e-17,-6.986897569852895e-06,0.7848000000000002,-2.978731222801468e-08,-5.149686010952337e-09,0.0,7,-4.990641121323496e-06,0.0
15.521173880999413,-3.1125503512638344e-07,-6.826407099597767e-17,-7.370501125928919e-06,0.7848000000000002,-3.14227228072343e-08,-5.432425176365996e-09,0.0,7,-4.990641121323496e-06,0.0
15.531246193999323,-3.30300196558987e-07,-7.244746274586367e-17,-7.82152160692757e-06,0.7848000000000002,-3.33456167541962e-08,-5.764825949938768e-09,0.0,7,-5.264643661377799e-06,0.0
15.541957559998991,-3.5051073867131624e-07,-7.688433646712297e-17,-8.30012220751868e-06,0.7848000000000002,-3.538606619861823e-08,-6.117566453411882e-09,0.0,7,-5.9286587196562e-06,0.0
15.55246554599944,-3.719579567771108e-07,-8.159270451390227e-17,-8.808005902064102e-06,0.7848000000000002,-3.755135628482445e-08,-6.4918910247513395e-09,0.0,7,-6.291432787188644e-06,0.0
15.562616849998449,-3.947175480777896e-07,-8.658917725192808e-17,-9.346966347387835e-06,0.7848000000000002,-3.984913587082264e-08,-6.889120829356443e-09,0.0,7,-6.676404533848454e-06,0.0
15.573085375999653,-4.1886981521795016e-07,-9.189138330626094e-17,-9.918905304550968e-06,0.7848000000000002,-4.228751308771662e-08,-7.31065741277348e-09,0.0,7,-7.084932360393549e-06,0.0
15.583591965998494,-4.4449964084093146e-07,-9.748535076917421e-17,-1.0525755149516506e-05,0.7848000000000002,-4.4874595111389574e-08,-7.75798225660651e-09,0.0,7,-7.5183965353689325e-06,0.0
15.593035980999048,-4.716974544774368e-07,-1.0342157256505546e-16,-1.1169724015476352e-05,0.7848000000000002,-4.761990867017846e-08,-8.232673653907341e-09,0.0,7,-7.5183965353689325e-06,0.0
15.603884725998796,-5.005594869899086e-07,-1.0975777018422928e-16,-1.1853188902321423e-05,0.7848000000000002,-5.0533753614757824e-08,-8.736411150067624e-09,0.0,7,-8.46656350165816e-06,0.0
15.614132201999382,-5.311876179059034e-07,-1.1648166884543182e-16,-1.2578486777712841e-05,0.7848000000000002,-5.3625965578384006e-08,-9.270972878283601e-09,0.0,7,-8.98463341265203e-06,0.0
15.623999528999775,-5.636895535291544e-07,-1.2357556059698175e-16,-1.3348057856159259e-05,0.7848000000000002,-5.690676170453308e-08,-9.838238668180566e-09,0.0,7,-8.98463341265203e-06,0.0
15.634233666,-5.981802772725057e-07,-1.311474512386408e-16,-1.4164815436103974e-05,0.7848000000000002,-6.038888404893049e-08,-1.044021535889783e-08,0.0,7,-9.534327040113756e-06,0.0
15.644936580998547,-6.385626350633627e-07,-1.3999080310237055e-16,-1.5121078022127887e-05,0.7848000000000002,-6.446574488899325e-08,-1.1145020462066668e-08,0.0,7,-1.0800770015805633e-05,0.0
15.654801602999214,-6.736222455392594e-07,-1.4770092596414488e-16,-1.5951289870830796e-05,0.7848000000000002,-6.800519833052475e-08,-1.1756926099337761e-08,0.0,7,-1.1393778479164853e-05,0.0
15.665043491999313,-7.148398678783435e-07,-1.5675465053716215e-16,-1.692739503888375e-05,0.7848000000000002,-7.216676159423467e-08,-1.2476309318998346e-08,0.0,7,-1.2090996456345533e-05,0.0
15.67510847199992,-7.585796191909534e-07,-1.6635696526289155e-16,-1.796318773181918e-05,0.7848000000000002,-7.658272982691986e-08,-1.32397119934069e-08,0.0,7,-1.2090996456345533e-05,0.0
15.685567638998691,-8.049958454346709e-07,-1.7654685069682734e-16,-1.90623552538908e-05,0.7848000000000002,-8.126887787307867e-08,-1.4049827967710371e-08,0.0,7,-1.3615968038493428e-05,0.0
15.695543220999753,-8.542522815644979e-07,-1.8736025610839114e-16,-2.022877900401763e-05,0.7848000000000002,-8.624176036963941e-08,-1.4909514955974146e-08,0.0,7,-1.3615968038493428e-05,0.0
15.706132362998687,-9.065227639771045e-07,-1.988353322254867e-16,-2.1466575111262508e-05,0.7848000000000002,-9.151892512810023e-08,-1.582180697567992e-08,0.0,7,-1.5333267936616078e-05,0.0
15.716171221998593,-9.619916885107033e-07,-2.1101256656124826e-16,-2.278011069000258e-05,0.7848000000000002,-9.71189915728205e-08,-1.6789922341331476e-08,0.0,7,-1.5333267936616078e-05,0.0
15.727069973998368,-1.020854748333735e-06,-2.2393492386930863e-16,-2.417402013063529e-05,0.7848000000000002,-1.030617181960804e-07,-1.781727654304177e-08,0.0,7,-1.7267157236168065e-05,0.0
15.736838823999278,-1.0833189339448695e-06,-2.3756835160539075e-16,-2.565301369842144e-05,0.7848,-1.0936686326552812e-07,-1.8907482246532936e-08,0.0,7,-1.7267157236168065e-05,0.0
15.74721424999916,-1.1496052811722498e-06,-2.521204180056336e-16,-2.7222692845878493e-05,0.7848,-1.1605892796182762e-07,-2.0064397254770938e-08,0.0,7,-1.832358121315817e-05,0.0
15.757367509999312,-1.219947726173807e-06,-2.6756289768230317e-16,-2.8888445512192278e-05,0.7848000000000002,-1.231606265770662e-07,-2.129210452395114e-08,0.0,7,-1.9444780604198924e-05,0.0
15.767646763999437,-1.294594453992445e-06,-2.8395029919078876e-16,-3.065612652247723e-05,0.7848000000000002,-1.3069688257159487e-07,-2.2594935700226415e-08,0.0,7,-2.0634603937280197e-05,0.0
15.778482867999628,-1.3738088400002263e-06,-3.013404441102692e-16,-3.2531970340731814e-05,0.7848,-1.3869427159150517e-07,-2.3977487551007926e-08,0.0,7,-2.3237121671951294e-05,0.0
15.788269596998362,-1.4578703658981207e-06,-3.19794689389861e-16,-3.4522595123319574e-05,0.7848,-1.4718100895910687e-07,-2.5444637952176663e-08,0.0,7,-2.3237121671951294e-05,0.0
15.798665278000044,-1.5470756374935024e-06,-3.3937814638604537e-16,-3.663502437881657e-05,0.7848,-1.5618703789241067e-07,-2.700156365165185e-08,0.0,7,-2.4658996516656838e-05,0.0
15.809342770999137,-1.6417393770332118e-06,-3.6015991015713324e-16,-3.8876711181894705e-05,0.7848,-1.6574413394491283e-07,-2.865375758887012e-08,0.0,7,-2.7769079415639075e-05,0.0
15.819511744999545,-1.742195619092115e-06,-3.822133046395992e-16,-4.125556502223255e-05,0.7848,-1.7588601698843183e-07,-3.040704976697839e-08,0.0,7,-2.7769079415639075e-05,0.0
15.83013867199952,-1.8487987537950393e-06,-4.056161400666884e-16,-4.3779978799707154e-05,0.7848,-1.866484701728918e-07,-3.2267625460491445e-08,0.0,7,-2.9468260730166105e-05,0.0
15.84083076099887,-1.9619249262608334e-06,-4.304509865997625e-16,-4.6458859437800164e-05,0.7848,-1.980694661752337e-07,-3.42420496401985e-08,0.0,7,-3.318489959842869e-05,0.0
15.851022643999386,-2.0819732579353645e-06,-4.568054681428535e-16,-4.930165859860135e-05,0.7848000000000002,-2.101893011770045e-07,-3.633728828944527e-08,0.0,7,-3.318489959842869e-05,0.0
15.861595163998572,-2.2093673223688915e-06,-4.847725703847247e-16,-5.2318406484774066e-05,0.7848,-2.2305073703967442e-07,-3.856073416130812e-08,0.0,7,-3.521547042757239e-05,0.0
15.872284598999613,-2.344555043438314e-06,-5.142785958341363e-16,-5.551929685064983e-05,0.7848,-2.3669653520350337e-07,-4.092020500223725e-08,0.0,7,-3.965664060760702e-05,0.0
15.882962021998537,-2.4880147765677242e-06,-5.457727703998981e-16,-5.891645242187118e-05,0.7848,-2.511797219059292e-07,-4.342404968937785e-08,0.0,7,-4.2083180301336554e-05,0.0
15.89328415899945,-2.6402528660624114e-06,-5.7919401043336825e-16,-6.252153430017955e-05,0.7848,-2.6654945614875947e-07,-4.6081105598005934e-08,0.0,7,-4.465823878584254e-05,0.0
15.903393138998581,-2.801806443996981e-06,-6.146602838012972e-16,-6.63472137035177e-05,0.7847999999999999,-2.8285967810752213e-07,-4.890074745134143e-08,0.0,7,-4.739086693108407e-05,0.0
15.91381263599942,-2.973245516659226e-06,-6.52296730357219e-16,-7.040698347169852e-05,0.7847999999999999,-3.001679036900423e-07,-5.1892923735863405e-08,0.0,7,-4.739086693108407e-05,0.0
15.923921056999461,-3.1551728373279397e-06,-6.920041737926667e-16,-7.471456100400275e-05,0.7848,-3.185316756821766e-07,-5.5068154480863996e-08,0.0,7,-5.029070247978465e-05,0.0
15.934375404998718,-3.3482322011595257e-06,-7.343871554187297e-16,-7.928626068635217e-05,0.7847999999999999,-3.3802235356579696e-07,-5.843767603153083e-08,0.0,7,-5.336754357428767e-05,0.0
15.944652074998885,-3.553105010188941e-06,-7.793634733348551e-16,-8.413777533053884e-05,0.7848,-3.5870609281036905e-07,-6.201338109690369e-08,0.0,7,-5.6633043347394404e-05,0.0
15.95512416299971,-3.7705140391064377e-06,-8.270918813676927e-16,-8.928615670712587e-05,0.7847999999999998,-3.806554831377811e-07,-6.580788447507757e-08,0.0,7,-6.0098410950384886e-05,0.0
15.965602536000006,-4.001226437701186e-06,-8.77740785549025e-16,-9.47495631826094e-05,0.7847999999999998,-4.039479262740168e-07,-6.983457545572946e-08,0.0,7,-6.377582621937562e-05,0.0
15.976559465998434,-4.246056173527265e-06,-9.314888879931541e-16,-0.00010054727001179424,0.7847999999999999,-4.286655995135948e-07,-7.410766045268247e-08,0.0,7,-7.181947857985302e-05,0.0
15.986524362999262,-4.5058670852361615e-06,-9.885258274655696e-16,-0.00010669973302050401,0.7847999999999997,-4.5489571265877695e-07,-7.864221629461099e-08,0.0,7,-7.181947857985302e-05,0.0
15.997584518998337,-4.781575834131509e-06,-1.0490528431126716e-15,-0.0001132286595407157,0.7847999999999996,-4.827308121987973e-07,-8.345424173938909e-08,0.0,7,-8.087761395765406e-05,0.0
16.007108851999874,-5.074151853280219e-06,-1.112910442600959e-15,-0.00012015611135561656,0.7847999999999996,-5.122634437327394e-07,-8.856065658591206e-08,0.0,7,-8.087761395765406e-05,0.0
16.01761020399863,-5.384630375064451e-06,-1.1810708437298443e-15,-0.000127508324563852,0.7847999999999996,-5.436083681909592e-07,-9.397952904777185e-08,0.0,7,-8.58257938254404e-05,0.0
16.028108272999816,-5.7141072914052506e-06,-1.253401849802553e-15,-0.0001353105367744531,0.7847999999999996,-5.768719769070988e-07,-9.972998604723671e-08,0.0,7,-9.107737468846572e-05,0.0
16.038407501999245,-6.063745005983162e-06,-1.330158771107766e-15,-0.0001435901709075479,0.7847999999999995,-6.121710087388003e-07,-1.0583231535576942e-07,0.0,7,-9.665038341032364e-05,0.0
16.049038968998502,-6.434777192348029e-06,-1.4116124384894338e-15,-0.00015237642887951282,0.7847999999999994,-6.496299412170889e-07,-1.1230804863870958e-07,0.0,7,-0.00010256440779110564,0.0
16.059567138998318,-6.828508361363566e-06,-1.4975482111517444e-15,-0.00016169899836907412,0.7847999999999993,-6.893733100267064e-07,-1.1917995390575697e-07,0.0,7,-0.00011549928454933865,0.0
16.069451716999538,-7.246331748646877e-06,-1.5892744505957397e-15,-0.00017159318685160507,0.7847999999999992,-7.315555532863636e-07,-1.2647234770568616e-07,0.0,7,-0.00011549928454933865,0.0
16.08004218699898,-7.68972206290379e-06,-1.6866132507857394e-15,-0.00018209295713257303,0.7847999999999992,-7.763198464392775e-07,-1.3421096856092163e-07,0.0,7,-0.00012256656203686077,0.0
16.090157102999,-8.160243704482145e-06,-1.789908194754929e-15,-0.00019323521412852542,0.7847999999999988,-8.238232900854677e-07,-1.424231204083526e-07,0.0,7,-0.00013006639795183788,0.0
16.10053748899918,-8.659556770259044e-06,-1.8995237528395792e-15,-0.00020505925538503108,0.7847999999999987,-8.742333990781531e-07,-1.511377774043865e-07,0.0,7,-0.00014647089670359362,0.0
16.110931632998472,-9.18942295675033e-06,-2.015846676312938e-15,-0.00021760679749376928,0.7847999999999985,-9.277280236607342e-07,-1.6038568695364575e-07,0.0,7,-0.00014647089670359362,0.0
16.121175686999777,-9.751711793997768e-06,-2.139287375137263e-15,-0.00023092211140204918,0.7847999999999984,-9.844959055429938e-07,-1.7019947851082406e-07,0.0,7,-0.00015543342678126377,0.0
16.131526179999128,-1.0348407133900593e-05,-2.270281385713099e-15,-0.0002450521766082501,0.784799999999998,-1.0447373362164655e-06,-1.8061377682343505e-07,0.0,7,-0.00016494436528717799,0.0
16.1424492369988,-1.0981614300102432e-05,-2.4092908902446265e-15,-0.0002600468477910824,0.7847999999999979,-1.1086648628203235e-06,-1.916653267208801e-07,0.0,7,-0.00018574774842220173,0.0
16.152367687998776,-1.1653567415989296e-05,-2.556806347278085e-15,-0.0002759590300224887,0.7847999999999976,-1.1765040379764401e-06,-2.033931210121409e-07,0.0,7,-0.00018574774842220173,0.0
16.16270092999912,-1.2440300440109692e-05,-2.729092584051814e-15,-0.00029458877501802706,0.7847999999999973,-1.2559283152039135e-06,-2.1712420261721377e-07,0.0,7,-0.0001971135928732062,0.0
16.172888272998534,-1.3123344277393008e-05,-2.880365643351926e-15,-0.00031076558802468294,0.7847999999999968,-1.3248990765321017e-06,-2.2904556651326402e-07,0.0,7,-0.00021042055358430503,0.0
16.183082109999305,-1.3926359273372063e-05,-3.05675161752855e-15,-0.0003297823433641412,0.7847999999999965,-1.405975754635008e-06,-2.4306082213598756e-07,0.0,7,-0.00022197542001763066,0.0
16.19313954699828,-1.4778509971625236e-05,-3.243825516961101e-15,-0.0003499616081370207,0.784799999999996,-1.4920068447367428e-06,-2.5793365754367414e-07,0.0,7,-0.00023555881668867228,0.0
16.203895680999267,-1.5682802963215134e-05,-3.442346463164818e-15,-0.00037137551457239187,0.7847999999999955,-1.5833014503348803e-06,-2.7371654764962727e-07,0.0,7,-0.0002652682246945656,0.0
16.21362332499848,-1.6642428853376016e-05,-3.653014775039556e-15,-0.00039409971621083757,0.784799999999995,-1.680182275075266e-06,-2.904651790203161e-07,0.0,7,-0.0002652682246945656,0.0
16.224398036998537,-1.766077343162183e-05,-3.876573737231424e-15,-0.00041821440031070535,0.7847999999999943,-1.7829912022081238e-06,-3.0823864483053853e-07,0.0,7,-0.00029872457165050384,0.0
16.23443535899969,-1.8741429706965125e-05,-4.113812109467882e-15,-0.00044380465091510107,0.7847999999999935,-1.8920909743270283e-06,-3.270996549176175e-07,0.0,7,-0.00029872457165050384,0.0
16.247119687999657,-1.9888210452024737e-05,-4.365566935001362e-15,-0.00047096075663797615,0.7847999999999926,-2.0078665237006734e-06,-3.471147547173814e-07,0.0,7,-0.0003364005404556972,0.0
16.258258625999588,-2.1105147795914757e-05,-4.6311748096866406e-15,-0.000499774479348384,0.7847999999999917,-2.130702778344314e-06,-3.6835431815873676e-07,0.0,7,-0.0003569817709631314,0.0
16.26869600200007,-2.239653304478917e-05,-4.913033212635317e-15,-0.0005303506466965143,0.7847999999999906,-2.2610520724399354e-06,-3.908932426632816e-07,0.0,7,-0.0003788218904975102,0.0
16.278678637998382,-2.3766921592618262e-05,-5.212135724082434e-15,-0.0005627975719455986,0.7847999999999893,-2.399376925114161e-06,-4.148110348545231e-07,0.0,7,-0.00040199826567542755,0.0
16.289256465999642,-2.5221164217846706e-05,-5.531391309278746e-15,-0.0005972346007928687,0.7847999999999882,-2.5461937102110596e-06,-4.401923567876054e-07,0.0,7,-0.00042659614342347764,0.0
16.299796439998318,-2.6764393623286133e-05,-5.870181570645289e-15,-0.0006337794331953523,0.7847999999999865,-2.7019977293399226e-06,-4.6712679102611787e-07,0.0,7,-0.00045269959513953735,0.0
16.31032454099841,-2.8402035809778682e-05,-6.227614286027068e-15,-0.0006725550107902498,0.7847999999999847,-2.8673037535066278e-06,-4.957090391499719e-07,0.0,7,-0.0004803964362787498,0.0
16.320326592998754,-3.013986562140396e-05,-6.606915862153695e-15,-0.0007137023456289712,0.784799999999983,-3.0427201629757173e-06,-5.260398912021458e-07,0.0,7,-0.0005097873897349794,0.0
16.33241104999979,-3.2104868790263265e-05,-3.245211906467764e-08,-0.0007480141851997304,0.784799999999977,-3.0985765618879246e-06,-5.603356663108627e-07,0.0,7,-0.000534295846571236,0.0
16.341321892999986,-3.355903012051405e-05,-1.7800726312682994e-07,-0.0007420751402239647,0.7847999999999635,-2.7655098013360018e-06,-5.857155693789196e-07,0.0,7,-0.0005300536715885462,0.0
16.35221142499904,-3.4875387736192126e-05,-6.324752367216344e-07,-0.0007036012876037531,0.7847999999999439,-2.0237805152910004e-06,-6.086903439062041e-07,0.0,7,-0.000502572348288395,0.0
16.362037964998308,-3.5785160619942684e-05,-1.1353197226522775e-06,-0.0007087390800074768,0.7847999999999369,-1.8203561668154562e-06,-6.24568876173015e-07,0.0,7,-0.0005062422000053406,0.0
16.37309211399952,-3.6981658523561064e-05,-1.777545788648613e-06,-0.0007465239033809725,0.784799999999933,-1.9059521497853226e-06,-6.454517040843655e-07,0.0,7,-0.0005332313595578375,0.0
16.383307532998515,-3.7833680829182855e-05,-2.4185146602340484e-06,-0.0007433671420977963,0.7847999999999248,-1.59845051226148e-06,-6.603222986178992e-07,0.0,7,-0.0005309765300698545,0.0
16.393961628999023,-3.840068184902416e-05,-3.3691672272393437e-06,-0.0007115953698531625,0.7847999999999157,-9.555682302016611e-07,-6.702183332762957e-07,0.0,7,-0.0005082824070379732,0.0
16.403632979998292,-3.8736129811501754e-05,-4.494223529809975e-06,-0.0007078039859009863,0.784799999999912,-6.261882573549423e-07,-6.76073004690636e-07,0.0,7,-0.0005082824070379732,0.0
16.41454604899991,-3.910473523464466e-05,-5.6712213712788735e-06,-0.0007374352654388819,0.7847999999999106,-6.588954055104375e-07,-6.825063829651867e-07,0.0,7,-0.0005055742756435616,0.0
16.425412882999808,-3.9410211252803706e-05,-6.9455706880343154e-06,-0.0007473861322225015,0.7847999999999081,-4.725558123998147e-07,-6.87837945267944e-07,0.0,7,-0.0005338472373017868,0.0
16.43558360299903,-3.938228478681189e-05,-8.444051129265036e-06,-0.0007211820321099039,0.7847999999999075,1.0125453384010178e-07,-6.873505364879406e-07,0.0,7,-0.0005151300229356457,0.0
16.446611631999986,-3.9057958969611005e-05,-1.015015113102357e-05,-0.000705851002446496,0.7847999999999102,5.439619330129737e-07,-6.816899831285639e-07,0.0,7,-0.0005041792874617828,0.0
16.45655075600007,-3.870598283489797e-05,-1.193857105003836e-05,-0.0007270794835593258,0.7847999999999119,5.835572769310526e-07,-6.755468406893783e-07,0.0,7,-0.0005193424882566612,0.0
16.467054551998444,-3.835280465407084e-05,-1.3796359461468615e-05,-0.0007455857645798479,0.7847999999999139,6.542579725631161e-07,-6.69382718587741e-07,0.0,7,-0.0005325612604141771,0.0
16.477233513998726,-3.775355217364856e-05,-1.583715175903662e-05,-0.0007285719274864877,0.7847999999999198,1.1059703289989333e-06,-6.589237897536293e-07,0.0,7,-0.0005204085196332055,0.0
16.487404442999832,-3.6855683877070776e-05,-1.8085042816325023e-05,-0.000709378165685812,0.7847999999999288,1.5671924904998603e-06,-6.432530317290741e-07,0.0,7,-0.00050669868977558,0.0
16.498041707000084,-3.587523423385498e-05,-2.0438371905678833e-05,-0.0007209037297976905,0.7847999999999345,1.6838152160910599e-06,-6.261409573049548e-07,0.0,7,-0.0005149312355697789,0.0
16.508367545999135,-3.4886945413904685e-05,-2.2860711077521942e-05,-0.0007371486831265781,0.7847999999999397,1.7455745619614936e-06,-6.088920634361727e-07,0.0,7,-0.0005265347736618415,0.0
16.518501249998735,-3.372628416843755e-05,-2.542713374613324e-05,-0.0007282371156434958,0.7847999999999494,2.0739085432341723e-06,-5.88634703202473e-07,0.0,7,-0.0005201693683167827,0.0
16.52925906099881,-3.23119380903557e-05,-2.8174013353267783e-05,-0.0007109757578253229,0.7847999999999623,2.4785992466469823e-06,-5.639497073772759e-07,0.0,7,-0.0005078398270180877,0.0
16.539580987999216,-3.0773643379115654e-05,-3.103897630510152e-05,-0.000712722263007528,0.7847999999999719,2.6627207996693497e-06,-5.371013998001217e-07,0.0,7,-0.0005090873307196629,0.0
16.55625943299856,-2.922921933189343e-05,-3.396466304999247e-05,-0.0007274941119213643,0.7847999999999782,2.6970863994282826e-06,-5.101461151291176e-07,0.0,7,-0.0005196386513724031,0.0
16.570243727999696,-2.7453925690341884e-05,-3.728224669423013e-05,-0.0007311944691193269,0.7847999999999878,2.8626471396008817e-06,-4.79161395894323e-07,0.0,7,-0.0005222817636566621,0.0
16.583068158999595,-2.5609394757485057e-05,-4.046088211352854e-05,-0.000711499187311972,0.7848000000000032,3.2495649478787245e-06,-4.4696825796108897e-07,0.0,7,-0.0005222817636566621,0.0
16.594717221998508,-2.3812889207985268e-05,-4.342791407162174e-05,-0.0007053085201608394,0.7848000000000142,3.4573696259272435e-06,-4.156133210919677e-07,0.0,7,-0.0005037918001148852,0.0
16.602696443998866,-2.1812271714469183e-05,-4.677122713263518e-05,-0.0007166652140516147,0.7848000000000201,3.4785792444148354e-06,-3.806959587571157e-07,0.0,7,-0.0005037918001148852,0.0
16.613290616000086,-1.978754994202197e-05,-5.016930971341895e-05,-0.0007220802489969183,0.7848000000000274,3.5551328047419666e-06,-3.4535789739109646e-07,0.0,7,-0.0005157716064263702,0.0
16.623076855999898,-1.7626539518585678e-05,-5.367109725917509e-05,-0.0007112139781594841,0.7848000000000392,3.7953909425662137e-06,-3.076411503322163e-07,0.0,7,-0.0005157716064263702,0.0
16.63355013099863,-1.5344609316936568e-05,-5.726605547142632e-05,-0.000704265858022715,0.7848000000000493,3.976463298285123e-06,-2.678139550127412e-07,0.0,7,-0.0005030470414447964,0.0
16.643413686999338,-1.3044497512617528e-05,-6.090260775756451e-05,-0.0007101550146199278,0.7848000000000542,4.0040921459820095e-06,-2.2766943086338642e-07,0.0,7,-0.000507253581871377,0.0
16.653352392999295,-1.0731146127825929e-05,-6.457452683478264e-05,-0.0007133637656675376,0.7848000000000589,4.049344664059916e-06,-1.8729383244320275e-07,0.0,7,-0.000509545546905384,0.0
16.66338971499863,-8.337814021459378e-06,-6.830902620430739e-05,-0.0007063718652609414,0.7848000000000662,4.191702740824846e-06,-1.455223070934153e-07,0.0,7,-0.0005045513323292438,0.0
16.67310073599947,-5.872086053100042e-06,-7.209866991196462e-05,-0.000701091296795898,0.784800000000072,4.299570496544964e-06,-1.0248723558703432e-07,0.0,7,-0.0005045513323292438,0.0
16.683705103998363,-3.400410727375182e-06,-7.590839550848601e-05,-0.0007038369279925405,0.7848000000000737,4.305917805883086e-06,-5.93483631128322e-08,0.0,7,-0.0005027406628518146,0.0
16.693427718999374,-9.330703959034064e-07,-7.972917445379003e-05,-0.0007054975004084073,0.7848000000000745,4.311479418689995e-06,-1.628515056140145e-08,0.0,7,-0.0005027406628518146,0.0
16.70370487799846,1.5677168012652644e-06,-8.357440520834437e-05,-0.0007008159614616446,0.7848000000000764,4.372250521020036e-06,2.7361819920912467e-08,0.0,7,-0.0005039267860060052,0.0
16.71398755499831,4.097388014940365e-06,-8.743776815576752e-05,-0.0006967606533677384,0.784800000000077,4.411243752158956e-06,7.151291159246398e-08,0.0,7,-0.0005005828296154604,0.0
16.724439457999324,6.612302014671099e-06,-9.129463881421353e-05,-0.0006977012453851252,0.7848000000000743,4.38201557789372e-06,1.1540644129226507e-07,0.0,7,-0.0004983580324179465,0.0
16.734520011999848,9.10076115289448e-06,-9.513521573141266e-05,-0.000698334459946137,0.7848000000000707,4.343489897154172e-06,1.5883824655560375e-07,0.0,7,-0.000498810328532955,0.0
16.74452841999846,1.1582946736064206e-05,-9.896460040755016e-05,-0.0006950593810085143,0.7848000000000673,4.334360890828386e-06,2.02160557627451e-07,0.0,7,-0.0004964709864346531,0.0
16.75491816399881,1.4055283388162873e-05,-0.00010277687391734219,-0.0006919160726500626,0.7848000000000626,4.310096622061897e-06,2.4531097242430633e-07,0.0,7,-0.0004942257661786161,0.0
16.76492000699909,1.6488603387206466e-05,-0.00010655417857227746,-0.0006918745191641544,0.7848000000000558,4.2392093452544e-06,2.877804181622423e-07,0.0,7,-0.0004941960851172531,0.0
16.775500698999167,1.8871731230932948e-05,-0.00011028704712267682,-0.0006918777524339395,0.784800000000048,4.155966187084573e-06,3.293738455312223e-07,0.0,7,-0.0004941983945956711,0.0
16.784875710998676,2.1214462569761348e-05,-0.00011397586370184447,-0.0006894992342594011,0.7848000000000401,4.086739913750295e-06,3.7026222088343275e-07,0.0,7,-0.0004941983945956711,0.0
16.79535024299912,2.3513548149029083e-05,-0.00011761502236171275,-0.0006870574416357855,0.7848000000000314,4.006165906073439e-06,4.1038883402677584e-07,0.0,7,-0.0004907553154541325,0.0
16.80588134699974,2.5749199600730028e-05,-0.00012119126405014229,-0.000686542371923487,0.7848000000000211,3.893307849458391e-06,4.494083127859483e-07,0.0,7,-0.0004903874085167764,0.0
16.816518260999146,2.791167633620779e-05,-0.00012469607829787243,-0.000686211330776596,0.7848000000000105,3.7680175281231347e-06,4.871506518178137e-07,0.0,7,-0.0004901509505547114,0.0
16.826375181999538,3.000497140192054e-05,-0.0001281274692064401,-0.0006844502486294067,0.7847999999999996,3.6481291942323014e-06,5.236855429302523e-07,0.0,7,-0.0004888930347352905,0.0
16.836346084999604,3.202612505001502e-05,-0.0001314803277335889,-0.0006825756053774049,0.7847999999999884,3.519483608664386e-06,5.589613287781958e-07,0.0,7,-0.00048755400384100354,0.0
16.849627351999516,3.396164938775359e-05,-0.0001347447474325011,-0.0006819045595087735,0.7847999999999766,3.3684480897875857e-06,5.927426012242165e-07,0.0,7,-0.00048755400384100354,0.0
16.863108296000064,3.598499520135673e-05,-0.000138226103018837,-0.0006810089404628675,0.7847999999999636,3.194207312795138e-06,6.280566475780347e-07,0.0,7,-0.00048643495747347675,0.0
16.87360252399958,3.772699123428147e-05,-0.00014128718974642748,-0.0006798103986296181,0.7847999999999519,3.031534338022642e-06,6.58460213909251e-07,0.0,7,-0.0004855788561640129,0.0
16.886851942999783,3.88888036369878e-05,-0.00014336825194639783,-0.000679003108241115,0.7847999999999437,2.91284423643833e-06,6.787376656269828e-07,0.0,7,-0.00048500222017222496,0.0
16.89606638799887,4.091244223973269e-05,-0.00014709050489813535,-0.0006778126379705717,0.7847999999999289,2.680008943340536e-06,7.140568221153387e-07,0.0,7,-0.0004841518842646941,0.0
16.90674192499864,4.22061651454091e-05,-0.0001495536911148283,-0.0006774381056777355,0.7847999999999189,2.507747840554951e-06,7.366365464278601e-07,0.0,7,-0.0004838843611983825,0.0
16.917332534998422,4.353622456521049e-05,-0.00015217656274703773,-0.0006769879467833414,0.7847999999999083,2.3115298351241138e-06,7.598504625505598e-07,0.0,7,-0.00048356281913095815,0.0
16.926946405999843,4.475431235389545e-05,-0.0001546775090359204,-0.0006760089513477093,0.7847999999998984,2.116115423590971e-06,7.811101050414493e-07,0.0,7,-0.0004828635366769352,0.0
16.936930369000038,4.585822057040412e-05,-0.00015705317332460143,-0.0006750962149350315,0.7847999999998891,1.915567049408382e-06,8.00376938059344e-07,0.0,7,-0.0004822115820964511,0.0
16.94714851199933,4.684048506356559e-05,-0.00015929793643065904,-0.0006749786080597869,0.7847999999998806,1.7027350600407384e-06,8.17520687590445e-07,0.0,7,-0.00048212757718556204,0.0
16.95668548699905,4.76990393379478e-05,-0.00016140888708078818,-0.0006747790977277068,0.7847999999998732,1.4879678158040454e-06,8.325052864854854e-07,0.0,7,-0.00048212757718556204,0.0
16.967421576999186,4.843609426072092e-05,-0.00016338531860733864,-0.0006741132365253289,0.7847999999998665,1.2760025507793864e-06,8.453693216559088e-07,0.0,7,-0.0004815094546609492,0.0
16.97689792899837,4.905106252337969e-05,-0.00016522543219124041,-0.0006734874162355473,0.7847999999998609,1.061878260285088e-06,8.561025426345736e-07,0.0,7,-0.0004815094546609492,0.0
16.98750250699959,4.953856944651231e-05,-0.0001669254024864895,-0.0006735812248740609,0.7847999999998562,8.389727753143259e-07,8.646111435695047e-07,0.0,7,-0.0004811294463386149,0.0
16.997377865998715,4.9897556388854165e-05,-0.0001684836221757821,-0.0006736890063560431,0.784799999999853,6.157677595056461e-07,8.708766476850371e-07,0.0,7,-0.0004811294463386149,0.0
17.00713330599865,5.013132519872005e-05,-0.00016990073731619324,-0.0006733756516948286,0.7847999999998506,3.9756279958674916e-07,8.749566831056654e-07,0.0,7,-0.0004812064331114593,0.0
17.01763528599986,5.0244662229239004e-05,-0.0001712961742106334,-0.0006731192801122097,0.7847999999998494,1.57720616977153e-07,8.769347874526545e-07,0.0,7,-0.00048079948579443546,0.0
17.027428929999587,5.022342897340774e-05,-0.00017230928204348833,-0.0006733240301872775,0.7847999999998494,-4.1482836888929145e-08,8.765641972274807e-07,0.0,7,-0.0004809457358480553,0.0
17.03738851899834,5.007947925674632e-05,-0.0001732989398202872,-0.0006736827381413558,0.7847999999998505,-2.6193996011025096e-07,8.74051800714426e-07,0.0,7,-0.0004812019558152541,0.0
17.047641092998674,4.9812239281745775e-05,-0.00017414698384413905,-0.00067378150386662,0.7847999999998527,-4.7656563134035866e-07,8.693875832577191e-07,0.0,7,-0.00048127250276187145,0.0
17.05734100999871,4.942415553106708e-05,-0.0001748547442040316,-0.0006738880251306071,0.7847999999998561,-6.877494387073135e-07,8.626142440348872e-07,0.0,7,-0.00048134858937900506,0.0
17.06758254899978,4.891566437681254e-05,-0.00017542282468219938,-0.0006742870547580637,0.7847999999998603,-8.979643995139073e-07,8.53739399175879e-07,0.0,7,-0.00048163361054147407,0.0
17.07725899899924,4.8287846240685226e-05,-0.00017585233589951114,-0.0006748931000021651,0.7847999999998656,-1.105639130461413e-06,8.427819055967234e-07,0.0,7,-0.0004820665000015465,0.0
17.087024705999283,4.754521468600025e-05,-0.00017614619654342101,-0.0006752590614368259,0.7847999999998719,-1.3053630990815372e-06,8.298205398382663e-07,0.0,7,-0.0004820665000015465,0.0
17.097758420999526,4.669151388717308e-05,-0.00017630717367624773,-0.0006756318305720215,0.7847999999998788,-1.4993633980762495e-06,8.149206500718265e-07,0.0,7,-0.00048259416469430104,0.0
17.108090964999064,4.573800631555297e-05,-0.00017634172972359494,-0.0006734246844485936,0.7847999999998861,-1.6589949534756655e-06,7.982788035043598e-07,0.0,7,-0.0004810176317489954,0.0
17.11787559899858,4.487875763702826e-05,-0.00017634172972398103,-0.0006395836469803642,0.7847999999998884,-1.4726327071852989e-06,7.832820849706934e-07,0.0,7,-0.0004810176317489954,0.0
17.128178529999786,4.4184263039558555e-05,-0.00017634172972435126,-0.0005970332987899661,0.7847999999998893,-1.1968538109372022e-06,7.711608676075343e-07,0.0,7,-0.00045684546212883156,0.0
17.138570438999523,4.36514386573247e-05,-0.00017634172972469568,-0.0005533570679418895,0.7847999999998896,-9.160982106658106e-07,7.618613278026487e-07,0.0,7,-0.00039525504852992103,0.0
17.149177600998883,4.3249115588781526e-05,-0.00017634172972504937,-0.0005047914799496602,0.7847999999998898,-6.109499297318391e-07,7.548394655998436e-07,0.0,7,-0.00036056534282118586,0.0
17.158961117998842,4.3061496983565805e-05,-0.00017634172972531248,-0.0004645711251636751,0.7847999999998899,-3.6400742306985265e-07,7.515649032008298e-07,0.0,7,-0.00033183651797405364,0.0
17.1694662409991,4.300127755711553e-05,-0.00017634172972558117,-0.00041922121712770633,0.7847999999998897,-9.162125298311308e-08,7.5051387593561e-07,0.0,7,-0.0002994437265197902,0.0
17.180220140999154,4.309644008396261e-05,-0.00017634172972582412,-0.00037302352498464755,0.7847999999998893,1.795979283227624e-07,7.52174775353609e-07,0.0,7,-0.00026644537498903394,0.0
17.190342948999387,4.3346845713811856e-05,-0.00017634172972604345,-0.00032581480313740414,0.7847999999998886,4.506253546518042e-07,7.565451780600085e-07,0.0,7,-0.00026644537498903394,0.0
17.201392349999878,4.375297582997542e-05,-0.00017634172972623316,-0.0002774106514202935,0.7847999999998879,7.225403043473288e-07,7.636334857785698e-07,0.0,7,-0.00019815046530020965,0.0
17.2121056019987,4.431584307017501e-05,-0.00017634172972639812,-0.00022764749077038962,0.7847999999998868,9.962751105421687e-07,7.734573723716665e-07,0.0,7,-0.00016260535055027828,0.0
17.222732947999248,4.5037056235301825e-05,-0.00017634172972653476,-0.00017634026565333482,0.7847999999998854,1.2728681953736246e-06,7.860449167118588e-07,0.0,7,-0.00012595733260952486,0.0
17.23286686099891,4.591880794886438e-05,-0.00017634172972664228,-0.00012330244376175889,0.7847999999998838,1.5533391752169829e-06,8.014343872986274e-07,0.0,7,-8.807317411554205e-05,0.0
17.243627954998374,4.696387844820971e-05,-0.0001763417297267197,-6.834367924414515e-05,0.7847999999998819,1.8387148884524156e-06,8.196743084276648e-07,0.0,7,-4.8816913745817964e-05,0.0
17.25337431599837,4.817564398118774e-05,-0.000176341729726766,-1.126535069830931e-05,0.7847999999998796,2.1300368015236323e-06,8.408236067403152e-07,0.0,7,-4.8816913745817964e-05,0.0
17.264623184999436,4.9558117110140144e-05,-0.00017634172972677667,4.814495907937508e-05,0.7847999999998769,2.428414722774194e-06,8.649523146608828e-07,0.0,7,3.438925648526791e-05,0.0
17.275287127999036,5.111587434792031e-05,-0.00017634172972675696,0.0001100853452355929,0.7847999999998739,2.734839508801001e-06,8.92140307406919e-07,0.0,7,7.863238945399493e-05,0.0
17.285425790998488,5.2854150149645246e-05,-0.0001763417297267022,0.00017478314900808842,0.7847999999998704,3.0504576359547836e-06,9.224789434547631e-07,0.0,7,0.00012484510643434886,0.0
17.29595389199858,5.477883459725176e-05,-0.00017634172972661073,0.00024247043667657213,0.7847999999998665,3.3764149724442515e-06,9.56071024127425e-07,0.0,7,0.00017319316905469438,0.0
17.3063294579988,5.689648993838084e-05,-0.000176341729726481,0.00031338899716630927,0.7847999999998619,3.713887349327125e-06,9.930310822525712e-07,0.0,7,0.00022384928369022092,0.0
17.31688472699898,5.921440949025033e-05,-0.00017634172972630718,0.00038780209148845356,0.7847999999998567,4.064150680812553e-06,1.0334864102290453e-06,0.0,7,0.000277001493920324,0.0
17.32650662999913,6.174053654823278e-05,-0.00017634172972609525,0.0004659554512832721,0.784799999999851,4.428348241020227e-06,1.0775756447145568e-06,0.0,7,0.000277001493920324,0.0
17.337549814999875,6.44836300545877e-05,-0.0001763417297258347,0.00054814581075641,0.7847999999998442,4.807899282880735e-06,1.125451658090526e-06,0.0,7,0.0003915327219688643,0.0
17.347554171999946,6.745319574581378e-05,-0.00017634172972552745,0.000634657683330517,0.7847999999998366,5.204114114413771e-06,1.1772803567566825e-06,0.0,7,0.00045332691666465503,0.0
17.358421773998998,7.065954485296615e-05,-0.00017634172972517113,0.0007257966709522001,0.7847999999998281,5.618402104894257e-06,1.233241705644872e-06,0.0,7,0.0005184261935372858,0.0
17.36878658399837,7.401086354072188e-05,-0.00017629378126672466,0.0008002943101214772,0.7847999999998082,5.819157896540462e-06,1.2917332510298252e-06,0.0,7,0.0005716387929439123,0.0
17.378354079999554,7.701136837022293e-05,-0.0001759611639474368,0.000788633453858384,0.7847999999997481,5.0625434785915625e-06,1.3441019395266096e-06,0.0,7,0.0005633096098988457,0.0
17.389175307998812,7.916243233405942e-05,-0.00017510520185347355,0.0007194380229750559,0.7847999999996802,3.689944709717061e-06,1.3816450881165565e-06,0.0,7,0.0005138843021250399,0.0
17.399336319998838,8.085222052877656e-05,-0.00017390133084909239,0.0007156299371869209,0.7847999999996466,3.0426152956919586e-06,1.4111374557757017e-06,0.0,7,0.0005111642408478006,0.0
17.409891658999186,8.264467148172399e-05,-0.0001726088549705077,0.0007826926516159288,0.7847999999996318,3.156448398635596e-06,1.4424216265851442e-06,0.0,7,0.0005590661797256635,0.0
17.42044175999945,8.421084576485761e-05,-0.00017107163685989337,0.0007894503125264445,0.7847999999996035,2.600077243258995e-06,1.4697565244858879e-06,0.0,7,0.0005638930803760318,0.0
17.43044758399992,8.507734766016674e-05,-0.00016906552835008542,0.0007390125446061739,0.7847999999995757,1.431528232246473e-06,1.4848798355338033e-06,0.0,7,0.0005278661032901242,0.0
17.440361355998903,8.547763372338083e-05,-0.00016669631353049758,0.0007312282523520224,0.7847999999995657,7.443117096946486e-07,1.4918661452867354e-06,0.0,7,0.0005278661032901242,0.0
17.450819334999323,8.578883904007643e-05,-0.00016413832157603984,0.0007691521944529248,0.7847999999995615,5.565590706292468e-07,1.4972977027127854e-06,0.0,7,0.0005223058945371589,0.0
17.46225377399969,8.590543888714314e-05,-0.00016134168305981982,0.0007840982247819521,0.7847999999995591,1.1642901470893234e-07,1.4993327539514212e-06,0.0,7,0.0005600701605585371,0.0
17.47219185099857,8.547163428125184e-05,-0.00015813975087282882,0.0007505486052149104,0.7847999999995663,-8.394142993731678e-07,1.4917614352683017e-06,0.0,7,0.0005361061465820788,0.0
17.483883376999074,8.44066505580458e-05,-0.00015417123527349324,0.0007283449209866149,0.784799999999586,-1.7054780694359524e-06,1.4731739628182083e-06,0.0,7,0.0005202463721332963,0.0
17.493584829999236,8.337307175898671e-05,-0.00015071491882077333,0.0007502848895970104,0.7847999999996002,-1.9653035019089226e-06,1.4551346096958184e-06,0.0,7,0.0005359177782835788,0.0
17.50373096599833,8.213147496398481e-05,-0.0001466915663463394,0.0007780465534117415,0.7847999999996166,-2.212486431920144e-06,1.433464657640826e-06,0.0,7,0.0005557475381512439,0.0
17.514046607999262,8.050402548835772e-05,-0.00014234320133990107,0.000761384328340821,0.7847999999996471,-2.9307338367195266e-06,1.4050603058812783e-06,0.0,7,0.0005438459488148722,0.0
17.524277740998514,7.834298992581722e-05,-0.00013760276213306034,0.0007291951864127802,0.7847999999996909,-3.792160523411046e-06,1.3673431200622588e-06,0.0,7,0.0005438459488148722,0.0
17.534860248999394,7.590953341736671e-05,-0.00013259458317597568,0.0007356860563068665,0.7847999999997266,-4.208504717282257e-06,1.324871291785712e-06,0.0,7,0.0005208537045805573,0.0
17.545359295998423,7.34167400736678e-05,-0.00012742171118992454,0.0007649032533661253,0.7847999999997542,-4.364201809631571e-06,1.2813638403663674e-06,0.0,7,0.0005463594666900895,0.0
17.555664880999757,7.067970598198096e-05,-0.00012200206859603697,0.0007618813530160104,0.784799999999796,-4.855971344043903e-06,1.2335935837270995e-06,0.0,7,0.0005442009664400073,0.0
17.56680430799861,6.747918072489471e-05,-0.00011623746153107531,0.0007306386101699885,0.7847999999998546,-5.627506414940274e-06,1.1777338801977066e-06,0.0,7,0.0005218847215499918,0.0
17.57695889399838,6.395920177693528e-05,-0.00011019949197213814,0.0007227979257787593,0.7847999999999052,-6.113745471853e-06,1.1162986579549283e-06,0.0,7,0.0005162842326991138,0.0
17.58730303199991,6.038255089143952e-05,-0.00010401611591917109,0.0007470532908702323,0.7847999999999374,-6.229387636916581e-06,1.0538743238086568e-06,0.0,7,0.0005336094934787374,0.0
17.597694591999243,5.669212347365671e-05,-9.766675156979733e-05,0.0007556666743221666,0.784799999999977,-6.4975005072997034e-06,9.894642145624744e-07,0.0,7,0.000539761910230119,0.0
17.608189028998822,5.264937349514496e-05,-9.104615217868375e-05,0.0007302073772989313,0.7848000000000366,-7.109015442206061e-06,9.189049166025143e-07,0.0,7,0.0005215766980706652,0.0
17.618760990999363,4.828261906267733e-05,-8.417360790924112e-05,0.0007121947607982698,0.7848000000000922,-7.605277350603527e-06,8.426906741298978e-07,0.0,7,0.0005087105434273356,0.0
17.62843785899895,4.385042835619315e-05,-7.717651669078568e-05,0.0007280171643388319,0.7848000000001227,-7.705597623674033e-06,7.653343532254553e-07,0.0,7,0.0005087105434273356,0.0
17.63898020799934,3.940715023608939e-05,-7.008773682482236e-05,0.0007437962966361019,0.7848000000001498,-7.785432089587432e-06,6.877845204478206e-07,0.0,7,0.0005312830690257871,0.0
17.649444822998703,3.472782447685713e-05,-6.28099045758445e-05,0.0007245058642306051,0.7848000000001982,-8.219848402417656e-06,6.061148791758342e-07,0.0,7,0.0005175041887361465,0.0
17.659667783998884,2.9771552961958367e-05,-5.533135673106149e-05,0.0007030348593793653,0.784800000000246,-8.642618618299754e-06,5.196116226180436e-07,0.0,7,0.0005021677566995466,0.0
17.670087280999724,2.4786645462929456e-05,-4.777579552082554e-05,0.0007154949901697039,0.7848000000002637,-8.665557506068369e-06,4.3260857385263307e-07,0.0,7,0.000511067850121217,0.0
17.680443012999604,1.9830930952210948e-05,-4.017873756279324e-05,0.0007276371510888059,0.7848000000002772,-8.66854524787482e-06,3.4611503885173533e-07,0.0,7,0.0005197408222062899,0.0
17.690583490999416,1.4733114474434332e-05,-3.24688104627017e-05,0.000712990790463767,0.7848000000003065,-8.935044092764072e-06,2.57141356652113e-07,0.0,7,0.0005092791360455478,0.0
17.700417014999402,9.472122768391034e-06,-2.4644535871126752e-05,0.0006976080571202392,0.7848000000003315,-9.175631768309189e-06,1.6531972946154383e-07,0.0,7,0.0004982914693715994,0.0
17.710515588998533,4.210648279591529e-06,-1.679045342273286e-05,0.0007031564552477167,0.7848000000003347,-9.157895409189955e-06,7.348967612230695e-08,0.0,7,0.0005022546108912262,0.0
17.720609412999693,-9.999835159585346e-07,-8.939549963427992e-06,0.0007099801309262732,0.7848000000003315,-9.100618508900857e-06,-1.745300481914569e-08,0.0,7,0.0005022546108912262,0.0
17.73152541499985,-6.256400159481389e-06,-1.0557732165346787e-06,0.0007004311754503579,0.7848000000003359,-9.19364764023071e-06,-1.0919478210524858e-07,0.0,7,0.0005003079824645413,0.0
17.741333446998397,-1.157318205152555e-05,6.858822701979935e-06,0.0006893242150859396,0.7848000000003361,-9.272290259548686e-06,-2.019901317318329e-07,0.0,7,0.0005003079824645413,0.0
17.75176523599839,-1.6846315436009802e-05,1.4746754782003826e-05,0.0006910215200063907,0.7848000000003206,-9.182427606669045e-06,-2.9402367118791517e-07,0.0,7,0.0004935868000045647,0.0
17.76215442099965,-2.2032305744220823e-05,2.2578590464465357e-05,0.0006944229681267901,0.7848000000002987,-9.04836771268646e-06,-3.84536277042713e-07,0.0,7,0.0004960164058048501,0.0
17.772167996999997,-2.7183098660327145e-05,3.0369499332769845e-05,0.0006879022717356058,0.7848000000002797,-8.995896881106735e-06,-4.7443457251716836e-07,0.0,7,0.0004960164058048501,0.0
17.78298740899845,-3.23141522398583e-05,3.811782564897781e-05,0.0006786490290347679,0.7848000000002578,-8.944800726994714e-06,-5.639883515762278e-07,0.0,7,0.0004847493064534056,0.0
17.793455515999085,-3.734534299250081e-05,4.577737933926568e-05,0.0006793767256694273,0.7848000000002238,-8.758439892754602e-06,-6.517991955057312e-07,0.0,7,0.00048526908976387665,0.0
17.803509250999923,-4.223882872954348e-05,5.3321661117125664e-05,0.0006816426531610943,0.7848000000001847,-8.531873945976978e-06,-7.372066335165073e-07,0.0,7,0.00048526908976387665,0.0
17.814002011999037,-4.7032852109698556e-05,6.0759838252188195e-05,0.0006762189028689635,0.7848000000001478,-8.3653938822427e-06,-8.208781259178011e-07,0.0,7,0.00048688760940078166,0.0
17.82447144499929,-5.173298493043476e-05,6.808610966861157e-05,0.0006694532814739192,0.7848000000001084,-8.188910084100729e-06,-9.029109189206963e-07,0.0,7,0.0004781809153385138,0.0
17.834937037998316,-5.628524081281107e-05,7.526704875275923e-05,0.0006688126091091338,0.784800000000062,-7.922822972463685e-06,-9.823627724614425e-07,0.0,7,0.0004777232922208098,0.0
17.84480115199949,-6.0660071131614805e-05,8.228074881744724e-05,0.0006695916893085935,0.7848000000000125,-7.620876250751913e-06,-1.058717965740641e-06,0.0,7,0.0004777232922208098,0.0
17.855251728999065,-6.487640687908773e-05,8.912816869724961e-05,0.000665787175404997,0.7847999999999646,-7.348983380059448e-06,-1.1323069069035796e-06,0.0,7,0.00047827977807756675,0.0
17.865658583999902,-6.894089778084678e-05,9.580486211097666e-05,0.0006602348374183215,0.7847999999999165,-7.0760916182243364e-06,-1.2032456555566284e-06,0.0,7,0.00047159631244165823,0.0
17.875822738998977,-7.281112915554852e-05,0.00010228376384492543,0.0006596963845203979,0.7847999999998645,-6.730181215543167e-06,-1.2707939358591602e-06,0.0,7,0.00047159631244165823,0.0
17.886382827999114,-7.646327684207374e-05,0.00010854670501482616,0.0006602898038951998,0.7847999999998123,-6.355947124840757e-06,-1.334535937758119e-06,0.0,7,0.0004716355742108569,0.0
17.89690143000007,-7.991319857717545e-05,0.00011459435874145375,0.0006571831249233117,0.7847999999997629,-6.006809411784388e-06,-1.3947484309717595e-06,0.0,7,0.0004694165178023655,0.0
17.907205548999627,-8.31630483342617e-05,0.00012042139588790966,0.0006532813562009994,0.7847999999997146,-5.651459620497111e-06,-1.4514690094280525e-06,0.0,7,0.0004694165178023655,0.0
17.917481310998483,-8.618916759550107e-05,0.00012601078526409384,0.0006518076733310123,0.7847999999996667,-5.256320533728504e-06,-1.504284754094698e-06,0.0,7,0.00046662954014357096,0.0
17.927829149999525,-8.896702306330257e-05,0.00013134541405254257,0.0006526001059278774,0.7847999999996202,-4.825324895453286e-06,-1.5527674781523615e-06,0.0,7,0.00046557690952215165,0.0
17.938035000999662,-9.150338247458405e-05,0.0001364231414234233,0.000651181557594347,0.7847999999995774,-4.4086419407506945e-06,-1.5970353008931681e-06,0.0,7,0.0004661429328056267,0.0
17.948673521999808,-9.380751892735258e-05,0.00014124343317816875,0.0006481379562182343,0.7847999999995383,-4.000476813513123e-06,-1.6372500684092017e-06,0.0,7,0.0004629556830130245,0.0
17.95882922599958,-9.586386337744246e-05,0.00014579458204688867,0.0006470251772956214,0.7847999999995017,-3.5634429665320907e-06,-1.6731400496183824e-06,0.0,7,0.0004629556830130245,0.0
17.969484298999305,-9.765685555901891e-05,0.00015006526696873345,0.0006473188520406462,0.7847999999994687,-3.1052427079806163e-06,-1.7044336666494075e-06,0.0,7,0.0004623706086004615,0.0
17.97916528799942,-9.918804753187762e-05,0.0001540525683311072,0.0006468371715882146,0.7847999999994403,-2.6511398411382806e-06,-1.7311580080558997e-06,0.0,7,0.0004623706086004615,0.0
17.989471082999444,-0.00010046466419314412,0.0001577566681207748,0.0006452121546256722,0.7847999999994163,-2.2061452484436265e-06,-1.7534391720808173e-06,0.0,7,0.000462026551134439,0.0
18.00007635899965,-0.00010148120819577366,0.00016117226541933815,0.000644462890628246,0.7847999999993969,-1.749531508359647e-06,-1.7711812119181047e-06,0.0,7,0.0004603306361630329,0.0
18.010256018998916,-0.00010222824548024783,0.00016429265134000815,0.0006449091748546665,0.7847999999993822,-1.279547032863516e-06,-1.7842194721673366e-06,0.0,7,0.0004603306361630329,0.0
18.020890977999443,-0.00010270777414735084,0.00016711688995147705,0.0006449780640057404,0.7847999999993723,-8.1483467189609e-07,-1.792588826265984e-06,0.0,7,0.0004606986171469574,0.0
18.031495205999818,-0.00010292664755453256,0.00016964677563864662,0.0006443642529784364,0.7847999999993677,-3.598397778963122e-07,-1.796408887866363e-06,0.0,7,0.0004602601806988831,0.0
18.041621925998697,-0.00010288430773072411,0.00017188110672866118,0.0006442884853748183,0.7847999999993676,9.748634789327946e-08,-1.7956699185361913e-06,0.0,7,0.0004602601806988831,0.0
18.05217963999894,-0.00010257750122293072,0.000173817867012459,0.0006450307267241989,0.7847999999993724,5.586627559367983e-07,-1.790315134808651e-06,0.0,7,0.000460206060982013,0.0
18.062995419999424,-0.00010201003861554961,0.00017545878045384887,0.0006456405693552457,0.7847999999993823,1.011945755768006e-06,-1.7804110439278986e-06,0.0,7,0.0004611718352537469,0.0
18.073781655999483,-0.00010118941428774335,0.00017680774568627563,0.0006458625299216221,0.7847999999993966,1.4534272127475715e-06,-1.7660884474857141e-06,0.0,7,0.00046133037851544433,0.0
18.084116085999995,-0.00010011876780320467,0.00017786707974406615,0.0006464663595354184,0.7847999999994154,1.8903210106585024e-06,-1.7474021412056118e-06,0.0,7,0.00046176168538244176,0.0
18.094219687998702,-9.879948774121864e-05,0.00017863871563848262,0.0006476648763378451,0.7847999999994384,2.3236116686580146e-06,-1.7243763603680407e-06,0.0,7,0.00046176168538244176,0.0
18.104781242998797,-9.723752939781526e-05,0.00017912714468670991,0.0006488653820212214,0.7847999999994653,2.745607247785032e-06,-1.6971150444966554e-06,0.0,7,0.0004626177688127465,0.0
18.115651638998315,-9.544245924536544e-05,0.0001793389720715859,0.0006497353883519483,0.7847999999994956,3.1516736066426863e-06,-1.6657851600321294e-06,0.0,7,0.0004640967059656773,0.0
18.12617031099944,-9.357030443176697e-05,0.00017934944329654328,0.000617357474566719,0.7847999999995173,3.1849163661615843e-06,-1.6331098944277755e-06,0.0,7,0.00044096962469051355,0.0
18.13671363799949,-9.202387612620668e-05,0.00017934944329690166,0.0005331975873486274,0.7847999999995223,2.6598790691498002e-06,-1.6061196288497115e-06,0.0,7,0.00038085541953473387,0.0
18.14643583399993,-9.081872428952217e-05,0.0001793494432972131,0.00044209868166147123,0.7847999999995244,2.0734424270887485e-06,-1.5850857613131097e-06,0.0,7,0.00038085541953473387,0.0
18.157445284999994,-8.988068861520556e-05,0.0001793494432974983,0.0003403286784505722,0.7847999999995255,1.4305550560457719e-06,-1.5687139502951197e-06,0.0,7,0.0003157847726153366,0.0
18.16726120799831,-8.941145881316106e-05,0.0001793494432976808,0.0002560850857836049,0.7847999999995257,9.103366041453458e-07,-1.560524345300962e-06,0.0,7,0.00024309191317898013,0.0
18.17779692199838,-8.920210658725159e-05,0.00017934944329783863,0.0001611853608470451,0.7847999999995251,3.370507675081968e-07,-1.5568704596624627e-06,0.0,7,0.00011513240060503223,0.0
18.187882016000003,-8.93195339383131e-05,0.00017934944329793808,6.458132497870742e-05,0.7847999999995237,-2.3331393288758863e-07,-1.5589199535703813e-06,0.0,7,4.612951784193387e-05,0.0
18.198591356998804,-8.976319778027262e-05,0.00017934944329798237,-3.4072733953830114e-05,0.7847999999995211,-8.028349038775334e-07,-1.5666633483846226e-06,0.0,7,-2.433766710987865e-05,0.0
18.208449813999323,-9.053370839796242e-05,0.00017934944329797605,-0.00013512074351918797,0.7847999999995179,-1.3735304418243512e-06,-1.580111295584885e-06,0.0,7,-2.433766710987865e-05,0.0
18.21885736799959,-9.163292834964842e-05,0.00017934944329791222,-0.00023894099984029252,0.7847999999995136,-1.947580489483807e-06,-1.5992963029454188e-06,0.0,7,-0.00017067214274306606,0.0
18.228728884998418,-9.306399025269193e-05,0.00017934944329778347,-0.00034592663629546004,0.7847999999995081,-2.5271997627550256e-06,-1.6242730449533838e-06,0.0,7,-0.00017067214274306606,0.0
18.239451425999505,-9.483119930590976e-05,0.0001793494432975938,-0.00045645179807181737,0.7847999999995015,-3.114442850375054e-06,-1.6551166615030866e-06,0.0,7,-0.0003260369986227267,0.0
18.250170404999153,-9.694008634122635e-05,0.00017934944329734114,-0.0005709130876301935,0.7847999999994936,-3.7114499602510814e-06,-1.691923683821983e-06,0.0,7,-0.0004077950625929953,0.0
18.26047382499928,-9.939737108190609e-05,0.00017934944329702998,-0.0006897054230050206,0.7847999999994842,-4.3203012042093015e-06,-1.7348113932058595e-06,0.0,7,-0.0004926467307178719,0.0
18.270611439998902,-0.00010221109318140614,0.0001793494432966514,-0.0008132691088885713,0.7847999999994735,-4.943296428509736e-06,-1.783920108078263e-06,0.0,7,-0.0005809065063489794,0.0
18.280650926999442,-0.00010478562530464128,0.00017906755139753618,-0.0008216256826846868,0.7847999999994173,-4.283801445277903e-06,-1.8288541703270766e-06,0.0,7,-0.000586875487631919,0.0
18.29057440699944,-0.00010634858173154815,0.00017813827380573613,-0.0007359273549344856,0.7847999999993516,-2.6135204747122814e-06,-1.8561329060418075e-06,0.0,7,-0.000586875487631919,0.0
18.301302045998455,-0.00010732830727696295,0.00017675636090467485,-0.0007275128520488099,0.7847999999993248,-1.8066379844316634e-06,-1.8732323425751929e-06,0.0,7,-0.0005196520371777213,0.0
18.311454187998606,-0.00010835511503132732,0.00017521307981936202,-0.0007950843822193924,0.7847999999993117,-1.8217778151979043e-06,-1.8911535186738604e-06,0.0,7,-0.0005679174158709946,0.0
18.321309362998363,-0.00010911698031617085,0.00017336137385306328,-0.0008042897116823937,0.7847999999992943,-1.1921171202851238e-06,-1.9044505763510244e-06,0.0,7,-0.0005744926512017098,0.0
18.331631849998303,-0.00010906732325737335,0.00017069450362789673,-0.0007450508494921026,0.7847999999992894,2.3723072656396512e-07,-1.9035838971781516e-06,0.0,7,-0.0005321791782086447,0.0
18.34155071999885,-0.00010854698005870936,0.00016811891853698603,-0.0007387816297103298,0.7847999999992994,9.258444211159211e-07,-1.894502195121106e-06,0.0,7,-0.000527701164078807,0.0
18.351477342999715,-0.00010791080642732278,0.0001650507580233882,-0.0007859533983699113,0.7847999999993089,1.0962797602914275e-06,-1.8833988706390414e-06,0.0,7,-0.000527701164078807,0.0
18.36180862999936,-0.00010699162398704707,0.00016166283424840937,-0.0007921921432758784,0.7847999999993277,1.7094270731250495e-06,-1.8673561106297143e-06,0.0,7,-0.0005613952845499367,0.0
18.372064067998508,-0.00010543541730784077,0.00015779086161907786,-0.0007537174153675571,0.7847999999993668,2.7884454605874652e-06,-1.8401951802360372e-06,0.0,7,-0.0005658515309113417,0.0
18.38265502699869,-0.0001034095130814963,0.00015351407822755662,-0.0007454087861470585,0.7847999999994103,3.5121367245651696e-06,-1.8048364811562578e-06,0.0,7,-0.0005324348472478989,0.0
18.393118942998626,-0.00010121291744183968,0.00014897447984914633,-0.0007728287809292905,0.7847999999994466,3.830777758808706e-06,-1.7664986549092987e-06,0.0,7,-0.0005324348472478989,0.0
18.403287427998293,-9.877251055629929e-05,0.00014414140967286697,-0.0007822163108124552,0.7847999999994921,4.332572123911942e-06,-1.7239055196682784e-06,0.0,7,-0.000552020557806636,0.0
18.414217119998284,-9.581648100046426e-05,0.000138891677319924,-0.0007533342671032788,0.7847999999995606,5.226170540326702e-06,-1.6723130711326917e-06,0.0,7,-0.0005380959050737705,0.0
18.424064890999944,-9.239646513047704e-05,0.0001332532247280756,-0.0007363700094734682,0.7847999999996319,5.95766000935453e-06,-1.6126225337309563e-06,0.0,7,-0.0005259785781953345,0.0
18.434431936999317,-8.881721415425141e-05,0.000127373075866625,-0.0007594412933585411,0.7847999999996839,6.22879974315654e-06,-1.5501528194405978e-06,0.0,7,-0.0005424580666846722,0.0
18.445055371999842,-8.505538946686804e-05,0.00012124620661446853,-0.0007696012815192996,0.7847999999997431,6.621161624305112e-06,-1.4844965927629517e-06,0.0,7,-0.000549715201085214,0.0
18.455029416998514,-8.088530427690659e-05,0.00011477333931370491,-0.0007474916312742095,0.7847999999998244,7.336135359671964e-06,-1.4117148761094711e-06,0.0,7,-0.0005339225937672925,0.0
18.46541958099988,-7.634566677450689e-05,0.00010797870568678527,-0.0007341177417648958,0.7847999999999027,7.9209133401087e-06,-1.3324832548455845e-06,0.0,7,-0.0005243698155463541,0.0
18.47570211799939,-7.164242433818083e-05,0.00010096536064270052,-0.000746089021318362,0.7847999999999624,8.19986742115195e-06,-1.250396188812175e-06,0.0,7,-0.0005329207295131157,0.0
18.486111137999615,-6.678117136005761e-05,9.374365557034494e-05,-0.0007518533611255213,0.7848000000000239,8.519929209665214e-06,-1.165551318571545e-06,0.0,7,-0.0005370381150896581,0.0
18.496454647000064,-6.163050235836167e-05,8.626024477457857e-05,-0.0007373178294499104,0.7848000000000992,9.028987963152137e-06,-1.0756551858115415e-06,0.0,7,-0.0005266555924642217,0.0
18.50656292899839,-5.6212255148758156e-05,7.85334514973829e-05,-0.0007267463037899032,0.7848000000001691,9.45859455893646e-06,-9.810889323169647e-07,0.0,7,-0.0005191045027070737,0.0
18.51693165100005,-5.0650131426139765e-05,7.062967913103635e-05,-0.0007302193025803056,0.7848000000002233,9.701660718550603e-06,-8.840115599539899e-07,0.0,7,-0.0005215852161287896,0.0
18.526879994999035,-4.498828807792669e-05,6.257875263498309e-05,-0.0007350923884649381,0.7848000000002712,9.898516168596442e-06,-7.851937517955321e-07,0.0,7,-0.0005215852161287896,0.0
18.537649957999747,-3.915169426707254e-05,5.4355141296655986e-05,-0.0007259811749186747,0.7848000000003258,1.0214242821923273e-05,-6.833259726946039e-07,0.0,7,-0.0005185579820847677,0.0
18.548306916998627,-3.312435307575141e-05,4.596095604051895e-05,-0.0007140962414476198,0.7848000000003776,1.0523078821304465e-05,-5.781290237649728e-07,0.0,7,-0.000510068743891157,0.0
18.558906675998514,-2.7005266138421973e-05,3.745226942143895e-05,-0.0007140310718369093,0.7848000000004118,1.066735874813427e-05,-4.7133080949279815e-07,0.0,7,-0.0005100221941692209,0.0
18.569464389998757,-2.086286069727879e-05,2.8871292098295298e-05,-0.0007190157035298699,0.7848000000004342,1.0724039224320743e-05,-3.6412561055243486e-07,0.0,7,-0.0005135826453784785,0.0
18.579428517999986,-1.4652026131052669e-05,2.0207445753378475e-05,-0.0007137645105693214,0.7848000000004589,1.0858917512655426e-05,-2.5572609807511526e-07,0.0,7,-0.000509831793263801,0.0
18.589768185998764,-8.338192711021972e-06,1.1455057056853103e-05,-0.0007023925838067607,0.7848000000004821,1.102412616413773e-05,-1.455289164731255e-07,0.0,7,-0.0005017089884334005,0.0
18.600399302998994,-1.9934566145951758e-06,2.6583209888057608e-06,-0.0006996114330469412,0.7848000000004892,1.1059862469789042e-05,-3.4792381420345464e-08,0.0,7,-0.0004997224521763866,0.0
18.610936134999065,4.316189490697406e-06,-6.141172819658461e-06,-0.000701947411439585,0.7848000000004837,1.1006931585358806e-05,7.533171775264691e-08,0.0,7,-0.0005013910081711321,0.0
18.621250169999257,1.0608423585775224e-05,-1.49407923807164e-05,-0.0006981447288792358,0.7848000000004764,1.0988308854020638e-05,1.8515192001800074e-07,0.0,7,-0.0004986748063423112,0.0
18.63187695799934,1.690620411021764e-05,-2.3740459996498692e-05,-0.0006893612446799629,0.7848000000004661,1.098974749744763e-05,2.950689257374961e-07,0.0,7,-0.0004924008890571164,0.0
18.6421991649986,2.31712930107556e-05,-3.251158625598028e-05,-0.0006841318028618591,0.7848000000004449,1.0918460260657518e-05,4.0441535498203507e-07,0.0,7,-0.0004886655734727565,0.0
18.652533105998373,2.933879771011202e-05,-4.1213104964262894e-05,-0.0006850903257180183,0.7848000000004108,1.0748205139100012e-05,5.120586186180276e-07,0.0,7,-0.0004893502326557273,0.0
18.662640409998858,3.539846878177035e-05,-4.982946022455596e-05,-0.0006839255099565472,0.7848000000003722,1.0571171626754633e-05,6.178198304063187e-07,0.0,7,-0.0004885182213975337,0.0
18.673273133999828,4.137644720465754e-05,-5.83622509870372e-05,-0.0006768547569609722,0.7848000000003329,1.0427941155672891e-05,7.221552364988781e-07,0.0,7,-0.0004834676835435515,0.0
18.6838766639994,4.725754852727997e-05,-6.679400183650275e-05,-0.0006705169343181995,0.7848000000002866,1.0246022857178101e-05,8.247998182220329e-07,0.0,7,-0.0004789406673701425,0.0
18.69411946099899,5.298383586733786e-05,-7.508741330381807e-05,-0.0006700930599628066,0.78480000000023,9.971132456136359e-06,9.247423862213111e-07,0.0,7,-0.00047863789997343325,0.0
18.70421028199962,5.8528078765981435e-05,-8.321963856516502e-05,-0.000670388845416006,0.7848000000001689,9.662244560581012e-06,1.0215076793329558e-06,0.0,7,-0.0004788491752971472,0.0
18.71455092799988,6.391130880643074e-05,-9.119060695888742e-05,-0.0006653844278969621,0.7848000000001084,9.385291577845458e-06,1.1154627679310636e-06,0.0,7,-0.00047527459135497294,0.0
18.724555912998767,6.913666865659984e-05,-9.899223586422045e-05,-0.000658756293666448,0.7848000000000458,9.100042284719652e-06,1.2066625019180321e-06,0.0,7,-0.0004705402097617485,0.0
18.73486792299991,7.415139245632342e-05,-0.00010659063254162324,-0.0006581736837019689,0.7847999999999761,8.724910744695374e-06,1.2941859433013292e-06,0.0,7,-0.0004701240597871206,0.0
18.745038643999578,7.892881270493032e-05,-0.00011396430601554786,-0.0006584860385581617,0.7847999999999047,8.318717150843055e-06,1.3775676563909656e-06,0.0,7,-0.0004703471703986869,0.0
18.7553317969996,8.348766286949436e-05,-0.00012111330488421942,-0.0006542944256304681,0.7847999999998359,7.941011947591632e-06,1.4571346018676934e-06,0.0,7,-0.00046735316116462,0.0
18.76531331499973,8.782686311353452e-05,-0.00012802886068465023,-0.0006494882816075277,0.7847999999997672,7.549789934703739e-06,1.5328679330295358e-06,0.0,7,-0.00046392020114823407,0.0
18.775399316999028,9.191074341452046e-05,-0.00013468643322022436,-0.0006484457606972138,0.784799999999697,7.099337054116383e-06,1.6041450905390775e-06,0.0,7,-0.0004631755433551527,0.0
18.785363584998777,9.5719402736477e-05,-0.00014106918835200027,-0.0006482796111638534,0.7847999999996281,6.623506394727683e-06,1.6706187357939939e-06,0.0,7,-0.0004630568651170381,0.0
18.795832599998903,9.926207939486523e-05,-0.00014717431939548285,-0.0006454676706135235,0.7847999999995632,6.161887848386841e-06,1.732450107816419e-06,0.0,7,-0.0004610483361525168,0.0
18.80620285799887,0.0001025381775827378,-0.00015299491444191934,-0.0006421595455794335,0.7847999999995013,5.691968198909658e-06,1.7896288078134148e-06,0.0,7,-0.00045868538969959536,0.0
18.816476035999585,0.00010552911945120031,-0.00015851612207349073,-0.0006406278292465775,0.7847999999994424,5.190766849962236e-06,1.8418305911538368e-06,0.0,7,-0.0004575913066046982,0.0
18.826511123999808,0.00010821651536386224,-0.00016372362264319094,-0.0006407006044877595,0.7847999999993872,4.66236397077291e-06,1.8887344981344256e-06,0.0,7,-0.00045764328891982815,0.0
18.83650528399994,0.00011060120229004914,-0.00016861254470581637,-0.0006397384803067723,0.7847999999993376,4.137257081901292e-06,1.93035513662565e-06,0.0,7,-0.0004569560573619802,0.0
18.84686590399906,0.00011268973118007175,-0.00017318120732593353,-0.0006375013659507807,0.7847999999992936,3.6192307918570936e-06,1.966806842279567e-06,0.0,7,-0.0004553581185362719,0.0
18.85736543999883,0.00011447353219472972,-0.00017742139710983984,-0.0006363464645593223,0.7847999999992551,3.084139516567038e-06,1.997940043185764e-06,0.0,7,-0.00045453318897094444,0.0
18.86752470600004,0.00011594021244265112,-0.00018132361463272332,-0.0006365431947694097,0.7847999999992225,2.531108785176786e-06,2.0235384425859593e-06,0.0,7,-0.0004546737105495783,0.0
18.877949510999315,0.00011709088219186416,-0.00018488517472457555,-0.0006362553541870728,0.7847999999991966,1.981933334819167e-06,2.0436214183128243e-06,0.0,7,-0.0004544681101336234,0.0
18.888332619999346,0.00011793177235254533,-0.00018810632790201514,-0.0006352086008534265,0.7847999999991773,1.4409524559811687e-06,2.058297720264335e-06,0.0,7,-0.0004537204291810189,0.0
18.899080093999146,0.00011846036311116492,-0.00019098378637169734,-0.0006348334924876617,0.7847999999991647,8.941205822997838e-07,2.067523369397861e-06,0.0,7,-0.00045345249463404403,0.0
18.909470117998353,0.00011867146441314926,-0.00019351354224503303,-0.0006353930538275762,0.784799999999159,3.40424207934723e-07,2.071207782172735e-06,0.0,7,-0.0004538521813054116,0.0
18.919483484998636,0.00011856766894489694,-0.00019569574969585644,-0.0006358701590927983,0.7847999999991602,-2.0735164405803552e-07,2.0693962095030827e-06,0.0,7,-0.0004541929707805702,0.0
18.929544622998947,0.00011815726334901949,-0.00019753376531925841,-0.0006357347328064245,0.784799999999168,-7.420512565539414e-07,2.062233280586412e-06,0.0,7,-0.0004540962377188746,0.0
18.939990798999133,0.00011744281766636614,-0.00019902882274195702,-0.0006360420101618787,0.7847999999991823,-1.2737475065888462e-06,2.0497638510974525e-06,0.0,7,-0.000454315721544199,0.0
18.94999843899859,0.00011642389147916906,-0.00020018127445568996,-0.0006371518154542078,0.784799999999203,-1.8046982326554468e-06,2.0319802342960713e-06,0.0,7,-0.000454315721544199,0.0
18.960766096999578,0.00011510620164363489,-0.00020099486452548727,-0.0006382416192233324,0.78479999999923,-2.3243879900562663e-06,2.0089822081459374e-06,0.0,7,-0.00045588687087380885,0.0
18.971095498000068,0.00011349829588774783,-0.00020147518308887786,-0.0006391823858183903,0.7847999999992624,-2.8300958687143805e-06,1.98091895864394e-06,0.0,7,-0.00045655884701313593,0.0
18.981192395998733,0.00011160879728047141,-0.00020162837013826677,-0.0006400504932086599,0.7847999999992998,-3.3213864694260983e-06,1.9479409867351194e-06,0.0,7,-0.0004571789237204713,0.0
18.991490088999853,0.00010980539364220073,-0.00020162837013863548,-0.0005721826416297506,0.784799999999317,-3.0571567564059333e-06,1.916465655504851e-06,0.0,7,-0.0004087018868783933,0.0
19.00217421599882,0.00010840948737694006,-0.00020162837013896844,-0.0004666529051935732,0.7847999999993207,-2.395881829302604e-06,1.892102495126835e-06,0.0,7,-0.00033332350370969516,0.0
19.01222892899932,0.0001074145429028189,-0.0002016283701392434,-0.0003563122445877792,0.7847999999993222,-1.7016974136206807e-06,1.8747374381788973e-06,0.0,7,-0.000254508746134128,0.0
19.02283657999942,0.00010681565641518492,-0.00020162837013945552,-0.00024429908615812964,0.7847999999993224,-1.011217680871816e-06,1.86428489712398e-06,0.0,7,-0.00017449934725580687,0.0
19.032518267998967,0.00010660941851208623,-0.0002016283701396038,-0.0001305803401656629,0.7847999999993214,-3.2605645410963936e-07,1.8606853666724987e-06,0.0,7,-0.00017449934725580687,0.0
19.04297785399831,0.00010679388498405711,-0.00020162837013968697,-1.4780365151808454e-05,0.7847999999993192,3.5589124048819325e-07,1.8639049139679287e-06,0.0,7,-9.327167154690208e-05,0.0
19.05333169899859,0.00010736856388834392,-0.00020162837013970418,0.00010351907681269662,0.7847999999993155,1.037111538931691e-06,1.8739349529894866e-06,0.0,7,7.394219772335473e-05,0.0
19.063431599999603,0.00010833440913690668,-0.00020162837013965398,0.00022474794813077216,0.7847999999993106,1.7201231328697903e-06,1.89079213264165e-06,0.0,7,0.00016053424866483725,0.0
19.07400223500008,0.00010969381975853054,-0.00020162837013953472,0.00034934589178272697,0.7847999999993042,2.4074483422525537e-06,1.914518323875569e-06,0.0,7,0.00024953277984480495,0.0
19.084219888998632,0.00011145064442793559,-0.0002016283701393445,0.0004777641615959655,0.7847999999992964,3.1016183579494613e-06,1.945180698736948e-06,0.0,7,0.00034126011542568965,0.0
19.094459891999577,0.00011361019123644078,-0.00020162837013908117,0.0006104665884060329,0.7847999999992866,3.8051821491867944e-06,1.982871900896299e-06,0.0,7,0.00034126011542568965,0.0
19.10488078599883,0.0001161791745385342,-0.00020162837013874992,0.0007479120502132742,0.7847999999992752,4.520600682044147e-06,2.0277091179465856e-06,0.0,7,0.0005342228930094816,0.0
19.1149090279996,0.00011892433143609983,-0.000201515804654779,0.0008425386689280259,0.7847999999992445,4.7320024148870835e-06,2.0756211442929384e-06,0.0,7,0.0005342228930094816,0.0
19.125141767999594,0.00012103945986470115,-0.0002009102231932757,0.0008029055371294181,0.7847999999991727,3.468783422106344e-06,2.112537099474565e-06,0.0,7,0.00060181333494859,0.0
19.135546178998993,0.0001221185394500333,-0.0001996169342444835,0.0007285285585155655,0.7847999999991224,1.8512387894075e-06,2.1313705911296665e-06,0.0,7,0.0005203775417968325,0.0
19.145703559999674,0.00012284856002907297,-0.00019795225023918413,0.0007577330547441595,0.7847999999991058,1.3772753510298966e-06,2.144111853841224e-06,0.0,7,0.0005412378962458282,0.0
19.15580667299946,0.00012357389656706658,-0.0001960750373366021,0.0008172957147577389,0.7847999999990936,1.2248702377490434e-06,2.1567713646142295e-06,0.0,7,0.0005412378962458282,0.0
19.166531308999765,0.00012377260261134631,-0.00019374061301338801,0.0007962581473786026,0.7847999999990847,1.9548727279094202e-07,2.1602394393305246e-06,0.0,7,0.0005687558195561447,0.0
19.176755038999545,0.0001231636287273735,-0.00019081620389883804,0.0007481867944525835,0.7847999999990984,-1.103964562247796e-06,2.149610839996541e-06,0.0,7,0.0005344191388947026,0.0
19.18626009699983,0.00012210259352286008,-0.00018746694472728445,0.0007536243308940961,0.7847999999991221,-1.7980167558741044e-06,2.1310922821982103e-06,0.0,7,0.0005383030934957829,0.0
19.196507013999508,0.00012092827245659142,-0.00018385180493585062,0.000797967203811345,0.7847999999991432,-2.061349536868595e-06,2.110596513116292e-06,0.0,7,0.0005699765741509606,0.0
19.20692204199986,0.00011936124848191352,-0.0001798422828553428,0.0007935396618662422,0.7847999999991812,-2.846652891421332e-06,2.0832467853004744e-06,0.0,7,0.000566814044190173,0.0
19.217093739998745,0.00011712330924450798,-0.00017531030842486028,0.0007562551381180065,0.7847999999992431,-3.96292222779763e-06,2.0441873771481767e-06,0.0,7,0.0005401822415128617,0.0
19.22743829599858,0.00011444438406496254,-0.00017036544211219666,0.0007556602771080483,0.7847999999993038,-4.650522077927531e-06,1.9974313123505283e-06,0.0,7,0.0005397573407914631,0.0
19.23726099399937,0.00011156944285250917,-0.00016512566450281715,0.0007815954824721029,0.7847999999993575,-5.030611910458197e-06,1.9472541223919393e-06,0.0,7,0.0005397573407914631,0.0
19.24813495199851,0.00010834935868535375,-0.0001595259515484311,0.0007795102791711253,0.7847999999994284,-5.696273179336971e-06,1.8910530514837376e-06,0.0,7,0.0005567930565508038,0.0
19.258215087998906,0.00010460989418793637,-0.0001534897143967633,0.000755199825403083,0.784799999999519,-6.573171890023931e-06,1.8257870837423695e-06,0.0,7,0.0005394284467164879,0.0
19.268398099999104,0.00010048667541265048,-0.00014708544087944976,0.0007517331067532913,0.7847999999996034,-7.189814826330605e-06,1.7538233403335823e-06,0.0,7,0.0005369522191094938,0.0
19.279119313998308,9.614761877701528e-05,-0.00014039772634678895,0.000766076357839286,0.7847999999996779,-7.585302440069888e-06,1.6780925156112403e-06,0.0,7,0.0005471973984566328,0.0
19.288756790998377,9.152036073347357e-05,-0.00013339980077718388,0.0007643807184918491,0.7847999999997638,-8.12791160297032e-06,1.5973316274120464e-06,0.0,7,0.0005471973984566328,0.0
19.29934837899964,8.650035474486834e-05,-0.00012605014358461366,0.0007478713616098982,0.7847999999998625,-8.797226703189731e-06,1.509715994441052e-06,0.0,7,0.0005341938297213558,0.0
19.309398691999377,8.117163208366134e-05,-0.00011839565498281094,0.0007431429989007787,0.7847999999999524,-9.301526891321122e-06,1.4167122390773557e-06,0.0,7,0.0005308164277862705,0.0
19.31948518199897,7.565120952947137e-05,-0.00011049939120653386,0.0007501736230171266,0.7848000000000301,-9.644579485896408e-06,1.3203626894053855e-06,0.0,7,0.0005358383021550904,0.0
19.33028364099846,6.991055366469562e-05,-0.00010235709009995717,0.0007481354031955078,0.7848000000001123,-1.0053222423863145e-05,1.2201693433411265e-06,0.0,7,0.0005343824308539341,0.0
19.340486559000055,6.38912665538277e-05,-9.395082752129158e-05,0.0007363456165477108,0.7848000000001998,-1.0530567735598946e-05,1.1151129646336244e-06,0.0,7,0.0005259611546769362,0.0
19.350718878999032,5.763592722383256e-05,-8.531013694381789e-05,0.0007290935626594341,0.7848000000002786,-1.091913698159729e-05,1.005936697495713e-06,0.0,7,0.0005207811161853101,0.0
19.360769471999447,5.1243067503075724e-05,-7.649117648299328e-05,0.0007322100367661691,0.7848000000003412,-1.1157597602702636e-05,8.943602467503808e-07,0.0,7,0.0005230071691186922,0.0
19.371436628000083,4.4727386312295366e-05,-6.751145904919007e-05,0.0007325302983573463,0.7848000000003996,-1.1390582473972261e-05,7.806401569609989e-07,0.0,7,0.0005232359273981045,0.0
19.38149546099885,3.804133491878124e-05,-5.835967412741853e-05,0.0007233147924236518,0.7848000000004602,-1.1688977440323962e-05,6.639465461866223e-07,0.0,7,0.0005166534231597513,0.0
19.391671069999575,3.12067732494146e-05,-4.905706398352544e-05,0.0007157003884154784,0.7848000000005112,-1.1929599816668226e-05,5.446609421255744e-07,0.0,7,0.0005166534231597513,0.0
19.402451369998744,2.430044175299424e-05,-3.9650798680318673e-05,0.0007155767693173561,0.7848000000005456,-1.2049858785026186e-05,4.2412271827885206e-07,0.0,7,0.0005111262637981115,0.0
19.41244546099915,1.7346320208818827e-05,-3.0163737284146284e-05,0.0007143897244912122,0.7848000000005722,-1.2144310993709344e-05,3.0275040074911885e-07,0.0,7,0.0005102783746365801,0.0
19.42229393099842,1.0323517410629769e-05,-2.0597921723840163e-05,0.0007072470253954762,0.7848000000005956,-1.2265114078063836e-05,1.8017936920244892e-07,0.0,7,0.0005102783746365801,0.0
19.433093715999348,3.2509714496668703e-06,-1.0974036450468326e-05,0.0007007070967602012,0.7848000000006087,-1.2339953927166217e-05,5.674015568502e-08,0.0,7,0.0005005050691144294,0.0
19.443290975999844,-3.815938008622851e-06,-1.3299067700324619e-06,0.0006988533158416971,0.784800000000607,-1.2325645085153272e-05,-6.660068230246452e-08,0.0,7,0.0004991809398869265,0.0
19.453451359999235,-1.0852012218275722e-05,8.310602071358652e-06,0.0006967079635966082,0.784800000000596,-1.2277772022701875e-05,-1.8940334367556488e-07,0.0,7,0.0004976485454261487,0.0
19.463194158999613,-1.7861991579766742e-05,1.7937600245154363e-05,0.0006909197056438829,0.7848000000005796,-1.223269481255771e-05,-3.11750564030433e-07,0.0,7,0.0004935140754599163,0.0
19.47361183999965,-2.4828434491000392e-05,2.7530911781742853e-05,0.0006852955738212278,0.7848000000005537,-1.2148878034650576e-05,-4.3333792998367926e-07,0.0,7,0.0004894968384437341,0.0
19.48397560400008,-3.171021047683586e-05,3.705933781234465e-05,0.0006826150133595215,0.7848000000005158,-1.1997346060845963e-05,-5.534475793211868e-07,0.0,7,0.00048758215239965824,0.0
19.49467614399873,-3.848340632062284e-05,4.649976079994318e-05,0.0006800103146828012,0.7848000000004697,-1.1810796078369012e-05,-6.716621476776652e-07,0.0,7,0.00048572165334485797,0.0
19.504644741999073,-4.514689396867136e-05,5.583983192711672e-05,0.0006747739376306137,0.7848000000004184,-1.1619206814660846e-05,-7.879619468020849e-07,0.0,7,0.00048572165334485797,0.0
19.515763006998895,-5.1685449098054295e-05,6.506081756116679e-05,0.0006695086686556082,0.7848000000003599,-1.1394692215848755e-05,-9.02081262132981e-07,0.0,7,0.0004782204776111487,0.0
19.525640600999395,-5.806268613777128e-05,7.41342875042663e-05,0.0006669131440995249,0.7848000000002925,-1.1109410391138117e-05,-1.0133850456561788e-06,0.0,7,0.0004782204776111487,0.0
19.53668685899902,-6.425013248242504e-05,8.303569473536865e-05,0.0006655391378071622,0.7848000000002183,-1.0781075759602788e-05,-1.1213763566608748e-06,0.0,7,0.0004753850984336873,0.0
19.546576464999816,-7.024855446758275e-05,9.175439638548068e-05,0.0006614344104372855,0.7848000000001423,-1.0453783537727254e-05,-1.2260685702258911e-06,0.0,7,0.0004753850984336873,0.0
19.558069570999578,-7.662579919151984e-05,0.00010111996352375224,0.0006551602875907994,0.7848000000000557,-1.0080384811663032e-05,-1.3373724878640303e-06,0.0,7,0.00046797163399342815,0.0
19.567825570999048,-8.163885358170221e-05,0.00010858292233067207,0.0006533496995481065,0.7847999999999793,-9.714783339869672e-06,-1.424866792554269e-06,0.0,7,0.0004666783568200761,0.0
19.578724531998887,-8.696361568899766e-05,0.00011664104377688209,0.000652791565859548,0.7847999999998918,-9.269929333050218e-06,-1.5178014232120063e-06,0.0,7,0.0004662796898996771,0.0
19.588626639999347,-9.203666114180417e-05,0.00012444648000122763,0.0006493191455406461,0.7847999999998061,-8.834059638558666e-06,-1.6063427694668064e-06,0.0,7,0.0004637993896718901,0.0
19.598413718998927,-9.685654459429672e-05,0.00013198933683920575,0.0006448348312672581,0.7847999999997208,-8.387239529198692e-06,-1.6904656052751932e-06,0.0,7,0.0004637993896718901,0.0
19.60929144900001,-0.00010183399666959679,0.00013995777956615966,0.0006426292262993285,0.7847999999996264,-7.84285645847521e-06,-1.777338532349404e-06,0.0,7,0.00045902087592809176,0.0
19.61933819999831,-0.00010563622254365472,0.00014620561606744765,0.0006416931928967222,0.7847999999995506,-7.371995531630232e-06,-1.8436998927562342e-06,0.0,7,0.00045835228064051585,0.0
19.629442011999345,-0.00010995059657373996,0.0001534995339948208,0.0006391793278011927,0.7847999999994623,-6.793768514500477e-06,-1.9189999247437584e-06,0.0,7,0.00045835228064051585,0.0
19.639300398999694,-0.00011320748843511308,0.00015918043404984915,0.0006364990281432469,0.7847999999993936,-6.314168274464349e-06,-1.9758434111061263e-06,0.0,7,0.000454642162959462,0.0
19.649661647999892,-0.00011652147590935055,0.00016517551207834402,0.0006349626881596848,0.7847999999993212,-5.753329690288553e-06,-2.0336834039014207e-06,0.0,7,0.0004535447772569177,0.0
19.659284458999537,-0.00011950376180919193,0.00017082565085913798,0.0006340155136634805,0.7847999999992538,-5.1752590862802115e-06,-2.0857341120894546e-06,0.0,7,0.0004535447772569177,0.0
19.669785879999836,-0.00012215288132381757,0.0001761243413787752,0.0006324763266851379,0.7847999999991929,-4.594613212755723e-06,-2.131969969898506e-06,0.0,7,0.0004528682240453432,0.0
19.68039185499947,-0.00012446671124214433,0.00018106533668460928,0.0006307976224665189,0.7847999999991386,-4.008095423506117e-06,-2.1723539203044595e-06,0.0,7,0.00045056973033322776,0.0
19.690408992999437,-0.00012643701207010327,0.0001856401043451531,0.0006299253838463499,0.7847999999990911,-3.4072982372473055e-06,-2.2067421570071133e-06,0.0,7,0.00044994670274739283,0.0
19.70048605499869,-0.000128057689127036,0.00018984168011936683,0.0006295411506072512,0.7847999999990515,-2.7977278712204517e-06,-2.2350283077621214e-06,0.0,7,0.0004496722504337509,0.0
19.71093830799873,-0.00012932936501288257,0.0001936668188775846,0.0006288944960591343,0.7847999999990197,-2.1893918671997287e-06,-2.2572232389883595e-06,0.0,7,0.00044921035432795306,0.0
19.720789431999947,-0.00013025377692116555,0.00019711339523925239,0.0006280980386520266,0.7847999999989961,-1.5827453169771916e-06,-2.273357270432541e-06,0.0,7,0.00044921035432795306,0.0
19.731449674000032,-0.00013082728919799517,0.00020017737515278043,0.0006280753625911527,0.784799999998981,-9.695803426736553e-07,-2.2833669479638274e-06,0.0,7,0.0004486252589936805,0.0
19.741725016998316,-0.0001310486606128237,0.0002028564316037336,0.0006284454554662978,0.7847999999989743,-3.560044595800835e-07,-2.2872306080223836e-06,0.0,7,0.0004488896110473555,0.0
19.752321912999832,-0.00013092266370245067,0.0002051516435822617,0.0006285699334660226,0.7847999999989759,2.492903060208414e-07,-2.2850315470890337e-06,0.0,7,0.0004489785239043019,0.0
19.76277905399911,-0.00013045390795572034,0.00020706461995886427,0.0006287256320265019,0.7847999999989859,8.476966632158458e-07,-2.2768502159209447e-06,0.0,7,0.000449089737161787,0.0
19.77264177199868,-0.00012964391897021344,0.00020859612663008128,0.0006294451489490896,0.784799999999004,1.4432811268083305e-06,-2.262713241218961e-06,0.0,7,0.00044960367782077826,0.0
19.782919978999416,-0.000128496457179341,0.00020974855787431017,0.000630445990413116,0.7847999999990298,2.031203285855727e-06,-2.2426862549274063e-06,0.0,7,0.00045031856458079716,0.0
19.793227868998656,-0.00012701908907180134,0.00021052666965127662,0.0006313719548454166,0.7847999999990631,2.605994682663139e-06,-2.2169013171868812e-06,0.0,7,0.00045097996774672613,0.0
19.803413813999214,-0.00012521944673205248,0.00021093583001403863,0.0006324013022936154,0.7847999999991032,3.168096233645036e-06,-2.1854916329999696e-06,0.0,7,0.0004517152159240109,0.0
19.813747195999895,-0.000123157660607347,0.0002110064170191366,0.0006190192891101104,0.7847999999991443,3.5584542489418366e-06,-2.1495066766519244e-06,0.0,7,0.00044215663507865023,0.0
19.82391644999916,-0.00012140229021476452,0.00021100641701949355,0.0005180930268869256,0.7847999999991553,2.9965322632479963e-06,-2.1188696837093346e-06,0.0,7,0.00044215663507865023,0.0
19.83422419999988,-0.00012009691513073485,0.0002110064170197979,0.00039730595846792756,0.7847999999991581,2.2370177445116705e-06,-2.096086590519519e-06,0.0,7,0.0003700664477763754,0.0
19.844745246999082,-0.00011923527673608911,0.00021100641702003433,0.00027328796980601294,0.7847999999991591,1.4655642324108305e-06,-2.081048163571353e-06,0.0,7,0.00028378997033423397,0.0
19.854988602999583,-0.00011881284342740606,0.00021100641702019997,0.00014740397591600754,0.7847999999991585,6.99448148407037e-07,-2.07367531146474e-06,0.0,7,0.00019520569271858066,0.0
19.86548974499965,-0.00011882673011081189,0.00021100641702029397,1.9386877672272665e-05,0.7847999999991562,-6.203275957243587e-08,-2.0739176798123538e-06,0.0,7,1.3847769765909048e-05,0.0
19.87562093499946,-0.0001192756761670975,0.00021100641702031484,-0.00011120985981644998,0.7847999999991526,-8.21481194562911e-07,-2.0817532666583816e-06,0.0,7,-7.943561415460714e-05,0.0
19.88563325299947,-0.00012016003524849904,0.0002110064170202613,-0.0002448598055360591,0.7847999999991472,-1.5816898624836972e-06,-2.097188244398751e-06,0.0,7,-7.943561415460714e-05,0.0
19.895972990998416,-0.00012148177169103223,0.00021100641702013134,-0.0003820483331500348,0.7847999999991401,-2.345467852625441e-06,-2.120256897164552e-06,0.0,7,-0.00017489986109718505,0.0
19.906438373998753,-0.00012324446298260275,0.00021100641701992317,-0.0005232727764129228,0.7847999999991312,-3.1156313706727694e-06,-2.151021663898689e-06,0.0,7,-0.00037376626886637343,0.0
19.916487219999908,-0.00012545330805789295,0.00021100641701963474,-0.0006690437552906344,0.7847999999991202,-3.895012043960916e-06,-2.189573283128965e-06,0.0,7,-0.0004778883966361674,0.0
19.926469646999976,-0.00012811514175080222,0.0002110064170192632,-0.0008198870908038521,0.7847999999991071,-4.686467131685487e-06,-2.2360310452107512e-06,0.0,7,-0.0005856336362884658,0.0
19.93598685699908,-0.00013060205033045173,0.0002107099082216452,-0.0008496583559345645,0.7847999999990489,-4.12650974211637e-06,-2.279435788121731e-06,0.0,7,-0.0005856336362884658,0.0
19.946474100999694,-0.00013198468790680338,0.00020967846726206593,-0.000757638206015497,0.7847999999989793,-2.252804712569086e-06,-2.3035673661908618e-06,0.0,7,-0.0005411701471539264,0.0
19.956506952999916,-0.0001325819380372204,0.00020805582659818417,-0.0007318830973147034,0.7847999999989547,-1.1296863511741336e-06,-2.3139913474246043e-06,0.0,7,-0.0005411701471539264,0.0
19.966823851998925,-0.00013316182689363093,0.00020619768852283668,-0.0008034020648673326,0.7847999999989449,-1.0665429498747247e-06,-2.3241123172645928e-06,0.0,7,-0.0005227736409390739,0.0
19.97754094499942,-0.00013350577413788383,0.00020400125863512703,-0.0008258568772306103,0.7847999999989358,-4.60304009026803e-07,-2.330115329129967e-06,0.0,7,-0.0005898977694504359,0.0
19.987373631000082,-0.00013301143907273885,0.0002011843286922125,-0.0007698853997741084,0.7847999999989467,9.827341575602768e-07,-2.3214875546351266e-06,0.0,7,-0.0005898977694504359,0.0
19.997819178999634,-0.00013183898598440128,0.00019782046866479038,-0.0007491913626296027,0.7847999999989776,2.011938528354177e-06,-2.30102438791846e-06,0.0,7,-0.0005499181426957917,0.0
20.008254739999757,-0.00013047811024662453,0.00019413873036989708,-0.0007907314779698585,0.7847999999990047,2.3497532963968094e-06,-2.2772726255837483e-06,0.0,7,-0.0005648081985498988,0.0
20.01803651099908,-0.00012883447103522453,0.00019009715116167578,-0.0008063164063600701,0.7847999999990432,2.9629515420507314e-06,-2.2485857096299355e-06,0.0,7,-0.0005648081985498988,0.0
20.028611963998628,-0.00012653744134105845,0.00018552496734638809,-0.000771776609336772,0.7847999999991104,4.098659546206114e-06,-2.208494978450659e-06,0.0,7,-0.0005512690066691228,0.0
20.03842111299855,-0.00012362873385888488,0.00018044404354832714,-0.0007494584336571982,0.7847999999991894,5.067732616662216e-06,-2.1577284559093357e-06,0.0,7,-0.0005512690066691228,0.0
20.04914567999913,-0.00012048915970849226,0.00017503568884926252,-0.0007781479717666005,0.7847999999992517,5.4571780323711164e-06,-2.102932549874481e-06,0.0,7,-0.0005558199798332862,0.0
20.059278545999405,-0.0001171033217737788,0.00016929769976692954,-0.0007930527302739254,0.7847999999993236,5.979211239210267e-06,-2.0438385299748063e-06,0.0,7,-0.0005664662359099467,0.0
20.069188546000078,-0.00011318346417893774,0.00016310105859758064,-0.0007669231028408197,0.7847999999994261,6.918949879958382e-06,-1.975424108735524e-06,0.0,7,-0.0005664662359099467,0.0
20.079391882998607,-0.0001087602620762055,0.00015646552864992188,-0.00074980801145874,0.7847999999995318,7.722826754086075e-06,-1.89822466856171e-06,0.0,7,-0.0005355771510419571,0.0
20.089635726999404,-0.00010408856572976539,0.0001495164884542296,-0.0007648157297957429,0.7847999999996179,8.145178902447024e-06,-1.8166881856629402e-06,0.0,7,-0.000546296949854102,0.0
20.10032516299907,-9.918300439348582e-05,0.00014226827956106204,-0.0007735310816837757,0.7847999999997086,8.608590647142117e-06,-1.731069988686329e-06,0.0,7,-0.0005525222012026969,0.0
20.110407183999996,-9.387571075761184e-05,0.00013465045647324648,-0.0007565307777811049,0.7847999999998208,9.317572639391025e-06,-1.638440240370187e-06,0.0,7,-0.0005403791269865035,0.0
20.120407350999812,-8.818224055886836e-05,0.00012667842319069963,-0.000743274999700421,0.7847999999999311,9.945457411534907e-06,-1.5390704395379373e-06,0.0,7,-0.0005403791269865035,0.0
20.13121935899835,-8.22688698118921e-05,0.0001184386539947863,-0.000750029034407985,0.7848000000000216,1.0318337621155774e-05,-1.4358626501120852e-06,0.0,7,-0.0005357350245771321,0.0
20.141170775999854,-7.616451604351364e-05,0.00010995431660708278,-0.0007542828033205398,0.7848000000001101,1.0684165892630153e-05,-1.3293215781473577e-06,0.0,7,-0.0005357350245771321,0.0
20.151557655999568,-6.97762942584822e-05,0.00010119209794289822,-0.0007425293139807585,0.7848000000002097,1.118593889518998e-05,-1.2178260746509295e-06,0.0,7,-0.0005387734309432427,0.0
20.162216989998342,-6.31157597427332e-05,9.216766222452974e-05,-0.0007319689148429748,0.7848000000003034,1.1632536955778087e-05,-1.1015778174083835e-06,0.0,7,-0.0005228349391735534,0.0
20.172520619998977,-5.629441890128871e-05,8.294382987795937e-05,-0.0007338067543402949,0.7848000000003775,1.190376738565109e-05,-9.825229603244168e-07,0.0,7,-0.0005241476816716393,0.0
20.182091816999673,-4.934610545707266e-05,7.354772783579324e-05,-0.0007349698982087378,0.7848000000004445,1.2144008441053118e-05,-8.612520132622592e-07,0.0,7,-0.0005241476816716393,0.0
20.19233377599994,-4.222423715888693e-05,6.396923096718484e-05,-0.0007262459975102049,0.7848000000005138,1.2451398098023406e-05,-7.36951962565513e-07,0.0,7,-0.000524978498720527,0.0
20.202958398998817,-3.494083581642766e-05,5.422572955417347e-05,-0.000717587524353329,0.7848000000005738,1.2715295364676562e-05,-6.098326283954236e-07,0.0,7,-0.000512562517395235,0.0
20.213359946999844,-2.75733616761847e-05,4.436546552805689e-05,-0.0007165834540842024,0.7848000000006156,1.2854301540605557e-05,-4.812459470926456e-07,0.0,7,-0.0005118453243458589,0.0
20.22355273699941,-2.0155851889359398e-05,3.4416752145018804e-05,-0.0007157182143859049,0.784800000000647,1.2951900626440815e-05,-3.517859790136413e-07,0.0,7,-0.0005112272959899321,0.0
20.233566312999756,-1.2669677209293725e-05,2.4383476812385626e-05,-0.0007088065826593522,0.7848000000006744,1.3074568335075122e-05,-2.211275824670622e-07,0.0,7,-0.0005112272959899321,0.0
20.24432922199958,-5.128435575917317e-06,1.4284625118734965e-05,-0.0007015495005094982,0.7848000000006913,1.3159154938176986e-05,-8.95080862761688e-08,0.0,7,-0.000501106786078213,0.0
20.254076281999005,2.411986619350958e-06,4.159046817876446e-06,-0.0006990157801831606,0.7848000000006917,1.3151570376717318e-05,4.2097108021721397e-08,0.0,7,-0.000501106786078213,0.0
20.264720529999977,9.919731185155379e-06,-5.965486639011625e-06,-0.00069693494253725,0.7848000000006807,1.3099854262829472e-05,1.731319700937206e-07,0.0,7,-0.0004978106732408928,0.0
20.275185912998495,1.7397263992818264e-05,-1.6077211955628788e-05,-0.0006912095704152294,0.7848000000006632,1.3048678323381905e-05,3.0363953751333383e-07,0.0,7,-0.0004937211217251638,0.0
20.285168548998627,2.4829865079051676e-05,-2.615641416114582e-05,-0.0006850675498861462,0.7848000000006354,1.296274869756472e-05,4.3336289845541387e-07,0.0,7,-0.0004937211217251638,0.0
20.296224584999436,3.217589141596678e-05,-3.617085613942026e-05,-0.0006818546420474581,0.7848000000005944,1.2806842410566272e-05,5.615752449728006e-07,0.0,7,-0.0004870390300338987,0.0
20.305722937999235,3.940692459481807e-05,-4.6094520418995397e-05,-0.0006791779698693891,0.7848000000005433,1.2608611316419937e-05,6.877805822647076e-07,0.0,7,-0.0004870390300338987,0.0
20.316329889999906,4.6516899654050116e-05,-5.5911957545166266e-05,-0.0006743533018095075,0.7848000000004857,1.2398012709505925e-05,8.118730567829857e-07,0.0,7,-0.0004816809298639339,0.0
20.326231299999563,5.349105345116463e-05,-6.560385976501335e-05,-0.0006691841160329784,0.7848000000004203,1.2155978004250386e-05,9.335950030830986e-07,0.0,7,-0.0004816809298639339,0.0
20.33598129299935,6.029779496139913e-05,-7.514326513294591e-05,-0.0006658568952142096,0.7848000000003456,1.1860110076669154e-05,1.052395053768862e-06,0.0,7,-0.0004779886543092703,0.0
20.346509184999377,6.691286100531061e-05,-8.450684307459159e-05,-0.0006630530434200143,0.7848000000002641,1.1526494755127132e-05,1.167849736471993e-06,0.0,7,-0.00047360931672858157,0.0
20.356649523999295,7.332661783543553e-05,-9.36783656141145e-05,-0.0006590314864580594,0.7848000000001785,1.1175321006514373e-05,1.2797909105799476e-06,0.0,7,-0.00047073677604147097,0.0
20.367227142998672,7.952546728284434e-05,-0.00010264008228665008,-0.0006547833420659263,0.7848000000000885,1.0796907332076783e-05,1.3879812432726624e-06,0.0,7,-0.00046770238718994733,0.0
20.377367550998315,8.548556238820184e-05,-0.0001113697972537375,-0.0006517244779675638,0.7847999999999943,1.0377466511682897e-05,1.4920045265931492e-06,0.0,7,-0.0004655174842625455,0.0
20.388044484998318,9.118724289624449e-05,-0.00011984762119664324,-0.0006491437445449716,0.7847999999998974,9.926618565867459e-06,1.5915176243552764e-06,0.0,7,-0.0004636741032464083,0.0
20.398558687998957,9.662338260881963e-05,-0.00012805991218278336,-0.0006454755697815703,0.7847999999998003,9.462921717469466e-06,1.6863961609381306e-06,0.0,7,-0.00046105397841540735,0.0
20.40909426199869,0.0001017776516167484,-0.00013598917806748075,-0.0006425585750444333,0.7847999999997027,8.967901792345914e-06,1.7763551256599897e-06,0.0,7,-0.00045897041074602373,0.0
20.419619010999668,0.00010663169483718638,-0.00014361742325197258,-0.000640405737636949,0.7847999999996058,8.443420677471175e-06,1.8610741618907412e-06,0.0,7,-0.00045743266974067776,0.0
20.430679725999653,0.00011117798491498001,-0.00015093217677810206,-0.0006376192315900619,0.7847999999995114,7.906502893794392e-06,1.940421892498989e-06,0.0,7,-0.00045544230827861566,0.0
20.4402297609995,0.00011540801002424633,-0.00015792102199561122,-0.0006347853042016518,0.7847999999994204,7.352396363308648e-06,2.0142497580977192e-06,0.0,7,-0.00045544230827861566,0.0
20.450758839999253,0.00011930352696133232,-0.0001645675240811829,-0.0006333803047934641,0.7847999999993327,6.767082942228369e-06,2.0822393547170748e-06,0.0,7,-0.00045241450342390293,0.0
20.461045846999696,0.00012285523675123806,-0.00017085994898031868,-0.0006319454380626732,0.7847999999992503,6.168597191195955e-06,2.1442283846262455e-06,0.0,7,-0.0004513895986161952,0.0
20.471979729998566,0.00012606227268009056,-0.0001767910676838285,-0.0006297271066727872,0.7847999999991745,5.56687590301715e-06,2.2002017208144764e-06,0.0,7,-0.000449805076194848,0.0
20.481588641998314,0.00012892028392719667,-0.00018235261455220298,-0.0006274808293706834,0.7847999999991051,4.9554038319693335e-06,2.2500834271355075e-06,0.0,7,-0.000449805076194848,0.0
20.492254400998718,0.00013141346565478883,-0.00018753156763345205,-0.0006269653423545845,0.7847999999990426,4.317211972978146e-06,2.293597657132551e-06,0.0,7,-0.00044783238739613183,0.0
20.502421141000013,0.0001335358642461699,-0.00019232008540920822,-0.0006265432823693678,0.7847999999989883,3.6724116486681422e-06,2.3306405005918407e-06,0.0,7,-0.00044753091597811987,0.0
20.51255686999866,0.0001352924705259683,-0.0001967160571718554,-0.0006251291265200605,0.784799999998943,3.0345728995155273e-06,2.3612990638355313e-06,0.0,7,-0.0004465208046571861,0.0
20.52281440399929,0.00013668190553289632,-0.00020071503937386953,-0.0006239828768361931,0.7847999999989066,2.3917072122137164e-06,2.3855492794488953e-06,0.0,7,-0.0004457020548829951,0.0
20.533426943999075,0.00013769609320250675,-0.00020431008657895402,-0.0006239999774011599,0.7847999999988791,1.7361983704115435e-06,2.403250193516726e-06,0.0,7,-0.0004457142695722571,0.0
20.543569238998316,0.00013833366182517664,-0.00020749800330877084,-0.0006242265986868257,0.7847999999988612,1.0805703697144533e-06,2.4143778651897208e-06,0.0,7,-0.0004458761419191612,0.0
20.553261541999746,0.0001386007213736712,-0.00021027972761736272,-0.0006239186767927885,0.7847999999988529,4.347189306676917e-07,2.4190389336098406e-06,0.0,7,-0.0004456561977091346,0.0
20.563749343999007,0.00013850027561472053,-0.00021265539710779632,-0.0006238044627111597,0.784799999998854,-2.0755152979283715e-07,2.4172858243964868e-06,0.0,7,-0.00044557461622225694,0.0
20.573840235998432,0.00013803127308239136,-0.00021462389116405577,-0.0006244862249204807,0.7847999999988643,-8.508451606731651e-07,2.4091001860071515e-06,0.0,7,-0.0004460615892289148,0.0
20.584527016999346,0.00013719684873493324,-0.00021618666899220727,-0.0006254099193241799,0.7847999999988841,-1.487179170571247e-06,2.394536733785202e-06,0.0,7,-0.00044672137094584275,0.0
20.594556726999144,0.000136004292632676,-0.00021734776146695408,-0.0006262373764132079,0.7847999999989125,-2.1111494716752754e-06,2.373722703286063e-06,0.0,7,-0.00044731241172371995,0.0
20.60482257199874,0.00013446240631186747,-0.00021811253324462124,-0.0006269137910687473,0.7847999999989492,-2.7205448993822736e-06,2.3468117102964925e-06,0.0,7,-0.0004477955650491052,0.0
20.61497869499908,0.0001325762359642319,-0.00021848521429577278,-0.0006281562101777008,0.7847999999989937,-3.321514231336153e-06,2.313891827476766e-06,0.0,7,-0.0004477955650491052,0.0
20.625583202998314,0.00013046962478117875,-0.00021852595728543843,-0.000600375705106686,0.7847999999990345,-3.591710632650419e-06,2.2771245262731554e-06,0.0,7,-0.00042883978936191864,0.0
20.635858895999263,0.0001287604380781261,-0.00021852595728578562,-0.0004856565293520082,0.7847999999990434,-2.9210346934816048e-06,2.2472935907735803e-06,0.0,7,-0.00034689752096572014,0.0
20.646454882999024,0.00012752814972345492,-0.0002185259572860723,-0.00035588200169671223,0.7847999999990459,-2.1078832532204372e-06,2.2257861016505842e-06,0.0,7,-0.00034689752096572014,0.0
20.656535996999082,0.00012676664292529064,-0.00021852595728629295,-0.00022319083259631986,0.7847999999990464,-1.2884793057525539e-06,2.2124953007462977e-06,0.0,7,-0.00025420142978336587,0.0
20.667300930999772,0.0001264717372388933,-0.00021852595728643056,-8.840413021325143e-05,0.784799999999045,-4.7443452685179084e-07,2.20734822553581e-06,0.0,7,-6.314580729517959e-05,0.0
20.678343626999776,0.00012668334078862848,-0.0002185259572864965,6.268455324917995e-05,0.7847999999990417,4.1647807466042887e-07,2.211041404187597e-06,0.0,7,4.477468089227139e-05,0.0
20.687913776999267,0.00012727345421234017,-0.00021852595728647536,0.00018893835382402982,0.7847999999990373,1.1444295246317847e-06,2.2213408263915824e-06,0.0,7,0.00013495596701716415,0.0
20.698807849999866,0.0001285055916306084,-0.00021852595728636662,0.00034706129514481925,0.7847999999990297,2.036405519720089e-06,2.2428456811773856e-06,0.0,7,0.00013495596701716415,0.0
20.708867102999648,0.00012993403988103687,-0.00021852595728619954,0.000479992604468375,0.784799999999022,2.7705738421319143e-06,2.2677768063417147e-06,0.0,7,0.00034285186033455357,0.0
20.719273678998434,0.0001319691663674024,-0.00021852595728593565,0.0006319779618050375,0.784799999999011,3.5938967755073667e-06,2.3032964642233367e-06,0.0,7,0.000451412829860741,0.0
20.729934478998985,0.00013448174945310707,-0.00021852595728558602,0.0007889847305405867,0.7847999999989976,4.428012030893415e-06,2.347149311798802e-06,0.0,7,0.0005635605218147048,0.0
20.739443796999694,0.00013710786714538748,-0.00021835279245516938,0.0008736198665430854,0.7847999999989553,4.434258386395136e-06,2.3929837120739705e-06,0.0,7,0.0005635605218147048,0.0
20.75048740099919,0.0001387417234540316,-0.00021748625557345744,0.0007898635410314015,0.784799999998877,2.606134178624687e-06,2.421499884164291e-06,0.0,7,0.0005641882435938582,0.0
20.760249547000058,0.00013918524686814081,-0.0002158286318311057,0.0007064875136784432,0.7847999999988451,8.195809216416179e-07,2.429240828050183e-06,0.0,7,0.0005641882435938582,0.0
20.770450787998925,0.00013955231964559383,-0.0002138961810380772,0.0007834657068461465,0.7847999999988389,7.917176400592307e-07,2.4356474566111785e-06,0.0,7,0.0005046339383417451,0.0
20.781328167999163,0.00013999166760207278,-0.00021175784335380386,0.0008516927596188985,0.7847999999988305,6.511873264552442e-07,2.443315525013645e-06,0.0,7,0.0006083519711563561,0.0
20.79141787199842,0.00013961050369515901,-0.00020899650736357214,0.0007929717180688058,0.7847999999988382,-8.630206489352502e-07,2.4366629598482348e-06,0.0,7,0.000566408370049147,0.0
20.801758656998572,0.00013827652148099129,-0.00020554904316472374,0.000736230069371632,0.784799999998879,-2.318523767492107e-06,2.4133805780479634e-06,0.0,7,0.0005258786209797372,0.0
20.812974141999803,0.00013669755116481875,-0.00020174587235277398,0.0007785875475254682,0.7847999999989118,-2.673059446397315e-06,2.385822347239497e-06,0.0,7,0.0005561339625181916,0.0
20.82284216699918,0.00013506342687535938,-0.00019767792301586773,0.0008296582824865145,0.7847999999989442,-2.9308898194189584e-06,2.3573014980016183e-06,0.0,7,0.0005926130589189389,0.0
20.833262571999512,0.00013275959697717327,-0.00019306120555117738,0.0007885250333680248,0.7847999999990165,-4.174964190435397e-06,2.317092080872385e-06,0.0,7,0.0005632321666914462,0.0
20.843810577998738,0.00012965832215025512,-0.00018783840605423693,0.0007437497278819185,0.7847999999991129,-5.418865459492504e-06,2.2629646241334456e-06,0.0,7,0.0005312498056299418,0.0
20.853458392999528,0.00012622562380575333,-0.00018223049799185356,0.0007631922797582113,0.7847999999991887,-5.932114115707699e-06,2.203052735794131e-06,0.0,7,0.0005312498056299418,0.0
20.864233593998506,0.00012268724461107295,-0.0001763480628175044,0.0008024717153222872,0.784799999999255,-6.212792373530793e-06,2.1412963686628927e-06,0.0,7,0.0005731940823730623,0.0
20.8744678009989,0.00011873061410456018,-0.00017005114294814833,0.0007912584230897681,0.7847999999993548,-7.020596137157143e-06,2.072240139039394e-06,0.0,7,0.0005651845879212629,0.0
20.885601081999994,0.00011410083802859938,-0.0001632265883768981,0.0007488036930169848,0.7847999999994865,-8.128522881809893e-06,1.991435302883815e-06,0.0,7,0.0005348597807264177,0.0
20.89497399799984,0.00010904061392604703,-0.0001559940095564878,0.0007434836666920163,0.7847999999995986,-8.790271223210016e-06,1.9031177314055014e-06,0.0,7,0.0005348597807264177,0.0
20.905773225998928,0.00010388820974093909,-0.0001485189938052422,0.0007781918681839443,0.7847999999996782,-8.98737942313137e-06,1.8131913139818323e-06,0.0,7,0.0005558513344171031,0.0
20.916169115998855,9.847259972005525e-05,-0.00014073045753548507,0.0007780048447973234,0.7847999999997844,-9.536924335158847e-06,1.7186710881134104e-06,0.0,7,0.0005557177462838024,0.0
20.92629911899894,9.254051257922271e-05,-0.00013251886065230797,0.0007446961737468161,0.7847999999999214,-1.0405407900044328e-05,1.615136635990666e-06,0.0,7,0.0005319258383905829,0.0
20.937261635999675,8.62554074302968e-05,-0.00012396940907101548,0.0007373072836277822,0.7848000000000347,-1.0946400461435073e-05,1.5054408573078604e-06,0.0,7,0.0005266480597341301,0.0
20.94723819599858,7.985019003326948e-05,-0.00011520079380183407,0.0007552364379982601,0.7848000000001186,-1.1175296640690958e-05,1.3936487244237128e-06,0.0,7,0.0005394545985701858,0.0
20.956965559998935,7.327711904103899e-05,-0.00010620148368387731,0.0007590781032042627,0.7848000000002104,-1.1523172771856796e-05,1.27892699364196e-06,0.0,7,0.0005394545985701858,0.0
20.968092624998462,6.63516576532093e-05,-9.689624357108607e-05,0.0007350950387028294,0.7848000000003257,-1.213127695016161e-05,1.1580548902045962e-06,0.0,7,0.0005250678847877353,0.0
20.978065833000073,5.91251147814573e-05,-8.732003045976382e-05,0.0007197058213568173,0.784800000000426,-1.2598078888017789e-05,1.0319279235559975e-06,0.0,7,0.0005140755866834409,0.0
20.98822782299976,5.183926654922605e-05,-7.759735022538866e-05,0.0007344786042490105,0.7848000000004842,-1.2695136436132384e-05,9.047658831029537e-07,0.0,7,0.0005140755866834409,0.0
20.998414047999177,4.448957369431859e-05,-6.77384850546504e-05,0.0007395439301866581,0.7848000000005434,-1.286098047395143e-05,7.764895437745167e-07,0.0,7,0.000524627574463579,0.0
21.009104391998335,3.6918901090808294e-05,-5.768254024445819e-05,0.0007203757339002722,0.7848000000006207,-1.3247362762792751e-05,6.443563802527308e-07,0.0,7,0.0005145540956430516,0.0
21.019952577998993,2.9169025604324987e-05,-4.7461421030383584e-05,0.0007078778110274577,0.7848000000006798,-1.3513758106836512e-05,5.090955363939997e-07,0.0,7,0.0005056270078767555,0.0
21.029980401999637,2.1393262285622935e-05,-3.715953284743078e-05,0.0007123734839193831,0.7848000000007075,-1.3552118217107813e-05,3.733828646268478e-07,0.0,7,0.0005088382027995593,0.0
21.040503753998564,1.3631412443319353e-05,-2.680871862880224e-05,0.0007164134809884339,0.7848000000007241,-1.3556011758009651e-05,2.379130288332476e-07,0.0,7,0.0005117239149917385,0.0
21.051092476998747,5.800549042649003e-06,-1.6383598797711874e-05,0.0007050754287018946,0.7848000000007473,-1.368549975179493e-05,1.0123867921763008e-07,0.0,7,0.0005036253062156391,0.0
21.060998985998594,-2.108242425938195e-06,-5.893227982321839e-06,0.0006915357386153068,0.784800000000761,-1.379390161709648e-05,-3.67957717628542e-08,0.0,7,0.0004939540990109335,0.0
21.070991259999573,-9.964912974516127e-06,4.588375224314187e-06,0.0006938392069001386,0.7848000000007437,-1.368743774151607e-05,-1.739205410800082e-07,0.0,7,0.0004939540990109335,0.0
21.08143904299868,-1.771966094354925e-05,1.5024390990286924e-05,0.0006970322596499605,0.7848000000007138,-1.3533064482747915e-05,-3.092664258019795e-07,0.0,7,0.0004978801854642575,0.0
21.090993827998318,-2.5440238915973103e-05,2.5432938062621877e-05,0.0006870630457542899,0.7848000000006886,-1.3482442801018331e-05,-4.440159315777237e-07,0.0,7,0.0004978801854642575,0.0
21.10197583199988,-3.312531479915377e-05,3.580014325078038e-05,0.0006764037291909141,0.7848000000006526,-1.3397711503504342e-05,-5.781458090048375e-07,0.0,7,0.00048314552085065295,0.0
21.111800415999824,-4.068076440284772e-05,4.606887550238624e-05,0.0006761641883779204,0.784800000000594,-1.3160476157080845e-05,-7.100132810577975e-07,0.0,7,0.00048314552085065295,0.0
21.12216124599945,-4.806526720741079e-05,5.620663031377133e-05,0.0006769618108670179,0.7848000000005254,-1.287629394325233e-05,-8.388971686201785e-07,0.0,7,0.0004829744202699431,0.0
21.132943151998916,-5.5312864587820955e-05,6.621628285966422e-05,0.0006697846053341258,0.7848000000004567,-1.2643265573275635e-05,-9.653916057672518e-07,0.0,7,0.00047841757523866125,0.0
21.143123509998986,-6.241985305531824e-05,7.608342730425425e-05,0.0006616966751077992,0.7848000000003807,-1.2383863729545375e-05,-1.0894319544263453e-06,0.0,7,0.0004726404822198566,0.0
21.153376992999256,-6.932328971264527e-05,8.576623914123467e-05,0.0006600266528695862,0.7848000000002909,-1.2020507367888415e-05,-1.2099196537995738e-06,0.0,7,0.0004714476091925615,0.0
21.16353067199998,-7.598900764196975e-05,9.523651360559925e-05,0.0006595098762586459,0.7848000000001945,-1.1613452339376783e-05,-1.3262583786755044e-06,0.0,7,0.0004710784830418899,0.0
21.173616324998875,-8.243159983883669e-05,0.00010448913647853935,0.0006542381436864486,0.7848000000000983,-1.1227922216862178e-05,-1.4387028248741274e-06,0.0,7,0.0004710784830418899,0.0
21.18455495699891,-8.864620448191559e-05,0.00011351034356624143,0.0006481515394217837,0.7847999999999989,-1.0821417395266096e-05,-1.5471681376055813e-06,0.0,7,0.0004629653853012741,0.0
21.194570906998706,-9.45972737074203e-05,0.0001222724248176332,0.0006449836929356276,0.7847999999998942,-1.035522287588854e-05,-1.6510338896047472e-06,0.0,7,0.00046070263781116256,0.0
21.204432577998887,-0.00010024630952170873,0.0001307466626947103,0.0006449058520463653,0.7847999999997861,-9.830261340547323e-06,-1.7496281641271594e-06,0.0,7,0.00046070263781116256,0.0
21.21514869299972,-0.00010559569235368227,0.00013892383935259944,0.000641966894674739,0.7847999999996808,-9.313235613993211e-06,-1.8429925074947562e-06,0.0,7,0.0004585477819105279,0.0
21.225522722999813,-0.00011065231978322306,0.00014679737547440894,0.0006367887307190886,0.7847999999995781,-8.798165550491441e-06,-1.9312473051869006e-06,0.0,7,0.0004548490933707776,0.0
21.23521767999955,-0.00011539025123179353,0.00015434588668293553,0.0006341033724076682,0.7847999999994756,-8.235308791333669e-06,-2.0139398086982396e-06,0.0,7,0.0004548490933707776,0.0
21.245799559999796,-0.00011978106139520562,0.00016154730791214994,0.0006335984945745767,0.7847999999993756,-7.630825681902598e-06,-2.090573902879811e-06,0.0,7,0.00045257035326755476,0.0
21.25604871199903,-0.00012382385648670497,0.00016839295040471606,0.0006315644579537779,0.7847999999992813,-7.027199033061124e-06,-2.16113398820994e-06,0.0,7,0.0004511174699669842,0.0
21.26652345399998,-0.0001275225609036575,0.00017487697430518414,0.0006281273034642063,0.7847999999991934,-6.424419811747241e-06,-2.225688558343819e-06,0.0,7,0.00044866235961729016,0.0
21.2765556079994,-0.00013086542908662455,0.0001809868255687509,0.0006256141961873995,0.7847999999991112,-5.798961011179808e-06,-2.2840326145967538e-06,0.0,7,0.00044686728299099965,0.0
21.286809300998357,-0.0001338278156043792,0.00018670451223280762,0.0006257729024610877,0.7847999999990353,-5.134393931140821e-06,-2.335736013048262e-06,0.0,7,0.0004469806446150626,0.0
21.297320290999778,-0.00013640755215829514,0.00019202311985266887,0.0006251261329290064,0.784799999998968,-4.470990171254708e-06,-2.3807609097481475e-06,0.0,7,0.00044651866637786166,0.0
21.30701713399867,-0.0001386148696004496,0.00019694217601794718,0.0006227232408249754,0.7847999999989101,-3.820603411593738e-06,-2.4192858667504424e-06,0.0,7,0.00044651866637786166,0.0
21.317428878999635,-0.00014044331097228378,0.0002014540845425101,0.000621279984784676,0.7847999999988612,-3.1554398820833005e-06,-2.4511981888686307e-06,0.0,7,0.00044377141770333994,0.0
21.327280771000005,-0.00014187837584511606,0.0002055481250017383,0.0006216373422635298,0.7847999999988214,-2.4688212577449925e-06,-2.4762447958792677e-06,0.0,7,0.00044402667304537836,0.0
21.337610590999248,-0.00014292041680251621,0.00020922114554945158,0.0006216974875585479,0.7847999999987921,-1.7858784629311363e-06,-2.4944318415265343e-06,0.0,7,0.00044402667304537836,0.0
21.348095040999397,-0.000143578649514396,0.0002124748066143234,0.0006207275770048898,0.7847999999987731,-1.1162842478828516e-06,-2.5059201695931677e-06,0.0,7,0.0004440696339703914,0.0
21.358936102998996,-0.0001438529844163356,0.00021530710566259727,0.0006203461619365181,0.7847999999987643,-4.442132917393659e-07,-2.510708216885149e-06,0.0,7,0.0004431044013832272,0.0
21.369048855000074,-0.00014373807135736086,0.00021771423904836924,0.000621181719901031,0.7847999999987656,2.3495779166507782e-07,-2.508702605652502e-06,0.0,7,0.0004431044013832272,0.0
21.380777397998827,-0.00014323766351921816,0.00021969730273832262,0.0006219835290153325,0.7847999999987773,9.055116288795946e-07,-2.499968841274125e-06,0.0,7,0.00044427394929666604,0.0
21.390491002999624,-0.00014236103059035994,0.00022126063660224293,0.0006223488596379206,0.7847999999987987,1.561344032048271e-06,-2.484668710334148e-06,0.0,7,0.0004445348997413719,0.0
21.401040684999316,-0.00014111488354116413,0.000222408050942802,0.0006228301230801457,0.7847999999988294,2.206763048991576e-06,-2.462919341361669e-06,0.0,7,0.0004448786593429612,0.0
21.411399279999387,-0.0001395013940034783,0.00022314188430419318,0.0006241549008278417,0.7847999999988695,2.847815489814852e-06,-2.43475863648257e-06,0.0,7,0.0004458249291627441,0.0
21.42186494299858,-0.00013752654793387962,0.00022346688601385735,0.0006257837259032576,0.7847999999989181,3.4767345878105655e-06,-2.400291070348004e-06,0.0,7,0.000446988375645184,0.0
21.431999693999387,-0.0001354051785191046,0.00022348572051414985,0.0005808445148478263,0.7847999999989558,3.5848584279086273e-06,-2.3632661894090745e-06,0.0,7,0.000446988375645184,0.0
21.442614189998494,-0.00013374633928421527,0.00022348572051448962,0.00045636135485716575,0.7847999999989633,2.8370629304193867e-06,-2.3343139829989923e-06,0.0,7,0.000325972396326547,0.0
21.453158912998333,-0.00013258257699793368,0.00022348572051476015,0.00032034740251911387,0.7847999999989653,1.9872562808543884e-06,-2.314002499392842e-06,0.0,7,0.00022881957322793846,0.0
21.463718582999718,-0.00013190805773419652,0.00022348572051495382,0.00018160778250655516,0.7847999999989653,1.135083871108764e-06,-2.3022299173725003e-06,0.0,7,0.0001297198446475394,0.0
21.473707155999364,-0.00013171873763400394,0.00022348572051507606,4.064626828610426e-05,0.7847999999989635,2.884825283019962e-07,-2.2989256582839346e-06,0.0,7,2.9033048775788758e-05,0.0
21.48414278599921,-0.00013201252033015438,0.00022348572051510994,-0.00010298389832549866,0.7847999999989599,-5.547496174930747e-07,-2.3040531336171455e-06,0.0,7,-7.355992737535619e-05,0.0
21.494664391999322,-0.00013278904858274595,0.00022348572051506183,-0.0002497807969864879,0.7847999999989541,-1.3975296020670026e-06,-2.3176061083596267e-06,0.0,7,-0.0001784148549903485,0.0
21.50472622899906,-0.0001340496693694085,0.0002234857205149384,-0.00040025329014385354,0.7847999999989463,-2.2428244663280757e-06,-2.339608091705969e-06,0.0,7,-0.00028589520724560966,0.0
21.515128614999412,-0.00013579766097690773,0.00022348572051472085,-0.0005549866044413134,0.7847999999989362,-3.0939898933587786e-06,-2.3701163005540593e-06,0.0,7,-0.00039641900317236673,0.0
21.525992584998676,-0.00013803803672275477,0.0002234857205144154,-0.000714524756278098,0.7847999999989239,-3.95406448778874e-06,-2.409218233800914e-06,0.0,7,-0.0005103748259129271,0.0
21.536153597999146,-0.0001407246077776434,0.00022346102650746142,-0.0008688951626866599,0.7847999999989054,-4.712432111987708e-06,-2.4561077442974977e-06,0.0,7,-0.0006206394019190427,0.0
21.54658140599895,-0.00014295022628410165,0.0002229849043890676,-0.0008518370824071897,0.78479999999883,-3.57673119815081e-06,-2.4949521151285126e-06,0.0,7,-0.0006084550588622784,0.0
21.556222864999654,-0.00014377429578873885,0.00022142430248333695,-0.0007159824896188283,0.7847999999987695,-1.08767971800564e-06,-2.5093348412497107e-06,0.0,7,-0.0006084550588622784,0.0
21.56650379599887,-0.00014405501401303525,0.00021974208385403145,-0.0007540261994551604,0.7847999999987619,-7.015270223468625e-07,-2.514234298534035e-06,0.0,7,-0.0005385901424679717,0.0
21.57664141099849,-0.00014453654083181137,0.00021771691640491572,-0.0008466883265105141,0.7847999999987543,-8.078830971795417e-07,-2.522638526958332e-06,0.0,7,-0.0006047773760789386,0.0
21.587119015999633,-0.00014444165641266563,0.00021517499757941022,-0.0008207891724814245,0.7847999999987538,3.7920130543033295e-07,-2.5209824814353965e-06,0.0,7,-0.0006047773760789386,0.0
21.59782067499873,-0.00014309751387840127,0.00021151267249226559,-0.0007349174914646684,0.784799999998797,2.270458295846857e-06,-2.497522768596383e-06,0.0,7,-0.000524941065331906,0.0
21.607422742999915,-0.00014158300348229142,0.00020809805685258092,-0.0007545020975145679,0.7847999999988338,2.8113735522504453e-06,-2.4710895756285822e-06,0.0,7,-0.000524941065331906,0.0
21.61846187699848,-0.00013995200326086238,0.00020409299848440972,-0.0008264843950278157,0.7847999999988623,2.8628298767876393e-06,-2.442623251663889e-06,0.0,7,-0.0005903459964484399,0.0
21.628419229999054,-0.0001379250965236823,0.00019965857175946678,-0.0008246542491406914,0.7847999999989183,3.7111994569236054e-06,-2.4072470554692416e-06,0.0,7,-0.0005903459964484399,0.0
21.638252543998533,-0.00013494930691950005,0.0001945392773257939,-0.0007528133313984994,0.7847999999990235,5.285862297952692e-06,-2.355309729029642e-06,0.0,7,-0.0005890387493862082,0.0
21.649217854999733,-0.0001314191579316689,0.00018892202777742688,-0.0007481789071325879,0.7847999999991161,6.0873186623512665e-06,-2.2936970061060435e-06,0.0,7,-0.0005344135050947056,0.0
21.659472665000067,-0.00012782733106767721,0.00018304163957010475,-0.0007996050645695713,0.7847999999991803,6.258778923262297e-06,-2.231007801167806e-06,0.0,7,-0.0005711464746925508,0.0
21.66974926599869,-0.00012396829603423179,0.00017680834486601794,-0.0008103035193809371,0.7847999999992697,6.857014339474975e-06,-2.1636549338843736e-06,0.0,7,-0.0005787882281292408,0.0
21.680132654999397,-0.00011938461505026962,0.00017001468978822075,-0.0007589088334102599,0.7847999999994104,8.09401905799956e-06,-2.0836546088531804e-06,0.0,7,-0.0005420777381501857,0.0
21.689790037999046,-0.0001141994858072664,0.00016272428366363766,-0.0007326731678091046,0.7847999999995453,9.009366060267484e-06,-1.993157031421333e-06,0.0,7,-0.0005420777381501857,0.0
21.70084202199905,-0.00010893455972963769,0.00015518807572811828,-0.0007750409066411265,0.7847999999996255,9.145301727750196e-06,-1.9012667364926017e-06,0.0,7,-0.0005536006476008046,0.0
21.711078952999742,-0.00010351787732749301,0.00014738147964599084,-0.0007914912092357066,0.7847999999997238,9.539790311320953e-06,-1.8067277940403415e-06,0.0,7,-0.0005653508637397905,0.0
21.7265989309999,-9.69186103454618e-05,0.00013827529272640847,-0.0007469687071001435,0.784799999999889,1.060890816452862e-05,-1.6915488569857473e-06,0.0,7,-0.0005653508637397905,0.0
21.739421057998698,-9.096016419231779e-05,0.00013040065063487096,-0.0007037250541360895,0.7848000000000355,1.150987016097391e-05,-1.587554353310594e-06,0.0,7,-0.0005026607529543496,0.0
21.750603297999987,-8.427532525169267e-05,0.00012145798243600898,-0.0007380377638667502,0.7848000000001113,1.1572487060379225e-05,-1.470881903831156e-06,0.0,7,-0.000527169831333393,0.0
21.75972694899974,-7.779990932340202e-05,0.00011245245304724623,-0.0007971529285749153,0.784800000000153,1.134210667710118e-05,-1.3578645754463992e-06,0.0,7,-0.000527169831333393,0.0
21.771736185999544,-7.097146024757772e-05,0.00010313328612258314,-0.0007650446285199445,0.784800000000282,1.2071849234418732e-05,-1.2386856562685011e-06,0.0,7,-0.0005464604489428175,0.0
21.781390774998727,-6.34057912926923e-05,9.333199139511173e-05,-0.0006888367211570773,0.7848000000004591,1.3221355967658893e-05,-1.1066398228898322e-06,0.0,7,-0.0004920262293979123,0.0
21.79125866100003,-5.5676100649439494e-05,8.332719477366849e-05,-0.0007005080330084303,0.7848000000005287,1.3358200899634807e-05,-9.717312710044723e-07,0.0,7,-0.0005003628807203073,0.0
21.801663072999872,-4.829937572596109e-05,7.337311150860442e-05,-0.0007681030260836452,0.7848000000005221,1.2857970530930683e-05,-8.429831330758475e-07,0.0,7,-0.0005486450186311752,0.0
21.812436108999464,-4.08645180489034e-05,6.329146357700079e-05,-0.0007634780799647314,0.7848000000005884,1.3115312488093086e-05,-7.132203871940135e-07,0.0,7,-0.0005453414856890938,0.0
21.82231649699861,-3.2839210878004154e-05,5.284637703504665e-05,-0.000690161999156356,0.7848000000007269,1.4065013034664378e-05,-5.731523535779104e-07,0.0,7,-0.0004929728565402542,0.0
21.833128993999708,-2.4625480497888086e-05,4.223768557978382e-05,-0.0006835177329096358,0.7848000000007739,1.4229924617665857e-05,-4.297957145737996e-07,0.0,7,-0.0004929728565402542,0.0
21.848442937998698,-1.6707375627304876e-05,3.1704988698583216e-05,-0.0007303349260832872,0.7848000000007427,1.3777220445534064e-05,-2.915987140639231e-07,0.0,7,-0.0004882269520783113,0.0
21.85880362899843,-8.156624106032453e-06,2.013877614580389e-05,-0.0007440427571769702,0.7848000000007421,1.3655886413961047e-05,-1.4235994649780537e-07,0.0,7,-0.0005314591122692644,0.0
21.869800857999508,-8.693443697501667e-07,1.0509391865862756e-05,-0.0006954096233366674,0.7848000000008029,1.4165648319252147e-05,-1.5172921585815402e-08,0.0,7,-0.000496721159526191,0.0
21.881223772999874,7.473043467452219e-06,-3.240117218912481e-07,-0.0006576597843469687,0.7848000000008378,1.4499491247500894e-05,1.304292136516949e-07,0.0,7,-0.0004697569888192633,0.0
21.89056868299849,1.557724485700279e-05,-1.1053663146256182e-05,-0.0006879334845467465,0.7848000000007752,1.4049266877454572e-05,2.7187421114405197e-07,0.0,7,-0.0004697569888192633,0.0
21.902662638000038,2.2575819131072647e-05,-2.056692095908024e-05,-0.0007159628708344568,0.7848000000007107,1.361124941007469e-05,3.9402237517194294e-07,0.0,7,-0.0005114020505960406,0.0
21.91193344599924,3.1903879234944416e-05,-3.3223038625719434e-05,-0.0006918513495756476,0.7848000000006846,1.3650436326519413e-05,5.568277368084296e-07,0.0,7,-0.0004941795354111768,0.0
21.92158761599967,3.9037292056068544e-05,-4.2746737620333e-05,-0.0006577404907993634,0.7848000000006717,1.3808293797851475e-05,6.813292774410229e-07,0.0,7,-0.0004698146362852595,0.0
21.932270975999927,4.7540183277494115e-05,-5.423288947374434e-05,-0.0006676316009002996,0.7848000000005826,1.33926540971825e-05,8.297327251938214e-07,0.0,7,-0.00047687971492878543,0.0
21.94170158199995,5.420499210251287e-05,-6.34388237805002e-05,-0.0006836786459195669,0.7848000000004941,1.2938225109341134e-05,9.460555832063733e-07,0.0,7,-0.0004883418899425478,0.0
21.95192705899899,6.147240072547843e-05,-7.353191669150719e-05,-0.000673482539492948,0.7848000000004203,1.2707169544047478e-05,1.0728957917649495e-06,0.0,7,-0.0004810589567806772,0.0
21.96235207299833,6.86879878840191e-05,-8.35134342205227e-05,-0.0006502552319092883,0.784800000000351,1.25785692548068e-05,1.1988315451461062e-06,0.0,7,-0.0004644680227923488,0.0
21.972227921000012,7.571253774817247e-05,-9.330600012240075e-05,-0.0006462931835572163,0.7848000000002532,1.2202698147211154e-05,1.3214330687461029e-06,0.0,7,-0.00046163798825515456,0.0
21.981850522999594,8.237502830505056e-05,-0.0001028173657458747,-0.000661411114782105,0.7848000000001321,1.159026530785543e-05,1.4377154653466562e-06,0.0,7,-0.00046163798825515456,0.0
21.992321144000016,8.875868288989274e-05,-0.00011207412707899304,-0.0006586002136551621,0.7848000000000264,1.1146813083590331e-05,1.549131256162184e-06,0.0,7,-0.0004704287240394015,0.0
22.002614506998725,9.497748207392999e-05,-0.00012111796899384213,-0.0006403610423435095,0.7847999999999311,1.084033500746138e-05,1.6576697774439708e-06,0.0,7,-0.00045740074453107823,0.0
22.012640095999814,0.00010093838308095491,-0.00012989452203838973,-0.0006359319392496566,0.7847999999998201,1.035330509310561e-05,1.7617071264020012e-06,0.0,7,-0.00045740074453107823,0.0
22.023349715998847,0.00010652013667817854,-0.00013833643412845592,-0.0006443789921848915,0.7847999999996986,9.702754041219078e-06,1.859127104708591e-06,0.0,7,-0.0004602707087034939,0.0
22.033642030999545,0.00011176453934889201,-0.00014645280260715962,-0.000642765263599998,0.7847999999995879,9.141213626898626e-06,1.950659198612925e-06,0.0,7,-0.00045911804542857,0.0
22.04379647799942,0.00011674293887326504,-0.00015426722779184827,-0.0006310428192332734,0.7847999999994862,8.667218067047657e-06,2.037548661792954e-06,0.0,7,-0.0004507448708809096,0.0
22.054396934998294,0.00012140175751002202,-0.00016174564097936193,-0.0006272026623388132,0.7847999999993809,8.086013300022942e-06,2.118860386257637e-06,0.0,7,-0.0004480019016705809,0.0
22.065328093998687,0.00012566184728313696,-0.00016884243614640758,-0.0006319151458690936,0.7847999999992751,7.3953599612950354e-06,2.193212979229031e-06,0.0,7,-0.00045136796133506693,0.0
22.074703106000015,0.00012953786818335872,-0.00017555627914966763,-0.0006319230893135879,0.7847999999991792,6.742549662914446e-06,2.2608623058140154e-06,0.0,7,-0.00045136796133506693,0.0
22.08575627799837,0.00013308424848317355,-0.0001819051026585146,-0.000623842403253701,0.7847999999990936,6.16408225558272e-06,2.3227583185736478e-06,0.0,7,-0.0004456017166097865,0.0
22.095989645998998,0.0001362823684775875,-0.0001878734516482988,-0.0006189164626883408,0.7847999999990128,5.538374188094826e-06,2.3785760423500335e-06,0.0,7,-0.00044208318763452913,0.0
22.10551453900007,0.00013906327529321708,-0.00019342292393485132,-0.0006227446615916807,0.7847999999989369,4.8086154325897264e-06,2.4271120224739207e-06,0.0,7,-0.00044208318763452913,0.0
22.115951146999578,0.0001414228621978576,-0.0001985459193246721,-0.0006251653083552098,0.7847999999988716,4.089086164429088e-06,2.4682945829468395e-06,0.0,7,-0.00044654664882514983,0.0
22.125853115998325,0.00014341167662750633,-0.00020326106650355718,-0.0006202363547786146,0.7847999999988184,3.444979408253096e-06,2.503005942955383e-06,0.0,7,-0.00044654664882514983,0.0
22.13618091099852,0.00014502906819689756,-0.000207563867317125,-0.0006165313696703833,0.784799999998774,2.78363756755651e-06,2.5312347511352584e-06,0.0,7,-0.0004430259676990105,0.0
22.146433136998894,0.00014623016070436435,-0.0002114298072689786,-0.0006190324998750208,0.7847999999987391,2.05414764747125e-06,2.5521977700115883e-06,0.0,7,-0.00044216607133930054,0.0
22.156798924999748,0.0001470672140474333,-0.00021517268697155564,-0.0006212369329762848,0.7847999999987139,1.2607922944210633e-06,2.566807106862967e-06,0.0,7,-0.000443740666411632,0.0
22.167126719999942,0.00014740393031334012,-0.00021784948229194682,-0.0006192095138395464,0.7847999999987033,6.569137029628151e-07,2.5726839143480618e-06,0.0,7,-0.0004422925098853903,0.0
22.176847798999006,0.00014742056173910274,-0.00022041996125519303,-0.0006167209918805663,0.7847999999987012,-6.85817075582912e-09,2.5729741874869205e-06,0.0,7,-0.0004422925098853903,0.0
22.187471093999193,0.00014703406806220929,-0.0002225521413098225,-0.0006189143879863342,0.78479999999871,-7.14153946225702e-07,2.5662286002869905e-06,0.0,7,-0.0004405149942004045,0.0
22.19750485499935,0.00014624022695637569,-0.00022424382433160986,-0.0006217135542107311,0.78479999999873,-1.4176310078455103e-06,2.5523734592525216e-06,0.0,7,-0.0004420817057045244,0.0
22.20813925499897,0.00014506826041657105,-0.0002255091109777894,-0.0006212407171049975,0.7847999999987596,-2.0736703029020018e-06,2.5319187844097257e-06,0.0,7,-0.00044374336936071245,0.0
22.218438414998673,0.00014353171096474028,-0.0002263555058770053,-0.0006205608852588183,0.7847999999987983,-2.7145895253912253e-06,2.5051009373555644e-06,0.0,7,-0.0004432577751848702,0.0
22.228274522998618,0.00014161939162317998,-0.00022677962358845006,-0.0006228120405150398,0.7847999999988471,-3.3723757206534594e-06,2.4717246684957672e-06,0.0,7,-0.0004432577751848702,0.0
22.238721536999947,0.00013943721748355998,-0.00022683323172579273,-0.000598884813324807,0.7847999999988938,-3.7289343162058527e-06,2.4336385449075237e-06,0.0,7,-0.0004277748666605764,0.0
22.249060785999973,0.0001376581689554848,-0.00022683323172613924,-0.00047810161330303724,0.7847999999989045,-3.0358204594469903e-06,2.4025882905398532e-06,0.0,7,-0.0003415011523593123,0.0
22.25896778399874,0.0001363889902376186,-0.00022683323172642227,-0.0003392576107752988,0.7847999999989071,-2.1689752719980425e-06,2.380436943116848e-06,0.0,7,-0.0003415011523593123,0.0
22.269319114999234,0.00013562338482402518,-0.00022683323172662675,-0.00019701737058340984,0.7847999999989075,-1.2927565466994312e-06,2.36707460787855e-06,0.0,7,-0.00014072669327386416,0.0
22.27975558399885,0.0001353569975939014,-0.00022683323172675008,-5.2477455243513784e-05,0.7847999999989058,-4.2181742742673264e-07,2.362425273627622e-06,0.0,7,-3.748389660250984e-05,0.0
22.289625704999708,0.0001355873407173754,-0.00022683323172679096,9.471835396891928e-05,0.7847999999989023,4.451704788285016e-07,2.3664455195415712e-06,0.0,7,6.765596712065662e-05,0.0
22.30028454999956,0.00013631377314729005,-0.0002268332317267481,0.0002450885308063258,0.7847999999988965,1.311223854594326e-06,2.379124157236845e-06,0.0,7,0.0001750632362902327,0.0
22.310203140999874,0.00013753749222253852,-0.00022683323172661946,0.00039917869375641915,0.7847999999988885,2.1795294413109653e-06,2.400482084219391e-06,0.0,7,0.00028512763839744226,0.0
22.320779642999696,0.00013926153242128686,-0.00022683323172640297,0.0005575474100776235,0.7847999999988784,3.0532922697241063e-06,2.4305722621242865e-06,0.0,7,0.0003982481500554453,0.0
22.330795662999662,0.00014149077113686126,-0.0002268332317260961,0.000720768191286055,0.7847999999988656,3.935730023306413e-06,2.4694798175239896e-06,0.0,7,0.0005148344223471821,0.0
22.34095171699846,0.00014414517375636833,-0.00022679280573330423,0.0008721612834872904,0.7847999999988446,4.643824537812213e-06,2.51580788290795e-06,0.0,7,0.0006229723453480646,0.0
22.351339435999762,0.0001462928133060348,-0.0002262736532189937,0.0008504107019911976,0.7847999999987685,3.441049232792353e-06,2.5532912641956784e-06,0.0,7,0.0006074362157079983,0.0
22.361207670999647,0.00014704653761767123,-0.00022485675794271665,0.000731853159998592,0.7847999999987137,1.2146166756429078e-06,2.5664462350860617e-06,0.0,7,0.0005227522571418515,0.0
22.37108659199839,0.0001472172770700813,-0.00022291589683250294,0.0007451404047129704,0.7847999999987056,4.544535465480776e-07,2.5694262006936697e-06,0.0,7,0.0005227522571418515,0.0
22.381493656999737,0.00014753347132851694,-0.00022078961458290826,0.0008383451568712924,0.7847999999987005,5.56286349661348e-07,2.5749448315792733e-06,0.0,7,0.0005988179691937803,0.0
22.39212107399908,0.0001473922653364348,-0.00021819661596336152,0.0008304403408233582,0.7847999999987025,-4.4792039925260944e-07,2.572480322093895e-06,0.0,7,0.0005931716720166845,0.0
22.40199161399869,0.0001462033278911831,-0.00021486053346744837,0.0007545161168948745,0.7847999999987414,-2.162605541466116e-06,2.5517294490740028e-06,0.0,7,0.0005931716720166845,0.0
22.413110017998406,0.00014444719775314274,-0.00021100514726809188,0.0007576725012937291,0.7847999999987888,-2.983029656133271e-06,2.521079196071696e-06,0.0,7,0.0005411946437812351,0.0
22.4228162899999,0.0001426177539722507,-0.00020686279453024895,0.000815658973732988,0.7847999999988253,-3.1970196547204655e-06,2.4891493786149965e-06,0.0,7,0.0005411946437812351,0.0
22.43333349599925,0.00014042775793266925,-0.0002023025481484987,0.0008219613370497266,0.7847999999988845,-3.964753355073179e-06,2.450926737118664e-06,0.0,7,0.0005871152407498048,0.0
22.44347173999995,0.0001373950046195864,-0.00019710232056186725,0.0007649605946139115,0.7847999999989881,-5.389200146518412e-06,2.3979952064046017e-06,0.0,7,0.0005464004247242224,0.0
22.453758117999314,0.0001337703770513869,-0.00019138236180869922,0.0007530510324983017,0.7847999999990886,-6.282380283711452e-06,2.334733521180965e-06,0.0,7,0.0005378935946416441,0.0
22.464107773999785,0.00012999075169000667,-0.00018535148512871768,0.0007932082548426754,0.7847999999991637,-6.584805027748679e-06,2.268766614133e-06,0.0,7,0.0005665773248876253,0.0
22.47438688799957,0.00012590019604085529,-0.00017894318282968898,0.0007994288259742844,0.7847999999992624,-7.236199325985655e-06,2.197372949819254e-06,0.0,7,0.0005710205899816317,0.0
22.48472006099837,0.00012117914361786828,-0.00017201461865386128,0.0007632542986340339,0.784799999999399,-8.312557705560423e-06,2.1149750408788748e-06,0.0,7,0.0005451816418814528,0.0
22.49485173999892,0.00011596934349920076,-0.0001646385306741086,0.0007518277254911439,0.7847999999995259,-9.076560744301735e-06,2.0240468754373353e-06,0.0,7,0.0005370198039222456,0.0
22.505254544999843,0.0001105585634686562,-0.00015695706460780887,0.0007741205217977834,0.7847999999996261,-9.440016233440071e-06,1.929610948803173e-06,0.0,7,0.0005529432298555596,0.0
22.51557214299828,0.00010487968970045682,-0.00014894779875722922,0.0007778315954047397,0.7847999999997408,-9.974912595156443e-06,1.830495903742957e-06,0.0,7,0.0005555939967176712,0.0
22.52555421999932,9.874044669755563e-05,-0.0001405301227823426,0.0007541407818682649,0.7847999999998811,-1.0767430213784016e-05,1.7233458997623075e-06,0.0,7,0.0005555939967176712,0.0
22.535919728999943,9.222386920102161e-05,-0.0001317522121883896,0.0007437633508242075,0.7848000000000088,-1.1369651598170066e-05,1.6096101664864193e-06,0.0,7,0.0005386719870487607,0.0
22.54659568599891,8.552195661031097e-05,-0.00012271398909540043,0.0007550439377054911,0.7848000000001103,-1.1696218921352737e-05,1.4926397255976553e-06,0.0,7,0.000539317098361065,0.0
22.55652014399857,7.862830934407133e-05,-0.00011342357040575353,0.0007583252387360609,0.7848000000002137,-1.2072328457758561e-05,1.3723228833306678e-06,0.0,7,0.000539317098361065,0.0
22.567393682998954,7.141065266221054e-05,-0.00010383060784877277,0.0007402926922709481,0.7848000000003341,-1.2636910509784823e-05,1.246351009953628e-06,0.0,7,0.0005287804944792486,0.0
22.57756922199951,6.391715232504702e-05,-9.396916328307445e-05,0.0007294010301410681,0.7848000000004399,-1.3076222072055787e-05,1.1155647565708193e-06,0.0,7,0.0005210007358150486,0.0
22.587728977998268,5.629999543142282e-05,-8.39224649914103e-05,0.000735338585866271,0.7848000000005171,-1.3288655534510562e-05,9.826202891360936e-07,0.0,7,0.0005252418470473364,0.0
22.5981023789991,4.856916782892692e-05,-7.370796608464452e-05,0.0007361001386602741,0.7848000000005899,-1.3516080426405562e-05,8.476918935684807e-07,0.0,7,0.0005257858133287672,0.0
22.608139980999113,4.064943105390331e-05,-6.330353077037822e-05,0.0007233557073709361,0.7848000000006682,-1.3845548564174544e-05,7.094664109530413e-07,0.0,7,0.0005257858133287672,0.0
22.61857561099896,3.25744909709777e-05,-5.27379887833982e-05,0.0007140921578680234,0.7848000000007308,-1.4089747754171973e-05,5.685321196047255e-07,0.0,7,0.0005100658270485881,0.0
22.628951596998377,2.4448915745078942e-05,-4.207360325361412e-05,0.0007154523375104539,0.784800000000768,-1.4173468635896136e-05,4.267140782943102e-07,0.0,7,0.0005110373839360386,0.0
22.63951978699879,1.629448154000021e-05,-3.133434339951878e-05,0.0007143932490922153,0.7848000000007955,-1.4240678832362224e-05,2.8439235277843977e-07,0.0,7,0.0005102808922087252,0.0
22.649707478998607,8.074578237580608e-06,-2.051700945784708e-05,0.0007048903388571638,0.7848000000008206,-1.4355281105313991e-05,1.4092797595566253e-07,0.0,7,0.0005034930991836884,0.0
22.659835386999475,-1.8463142825889422e-07,-9.64770558568607e-06,0.0006969848566587653,0.7848000000008304,-1.4406829836634298e-05,-3.2224263257774055e-09,0.0,7,0.0004978463261848323,0.0
22.67005716099993,-8.409282459151485e-06,1.2250646476135666e-06,0.0006957711872159123,0.7848000000008187,-1.434183733476446e-05,-1.46769666642399e-07,0.0,7,0.0004969794194399374,0.0
22.68022536799981,-1.6573427253894853e-05,1.207503910934961e-05,0.000693580851768925,0.7848000000007955,-1.4245668798588279e-05,-2.8926087392022737e-07,0.0,7,0.0004969794194399374,0.0
22.6910669889985,-2.4690658358197883e-05,2.289446487255845e-05,0.0006861789986594014,0.7848000000007662,-1.4164074318043034e-05,-4.309332828356105e-07,0.0,7,0.0004901278561852868,0.0
22.701155085998835,-3.27389923887688e-05,3.365911122143484e-05,0.000679454679729537,0.7848000000007238,-1.403280604334528e-05,-5.71403210969379e-07,0.0,7,0.00048532477123538353,0.0
22.711607478999213,-4.0664954323526035e-05,4.433011347163771e-05,0.0006769548957806131,0.7848000000006647,-1.3815070336385644e-05,-7.097373431186327e-07,0.0,7,0.0004835392112718665,0.0
22.721764579999217,-4.8442718414678226e-05,5.488159091532179e-05,0.0006742091594690812,0.7848000000005955,-1.3561452660960311e-05,-8.454849349526228e-07,0.0,7,0.0004815779710493437,0.0
22.732295474999773,-5.607306555201076e-05,6.530028190745077e-05,0.000668304949871148,0.7848000000005203,-1.330423732057997e-05,-9.786596155691996e-07,0.0,7,0.0004773606784793914,0.0
22.742653022000013,-6.35370972867174e-05,7.556400408949445e-05,0.0006626677311680722,0.7848000000004356,-1.3006771561648445e-05,-1.1089315448131742e-06,0.0,7,0.00047333409369148014,0.0
22.753036969999812,-7.079555758447551e-05,8.564131399839418e-05,0.0006597202134627278,0.7848000000003401,-1.2644548009938299e-05,-1.2356155756343412e-06,0.0,7,0.0004712287239019484,0.0
22.763521279999622,-7.782519374078659e-05,9.550849478833019e-05,0.0006568813630660107,0.7848000000002383,-1.2247694468274553e-05,-1.3583058717792085e-06,0.0,7,0.00046920097361857906,0.0
22.77374927099845,-8.462064214456915e-05,0.0001051505213373908,0.0006521821201556368,0.7848000000001328,-1.1838876186071665e-05,-1.4769088205746073e-06,0.0,7,0.00046584437153974063,0.0
22.784153402999436,-9.116608185172672e-05,0.00011454788304161176,0.0006475965019914876,0.7848000000000231,-1.1397830414525752e-05,-1.5911482944552802e-06,0.0,7,0.00046256892999391977,0.0
22.7946743099983,-9.74328629345774e-05,0.00012367547330353082,0.0006447536392224732,0.7847999999999088,-1.090881221882344e-05,-1.7005242578527202e-06,0.0,7,0.000460538313730338,0.0
22.80497228299828,-0.0001034017263457474,0.0001325129772059514,0.0006421793637125682,0.7847999999997929,-1.0390023470048545e-05,-1.8047005769794566e-06,0.0,7,0.00045869954550897726,0.0
22.815314254999976,-0.00010906550637187267,0.00014104619224604594,0.0006385612085578463,0.7847999999996779,-9.857430574249837e-06,-1.903552186544033e-06,0.0,7,0.00045611514896989024,0.0
22.825449216999914,-0.00011441187739667392,0.00014925901773100376,0.0006350236409849901,0.7847999999995637,-9.300434743294789e-06,-1.9968639639600383e-06,0.0,7,0.00045358831498927863,0.0
22.835752426999534,-0.00011942070091124126,0.00015713222175475338,0.0006326483846964991,0.7847999999994513,-8.709378327119553e-06,-2.0842844259405524e-06,0.0,7,0.0004518917033546422,0.0
22.846381588999066,-0.0001240775173506596,0.0001646497528839487,0.0006306034790673452,0.7847999999993422,-8.09556504267427e-06,-2.1655612054694018e-06,0.0,7,0.0004504310564766751,0.0
22.856133188999593,-0.00012837614664273854,0.00017179999448721617,0.0006280229686062131,0.7847999999992386,-7.470377186958661e-06,-2.240586439938852e-06,0.0,7,0.0004504310564766751,0.0
22.867236018999392,-0.00013230824362266036,0.00017857092090089354,0.0006255400150093435,0.7847999999991404,-6.828840985733978e-06,-2.3092144787462132e-06,0.0,7,0.0004468142964352454,0.0
22.877253854998344,-0.000135863677663987,0.00018495028035507024,0.0006234346133682312,0.7847999999990493,-6.1700250032400495e-06,-2.3712685091048513e-06,0.0,7,0.0004453104381201652,0.0
22.88749127399933,-0.00013902839600746938,0.00019092461433717426,0.0006224988598766852,0.7847999999989654,-5.487627784941845e-06,-2.4265032640968798e-06,0.0,7,0.0004446420427690609,0.0
22.897928301999855,-0.00014179794274688765,0.00019648557613949867,0.0006213049856904127,0.7847999999988906,-4.7994723660028506e-06,-2.474840973487602e-06,0.0,7,0.00044378927549315193,0.0
22.908547476999956,-0.00014417301617938324,0.00020162789315795513,0.0006195741820295679,0.7847999999988254,-4.110515454463073e-06,-2.516293824861293e-06,0.0,7,0.000442552987163977,0.0
22.91837708999992,-0.0001461479952470565,0.0002063440215088572,0.0006184335334249017,0.7847999999987701,-3.4105428647994215e-06,-2.550763712250159e-06,0.0,7,0.0004417382381606441,0.0
22.928988371999367,-0.00014771529015410436,0.00021062616856834987,0.000618143503671878,0.7847999999987252,-2.6990539853280317e-06,-2.578118168727883e-06,0.0,7,0.0004415310740513414,0.0
22.93905013999938,-0.00014887434249690257,0.00021447050216094618,0.0006178306668369579,0.7847999999986913,-1.9877826766402088e-06,-2.5983474483126656e-06,0.0,7,0.00044130761916925563,0.0
22.949592278999262,-0.0001496285203301921,0.00021787572077846995,0.0006172610219278441,0.7847999999986687,-1.2812597451018437e-06,-2.6115103346491253e-06,0.0,7,0.0004409007299484601,0.0
22.958990687999176,-0.00014997857072810106,0.00022084000038605475,0.0006170112935915931,0.7847999999986571,-5.75208725076474e-07,-2.6176198666405526e-06,0.0,7,0.0004409007299484601,0.0
22.969561811998574,-0.00014992242818753036,0.00022336089682815355,0.0006175755186154928,0.7847999999986569,1.335595068306131e-07,-2.6166399944571594e-06,0.0,7,0.0004411253704396377,0.0
22.97977366899977,-0.00014946350223765412,0.0002254392090417443,0.0006182291354666122,0.7847999999986678,8.350289142706259e-07,-2.6086302256089766e-06,0.0,7,0.0004411253704396377,0.0
22.9904644319995,-0.00014860957053055708,0.00022707847176174078,0.0006186442092790171,0.7847999999986895,1.5237527020997604e-06,-2.5937263057329574e-06,0.0,7,0.00044188872091358364,0.0
23.000348730998667,-0.00014736603321553293,0.0002282818038367442,0.0006193748748896558,0.7847999999987217,2.2039068026819146e-06,-2.572022485214376e-06,0.0,7,0.0004424106249211828,0.0
23.010727020999184,-0.00014573679703150797,0.00022905230443207668,0.000620691017943567,0.7847999999987638,2.876455806370779e-06,-2.5435869495105123e-06,0.0,7,0.00044335072710254784,0.0
23.02120406799986,-0.0001437295165303786,0.0002293954887874395,0.0006221591310636141,0.7847999999988154,3.534785189187824e-06,-2.508553295754723e-06,0.0,7,0.0004443993793311529,0.0
23.031155135999143,-0.00014156353718997454,0.00022941614093898753,0.0005758204606661538,0.784799999998856,3.6583761305842016e-06,-2.4707498247344972e-06,0.0,7,0.0004443993793311529,0.0
23.04165369399925,-0.00013987903159125008,0.0002294161409393222,0.00044555638397896966,0.784799999998864,2.8789152575473267e-06,-2.4413496557684766e-06,0.0,7,0.00031825455998497833,0.0
23.051897538998674,-0.00013871225281601973,0.00022941614093958715,0.0003030012315076859,0.7847999999988661,1.9904570937499294e-06,-2.4209855244983203e-06,0.0,7,0.0002164294510769185,0.0
23.06252593299905,-0.00013805728256446556,0.00022941614093977146,0.00015752120234291156,0.784799999998866,1.0989883757294174e-06,-2.4095541371060847e-06,0.0,7,0.00011251514453065111,0.0
23.072614518998307,-0.00013791015290378917,0.00022941614093987257,9.637223391448456e-06,0.7847999999988636,2.1287223814873196e-07,-2.4069862400999398e-06,0.0,7,6.883730993891754e-06,0.0
23.082740679999915,-0.0001382687917662267,0.00022941614093988945,-0.00014107843378139228,0.7847999999988593,-6.699408621404702e-07,-2.4132456690750814e-06,0.0,7,-0.00010077030984385162,0.0
23.092896803998883,-0.00013913300590127567,0.00022941614093982017,-0.00029516337747578406,0.7847999999988529,-1.552595346854149e-06,-2.428329051173961e-06,0.0,7,-0.00021083098391127433,0.0
23.103296186998705,-0.0001405044741074747,0.00022941614093966296,-0.000453176572973515,0.784799999998844,-2.438344682711685e-06,-2.4522656869585546e-06,0.0,7,-0.0003236975521239393,0.0
23.113447071998962,-0.00014238674784307,0.00022941614093941576,-0.000615691265001548,0.784799999998833,-3.3304567494360083e-06,-2.485117561068506e-06,0.0,7,-0.0004397794750011057,0.0
23.123674154998298,-0.0001447852586303467,0.00022941614093907606,-0.0007832952065760861,0.7847999999988189,-4.232214517676553e-06,-2.526979471451085e-06,0.0,7,-0.0005594965761257758,0.0
23.134326783998404,-0.00014727617450533933,0.0002292152590279228,-0.000870764623486924,0.7847999999987751,-4.221227522596172e-06,-2.5704541548599025e-06,0.0,7,-0.0006219747310620885,0.0
23.144349788999534,-0.0001489574782523882,0.0002283885003529822,-0.000819053696856595,0.784799999998703,-2.6891998854731208e-06,-2.599798440972023e-06,0.0,7,-0.0005850383548975679,0.0
23.154475460998583,-0.00014945137116954358,0.00022675471013816785,-0.0007347737722335877,0.784799999998668,-8.342666426438638e-07,-2.608418498528664e-06,0.0,7,-0.0005850383548975679,0.0
23.164979117998882,-0.00014956848351846945,0.00022468854437426546,-0.0007720253546242777,0.7847999999986636,-3.2324091856820576e-07,-2.6104624946121646e-06,0.0,7,-0.0005514466818744841,0.0
23.175611352999113,-0.00014967309710171912,0.00022235918202306282,-0.0008389475464938951,0.7847999999986615,-1.2783733239009734e-07,-2.612288346082181e-06,0.0,7,-0.0005992482474956394,0.0
23.18586783899991,-0.00014914603631712353,0.00021947762485193968,-0.0008111043582227951,0.7847999999986756,1.0943458105149956e-06,-2.603089400032843e-06,0.0,7,-0.000579360255873425,0.0
23.19599008899968,-0.0001476918658523197,0.00021590537049391215,-0.000756209336860818,0.7847999999987232,2.5791016033115485e-06,-2.57770933753676e-06,0.0,7,-0.0005401495263291557,0.0
23.2062447599983,-0.00014579982384452003,0.0002118710639720484,-0.0007741568860186268,0.7847999999987717,3.2432511654617847e-06,-2.5446869749146117e-06,0.0,7,-0.000552969204299019,0.0
23.216538052998658,-0.00014373500494642582,0.00020750081188076566,-0.0008153324893928724,0.7847999999988184,3.6440351305917333e-06,-2.508649086685466e-06,0.0,7,-0.0005823803495663374,0.0
23.22657383799924,-0.00014114208886090968,0.00020263205597696095,-0.0007997272292605191,0.7847999999988959,4.645577282238529e-06,-2.4633941637652867e-06,0.0,7,-0.0005712337351860851,0.0
23.237364125998283,-0.00013782235659247325,0.00019717525352171307,-0.0007634799759767632,0.7847999999990011,5.836848616301492e-06,-2.405453905396371e-06,0.0,7,-0.0005453428399834024,0.0
23.247140658999342,-0.00013407110719851687,0.00019127221531872377,-0.0007705733926101323,0.784799999999096,6.5223102195572944e-06,-2.33998225240839e-06,0.0,7,-0.0005453428399834024,0.0
23.257916628999737,-0.00013008014387643957,0.00018501798761674028,-0.000794906834035373,0.7847999999991848,6.996317331770912e-06,-2.2703268021118106e-06,0.0,7,-0.0005677905957395521,0.0
23.2683898339983,-0.00012565252171869987,0.00017832703259165677,-0.0007854402421704451,0.7847999999993006,7.8106414546171e-06,-2.1930502174249966e-06,0.0,7,-0.0005610287444074608,0.0
23.278444128000046,-0.00012066096731838656,0.00017114652427828298,-0.0007608870386234754,0.7847999999994364,8.750167653426275e-06,-2.1059311583471185e-06,0.0,7,-0.000543490741873911,0.0
23.28867449399877,-0.00011528722726432919,0.00016356852603589714,-0.0007619224139176502,0.7847999999995571,9.371665981782656e-06,-2.0121417012575193e-06,0.0,7,-0.0005442302956554645,0.0
23.299243102999753,-0.00010967088976583225,0.00015566657008886454,-0.0007753045356755753,0.7847999999996674,9.825353792980628e-06,-1.9141181200055257e-06,0.0,7,-0.0005537889540539823,0.0
23.309124329000042,-0.0001037095074518285,0.00014740196657890133,-0.0007687119954871181,0.7847999999997951,1.0460985020599922e-05,-1.8100723706560018e-06,0.0,7,-0.0005537889540539823,0.0
23.319587616999343,-9.732684756637961e-05,0.00013874855330842003,-0.0007514292312292092,0.784799999999933,1.1170229155157276e-05,-1.6986739406199547e-06,0.0,7,-0.0005367351651637209,0.0
23.329606919998696,-9.063872685310086e-05,0.00012977033618538332,-0.0007491358834167888,0.7848000000000542,1.1672714876051775e-05,-1.5819442134024086e-06,0.0,7,-0.0005350970595834206,0.0
23.339884080000047,-8.374834614374129e-05,0.00012052626512931137,-0.0007554654417183459,0.7848000000001609,1.2041420707504709e-05,-1.4616843833081816e-06,0.0,7,-0.0005396181726559613,0.0
23.350377957998717,-7.660909265377786e-05,0.00011100595720047562,-0.0007500920835617893,0.784800000000274,1.2496623589107242e-05,-1.337080903773824e-06,0.0,7,-0.0005357800596869924,0.0
23.36077664199911,-6.918009879999755e-05,0.00010120199058379435,-0.0007373281493842327,0.7848000000003889,1.2986937383236112e-05,-1.2074205009149352e-06,0.0,7,-0.0005266629638458805,0.0
23.37089037199985,-6.153903515261015e-05,9.116265891723893e-05,-0.0007332805500395298,0.7848000000004852,1.333634947277916e-05,-1.0740587819135783e-06,0.0,7,-0.000523771821456807,0.0
23.38085603699983,-5.376393827461384e-05,8.093699292002346e-05,-0.0007351511073813194,0.7848000000005649,1.3577720297430542e-05,-9.383577417310107e-07,0.0,7,-0.000523771821456807,0.0
23.391852287999427,-4.5840575998031045e-05,7.053137201491766e-05,-0.0007302429184327619,0.7848000000006417,1.3849056812195679e-05,-8.000689821763274e-07,0.0,7,-0.00052160208459483,0.0
23.402076017999207,-3.775174200547937e-05,5.9950983724418344e-05,-0.0007203361751329219,0.7848000000007134,1.4128506357004552e-05,-6.588921963590622e-07,0.0,7,-0.0005145258393806585,0.0
23.412488670999664,-2.955282201818194e-05,4.923513021473004e-05,-0.0007154711262777228,0.7848000000007667,1.4306502887122876e-05,-5.157940474731504e-07,0.0,7,-0.0005110508044840877,0.0
23.422781823999685,-2.130427652318945e-05,3.842581144077657e-05,-0.0007146255959399595,0.784800000000802,1.439599234945717e-05,-3.7182977008498597e-07,0.0,7,-0.0005104468542428282,0.0
23.433346801999505,-1.3009936587671248e-05,2.7538823478829105e-05,-0.0007099197575050586,0.7848000000008291,1.448314863865602e-05,-2.2706622893053918e-07,0.0,7,-0.0005070855410750419,0.0
23.443537356999514,-4.662474188196806e-06,1.6584827441121303e-05,-0.000701096340445673,0.7848000000008479,1.456958226300403e-05,-8.1375525873284e-08,0.0,7,-0.0005007831003183378,0.0
23.453598634998343,3.687134424132249e-06,5.601755999133156e-06,-0.0006967561836883605,0.7848000000008475,1.4561967839205343e-05,6.435263566473282e-08,0.0,7,-0.0004976829883488289,0.0
23.464120659999026,1.1989259008955488e-05,-5.372950738561303e-06,-0.000695070424694263,0.7848000000008305,1.4482198208011628e-05,2.092520445806656e-07,0.0,7,-0.0004964788747816165,0.0
23.474579617999552,2.0241588193574798e-05,-1.632390479926488e-05,-0.000689701433374718,0.7848000000008051,1.439989442306676e-05,3.5328235981069156e-07,0.0,7,-0.0004926438809819414,0.0
23.484573987998374,2.8435660328537866e-05,-2.7232943510103098e-05,-0.0006827756869902537,0.7848000000007689,1.4291654088888727e-05,4.962958977117182e-07,0.0,7,-0.0004876969192787526,0.0
23.494756022999354,3.6530901179551004e-05,-3.806699905854552e-05,-0.000678515821516175,0.784800000000717,1.4112548601735804e-05,6.375845043038453e-07,0.0,7,-0.00048465415822583933,0.0
23.50506251599836,4.449098761626335e-05,-4.879505866886473e-05,-0.0006756873020422654,0.7848000000006522,1.3877844866866562e-05,7.765142213678189e-07,0.0,7,-0.00048263378717304674,0.0
23.515561701999104,5.230507572832173e-05,-5.9398150566604665e-05,-0.000670969556547209,0.7848000000005793,1.362479813586812e-05,9.128957869641852e-07,0.0,7,-0.00047926396896229214,0.0
23.52565601599963,5.996099773129235e-05,-6.985691850233249e-05,-0.0006652380599783807,0.7848000000004977,1.3344529849264764e-05,1.0465168331919017e-06,0.0,7,-0.00047517004284170053,0.0
23.53596390599887,6.742770298937535e-05,-8.014343921099007e-05,-0.00066114781103451,0.7848000000004055,1.3009520262000599e-05,1.176835424221423e-06,0.0,7,-0.00047224843645322137,0.0
23.54620656299994,7.4675766359213e-05,-9.023079803493278e-05,-0.0006581253936624087,0.7848000000003047,1.2627951358253823e-05,1.3033379944182855e-06,0.0,7,-0.00047224843645322137,0.0
23.556710847999057,8.169529412752433e-05,-0.0001001015024003266,-0.0006535683263906568,0.7848000000001996,1.2229619007938878e-05,1.425851865910488e-06,0.0,7,-0.0004668345188504691,0.0
23.567058407999866,8.846793843768512e-05,-0.00010973449227210514,-0.0006494019936871667,0.7848000000000889,1.1794868439705066e-05,1.5440568081892536e-06,0.0,7,-0.0004638585669194048,0.0
23.57737970800008,9.496886340685417e-05,-0.00011910605757760044,-0.0006462394719065751,0.7847999999999736,1.1318942997039773e-05,1.6575193533263644e-06,0.0,7,-0.0004615996227904108,0.0
23.587690949998432,0.00010118079043000227,-0.00012819642352871852,-0.0006430809088076989,0.7847999999998562,1.0814663564454766e-05,1.7659379327739089e-06,0.0,7,-0.00045934350629121346,0.0
23.598089354998592,0.00010709212839542607,-0.0001369889273692416,-0.0006394438329302633,0.7847999999997382,1.02889900020543e-05,1.8691102434686968e-06,0.0,7,-0.0004567455949501881,0.0
23.608415193999463,0.00011268750608946104,-0.0001454656327757276,-0.0006361105082360703,0.7847999999996204,9.73520109107761e-06,1.966768007122255e-06,0.0,7,-0.0004543646487400502,0.0
23.618545755000014,0.00011794879722564427,-0.00015360782333207834,-0.0006335005080809855,0.7847999999995037,9.150813912024311e-06,2.0585948603546456e-06,0.0,7,-0.0004525003629149896,0.0
23.628875295999023,0.00012286263848720387,-0.00016139953568378843,-0.000631028517344287,0.78479999999939,8.544323883232965e-06,2.1443575692892125e-06,0.0,7,-0.00045073465524591926,0.0
23.63914952199957,0.00012741994419985904,-0.00016882736842007377,-0.0006283570130327084,0.7847999999992809,7.921384380232783e-06,2.2238975589949916e-06,0.0,7,-0.00044882643788050604,0.0
23.64961043599942,0.00013161004551098625,-0.00017587777229147327,-0.0006259441910630818,0.7847999999991768,7.279029021491506e-06,2.297028622866293e-06,0.0,7,-0.00044710299361648705,0.0
23.659821943998395,0.00013542091081478097,-0.00018253716611307623,-0.0006240798266983799,0.7847999999990791,6.616296648364378e-06,2.363540769767525e-06,0.0,7,-0.0004457713047845571,0.0
23.670407244999296,0.00013884378483298271,-0.00018879411898062157,-0.0006224233440857405,0.7847999999989892,5.939115416335609e-06,2.4232811912661134e-06,0.0,7,-0.00044458810291838605,0.0
23.68051629599904,0.0001418732064259812,-0.0001946393820145584,-0.0006207430346287924,0.7847999999989076,5.2521331840860155e-06,2.4761545724949485e-06,0.0,7,-0.0004433878818777088,0.0
23.69076097799916,0.00014450339853603076,-0.0002000642204813666,-0.0006193033610196394,0.7847999999988351,4.554596988020134e-06,2.5220600847752905e-06,0.0,7,-0.0004423595435854567,0.0
23.700963057999616,0.0001467281451888397,-0.00020506036461237834,-0.000618300197794214,0.7847999999987726,3.846596910292026e-06,2.56088923888953e-06,0.0,7,-0.00044164299842443857,0.0
23.711379691998445,0.0001485436281666796,-0.00020962134270179064,-0.0006175363255111772,0.7847999999987206,3.132506543774881e-06,2.5925753943667473e-06,0.0,7,-0.0004410973753651265,0.0
23.721906884999044,0.00014994862835021882,-0.00021374258771216393,-0.000616853473370599,0.7847999999986797,2.4161966257545685e-06,2.6170972735606313e-06,0.0,7,-0.00044060962383614215,0.0
23.73221337799987,0.00015094230663279906,-0.0002174204096193795,-0.0006164013762419052,0.78479999999865,1.6981579015714687e-06,2.6344402312972193e-06,0.0,7,-0.0004402866973156465,0.0
23.742453380998995,0.00015152395881416945,-0.00022065188275440808,-0.0006163094876772981,0.7847999999986318,9.791395136699463e-07,2.6445919769635395e-06,0.0,7,-0.0004402210626266414,0.0
23.75241981399995,0.00015169473340534764,-0.00022343564867410116,-0.0006164628956884482,0.7847999999986252,2.625270705582562e-07,2.6475725558583463e-06,0.0,7,-0.00044033063977746306,0.0
23.762849158998506,0.00015145786335111182,-0.00022577202690650752,-0.000616754102625532,0.7847999999986299,-4.48442941327827e-07,2.643438393512554e-06,0.0,7,-0.0004405386447325229,0.0
23.773133442999097,0.00015081730182648669,-0.00022766237746366783,-0.0006172646669027048,0.7847999999986461,-1.152648032712187e-06,2.6322584858462506e-06,0.0,7,-0.000440903333501932,0.0
23.783584088998396,0.000149777460642482,-0.00022910897327789676,-0.0006180771000211237,0.784799999998673,-1.8489838007207843e-06,2.6141098334875323e-06,0.0,7,-0.0004414836428722312,0.0
23.79379950799921,0.00014834422960114573,-0.00023011546916526686,-0.000619123584160115,0.7847999999987106,-2.534757082053104e-06,2.5890952328744277e-06,0.0,7,-0.00044223113154293926,0.0
23.804077295999377,0.00014652517366451,-0.00023068698727674218,-0.0006203303686003579,0.7847999999987582,-3.2072846946347592e-06,2.5573467175021847e-06,0.0,7,-0.0004430931204288271,0.0
23.81451676799952,0.00014434043592148342,-0.00023083518205002762,-0.0006180531174716377,0.7847999999988134,-3.825127328158015e-06,2.519215850593781e-06,0.0,7,-0.00044146651247974127,0.0
23.826193977998628,0.00014220660565324406,-0.00023083518205041953,-0.0005007573999102749,0.7847999999988338,-3.2510570181768328e-06,2.48197348673429e-06,0.0,7,-0.00035768385707876785,0.0
23.83526531699863,0.00014093557816799706,-0.00023083518205068657,-0.00037354623894554395,0.7847999999988373,-2.4600111347302403e-06,2.4597898722333866e-06,0.0,7,-0.00026681874210396,0.0
23.845694661999005,0.00014001794343651824,-0.00023083518205091024,-0.00022751275133627764,0.7847999999988381,-1.5563704491904233e-06,2.443774124838427e-06,0.0,7,-0.00016250910809734116,0.0
23.85592984699906,0.00013961616177471516,-0.00023083518205105157,-7.903816080642458e-05,0.7847999999988369,-6.567253008277623e-07,2.436761711965829e-06,0.0,7,-0.00016250910809734116,0.0
23.86673927099946,0.0001397271933356455,-0.00023083518205110792,7.206222596597465e-05,0.7847999999988335,2.3826334873486706e-07,2.438699578277692e-06,0.0,7,5.147301854712475e-05,0.0
23.876864663998276,0.0001403498289233082,-0.000230835182051087,0.00022627906137427604,0.784799999998828,1.1313631094546775e-06,2.4495666193224963e-06,0.0,7,0.00016162790098162575,0.0
23.887083923998944,0.00014148490448925134,-0.00023083518205096922,0.000384211082659668,0.7847999999988202,2.026083846662468e-06,2.469377425207142e-06,0.0,7,0.00027443648761404856,0.0
23.897569840999495,0.00014313508943485242,-0.0002308351820507614,0.0005464149828466395,0.7847999999988099,2.925630811985704e-06,2.498178585774724e-06,0.0,7,0.0003902964163190282,0.0
23.90740699699927,0.00014530494327608055,-0.00023083518205046147,0.0007134765899355002,0.7847999999987971,3.83330436885039e-06,2.5360496795912013e-06,0.0,7,0.0005096261356682144,0.0
23.917481404998398,0.00014795516570529198,-0.00023081385735022352,0.0008768907122131735,0.7847999999987784,4.654204888117703e-06,2.582304786891143e-06,0.0,7,0.0006263505087236953,0.0
23.927694728999995,0.000150137263358933,-0.00023032533118688366,0.0008601327129949949,0.7847999999987014,3.4845825355659577e-06,2.6203895755472217e-06,0.0,7,0.0006143805092821392,0.0
23.938000524000017,0.00015085559305863001,-0.0002288999850080856,0.0007322900357605977,0.7847999999986452,1.1367354169476497e-06,2.632926793921797e-06,0.0,7,0.0005230643112575698,0.0
23.94848874499985,0.0001509389326495041,-0.0002269197997466676,0.0007412976580429507,0.7847999999986389,3.1273663882740165e-07,2.6343813441798147e-06,0.0,7,0.0005294983271735362,0.0
23.958315284999117,0.00015120172972039232,-0.00022476349082304554,0.0008415771021782113,0.7847999999986347,4.7449165681917756e-07,2.6389680183314113e-06,0.0,7,0.0005294983271735362,0.0
23.96892852399833,0.00015103050857933687,-0.00022214499790355752,0.0008372058000647278,0.7847999999986379,-5.099531787846751e-07,2.6359796456709716e-06,0.0,7,0.000598004142903377,0.0
23.97893336999914,0.00014977631149535337,-0.00021876069639021397,0.0007571452472864153,0.7847999999986803,-2.287870181020566e-06,2.614089777086548e-06,0.0,7,0.000598004142903377,0.0
23.98939246699956,0.00014791088683723864,-0.0002148302868796467,0.0007559866101227237,0.7847999999987328,-3.1713151408421865e-06,2.581531974854556e-06,0.0,7,0.0005399904358019455,0.0
24.00033626699951,0.00014597509156713008,-0.000210608112611464,0.0008163829512978743,0.7847999999987721,-3.373987693120589e-06,2.547745973746629e-06,0.0,7,0.0005831306794984815,0.0
24.00979830199867,0.00014363614557181693,-0.00020594221467133033,0.0008165654794747543,0.7847999999988384,-4.222112895434853e-06,2.5069236651020788e-06,0.0,7,0.0005831306794984815,0.0
24.02050002999931,0.0001404792877783965,-0.000200642094169403,0.0007659345382813609,0.7847999999989458,-5.5898523739371526e-06,2.4518261025896493e-06,0.0,7,0.0005470960987724007,0.0
24.030709512999238,0.00013639169546476404,-0.00019423745671625863,0.0007628000571276025,0.7847999999990563,-6.4781060167842505e-06,2.3804841582375502e-06,0.0,7,0.0005448571836625732,0.0
24.04075905799982,0.00013286285739979486,-0.00018869192123755442,0.0007922643632935673,0.7847999999991321,-6.83432281633879e-06,2.3188943152341324e-06,0.0,7,0.0005659031166382624,0.0
24.050869015998614,0.00012859245397840326,-0.0001821416708107415,0.0007947330189629064,0.7847999999992392,-7.536817418570583e-06,2.2443617151424178e-06,0.0,7,0.0005676664421163616,0.0
24.061119984999095,0.00012373584590778127,-0.00017508681636685684,0.0007664102787099114,0.7847999999993767,-8.537682954150567e-06,2.159597913831135e-06,0.0,7,0.0005676664421163616,0.0
24.071918233999895,0.00011841593142382024,-0.00016759165487191085,0.000758047738850941,0.7847999999995067,-9.279664335277848e-06,2.06674789016148e-06,0.0,7,0.000541462670607815,0.0
24.08251261499936,0.00011285015619542758,-0.00015976575932324694,0.0007741373363243199,0.7847999999996169,-9.720728703397005e-06,1.969606787000089e-06,0.0,7,0.0005529552402316571,0.0
24.0926594499997,0.00010698460735264207,-0.00015159301404709503,0.0007750724759022293,0.7847999999997399,-1.0293268759321718e-05,1.8672336472569384e-06,0.0,7,0.0005536231970730209,0.0
24.102783794998686,0.00010068346742456735,-0.0001430194047248987,0.0007559836861985326,0.784799999999882,-1.10424168688433e-05,1.7572580088831558e-06,0.0,7,0.0005399883472846661,0.0
24.113178288998824,9.402227275288868e-05,-0.0001340899553556785,0.0007477725148086765,0.7848000000000127,-1.162822756807116e-05,1.6409982297460601e-06,0.0,7,0.0005341232248633404,0.0
24.123395942999196,8.714942211593364e-05,-0.00012488452756100152,0.0007553480221372399,0.7848000000001223,-1.2001223181709568e-05,1.5210443571334054e-06,0.0,7,0.0005395343015266,0.0
24.133746575998885,8.005137749542282e-05,-0.00011540813302042507,0.0007546805161885293,0.7848000000002345,-1.24240518543046e-05,1.3971601080520202e-06,0.0,7,0.0005390575115632353,0.0
24.144774675000008,7.265224090788146e-05,-0.00010563699632280887,0.0007410002252631602,0.7848000000003549,-1.2943922024079597e-05,1.2680208127946457e-06,0.0,7,0.0005292858751879716,0.0
24.15564004299995,6.498882790985842e-05,-9.560026659857639e-05,0.0007309848625045181,0.7848000000004635,-1.3376519509138301e-05,1.134269024039014e-06,0.0,7,0.0005221320446460844,0.0
24.165284923999934,5.718089844577417e-05,-8.536635022907954e-05,0.0007339127305660978,0.7848000000005472,-1.3623260014481335e-05,9.979949471272676e-07,0.0,7,0.0005242233789757841,0.0
24.175671315999352,4.926318844741578e-05,-7.496451690008946e-05,0.0007359465558488961,0.784800000000621,-1.3836997259349738e-05,8.598048384378387e-07,0.0,7,0.0005256761113206401,0.0
24.18606874299985,4.117126008049229e-05,-6.437800911474832e-05,0.0007249886601897239,0.7848000000006995,-1.4146855782277916e-05,7.18574045599496e-07,0.0,7,0.0005178490429926599,0.0
24.196166548999827,3.291926174989316e-05,-5.362685998573527e-05,0.0007145910044172692,0.7848000000007651,-1.4402528573761602e-05,5.745495048614657e-07,0.0,7,0.0005178490429926599,0.0
24.206849209998836,2.4593830798252842e-05,-4.276525593867825e-05,0.0007125351057990967,0.7848000000008074,-1.4520869434612494e-05,4.2924332310789737e-07,0.0,7,0.0005089536469993548,0.0
24.217082997000034,1.6250445615435663e-05,-3.18331728099349e-05,0.0007134423151211217,0.7848000000008327,-1.4562805337463512e-05,2.8362378090562856e-07,0.0,7,0.000509601653657944,0.0
24.22750633599935,7.867089689492283e-06,-2.0834578105607602e-05,0.0007069041545200455,0.7848000000008539,-1.4641321171191155e-05,1.3730661763133867e-07,0.0,7,0.0005049315389428896,0.0
24.237547918999553,-5.602143013731252e-07,-9.781852749766747e-06,0.0006973940108978737,0.7848000000008652,-1.4706048701659282e-05,-9.777584075720824e-09,0.0,7,0.0004981385792127669,0.0
24.247954774999016,-8.969366535893734e-06,1.281720628798855e-06,0.000693626721214865,0.7848000000008554,-1.4662979594358483e-05,-1.565449778695438e-07,0.0,7,0.0004954476580106179,0.0
24.25848427299934,-1.731020668974368e-05,1.231830650280185e-05,0.0006924350504852667,0.7848000000008288,-1.4548902218194252e-05,-3.0212010093677577e-07,0.0,7,0.0004945964646323334,0.0
24.268804803999956,-2.5585419100185247e-05,2.3314736338652806e-05,0.0006869022736913886,0.7848000000007951,-1.4439688324761753e-05,-4.465498038008775e-07,0.0,7,0.0004906444812081347,0.0
24.279299451000043,-3.3790798743151854e-05,3.425476038815118e-05,0.0006792967317146572,0.7848000000007511,-1.4310252155836381e-05,-5.897606949467615e-07,0.0,7,0.00048521195122475515,0.0
24.289098192999518,-4.18812378471513e-05,4.510315261666951e-05,0.0006751428915427608,0.7848000000006907,-1.4101588491524948e-05,-7.309654952436517e-07,0.0,7,0.00048521195122475515,0.0
24.299962862998655,-4.981649394790983e-05,5.5827043216190676e-05,0.0006728773117001387,0.7848000000006172,-1.3832865542116416e-05,-8.69461841190855e-07,0.0,7,0.0004806266512143848,0.0
24.310466379998616,-5.758955053824464e-05,6.640924379104312e-05,0.0006681382861712462,0.7848000000005367,-1.3552745222799141e-05,-1.0051272716360415e-06,0.0,7,0.00047724163297946154,0.0
24.320296131998475,-6.519183269006788e-05,7.683211028900521e-05,0.0006620228008967839,0.7848000000004484,-1.3249824613837383e-05,-1.1378121258509566e-06,0.0,7,0.00047724163297946154,0.0
24.330550452999887,-7.25898796959087e-05,8.706666014707487e-05,0.0006580094085871702,0.7848000000003497,-1.288769076496167e-05,-1.2669324043201868e-06,0.0,7,0.00047287342921198844,0.0
24.341221450999,-7.975190870539063e-05,9.708496247786182e-05,0.0006553791066028758,0.7848000000002426,-1.2476329485056694e-05,-1.3919333916589949e-06,0.0,7,0.00046812793328776845,0.0
24.35114534999957,-8.666711712992696e-05,0.00010686920995031967,0.0006514001705869019,0.7848000000001318,-1.2047106518479482e-05,-1.5126265471288036e-06,0.0,7,0.00046812793328776845,0.0
24.361573716998464,-9.332562079790075e-05,0.00011640242809321924,0.0006465603865088754,0.7848000000000176,-1.1595918509540331e-05,-1.6288393593910655e-06,0.0,7,0.00046182884750633953,0.0
24.371510117998696,-9.970271646832326e-05,0.00012566114555461556,0.0006430361285638891,0.784799999999899,-1.1100826843315858e-05,-1.7401406755546134e-06,0.0,7,0.0004593115204027779,0.0
24.3814326899992,-0.00010577414556719464,0.0001346225213073262,0.0006405372193260227,0.7847999999997781,-1.0567223684481806e-05,-1.8461071036313115e-06,0.0,7,0.00045752658523287327,0.0
24.392071141999622,-0.00011152903695861367,0.00014327043026588935,0.0006373637307817635,0.784799999999658,-1.0015562355758385e-05,-1.9465489065062513e-06,0.0,7,0.0004552598077012596,0.0
24.402381197000068,-0.00011695846173147867,0.0001515901747505421,0.0006336981763538371,0.7847999999995394,-9.445519528492973e-06,-2.041310245282091e-06,0.0,7,0.000452641554538455,0.0
24.412431509999806,-0.00012204495350081204,0.00015956361103366403,0.0006308937434964092,0.7847999999994228,-8.844351103528855e-06,-2.13008627403255e-06,0.0,7,0.00045063838821172086,0.0
24.422905203999107,-0.00012677117381626766,0.0001671732006708979,0.0006288669489899344,0.7847999999993096,-8.215272283112102e-06,-2.2125743797118957e-06,0.0,7,0.00044919067784995317,0.0
24.43340948900004,-0.00013112848546177483,0.00017440604306084715,0.000626564751327905,0.7847999999992019,-7.571886146027506e-06,-2.288623814461488e-06,0.0,7,0.0004475462509485035,0.0
24.44332298199879,-0.00013511050038231135,0.00018125090124520996,0.000624026449742445,0.7847999999991004,-6.915719146240319e-06,-2.3581230856883906e-06,0.0,7,0.0004457331783874607,0.0
24.4529370629989,-0.0001387061716972465,0.00018769499278910578,0.0006220881258269513,0.7847999999990061,-6.239802026540583e-06,-2.420879388953523e-06,0.0,7,0.0004457331783874607,0.0
24.46362880399829,-0.0001419046490842289,0.00019372626184164076,0.0006207556074919612,0.7847999999989197,-5.5464009588475745e-06,-2.4767033504069502e-06,0.0,7,0.000443396862494258,0.0
24.473681002999,-0.0001447023600933514,0.00019933670325094458,0.0006191494412846092,0.7847999999988429,-4.84727661215833e-06,-2.525532619035431e-06,0.0,7,0.00044224960091757793,0.0
24.484159445999467,-0.00014709390037698816,0.00020451813752931337,0.000617922593430296,0.7847999999987755,-4.137439704238693e-06,-2.5672728711789716e-06,0.0,7,0.00044137328102164,0.0
24.49431410299985,-0.0001490736235091354,0.00020926295319891297,0.0006171231911955563,0.7847999999987187,-3.4186303266544997e-06,-2.6018255581128358e-06,0.0,7,0.00044080227942539733,0.0
24.50485002699861,-0.00015063929742740653,0.0002135658237237994,0.0006164523019675414,0.784799999998673,-2.6963240326723174e-06,-2.629151722999268e-06,0.0,7,0.00044032307283395816,0.0
24.51508793499852,-0.00015179132850491213,0.0002174233573165591,0.0006157537634768963,0.7847999999986387,-1.974331484596982e-06,-2.6492584583870382e-06,0.0,7,0.0004398241167692116,0.0
24.525437589998546,-0.0001525277389964179,0.00022083175904737004,0.0006156005345255319,0.7847999999986159,-1.2485730353115945e-06,-2.662111246110044e-06,0.0,7,0.00043971466751823704,0.0
24.535663974998897,-0.00015284825397477721,0.00022378873336873972,0.0006157977233317109,0.784799999998605,-5.233929054732986e-07,-2.667705287784372e-06,0.0,7,0.00043985551666550775,0.0
24.546230139998443,-0.00015275657731041658,0.0002262945522236629,0.0006159919641484364,0.7847999999986056,1.952711124876827e-07,-2.6661052281440334e-06,0.0,7,0.00043999426010602605,0.0
24.55639869499828,-0.00015225704308158936,0.0002283504953839667,0.0006163232708421094,0.7847999999986179,9.069461777939477e-07,-2.6573867111245875e-06,0.0,7,0.00044023090774436384,0.0
24.566455223999583,-0.00015135302407570192,0.00022995810090912475,0.0006170692124153368,0.7847999999986415,1.6126180957859832e-06,-2.641608602971246e-06,0.0,7,0.000440763723153812,0.0
24.576619868999842,-0.00015004942351218458,0.0002311203194578127,0.0006181238814258,0.7847999999986759,2.3091027769226903e-06,-2.6188564810070147e-06,0.0,7,0.00044151705816128573,0.0
24.58664147699892,-0.00014835397041880206,0.0002318421143445536,0.000619258669970528,0.7847999999987207,2.9919976866652844e-06,-2.589265242214367e-06,0.0,7,0.00044151705816128573,0.0
24.59763493399987,-0.00014627526242008045,0.00023212954166117395,0.0006205407029502835,0.784799999998775,3.660213230205971e-06,-2.5529849434491325e-06,0.0,7,0.0004432433592502025,0.0
24.60728519299846,-0.00014413525185065067,0.00023213530968470308,0.0005557889801075676,0.7847999999988103,3.5972082008452696e-06,-2.5156347129851042e-06,0.0,7,0.0004432433592502025,0.0
24.61803078199955,-0.00014251793470623897,0.00023213530968502736,0.00041905787221043796,0.7847999999988168,2.7651856198161694e-06,-2.4874072037661676e-06,0.0,7,0.00029932705157888423,0.0
24.628498748999846,-0.00014142783666171272,0.00023213530968527746,0.00027284556374400056,0.7847999999988186,1.856226922454339e-06,-2.4683814037196328e-06,0.0,7,0.0001948896883885718,0.0
24.638187979999202,-0.000140859306049514,0.00023213530968544462,0.00012388089284880036,0.7847999999988179,9.472800851117579e-07,-2.458458672638386e-06,0.0,7,0.0001948896883885718,0.0
24.648510885999713,-0.000140808666784542,0.00023213530968552683,-2.7607358554617927e-05,0.7847999999988152,4.354667485876489e-08,-2.4575748507338346e-06,0.0,7,8.84863520348574e-05,0.0
24.65933001799931,-0.00014127417388727623,0.00023213530968552276,-0.00018209012425498397,0.7847999999988102,-8.57417941164671e-07,-2.4656994823679668e-06,0.0,7,-0.0001300643744678457,0.0
24.669365943998855,-0.00014225599844611418,0.0002321353096854304,-0.00034012138362481896,0.784799999998803,-1.758859100782156e-06,-2.4828355535966296e-06,0.0,7,-0.00024294384544629925,0.0
24.679790958998638,-0.0001437562223249281,0.00023213530968524797,-0.0005022745555702171,0.7847999999987935,-2.6641016824634215e-06,-2.509019399798973e-06,0.0,7,-0.00035876753969301225,0.0
24.68994100599957,-0.00014577884012228687,0.00023213530968497307,-0.0006691374961046396,0.7847999999987813,-3.576484002645225e-06,-2.544320739872319e-06,0.0,7,-0.0004779553543604568,0.0
24.700227174998872,-0.0001483297680006757,0.00023213530968460314,-0.0008413134685012546,0.7847999999987662,-4.499361771207866e-06,-2.5888428303311173e-06,0.0,7,-0.0004779553543604568,0.0
24.710337342999992,-0.0001508162296742258,0.00023185553834133226,-0.0008934724215265595,0.7847999999987073,-4.076212613271063e-06,-2.632239773259215e-06,0.0,7,-0.0006381945868046854,0.0
24.720329546998983,-0.0001519121856898088,0.00023067279338912517,-0.0007629939343295421,0.7847999999986323,-1.6804959237713535e-06,-2.651367814188177e-06,0.0,7,-0.0005449956673782444,0.0
24.730944880999232,-0.00015198174350469266,0.00022875162218068587,-0.0007172792390509273,0.7847999999986199,-2.508947734844822e-07,-2.652581827078393e-06,0.0,7,-0.0005123423136078052,0.0
24.740833509998993,-0.00015211054624951682,0.00022659632635764764,-0.0008099622123612629,0.7847999999986177,-3.3240046897640875e-07,-2.6548298590611807e-06,0.0,7,-0.000578544437400902,0.0
24.751495497999713,-0.00015214016652626537,0.00022413318349870053,-0.0008559481755336238,0.7847999999986168,1.086194145682038e-07,-2.6553468304157946e-06,0.0,7,-0.0006113915539525884,0.0
24.76136121899981,-0.0001512503347280345,0.000220979155406463,-0.0007918740585336477,0.7847999999986449,1.7310792415618245e-06,-2.6398163357477245e-06,0.0,7,-0.0005656243275240341,0.0
24.771520066999074,-0.0001494412987599784,0.0002171336571744867,-0.0007442407698249491,0.7847999999987048,3.135138818133035e-06,-2.608242701818142e-06,0.0,7,-0.0005316005498749636,0.0
24.782166479999432,-0.00014739893646082365,0.000212917779515247,-0.0007903493341882566,0.7847999999987505,3.4961489321182686e-06,-2.5725967551792905e-06,0.0,7,-0.0005645352387058976,0.0
24.7925289169998,-0.00014518244433974617,0.00020836232187165145,-0.0008265603343980986,0.7847999999988031,3.9582941580852234e-06,-2.5339116698219755e-06,0.0,7,-0.0005904002388557847,0.0
24.80289505499968,-0.00014227376932467476,0.00020322899484898264,-0.0007884609835779241,0.7847999999988988,5.205928295313027e-06,-2.483145713938484e-06,0.0,7,-0.0005631864168413744,0.0
24.813427206998313,-0.00013863124940617028,0.00019750167022585048,-0.0007550797609289859,0.7847999999990134,6.361712877233698e-06,-2.419571748291105e-06,0.0,7,-0.0005393426863778471,0.0
24.82376980799927,-0.00013468445632984285,0.0001913853896972679,-0.0007796569325196654,0.784799999999104,6.854914146131604e-06,-2.3506872142142754e-06,0.0,7,-0.0005568978089426182,0.0
24.834260683999673,-0.00013050799242296775,0.00018492116648028786,-0.0008021012042464819,0.7847999999991983,7.349747597669808e-06,-2.277794167948599e-06,0.0,7,-0.0005729294316046299,0.0
24.844416597999953,-0.00012579686623125278,0.0001779733554428067,-0.0007786183735334431,0.7847999999993308,8.312961280139588e-06,-2.1955695044262313e-06,0.0,7,-0.0005561559810953166,0.0
24.854387080999004,-0.00012051318452444523,0.00017053107329785948,-0.0007548178902921245,0.7847999999994735,9.236599675029041e-06,-2.103351862015046e-06,0.0,7,-0.0005391556359229461,0.0
24.864879213999302,-0.00011492770723557828,0.00016272842169496774,-0.0007666256507389135,0.7847999999995898,9.733986820401598e-06,-2.0058668930289514e-06,0.0,7,-0.0005475897505277953,0.0
24.875174462998984,-0.00010911424272370099,0.0001546088042924408,-0.0007795534679040298,0.7847999999997037,1.0186885065190164e-05,-1.9044027963488475e-06,0.0,7,-0.0005568239056457355,0.0
24.885636702998454,-0.00010289947231011209,0.00014610081386536583,-0.000764268099372837,0.7847999999998433,1.0908771021447976e-05,-1.7959345903761914e-06,0.0,7,-0.0005459057852663121,0.0
24.89574428599917,-9.62574261297265e-05,0.0001372020298790723,-0.0007468129460320554,0.7847999999999854,1.1608604995559638e-05,-1.6800090154589498e-06,0.0,7,-0.0005459057852663121,0.0
24.906507265999608,-8.936233417921725e-05,0.00012800415757229048,-0.0007511055389900424,0.7848000000001016,1.202818823517908e-05,-1.5596669586948053e-06,0.0,7,-0.0005365039564214589,0.0
24.91696280099859,-8.228110169086383e-05,0.00011854969705290813,-0.000757581968294374,0.784800000000209,1.2384550929918436e-05,-1.4360761366738473e-06,0.0,7,-0.0005411299773531243,0.0
24.92739549899852,-7.492111709534034e-05,0.00010880715419228591,-0.0007468417227255329,0.7848000000003289,1.2885639131268549e-05,-1.3076201725858994e-06,0.0,7,-0.0005334583733753806,0.0
24.9379865969986,-6.726937836144227e-05,9.878240754822836e-05,-0.0007335748249696733,0.7848000000004444,1.3366791792733644e-05,-1.1740721381769958e-06,0.0,7,-0.0005239820178354809,0.0
24.94840560599914,-5.9441540126273875e-05,8.854185784260768e-05,-0.0007335224638566745,0.7848000000005352,1.3657818278919128e-05,-1.037450587659805e-06,0.0,7,-0.0005239446170404818,0.0
24.958559074999357,-5.1496027194667494e-05,7.812579404833387e-05,-0.000735739515629139,0.7848000000006123,1.388065372167477e-05,-8.987752262434867e-07,0.0,7,-0.000525528225449385,0.0
24.969252770999447,-4.338902299855387e-05,6.752711342502905e-05,-0.0007275341023794798,0.784800000000691,1.4171907488036694e-05,-7.572813105483078e-07,0.0,7,-0.0005196672159853427,0.0
24.979504508999526,-3.5109444068201216e-05,5.675413923303151e-05,-0.0007156577605474707,0.7848000000007622,1.4455121977707096e-05,-6.127753975349037e-07,0.0,7,-0.0005111841146767648,0.0
24.98992135199842,-2.6753025099521585e-05,4.5865307699451167e-05,-0.000714516946760761,0.7848000000008071,1.457445998305962e-05,-4.669283728553353e-07,0.0,7,-0.0005103692476862579,0.0
25.000549186999706,-1.837311491018679e-05,3.4899656203451934e-05,-0.000715239890507337,0.784800000000836,1.4629249422224358e-05,-3.206713490300217e-07,0.0,7,-0.0005108856360766693,0.0
25.010593563998555,-9.93915149937377e-06,2.3857213013736772e-05,-0.0007075310494453932,0.7848000000008623,1.4730787211229245e-05,-1.734709185186034e-07,0.0,7,-0.0005053793210324237,0.0
25.020855497999946,-1.4544725157208195e-06,1.275382506149255e-05,-0.0006980590329850227,0.7848000000008767,1.4804769551001828e-05,-2.5385334279093286e-08,0.0,7,-0.0004986135949893019,0.0
25.031301115999668,7.0113525977802895e-06,1.6363456066346356e-06,-0.0006951503104605958,0.7848000000008688,1.47617873036733e-05,1.2237118784952372e-07,0.0,7,-0.0004965359360432827,0.0
25.041589589998694,1.5413390516700526e-05,-9.45972807145525e-06,-0.000693892340508857,0.7848000000008454,1.4657620225528256e-05,2.690144134120942e-07,0.0,7,-0.000495637386077755,0.0
25.051934914999947,2.3761349896927274e-05,-2.052441127892306e-05,-0.0006873960637679406,0.7848000000008152,1.4567472046174889e-05,4.1471379041979617e-07,0.0,7,-0.0004909971884056719,0.0
25.062407002998953,3.204426749369572e-05,-3.153820457520632e-05,-0.0006799425210841281,0.7848000000007734,1.4444318721630821e-05,5.592779741547815e-07,0.0,7,-0.0004856732293458058,0.0
25.07246842099994,4.0211528061582795e-05,-4.246318788715834e-05,-0.0006764752307538139,0.7848000000007143,1.4235792980867856e-05,7.018235619327129e-07,0.0,7,-0.0004831965933955814,0.0
25.082811161999416,4.82280165466834e-05,-5.326874934077152e-05,-0.0006740291081573802,0.7848000000006424,1.3976270691119916e-05,8.417376804459309e-07,0.0,7,-0.00048144936296955725,0.0
25.093233801999304,5.609064931217833e-05,-6.393940776860336e-05,-0.0006686564884783329,0.7848000000005639,1.3709630966127108e-05,9.789665100790046e-07,0.0,7,-0.0004776117774845235,0.0
25.10315651399833,6.378646376574112e-05,-7.445533819085067e-05,-0.0006625675713032017,0.7848000000004766,1.3412353534444393e-05,1.1132838109162435e-06,0.0,7,-0.0004776117774845235,0.0
25.113557013999525,7.127824395715515e-05,-8.47856533705118e-05,-0.0006589552011034659,0.7848000000003779,1.3051326587929378e-05,1.2440400420921094e-06,0.0,7,-0.0004706822865024757,0.0
25.123694419999083,7.853698027617074e-05,-9.490355553334756e-05,-0.0006562183561224528,0.7848000000002713,1.2646122151113379e-05,1.3707288903930248e-06,0.0,7,-0.0004687273972303234,0.0
25.13413053899967,8.555436117007208e-05,-0.00010479224161012841,-0.000651818905628048,0.7848000000001606,1.2225828562294e-05,1.4932052918581462e-06,0.0,7,-0.0004655849325914629,0.0
25.14436907599884,9.231785553330305e-05,-0.00011443334009067431,-0.0006469430437578164,0.7848000000000458,1.1778730318848033e-05,1.6112505374366037e-06,0.0,7,-0.0004621021741127259,0.0
25.154368264998993,9.88001464468154e-05,-0.00012380198608859274,-0.0006436399426732934,0.7847999999999261,1.1284393297657509e-05,1.7243878569495052e-06,0.0,7,-0.0004597428161952095,0.0
25.16442213999835,0.00010497838241400038,-0.00013287581494678713,-0.0006410678327996982,0.7847999999998041,1.0754214839249801e-05,1.8322184165420197e-06,0.0,7,-0.00045790559485692727,0.0
25.174711102999936,0.00011084320591220746,-0.0001416392291681288,-0.0006376076307827605,0.7847999999996826,1.0207665638555941e-05,1.934578896634065e-06,0.0,7,-0.00045543402198768604,0.0
25.185137164999105,0.00011638404806000787,-0.00015007658523602538,-0.0006338779966780103,0.7847999999995623,9.6396711781638e-06,2.0312848354464563e-06,0.0,7,-0.0004527699976271502,0.0
25.195328837999114,0.00012158160861548356,-0.00015816869609596988,-0.0006311835114597717,0.7847999999994434,9.038092819119924e-06,2.1219993802112924e-06,0.0,7,-0.0004508453653284083,0.0
25.20575524999913,0.0001264191817024479,-0.00016589812731614918,-0.0006290975023584926,0.7847999999993279,8.409891057311519e-06,2.2064309583846864e-06,0.0,7,-0.00044935535882749476,0.0
25.215984217998994,0.00013088899862525818,-0.00017325219398410806,-0.0006265938086847183,0.7847999999992176,7.768322343211821e-06,2.284443980649087e-06,0.0,7,-0.00044756700620337023,0.0
25.2262374919992,0.00013498361691140418,-0.0001802189776263505,-0.0006239820766067926,0.7847999999991135,7.111970209358989e-06,2.3559085513547018e-06,0.0,7,-0.0004457014832905661,0.0
25.23618695299956,0.0001386906903600567,-0.00018678489697082442,-0.0006220865428065487,0.7847999999990161,6.434046572710306e-06,2.4206091886469494e-06,0.0,7,-0.0004457014832905661,0.0
25.246454823998647,0.0001419995740618079,-0.00019293779863214155,-0.0006207010320388491,0.7847999999989268,5.739140330123583e-06,2.478360103808086e-06,0.0,7,-0.00044335788002774937,0.0
25.256620794998526,0.00014490568071536295,-0.00019866901345307156,-0.0006191792774462904,0.7847999999988468,5.036493648006215e-06,2.5290812333267354e-06,0.0,7,-0.000442270912461636,0.0
25.267105943999923,0.0001474054770806928,-0.00020397104432707757,-0.0006176656548905259,0.7847999999987764,4.326632128450405e-06,2.5727109105311285e-06,0.0,7,-0.0004411897534932328,0.0
25.277403706999394,0.00014949291109657187,-0.00020883590601381794,-0.0006166758395409992,0.7847999999987165,3.606156067408992e-06,2.6091435070263458e-06,0.0,7,-0.0004404827425292852,0.0
25.287884105999183,0.00015116321595119904,-0.00021325690387529313,-0.0006161178436726011,0.7847999999986676,2.878373051049904e-06,2.6382958262516354e-06,0.0,7,-0.0004400841740518579,0.0
25.29847178199998,0.0001524158459886132,-0.00021723001580037013,-0.0006155856389115058,0.7847999999986304,2.1499063656666366e-06,2.660158344713892e-06,0.0,7,-0.00043970402779393275,0.0
25.309132093998414,0.00015325159324326332,-0.00022075255777567981,-0.0006151376145890691,0.7847999999986046,1.4222280349325703e-06,2.67474488602204e-06,0.0,7,-0.00043938401042076356,0.0
25.31897337099872,0.00015367017294100544,-0.0002238220581082653,-0.0006150933313054321,0.7847999999985907,6.940103146229531e-07,2.682050479929643e-06,0.0,7,-0.00043938401042076356,0.0
25.329657708000013,0.00015367238329928688,-0.00022643726256567516,-0.0006154159257108437,0.7847999999985888,-3.21635567496985e-08,2.6820890579593026e-06,0.0,7,-0.0004395828040791741,0.0
25.339587613998447,0.0001532620497620563,-0.0002285990431504771,-0.0006158507949949133,0.7847999999985985,-7.514217390873137e-07,2.674927386703274e-06,0.0,7,-0.0004395828040791741,0.0
25.350082888999168,0.00015244437192555137,-0.0002303096274168468,-0.0006164128616974136,0.7847999999986198,-1.4619259371159945e-06,2.6606562162356795e-06,0.0,7,-0.00043989342499636656,0.0
25.360720362999928,0.0001512243061371878,-0.0002315718375215765,-0.0006172964696073383,0.7847999999986522,-2.1638032111492123e-06,2.6393620511377947e-06,0.0,7,-0.00044092604971952734,0.0
25.370837724000012,0.0001496077593485644,-0.00023238963770474806,-0.0006184907551834916,0.7847999999986951,-2.854949404017048e-06,2.6111479871637755e-06,0.0,7,-0.00044177911084535107,0.0
25.381300034998276,0.00014760285573955958,-0.00023276871764516343,-0.0006198343003071263,0.7847999999987479,-3.53171512403246e-06,2.5761558180015243e-06,0.0,7,-0.0004427387859336616,0.0
25.391659187998812,0.00014539703837421506,-0.00023279896825120628,-0.0005791208786310055,0.7847999999987926,-3.7354240347946067e-06,2.537657042278596e-06,0.0,7,-0.00041365777045071825,0.0
25.402131555998494,0.00014366638613306167,-0.00023279896825154233,-0.000447178067049372,0.7847999999988016,-2.955318742254823e-06,2.5074514624634503e-06,0.0,7,-0.0003194129050352657,0.0
25.412236694999592,0.0001424674787684388,-0.00023279896825181576,-0.00030096640590828474,0.7847999999988039,-2.0450131086642987e-06,2.486526581524373e-06,0.0,7,-0.00021497600422020337,0.0
25.422569657999702,0.00014179428999433596,-0.00023279896825199902,-0.0001515570433460425,0.7847999999988037,-1.1295551379678236e-06,2.4747772209288144e-06,0.0,7,-0.00010825503096145891,0.0
25.432585398999436,0.0001416427493877607,-0.00023279896825209692,3.4248561012751033e-07,0.7847999999988013,-2.1937378452775388e-07,2.4721323383936067e-06,0.0,7,2.4463257866250737e-07,0.0
25.442669655998543,0.00014201072686763173,-0.00023279896825210815,0.0001551525332998646,0.7847999999987967,6.874360468229553e-07,2.4785547569905475e-06,0.0,7,0.00011082323807133183,0.0
25.452989278999667,0.0001428979423924705,-0.00023279896825204022,0.00031340024410502604,0.78479999999879,1.59394856409464e-06,2.494039589073793e-06,0.0,7,0.00022385731721787571,0.0
25.46303484300006,0.0001443061900750061,-0.00023279896825187312,0.0004757018300289107,0.7847999999987807,2.5037533624645633e-06,2.5186181478176195e-06,0.0,7,0.00033978702144922193,0.0
25.473502460999953,0.00014623912488145633,-0.00023279896825161345,0.0006426292448115746,0.7847999999987687,3.4201072132103533e-06,2.5523542244165753e-06,0.0,7,0.00045902088915112467,0.0
25.483972732999973,0.00014870232413073285,-0.00023279896825125876,0.0008147839836394,0.7847999999987542,4.346367490032208e-06,2.595345161449103e-06,0.0,7,0.0005819885597424286,0.0
25.49379585099996,0.00015109916662802355,-0.0002325174898167752,0.0008725217414051976,0.7847999999986993,3.9888126797311315e-06,2.637177954678549e-06,0.0,7,0.0005819885597424286,0.0
25.504549540999506,0.00015238459126298053,-0.00023146254930684308,0.0007828867371462259,0.7847999999986289,2.0346100677654355e-06,2.6596128468447944e-06,0.0,7,0.0005592048122473042,0.0
25.514660057999208,0.00015267578834628597,-0.00022968388254124479,0.0007350176378550804,0.7847999999986084,5.698041359400291e-07,2.6646951947206787e-06,0.0,7,0.0005250125984679146,0.0
25.52466483399985,0.0001528465796035707,-0.00022758656307820724,0.000803570789869034,0.7847999999986045,3.811557227074355e-07,2.667676064493918e-06,0.0,7,0.0005739791356207386,0.0
25.534563380999316,0.00015291801933993735,-0.00022518009061504388,0.0008547001411967404,0.7847999999986026,-7.517858938982069e-09,2.668922923110273e-06,0.0,7,0.0006105001008548146,0.0
25.544961645999138,0.00015208052400154544,-0.00022208643031723034,0.0007901891404417502,0.7847999999986287,-1.639964517132567e-06,2.6543058719852297e-06,0.0,7,0.0005644208146012501,0.0
25.55513355399853,0.00015026788904503395,-0.0002182739060140589,0.000734727885520292,0.7847999999986899,-3.1331863626171145e-06,2.62266942385736e-06,0.0,7,0.0005248056325144943,0.0
25.565415672999734,0.0001482812551273415,-0.00021411723224009873,0.0007919554117584225,0.7847999999987317,-3.377310923399359e-06,2.587996120961833e-06,0.0,7,0.0005656824369703017,0.0
25.575595053998768,0.00014617895705632523,-0.0002096468896155085,0.0008350901188292412,0.7847999999987799,-3.7719920994797144e-06,2.551304097764273e-06,0.0,7,0.0005964929420208865,0.0
25.586114074998477,0.0001433300889370397,-0.00020457186445569907,0.0007885673970400761,0.7847999999988772,-5.1194732739323535e-06,2.501581969127642e-06,0.0,7,0.0005632624264571972,0.0
25.596179823998682,0.00013969339426804538,-0.00019887596423172614,0.0007495171937511419,0.7847999999989947,-6.342555985386794e-06,2.4381096732639662e-06,0.0,7,0.0005632624264571972,0.0
25.606391191999137,0.0001357436544968611,-0.0001927852082634629,0.0007738084893787932,0.7847999999990861,-6.843401088604206e-06,2.369173709659833e-06,0.0,7,0.0005353694241079584,0.0
25.61707978999948,0.00013163351719031345,-0.00018637700258236468,0.000807230303470315,0.7847999999991734,-7.225050923869758e-06,2.297438280951525e-06,0.0,7,0.0005765930739073679,0.0
25.627375107998887,0.0001270040385852709,-0.00017949059937373308,0.0007845993939075064,0.7847999999993043,-8.187905785780431e-06,2.216638636642898e-06,0.0,7,0.0005604281385053618,0.0
25.63704834499913,0.0001217390106790035,-0.00017207845258815935,0.0007522578131802587,0.7847999999994539,-9.212274722256445e-06,2.1247465644691488e-06,0.0,7,0.0005604281385053618,0.0
25.647484883998914,0.00011615098367939284,-0.0001642939704624605,0.000763133009025355,0.7847999999995722,-9.72567859354236e-06,2.0272170946356027e-06,0.0,7,0.0005373270094144705,0.0
25.657807300998684,0.00011037648808680595,-0.00015620979174673765,0.000782750096129514,0.784799999999681,-1.0112616926676825e-05,1.9264331339030605e-06,0.0,7,0.0005450950064466822,0.0
25.66846956900008,0.00010421152452341783,-0.00014774023629244434,0.0007684493088547621,0.7847999999998204,-1.083227017485377e-05,1.8188342214564557e-06,0.0,7,0.0005488923634676872,0.0
25.678767191999214,9.75798266975216e-05,-0.0001388593458313074,0.0007458024892527249,0.784799999999969,-1.1596453698049447e-05,1.7030892593972169e-06,0.0,7,0.0005327160637519463,0.0
25.689139614998567,9.067788846311609e-05,-0.00012966909515117956,0.000749157455889376,0.784800000000088,-1.2032813866991825e-05,1.5826277124375565e-06,0.0,7,0.0005351124684924114,0.0
25.69934574599938,8.361278698477394e-05,-0.00012023070847527003,0.0007596806322161245,0.7848000000001926,-1.235215658677218e-05,1.459318429652967e-06,0.0,7,0.0005426290230115175,0.0
25.709679616998983,7.627584459191791e-05,-0.00011050522964609997,0.0007498204961491732,0.7848000000003131,-1.2851659526053341e-05,1.331264627868478e-06,0.0,7,0.0005355860686779808,0.0
25.719894407999163,6.862203223814528e-05,-0.00010048356506598053,0.000733412865610014,0.7848000000004343,-1.337458789860952e-05,1.1976804019653287e-06,0.0,7,0.0005355860686779808,0.0
25.730755374999717,6.077853167950348e-05,-9.023743329831015e-05,0.0007325588369135348,0.7848000000005281,-1.3681040238763549e-05,1.0607854923350146e-06,0.0,7,0.0005232563120810963,0.0
25.74119198399967,5.282933332468772e-05,-7.981905217001203e-05,0.0007372028614052755,0.7848000000006045,-1.3884291217041788e-05,9.220458081493632e-07,0.0,7,0.0005265734724323397,0.0
25.751361027998428,4.472255092773536e-05,-6.921759358902982e-05,0.000729698613216438,0.7848000000006844,-1.4175259825641033e-05,7.805557635798266e-07,0.0,7,0.0005212132951545985,0.0
25.76177423899935,3.643592976587363e-05,-5.843617195675465e-05,0.000717344539458408,0.7848000000007586,-1.447094011470237e-05,6.359269404399015e-07,0.0,7,0.0005123889567560057,0.0
25.772001182998793,2.805508744501723e-05,-4.752850032606939e-05,0.0007142522206314993,0.7848000000008079,-1.4618228669028967e-05,4.896536478504743e-07,0.0,7,0.0005101801575939281,0.0
25.78199960299935,1.96463428303846e-05,-3.6539666413158296e-05,0.0007152148929167532,0.7848000000008387,-1.4676563597402016e-05,3.428933683657931e-07,0.0,7,0.0005101801575939281,0.0
25.792177167999398,1.1190849914155067e-05,-2.547520852760209e-05,0.000709017138276595,0.7848000000008651,-1.4767919144600162e-05,1.953171770985307e-07,0.0,7,0.0005108677806548237,0.0
25.802340694999657,2.6818721797355457e-06,-1.4346329311727113e-05,0.0006993788977954534,0.7848000000008818,-1.4850060660890165e-05,4.680749965402242e-08,0.0,7,0.000499556355568181,0.0
25.81269691599846,-5.820356493983222e-06,-3.195558783619268e-06,0.0006952459515235416,0.7848000000008775,-1.4826288023522694e-05,-1.0158438445984075e-07,0.0,7,0.000499556355568181,0.0
25.82333166599892,-1.426767250945996e-05,7.94006426125841e-06,0.0006933252279866643,0.7848000000008564,-1.4734609301746821e-05,-2.490178618863581e-07,0.0,7,0.0004952323057047602,0.0
25.83340348999991,-2.265258957886319e-05,1.904247591877058e-05,0.0006886302696029019,0.7848000000008257,-1.4630019421495578e-05,-3.9536227225411835e-07,0.0,7,0.0004918787640020728,0.0
25.84360556899992,-3.0970543987891574e-05,3.009507459509173e-05,0.0006815276504826453,0.7848000000007849,-1.450839430950875e-05,-5.405379637224428e-07,0.0,7,0.00048680546463046094,0.0
25.854069066999728,-3.918528433406341e-05,4.1066580308597484e-05,0.0006766071941890788,0.7848000000007288,-1.4320587287459658e-05,-6.839122299595601e-07,0.0,7,0.00048329085299219916,0.0
25.86446830999921,-4.725616961688115e-05,5.1923752991028156e-05,0.0006737864665319896,0.7848000000006585,-1.4069382732689793e-05,-8.247757516954835e-07,0.0,7,0.0004812760475228497,0.0
25.874421333999635,-5.516845692217428e-05,6.264559202515304e-05,0.0006694879867000006,0.7848000000005794,-1.3795092275857954e-05,-9.628712165365982e-07,0.0,7,0.00047820570478571475,0.0
25.884727127999213,-6.291281585106255e-05,7.321386853723595e-05,0.0006636757732257548,0.7848000000004924,-1.3498814309641847e-05,-1.0980357783019201e-06,0.0,7,0.00047405412373268194,0.0
25.895216047998474,-7.046098923620062e-05,8.360179094985078e-05,0.0006591745860692279,0.7848000000003952,-1.3151068982665835e-05,-1.2297762563839854e-06,0.0,7,0.0004708389900494484,0.0
25.905456330998277,-7.778111603645576e-05,9.37811543921016e-05,0.0006561314427959713,0.784800000000289,-1.275224086573434e-05,-1.3575365707119147e-06,0.0,7,0.00046866531628283667,0.0
25.915807452998706,-8.485743902060286e-05,0.00010373158690596545,0.0006523577473927979,0.7848000000001777,-1.2327889651805652e-05,-1.4810417057198322e-06,0.0,7,0.0004659698195662842,0.0
25.92620481099948,-9.167907176063379e-05,0.00011343537614071069,0.0006476817391359051,0.7848000000000624,-1.1881204800658093e-05,-1.6001016573952143e-06,0.0,7,0.0004626298136685037,0.0
25.936616066999704,-9.82242529268624e-05,0.00012287014868086896,0.0006438316478235508,0.7847999999999429,-1.1395024873405885e-05,-1.7143366188854259e-06,0.0,7,0.00045987974844539334,0.0
25.946654994999335,-0.00010446869124918675,0.0001320127725594273,0.0006410191413179375,0.7847999999998204,-1.0869167954055827e-05,-1.8233226275476966e-06,0.0,7,0.0004578708152270982,0.0
25.956942630999038,-0.00011039827608226253,0.00014084532622858284,0.0006379137426201298,0.7847999999996977,-1.0320128861878102e-05,-1.9268134061611875e-06,0.0,7,0.0004556526733000928,0.0
25.967163777999303,-0.00011600305099227047,0.00014935233670621966,0.0006343182716759823,0.7847999999995763,-9.751802052141079e-06,-2.024635182173995e-06,0.0,7,0.0004530844797685588,0.0
25.97744505799892,-0.00012126710979624863,0.00015751608963350823,0.0006312830681946813,0.7847999999994566,-9.154688940842732e-06,-2.1165103403220087e-06,0.0,7,0.0004509164772819152,0.0
25.98747749099857,-0.00012617302918665202,0.0001653187087373399,0.0006290123151412003,0.7847999999993397,-8.528807905161382e-06,-2.202134786521981e-06,0.0,7,0.0004492945108151431,0.0
25.997628935998364,-0.00013070999919600703,0.0001727459771033999,0.000626701588513742,0.7847999999992277,-7.885103753283125e-06,-2.2813198512494637e-06,0.0,7,0.00044764399179553,0.0
26.008077835998847,-0.0001348732279497417,0.00017978709405004316,0.0006237747923990174,0.7847999999991221,-7.231801254521102e-06,-2.3539819005158336e-06,0.0,7,0.0004455534231421553,0.0
26.018489440999474,-0.00013864793826002823,0.00018642723194014447,0.0006220344387045277,0.784799999999023,-6.551430187165145e-06,-2.4198630237393104e-06,0.0,7,0.00044431031336037693,0.0
26.029060913999274,-0.00014202222164669492,0.0001926535287669706,0.0006208464255443389,0.7847999999989317,-5.853356422142796e-06,-2.4787553787319894e-06,0.0,7,0.00044346173253167066,0.0
26.039419229999112,-0.000144993904722228,0.0001984583246818922,0.000619143003914551,0.7847999999988499,-5.1513588560975004e-06,-2.5306210327258327e-06,0.0,7,0.0004422450027961079,0.0
26.049872390998644,-0.00014756004954465706,0.00020383428930693574,0.000617402108180841,0.7847999999987777,-4.442249482136251e-06,-2.575408708960225e-06,0.0,7,0.00044100150584345783,0.0
26.060195856000064,-0.00014971239628980767,0.00020877229576640692,0.0006164821517411198,0.7847999999987159,-3.718951498640071e-06,-2.6129742463076866e-06,0.0,7,0.00044034439410079986,0.0
26.070231920999504,-0.00015144530837867334,0.0002132651288558438,0.0006160406436630633,0.7847999999986652,-2.9875738058048716e-06,-2.643219267906005e-06,0.0,7,0.00044034439410079986,0.0
26.08118850199935,-0.000152759622220802,0.00021730929901082348,0.0006153953055488685,0.7847999999986259,-2.25773069469348e-06,-2.666158371855687e-06,0.0,7,0.00043956807539204893,0.0
26.091481375999138,-0.000153656548080861,0.00022090221029629078,0.0006147908580068526,0.7847999999985984,-1.528817115457592e-06,-2.6818126812599985e-06,0.0,7,0.0004391363271477518,0.0
26.101885018999383,-0.00015413443120530513,0.00022404064625674119,0.0006147707233283147,0.7847999999985829,-7.971047488250739e-07,-2.6901533152212664e-06,0.0,7,0.00043912194523451056,0.0
26.112379805999808,-0.0001541934041596535,0.00022672293621617837,0.0006151593598737934,0.7847999999985792,-6.674273254467888e-08,-2.691182587444274e-06,0.0,7,0.0004393995427669953,0.0
26.122398061999775,-0.0001538380661277533,0.00022895021039647315,0.0006155214421093831,0.7847999999985874,6.554398022576974e-07,-2.6849807688300587e-06,0.0,7,0.0004396581729352737,0.0
26.132336906999626,-0.0001530738951443212,0.00023072472866590978,0.0006159757995455612,0.7847999999986073,1.3687526507137763e-06,-2.6716434691209656e-06,0.0,7,0.00043998271396111517,0.0
26.142868989998533,-0.0001519049917840081,0.00023204881922107452,0.0006168621969577407,0.7847999999986383,2.0748740358851056e-06,-2.651242256845876e-06,0.0,7,0.0004406158549698148,0.0
26.152983487998426,-0.00015033677655165758,0.00023292612653196167,0.0006180919411770129,0.7847999999986801,2.7708188021936423e-06,-2.6238717376614318e-06,0.0,7,0.0004414942436978663,0.0
26.1634576009983,-0.00014837780203514145,0.00023336245120919135,0.0006193881871845808,0.784799999998732,3.451672392218407e-06,-2.5896811823855614e-06,0.0,7,0.000442420133703272,0.0
26.17355903799944,-0.00014614997823384485,0.00023341706989513173,0.0005920271167183336,0.7847999999987814,3.8042771489407053e-06,-2.5507983218986396e-06,0.0,7,0.00042287651194166683,0.0
26.183682196999143,-0.00014434796984130182,0.00023341706989547467,0.00046459421427334985,0.7847999999987927,3.0731141498507402e-06,-2.5193473423001933e-06,0.0,7,0.00042287651194166683,0.0
26.194250735999958,-0.00014308052114162686,0.00023341706989575046,0.0003185511064351085,0.7847999999987955,2.1637485197794584e-06,-2.4972261893907444e-06,0.0,7,0.00022753650459650604,0.0
26.204355944999406,-0.0001423412661146806,0.00023341706989594388,0.00016891925578316116,0.7847999999987955,1.2446125611756323e-06,-2.484323755158613e-06,0.0,7,0.00012065661127368655,0.0
26.214463807998982,-0.00014212587302309796,0.00023341706989605195,1.6809159058174388e-05,0.7847999999987934,3.306529894623577e-07,-2.480564436524446e-06,0.0,7,0.00012065661127368655,0.0
26.225040029999946,-0.00014243196861330894,0.00023341706989607334,-0.00013815886238140269,0.784799999998789,-5.79569253338115e-07,-2.485906812399463e-06,0.0,7,-9.868490170100192e-05,0.0
26.235017428998617,-0.00014325911786176645,0.000233417069896006,-0.00029653087567425087,0.7847999999987825,-1.4892250810621226e-06,-2.5003432901904432e-06,0.0,7,-9.868490170100192e-05,0.0
26.245470240999566,-0.00014460881583272625,0.00023341706989584858,-0.0004588812603935653,0.7847999999987735,-2.401660977044505e-06,-2.5238999636911785e-06,0.0,7,-0.00032777232885254664,0.0
26.255352443999072,-0.00014648448737291378,0.00023341706989559867,-0.0006257987055074422,0.7847999999987618,-3.3202436798458036e-06,-2.556636607753404e-06,0.0,7,-0.00044699907536245863,0.0
26.265478116998565,-0.00014889149403241113,0.0002334170698952537,-0.0007978867211938115,0.7847999999987474,-4.2483547011245695e-06,-2.598646799079063e-06,0.0,7,-0.00044699907536245863,0.0
26.27590983599839,-0.0001513262863992723,0.00023317905318777517,-0.0008740718518867831,0.7847999999986984,-4.092569749373679e-06,-2.641141942483216e-06,0.0,7,-0.000624337037061988,0.0
26.286213186998793,-0.00015275553447014763,0.00023221669950339362,-0.0007965450229845011,0.784799999998626,-2.2648959748299264e-06,-2.6660870271477677e-06,0.0,7,-0.000568960730703215,0.0
26.296810500998617,-0.00015310553405551496,0.0002304906608488716,-0.0007346800216101753,0.7847999999986007,-6.420469955844983e-07,-2.672195672293043e-06,0.0,7,-0.0005247714440072681,0.0
26.306976122999913,-0.00015324651967332431,0.00022840399595765108,-0.0007933026910964119,0.7847999999985971,-3.440684213862362e-07,-2.6746563355217745e-06,0.0,7,-0.0005666447793545799,0.0
26.317360349999944,-0.0001532732694104173,0.00022600047895274456,-0.000843273170741958,0.7847999999985962,5.638991451191949e-08,-2.67512320650809e-06,0.0,7,-0.0006023379791013985,0.0
26.32784703499965,-0.00015251652222327832,0.0002229675759717895,-0.0007979622131938787,0.7847999999986187,1.4819106157353068e-06,-2.6619154764873088e-06,0.0,7,-0.000569973009424199,0.0
26.337648920998618,-0.00015089112987953034,0.00021926494743531607,-0.0007556135652287204,0.7847999999986717,2.8408732552699878e-06,-2.633547028452199e-06,0.0,7,-0.000569973009424199,0.0
26.34832445899883,-0.00014893366141926698,0.00021514380305884514,-0.0007875412967576691,0.7847999999987199,3.3677984871368135e-06,-2.5993827588166596e-06,0.0,7,-0.0005625294976840493,0.0
26.35880834999989,-0.00014674684440770072,0.00021065484833978956,-0.0008192112947116531,0.7847999999987735,3.887498969838121e-06,-2.5612156018262056e-06,0.0,7,-0.0005851509247940379,0.0
26.369048562999524,-0.0001439335156283148,0.0002056160401296553,-0.0007921571278858455,0.784799999998863,5.024248474996156e-06,-2.512113751684808e-06,0.0,7,-0.0005851509247940379,0.0
26.379448364999917,-0.0001404216915971142,0.00019999711800830115,-0.0007627978821940061,0.7847999999989729,6.148923246222698e-06,-2.4508208595896974e-06,0.0,7,-0.0005448556301385758,0.0
26.38995027599958,-0.00013654478431446938,0.00019395810226984143,-0.0007789294457664504,0.7847999999990679,6.746415368915158e-06,-2.383156062712999e-06,0.0,7,-0.0005563781755474645,0.0
26.40044834499895,-0.00013239752677967877,0.0001875491188204475,-0.0007979963210725014,0.784799999999165,7.288228030916511e-06,-2.3107727638027598e-06,0.0,7,-0.0005699973721946439,0.0
26.410533159998522,-0.00012777174822839715,0.00018067955881018708,-0.0007843683235628726,0.7847999999992905,8.15550168619387e-06,-2.2300376976147618e-06,0.0,7,-0.0005602630882591946,0.0
26.421138575999066,-0.00012257928605118696,0.0001733150988137636,-0.0007604351216424023,0.7847999999994331,9.094216876146227e-06,-2.139412136337171e-06,0.0,7,-0.0005431679440302873,0.0
26.43151623799895,-0.00011699694657034656,0.00016554584781933152,-0.0007603284511325775,0.784799999999561,9.733036205210794e-06,-2.041981932432435e-06,0.0,7,-0.0005430917508089839,0.0
26.442249185998662,-0.00011118909545759324,0.00015745722491786497,-0.0007769730954422129,0.7847999999996739,1.0155295602388203e-05,-1.940615808049273e-06,0.0,7,-0.0005549807824587235,0.0
26.452587107,-0.00010506337306897626,0.0001490156201762898,-0.000774190280345429,0.784799999999803,1.0753844319428766e-05,-1.8337017833047753e-06,0.0,7,-0.0005529930573895921,0.0
26.463190288999613,-9.848344230729767e-05,0.0001401671792546937,-0.0007515092226371817,0.7847999999999519,1.1525181005709603e-05,-1.7188603269602254e-06,0.0,7,-0.0005367923018837012,0.0
26.473807368998678,-9.154158661041798e-05,0.00013096517804646486,-0.0007418368258604584,0.7848000000000858,1.2107928922154388e-05,-1.5977020888513493e-06,0.0,7,-0.0005298834470431846,0.0
26.48505826299879,-8.442886627449596e-05,0.00012150985498225937,-0.0007540465364227688,0.7848000000001902,1.2410895279050393e-05,-1.473561700215953e-06,0.0,7,-0.0005386046688734062,0.0
26.495447588999014,-7.714052532706086e-05,0.000111810827934392,-0.0007582969521467347,0.7848000000002958,1.2761436256494703e-05,-1.3463561536752877e-06,0.0,7,-0.0005416406801048105,0.0
26.505686614998922,-6.953594073353705e-05,0.00010181456507165041,-0.0007398059259444681,0.7848000000004204,1.3314322021926055e-05,-1.2136311142718625e-06,0.0,7,-0.0005284328042460487,0.0
26.51696600499963,-6.083282418047149e-05,9.050271732659017e-05,-0.0007231416343304342,0.7848000000005435,1.3824630311266937e-05,-1.0617330752360488e-06,0.0,7,-0.000516529738807453,0.0
26.527347507999366,-5.361645170481332e-05,8.109124010150167e-05,-0.0007305561380350536,0.7848000000006091,1.397142485510354e-05,-9.357836154855192e-07,0.0,7,-0.0005218258128821811,0.0
26.537666223999622,-4.555209426875713e-05,7.050743916480596e-05,-0.0007388095339584969,0.7848000000006707,1.40950786442939e-05,-7.950340261686506e-07,0.0,7,-0.0005277210956846406,0.0
26.548050939998575,-3.731555829379747e-05,5.974595511013144e-05,-0.0007251736930738829,0.7848000000007478,1.4411985497652611e-05,-6.512793544466433e-07,0.0,7,-0.0005179812093384878,0.0
26.55797393099965,-2.8869629152828472e-05,4.8803097594810956e-05,-0.0007059037888726558,0.7848000000008193,1.4739581208771553e-05,-5.03870082546598e-07,0.0,7,-0.0005179812093384878,0.0
26.56864730399866,-2.0391189196127554e-05,3.7775356493670816e-05,-0.000709521230158099,0.7848000000008479,1.4770058331452889e-05,-3.5589338986952157e-07,0.0,7,-0.0005068008786843565,0.0
26.57881669699964,-1.1957016224927683e-05,2.6713031100301384e-05,-0.0007161511374688255,0.7848000000008589,1.4725419927298474e-05,-2.0868930183937096e-07,0.0,7,-0.0005115365267634468,0.0
26.588949772998603,-3.4713593097657136e-06,1.5585981041111843e-05,-0.0007048546032562458,0.7848000000008793,1.4831563564761134e-05,-6.058664947516945e-08,0.0,7,-0.0005034675737544613,0.0
26.59924718699949,5.08263561394868e-06,4.400707396171298e-06,-0.0006905860789942775,0.7848000000008892,1.4921862370816343e-05,8.87087261425279e-08,0.0,7,-0.0004932757707101982,0.0
26.609394090999558,1.3584996522408883e-05,-6.772345437058666e-06,-0.0006903028927934862,0.784800000000867,1.4814058994801675e-05,2.3710291818801466e-07,0.0,7,-0.0004930734948524902,0.0
26.619693740000002,2.1973324723985766e-05,-1.7889382580984746e-05,-0.0006928946219270262,0.7848000000008278,1.4633280524009772e-05,3.835068640434258e-07,0.0,7,-0.0004949247299478758,0.0
26.629977464999683,3.029220253709371e-05,-2.89566005661461e-05,-0.0006851565603286067,0.784800000000789,1.4522970801755883e-05,5.286986719532649e-07,0.0,7,-0.0004893975430918619,0.0
26.640064234999954,3.8561996249246685e-05,-3.996913962955691e-05,-0.0006727048057118497,0.7848000000007431,1.4419975318555906e-05,6.730338006910586e-07,0.0,7,-0.0004805034326513212,0.0
26.650476887998593,4.6688915755664886e-05,-5.0869006444699765e-05,-0.0006713639940201067,0.7848000000006713,1.4153923479545041e-05,8.148753041226087e-07,0.0,7,-0.0004795457100143619,0.0
26.660813692999,5.461498051139387e-05,-6.161491549882011e-05,-0.0006730283118344272,0.7848000000005855,1.3817118794634531e-05,9.532112308363594e-07,0.0,7,-0.0004807345084531623,0.0
26.67146862699883,6.237398894792277e-05,-7.220863291379408e-05,-0.0006662271669613693,0.7848000000005004,1.3534905005371326e-05,1.0886314747438064e-06,0.0,7,-0.0004758765478295495,0.0
26.68112838399975,6.997990764419106e-05,-8.264305529027193e-05,-0.0006558075829048088,0.7848000000004102,1.3253478976288348e-05,1.2213797986326824e-06,0.0,7,-0.0004758765478295495,0.0
26.691083292998883,7.735491603503009e-05,-9.286854501144822e-05,-0.0006544299051098993,0.7848000000003017,1.2837208362495985e-05,1.3500979774150323e-06,0.0,7,-0.0004684339877891492,0.0
26.70182608899995,8.445202653935318e-05,-0.00010285004354307304,-0.0006553513228100538,0.7848000000001853,1.2363376753017698e-05,1.4739659230933455e-06,0.0,7,-0.000468108087721467,0.0
26.711465451999175,9.129670751238324e-05,-0.0001125866824452679,-0.0006496517018329072,0.7848000000000713,1.1930077271601323e-05,1.5934281423213292e-06,0.0,7,-0.000468108087721467,0.0
26.721781443999134,9.789413178280976e-05,-0.00012206863081673505,-0.0006418924609677637,0.7847999999999553,1.148761025899672e-05,1.7085749179912568e-06,0.0,7,-0.00046403692988064804,0.0
26.732508384999164,0.00010419172946352465,-0.00013125954487055346,-0.0006397015521388334,0.7847999999998314,1.0955209675814684e-05,1.8184887324856902e-06,0.0,7,-0.00045692968009916667,0.0
26.742610590999902,0.00011015272606530107,-0.00014013083145818705,-0.0006396403799988785,0.7847999999997054,1.0373686017026486e-05,1.922527749886882e-06,0.0,7,-0.0004568859857134846,0.0
26.752625842998896,0.00011578838355059952,-0.00014867681002077133,-0.0006356212286198355,0.7847999999995839,9.810987818631654e-06,2.020888528520004e-06,0.0,7,-0.0004540151632998825,0.0
26.76299393699992,0.00012110107354454601,-0.00015688824645295385,-0.0006301432414990817,0.7847999999994653,9.240769908227942e-06,2.113612461052128e-06,0.0,7,-0.00045010231535648693,0.0
26.773148872998718,0.00012605715297938646,-0.0001647396575460559,-0.0006280779549982,0.7847999999993471,8.612261137083748e-06,2.2001123651804733e-06,0.0,7,-0.00044862711071299997,0.0
26.783655113998975,0.00013063070483813235,-0.0001722096906122383,-0.0006276471809113938,0.784799999999233,7.947855853006609e-06,2.2799359036262956e-06,0.0,7,-0.00044862711071299997,0.0
26.7935958449998,0.0001348268387963794,-0.00017929206887688995,-0.0006249062281523239,0.7847999999991264,7.292512341955466e-06,2.3531722570524494e-06,0.0,7,-0.0004483194149367098,0.0
26.804068212999482,0.0001386464510581036,-0.0001859792152113369,-0.0006213438185777548,0.7847999999990272,6.631493598130923e-06,2.419837067169084e-06,0.0,7,-0.0004463615915373742,0.0
26.814507894998314,0.00014207311146304254,-0.00019225611126979933,-0.000619280617330509,0.784799999998935,5.941732297664106e-06,2.4796435735829903e-06,0.0,7,-0.0004438170132698249,0.0
26.824964617999285,0.00014508651560455411,-0.00019810656434895787,-0.0006191711306165659,0.7847999999988511,5.221044184867682e-06,2.5322373975456003e-06,0.0,7,-0.00044226509329754705,0.0
26.835470299998633,0.00014768439813892757,-0.00020352345824495982,-0.0006184938614888471,0.7847999999987776,4.499340101783916e-06,2.577579001350472e-06,0.0,7,-0.00044178132963489076,0.0
26.845543310999346,0.00014987577016279755,-0.00020850564784511718,-0.0006162150180310689,0.7847999999987151,3.7896232593992565e-06,2.6158256583030948e-06,0.0,7,-0.0004401535843079063,0.0
26.855655573999684,0.00015165411471962172,-0.00021304546178570874,-0.0006149671925616918,0.7847999999986632,3.065210479726681e-06,2.6468636260545964e-06,0.0,7,-0.0004392622804012084,0.0
26.865568368999448,0.00015300674640877527,-0.00021713303735941542,-0.0006153243908713248,0.7847999999986226,2.322462928680334e-06,2.670471502597138e-06,0.0,7,-0.0004392622804012084,0.0
26.87593785899844,0.00015393517461973223,-0.00022076583329337247,-0.0006153500556227047,0.784799999998594,1.5848557802173658e-06,2.6866756317467377e-06,0.0,7,-0.0004395174220509463,0.0
26.88664719999906,0.0001544481322396482,-0.0002239454111549212,-0.0006145299536301284,0.7847999999985775,8.598569119489284e-07,2.6956284311374645e-06,0.0,7,-0.00043894996687866307,0.0
26.897354934999385,0.00015454570483816626,-0.00022667002916562266,-0.00061436238981062,0.7847999999985729,1.331397068948507e-07,2.6973313942413313e-06,0.0,7,-0.00043883027843615713,0.0
26.907334707999325,0.00015422436520558914,-0.00022893696761227487,-0.0006152699489685382,0.7847999999985801,-5.975613079131499e-07,2.6917229596357117e-06,0.0,7,-0.00043947853497752727,0.0
26.91755487699993,0.00015348885740639083,-0.00023074807345566307,-0.0006161753243174229,0.7847999999985992,-1.3183063493454594e-06,2.678885926865604e-06,0.0,7,-0.000440125231655302,0.0
26.927490927999315,0.00015234956623149512,-0.00023210854609971064,-0.0006166199682335996,0.7847999999986293,-2.022249094068102e-06,2.6590015447247595e-06,0.0,7,-0.000440125231655302,0.0
26.9380914559988,0.0001508121372163505,-0.0002330220884073884,-0.000617528550421666,0.7847999999986703,-2.717596406398155e-06,2.632168346394792e-06,0.0,7,-0.00044109182172976145,0.0
26.94830568799989,0.00014888093525242403,-0.00023349249686559125,-0.0006190588036660204,0.7847999999987217,-3.4040304063930685e-06,2.5984625136032946e-06,0.0,7,-0.0004421848597614431,0.0
26.958600586998728,0.00014664706160356786,-0.00023356464251617578,-0.000598758581471565,0.7847999999987737,-3.836063464602058e-06,2.5594740633572144e-06,0.0,7,-0.0004276847010511179,0.0
26.968375164999088,0.00014480329522516757,-0.0002335646425165221,-0.0004746203087755875,0.7847999999987865,-3.1410789698697852e-06,2.527294269416558e-06,0.0,7,-0.00033901450626827676,0.0
26.978638984999634,0.00014349590585769148,-0.0002335646425168032,-0.00032870123998080496,0.7847999999987895,-2.232813691519453e-06,2.504476020348534e-06,0.0,7,-0.00023478659998628923,0.0
26.988586839999698,0.0001427183619140457,-0.00023356464251700213,-0.0001788857741667576,0.7847999999987897,-1.3112629276841082e-06,2.490905318452974e-06,0.0,7,-0.00012777555297625542,0.0
26.999090495999553,0.0001424661835702392,-0.00023356464251711573,-2.658845001272203e-05,0.7847999999987878,-3.9473952037506614e-07,2.486503976051324e-06,0.0,7,-1.8991750009087162e-05,0.0
27.009382042999277,0.00014273685681407398,-0.00023356464251714261,0.00012853872214324327,0.7847999999987836,5.178447335979987e-07,2.4912281153532945e-06,0.0,7,9.181337295945947e-05,0.0
27.019314532999488,0.00014352981130848457,-0.0002335646425170808,0.00028703907356066635,0.7847999999987771,1.4296316002980267e-06,2.505067782099246e-06,0.0,7,9.181337295945947e-05,0.0
27.030164186999173,0.0001448464119185403,-0.00023356464251692886,0.0004494866459871449,0.7847999999987681,2.343972028443373e-06,2.528046797678485e-06,0.0,7,0.0003210618899908178,0.0
27.039994846998525,0.0001466898736761354,-0.00023356464251669373,0.0006164470563535745,0.7847999999987567,3.2640991245802887e-06,2.560221274983121e-06,0.0,7,0.0004403193259668389,0.0
27.05050059899986,0.00014906551098280935,-0.0002335646425163539,0.000788568513894203,0.7847999999987425,4.193663555857654e-06,2.6016839678177917e-06,0.0,7,0.000563263224210145,0.0
27.060409691999666,0.00015152112099606045,-0.00023335059976944673,0.0008750036439494943,0.7847999999986969,4.149623355087286e-06,2.644542447693965e-06,0.0,7,0.000563263224210145,0.0
27.07116303299881,0.00015302943378876248,-0.0002324391271088484,0.0008041501482481707,0.7847999999986234,2.3913108245926e-06,2.6708674720765657e-06,0.0,7,0.0005743929630344076,0.0
27.08134772199992,0.00015341097714857195,-0.0002307415183512011,0.0007345060742457623,0.7847999999985954,6.80286070800893e-07,2.6775266599443626e-06,0.0,7,0.0005246471958898302,0.0
27.09134265099965,0.0001535343690574387,-0.0002286598897954956,0.0007876522922147922,0.7847999999985917,3.2167763323130807e-07,2.679680255024408e-06,0.0,7,0.000562608780153423,0.0
27.10185315199851,0.00015357713072457565,-0.00022627654435736954,0.0008435535098246328,0.7847999999985906,-1.5162163505473604e-08,2.68042658690959e-06,0.0,7,0.0006025382213033091,0.0
27.111772511998424,0.00015293566050275583,-0.00022330963727118145,0.0008124086261165856,0.7847999999986089,-1.2911077250957727e-06,2.6692308194853354e-06,0.0,7,0.0005802918757975611,0.0
27.12215799599835,0.00015135190403700976,-0.00021963822220257963,0.0007566125794973834,0.7847999999986625,-2.8021103846587216e-06,2.6415890546083176e-06,0.0,7,0.0005404375567838452,0.0
27.13259418599955,0.00014933501276474386,-0.00021550041999459705,0.0007766884215546669,0.7847999999987152,-3.4589114126037117e-06,2.6063876612525405e-06,0.0,7,0.0005547774439676192,0.0
27.142915833999723,0.00014714387068225513,-0.0002110196701610959,0.0008185056562373175,0.7847999999987659,-3.868262795860792e-06,2.568145017534107e-06,0.0,7,0.0005846468973123697,0.0
27.15279126399946,0.00014440478869502,-0.00020602505484612163,0.0008011074527471323,0.78479999999885,-4.903846667126266e-06,2.5203390183747842e-06,0.0,7,0.0005846468973123697,0.0
27.16405354299968,0.00014054135360589489,-0.0001998400029522473,0.000761013644759606,0.784799999998975,-6.2290012440183915e-06,2.452909355632471e-06,0.0,7,0.00054358117482829,0.0
27.173800044000018,0.0001369856832366332,-0.00019437000539535294,0.0007689642380883141,0.7847999999990656,-6.837706530400543e-06,2.390851200573252e-06,0.0,7,0.0005492601700630814,0.0
27.183875918999547,0.00013284109858910804,-0.00018796948411893183,0.0007989851738471199,0.7847999999991564,-7.2609598359454765e-06,2.318514552346329e-06,0.0,7,0.0005707036956050856,0.0
27.194318184998338,0.0001282603788287765,-0.00018112743447792779,0.0007894239230044292,0.7847999999992786,-8.087693937502134e-06,2.2385659104173783e-06,0.0,7,0.0005638742307174494,0.0
27.204496168998958,0.0001230778711007195,-0.0001737733766437302,0.0007602264432856268,0.7847999999994252,-9.087355372444731e-06,2.1481140870527327e-06,0.0,7,0.000543018888061162,0.0
27.21434896899882,0.0001175009951003776,-0.00016601158526196292,0.000760987933157353,0.784799999999553,-9.719374653147091e-06,2.050779238871314e-06,0.0,7,0.0005435628093981093,0.0
27.22465050399842,0.0001117013349082621,-0.00015793084927679394,0.0007778084299197948,0.784799999999666,-1.0142671393968674e-05,1.949556073022052e-06,0.0,7,0.0005555774499427106,0.0
27.234937370998523,0.00010555846482624661,-0.0001494844563041041,0.000771352491233942,0.7847999999997994,-1.0783570960275e-05,1.8423427645686274e-06,0.0,7,0.0005509660651671015,0.0
27.245301343999017,9.897150776127679e-05,-0.00014063505462557233,0.0007511785454662796,0.7847999999999464,-1.1529538877517149e-05,1.727378676097402e-06,0.0,7,0.0005365561039044854,0.0
27.254976815998816,9.20705923678124e-05,-0.00013145362011253488,0.0007484747929647165,0.7848000000000734,-1.2040013302589837e-05,1.6069349810798883e-06,0.0,7,0.0005365561039044854,0.0
27.26540518299953,8.497981144719423e-05,-0.00012200919983452107,0.0007568507941589048,0.7848000000001825,-1.2389174120463354e-05,1.4831775074775067e-06,0.0,7,0.0005406077101135034,0.0
27.275324542999442,7.76431388417085e-05,-0.00011228739435716207,0.0007516622931045984,0.7848000000002998,-1.2844514456785633e-05,1.3551284143709097e-06,0.0,7,0.0005406077101135034,0.0
27.285755563998464,7.000409097898935e-05,-0.00010227383700039623,0.0007370917733890976,0.7848000000004207,-1.3355333210163502e-05,1.2218018774490247e-06,0.0,7,0.000536901637931856,0.0
27.296554930999264,6.214826477862382e-05,-9.202084667840535e-05,0.0007326276078935872,0.784800000000521,-1.3708628598152258e-05,1.0846918447882103e-06,0.0,7,0.0005233054342097051,0.0
27.30638859499959,5.416237363666988e-05,-8.158186294659134e-05,0.0007349206776049262,0.7848000000006026,-1.3943712073135006e-05,9.453117506552644e-07,0.0,7,0.0005233054342097051,0.0
27.316788466998332,4.603614878883855e-05,-7.096548361163515e-05,0.0007308886124291493,0.7848000000006804,-1.4203032090807694e-05,8.034823713032324e-07,0.0,7,0.0005220632945922495,0.0
27.326988031998553,3.774437858883634e-05,-6.017352748839919e-05,0.000720497995881322,0.7848000000007542,-1.4484378212786968e-05,6.587636804944452e-07,0.0,7,0.0005220632945922495,0.0
27.337700236999808,2.9338389555890857e-05,-4.9243747071049984e-05,0.0007147246044177874,0.7848000000008093,-1.4667660354477241e-05,5.120514949830124e-07,0.0,7,0.0005105175745841339,0.0
27.34778246699898,2.088608024767528e-05,-3.8221956582768914e-05,0.0007140245732502042,0.7848000000008443,-1.4749840834644784e-05,3.6453086815768643e-07,0.0,7,0.0005100175523215744,0.0
