workspace,phase,elapsed_s,degree_deg,cmX_cm,setspeed_cm_s,energy_j,theta_dot_rad_s,theta_rad,x_center_cm,mode,cart_velocity_cmd_mps,motor_command_cm_s,cart_joint_effort_cmd_n,cart_force_cmd_n,hinge_assist_torque_nm,note
ros2_pendulum_ws,SWING_UP,0.281,-179.564760,0.206191,0.031531,0.003488405,0.932347011,-3.133996277,0.000000,6,0.000315308,0.031530804,-90.000000000,-90.000000000,0.000000000,auto_capture
ros2_pendulum_ws,SWING_UP,0.332,-178.864828,0.595229,9.269780,0.000318885,0.245902500,-3.121780165,0.000000,6,0.092697797,9.269779651,7.413002444,7.413002444,0.000000000,auto_capture
ros2_pendulum_ws,SWING_UP,0.384,-178.925810,0.736329,24.630657,0.004205250,-1.016893405,-3.122844508,0.000000,6,0.246306574,24.630657379,90.000000000,90.000000000,0.000000000,auto_capture
ros2_pendulum_ws,SWING_UP,0.435,-178.220698,1.342900,10.657566,0.000700242,0.357436349,-3.110537977,0.000000,6,0.106575663,10.657566285,7.428552157,7.428552157,0.000000000,auto_capture
ros2_pendulum_ws,SWING_UP,0.486,-177.049369,2.356840,4.028188,0.001479412,0.489691737,-3.090094435,0.000000,6,0.040281877,4.028187699,2.877276928,2.877276928,0.000000000,auto_capture
ros2_pendulum_ws,SWING_UP,0.536,-176.340046,3.344783,-2.298812,0.003858498,0.874383981,-3.077714400,0.000000,6,-0.022988119,-2.298811940,-90.000000000,-90.000000000,0.000000000,auto_capture
ros2_pendulum_ws,SWING_UP,0.587,-175.296768,4.737543,-10.438446,0.001374207,-0.115003734,-3.059505767,0.000000,6,-0.104384461,-10.438446083,-7.456032916,-7.456032916,0.000000000,auto_capture
ros2_pendulum_ws,SWING_UP,0.638,-176.823335,5.085656,3.881594,0.010024348,-1.534714379,-3.086149397,0.000000,6,0.038815939,3.881593917,90.000000000,90.000000000,0.000000000,auto_capture
ros2_pendulum_ws,SWING_UP,0.689,-177.764958,5.730173,-10.889971,0.000376299,0.139446191,-3.102583808,0.000000,6,-0.108899713,-10.889971284,-90.000000000,-90.000000000,0.000000000,auto_capture
ros2_pendulum_ws,SWING_UP,0.740,-179.512936,5.957191,-10.209692,0.015133350,-1.944168977,-3.133091778,0.000000,6,-0.102096925,-10.209692456,90.000000000,90.000000000,0.000000000,auto_capture
ros2_pendulum_ws,SWING_UP,0.791,179.010101,6.136875,3.416467,0.002518331,-0.784182343,3.124315652,0.000000,6,0.034164669,3.416466939,85.322091979,85.322091979,0.000000000,auto_capture
ros2_pendulum_ws,SWING_UP,0.841,-179.932273,7.499403,-10.979666,0.009089819,1.507443570,-3.140410586,0.000000,6,-0.109796659,-10.979665861,-90.000000000,-90.000000000,0.000000000,auto_capture
ros2_pendulum_ws,SWING_UP,0.892,-178.897813,8.905861,-25.955025,0.004713741,1.077165090,-3.122355862,0.000000,6,-0.259550249,-25.955024861,-90.000000000,-90.000000000,0.000000000,auto_capture
ros2_pendulum_ws,SWING_UP,0.942,-179.488466,9.587685,-11.872682,0.007651448,-1.381648420,-3.132664694,0.000000,6,-0.118726825,-11.872682458,90.000000000,90.000000000,0.000000000,auto_capture
ros2_pendulum_ws,SWING_UP,0.993,179.750029,10.196034,2.087672,0.004023390,-1.002453986,3.137229834,0.000000,6,0.020876723,2.087672338,90.000000000,90.000000000,0.000000000,auto_capture
ros2_pendulum_ws,SWING_UP,1.044,-179.523629,11.520694,-12.005782,0.007977546,1.411026560,-3.133278415,0.000000,6,-0.120057819,-12.005781860,-90.000000000,-90.000000000,0.000000000,auto_capture
ros2_pendulum_ws,SWING_UP,1.095,-178.743447,12.911514,-26.958403,0.004049263,0.994346651,-3.119661675,0.000000,6,-0.269584035,-26.958403455,-90.000000000,-90.000000000,0.000000000,auto_capture
ros2_pendulum_ws,SWING_UP,1.146,-179.542606,13.579996,-12.882091,0.008389451,-1.447147868,-3.133609628,0.000000,6,-0.128820909,-12.882090857,90.000000000,90.000000000,0.000000000,auto_capture
ros2_pendulum_ws,SWING_UP,1.197,179.539926,14.177632,1.532064,0.004415659,-1.049167386,3.133562855,0.000000,6,0.015320641,1.532064147,90.000000000,90.000000000,0.000000000,auto_capture
ros2_pendulum_ws,SWING_UP,1.248,-179.836163,15.494256,-12.995975,0.007649424,1.382734602,-3.138733162,0.000000,6,-0.129959753,-12.995975256,-90.000000000,-90.000000000,0.000000000,auto_capture
ros2_pendulum_ws,SWING_UP,1.298,-179.108636,16.879529,-27.271338,0.003909319,0.982577532,-3.126035410,0.000000,6,-0.272713385,-27.271338460,-90.000000000,-90.000000000,0.000000000,auto_capture
ros2_pendulum_ws,SWING_UP,1.349,-179.917854,17.544587,-12.758616,0.008356686,-1.445361759,-3.140158935,0.000000,6,-0.127586165,-12.758616461,90.000000000,90.000000000,0.000000000,auto_capture
ros2_pendulum_ws,SWING_UP,1.400,179.188354,18.140486,0.608445,0.004340302,-1.036934288,3.127426754,0.000000,6,0.006084449,0.608444946,90.000000000,90.000000000,0.000000000,auto_capture
ros2_pendulum_ws,SWING_UP,1.452,179.859887,19.456566,-14.216310,0.007862726,1.401923014,3.139147213,0.000000,6,-0.142163105,-14.216310454,-90.000000000,-90.000000000,0.000000000,auto_capture
ros2_pendulum_ws,SWING_UP,1.503,179.843792,20.512505,0.715832,0.003761641,-0.969559522,3.138866307,0.000000,6,0.007158319,0.715831947,90.000000000,90.000000000,0.000000000,auto_capture
ros2_pendulum_ws,SWING_UP,1.554,179.343253,21.233742,-24.915998,0.000873548,0.460372318,3.130130264,0.000000,6,-0.249159980,-24.915998032,-90.000000000,-90.000000000,0.000000000,auto_capture
ros2_pendulum_ws,SWING_UP,1.604,179.633060,22.275415,-19.575454,0.004483683,-1.057784897,3.135188342,0.000000,6,-0.195754535,-19.575453513,-13.982466795,-13.982466795,0.000000000,auto_capture
ros2_pendulum_ws,SWING_UP,1.655,178.984485,22.754366,-20.917096,0.002807924,-0.828596793,3.123868575,0.000000,6,-0.209170962,-20.917096195,-14.940782996,-14.940782996,0.000000000,auto_capture
ros2_pendulum_ws,SWING_UP,1.707,176.547778,22.190046,-19.046958,0.002927898,-0.744283579,3.081340008,0.000000,6,-0.223329130,-22.332912967,-15.952080690,-15.952080690,0.000000000,auto_capture
ros2_pendulum_ws,SWING_UP,1.759,176.887736,22.680570,-23.490893,0.000591920,-0.057354456,3.087273398,0.000000,6,-0.234908926,-23.490892565,-16.779208975,-16.779208975,0.000000000,auto_capture
ros2_pendulum_ws,SWING_UP,1.810,175.857040,22.322995,-28.171998,0.004394336,0.917735451,3.069284367,0.000000,6,-0.281719983,-28.171998299,-20.122855928,-20.122855928,0.000000000,auto_capture
ros2_pendulum_ws,SWING_UP,1.862,174.757355,21.746619,-0.963992,0.006787610,-1.134247509,3.050091243,0.000000,6,-0.009639917,-0.963991741,90.000000000,90.000000000,0.000000000,auto_capture
ros2_pendulum_ws,SWING_UP,1.914,174.519678,21.225782,-25.529444,0.002052558,0.254421130,3.045942999,0.000000,6,-0.255294439,-25.529443943,-90.000000000,-90.000000000,0.000000000,auto_capture
ros2_pendulum_ws,SWING_UP,1.965,172.594249,19.506819,-10.991869,0.011018172,-1.391479609,3.012337919,0.000000,6,-0.109918691,-10.991869143,90.000000000,90.000000000,0.000000000,auto_capture
ros2_pendulum_ws,SWING_UP,2.016,172.781066,18.465819,-0.246690,0.004296528,-0.544532667,3.015598479,0.000000,6,-0.105838657,-10.583865734,90.000000000,90.000000000,0.000000000,auto_capture
ros2_pendulum_ws,SWING_UP,2.068,172.302261,16.799199,-10.073242,0.006847915,-0.909917193,3.007241761,0.000000,6,-0.100732418,-10.073241805,90.000000000,90.000000000,0.000000000,auto_capture
ros2_pendulum_ws,SWING_UP,2.119,171.714448,14.660571,-25.228465,0.004983333,0.471042614,2.996982489,0.000000,6,-0.252284646,-25.228464638,-90.000000000,-90.000000000,0.000000000,auto_capture
ros2_pendulum_ws,SWING_UP,2.170,170.313463,11.702907,-2.706895,0.006678084,-0.520492666,2.972530698,0.000000,6,-0.027068952,-2.706895170,-1.933496550,-1.933496550,0.000000000,auto_capture
ros2_pendulum_ws,SWING_UP,2.221,170.402275,8.974136,-24.431826,0.008301249,0.837957602,2.974080743,0.000000,6,-0.101259278,-10.125927756,-7.651850507,-7.651850507,0.000000000,auto_capture
ros2_pendulum_ws,SWING_UP,2.272,168.445410,4.770658,-10.166017,0.024847662,-2.055200945,2.939927011,0.000000,6,-0.244827724,-24.482772360,-90.000000000,-90.000000000,0.000000000,auto_capture
ros2_pendulum_ws,SWING_UP,2.324,167.076628,0.172851,3.617927,0.011423098,-0.609020648,2.916037269,0.000000,6,-0.112511386,-11.251138560,90.000000000,90.000000000,0.000000000,auto_capture
ros2_pendulum_ws,SWING_UP,2.375,167.459387,-4.089589,-10.274401,0.013858495,1.060277235,2.922717675,0.000000,6,0.039924772,3.992477242,90.000000000,90.000000000,0.000000000,auto_capture
ros2_pendulum_ws,SWING_UP,2.426,168.492371,-8.563552,-25.033539,0.013700170,1.205425611,2.940746640,0.000000,6,-0.106542962,-10.654296154,-90.000000000,-90.000000000,0.000000000,auto_capture
ros2_pendulum_ws,SWING_UP,2.477,168.231700,-14.087337,-11.380367,0.015449345,-1.341756924,2.936197080,0.000000,6,-0.113803669,-11.380366950,90.000000000,90.000000000,0.000000000,auto_capture
ros2_pendulum_ws,SWING_UP,2.527,168.119536,-19.996839,3.005876,0.009947388,-0.620862344,2.934239441,0.000000,6,-0.107640408,-10.764040753,90.000000000,90.000000000,0.000000000,auto_capture
ros2_pendulum_ws,SWING_UP,2.577,168.798085,-25.932176,16.778387,0.011055033,0.945950348,2.946082352,0.000000,6,0.031862004,3.186200443,44.797803539,44.797803539,0.000000000,auto_capture
ros2_pendulum_ws,SWING_UP,2.627,172.806827,-30.472253,29.723837,0.005397484,0.759794359,3.016048100,0.000000,6,0.156594052,15.659405247,-90.000000000,-90.000000000,0.000000000,auto_capture
ros2_pendulum_ws,SWING_UP,2.678,-179.597892,-33.184356,38.798767,0.095839264,4.894629716,-3.134574550,0.000000,6,0.448904402,44.890440179,32.064600128,32.064600128,0.000000000,auto_capture
ros2_pendulum_ws,SWING_UP,2.729,-162.327531,-29.809649,6.358899,0.126496022,5.195615191,-2.833149878,0.000000,6,0.205755337,20.575533749,-90.000000000,-90.000000000,0.000000000,auto_capture
ros2_pendulum_ws,SWING_UP,2.781,-161.181266,-32.596409,41.847467,0.023253956,0.754612260,-2.813143791,0.000000,6,0.418474675,41.847467462,29.891048187,29.891048187,0.000000000,auto_capture
ros2_pendulum_ws,SWING_UP,2.831,-154.040168,-31.178396,34.024583,0.085380137,3.383320419,-2.688508106,0.000000,6,0.356747420,35.674742015,25.481958582,25.481958582,0.000000000,auto_capture
ros2_pendulum_ws,SWING_UP,2.881,-151.385169,-30.233928,33.644352,0.049234125,-0.571404313,-2.642169639,0.000000,6,0.336443518,33.644351763,24.031679831,24.031679831,0.000000000,auto_capture
ros2_pendulum_ws,SWING_UP,2.932,-150.143617,-28.684043,14.049101,0.054783915,0.822041458,-2.620500472,0.000000,6,0.170775539,17.077553852,12.198252751,12.198252751,0.000000000,auto_capture
ros2_pendulum_ws,SWING_UP,2.984,-148.004263,-24.984923,3.812271,0.060799719,0.545266305,-2.583161691,0.000000,6,0.053306465,5.330646468,3.807604620,3.807604620,0.000000000,auto_capture
ros2_pendulum_ws,SWING_UP,3.035,-147.609497,-20.559604,-0.261528,0.061356304,0.276328697,-2.576271736,0.000000,6,-0.002615284,-0.261528421,-47.498213891,-47.498213891,0.000000000,auto_capture
ros2_pendulum_ws,SWING_UP,3.086,-147.782570,-14.869369,14.840841,0.066415299,-1.224527456,-2.579292415,0.000000,6,0.148408414,14.840841381,90.000000000,90.000000000,0.000000000,auto_capture
ros2_pendulum_ws,SWING_UP,3.136,-148.601259,-8.127159,28.746943,0.058607540,-0.535108281,-2.593581236,0.000000,6,0.146454532,14.645453188,76.972885656,76.972885656,0.000000000,auto_capture
ros2_pendulum_ws,SWING_UP,3.187,-148.755328,0.403153,14.809228,0.058888188,0.702590656,-2.596270255,0.000000,6,0.148092280,14.809227981,-64.725463985,-64.725463985,0.000000000,auto_capture
ros2_pendulum_ws,SWING_UP,3.238,-149.214999,10.169235,30.500737,0.056002128,-0.421478691,-2.604293018,0.000000,6,0.305007374,30.500737376,47.716528925,47.716528925,0.000000000,auto_capture
ros2_pendulum_ws,SWING_UP,3.288,-150.313642,20.958114,66.977891,0.052940870,-0.599615954,-2.623467965,0.000000,6,0.669778912,66.977891222,47.841350873,47.841350873,0.000000000,auto_capture
ros2_pendulum_ws,SWING_UP,3.339,-154.180839,31.389013,53.279693,0.056306172,-2.069669251,-2.690963281,0.000000,6,0.678627430,67.862743024,-59.998846947,-59.998846947,0.000000000,auto_capture
ros2_pendulum_ws,SWING_UP,3.400,-178.426504,33.632344,-30.990229,0.345297558,-9.289101053,-3.114129976,0.000000,6,-0.309902294,-30.990229376,-28.474984811,-28.474984811,0.000000000,auto_capture
ros2_pendulum_ws,SWING_UP,3.451,153.718181,28.821060,-5.351682,0.325261912,-8.436503106,2.682888376,0.000000,6,-0.053516824,-5.351682425,90.000000000,90.000000000,0.000000000,auto_capture
ros2_pendulum_ws,SWING_UP,3.502,148.209314,32.611510,-19.484857,0.060157268,-0.567619945,2.586740509,0.000000,6,-0.194848574,-19.484857429,-41.424703156,-41.424703156,0.000000000,auto_capture
ros2_pendulum_ws,SWING_UP,3.552,140.852904,33.221661,-38.887553,0.136148581,-3.466470381,2.458346941,0.000000,6,-0.398361374,-39.836137410,-28.454383864,-28.454383864,0.000000000,auto_capture
ros2_pendulum_ws,SWING_UP,3.603,132.271789,29.984690,7.106322,0.130338250,-0.686554412,2.308578234,0.000000,6,-0.071335680,-7.133568012,90.000000000,90.000000000,0.000000000,auto_capture
ros2_pendulum_ws,SWING_UP,3.654,132.869954,30.089923,-6.129520,0.125607702,-0.207240414,2.319018172,0.000000,6,-0.061295202,-6.129520211,44.878381167,44.878381167,0.000000000,auto_capture
ros2_pendulum_ws,SWING_UP,3.706,133.856654,28.001138,-20.981755,0.120994977,0.343465200,2.336239342,0.000000,6,-0.209817548,-20.981754813,-45.066463715,-45.066463715,0.000000000,auto_capture
ros2_pendulum_ws,SWING_UP,3.756,134.419771,23.200192,-34.655367,0.117888093,-0.182151191,2.346067589,0.000000,6,-0.490604474,-49.060447407,-45.193565068,-45.193565068,0.000000000,auto_capture
ros2_pendulum_ws,SWING_UP,3.807,134.717341,15.780709,-63.351301,0.116470956,0.204599202,2.351261168,0.000000,6,-0.624333006,-62.433300609,-45.218480003,-45.218480003,0.000000000,auto_capture
ros2_pendulum_ws,SWING_UP,3.857,135.127017,6.002830,-63.472813,0.114342337,0.079786727,2.358411347,0.000000,6,-0.634391761,-63.439176066,-45.313697190,-45.313697190,0.000000000,auto_capture
ros2_pendulum_ws,SWING_UP,3.908,137.154465,-4.997170,-92.420391,0.110053063,1.157225349,2.393796991,0.000000,6,-0.783534615,-78.353461521,-61.033394402,-61.033394402,0.000000000,auto_capture
ros2_pendulum_ws,SWING_UP,3.959,142.003582,-15.997170,-126.000000,0.099532449,2.022558383,2.478430048,0.000000,6,-1.260000000,-126.000000000,-90.000000000,-90.000000000,0.000000000,auto_capture
ros2_pendulum_ws,SWING_UP,4.009,148.818667,-26.997170,-126.000000,0.083398027,2.584045878,2.597375731,0.000000,6,-1.260000000,-126.000000000,-90.000000000,-90.000000000,0.000000000,auto_capture
ros2_pendulum_ws,SWING_UP,4.060,161.601436,-35.340238,-68.704979,0.246591157,7.525510085,2.820477131,0.000000,6,-0.828880052,-82.888005200,62.879010525,62.879010525,0.000000000,auto_capture
ros2_pendulum_ws,SWING_UP,4.111,-169.372202,-33.845727,2.202456,0.495354767,11.052415258,-2.956102587,0.000000,6,-0.112351162,-11.235116199,30.204069061,30.204069061,0.000000000,auto_capture
ros2_pendulum_ws,SWING_UP,4.162,-140.498074,-28.708101,-12.491487,0.275573838,6.818191359,-2.452153982,0.000000,6,0.017267740,1.726774004,-90.000000000,-90.000000000,0.000000000,auto_capture
ros2_pendulum_ws,SWING_UP,4.213,-137.288866,-35.007341,1.953512,0.104113235,0.102473090,-2.396142732,0.000000,6,-0.121504894,-12.150489395,55.818813461,55.818813461,0.000000000,auto_capture
ros2_pendulum_ws,SWING_UP,4.263,-131.438118,-36.888273,47.614089,0.169010637,3.012688991,-2.294027928,0.000000,6,0.482729775,48.272977550,34.480698250,34.480698250,0.000000000,auto_capture
ros2_pendulum_ws,SWING_UP,4.314,-121.809617,-31.975562,35.921838,0.231653063,3.394351670,-2.125978881,0.000000,6,0.392981264,39.298126433,28.070090309,28.070090309,0.000000000,auto_capture
ros2_pendulum_ws,SWING_UP,4.365,-118.476704,-27.694058,21.682060,0.206503018,-0.547697448,-2.067808577,0.000000,6,0.074757766,7.475776601,41.528996593,41.528996593,0.000000000,auto_capture
ros2_pendulum_ws,SWING_UP,4.416,-118.907868,-22.586380,35.923310,0.203115089,-0.317124426,-2.075333811,0.000000,6,0.359233104,35.923310407,41.718039195,41.718039195,0.000000000,auto_capture
ros2_pendulum_ws,SWING_UP,4.466,-119.431270,-13.254001,58.593923,0.199810026,-0.238332340,-2.084468896,0.000000,6,0.585649270,58.564926953,41.832090681,41.832090681,0.000000000,auto_capture
ros2_pendulum_ws,SWING_UP,4.518,-122.457705,-2.254001,89.182553,0.191920366,-1.589998109,-2.137290151,0.000000,6,0.891825528,89.182552849,67.656088076,67.656088076,0.000000000,auto_capture
ros2_pendulum_ws,SWING_UP,4.577,-130.429590,10.945999,126.000000,0.168998788,-2.787262678,-2.276425795,0.000000,6,1.260000000,126.000000000,90.000000000,90.000000000,0.000000000,auto_capture
ros2_pendulum_ws,SWING_UP,4.628,-139.549318,21.945999,126.000000,0.140334849,-3.410916269,-2.435595071,0.000000,6,1.260000000,126.000000000,90.000000000,90.000000000,0.000000000,auto_capture
ros2_pendulum_ws,SWING_UP,4.679,-149.890467,32.945999,112.273648,0.107764667,-3.701936557,-2.616082170,0.000000,6,1.122736482,112.273648201,-84.508198666,-84.508198666,0.000000000,auto_capture
ros2_pendulum_ws,SWING_UP,4.730,-172.943033,36.914116,41.151579,0.460294843,-10.692546623,-3.018425343,0.000000,6,0.411515790,41.151578997,-34.053997392,-34.053997392,0.000000000,auto_capture
ros2_pendulum_ws,SWING_UP,4.781,153.127713,32.464307,-30.091580,0.630535020,-12.126027811,2.672582773,0.000000,6,-0.300915804,-30.091580402,-26.489322668,-26.489322668,0.000000000,auto_capture
ros2_pendulum_ws,SWING_UP,4.832,130.869973,30.165915,41.819917,0.172765446,-3.046730624,2.284111927,0.000000,6,0.270665710,27.066570997,90.000000000,90.000000000,0.000000000,auto_capture
ros2_pendulum_ws,SWING_UP,4.884,127.030166,35.940047,-30.699983,0.181087123,-2.500215115,2.217094650,0.000000,6,-0.306999826,-30.699982599,-41.586973787,-41.586973787,0.000000000,auto_capture
ros2_pendulum_ws,SWING_UP,4.935,118.494153,33.605105,-39.800151,0.240405992,-2.966812105,2.068113111,0.000000,6,-0.398001508,-39.800150822,-28.428679158,-28.428679158,0.000000000,auto_capture
ros2_pendulum_ws,SWING_UP,4.986,111.390056,27.454856,9.169861,0.267264973,-2.120095137,1.944123232,0.000000,6,-0.055013468,-5.501346781,57.598835663,57.598835663,-1.631251495,auto_capture
ros2_pendulum_ws,SWING_UP,5.038,104.619029,28.779622,51.801871,0.318792228,-2.521425893,1.825946517,0.000000,6,0.518018708,51.801870770,37.001336264,37.001336264,-0.156796015,auto_capture
ros2_pendulum_ws,SWING_UP,5.089,97.785772,34.261762,-6.456567,0.357234178,-2.120874096,1.706683689,0.000000,6,0.083652852,8.365285167,-52.449185136,-52.449185136,0.917749752,auto_capture
ros2_pendulum_ws,SWING_UP,5.140,91.911446,32.768133,-37.808157,0.392235629,-1.797502792,1.604157347,0.000000,6,-0.395567129,-39.556712853,-28.254794895,-28.254794895,-1.048915476,auto_capture
ros2_pendulum_ws,SWING_UP,5.191,86.045801,27.164666,-35.431915,0.438333484,-2.172208820,1.501782535,0.000000,6,-0.209582991,-20.958299136,-32.655091327,-32.655091327,-0.606944074,auto_capture
ros2_pendulum_ws,SWING_UP,5.242,80.786237,17.552512,-43.287037,0.467953867,-1.783497093,1.409985833,0.000000,6,-0.432870372,-43.287037170,-30.919312264,-30.919312264,-0.513558810,auto_capture
ros2_pendulum_ws,SWING_UP,5.294,75.881108,6.552512,-41.539116,0.498573700,-1.616608389,1.324375182,0.000000,6,-0.415391160,-41.539115987,-29.670797133,-29.670797133,-0.623015487,auto_capture
ros2_pendulum_ws,SWING_UP,5.344,71.181646,-4.447488,-39.761690,0.529710392,-1.638165431,1.242354086,0.000000,6,-0.401622163,-40.162216341,-28.687297386,-28.687297386,-0.520859757,auto_capture
ros2_pendulum_ws,SWING_UP,5.396,66.805689,-15.447488,-38.274832,0.555756968,-1.484080292,1.165979238,0.000000,6,-0.382748316,-38.274831583,-27.339165416,-27.339165416,-0.402536708,auto_capture
ros2_pendulum_ws,SWING_UP,5.447,62.749225,-26.447488,-36.920820,0.579476342,-1.360321633,1.095180583,0.000000,6,-0.369208205,-36.920820460,-26.372014614,-26.372014614,-0.458842060,auto_capture
ros2_pendulum_ws,SWING_UP,5.497,58.074676,-36.292961,5.960326,0.618882568,-2.178080657,1.013594301,0.000000,6,-0.084145144,-8.414514424,78.986262866,78.986262866,1.114360845,auto_capture
ros2_pendulum_ws,SWING_UP,5.550,53.908667,-36.692546,47.148259,0.628864753,-1.152395810,0.940883733,0.000000,6,0.471482586,47.148258617,33.677327584,33.677327584,-0.433254749,auto_capture
ros2_pendulum_ws,SWING_UP,5.601,50.148458,-30.618593,22.048773,0.650324556,-1.272243446,0.875255713,0.000000,6,0.220487731,22.048773087,-23.483198539,-23.483198539,0.077514847,auto_capture
ros2_pendulum_ws,SWING_UP,5.653,47.552215,-24.007835,-32.332851,0.659847737,-0.807759672,0.829942720,0.000000,6,-0.323328509,-32.332850909,-23.094893507,-23.094893507,-0.883182035,auto_capture
ros2_pendulum_ws,SWING_UP,5.704,45.363143,-21.543825,-31.764091,0.669811192,-0.653196145,0.791736206,0.000000,6,-0.317640910,-31.764090973,-22.688636409,-22.688636409,-1.124232352,auto_capture
ros2_pendulum_ws,SWING_UP,5.754,43.047397,-23.123906,-31.043954,0.682426450,-0.903429199,0.751318813,0.000000,6,-0.310439539,-31.043953916,-22.174252797,-22.174252797,-0.386253889,auto_capture
ros2_pendulum_ws,SWING_UP,5.805,40.983251,-28.683512,-30.594378,0.690302061,-0.647838868,0.715292676,0.000000,6,-0.305943778,-30.594377762,-21.853126973,-21.853126973,-0.877181814,auto_capture
ros2_pendulum_ws,SWING_UP,5.856,37.445839,-35.285289,25.616122,0.706750919,-0.838659198,0.653553175,0.000000,6,0.256161218,25.616121827,47.614368703,47.614368703,-0.209298720,auto_capture
ros2_pendulum_ws,SWING_UP,5.907,34.632843,-33.932316,40.578911,0.718872778,-0.948926188,0.604457131,0.000000,6,0.405789112,40.578911157,28.984936541,28.984936541,0.222268605,auto_capture
ros2_pendulum_ws,SWING_UP,5.958,32.292870,-27.873669,-7.467764,0.725629251,-0.616931210,0.563616905,0.000000,6,-0.074677639,-7.467763866,-20.412670718,-20.412670718,-0.435662572,auto_capture
ros2_pendulum_ws,SWING_UP,6.010,30.963165,-23.948971,-28.359246,0.729456786,-0.378971868,0.540409183,0.000000,6,-0.283592457,-28.359245671,-20.256604050,-20.256604050,-0.927858739,auto_capture
ros2_pendulum_ws,SWING_UP,6.061,29.695000,-23.646514,-28.094467,0.734095133,-0.454742285,0.518275525,0.000000,6,-0.280944675,-28.094467460,-20.067476757,-20.067476757,-0.670755301,auto_capture
ros2_pendulum_ws,SWING_UP,6.112,28.434822,-26.929450,-27.856094,0.738270928,-0.450089123,0.496281267,0.000000,6,-0.278560938,-27.856093819,-19.897209871,-19.897209871,-0.607142413,auto_capture
ros2_pendulum_ws,SWING_UP,6.163,26.778467,-33.474547,0.393272,0.752144940,-1.535235904,0.467372416,0.000000,6,0.003932725,0.393272478,22.302865709,22.302865709,2.095499955,auto_capture
ros2_pendulum_ws,SWING_UP,6.215,24.177729,-37.048181,26.359556,0.752180292,-0.671167251,0.421980983,0.000000,6,0.263595556,26.359555579,18.828253985,18.828253985,2.455401427,auto_capture
ros2_pendulum_ws,SWING_UP,6.267,22.829760,-37.195117,22.766523,0.754224320,-0.202638833,0.398454477,0.000000,6,0.227665230,22.766522987,16.261802134,16.261802134,-0.868412023,auto_capture
ros2_pendulum_ws,SWING_UP,6.318,20.555363,-34.553324,15.571127,0.765973811,-1.240624846,0.358758755,0.000000,6,0.155711271,15.571127147,11.122233676,11.122233676,1.757719865,auto_capture
ros2_pendulum_ws,SWING_UP,6.369,19.259866,-29.709035,3.891287,0.762896961,0.121152089,0.336148075,0.000000,6,0.038912868,3.891286774,2.779490553,2.779490553,-1.433668470,auto_capture
ros2_pendulum_ws,SWING_UP,6.420,18.245565,-24.080601,0.218851,0.766277657,-0.549137954,0.318445188,0.000000,6,0.002188509,0.218850901,0.156322072,0.156322072,0.235217449,auto_capture
ros2_pendulum_ws,SWING_UP,6.471,16.790856,-18.301147,-0.778789,0.769462539,-0.589972844,0.293055713,0.000000,6,-0.007787889,-0.778788853,-0.556277752,-0.556277752,0.419545402,manual_A_near_upright
ros2_pendulum_ws,SWING_UP,6.522,16.956625,-15.082132,-24.532615,0.767930414,-0.217762768,0.295948935,0.000000,6,-0.245326150,-24.532614975,-17.523296411,-17.523296411,-0.483595734,manual_A_near_upright
ros2_pendulum_ws,SWING_UP,6.573,16.321771,-16.288744,-7.170727,0.769277994,-0.270310992,0.284868640,0.000000,6,-0.064000234,-6.400023413,-4.571445295,-4.571445295,-0.169382934,manual_A_near_upright
ros2_pendulum_ws,SWING_UP,6.623,15.406420,-18.635896,-0.043770,0.771101628,-0.317123452,0.268892749,0.000000,6,-0.001144164,-0.114416448,-0.081726034,-0.081726034,-0.129858471,manual_A_near_upright
ros2_pendulum_ws,SWING_UP,6.674,14.443796,-20.999552,2.405333,0.772830240,-0.328979974,0.252091794,0.000000,6,0.024053326,2.405332570,1.718094693,1.718094693,-0.067560162,manual_A_near_upright
ros2_pendulum_ws,SWING_UP,6.725,13.519774,-23.070335,2.761557,0.774323690,-0.315186728,0.235964569,0.000000,6,0.026435462,2.643546163,1.888247259,1.888247259,-0.054999903,manual_A_near_upright
ros2_pendulum_ws,SWING_UP,6.775,12.654646,-24.799855,2.497929,0.775613780,-0.294048098,0.220865236,0.000000,6,0.025367910,2.536791039,1.811993600,1.811993600,-0.046505178,manual_A_near_upright
ros2_pendulum_ws,SWING_UP,6.827,11.848344,-26.212504,2.163190,0.776738881,-0.273478286,0.206792613,0.000000,6,0.021631896,2.163189581,1.545135415,1.545135415,-0.046746997,manual_A_near_upright
ros2_pendulum_ws,SWING_UP,6.877,11.096923,-27.346704,1.870924,0.777722916,-0.254763747,0.193677847,0.000000,6,0.019306447,1.930644711,1.379031937,1.379031937,-0.046794257,manual_A_near_upright
ros2_pendulum_ws,SWING_UP,6.929,10.396379,-28.239446,1.626436,0.778583863,-0.237666315,0.181451037,0.000000,6,0.016264365,1.626436487,1.161740348,1.161740348,-0.046534371,manual_A_near_upright
ros2_pendulum_ws,SWING_UP,6.979,9.742716,-28.922939,1.416437,0.779337526,-0.221858098,0.170042478,0.000000,6,0.014164373,1.416437289,1.011740921,1.011740921,-0.045684990,manual_A_near_upright
ros2_pendulum_ws,SWING_UP,7.030,9.120720,-29.433236,1.227611,0.780009817,-0.206826210,0.159186596,0.000000,6,0.012276114,1.227611416,0.876865297,0.876865297,-0.044851523,manual_A_near_upright
ros2_pendulum_ws,BALANCE,7.080,8.752028,-29.993004,-5.825513,0.780290056,-0.121565292,0.152751702,-29.580263,7,-0.058255126,-5.825512576,-4.161080411,-4.161080411,-0.227599085,manual_A_near_upright
ros2_pendulum_ws,BALANCE,7.132,8.237483,-31.242739,9.579055,0.780902072,-0.194020437,0.143771193,-29.580263,7,0.095790548,9.579054849,6.842182035,6.842182035,-0.108769358,manual_A_near_upright
ros2_pendulum_ws,BALANCE,7.183,7.449597,-31.900981,5.638225,0.782392935,-0.475674449,0.130019988,-29.156786,7,0.056382252,5.638225216,4.027303726,4.027303726,0.699550717,manual_A_near_upright
ros2_pendulum_ws,BALANCE,7.234,6.568441,-30.410652,-0.577000,0.782368217,0.189710905,0.114640920,-28.637814,7,-0.005770002,-0.577000200,-26.306321882,-26.306321882,-0.845085301,manual_A_near_upright
ros2_pendulum_ws,BALANCE,7.286,6.790757,-30.058118,-11.972063,0.782070244,0.075974814,0.118521072,-28.125818,7,-0.119720633,-11.972063303,-8.551473788,-8.551473788,-0.585311199,manual_A_near_upright
ros2_pendulum_ws,BALANCE,7.337,6.444597,-30.895090,-2.039278,0.782347678,-0.082630832,0.112479444,-27.622003,7,-0.020392779,-2.039277903,-1.456627073,-1.456627073,-0.184116114,manual_A_near_upright
ros2_pendulum_ws,BALANCE,7.389,5.935585,-31.511855,15.770091,0.782730026,-0.091879969,0.103595507,-27.132159,7,0.157700914,15.770091418,20.000000000,20.000000000,-0.131712799,manual_A_near_upright
ros2_pendulum_ws,BALANCE,7.440,5.051071,-30.460614,-0.661762,0.783355094,-0.140475825,0.088157823,-26.646739,7,-0.006617618,-0.661761800,-12.892967726,-12.892967726,0.037405380,manual_A_near_upright
ros2_pendulum_ws,BALANCE,7.491,5.250009,-30.029729,-6.627083,0.783153883,-0.002968547,0.091629950,-26.172162,7,-0.066270831,-6.627083130,-4.733630807,-4.733630807,-0.304417316,manual_A_near_upright
ros2_pendulum_ws,BALANCE,7.542,5.011908,-30.563587,-2.038881,0.783310494,-0.051987273,0.087474289,-25.709452,7,-0.020388809,-2.038880918,-1.456343513,-1.456343513,-0.172643125,manual_A_near_upright
ros2_pendulum_ws,BALANCE,7.593,4.681438,-31.106934,4.339032,0.783562433,-0.133722152,0.081706505,-25.250937,7,0.043390317,4.339031663,3.099308331,3.099308331,0.043131048,manual_A_near_upright
ros2_pendulum_ws,BALANCE,7.645,4.038092,-31.084495,0.063333,0.784168200,-0.292553780,0.070478005,-24.798887,7,0.000633329,0.063332926,0.045237804,0.045237804,0.462503858,manual_A_near_upright
ros2_pendulum_ws,BALANCE,7.696,4.070066,-30.923643,-2.423417,0.783819742,-0.048410697,0.071036051,-24.360840,7,-0.024234170,-2.423416955,-1.731012110,-1.731012110,-0.125336901,manual_A_near_upright
ros2_pendulum_ws,BALANCE,7.747,3.836779,-31.158790,17.859094,0.783934402,-0.058906189,0.066964433,-23.922956,7,0.178590944,17.859094385,20.000000000,20.000000000,-0.086304219,manual_A_near_upright
ros2_pendulum_ws,BALANCE,7.799,3.675929,-30.660238,-3.621626,0.784043761,-0.112992299,0.064157070,-23.494530,7,-0.036216261,-3.621626060,-1.095253599,-1.095253599,0.053047480,manual_A_near_upright
ros2_pendulum_ws,BALANCE,7.851,3.412347,-30.794756,2.957353,0.784185953,-0.142889003,0.059556697,-23.072665,7,0.029573528,2.957352776,2.112394840,2.112394840,0.140440837,manual_A_near_upright
ros2_pendulum_ws,BALANCE,7.902,3.193857,-30.969772,1.060109,0.784220772,-0.086991718,0.055743314,-22.665459,7,0.010601095,1.060109455,0.757221039,0.757221039,0.019252855,manual_A_near_upright
ros2_pendulum_ws,BALANCE,7.952,2.983708,-31.070078,0.434436,0.784287531,-0.069781941,0.052075523,-22.267305,7,0.004344361,0.434436103,0.310311502,0.310311502,0.038240023,manual_A_near_upright
ros2_pendulum_ws,BALANCE,8.002,2.864850,-30.519182,-17.067140,0.784552158,0.246260104,0.050001059,-21.873916,7,-0.131447169,-13.144716940,-13.111835502,-13.111835502,-0.733702881,manual_A_near_upright
ros2_pendulum_ws,BALANCE,8.054,2.697612,-30.405509,0.359406,0.784385527,-0.071361694,0.047082212,-21.485302,7,0.003594065,0.359406487,0.256718919,0.256718919,0.011188543,manual_A_near_upright
ros2_pendulum_ws,BALANCE,8.105,2.511158,-30.412394,1.213019,0.784447983,-0.078743255,0.043827974,-21.103430,7,0.012130189,1.213018916,0.866442083,0.866442083,0.039968701,manual_A_near_upright
ros2_pendulum_ws,BALANCE,8.157,2.351673,-30.386140,0.594324,0.784483909,-0.059979815,0.041044434,-20.722223,7,0.005943241,0.594324065,0.424517189,0.424517189,0.004400482,manual_A_near_upright
ros2_pendulum_ws,BALANCE,8.208,2.207302,-30.321487,0.276062,0.784518728,-0.049704642,0.038524696,-20.358673,7,0.002760620,0.276062035,0.197187168,0.197187168,-0.011692824,manual_A_near_upright
ros2_pendulum_ws,BALANCE,8.258,2.071423,-30.222438,0.220603,0.784552006,-0.045882942,0.036153144,-19.998372,7,0.002206027,0.220602686,0.157573347,0.157573347,-0.012801628,manual_A_near_upright
ros2_pendulum_ws,BALANCE,8.309,1.943410,-30.092310,0.211850,0.784581786,-0.043275767,0.033918901,-19.643857,7,0.002188364,0.218836380,0.156311700,0.156311700,-0.011321957,manual_A_near_upright
ros2_pendulum_ws,BALANCE,8.360,1.823286,-29.933964,0.201380,0.784607981,-0.040769207,0.031822352,-19.294709,7,0.002021046,0.202104647,0.144360462,0.144360462,-0.010675299,manual_A_near_upright
ros2_pendulum_ws,BALANCE,8.411,1.710829,-29.750058,0.182592,0.784630923,-0.038213834,0.029859597,-18.953407,7,0.001825920,0.182591981,0.130422843,0.130422843,-0.009809430,manual_A_near_upright
ros2_pendulum_ws,BALANCE,8.462,1.605545,-29.543244,0.164406,0.784651070,-0.035788089,0.028022053,-18.618162,7,0.001644062,0.164406185,0.117432989,0.117432989,-0.009383566,manual_A_near_upright
ros2_pendulum_ws,BALANCE,8.513,1.506947,-29.315857,0.147265,0.784668778,-0.033509831,0.026301184,-18.289052,7,0.001507683,0.150768318,0.107691656,0.107691656,-0.009090899,manual_A_near_upright
ros2_pendulum_ws,BALANCE,8.565,1.414586,-29.070041,0.131990,0.784684351,-0.031384413,0.024689175,-17.964428,7,0.001319901,0.131990110,0.094278650,0.094278650,-0.008620604,manual_A_near_upright
ros2_pendulum_ws,BALANCE,8.615,1.328067,-28.807730,0.117547,0.784698049,-0.029397995,0.023179135,-17.646633,7,0.001175466,0.117546579,0.083961842,0.083961842,-0.008253870,manual_A_near_upright
ros2_pendulum_ws,BALANCE,8.666,1.247015,-28.530749,0.105266,0.784710102,-0.027554806,0.021764517,-17.333677,7,0.001052655,0.105265528,0.075189663,0.075189663,-0.007867825,manual_A_near_upright
ros2_pendulum_ws,BALANCE,8.718,1.171083,-28.240747,0.093202,0.784720701,-0.025804428,0.020439249,-17.025231,7,0.000932016,0.093201569,0.066572549,0.066572549,-0.007562820,manual_A_near_upright
ros2_pendulum_ws,BALANCE,8.769,1.099943,-27.939270,0.082804,0.784730033,-0.024184663,0.019197626,-16.722466,7,0.000828042,0.082804215,0.059145868,0.059145868,-0.007320242,manual_A_near_upright
ros2_pendulum_ws,BALANCE,8.819,1.033282,-27.627704,0.071818,0.784738245,-0.022657519,0.018034170,-16.427421,7,0.000734206,0.073420582,0.052443273,0.052443273,-0.007020233,manual_A_near_upright
ros2_pendulum_ws,BALANCE,8.870,0.970829,-27.307399,0.062051,0.784745473,-0.021225433,0.016944162,-16.137705,7,0.000620512,0.062051245,0.044322318,0.044322318,-0.006669111,manual_A_near_upright
ros2_pendulum_ws,BALANCE,8.921,0.912325,-26.979593,0.053008,0.784751835,-0.019873141,0.015923078,-15.853180,7,0.000530083,0.053008298,0.037863070,0.037863070,-0.006442927,manual_A_near_upright
ros2_pendulum_ws,BALANCE,8.972,0.857461,-26.645378,0.045732,0.784757448,-0.018638812,0.014965525,-15.572195,7,0.000457318,0.045731771,0.032665551,0.032665551,-0.006149636,manual_A_near_upright
ros2_pendulum_ws,BALANCE,9.023,0.806038,-26.305689,0.037919,0.784762391,-0.017468000,0.014068020,-15.297151,7,0.000379190,0.037919005,0.027085004,0.027085004,-0.005908068,manual_A_near_upright
ros2_pendulum_ws,BALANCE,9.074,0.757855,-25.961500,0.032273,0.784766748,-0.016382253,0.013227066,-15.025373,7,0.000322733,0.032273278,0.023052341,0.023052341,-0.005654617,manual_A_near_upright
ros2_pendulum_ws,BALANCE,9.135,0.704010,-25.543698,0.024032,0.784771296,-0.015142467,0.012287285,-14.707948,7,0.000240320,0.024032006,0.017165718,0.017165718,-0.005434849,manual_A_near_upright
ros2_pendulum_ws,BALANCE,9.185,0.662215,-25.192532,0.019180,0.784774599,-0.014208969,0.011557834,-14.448579,7,0.000196665,0.019666543,0.014047531,0.014047531,-0.005257671,manual_A_near_upright
ros2_pendulum_ws,BALANCE,9.236,0.623027,-24.839356,0.013972,0.784777511,-0.013322270,0.010873870,-14.193665,7,0.000139725,0.013972454,0.009980324,0.009980324,-0.004997711,manual_A_near_upright
ros2_pendulum_ws,BALANCE,9.287,0.586294,-24.484819,0.009728,0.784780079,-0.012481850,0.010232752,-13.941329,7,0.000097282,0.009728195,0.006948710,0.006948710,-0.004834917,manual_A_near_upright
ros2_pendulum_ws,BALANCE,9.338,0.551845,-24.129505,0.004495,0.784782348,-0.011707962,0.009631513,-13.698260,7,0.000044951,0.004495051,0.003210751,0.003210751,-0.004648037,manual_A_near_upright
ros2_pendulum_ws,BALANCE,9.388,0.519531,-23.773968,0.000669,0.784784351,-0.010982356,0.009067519,-13.456487,7,0.000006694,0.000669435,0.000478168,0.000478168,-0.004471912,manual_A_near_upright
ros2_pendulum_ws,BALANCE,9.440,0.489230,-23.418673,-0.001565,0.784786120,-0.010305119,0.008538682,-13.215276,7,-0.000015647,-0.001564745,-0.001117675,-0.001117675,-0.004299232,manual_A_near_upright
ros2_pendulum_ws,BALANCE,9.491,0.460812,-23.063990,-0.005411,0.784787682,-0.009656930,0.008042684,-12.980632,7,-0.000048149,-0.004814879,-0.003439199,-0.003439199,-0.004194147,manual_A_near_upright
ros2_pendulum_ws,BALANCE,9.542,0.434162,-22.710357,-0.008671,0.784789062,-0.009051056,0.007577548,-12.750476,7,-0.000086854,-0.008685439,-0.006203885,-0.006203885,-0.004076712,manual_A_near_upright
ros2_pendulum_ws,BALANCE,9.593,0.409154,-22.358178,-0.010770,0.784790284,-0.008501719,0.007141086,-12.523924,7,-0.000105629,-0.010562919,-0.007544942,-0.007544942,-0.003920134,manual_A_near_upright
ros2_pendulum_ws,BALANCE,9.644,0.385700,-22.007767,-0.013274,0.784791363,-0.007975837,0.006731736,-12.301946,7,-0.000132737,-0.013273742,-0.009481244,-0.009481244,-0.003745892,manual_A_near_upright
ros2_pendulum_ws,BALANCE,9.695,0.363697,-21.659450,-0.015568,0.784792319,-0.007487854,0.006347710,-12.084728,7,-0.000155684,-0.015568353,-0.011120252,-0.011120252,-0.003611365,manual_A_near_upright
ros2_pendulum_ws,BALANCE,9.746,0.343055,-21.313518,-0.017407,0.784793164,-0.007024436,0.005987447,-11.870515,7,-0.000173052,-0.017305191,-0.012360851,-0.012360851,-0.003532918,manual_A_near_upright
ros2_pendulum_ws,BALANCE,9.797,0.323685,-20.970221,-0.019497,0.784793912,-0.006587099,0.005649362,-11.660519,7,-0.000194968,-0.019496812,-0.013926294,-0.013926294,-0.003398793,manual_A_near_upright
ros2_pendulum_ws,BALANCE,9.848,0.305510,-20.629778,-0.021349,0.784794574,-0.006179140,0.005332152,-11.454657,7,-0.000208922,-0.020892237,-0.014923026,-0.014923026,-0.003317383,manual_A_near_upright
ros2_pendulum_ws,BALANCE,9.899,0.288450,-20.292397,-0.023092,0.784795162,-0.005794907,0.005034404,-11.252348,7,-0.000230919,-0.023091859,-0.016494185,-0.016494185,-0.003209196,manual_A_near_upright
ros2_pendulum_ws,BALANCE,9.956,0.271969,-19.951526,-0.011783,0.784795706,-0.005631135,0.004746757,-11.026300,7,-0.000126285,-0.012628478,-0.009020342,-0.009020342,-0.002906532,manual_A_near_upright
ros2_pendulum_ws,BALANCE,10.013,0.256808,-19.619878,-0.017286,0.784796169,-0.005248105,0.004482139,-10.817890,7,-0.000172856,-0.017285592,-0.012346851,-0.012346851,-0.002768733,manual_A_near_upright
ros2_pendulum_ws,BALANCE,10.067,0.242879,-19.297720,-0.016339,0.784796572,-0.004942674,0.004239036,-10.609962,7,-0.000163388,-0.016338774,-0.011670553,-0.011670553,-0.002550306,manual_A_near_upright
ros2_pendulum_ws,BALANCE,10.127,0.229672,-18.978075,-0.023056,0.784796928,-0.004492075,0.004008532,-10.388023,7,-0.000230562,-0.023056184,-0.016468703,-0.016468703,-0.002848029,manual_A_near_upright
ros2_pendulum_ws,BALANCE,10.179,0.216958,-18.648255,-0.031937,0.784797256,-0.004160215,0.003786637,-10.200970,7,-0.000319373,-0.031937264,-0.022812331,-0.022812331,-0.002890048,manual_A_near_upright
ros2_pendulum_ws,BALANCE,10.235,0.205240,-18.328571,-0.030343,0.784797543,-0.003890068,0.003582108,-10.000746,7,-0.000303428,-0.030342761,-0.021673401,-0.021673401,-0.002843005,manual_A_near_upright
ros2_pendulum_ws,BALANCE,10.295,0.192275,-17.949982,-0.031314,0.784797844,-0.003657764,0.003355826,-9.793200,7,-0.000313137,-0.031313714,-0.022366938,-0.022366938,-0.002631173,manual_A_near_upright
ros2_pendulum_ws,BALANCE,10.346,0.182150,-17.639218,-0.030026,0.784798065,-0.003457164,0.003179109,-9.617966,7,-0.000300261,-0.030026111,-0.021447222,-0.021447222,-0.002511778,manual_A_near_upright
ros2_pendulum_ws,BALANCE,10.397,0.172653,-17.332707,-0.031766,0.784798260,-0.003226949,0.003013362,-9.448583,7,-0.000317657,-0.031765706,-0.022689790,-0.022689790,-0.002500754,manual_A_near_upright
ros2_pendulum_ws,BALANCE,10.448,0.163728,-17.030553,-0.032073,0.784798435,-0.003034118,0.002857594,-9.282420,7,-0.000320733,-0.032073282,-0.022909487,-0.022909487,-0.002433935,manual_A_near_upright
ros2_pendulum_ws,BALANCE,10.498,0.155340,-16.732793,-0.031614,0.784798591,-0.002858730,0.002711199,-9.118214,7,-0.000316141,-0.031614122,-0.022581516,-0.022581516,-0.002357125,manual_A_near_upright
ros2_pendulum_ws,BALANCE,10.549,0.147448,-16.439419,-0.031591,0.784798730,-0.002688679,0.002573461,-8.956769,7,-0.000315915,-0.031591481,-0.022565343,-0.022565343,-0.002296938,manual_A_near_upright
ros2_pendulum_ws,BALANCE,10.600,0.140036,-16.150428,-0.032137,0.784798853,-0.002520443,0.002444084,-8.799321,7,-0.000321369,-0.032136907,-0.022954933,-0.022954933,-0.002260823,manual_A_near_upright
ros2_pendulum_ws,BALANCE,10.650,0.133057,-15.865842,-0.032296,0.784798964,-0.002371213,0.002322285,-8.644628,7,-0.000322049,-0.032204900,-0.023003500,-0.023003500,-0.002210529,manual_A_near_upright
ros2_pendulum_ws,BALANCE,10.701,0.126496,-15.585666,-0.031336,0.784799064,-0.002239743,0.002207777,-8.491262,7,-0.000313362,-0.031336163,-0.022382973,-0.022382973,-0.002131056,manual_A_near_upright
ros2_pendulum_ws,BALANCE,10.753,0.120313,-15.309843,-0.031406,0.784799153,-0.002104831,0.002099854,-8.340492,7,-0.000314061,-0.031406070,-0.022432907,-0.022432907,-0.002087910,manual_A_near_upright
ros2_pendulum_ws,BALANCE,10.803,0.114495,-15.038336,-0.031614,0.784799232,-0.001980641,0.001998319,-8.193219,7,-0.000316137,-0.031613679,-0.022581199,-0.022581199,-0.002040747,manual_A_near_upright
ros2_pendulum_ws,BALANCE,10.855,0.109025,-14.771148,-0.031236,0.784799304,-0.001866403,0.001902845,-8.047974,7,-0.000312357,-0.031235668,-0.022311191,-0.022311191,-0.001990304,manual_A_near_upright
ros2_pendulum_ws,BALANCE,10.905,0.103874,-14.508249,-0.030957,0.784799367,-0.001754354,0.001812949,-7.904686,7,-0.000309566,-0.030956551,-0.022111822,-0.022111822,-0.001953577,manual_A_near_upright
ros2_pendulum_ws,BALANCE,10.957,0.099022,-14.249599,-0.030743,0.784799425,-0.001652656,0.001728259,-7.764155,7,-0.000307431,-0.030743103,-0.021959359,-0.021959359,-0.001909705,manual_A_near_upright
ros2_pendulum_ws,BALANCE,11.008,0.094455,-13.995157,-0.030760,0.784799476,-0.001551443,0.001648556,-7.626257,7,-0.000307598,-0.030759823,-0.021971302,-0.021971302,-0.001881628,manual_A_near_upright
ros2_pendulum_ws,BALANCE,11.059,0.090152,-13.744902,-0.030585,0.784799523,-0.001461788,0.001573450,-7.491048,7,-0.000305848,-0.030584752,-0.021846252,-0.021846252,-0.001841438,manual_A_near_upright
ros2_pendulum_ws,BALANCE,11.109,0.086109,-13.498811,-0.030938,0.784799564,-0.001372985,0.001502881,-7.360154,7,-0.000307969,-0.030796858,-0.021997756,-0.021997756,-0.001818040,manual_A_near_upright
ros2_pendulum_ws,BALANCE,11.160,0.082308,-13.256924,-0.029900,0.784799602,-0.001302642,0.001436546,-7.231207,7,-0.000298997,-0.029899653,-0.021356895,-0.021356895,-0.001757916,manual_A_near_upright
ros2_pendulum_ws,BALANCE,11.211,0.078637,-13.014469,-0.029277,0.784799637,-0.001236764,0.001372469,-7.101471,7,-0.000287784,-0.028778376,-0.020555983,-0.020555983,-0.001712526,manual_A_near_upright
ros2_pendulum_ws,BALANCE,11.261,0.075314,-12.785464,-0.029515,0.784799666,-0.001156491,0.001314478,-6.978145,7,-0.000295149,-0.029514924,-0.021082088,-0.021082088,-0.001693646,manual_A_near_upright
ros2_pendulum_ws,BALANCE,11.312,0.072123,-12.555752,-0.028872,0.784799694,-0.001088870,0.001258791,-6.854345,7,-0.000288717,-0.028871699,-0.020622642,-0.020622642,-0.001666602,manual_A_near_upright
ros2_pendulum_ws,BALANCE,11.363,0.069111,-12.330009,-0.028467,0.784799719,-0.001029491,0.001206210,-6.733543,7,-0.000284665,-0.028466532,-0.020333237,-0.020333237,-0.001630338,manual_A_near_upright
ros2_pendulum_ws,BALANCE,11.414,0.066265,-12.108167,-0.028126,0.784799741,-0.000970337,0.001156546,-6.614252,7,-0.000281260,-0.028126041,-0.020090029,-0.020090029,-0.001603449,manual_A_near_upright
ros2_pendulum_ws,BALANCE,11.464,0.063583,-11.890170,-0.028334,0.784799762,-0.000908844,0.001109734,-6.498239,7,-0.000282607,-0.028260743,-0.020186245,-0.020186245,-0.001584975,manual_A_near_upright
ros2_pendulum_ws,BALANCE,11.515,0.061049,-11.675998,-0.027753,0.784799780,-0.000861170,0.001065502,-6.383453,7,-0.000273644,-0.027364352,-0.019545966,-0.019545966,-0.001544726,manual_A_near_upright
ros2_pendulum_ws,BALANCE,11.566,0.058662,-11.465588,-0.027087,0.784799797,-0.000814697,0.001023851,-6.270626,7,-0.000270918,-0.027091798,-0.019351284,-0.019351284,-0.001527194,manual_A_near_upright
ros2_pendulum_ws,BALANCE,11.617,0.056402,-11.258886,-0.026477,0.784799812,-0.000769972,0.000984407,-6.159169,7,-0.000264769,-0.026476920,-0.018912086,-0.018912086,-0.001499050,manual_A_near_upright
ros2_pendulum_ws,BALANCE,11.668,0.054266,-11.055818,-0.026139,0.784799826,-0.000727051,0.000947125,-6.050092,7,-0.000261391,-0.026139081,-0.018670772,-0.018670772,-0.001475304,manual_A_near_upright
ros2_pendulum_ws,BALANCE,11.719,0.052255,-10.856342,-0.026109,0.784799839,-0.000683309,0.000912017,-5.944069,7,-0.000261094,-0.026109369,-0.018649550,-0.018649550,-0.001460916,manual_A_near_upright
ros2_pendulum_ws,BALANCE,11.770,0.050349,-10.660433,-0.025415,0.784799850,-0.000652065,0.000878757,-5.839301,7,-0.000254147,-0.025414717,-0.018153369,-0.018153369,-0.001422819,manual_A_near_upright
ros2_pendulum_ws,BALANCE,11.830,0.048208,-10.429967,-0.025036,0.784799863,-0.000607146,0.000841395,-5.716810,7,-0.000250355,-0.025035539,-0.017882528,-0.017882528,-0.001403593,manual_A_near_upright
ros2_pendulum_ws,BALANCE,11.881,0.046518,-10.241708,-0.024607,0.784799872,-0.000574039,0.000811900,-5.615487,7,-0.000246070,-0.024607027,-0.017576448,-0.017576448,-0.001382768,manual_A_near_upright
ros2_pendulum_ws,BALANCE,11.931,0.044922,-10.056803,-0.024579,0.784799881,-0.000539252,0.000784039,-5.516700,7,-0.000245794,-0.024579387,-0.017556705,-0.017556705,-0.001371527,manual_A_near_upright
ros2_pendulum_ws,BALANCE,11.982,0.043410,-9.875220,-0.023989,0.784799888,-0.000511883,0.000757646,-5.418859,7,-0.000239889,-0.023988882,-0.017134915,-0.017134915,-0.001347478,manual_A_near_upright
ros2_pendulum_ws,BALANCE,12.033,0.041980,-9.696893,-0.023467,0.784799896,-0.000486407,0.000732681,-5.322891,7,-0.000233679,-0.023367851,-0.016691322,-0.016691322,-0.001320637,manual_A_near_upright
ros2_pendulum_ws,BALANCE,12.084,0.040608,-9.518314,-0.023927,0.784799902,-0.000455937,0.000708739,-5.229698,7,-0.000239268,-0.023926775,-0.017090553,-0.017090553,-0.001314206,manual_A_near_upright
ros2_pendulum_ws,BALANCE,12.135,0.039350,-9.349878,-0.022558,0.784799908,-0.000437500,0.000686787,-5.137480,7,-0.000225576,-0.022557586,-0.016112561,-0.016112561,-0.001285076,manual_A_near_upright
ros2_pendulum_ws,BALANCE,12.186,0.038136,-9.181069,-0.021993,0.784799914,-0.000416057,0.000665595,-5.046404,7,-0.000219935,-0.021993453,-0.015709609,-0.015709609,-0.001264485,manual_A_near_upright
ros2_pendulum_ws,BALANCE,12.236,0.036986,-9.015317,-0.021650,0.784799919,-0.000396151,0.000645521,-4.957825,7,-0.000216496,-0.021649564,-0.015463974,-0.015463974,-0.001244010,manual_A_near_upright
ros2_pendulum_ws,BALANCE,12.288,0.035886,-8.852569,-0.021035,0.784799924,-0.000378522,0.000626322,-4.869487,7,-0.000210354,-0.021035417,-0.015025298,-0.015025298,-0.001221043,manual_A_near_upright
ros2_pendulum_ws,BALANCE,12.338,0.034851,-8.692752,-0.021251,0.784799928,-0.000352417,0.000608263,-4.784340,7,-0.000212512,-0.021251186,-0.015179418,-0.015179418,-0.001222295,manual_A_near_upright
ros2_pendulum_ws,BALANCE,12.388,0.033864,-8.535850,-0.020910,0.784799932,-0.000336447,0.000591034,-4.700188,7,-0.000209099,-0.020909941,-0.014935672,-0.014935672,-0.001202042,manual_A_near_upright
ros2_pendulum_ws,BALANCE,12.439,0.032931,-8.381805,-0.020290,0.784799936,-0.000320562,0.000574749,-4.616919,7,-0.000202901,-0.020290137,-0.014492955,-0.014492955,-0.001184797,manual_A_near_upright
ros2_pendulum_ws,BALANCE,12.490,0.032042,-8.230563,-0.019763,0.784799939,-0.000305815,0.000559237,-4.535006,7,-0.000197627,-0.019762737,-0.014116241,-0.014116241,-0.001167450,manual_A_near_upright
ros2_pendulum_ws,BALANCE,12.542,0.031192,-8.082059,-0.019319,0.784799942,-0.000292374,0.000544406,-4.454298,7,-0.000193189,-0.019318909,-0.013799221,-0.013799221,-0.001149283,manual_A_near_upright
ros2_pendulum_ws,BALANCE,12.594,0.030376,-7.936216,-0.018542,0.784799945,-0.000281101,0.000530153,-4.373152,7,-0.000185424,-0.018542350,-0.013244536,-0.013244536,-0.001127876,manual_A_near_upright
ros2_pendulum_ws,BALANCE,12.646,0.029602,-7.792949,-0.018329,0.784799948,-0.000265619,0.000516645,-4.294178,7,-0.000183286,-0.018328612,-0.013091866,-0.013091866,-0.001119109,manual_A_near_upright
ros2_pendulum_ws,BALANCE,12.698,0.028866,-7.652223,-0.018209,0.784799950,-0.000250238,0.000503808,-4.216825,7,-0.000182089,-0.018208893,-0.013006352,-0.013006352,-0.001112375,manual_A_near_upright
ros2_pendulum_ws,BALANCE,12.748,0.028176,-7.514017,-0.018405,0.784799953,-0.000235179,0.000491760,-4.142731,7,-0.000184052,-0.018405213,-0.013146581,-0.013146581,-0.001107553,manual_A_near_upright
ros2_pendulum_ws,BALANCE,12.799,0.027523,-7.378346,-0.017845,0.784799955,-0.000225794,0.000480375,-4.069441,7,-0.000178446,-0.017844562,-0.012746116,-0.012746116,-0.001091368,manual_A_near_upright
ros2_pendulum_ws,BALANCE,12.850,0.026899,-7.245163,-0.017335,0.784799957,-0.000215247,0.000469482,-3.996946,7,-0.000176044,-0.017604438,-0.012574598,-0.012574598,-0.001085439,manual_A_near_upright
ros2_pendulum_ws,BALANCE,12.901,0.026301,-7.114403,-0.017179,0.784799959,-0.000205395,0.000459034,-3.926232,7,-0.000172236,-0.017223601,-0.012302572,-0.012302572,-0.001073622,manual_A_near_upright
ros2_pendulum_ws,BALANCE,12.952,0.025731,-6.986021,-0.016771,0.784799961,-0.000195625,0.000449089,-3.856146,7,-0.000168714,-0.016871424,-0.012051017,-0.012051017,-0.001059317,manual_A_near_upright
ros2_pendulum_ws,BALANCE,13.004,0.025187,-6.859971,-0.016485,0.784799962,-0.000186565,0.000439592,-3.787499,7,-0.000164852,-0.016485157,-0.011775112,-0.011775112,-0.001046857,manual_A_near_upright
ros2_pendulum_ws,BALANCE,13.055,0.024669,-6.736212,-0.016257,0.784799964,-0.000176622,0.000430562,-3.720233,7,-0.000164277,-0.016427740,-0.011734100,-0.011734100,-0.001041806,manual_A_near_upright
ros2_pendulum_ws,BALANCE,13.106,0.024173,-6.614709,-0.015861,0.784799965,-0.000170729,0.000421890,-3.653903,7,-0.000158462,-0.015846241,-0.011318744,-0.011318744,-0.001027421,manual_A_near_upright
ros2_pendulum_ws,BALANCE,13.157,0.023701,-6.495414,-0.015567,0.784799967,-0.000163933,0.000413658,-3.589098,7,-0.000156473,-0.015647255,-0.011176611,-0.011176611,-0.001019262,manual_A_near_upright
ros2_pendulum_ws,BALANCE,13.208,0.023248,-6.378292,-0.015461,0.784799968,-0.000153957,0.000405763,-3.525375,7,-0.000154462,-0.015446179,-0.011032985,-0.011032985,-0.001005729,manual_A_near_upright
ros2_pendulum_ws,BALANCE,13.259,0.022819,-6.263310,-0.015179,0.784799969,-0.000147281,0.000398259,-3.462902,7,-0.000150996,-0.015099580,-0.010785414,-0.010785414,-0.000997479,manual_A_near_upright
ros2_pendulum_ws,BALANCE,13.310,0.022406,-6.150429,-0.014832,0.784799970,-0.000141655,0.000391066,-3.401370,7,-0.000147577,-0.014757687,-0.010541205,-0.010541205,-0.000989093,manual_A_near_upright
ros2_pendulum_ws,BALANCE,13.362,0.022013,-6.039612,-0.014454,0.784799971,-0.000135873,0.000384196,-3.340829,7,-0.000145229,-0.014522859,-0.010373471,-0.010373471,-0.000981475,manual_A_near_upright
ros2_pendulum_ws,BALANCE,13.413,0.021636,-5.930817,-0.014318,0.784799972,-0.000127737,0.000377614,-3.281586,7,-0.000143813,-0.014381325,-0.010272375,-0.010272375,-0.000976583,manual_A_near_upright
ros2_pendulum_ws,BALANCE,13.464,0.021271,-5.824007,-0.013963,0.784799973,-0.000123501,0.000371252,-3.222983,7,-0.000139324,-0.013932441,-0.009951743,-0.009951743,-0.000963848,manual_A_near_upright
ros2_pendulum_ws,BALANCE,13.515,0.020924,-5.719139,-0.013687,0.784799974,-0.000119460,0.000365192,-3.165756,7,-0.000137044,-0.013704388,-0.009788849,-0.009788849,-0.000958202,manual_A_near_upright
ros2_pendulum_ws,BALANCE,13.567,0.020592,-5.616184,-0.013311,0.784799975,-0.000115267,0.000359391,-3.109291,7,-0.000133111,-0.013311121,-0.009507944,-0.009507944,-0.000945288,manual_A_near_upright
ros2_pendulum_ws,BALANCE,13.618,0.020271,-5.515104,-0.013089,0.784799975,-0.000110468,0.000353792,-3.053951,7,-0.000130890,-0.013089027,-0.009349305,-0.009349305,-0.000937770,manual_A_near_upright
ros2_pendulum_ws,BALANCE,13.669,0.019966,-5.415866,-0.013021,0.784799976,-0.000102999,0.000348481,-2.999932,7,-0.000131187,-0.013118689,-0.009370492,-0.009370492,-0.000936892,manual_A_near_upright
ros2_pendulum_ws,BALANCE,13.720,0.019673,-5.318445,-0.012686,0.784799977,-0.000099915,0.000343351,-2.946565,7,-0.000127713,-0.012771258,-0.009122327,-0.009122327,-0.000928605,manual_A_near_upright
ros2_pendulum_ws,BALANCE,13.772,0.019388,-5.222800,-0.012366,0.784799978,-0.000097879,0.000338379,-2.894035,7,-0.000123657,-0.012365741,-0.008832672,-0.008832672,-0.000915577,manual_A_near_upright
ros2_pendulum_ws,BALANCE,13.833,0.019063,-5.110314,-0.012282,0.784799978,-0.000090936,0.000332716,-2.832613,7,-0.000122819,-0.012281858,-0.008772756,-0.008772756,-0.000912988,manual_A_near_upright
ros2_pendulum_ws,BALANCE,13.884,0.018805,-5.018462,-0.011788,0.784799979,-0.000089297,0.000328205,-2.781915,7,-0.000117877,-0.011787693,-0.008419781,-0.008419781,-0.000901585,manual_A_near_upright
ros2_pendulum_ws,BALANCE,13.934,0.018556,-4.928282,-0.011750,0.784799979,-0.000084225,0.000323869,-2.732799,7,-0.000118103,-0.011810280,-0.008435914,-0.008435914,-0.000899700,manual_A_near_upright
ros2_pendulum_ws,BALANCE,13.986,0.018318,-4.839752,-0.011505,0.784799980,-0.000081150,0.000319702,-2.684359,7,-0.000115050,-0.011504981,-0.008217844,-0.008217844,-0.000892228,manual_A_near_upright
ros2_pendulum_ws,BALANCE,14.037,0.018086,-4.752840,-0.011251,0.784799980,-0.000078609,0.000315665,-2.636671,7,-0.000112514,-0.011251360,-0.008036686,-0.008036686,-0.000884600,manual_A_near_upright
ros2_pendulum_ws,BALANCE,14.089,0.017862,-4.667513,-0.010919,0.784799981,-0.000076667,0.000311756,-2.589522,7,-0.000109187,-0.010918698,-0.007799070,-0.007799070,-0.000875971,manual_A_near_upright
ros2_pendulum_ws,BALANCE,14.139,0.017649,-4.583736,-0.010742,0.784799981,-0.000074006,0.000308027,-2.543665,7,-0.000108797,-0.010879656,-0.007771183,-0.007771183,-0.000873758,manual_A_near_upright
ros2_pendulum_ws,BALANCE,14.190,0.017445,-4.501492,-0.010634,0.784799982,-0.000070045,0.000304468,-2.498910,7,-0.000106342,-0.010634243,-0.007595888,-0.007595888,-0.000867085,manual_A_near_upright
ros2_pendulum_ws,BALANCE,14.241,0.017246,-4.420758,-0.010440,0.784799982,-0.000066733,0.000300997,-2.454601,7,-0.000105677,-0.010567672,-0.007548337,-0.007548337,-0.000865962,manual_A_near_upright
ros2_pendulum_ws,BALANCE,14.292,0.017049,-4.341494,-0.010145,0.784799983,-0.000067451,0.000297566,-2.410872,7,-0.000101454,-0.010145391,-0.007246708,-0.007246708,-0.000849840,manual_A_near_upright
ros2_pendulum_ws,BALANCE,14.343,0.016864,-4.263669,-0.009923,0.784799983,-0.000066013,0.000294327,-2.368174,7,-0.000098876,-0.009887642,-0.007062601,-0.007062601,-0.000847015,manual_A_near_upright
ros2_pendulum_ws,BALANCE,14.394,0.016685,-4.187264,-0.009696,0.784799983,-0.000062802,0.000291203,-2.326023,7,-0.000097620,-0.009761980,-0.006972843,-0.006972843,-0.000841480,manual_A_near_upright
ros2_pendulum_ws,BALANCE,14.445,0.016510,-4.112248,-0.009677,0.784799984,-0.000059533,0.000288149,-2.284945,7,-0.000095963,-0.009596269,-0.006854478,-0.006854478,-0.000834935,manual_A_near_upright
ros2_pendulum_ws,BALANCE,14.496,0.016343,-4.038602,-0.009429,0.784799984,-0.000058161,0.000285235,-2.244451,7,-0.000093381,-0.009338148,-0.006670106,-0.006670106,-0.000829200,manual_A_near_upright
ros2_pendulum_ws,BALANCE,14.547,0.016183,-3.966304,-0.009151,0.784799984,-0.000056290,0.000282448,-2.204659,7,-0.000091514,-0.009151382,-0.006536701,-0.006536701,-0.000825227,manual_A_near_upright
ros2_pendulum_ws,BALANCE,14.599,0.016023,-3.895322,-0.008954,0.784799985,-0.000054663,0.000279651,-2.165273,7,-0.000089539,-0.008953878,-0.006395627,-0.006395627,-0.000819623,manual_A_near_upright
ros2_pendulum_ws,BALANCE,14.650,0.015869,-3.825619,-0.008702,0.784799985,-0.000052401,0.000276960,-2.126310,7,-0.000087852,-0.008785237,-0.006275169,-0.006275169,-0.000815155,manual_A_near_upright
ros2_pendulum_ws,BALANCE,14.701,0.015720,-3.757172,-0.008554,0.784799985,-0.000051297,0.000274359,-2.088450,7,-0.000086815,-0.008681478,-0.006201056,-0.006201056,-0.000813442,manual_A_near_upright
ros2_pendulum_ws,BALANCE,14.753,0.015576,-3.689962,-0.008467,0.784799986,-0.000049586,0.000271850,-2.051459,7,-0.000084668,-0.008466846,-0.006047747,-0.006047747,-0.000805286,manual_A_near_upright
ros2_pendulum_ws,BALANCE,14.803,0.015438,-3.623971,-0.008487,0.784799986,-0.000046132,0.000269437,-2.015336,7,-0.000084419,-0.008441934,-0.006029953,-0.006029953,-0.000801705,manual_A_near_upright
ros2_pendulum_ws,BALANCE,14.855,0.015304,-3.559188,-0.008133,0.784799986,-0.000046483,0.000267112,-1.979465,7,-0.000081329,-0.008132931,-0.005809236,-0.005809236,-0.000796623,manual_A_near_upright
ros2_pendulum_ws,BALANCE,14.905,0.015175,-3.495583,-0.008095,0.784799986,-0.000044186,0.000264852,-1.944596,7,-0.000080945,-0.008094523,-0.005781802,-0.005781802,-0.000794448,manual_A_near_upright
ros2_pendulum_ws,BALANCE,14.956,0.015054,-3.433145,-0.007874,0.784799986,-0.000042670,0.000262737,-1.910415,7,-0.000079485,-0.007948465,-0.005677475,-0.005677475,-0.000795285,manual_A_near_upright
ros2_pendulum_ws,BALANCE,15.006,0.014931,-3.371853,-0.007815,0.784799987,-0.000041113,0.000260593,-1.876863,7,-0.000078154,-0.007815380,-0.005582414,-0.005582414,-0.000787344,manual_A_near_upright
ros2_pendulum_ws,BALANCE,15.057,0.014813,-3.311682,-0.007551,0.784799987,-0.000040009,0.000258540,-1.843528,7,-0.000075971,-0.007597131,-0.005426522,-0.005426522,-0.000782987,manual_A_near_upright
ros2_pendulum_ws,BALANCE,15.108,0.014699,-3.252611,-0.007225,0.784799987,-0.000042297,0.000256540,-1.810948,7,-0.000074162,-0.007416183,-0.005297274,-0.005297274,-0.000783322,manual_A_near_upright
ros2_pendulum_ws,BALANCE,15.158,0.014588,-3.194615,-0.007346,0.784799987,-0.000037928,0.000254601,-1.779424,7,-0.000073460,-0.007346024,-0.005247160,-0.005247160,-0.000774617,manual_A_near_upright
ros2_pendulum_ws,BALANCE,15.209,0.014478,-3.137686,-0.007077,0.784799987,-0.000037969,0.000252687,-1.747880,7,-0.000070772,-0.007077186,-0.005055133,-0.005055133,-0.000768011,manual_A_near_upright
ros2_pendulum_ws,BALANCE,15.260,0.014371,-3.081790,-0.006933,0.784799988,-0.000037176,0.000250830,-1.717004,7,-0.000069333,-0.006933275,-0.004952339,-0.004952339,-0.000763600,manual_A_near_upright
ros2_pendulum_ws,BALANCE,15.311,0.014268,-3.026910,-0.006783,0.784799988,-0.000036145,0.000249025,-1.686653,7,-0.000067834,-0.006783415,-0.004845296,-0.004845296,-0.000759936,manual_A_near_upright
ros2_pendulum_ws,BALANCE,15.362,0.014168,-2.973028,-0.006646,0.784799988,-0.000035370,0.000247272,-1.656910,7,-0.000066461,-0.006646125,-0.004747232,-0.004747232,-0.000755835,manual_A_near_upright
ros2_pendulum_ws,BALANCE,15.413,0.014070,-2.920126,-0.006572,0.784799988,-0.000033503,0.000245574,-1.627761,7,-0.000065718,-0.006571769,-0.004694121,-0.004694121,-0.000754545,manual_A_near_upright
ros2_pendulum_ws,BALANCE,15.463,0.013975,-2.868187,-0.006386,0.784799988,-0.000033266,0.000243913,-1.599018,7,-0.000063865,-0.006386492,-0.004561780,-0.004561780,-0.000749466,manual_A_near_upright
ros2_pendulum_ws,BALANCE,15.515,0.013882,-2.817192,-0.006231,0.784799988,-0.000032605,0.000242286,-1.570725,7,-0.000062312,-0.006231199,-0.004450856,-0.004450856,-0.000745519,manual_A_near_upright
ros2_pendulum_ws,BALANCE,15.575,0.013774,-2.757217,-0.006121,0.784799989,-0.000030591,0.000240407,-1.537564,7,-0.000061206,-0.006120585,-0.004371847,-0.004371847,-0.000743967,manual_A_near_upright
ros2_pendulum_ws,BALANCE,15.626,0.013687,-2.708236,-0.006026,0.784799989,-0.000029486,0.000238884,-1.510501,7,-0.000060260,-0.006025993,-0.004304281,-0.004304281,-0.000741437,manual_A_near_upright
ros2_pendulum_ws,BALANCE,15.676,0.013601,-2.660144,-0.005861,0.784799989,-0.000029578,0.000237381,-1.483820,7,-0.000058660,-0.005866006,-0.004190004,-0.004190004,-0.000737600,manual_A_near_upright
ros2_pendulum_ws,BALANCE,15.727,0.013517,-2.612922,-0.005749,0.784799989,-0.000029316,0.000235919,-1.457704,7,-0.000057494,-0.005749416,-0.004106726,-0.004106726,-0.000731766,manual_A_near_upright
ros2_pendulum_ws,BALANCE,15.779,0.013431,-2.566543,-0.005700,0.784799989,-0.000026215,0.000234417,-1.431313,7,-0.000055093,-0.005509347,-0.003935248,-0.003935248,-0.000726035,manual_A_near_upright
ros2_pendulum_ws,BALANCE,15.830,0.013352,-2.520991,-0.005521,0.784799989,-0.000026629,0.000233040,-1.405945,7,-0.000055208,-0.005520833,-0.003943452,-0.003943452,-0.000728426,manual_A_near_upright
ros2_pendulum_ws,BALANCE,15.881,0.013275,-2.476261,-0.005393,0.784799989,-0.000026160,0.000231692,-1.381067,7,-0.000053929,-0.005392943,-0.003852102,-0.003852102,-0.000724967,manual_A_near_upright
ros2_pendulum_ws,BALANCE,15.932,0.013201,-2.432340,-0.005305,0.784799990,-0.000024460,0.000230409,-1.356732,7,-0.000053052,-0.005305196,-0.003789426,-0.003789426,-0.000725393,manual_A_near_upright
ros2_pendulum_ws,BALANCE,15.983,0.013127,-2.389216,-0.005174,0.784799990,-0.000024577,0.000229115,-1.332744,7,-0.000051738,-0.005173776,-0.003695554,-0.003695554,-0.000720007,manual_A_near_upright
ros2_pendulum_ws,BALANCE,16.033,0.013055,-2.346872,-0.005046,0.784799990,-0.000024865,0.000227858,-1.309285,7,-0.000050457,-0.005045677,-0.003604055,-0.003604055,-0.000715041,manual_A_near_upright
ros2_pendulum_ws,BALANCE,16.085,0.012985,-2.305293,-0.004924,0.784799990,-0.000024694,0.000226631,-1.286171,7,-0.000049242,-0.004924226,-0.003517304,-0.003517304,-0.000711281,manual_A_near_upright
ros2_pendulum_ws,BALANCE,16.135,0.012917,-2.264466,-0.004746,0.784799990,-0.000024471,0.000225447,-1.263353,7,-0.000047455,-0.004745516,-0.003389655,-0.003389655,-0.000707788,manual_A_near_upright
ros2_pendulum_ws,BALANCE,16.187,0.012849,-2.224377,-0.004588,0.784799990,-0.000025104,0.000224260,-1.240969,7,-0.000045884,-0.004588412,-0.003277437,-0.003277437,-0.000703915,manual_A_near_upright
ros2_pendulum_ws,BALANCE,16.237,0.012784,-2.185005,-0.004617,0.784799990,-0.000023168,0.000223117,-1.219125,7,-0.000046178,-0.004617815,-0.003298439,-0.003298439,-0.000704273,manual_A_near_upright
ros2_pendulum_ws,BALANCE,16.288,0.012719,-2.146340,-0.004533,0.784799990,-0.000022288,0.000221990,-1.197509,7,-0.000045042,-0.004504204,-0.003217289,-0.003217289,-0.000699721,manual_A_near_upright
ros2_pendulum_ws,BALANCE,16.339,0.012658,-2.108371,-0.004493,0.784799990,-0.000020851,0.000220921,-1.176463,7,-0.000044931,-0.004493082,-0.003209344,-0.003209344,-0.000701088,manual_A_near_upright
ros2_pendulum_ws,BALANCE,16.390,0.012598,-2.071090,-0.004414,0.784799991,-0.000019447,0.000219869,-1.155716,7,-0.000044141,-0.004414106,-0.003152933,-0.003152933,-0.000696017,manual_A_near_upright
ros2_pendulum_ws,BALANCE,16.440,0.012538,-2.034484,-0.004261,0.784799991,-0.000019728,0.000218836,-1.135250,7,-0.000042606,-0.004260565,-0.003043261,-0.003043261,-0.000695133,manual_A_near_upright
ros2_pendulum_ws,BALANCE,16.491,0.012480,-1.998536,-0.004139,0.784799991,-0.000019778,0.000217823,-1.115171,7,-0.000042338,-0.004233756,-0.003024111,-0.003024111,-0.000694914,manual_A_near_upright
ros2_pendulum_ws,BALANCE,16.542,0.012423,-1.963235,-0.004086,0.784799991,-0.000019238,0.000216828,-1.095550,7,-0.000040858,-0.004085818,-0.002918442,-0.002918442,-0.000691044,manual_A_near_upright
ros2_pendulum_ws,BALANCE,16.592,0.012367,-1.928568,-0.004029,0.784799991,-0.000018863,0.000215851,-1.076295,7,-0.000040293,-0.004029347,-0.002878105,-0.002878105,-0.000688622,manual_A_near_upright
ros2_pendulum_ws,BALANCE,16.644,0.012313,-1.894527,-0.003828,0.784799991,-0.000019596,0.000214898,-1.057120,7,-0.000038284,-0.003828437,-0.002734598,-0.002734598,-0.000683622,manual_A_near_upright
ros2_pendulum_ws,BALANCE,16.695,0.012258,-1.861092,-0.003715,0.784799991,-0.000019396,0.000213936,-1.038177,7,-0.000037357,-0.003735739,-0.002668385,-0.002668385,-0.000682117,manual_A_near_upright
ros2_pendulum_ws,BALANCE,16.747,0.012204,-1.828248,-0.003694,0.784799991,-0.000018544,0.000212997,-1.019707,7,-0.000036942,-0.003694220,-0.002638729,-0.002638729,-0.000679686,manual_A_near_upright
ros2_pendulum_ws,BALANCE,16.798,0.012152,-1.795986,-0.003633,0.784799991,-0.000017623,0.000212093,-1.001527,7,-0.000036332,-0.003633178,-0.002595127,-0.002595127,-0.000678820,manual_A_near_upright
ros2_pendulum_ws,BALANCE,16.849,0.012101,-1.764297,-0.003521,0.784799991,-0.000017386,0.000211200,-0.983536,7,-0.000035214,-0.003521374,-0.002515267,-0.002515267,-0.000676354,manual_A_near_upright
ros2_pendulum_ws,BALANCE,16.901,0.012051,-1.733167,-0.003423,0.784799991,-0.000017073,0.000210333,-0.965879,7,-0.000034469,-0.003446887,-0.002462062,-0.002462062,-0.000674063,manual_A_near_upright
ros2_pendulum_ws,BALANCE,16.952,0.012003,-1.702587,-0.003373,0.784799991,-0.000016653,0.000209485,-0.948645,7,-0.000033944,-0.003394439,-0.002424599,-0.002424599,-0.000673353,manual_A_near_upright
ros2_pendulum_ws,BALANCE,17.004,0.011955,-1.672548,-0.003327,0.784799991,-0.000016020,0.000208654,-0.931711,7,-0.000033397,-0.003339699,-0.002385499,-0.002385499,-0.000670222,manual_A_near_upright
ros2_pendulum_ws,BALANCE,17.055,0.011910,-1.643043,-0.003269,0.784799992,-0.000015273,0.000207862,-0.915121,7,-0.000032694,-0.003269410,-0.002335293,-0.002335293,-0.000669375,manual_A_near_upright
ros2_pendulum_ws,BALANCE,17.107,0.011864,-1.614063,-0.003153,0.784799992,-0.000015791,0.000207071,-0.898742,7,-0.000031530,-0.003152958,-0.002252113,-0.002252113,-0.000666141,manual_A_near_upright
ros2_pendulum_ws,BALANCE,17.157,0.011820,-1.585595,-0.003162,0.784799992,-0.000014271,0.000206305,-0.882751,7,-0.000031609,-0.003160915,-0.002257796,-0.002257796,-0.000665737,manual_A_near_upright
ros2_pendulum_ws,BALANCE,17.209,0.011778,-1.557636,-0.003086,0.784799992,-0.000013966,0.000205572,-0.867073,7,-0.000030986,-0.003098618,-0.002213299,-0.002213299,-0.000664880,manual_A_near_upright
ros2_pendulum_ws,BALANCE,17.260,0.011736,-1.530177,-0.002983,0.784799992,-0.000014401,0.000204840,-0.851613,7,-0.000029830,-0.002982979,-0.002130699,-0.002130699,-0.000661895,manual_A_near_upright
ros2_pendulum_ws,BALANCE,17.311,0.011696,-1.503207,-0.002942,0.784799992,-0.000014150,0.000204137,-0.836593,7,-0.000029418,-0.002941849,-0.002101321,-0.002101321,-0.000660104,manual_A_near_upright
ros2_pendulum_ws,BALANCE,17.363,0.011656,-1.476722,-0.002785,0.784799992,-0.000014565,0.000203430,-0.821528,7,-0.000027852,-0.002785154,-0.001989396,-0.001989396,-0.000656704,manual_A_near_upright
ros2_pendulum_ws,BALANCE,17.414,0.011616,-1.450704,-0.002781,0.784799992,-0.000013265,0.000202738,-0.806843,7,-0.000027807,-0.002780730,-0.001986236,-0.001986236,-0.000657135,manual_A_near_upright
ros2_pendulum_ws,BALANCE,17.466,0.011577,-1.425148,-0.002694,0.784799992,-0.000013451,0.000202060,-0.792399,7,-0.000027129,-0.002712903,-0.001937788,-0.001937788,-0.000655278,manual_A_near_upright
ros2_pendulum_ws,BALANCE,17.516,0.011540,-1.400044,-0.002724,0.784799992,-0.000012608,0.000201402,-0.778437,7,-0.000027244,-0.002724407,-0.001946005,-0.001946005,-0.000654508,manual_A_near_upright
ros2_pendulum_ws,BALANCE,17.568,0.011503,-1.375391,-0.002596,0.784799992,-0.000012696,0.000200770,-0.764502,7,-0.000025929,-0.002592850,-0.001852036,-0.001852036,-0.000651578,manual_A_near_upright
ros2_pendulum_ws,BALANCE,17.619,0.011467,-1.351176,-0.002566,0.784799992,-0.000011738,0.000200140,-0.750860,7,-0.000025664,-0.002566408,-0.001833149,-0.001833149,-0.000652305,manual_A_near_upright
ros2_pendulum_ws,BALANCE,17.671,0.011431,-1.327393,-0.002426,0.784799992,-0.000012224,0.000199513,-0.737266,7,-0.000024264,-0.002426366,-0.001733119,-0.001733119,-0.000649008,manual_A_near_upright
ros2_pendulum_ws,BALANCE,17.723,0.011395,-1.304025,-0.002415,0.784799992,-0.000011948,0.000198884,-0.724046,7,-0.000024147,-0.002414731,-0.001724808,-0.001724808,-0.000646752,manual_A_near_upright
ros2_pendulum_ws,BALANCE,17.775,0.011362,-1.281070,-0.002390,0.784799992,-0.000011109,0.000198300,-0.711115,7,-0.000023903,-0.002390278,-0.001707341,-0.001707341,-0.000647557,manual_A_near_upright
ros2_pendulum_ws,BALANCE,17.825,0.011330,-1.258524,-0.002363,0.784799992,-0.000011048,0.000197739,-0.698621,7,-0.000024045,-0.002404541,-0.001717529,-0.001717529,-0.000647379,manual_A_near_upright
ros2_pendulum_ws,BALANCE,17.875,0.011298,-1.236386,-0.002317,0.784799992,-0.000010455,0.000197191,-0.686273,7,-0.000023445,-0.002344533,-0.001674667,-0.001674667,-0.000645536,manual_A_near_upright
ros2_pendulum_ws,BALANCE,17.927,0.011267,-1.214646,-0.002212,0.784799992,-0.000010926,0.000196638,-0.674026,7,-0.000022116,-0.002211640,-0.001579743,-0.001579743,-0.000642348,manual_A_near_upright
ros2_pendulum_ws,BALANCE,17.978,0.011236,-1.193295,-0.002194,0.784799992,-0.000010452,0.000196104,-0.662141,7,-0.000021944,-0.002194401,-0.001567430,-0.001567430,-0.000641668,manual_A_near_upright
ros2_pendulum_ws,BALANCE,18.029,0.011206,-1.172329,-0.002143,0.784799992,-0.000010289,0.000195578,-0.650428,7,-0.000021478,-0.002147809,-0.001534150,-0.001534150,-0.000640562,manual_A_near_upright
ros2_pendulum_ws,BALANCE,18.080,0.011176,-1.151738,-0.002071,0.784799993,-0.000010372,0.000195057,-0.638860,7,-0.000020675,-0.002067480,-0.001476772,-0.001476772,-0.000638767,manual_A_near_upright
ros2_pendulum_ws,BALANCE,18.131,0.011147,-1.131516,-0.002024,0.784799993,-0.000010160,0.000194544,-0.627511,7,-0.000020124,-0.002012407,-0.001437434,-0.001437434,-0.000637182,manual_A_near_upright
ros2_pendulum_ws,BALANCE,18.182,0.011118,-1.111655,-0.001987,0.784799993,-0.000009792,0.000194049,-0.616408,7,-0.000019892,-0.001989201,-0.001420858,-0.001420858,-0.000636204,manual_A_near_upright
ros2_pendulum_ws,BALANCE,18.234,0.011090,-1.092151,-0.001904,0.784799993,-0.000009617,0.000193560,-0.605389,7,-0.000019043,-0.001904306,-0.001360219,-0.001360219,-0.000635025,manual_A_near_upright
ros2_pendulum_ws,BALANCE,18.285,0.011062,-1.072995,-0.001853,0.784799993,-0.000009524,0.000193074,-0.594606,7,-0.000018533,-0.001853336,-0.001323812,-0.001323812,-0.000633594,manual_A_near_upright
ros2_pendulum_ws,BALANCE,18.336,0.011035,-1.054179,-0.001800,0.784799993,-0.000009785,0.000192591,-0.584011,7,-0.000018005,-0.001800479,-0.001286057,-0.001286057,-0.000631324,manual_A_near_upright
ros2_pendulum_ws,BALANCE,18.387,0.011008,-1.035697,-0.001777,0.784799993,-0.000009173,0.000192119,-0.573594,7,-0.000017769,-0.001776862,-0.001269187,-0.001269187,-0.000631190,manual_A_near_upright
ros2_pendulum_ws,BALANCE,18.438,0.010982,-1.017544,-0.001746,0.784799993,-0.000008992,0.000191664,-0.563430,7,-0.000017461,-0.001746096,-0.001247212,-0.001247212,-0.000630078,manual_A_near_upright
ros2_pendulum_ws,BALANCE,18.490,0.010956,-0.999716,-0.001683,0.784799993,-0.000008775,0.000191223,-0.553391,7,-0.000016825,-0.001682534,-0.001201810,-0.001201810,-0.000629100,manual_A_near_upright
ros2_pendulum_ws,BALANCE,18.540,0.010931,-0.982208,-0.001664,0.784799993,-0.000008689,0.000190789,-0.543651,7,-0.000016808,-0.001680834,-0.001200596,-0.001200596,-0.000628475,manual_A_near_upright
ros2_pendulum_ws,BALANCE,18.591,0.010907,-0.965014,-0.001627,0.784799993,-0.000008392,0.000190365,-0.534041,7,-0.000016273,-0.001627301,-0.001162358,-0.001162358,-0.000627100,manual_A_near_upright
ros2_pendulum_ws,BALANCE,18.642,0.010883,-0.948128,-0.001573,0.784799993,-0.000008307,0.000189947,-0.524564,7,-0.000015732,-0.001573168,-0.001123692,-0.001123692,-0.000625882,manual_A_near_upright
ros2_pendulum_ws,BALANCE,18.693,0.010860,-0.931546,-0.001529,0.784799993,-0.000008207,0.000189540,-0.515295,7,-0.000015286,-0.001528601,-0.001091858,-0.001091858,-0.000624739,manual_A_near_upright
ros2_pendulum_ws,BALANCE,18.744,0.010837,-0.915261,-0.001490,0.784799993,-0.000008095,0.000189133,-0.506167,7,-0.000014900,-0.001489981,-0.001064272,-0.001064272,-0.000623625,manual_A_near_upright
ros2_pendulum_ws,BALANCE,18.795,0.010814,-0.899268,-0.001450,0.784799993,-0.000007707,0.000188737,-0.497176,7,-0.000014502,-0.001450238,-0.001035884,-0.001035884,-0.000623209,manual_A_near_upright
ros2_pendulum_ws,BALANCE,18.846,0.010791,-0.883561,-0.001400,0.784799993,-0.000007944,0.000188344,-0.488373,7,-0.000014003,-0.001400275,-0.001000197,-0.001000197,-0.000621303,manual_A_near_upright
ros2_pendulum_ws,BALANCE,18.897,0.010769,-0.868134,-0.001368,0.784799993,-0.000007729,0.000187950,-0.479674,7,-0.000013569,-0.001356910,-0.000969221,-0.000969221,-0.000620212,manual_A_near_upright
ros2_pendulum_ws,BALANCE,18.948,0.010747,-0.852981,-0.001342,0.784799993,-0.000007514,0.000187573,-0.471179,7,-0.000013270,-0.001326982,-0.000947845,-0.000947845,-0.000619624,manual_A_near_upright
ros2_pendulum_ws,BALANCE,19.000,0.010726,-0.838099,-0.001267,0.784799993,-0.000007525,0.000187201,-0.462722,7,-0.000012818,-0.001281841,-0.000915600,-0.000915600,-0.000618580,manual_A_near_upright
ros2_pendulum_ws,BALANCE,19.051,0.010705,-0.823481,-0.001245,0.784799993,-0.000007499,0.000186832,-0.454519,7,-0.000012449,-0.001244870,-0.000889193,-0.000889193,-0.000617232,manual_A_near_upright
ros2_pendulum_ws,BALANCE,19.101,0.010685,-0.809124,-0.001249,0.784799993,-0.000007008,0.000186480,-0.446543,7,-0.000012569,-0.001256880,-0.000897771,-0.000897771,-0.000617477,manual_A_near_upright
ros2_pendulum_ws,BALANCE,19.153,0.010665,-0.795025,-0.001183,0.784799993,-0.000006939,0.000186135,-0.438586,7,-0.000011826,-0.001182597,-0.000844712,-0.000844712,-0.000616206,manual_A_near_upright
ros2_pendulum_ws,BALANCE,19.204,0.010645,-0.781178,-0.001158,0.784799993,-0.000006881,0.000185790,-0.430835,7,-0.000011581,-0.001158076,-0.000827197,-0.000827197,-0.000615172,manual_A_near_upright
ros2_pendulum_ws,BALANCE,19.255,0.010626,-0.767579,-0.001122,0.784799993,-0.000006900,0.000185450,-0.423205,7,-0.000011223,-0.001122295,-0.000801639,-0.000801639,-0.000613971,manual_A_near_upright
ros2_pendulum_ws,BALANCE,19.306,0.010607,-0.754223,-0.001094,0.784799993,-0.000006546,0.000185121,-0.415690,7,-0.000010937,-0.001093749,-0.000781249,-0.000781249,-0.000613701,manual_A_near_upright
ros2_pendulum_ws,BALANCE,19.357,0.010588,-0.741105,-0.001065,0.784799993,-0.000006362,0.000184797,-0.408323,7,-0.000010654,-0.001065360,-0.000760971,-0.000760971,-0.000613039,manual_A_near_upright
ros2_pendulum_ws,BALANCE,19.408,0.010570,-0.728221,-0.001023,0.784799993,-0.000006425,0.000184477,-0.401076,7,-0.000010227,-0.001022736,-0.000730525,-0.000730525,-0.000611802,manual_A_near_upright
ros2_pendulum_ws,BALANCE,19.459,0.010552,-0.715567,-0.001004,0.784799993,-0.000006084,0.000184160,-0.393941,7,-0.000009991,-0.000999090,-0.000713636,-0.000713636,-0.000610892,manual_A_near_upright
ros2_pendulum_ws,BALANCE,19.509,0.010534,-0.703137,-0.001007,0.784799993,-0.000005739,0.000183856,-0.387037,7,-0.000009913,-0.000991260,-0.000708043,-0.000708043,-0.000610848,manual_A_near_upright
ros2_pendulum_ws,BALANCE,19.560,0.010517,-0.690932,-0.000928,0.784799993,-0.000006163,0.000183560,-0.380160,7,-0.000009317,-0.000931721,-0.000665515,-0.000665515,-0.000609874,manual_A_near_upright
ros2_pendulum_ws,BALANCE,19.611,0.010500,-0.678945,-0.000912,0.784799993,-0.000005851,0.000183259,-0.373408,7,-0.000009069,-0.000906907,-0.000647790,-0.000647790,-0.000608689,manual_A_near_upright
ros2_pendulum_ws,BALANCE,19.662,0.010483,-0.667171,-0.000886,0.784799993,-0.000005676,0.000182969,-0.366786,7,-0.000008852,-0.000885181,-0.000632272,-0.000632272,-0.000608273,manual_A_near_upright
ros2_pendulum_ws,BALANCE,19.713,0.010467,-0.655607,-0.000878,0.784799993,-0.000005387,0.000182684,-0.360320,7,-0.000008687,-0.000868658,-0.000620470,-0.000620470,-0.000607950,manual_A_near_upright
ros2_pendulum_ws,BALANCE,19.764,0.010451,-0.644251,-0.000832,0.784799993,-0.000005475,0.000182412,-0.353971,7,-0.000008394,-0.000839428,-0.000599592,-0.000599592,-0.000607306,manual_A_near_upright
ros2_pendulum_ws,BALANCE,19.815,0.010435,-0.633099,-0.000792,0.784799993,-0.000005499,0.000182132,-0.347667,7,-0.000007923,-0.000792327,-0.000565948,-0.000565948,-0.000606049,manual_A_near_upright
ros2_pendulum_ws,BALANCE,19.866,0.010420,-0.622146,-0.000761,0.784799994,-0.000005301,0.000181866,-0.341506,7,-0.000007606,-0.000760599,-0.000543285,-0.000543285,-0.000606009,manual_A_near_upright
ros2_pendulum_ws,BALANCE,19.917,0.010405,-0.611388,-0.000725,0.784799994,-0.000005395,0.000181598,-0.335445,7,-0.000007484,-0.000748354,-0.000534539,-0.000534539,-0.000605234,manual_A_near_upright
ros2_pendulum_ws,BALANCE,19.969,0.010390,-0.600821,-0.000695,0.784799994,-0.000005287,0.000181336,-0.329483,7,-0.000006950,-0.000695028,-0.000496449,-0.000496449,-0.000603853,manual_A_near_upright
ros2_pendulum_ws,BALANCE,20.019,0.010375,-0.590443,-0.000671,0.784799994,-0.000005262,0.000181078,-0.323648,7,-0.000006711,-0.000671130,-0.000479379,-0.000479379,-0.000603035,manual_A_near_upright
ros2_pendulum_ws,BALANCE,20.071,0.010360,-0.580249,-0.000655,0.784799994,-0.000005142,0.000180817,-0.317885,7,-0.000006547,-0.000654733,-0.000467666,-0.000467666,-0.000602438,manual_A_near_upright
ros2_pendulum_ws,BALANCE,20.122,0.010346,-0.570234,-0.000639,0.784799994,-0.000004903,0.000180564,-0.312214,7,-0.000006387,-0.000638717,-0.000456227,-0.000456227,-0.000602151,manual_A_near_upright
ros2_pendulum_ws,BALANCE,20.174,0.010332,-0.560397,-0.000614,0.784799994,-0.000004758,0.000180321,-0.306650,7,-0.000006136,-0.000613617,-0.000438298,-0.000438298,-0.000601673,manual_A_near_upright
ros2_pendulum_ws,BALANCE,20.225,0.010318,-0.550734,-0.000588,0.784799994,-0.000004623,0.000180084,-0.301188,7,-0.000005885,-0.000588468,-0.000420334,-0.000420334,-0.000601190,manual_A_near_upright
ros2_pendulum_ws,BALANCE,20.276,0.010304,-0.541242,-0.000561,0.784799994,-0.000004698,0.000179840,-0.295790,7,-0.000005608,-0.000560786,-0.000400562,-0.000400562,-0.000600179,manual_A_near_upright
ros2_pendulum_ws,BALANCE,20.327,0.010291,-0.531917,-0.000545,0.784799994,-0.000004669,0.000179609,-0.290538,7,-0.000005447,-0.000544721,-0.000389087,-0.000389087,-0.000599463,manual_A_near_upright
ros2_pendulum_ws,BALANCE,20.378,0.010278,-0.522758,-0.000523,0.784799994,-0.000004419,0.000179392,-0.285399,7,-0.000005406,-0.000540630,-0.000386165,-0.000386165,-0.000599579,manual_A_near_upright
ros2_pendulum_ws,BALANCE,20.430,0.010266,-0.513762,-0.000497,0.784799994,-0.000004351,0.000179169,-0.280302,7,-0.000004966,-0.000496556,-0.000354683,-0.000354683,-0.000598731,manual_A_near_upright
ros2_pendulum_ws,BALANCE,20.481,0.010253,-0.504926,-0.000473,0.784799994,-0.000004338,0.000178952,-0.275320,7,-0.000004733,-0.000473349,-0.000338106,-0.000338106,-0.000598024,manual_A_near_upright
ros2_pendulum_ws,BALANCE,20.532,0.010241,-0.496248,-0.000445,0.784799994,-0.000004247,0.000178743,-0.270425,7,-0.000004454,-0.000445354,-0.000318110,-0.000318110,-0.000597534,manual_A_near_upright
ros2_pendulum_ws,BALANCE,20.582,0.010229,-0.487723,-0.000460,0.784799994,-0.000004133,0.000178529,-0.265687,7,-0.000004598,-0.000459799,-0.000328428,-0.000328428,-0.000597080,manual_A_near_upright
ros2_pendulum_ws,BALANCE,20.634,0.010217,-0.479185,-0.000445,0.784799994,-0.000003910,0.000178329,-0.260930,7,-0.000004453,-0.000445290,-0.000318065,-0.000318065,-0.000596933,manual_A_near_upright
ros2_pendulum_ws,BALANCE,20.685,0.010206,-0.471130,-0.000387,0.784799994,-0.000004000,0.000178131,-0.256309,7,-0.000003866,-0.000386627,-0.000276162,-0.000276162,-0.000596044,manual_A_near_upright
ros2_pendulum_ws,BALANCE,20.736,0.010195,-0.463054,-0.000373,0.784799994,-0.000003827,0.000177930,-0.251730,7,-0.000003726,-0.000372617,-0.000266155,-0.000266155,-0.000595777,manual_A_near_upright
ros2_pendulum_ws,BALANCE,20.788,0.010183,-0.455120,-0.000349,0.784799994,-0.000003941,0.000177732,-0.247244,7,-0.000003494,-0.000349391,-0.000249565,-0.000249565,-0.000594830,manual_A_near_upright
ros2_pendulum_ws,BALANCE,20.838,0.010173,-0.447327,-0.000361,0.784799994,-0.000003390,0.000177551,-0.242921,7,-0.000003608,-0.000360751,-0.000257679,-0.000257679,-0.000595537,manual_A_near_upright
ros2_pendulum_ws,BALANCE,20.888,0.010162,-0.439675,-0.000348,0.784799994,-0.000003114,0.000177367,-0.238629,7,-0.000003689,-0.000368870,-0.000263479,-0.000263479,-0.000594502,manual_A_near_upright
ros2_pendulum_ws,BALANCE,20.940,0.010152,-0.432160,-0.000299,0.784799994,-0.000003757,0.000177180,-0.234385,7,-0.000002914,-0.000291423,-0.000208159,-0.000208159,-0.000593767,manual_A_near_upright
ros2_pendulum_ws,BALANCE,20.991,0.010141,-0.424777,-0.000288,0.784799994,-0.000003693,0.000176998,-0.230233,7,-0.000002883,-0.000288301,-0.000205929,-0.000205929,-0.000592930,manual_A_near_upright
ros2_pendulum_ws,BALANCE,21.042,0.010131,-0.417526,-0.000265,0.784799994,-0.000003608,0.000176817,-0.226115,7,-0.000002575,-0.000257540,-0.000183957,-0.000183957,-0.000591993,manual_A_near_upright
ros2_pendulum_ws,BALANCE,21.093,0.010121,-0.410404,-0.000254,0.784799994,-0.000003398,0.000176648,-0.222116,7,-0.000002588,-0.000258841,-0.000184886,-0.000184886,-0.000592410,manual_A_near_upright
ros2_pendulum_ws,BALANCE,21.144,0.010111,-0.403408,-0.000229,0.784799994,-0.000003500,0.000176476,-0.218165,7,-0.000002275,-0.000227453,-0.000162466,-0.000162466,-0.000591764,manual_A_near_upright
ros2_pendulum_ws,BALANCE,21.195,0.010102,-0.396537,-0.000211,0.784799994,-0.000003444,0.000176308,-0.214288,7,-0.000002105,-0.000210542,-0.000150387,-0.000150387,-0.000591183,manual_A_near_upright
ros2_pendulum_ws,BALANCE,21.247,0.010092,-0.389787,-0.000199,0.784799994,-0.000003354,0.000176142,-0.210480,7,-0.000001994,-0.000199360,-0.000142400,-0.000142400,-0.000590832,manual_A_near_upright
ros2_pendulum_ws,BALANCE,21.298,0.010083,-0.383158,-0.000194,0.784799994,-0.000003188,0.000175981,-0.206764,7,-0.000001940,-0.000193964,-0.000138546,-0.000138546,-0.000590685,manual_A_near_upright
ros2_pendulum_ws,BALANCE,21.348,0.010074,-0.376647,-0.000176,0.784799994,-0.000002961,0.000175831,-0.203114,7,-0.000001755,-0.000175515,-0.000125368,-0.000125368,-0.000590718,manual_A_near_upright
ros2_pendulum_ws,BALANCE,21.399,0.010066,-0.370253,-0.000165,0.784799994,-0.000002804,0.000175677,-0.199529,7,-0.000001654,-0.000165448,-0.000118177,-0.000118177,-0.000590573,manual_A_near_upright
ros2_pendulum_ws,BALANCE,21.450,0.010057,-0.363974,-0.000137,0.784799994,-0.000002946,0.000175522,-0.195972,7,-0.000001373,-0.000137323,-0.000098088,-0.000098088,-0.000589703,manual_A_near_upright
ros2_pendulum_ws,BALANCE,21.502,0.010048,-0.357805,-0.000126,0.784799994,-0.000002896,0.000175369,-0.192485,7,-0.000001255,-0.000125506,-0.000089647,-0.000089647,-0.000589305,manual_A_near_upright
ros2_pendulum_ws,BALANCE,21.553,0.010039,-0.351746,-0.000097,0.784799994,-0.000002997,0.000175219,-0.189037,7,-0.000000970,-0.000097003,-0.000069288,-0.000069288,-0.000588630,manual_A_near_upright
ros2_pendulum_ws,BALANCE,21.605,0.010031,-0.345793,-0.000092,0.784799994,-0.000002817,0.000175075,-0.185685,7,-0.000000915,-0.000091513,-0.000065366,-0.000065366,-0.000588494,manual_A_near_upright
ros2_pendulum_ws,BALANCE,21.655,0.010023,-0.339947,-0.000088,0.784799994,-0.000002727,0.000174933,-0.182414,7,-0.000000879,-0.000087852,-0.000062751,-0.000062751,-0.000588225,manual_A_near_upright
ros2_pendulum_ws,BALANCE,21.706,0.010015,-0.334205,-0.000068,0.784799994,-0.000002762,0.000174793,-0.179179,7,-0.000000683,-0.000068268,-0.000048763,-0.000048763,-0.000587668,manual_A_near_upright
ros2_pendulum_ws,BALANCE,21.757,0.010007,-0.328565,-0.000052,0.784799994,-0.000002656,0.000174657,-0.175997,7,-0.000000525,-0.000052490,-0.000037493,-0.000037493,-0.000587461,manual_A_near_upright
ros2_pendulum_ws,BALANCE,21.808,0.009999,-0.323025,-0.000042,0.784799994,-0.000002634,0.000174521,-0.172878,7,-0.000000422,-0.000042243,-0.000030173,-0.000030173,-0.000587051,manual_A_near_upright
ros2_pendulum_ws,BALANCE,21.859,0.009992,-0.317584,-0.000027,0.784799994,-0.000002587,0.000174389,-0.169803,7,-0.000000271,-0.000027070,-0.000019336,-0.000019336,-0.000586713,manual_A_near_upright
ros2_pendulum_ws,BALANCE,21.910,0.009984,-0.312240,-0.000010,0.784799994,-0.000002657,0.000174261,-0.166800,7,-0.000000104,-0.000010354,-0.000007395,-0.000007395,-0.000586111,manual_A_near_upright
ros2_pendulum_ws,BALANCE,21.961,0.009977,-0.306886,-0.000025,0.784799994,-0.000002424,0.000174132,-0.163848,7,-0.000000251,-0.000025078,-0.000017913,-0.000017913,-0.000586230,manual_A_near_upright
ros2_pendulum_ws,BALANCE,22.012,0.009970,-0.301835,0.000013,0.784799994,-0.000002562,0.000174008,-0.160959,7,0.000000131,0.000013092,0.000009351,0.000009351,-0.000585478,manual_A_near_upright
ros2_pendulum_ws,BALANCE,22.064,0.009963,-0.296772,0.000032,0.784799994,-0.000002526,0.000173884,-0.158080,7,0.000000319,0.000031932,0.000022808,0.000022808,-0.000585144,manual_A_near_upright
ros2_pendulum_ws,BALANCE,22.114,0.009956,-0.291798,0.000029,0.784799994,-0.000002337,0.000173764,-0.155298,7,0.000000294,0.000029359,0.000020971,0.000020971,-0.000585188,manual_A_near_upright
ros2_pendulum_ws,BALANCE,22.164,0.009949,-0.286913,0.000036,0.784799994,-0.000002253,0.000173647,-0.152561,7,0.000000359,0.000035878,0.000025627,0.000025627,-0.000584993,manual_A_near_upright
ros2_pendulum_ws,BALANCE,22.216,0.009943,-0.282115,0.000063,0.784799994,-0.000002283,0.000173531,-0.149830,7,0.000000633,0.000063294,0.000045210,0.000045210,-0.000584525,manual_A_near_upright
ros2_pendulum_ws,BALANCE,22.267,0.009936,-0.277402,0.000072,0.784799994,-0.000002200,0.000173414,-0.147158,7,0.000000717,0.000071659,0.000051185,0.000051185,-0.000584104,manual_A_near_upright
ros2_pendulum_ws,BALANCE,22.325,0.009929,-0.272772,0.000221,0.784799994,-0.000003161,0.000173294,-0.144230,7,0.000001824,0.000182398,0.000130285,0.000130285,-0.000583997,manual_A_near_upright
ros2_pendulum_ws,BALANCE,22.382,0.009920,-0.268212,0.000164,0.784799994,-0.000003010,0.000173128,-0.141388,7,0.000001640,0.000164027,0.000117162,0.000117162,-0.000581413,manual_A_near_upright
ros2_pendulum_ws,BALANCE,22.445,0.009912,-0.263632,0.000313,0.784799994,-0.000003515,0.000172994,-0.138292,7,0.000001737,0.000173692,0.000124066,0.000124066,-0.000582729,manual_A_near_upright
ros2_pendulum_ws,BALANCE,22.500,0.009903,-0.259295,0.000167,0.784799994,-0.000001642,0.000172845,-0.135648,7,0.000001437,0.000143697,0.000102641,0.000102641,-0.000582730,manual_A_near_upright
ros2_pendulum_ws,BALANCE,22.553,0.009895,-0.255800,0.000312,0.784799994,-0.000003413,0.000172699,-0.133146,7,0.000003758,0.000375844,0.000268460,0.000268460,-0.000576817,manual_A_near_upright
ros2_pendulum_ws,BALANCE,22.603,0.009889,-0.251482,0.000093,0.784799994,-0.000001481,0.000172598,-0.130856,7,0.000000928,0.000092826,0.000066304,0.000066304,-0.000583277,manual_A_near_upright
ros2_pendulum_ws,BALANCE,22.655,0.009884,-0.247241,0.000120,0.784799994,-0.000001678,0.000172510,-0.128465,7,0.000001196,0.000119578,0.000085413,0.000085413,-0.000582508,manual_A_near_upright
ros2_pendulum_ws,BALANCE,22.715,0.009879,-0.242253,0.000102,0.784799994,-0.000001274,0.000172428,-0.125790,7,0.000001025,0.000102492,0.000073209,0.000073209,-0.000583197,manual_A_near_upright
ros2_pendulum_ws,BALANCE,22.765,0.009875,-0.238182,0.000123,0.784799994,-0.000001374,0.000172356,-0.123577,7,0.000001214,0.000121353,0.000086681,0.000086681,-0.000582763,manual_A_near_upright
ros2_pendulum_ws,BALANCE,22.816,0.009871,-0.234188,0.000143,0.784799994,-0.000001462,0.000172280,-0.121379,7,0.000001398,0.000139812,0.000099866,0.000099866,-0.000582270,manual_A_near_upright
ros2_pendulum_ws,BALANCE,22.867,0.009866,-0.230267,0.000155,0.784799994,-0.000001512,0.000172203,-0.119231,7,0.000001551,0.000155066,0.000110762,0.000110762,-0.000581860,manual_A_near_upright
ros2_pendulum_ws,BALANCE,22.918,0.009862,-0.226419,0.000170,0.784799994,-0.000001537,0.000172127,-0.117111,7,0.000001656,0.000165617,0.000118298,0.000118298,-0.000581629,manual_A_near_upright
ros2_pendulum_ws,BALANCE,22.969,0.009858,-0.222642,0.000179,0.784799994,-0.000001563,0.000172051,-0.115044,7,0.000001791,0.000179128,0.000127949,0.000127949,-0.000581221,manual_A_near_upright
ros2_pendulum_ws,BALANCE,23.020,0.009854,-0.218934,0.000187,0.784799994,-0.000001503,0.000171977,-0.113019,7,0.000001867,0.000186651,0.000133322,0.000133322,-0.000581113,manual_A_near_upright
ros2_pendulum_ws,BALANCE,23.071,0.009849,-0.215295,0.000203,0.784799994,-0.000001509,0.000171899,-0.110991,7,0.000001997,0.000199724,0.000142660,0.000142660,-0.000580694,manual_A_near_upright
ros2_pendulum_ws,BALANCE,23.124,0.009845,-0.211721,0.000220,0.784799994,-0.000001529,0.000171820,-0.108984,7,0.000002198,0.000219759,0.000156970,0.000156970,-0.000580453,manual_A_near_upright
ros2_pendulum_ws,BALANCE,23.184,0.009839,-0.207519,0.000218,0.784799994,-0.000001501,0.000171730,-0.106695,7,0.000002127,0.000212702,0.000151930,0.000151930,-0.000580429,manual_A_near_upright
ros2_pendulum_ws,BALANCE,23.235,0.009835,-0.204088,0.000226,0.784799994,-0.000001454,0.000171657,-0.104811,7,0.000002227,0.000222723,0.000159088,0.000159088,-0.000580219,manual_A_near_upright
ros2_pendulum_ws,BALANCE,23.286,0.009831,-0.200719,0.000238,0.784799994,-0.000001465,0.000171584,-0.102950,7,0.000002382,0.000238185,0.000170132,0.000170132,-0.000579869,manual_A_near_upright
ros2_pendulum_ws,BALANCE,23.337,0.009827,-0.197413,0.000245,0.784799994,-0.000001457,0.000171511,-0.101128,7,0.000002450,0.000244972,0.000174980,0.000174980,-0.000579638,manual_A_near_upright
ros2_pendulum_ws,BALANCE,23.388,0.009823,-0.194167,0.000249,0.784799994,-0.000001386,0.000171439,-0.099343,7,0.000002489,0.000248896,0.000177783,0.000177783,-0.000579564,manual_A_near_upright
ros2_pendulum_ws,BALANCE,23.439,0.009819,-0.190980,0.000257,0.784799994,-0.000001391,0.000171369,-0.097596,7,0.000002574,0.000257434,0.000183882,0.000183882,-0.000579316,manual_A_near_upright
ros2_pendulum_ws,BALANCE,23.490,0.009815,-0.187852,0.000270,0.784799994,-0.000001394,0.000171299,-0.095866,7,0.000002705,0.000270452,0.000193180,0.000193180,-0.000579071,manual_A_near_upright
ros2_pendulum_ws,BALANCE,23.540,0.009811,-0.184782,0.000278,0.784799994,-0.000001374,0.000171229,-0.094171,7,0.000002757,0.000275746,0.000196961,0.000196961,-0.000578896,manual_A_near_upright
ros2_pendulum_ws,BALANCE,23.592,0.009807,-0.181767,0.000295,0.784799994,-0.000001429,0.000171160,-0.092491,7,0.000002946,0.000294599,0.000210428,0.000210428,-0.000578516,manual_A_near_upright
ros2_pendulum_ws,BALANCE,23.643,0.009803,-0.178807,0.000296,0.784799994,-0.000001369,0.000171089,-0.090848,7,0.000002956,0.000295620,0.000211157,0.000211157,-0.000578416,manual_A_near_upright
ros2_pendulum_ws,BALANCE,23.694,0.009799,-0.175901,0.000310,0.784799994,-0.000001389,0.000171022,-0.089229,7,0.000003105,0.000310472,0.000221766,0.000221766,-0.000578142,manual_A_near_upright
ros2_pendulum_ws,BALANCE,23.745,0.009795,-0.173047,0.000316,0.784799994,-0.000001417,0.000170955,-0.087652,7,0.000003070,0.000306988,0.000219277,0.000219277,-0.000578346,manual_A_near_upright
ros2_pendulum_ws,BALANCE,23.796,0.009791,-0.170245,0.000319,0.784799994,-0.000001371,0.000170888,-0.086101,7,0.000003190,0.000318989,0.000227850,0.000227850,-0.000577728,manual_A_near_upright
ros2_pendulum_ws,BALANCE,23.847,0.009787,-0.167440,0.000313,0.784799994,-0.000001315,0.000170822,-0.084580,7,0.000003134,0.000313394,0.000223853,0.000223853,-0.000577639,manual_A_near_upright
ros2_pendulum_ws,BALANCE,23.897,0.009784,-0.164794,0.000330,0.784799994,-0.000001240,0.000170761,-0.083092,7,0.000003302,0.000330236,0.000235883,0.000235883,-0.000577611,manual_A_near_upright
ros2_pendulum_ws,BALANCE,23.948,0.009780,-0.162143,0.000337,0.784799994,-0.000001228,0.000170698,-0.081623,7,0.000003365,0.000336529,0.000240378,0.000240378,-0.000577425,manual_A_near_upright
ros2_pendulum_ws,BALANCE,23.999,0.009777,-0.159540,0.000344,0.784799994,-0.000001225,0.000170635,-0.080175,7,0.000003442,0.000344209,0.000245864,0.000245864,-0.000577219,manual_A_near_upright
ros2_pendulum_ws,BALANCE,24.052,0.009773,-0.156984,0.000363,0.784799994,-0.000001266,0.000170573,-0.078724,7,0.000003628,0.000362766,0.000259119,0.000259119,-0.000576908,manual_A_near_upright
ros2_pendulum_ws,BALANCE,24.103,0.009769,-0.154473,0.000362,0.784799994,-0.000001217,0.000170510,-0.077325,7,0.000003619,0.000361943,0.000258531,0.000258531,-0.000576813,manual_A_near_upright
ros2_pendulum_ws,BALANCE,24.163,0.009766,-0.151520,0.000367,0.784799994,-0.000001156,0.000170440,-0.075695,7,0.000003673,0.000367275,0.000262339,0.000262339,-0.000576722,manual_A_near_upright
ros2_pendulum_ws,BALANCE,24.214,0.009762,-0.149109,0.000373,0.784799994,-0.000001158,0.000170380,-0.074352,7,0.000003731,0.000373099,0.000266499,0.000266499,-0.000576566,manual_A_near_upright
ros2_pendulum_ws,BALANCE,24.267,0.009759,-0.146740,0.000391,0.784799994,-0.000001246,0.000170320,-0.072999,7,0.000003915,0.000391491,0.000279636,0.000279636,-0.000576099,manual_A_near_upright
ros2_pendulum_ws,BALANCE,24.319,0.009755,-0.144414,0.000391,0.784799994,-0.000001154,0.000170260,-0.071680,7,0.000003911,0.000391060,0.000279328,0.000279328,-0.000576113,manual_A_near_upright
ros2_pendulum_ws,BALANCE,24.370,0.009752,-0.142128,0.000395,0.784799994,-0.000001173,0.000170201,-0.070394,7,0.000003947,0.000394721,0.000281943,0.000281943,-0.000575868,manual_A_near_upright
ros2_pendulum_ws,BALANCE,24.421,0.009749,-0.139883,0.000391,0.784799994,-0.000001020,0.000170149,-0.069158,7,0.000003912,0.000391184,0.000279417,0.000279417,-0.000576056,manual_A_near_upright
ros2_pendulum_ws,BALANCE,24.473,0.009746,-0.137679,0.000408,0.784799994,-0.000001114,0.000170094,-0.067911,7,0.000004080,0.000407971,0.000291408,0.000291408,-0.000575648,manual_A_near_upright
ros2_pendulum_ws,BALANCE,24.525,0.009743,-0.135514,0.000410,0.784799994,-0.000001059,0.000170040,-0.066691,7,0.000004103,0.000410256,0.000293040,0.000293040,-0.000575616,manual_A_near_upright
ros2_pendulum_ws,BALANCE,24.577,0.009740,-0.133388,0.000419,0.784799994,-0.000001059,0.000169987,-0.065488,7,0.000004192,0.000419199,0.000299428,0.000299428,-0.000575414,manual_A_near_upright
ros2_pendulum_ws,BALANCE,24.627,0.009737,-0.131299,0.000415,0.784799994,-0.000000971,0.000169934,-0.064326,7,0.000004162,0.000416160,0.000297257,0.000297257,-0.000575407,manual_A_near_upright
ros2_pendulum_ws,BALANCE,24.678,0.009734,-0.129248,0.000419,0.784799994,-0.000000958,0.000169886,-0.063192,7,0.000004167,0.000416698,0.000297641,0.000297641,-0.000575376,manual_A_near_upright
ros2_pendulum_ws,BALANCE,24.729,0.009731,-0.127235,0.000424,0.784799994,-0.000000922,0.000169838,-0.062078,7,0.000004236,0.000423580,0.000302557,0.000302557,-0.000575238,manual_A_near_upright
ros2_pendulum_ws,BALANCE,24.780,0.009728,-0.125258,0.000434,0.784799994,-0.000000971,0.000169791,-0.060975,7,0.000004341,0.000434120,0.000310085,0.000310085,-0.000574959,manual_A_near_upright
ros2_pendulum_ws,BALANCE,24.831,0.009726,-0.123316,0.000436,0.784799994,-0.000000923,0.000169743,-0.059895,7,0.000004360,0.000436026,0.000311447,0.000311447,-0.000574913,manual_A_near_upright
ros2_pendulum_ws,BALANCE,24.883,0.009723,-0.121410,0.000444,0.784799994,-0.000000921,0.000169696,-0.058823,7,0.000004439,0.000443918,0.000317084,0.000317084,-0.000574758,manual_A_near_upright
ros2_pendulum_ws,BALANCE,24.934,0.009720,-0.119538,0.000448,0.784799994,-0.000000913,0.000169650,-0.057776,7,0.000004478,0.000447828,0.000319877,0.000319877,-0.000574620,manual_A_near_upright
ros2_pendulum_ws,BALANCE,24.985,0.009718,-0.117700,0.000450,0.784799994,-0.000000896,0.000169604,-0.056753,7,0.000004502,0.000450204,0.000321574,0.000321574,-0.000574505,manual_A_near_upright
ros2_pendulum_ws,BALANCE,25.036,0.009715,-0.115894,0.000461,0.784799994,-0.000000922,0.000169560,-0.055733,7,0.000004607,0.000460704,0.000329074,0.000329074,-0.000574291,manual_A_near_upright
ros2_pendulum_ws,BALANCE,25.087,0.009712,-0.114121,0.000463,0.784799994,-0.000000879,0.000169515,-0.054734,7,0.000004618,0.000461779,0.000329842,0.000329842,-0.000574220,manual_A_near_upright
ros2_pendulum_ws,BALANCE,25.146,0.009710,-0.112379,0.000512,0.784799994,-0.000000880,0.000169471,-0.053624,7,0.000004728,0.000472831,0.000337736,0.000337736,-0.000574107,manual_A_near_upright
ros2_pendulum_ws,BALANCE,25.199,0.009706,-0.110971,0.000531,0.784799994,-0.000000909,0.000169410,-0.052658,7,0.000005306,0.000530633,0.000379024,0.000379024,-0.000573812,manual_A_near_upright
ros2_pendulum_ws,BALANCE,25.252,0.009703,-0.109309,0.000462,0.784799994,-0.000000191,0.000169355,-0.051683,7,0.000004618,0.000461783,0.000329845,0.000329845,-0.000573975,manual_A_near_upright
ros2_pendulum_ws,BALANCE,25.314,0.009700,-0.107638,0.000506,0.784799994,-0.000000808,0.000169291,-0.050591,7,0.000005500,0.000550047,0.000392891,0.000392891,-0.000570930,manual_A_near_upright
ros2_pendulum_ws,BALANCE,25.370,0.009697,-0.105991,0.000486,0.784799994,-0.000000578,0.000169247,-0.049594,7,0.000004863,0.000486252,0.000347323,0.000347323,-0.000574053,manual_A_near_upright
ros2_pendulum_ws,BALANCE,25.427,0.009694,-0.104370,0.000506,0.784799994,-0.000000971,0.000169200,-0.048608,7,0.000005056,0.000505635,0.000361168,0.000361168,-0.000572949,manual_A_near_upright
ros2_pendulum_ws,BALANCE,25.479,0.009693,-0.102775,0.000481,0.784799994,-0.000000594,0.000169166,-0.047719,7,0.000004796,0.000479610,0.000342578,0.000342578,-0.000573494,manual_A_near_upright
ros2_pendulum_ws,BALANCE,25.529,0.009691,-0.101209,0.000477,0.784799994,-0.000000609,0.000169137,-0.046881,7,0.000004829,0.000482902,0.000344930,0.000344930,-0.000573477,manual_A_near_upright
ros2_pendulum_ws,BALANCE,25.580,0.009689,-0.099642,0.000476,0.784799994,-0.000000548,0.000169111,-0.046057,7,0.000004765,0.000476451,0.000340322,0.000340322,-0.000573661,manual_A_near_upright
ros2_pendulum_ws,BALANCE,25.630,0.009688,-0.098166,0.000486,0.784799994,-0.000000553,0.000169084,-0.045251,7,0.000004864,0.000486420,0.000347443,0.000347443,-0.000573559,manual_A_near_upright
ros2_pendulum_ws,BALANCE,25.690,0.009686,-0.096395,0.000488,0.784799994,-0.000000541,0.000169052,-0.044309,7,0.000004882,0.000488242,0.000348744,0.000348744,-0.000573529,manual_A_near_upright
ros2_pendulum_ws,BALANCE,25.742,0.009684,-0.094950,0.000498,0.784799994,-0.000000602,0.000169023,-0.043520,7,0.000004982,0.000498234,0.000355881,0.000355881,-0.000573231,manual_A_near_upright
ros2_pendulum_ws,BALANCE,25.793,0.009683,-0.093532,0.000503,0.784799994,-0.000000580,0.000168993,-0.042737,7,0.000005031,0.000503089,0.000359349,0.000359349,-0.000573185,manual_A_near_upright
ros2_pendulum_ws,BALANCE,25.844,0.009681,-0.092140,0.000503,0.784799994,-0.000000557,0.000168965,-0.041988,7,0.000005032,0.000503176,0.000359411,0.000359411,-0.000573143,manual_A_near_upright
ros2_pendulum_ws,BALANCE,25.894,0.009679,-0.090774,0.000506,0.784799994,-0.000000553,0.000168936,-0.041253,7,0.000005056,0.000505563,0.000361117,0.000361117,-0.000573057,manual_A_near_upright
ros2_pendulum_ws,BALANCE,25.955,0.009677,-0.089169,0.000513,0.784799994,-0.000000560,0.000168904,-0.040386,7,0.000005125,0.000512507,0.000366077,0.000366077,-0.000572930,manual_A_near_upright
ros2_pendulum_ws,BALANCE,26.006,0.009676,-0.087859,0.000521,0.784799994,-0.000000587,0.000168875,-0.039663,7,0.000005184,0.000518413,0.000370295,0.000370295,-0.000572819,manual_A_near_upright
ros2_pendulum_ws,BALANCE,26.058,0.009674,-0.086573,0.000526,0.784799994,-0.000000592,0.000168845,-0.038943,7,0.000005279,0.000527858,0.000377041,0.000377041,-0.000572723,manual_A_near_upright
ros2_pendulum_ws,BALANCE,26.110,0.009672,-0.085311,0.000526,0.784799994,-0.000000577,0.000168816,-0.038254,7,0.000005263,0.000526302,0.000375930,0.000375930,-0.000572590,manual_A_near_upright
ros2_pendulum_ws,BALANCE,26.161,0.009671,-0.084071,0.000531,0.784799994,-0.000000593,0.000168787,-0.037572,7,0.000005286,0.000528624,0.000377589,0.000377589,-0.000572573,manual_A_near_upright
ros2_pendulum_ws,BALANCE,26.212,0.009669,-0.082855,0.000535,0.784799994,-0.000000605,0.000168759,-0.036898,7,0.000005349,0.000534901,0.000382072,0.000382072,-0.000572407,manual_A_near_upright
ros2_pendulum_ws,BALANCE,26.264,0.009668,-0.081660,0.000537,0.784799994,-0.000000557,0.000168730,-0.036233,7,0.000005370,0.000537044,0.000383603,0.000383603,-0.000572309,manual_A_near_upright
ros2_pendulum_ws,BALANCE,26.316,0.009666,-0.080487,0.000539,0.784799994,-0.000000553,0.000168702,-0.035584,7,0.000005393,0.000539268,0.000385191,0.000385191,-0.000572261,manual_A_near_upright
ros2_pendulum_ws,BALANCE,26.367,0.009664,-0.079335,0.000541,0.784799994,-0.000000533,0.000168675,-0.034951,7,0.000005411,0.000541121,0.000386515,0.000386515,-0.000572218,manual_A_near_upright
ros2_pendulum_ws,BALANCE,26.419,0.009663,-0.078205,0.000548,0.784799994,-0.000000542,0.000168649,-0.034319,7,0.000005476,0.000547627,0.000391162,0.000391162,-0.000572104,manual_A_near_upright
ros2_pendulum_ws,BALANCE,26.470,0.009661,-0.077095,0.000546,0.784799994,-0.000000519,0.000168623,-0.033717,7,0.000005458,0.000545842,0.000389887,0.000389887,-0.000572071,manual_A_near_upright
ros2_pendulum_ws,BALANCE,26.520,0.009660,-0.076006,0.000548,0.784799994,-0.000000483,0.000168599,-0.033128,7,0.000005477,0.000547680,0.000391200,0.000391200,-0.000572076,manual_A_near_upright
ros2_pendulum_ws,BALANCE,26.572,0.009659,-0.074937,0.000556,0.784799994,-0.000000508,0.000168573,-0.032527,7,0.000005561,0.000556125,0.000397232,0.000397232,-0.000571928,manual_A_near_upright
ros2_pendulum_ws,BALANCE,26.626,0.009657,-0.073887,0.000558,0.784799994,-0.000000524,0.000168543,-0.031925,7,0.000005581,0.000558103,0.000398645,0.000398645,-0.000571787,manual_A_near_upright
ros2_pendulum_ws,BALANCE,26.677,0.009655,-0.072855,0.000558,0.784799994,-0.000000469,0.000168518,-0.031353,7,0.000005575,0.000557538,0.000398242,0.000398242,-0.000571836,manual_A_near_upright
ros2_pendulum_ws,BALANCE,26.728,0.009654,-0.071842,0.000561,0.784799994,-0.000000500,0.000168493,-0.030791,7,0.000005611,0.000561126,0.000400804,0.000400804,-0.000571678,manual_A_near_upright
ros2_pendulum_ws,BALANCE,26.781,0.009653,-0.070847,0.000567,0.784799994,-0.000000513,0.000168469,-0.030235,7,0.000005659,0.000565891,0.000404208,0.000404208,-0.000571647,manual_A_near_upright
ros2_pendulum_ws,BALANCE,26.832,0.009651,-0.069871,0.000569,0.784799994,-0.000000513,0.000168445,-0.029691,7,0.000005689,0.000568912,0.000406366,0.000406366,-0.000571481,manual_A_near_upright
ros2_pendulum_ws,BALANCE,26.884,0.009650,-0.068911,0.000569,0.784799994,-0.000000453,0.000168422,-0.029158,7,0.000005687,0.000568741,0.000406243,0.000406243,-0.000571545,manual_A_near_upright
ros2_pendulum_ws,BALANCE,26.934,0.009649,-0.067970,0.000569,0.784799994,-0.000000446,0.000168399,-0.028645,7,0.000005690,0.000568988,0.000406420,0.000406420,-0.000571485,manual_A_near_upright
ros2_pendulum_ws,BALANCE,26.986,0.009647,-0.067046,0.000573,0.784799994,-0.000000424,0.000168377,-0.028132,7,0.000005727,0.000572665,0.000409046,0.000409046,-0.000571465,manual_A_near_upright
ros2_pendulum_ws,BALANCE,27.037,0.009646,-0.066138,0.000575,0.784799994,-0.000000415,0.000168356,-0.027631,7,0.000005753,0.000575307,0.000410934,0.000410934,-0.000571412,manual_A_near_upright
ros2_pendulum_ws,BALANCE,27.088,0.009645,-0.065247,0.000577,0.784799994,-0.000000408,0.000168334,-0.027142,7,0.000005775,0.000577458,0.000412470,0.000412470,-0.000571359,manual_A_near_upright
ros2_pendulum_ws,BALANCE,27.139,0.009644,-0.064373,0.000580,0.784799994,-0.000000432,0.000168313,-0.026660,7,0.000005805,0.000580475,0.000414625,0.000414625,-0.000571226,manual_A_near_upright
ros2_pendulum_ws,BALANCE,27.190,0.009642,-0.063515,0.000582,0.784799994,-0.000000421,0.000168292,-0.026187,7,0.000005823,0.000582317,0.000415941,0.000415941,-0.000571182,manual_A_near_upright
ros2_pendulum_ws,BALANCE,27.242,0.009641,-0.062672,0.000585,0.784799994,-0.000000415,0.000168271,-0.025721,7,0.000005850,0.000584992,0.000417851,0.000417851,-0.000571140,manual_A_near_upright
ros2_pendulum_ws,BALANCE,27.293,0.009640,-0.061844,0.000586,0.784799994,-0.000000406,0.000168251,-0.025265,7,0.000005862,0.000586159,0.000418685,0.000418685,-0.000571076,manual_A_near_upright
ros2_pendulum_ws,BALANCE,27.344,0.009639,-0.061032,0.000589,0.784799994,-0.000000401,0.000168230,-0.024811,7,0.000005895,0.000589485,0.000421060,0.000421060,-0.000571020,manual_A_near_upright
ros2_pendulum_ws,BALANCE,27.396,0.009638,-0.060234,0.000591,0.784799994,-0.000000401,0.000168210,-0.024369,7,0.000005910,0.000591025,0.000422161,0.000422161,-0.000570953,manual_A_near_upright
ros2_pendulum_ws,BALANCE,27.447,0.009637,-0.059451,0.000592,0.784799994,-0.000000378,0.000168191,-0.023936,7,0.000005922,0.000592239,0.000423028,0.000423028,-0.000570928,manual_A_near_upright
ros2_pendulum_ws,BALANCE,27.497,0.009636,-0.058682,0.000593,0.784799994,-0.000000371,0.000168172,-0.023514,7,0.000005934,0.000593422,0.000423873,0.000423873,-0.000570894,manual_A_near_upright
ros2_pendulum_ws,BALANCE,27.548,0.009634,-0.057927,0.000596,0.784799994,-0.000000369,0.000168154,-0.023099,7,0.000005964,0.000596416,0.000426011,0.000426011,-0.000570817,manual_A_near_upright
ros2_pendulum_ws,BALANCE,27.599,0.009633,-0.057187,0.000599,0.784799994,-0.000000371,0.000168135,-0.022688,7,0.000005987,0.000598721,0.000427658,0.000427658,-0.000570768,manual_A_near_upright
ros2_pendulum_ws,BALANCE,27.651,0.009632,-0.056459,0.000601,0.784799994,-0.000000356,0.000168117,-0.022284,7,0.000006005,0.000600543,0.000428959,0.000428959,-0.000570744,manual_A_near_upright
ros2_pendulum_ws,BALANCE,27.704,0.009631,-0.055745,0.000610,0.784799994,-0.000000421,0.000168098,-0.021871,7,0.000006101,0.000610057,0.000435755,0.000435755,-0.000570525,manual_A_near_upright
ros2_pendulum_ws,BALANCE,27.755,0.009630,-0.055043,0.000607,0.784799994,-0.000000381,0.000168079,-0.021480,7,0.000006072,0.000607187,0.000433705,0.000433705,-0.000570556,manual_A_near_upright
ros2_pendulum_ws,BALANCE,27.807,0.009629,-0.054354,0.000608,0.784799994,-0.000000369,0.000168062,-0.021096,7,0.000006064,0.000606445,0.000433175,0.000433175,-0.000570598,manual_A_near_upright
ros2_pendulum_ws,BALANCE,27.859,0.009628,-0.053677,0.000610,0.784799994,-0.000000344,0.000168045,-0.020716,7,0.000006098,0.000609837,0.000435598,0.000435598,-0.000570526,manual_A_near_upright
ros2_pendulum_ws,BALANCE,27.912,0.009627,-0.053012,0.000613,0.784799994,-0.000000334,0.000168027,-0.020336,7,0.000006130,0.000612956,0.000437826,0.000437826,-0.000570490,manual_A_near_upright
ros2_pendulum_ws,BALANCE,27.963,0.009626,-0.052359,0.000611,0.784799994,-0.000000323,0.000168010,-0.019973,7,0.000006112,0.000611233,0.000436595,0.000436595,-0.000570457,manual_A_near_upright
ros2_pendulum_ws,BALANCE,28.015,0.009625,-0.051717,0.000614,0.784799994,-0.000000325,0.000167994,-0.019612,7,0.000006141,0.000614099,0.000438642,0.000438642,-0.000570398,manual_A_near_upright
ros2_pendulum_ws,BALANCE,28.066,0.009624,-0.051088,0.000615,0.784799994,-0.000000317,0.000167978,-0.019265,7,0.000006146,0.000614590,0.000438993,0.000438993,-0.000570364,manual_A_near_upright
ros2_pendulum_ws,BALANCE,28.118,0.009624,-0.050469,0.000617,0.784799994,-0.000000312,0.000167963,-0.018919,7,0.000006169,0.000616944,0.000440674,0.000440674,-0.000570323,manual_A_near_upright
ros2_pendulum_ws,BALANCE,28.170,0.009623,-0.049862,0.000619,0.784799994,-0.000000320,0.000167947,-0.018578,7,0.000006191,0.000619086,0.000442204,0.000442204,-0.000570251,manual_A_near_upright
ros2_pendulum_ws,BALANCE,28.221,0.009622,-0.049265,0.000619,0.784799994,-0.000000296,0.000167932,-0.018248,7,0.000006187,0.000618675,0.000441910,0.000441910,-0.000570259,manual_A_near_upright
ros2_pendulum_ws,BALANCE,28.271,0.009621,-0.048668,0.000618,0.784799994,-0.000000296,0.000167918,-0.017925,7,0.000006180,0.000617959,0.000441399,0.000441399,-0.000570209,manual_A_near_upright
ros2_pendulum_ws,BALANCE,28.322,0.009620,-0.048105,0.000622,0.784799994,-0.000000289,0.000167904,-0.017608,7,0.000006224,0.000622440,0.000444600,0.000444600,-0.000570116,manual_A_near_upright
ros2_pendulum_ws,BALANCE,28.373,0.009619,-0.047540,0.000622,0.784799994,-0.000000260,0.000167890,-0.017298,7,0.000006217,0.000621721,0.000444087,0.000444087,-0.000570202,manual_A_near_upright
ros2_pendulum_ws,BALANCE,28.423,0.009619,-0.046986,0.000623,0.784799994,-0.000000257,0.000167877,-0.016996,7,0.000006229,0.000622874,0.000444910,0.000444910,-0.000570157,manual_A_near_upright
ros2_pendulum_ws,BALANCE,28.474,0.009618,-0.046442,0.000625,0.784799994,-0.000000264,0.000167864,-0.016694,7,0.000006254,0.000625436,0.000446740,0.000446740,-0.000570093,manual_A_near_upright
ros2_pendulum_ws,BALANCE,28.525,0.009617,-0.045898,0.000625,0.784799994,-0.000000262,0.000167850,-0.016399,7,0.000006266,0.000626608,0.000447577,0.000447577,-0.000570073,manual_A_near_upright
ros2_pendulum_ws,BALANCE,28.576,0.009616,-0.045384,0.000628,0.784799994,-0.000000255,0.000167838,-0.016109,7,0.000006293,0.000629291,0.000449493,0.000449493,-0.000569977,manual_A_near_upright
ros2_pendulum_ws,BALANCE,28.627,0.009616,-0.044870,0.000629,0.784799994,-0.000000242,0.000167825,-0.015825,7,0.000006291,0.000629112,0.000449366,0.000449366,-0.000570024,manual_A_near_upright
ros2_pendulum_ws,BALANCE,28.677,0.009615,-0.044365,0.000632,0.784799994,-0.000000263,0.000167813,-0.015545,7,0.000006304,0.000630361,0.000450258,0.000450258,-0.000570038,manual_A_near_upright
ros2_pendulum_ws,BALANCE,28.729,0.009614,-0.043869,0.000633,0.784799994,-0.000000256,0.000167800,-0.015270,7,0.000006325,0.000632509,0.000451792,0.000451792,-0.000569906,manual_A_near_upright
ros2_pendulum_ws,BALANCE,28.779,0.009614,-0.043381,0.000634,0.784799994,-0.000000248,0.000167788,-0.015000,7,0.000006335,0.000633450,0.000452464,0.000452464,-0.000569889,manual_A_near_upright
ros2_pendulum_ws,BALANCE,28.830,0.009613,-0.042903,0.000635,0.784799994,-0.000000239,0.000167776,-0.014734,7,0.000006350,0.000635038,0.000453598,0.000453598,-0.000569851,manual_A_near_upright
ros2_pendulum_ws,BALANCE,28.881,0.009612,-0.042434,0.000636,0.784799994,-0.000000233,0.000167764,-0.014473,7,0.000006361,0.000636082,0.000454344,0.000454344,-0.000569838,manual_A_near_upright
ros2_pendulum_ws,BALANCE,28.932,0.009611,-0.041973,0.000637,0.784799994,-0.000000230,0.000167752,-0.014216,7,0.000006374,0.000637375,0.000455268,0.000455268,-0.000569801,manual_A_near_upright
ros2_pendulum_ws,BALANCE,28.983,0.009611,-0.041520,0.000638,0.784799994,-0.000000231,0.000167740,-0.013965,7,0.000006383,0.000638263,0.000455902,0.000455902,-0.000569764,manual_A_near_upright
ros2_pendulum_ws,BALANCE,29.034,0.009610,-0.041075,0.000640,0.784799994,-0.000000233,0.000167729,-0.013718,7,0.000006397,0.000639744,0.000456960,0.000456960,-0.000569734,manual_A_near_upright
ros2_pendulum_ws,BALANCE,29.087,0.009610,-0.040639,0.000642,0.784799994,-0.000000232,0.000167718,-0.013469,7,0.000006425,0.000642500,0.000458928,0.000458928,-0.000569683,manual_A_near_upright
ros2_pendulum_ws,BALANCE,29.138,0.009609,-0.040210,0.000643,0.784799994,-0.000000222,0.000167706,-0.013228,7,0.000006428,0.000642768,0.000459120,0.000459120,-0.000569669,manual_A_near_upright
ros2_pendulum_ws,BALANCE,29.189,0.009608,-0.039789,0.000643,0.784799994,-0.000000212,0.000167696,-0.012993,7,0.000006432,0.000643183,0.000459416,0.000459416,-0.000569656,manual_A_near_upright
ros2_pendulum_ws,BALANCE,29.241,0.009608,-0.039375,0.000644,0.784799994,-0.000000209,0.000167685,-0.012761,7,0.000006444,0.000644359,0.000460256,0.000460256,-0.000569627,manual_A_near_upright
ros2_pendulum_ws,BALANCE,29.292,0.009607,-0.038969,0.000645,0.784799994,-0.000000208,0.000167675,-0.012535,7,0.000006451,0.000645064,0.000460760,0.000460760,-0.000569595,manual_A_near_upright
ros2_pendulum_ws,BALANCE,29.342,0.009606,-0.038570,0.000646,0.784799994,-0.000000204,0.000167665,-0.012312,7,0.000006459,0.000645851,0.000461322,0.000461322,-0.000569583,manual_A_near_upright
ros2_pendulum_ws,BALANCE,29.394,0.009606,-0.038178,0.000647,0.784799994,-0.000000191,0.000167655,-0.012094,7,0.000006465,0.000646516,0.000461797,0.000461797,-0.000569568,manual_A_near_upright
ros2_pendulum_ws,BALANCE,29.444,0.009605,-0.037794,0.000648,0.784799994,-0.000000188,0.000167645,-0.011879,7,0.000006479,0.000647883,0.000462773,0.000462773,-0.000569533,manual_A_near_upright
ros2_pendulum_ws,BALANCE,29.495,0.009605,-0.037416,0.000649,0.784799994,-0.000000189,0.000167636,-0.011669,7,0.000006487,0.000648664,0.000463331,0.000463331,-0.000569514,manual_A_near_upright
ros2_pendulum_ws,BALANCE,29.547,0.009604,-0.037045,0.000650,0.784799994,-0.000000187,0.000167626,-0.011461,7,0.000006498,0.000649782,0.000464130,0.000464130,-0.000569479,manual_A_near_upright
ros2_pendulum_ws,BALANCE,29.598,0.009604,-0.036681,0.000651,0.784799994,-0.000000183,0.000167617,-0.011258,7,0.000006508,0.000650763,0.000464831,0.000464831,-0.000569459,manual_A_near_upright
ros2_pendulum_ws,BALANCE,29.649,0.009603,-0.036323,0.000651,0.784799994,-0.000000167,0.000167608,-0.011059,7,0.000006508,0.000650842,0.000464887,0.000464887,-0.000569467,manual_A_near_upright
ros2_pendulum_ws,BALANCE,29.700,0.009603,-0.035972,0.000652,0.784799994,-0.000000163,0.000167599,-0.010863,7,0.000006519,0.000651918,0.000465656,0.000465656,-0.000569446,manual_A_near_upright
ros2_pendulum_ws,BALANCE,29.753,0.009602,-0.035627,0.000657,0.784799994,-0.000000198,0.000167591,-0.010663,7,0.000006569,0.000656901,0.000469215,0.000469215,-0.000569333,manual_A_near_upright
ros2_pendulum_ws,BALANCE,29.804,0.009602,-0.035288,0.000655,0.784799994,-0.000000181,0.000167581,-0.010475,7,0.000006548,0.000654799,0.000467713,0.000467713,-0.000569342,manual_A_near_upright
ros2_pendulum_ws,BALANCE,29.855,0.009601,-0.034955,0.000655,0.784799994,-0.000000169,0.000167573,-0.010290,7,0.000006553,0.000655332,0.000468094,0.000468094,-0.000569343,manual_A_near_upright
ros2_pendulum_ws,BALANCE,29.905,0.009601,-0.034629,0.000655,0.784799994,-0.000000156,0.000167565,-0.010110,7,0.000006553,0.000655268,0.000468049,0.000468049,-0.000569348,manual_A_near_upright
ros2_pendulum_ws,BALANCE,29.955,0.009600,-0.034308,0.000656,0.784799994,-0.000000165,0.000167557,-0.009932,7,0.000006566,0.000656567,0.000468977,0.000468977,-0.000569306,manual_A_near_upright
ros2_pendulum_ws,BALANCE,30.007,0.009600,-0.033993,0.000658,0.784799994,-0.000000150,0.000167550,-0.009754,7,0.000006579,0.000657898,0.000469927,0.000469927,-0.000569309,manual_A_near_upright
ros2_pendulum_ws,BALANCE,30.057,0.009599,-0.033683,0.000658,0.784799994,-0.000000156,0.000167542,-0.009583,7,0.000006580,0.000658030,0.000470021,0.000470021,-0.000569309,manual_A_near_upright
ros2_pendulum_ws,BALANCE,30.108,0.009599,-0.033380,0.000658,0.784799994,-0.000000142,0.000167534,-0.009414,7,0.000006585,0.000658466,0.000470333,0.000470333,-0.000569276,manual_A_near_upright
ros2_pendulum_ws,BALANCE,30.159,0.009599,-0.033081,0.000659,0.784799994,-0.000000140,0.000167527,-0.009248,7,0.000006592,0.000659195,0.000470854,0.000470854,-0.000569254,manual_A_near_upright
ros2_pendulum_ws,BALANCE,30.209,0.009598,-0.032788,0.000660,0.784799994,-0.000000136,0.000167519,-0.009086,7,0.000006595,0.000659479,0.000471057,0.000471057,-0.000569245,manual_A_near_upright
ros2_pendulum_ws,BALANCE,30.260,0.009598,-0.032501,0.000661,0.784799994,-0.000000144,0.000167512,-0.008925,7,0.000006612,0.000661173,0.000472267,0.000472267,-0.000569195,manual_A_near_upright
ros2_pendulum_ws,BALANCE,30.311,0.009597,-0.032218,0.000662,0.784799994,-0.000000146,0.000167505,-0.008767,7,0.000006621,0.000662053,0.000472895,0.000472895,-0.000569167,manual_A_near_upright
ros2_pendulum_ws,BALANCE,30.362,0.009597,-0.031941,0.000662,0.784799994,-0.000000139,0.000167498,-0.008612,7,0.000006624,0.000662429,0.000473164,0.000473164,-0.000569159,manual_A_near_upright
ros2_pendulum_ws,BALANCE,30.413,0.009597,-0.031669,0.000663,0.784799994,-0.000000134,0.000167491,-0.008461,7,0.000006631,0.000663063,0.000473616,0.000473616,-0.000569148,manual_A_near_upright
ros2_pendulum_ws,BALANCE,30.463,0.009596,-0.031401,0.000664,0.784799994,-0.000000132,0.000167485,-0.008311,7,0.000006638,0.000663756,0.000474111,0.000474111,-0.000569128,manual_A_near_upright
ros2_pendulum_ws,BALANCE,30.514,0.009596,-0.031139,0.000665,0.784799994,-0.000000134,0.000167478,-0.008164,7,0.000006648,0.000664786,0.000474847,0.000474847,-0.000569108,manual_A_near_upright
pendulum_real_ws,SWING_UP,0.262,-180.000000,0.000000,14.674563,0.000000000,0.000000000,-3.141592654,0.000000,6,0.000000000,0.000000000,0.000000000,0.000000000,0.000000000,auto_capture
pendulum_real_ws,SWING_UP,0.312,-178.649371,0.709035,29.192927,0.000336569,-0.238510473,-3.118019734,0.000000,6,0.149196222,14.919622191,-145.000000000,-145.000000000,0.000000000,auto_capture
pendulum_real_ws,SWING_UP,0.363,-178.951935,0.864188,42.128731,0.012737702,-1.779891492,-3.123300462,0.000000,6,0.421287314,42.128731391,145.000000000,145.000000000,0.000000000,auto_capture
pendulum_real_ws,SWING_UP,0.414,-178.247251,1.541007,27.654441,0.018071908,2.114728913,-3.111001419,0.000000,6,0.421121246,42.112124590,145.000000000,145.000000000,0.000000000,auto_capture
pendulum_real_ws,SWING_UP,0.465,-177.427414,2.330399,13.372859,0.005353295,1.113307938,-3.096692552,0.000000,6,0.133728588,13.372858800,-122.704555141,-122.704555141,0.000000000,auto_capture
pendulum_real_ws,SWING_UP,0.516,-178.065020,2.486245,27.207596,0.020713488,-2.263279545,-3.107820890,0.000000,6,0.272075958,27.207595800,145.000000000,145.000000000,0.000000000,auto_capture
pendulum_real_ws,SWING_UP,0.566,-179.436444,2.356904,41.648222,0.011178465,-1.670290680,-3.131756739,0.000000,6,0.275409498,27.540949798,145.000000000,145.000000000,0.000000000,auto_capture
pendulum_real_ws,SWING_UP,0.617,-178.196514,3.506835,27.055727,0.027643413,2.619591422,-3.110115886,0.000000,6,0.270557266,27.055726603,-145.000000000,-145.000000000,0.000000000,auto_capture
pendulum_real_ws,SWING_UP,0.668,-176.182179,5.181963,12.486097,0.006156417,1.149522224,-3.074959106,0.000000,6,0.124860974,12.486097401,-126.942194721,-126.942194721,0.000000000,auto_capture
pendulum_real_ws,SWING_UP,0.719,-177.563058,5.372141,26.321998,0.021933814,-2.322656704,-3.099059995,0.000000,6,0.122541538,12.254153797,-145.000000000,-145.000000000,0.000000000,auto_capture
pendulum_real_ws,SWING_UP,0.770,-179.098827,5.521442,40.707752,0.011966864,-1.726146578,-3.125864212,0.000000,6,0.407077524,40.707752398,145.000000000,145.000000000,0.000000000,auto_capture
pendulum_real_ws,SWING_UP,0.821,-178.255428,6.824483,26.970079,0.018820155,2.158603107,-3.111144122,0.000000,6,0.269700788,26.970078802,-145.000000000,-145.000000000,0.000000000,auto_capture
pendulum_real_ws,SWING_UP,0.872,-177.664264,8.066363,11.584216,0.006163149,1.208007803,-3.100826376,0.000000,6,0.115842160,11.584216003,-133.986672933,-133.986672933,0.000000000,auto_capture
pendulum_real_ws,SWING_UP,0.923,-179.177689,8.293674,25.032734,0.022487258,-2.368905080,-3.127240627,0.000000,6,0.250327336,25.032733599,145.000000000,145.000000000,0.000000000,auto_capture
pendulum_real_ws,SWING_UP,0.974,179.252460,8.457377,39.806141,0.011842986,-1.718254056,3.128545624,0.000000,6,0.398061412,39.806141194,145.000000000,145.000000000,0.000000000,auto_capture
pendulum_real_ws,SWING_UP,1.025,-179.562332,9.913379,24.629401,0.027471394,2.620111933,-3.133953910,0.000000,6,0.397599384,39.759938392,145.000000000,145.000000000,0.000000000,auto_capture
pendulum_real_ws,SWING_UP,1.076,-177.563961,11.851145,11.395644,0.005191628,1.099660503,-3.099075756,0.000000,6,0.113956444,11.395644387,-122.825408673,-122.825408673,0.000000000,auto_capture
pendulum_real_ws,SWING_UP,1.127,-178.742605,12.370299,25.381787,0.020051669,-2.233672976,-3.119646962,0.000000,6,0.253817872,25.381787188,145.000000000,145.000000000,0.000000000,auto_capture
pendulum_real_ws,SWING_UP,1.178,179.995029,12.868088,39.327333,0.010620935,-1.629488711,3.141505893,0.000000,6,0.393273328,39.327332791,145.000000000,145.000000000,0.000000000,auto_capture
pendulum_real_ws,SWING_UP,1.229,-178.883446,14.519638,24.571610,0.020406962,2.254576185,-3.122105112,0.000000,6,0.387923872,38.792387195,145.000000000,145.000000000,0.000000000,auto_capture
pendulum_real_ws,SWING_UP,1.280,-177.681196,16.277828,10.533894,0.010334803,1.582205320,-3.101121887,0.000000,6,0.105338940,10.533893989,-145.000000000,-145.000000000,0.000000000,auto_capture
pendulum_real_ws,SWING_UP,1.331,-179.023808,16.872646,24.987089,0.022147482,-2.350028167,-3.124554894,0.000000,6,0.249870894,24.987089386,145.000000000,145.000000000,0.000000000,auto_capture
pendulum_real_ws,SWING_UP,1.383,179.444562,17.353749,39.713618,0.011693812,-1.708462314,3.131898433,0.000000,6,0.397136180,39.713617989,145.000000000,145.000000000,0.000000000,auto_capture
pendulum_real_ws,SWING_UP,1.434,-179.600002,18.993777,25.081203,0.019560010,2.210794416,-3.134611365,0.000000,6,0.250812030,25.081202984,-145.000000000,-145.000000000,0.000000000,auto_capture
pendulum_real_ws,SWING_UP,1.486,-178.472165,20.745041,10.710050,0.009978658,1.568371404,-3.114926905,0.000000,6,0.107100504,10.710050391,-145.000000000,-145.000000000,0.000000000,auto_capture
pendulum_real_ws,SWING_UP,1.537,-179.813915,21.336650,24.214208,0.021918339,-2.340740775,-3.138344857,0.000000,6,0.242142082,24.214208194,145.000000000,145.000000000,0.000000000,auto_capture
pendulum_real_ws,SWING_UP,1.588,178.713949,21.817493,38.980897,0.011401475,-1.680969255,3.119146832,0.000000,6,0.389808972,38.980897194,145.000000000,145.000000000,0.000000000,auto_capture
pendulum_real_ws,SWING_UP,1.639,179.769447,23.459274,23.976655,0.020252636,2.249969975,3.137568744,0.000000,6,0.383955418,38.395541791,145.000000000,145.000000000,0.000000000,auto_capture
pendulum_real_ws,SWING_UP,1.691,-179.802835,24.901360,-19.366439,0.000040381,-0.097541696,-3.138151472,0.000000,6,-0.193664394,-19.366439406,-21.336160246,-21.336160246,0.000000000,auto_capture
pendulum_real_ws,SWING_UP,1.743,-179.737069,26.094366,-27.583065,0.002433025,-0.779245404,-3.137003649,0.000000,6,-0.416407532,-41.640753246,-145.000000000,-145.000000000,0.000000000,auto_capture
pendulum_real_ws,SWING_UP,1.794,178.531130,26.294307,-28.009969,0.000778108,-0.402854003,3.115956032,0.000000,6,-0.280099689,-28.009968934,-20.007120667,-20.007120667,0.000000000,auto_capture
pendulum_real_ws,SWING_UP,1.855,176.974438,26.581605,-13.115006,0.026190126,-2.531953524,3.088786636,0.000000,6,-0.131150060,-13.115006020,145.000000000,145.000000000,0.000000000,auto_capture
pendulum_real_ws,SWING_UP,1.906,176.832108,27.154031,-23.922897,0.003433224,-0.841664001,3.086302514,0.000000,6,-0.239228973,-23.922897323,-17.087783802,-17.087783802,0.000000000,auto_capture
pendulum_real_ws,SWING_UP,1.958,176.723468,27.616430,-15.251477,0.018520886,-2.114203981,3.084406383,0.000000,6,-0.152514768,-15.251476799,145.000000000,145.000000000,0.000000000,auto_capture
pendulum_real_ws,SWING_UP,2.009,176.440639,27.839593,-23.075546,0.003618229,-0.845768117,3.079470090,0.000000,6,-0.230755462,-23.075546250,-16.482533035,-16.482533035,0.000000000,auto_capture
pendulum_real_ws,SWING_UP,2.060,175.624300,27.640192,-10.931899,0.025579409,-2.471621009,3.065222284,0.000000,6,-0.109318993,-10.931899257,145.000000000,145.000000000,0.000000000,auto_capture
pendulum_real_ws,SWING_UP,2.110,175.896259,27.733474,-22.559118,0.002572275,-0.625740580,3.069968855,0.000000,6,-0.268436896,-26.843689607,-19.174064005,-19.174064005,0.000000000,auto_capture
pendulum_real_ws,SWING_UP,2.163,176.813386,27.903729,-29.014418,0.001210574,0.388534644,3.085975740,0.000000,6,-0.290144185,-29.014418467,-20.724584619,-20.724584619,0.000000000,auto_capture
pendulum_real_ws,SWING_UP,2.213,174.449223,26.423897,-11.729397,0.032340370,-2.761356272,3.044713323,0.000000,6,-0.117293972,-11.729397242,145.000000000,145.000000000,0.000000000,auto_capture
pendulum_real_ws,SWING_UP,2.264,174.731572,25.841988,-18.778248,0.002272685,-0.392100276,3.049641242,0.000000,6,-0.187782479,-18.778247907,-13.413034219,-13.413034219,0.000000000,auto_capture
pendulum_real_ws,SWING_UP,2.315,174.589498,24.738680,-27.087970,0.018757395,2.062106612,3.047161580,0.000000,6,-0.270879698,-27.087969847,-145.000000000,-145.000000000,0.000000000,auto_capture
pendulum_real_ws,SWING_UP,2.365,173.356699,22.857068,-14.296186,0.004097744,-0.604777011,3.025645181,0.000000,6,-0.142961861,-14.296186134,-7.953115177,-7.953115177,0.000000000,auto_capture
pendulum_real_ws,SWING_UP,2.416,170.517981,19.723991,-10.692465,0.005824078,-0.340166794,2.976100195,0.000000,6,-0.131815523,-13.181552332,145.000000000,145.000000000,0.000000000,auto_capture
pendulum_real_ws,SWING_UP,2.467,171.437902,17.877094,-10.619301,0.004542395,-0.205626956,2.992155847,0.000000,6,-0.106193008,-10.619300831,-7.585214880,-7.585214880,0.000000000,auto_capture
pendulum_real_ws,SWING_UP,2.518,170.218716,14.739267,-4.459595,0.006753578,-0.512209632,2.970877050,0.000000,6,-0.044595950,-4.459595020,-3.185425014,-3.185425014,0.000000000,auto_capture
pendulum_real_ws,SWING_UP,2.568,171.656385,12.402146,-18.607964,0.010463805,1.256034700,2.995969104,0.000000,6,-0.186079642,-18.607964224,-136.410046870,-136.410046870,0.000000000,auto_capture
pendulum_real_ws,SWING_UP,2.619,170.809781,8.634652,-4.279673,0.021307430,-2.016829447,2.981193064,0.000000,6,-0.042796726,-4.279672621,145.000000000,145.000000000,0.000000000,auto_capture
pendulum_real_ws,SWING_UP,2.669,170.376039,4.768485,9.672930,0.011790582,-1.251801223,2.973622839,0.000000,6,-0.043862882,-4.386288220,145.000000000,145.000000000,0.000000000,auto_capture
pendulum_real_ws,SWING_UP,2.722,172.128746,1.710901,-5.779700,0.028911831,2.510714766,3.004213357,0.000000,6,-0.057796998,-5.779699817,-145.000000000,-145.000000000,0.000000000,auto_capture
pendulum_real_ws,SWING_UP,2.774,174.276036,-1.322088,-20.628164,0.015661484,1.851010248,3.041690643,0.000000,6,-0.206281642,-20.628164220,-145.000000000,-145.000000000,0.000000000,auto_capture
pendulum_real_ws,SWING_UP,2.825,174.864037,-5.224948,-6.568470,0.006831275,-1.146278467,3.051953186,0.000000,6,-0.065684696,-6.568469623,127.345998774,127.345998774,0.000000000,auto_capture
pendulum_real_ws,SWING_UP,2.876,174.005622,-9.896018,7.444067,0.003933565,-0.668576741,3.036971021,0.000000,6,0.074440674,7.444067387,76.096186211,76.096186211,0.000000000,auto_capture
pendulum_real_ws,SWING_UP,2.927,175.309133,-13.732674,-6.682507,0.021702976,2.257687226,3.059721579,0.000000,6,-0.066825066,-6.682506613,-145.000000000,-145.000000000,0.000000000,auto_capture
pendulum_real_ws,SWING_UP,2.978,176.677830,-17.679128,-20.720125,0.012520438,1.721989949,3.083609857,0.000000,6,-0.207201246,-20.720124609,-145.000000000,-145.000000000,0.000000000,auto_capture
pendulum_real_ws,SWING_UP,3.029,175.893593,-22.746918,-6.475333,0.018752117,-2.106225313,3.069922336,0.000000,6,-0.206508876,-20.650887608,-145.000000000,-145.000000000,0.000000000,auto_capture
pendulum_real_ws,SWING_UP,3.080,175.178169,-27.911409,8.457992,0.009163306,-1.394145268,3.057435825,0.000000,6,0.084579922,8.457992201,145.000000000,145.000000000,0.000000000,auto_capture
pendulum_real_ws,SWING_UP,3.131,177.080938,-31.906667,23.104935,0.026497127,2.548920168,3.090645415,0.000000,6,0.231049350,23.104935006,33.563354913,33.563354913,0.000000000,auto_capture
pendulum_real_ws,SWING_UP,3.182,-176.564644,-33.193124,35.257752,0.018102684,-2.085518941,-3.081634385,0.000000,6,0.209285658,20.928565767,41.015073906,41.015073906,0.000000000,auto_capture
pendulum_real_ws,SWING_UP,3.233,-167.377646,-32.527869,37.236328,0.103568314,4.849861484,-2.921291017,0.000000,6,0.388910724,38.891072374,27.779337410,27.779337410,0.000000000,auto_capture
pendulum_real_ws,SWING_UP,3.284,-160.575361,-31.335204,35.029213,0.038460353,-2.007787276,-2.802568741,0.000000,6,0.207274476,20.727447621,30.973272032,30.973272032,0.000000000,auto_capture
pendulum_real_ws,SWING_UP,3.335,-157.768451,-31.011686,38.884797,0.031547928,-0.771013981,-2.753578920,0.000000,6,0.295147780,29.514777951,21.081984251,21.081984251,0.000000000,auto_capture
pendulum_real_ws,SWING_UP,3.386,-156.386770,-30.300593,7.775015,0.038752111,1.214141939,-2.729464049,0.000000,6,0.077750155,7.775015453,-112.969941743,-112.969941743,0.000000000,auto_capture
pendulum_real_ws,SWING_UP,3.437,-155.495131,-28.717357,18.679635,0.035449248,0.161416196,-2.713902008,0.000000,6,0.186796348,18.679634764,13.342596260,13.342596260,0.000000000,auto_capture
pendulum_real_ws,SWING_UP,3.489,-156.322589,-26.917110,31.057220,0.046009683,-1.801238374,-2.728343866,0.000000,6,0.310572196,31.057219644,145.000000000,145.000000000,0.000000000,auto_capture
pendulum_real_ws,SWING_UP,3.540,-156.813285,-23.965834,11.276037,0.031706527,0.052600272,-2.736908137,0.000000,6,0.112760369,11.276036929,3.816284022,3.816284022,0.000000000,auto_capture
pendulum_real_ws,SWING_UP,3.591,-155.834054,-19.281909,-2.439067,0.036770273,0.771645483,-2.719817328,0.000000,6,-0.024390673,-2.439067271,-73.119740058,-73.119740058,0.000000000,auto_capture
pendulum_real_ws,SWING_UP,3.642,-156.627886,-14.491754,40.455302,0.034882870,-0.819388531,-2.733672311,0.000000,6,0.260312669,26.031266928,48.613494024,48.613494024,0.000000000,auto_capture
pendulum_real_ws,SWING_UP,3.693,-156.128658,-8.013205,26.039065,0.039524363,1.220357186,-2.724959138,0.000000,6,0.260390649,26.039064928,-118.458288522,-118.458288522,0.000000000,auto_capture
pendulum_real_ws,SWING_UP,3.744,-156.535491,-0.924516,39.835173,0.036849595,-1.048906702,-2.732059708,0.000000,6,0.398351731,39.835173119,99.091562151,99.091562151,0.000000000,auto_capture
pendulum_real_ws,SWING_UP,3.795,-156.412479,7.442139,54.108618,0.034061103,0.564810883,-2.729912749,0.000000,6,0.541086183,54.108618327,-58.827297595,-58.827297595,0.000000000,auto_capture
pendulum_real_ws,SWING_UP,3.846,-156.396860,16.797922,67.593534,0.033093397,-0.257644162,-2.729640145,0.000000,6,0.675935335,67.593533503,48.650626002,48.650626002,0.000000000,auto_capture
pendulum_real_ws,SWING_UP,3.896,-158.140892,26.233760,39.382026,0.029009995,-0.446459654,-2.760079240,0.000000,6,0.536251190,53.625119040,145.000000000,145.000000000,0.000000000,auto_capture
pendulum_real_ws,SWING_UP,3.948,-162.133004,35.182200,-4.383660,0.044009617,-2.504230057,-2.829754750,0.000000,6,-0.043836598,-4.383659757,-70.339599369,-70.339599369,0.000000000,auto_capture
pendulum_real_ws,SWING_UP,3.999,178.323512,36.080040,-45.690496,0.306368750,-8.749296879,3.112332422,0.000000,6,-0.456904962,-45.690496186,-32.636068704,-32.636068704,0.000000000,auto_capture
pendulum_real_ws,SWING_UP,4.050,150.362628,30.126583,-20.988932,0.451496218,-10.001993943,2.624322928,0.000000,6,-0.209889325,-20.988932474,145.000000000,145.000000000,0.000000000,auto_capture
pendulum_real_ws,SWING_UP,4.101,144.204829,32.843098,-34.826797,0.074539167,0.324019134,2.516849062,0.000000,6,-0.348267971,-34.826797078,-44.596036883,-44.596036883,0.000000000,auto_capture
pendulum_real_ws,SWING_UP,4.153,139.596208,34.342737,-41.555715,0.119729656,-2.556386862,2.436413452,0.000000,6,-0.415557149,-41.555714915,-29.682653510,-29.682653510,0.000000000,auto_capture
pendulum_real_ws,SWING_UP,4.203,130.677968,30.061285,-20.330078,0.180028331,-3.293832556,2.280760805,0.000000,6,-0.203300778,-20.330077816,145.000000000,145.000000000,0.000000000,auto_capture
pendulum_real_ws,SWING_UP,4.254,130.740463,28.846768,-34.755251,0.136624819,-0.282072745,2.281851542,0.000000,6,-0.347552508,-34.755250819,44.429161314,44.429161314,0.000000000,auto_capture
pendulum_real_ws,SWING_UP,4.305,130.955032,25.013001,-62.268378,0.135441455,0.248249900,2.285596488,0.000000,6,-0.622683777,-62.268377712,-44.477412652,-44.477412652,0.000000000,auto_capture
pendulum_real_ws,SWING_UP,4.356,131.070455,18.320759,-62.305645,0.134788616,0.218028850,2.287610984,0.000000,6,-0.623056448,-62.305644781,-44.504031987,-44.504031987,0.000000000,auto_capture
pendulum_real_ws,SWING_UP,4.407,131.539902,9.153511,-48.153499,0.132190585,-0.042716888,2.295804383,0.000000,6,-0.481534985,-48.153498510,4.879299136,4.879299136,0.000000000,auto_capture
pendulum_real_ws,SWING_UP,4.458,133.208234,-1.822297,-82.427113,0.128275034,1.064474416,2.324922271,0.000000,6,-0.824271133,-82.427113298,-63.221213661,-63.221213661,0.000000000,auto_capture
pendulum_real_ws,SWING_UP,4.509,137.960578,-12.822297,-153.645381,0.117469321,2.030924986,2.407866327,0.000000,6,-1.536453807,-153.645380698,-135.793845613,-135.793845613,0.000000000,auto_capture
pendulum_real_ws,SWING_UP,4.560,144.986873,-23.822297,-203.000000,0.100219758,2.702010628,2.530498308,0.000000,6,-2.030000000,-203.000000000,-145.000000000,-145.000000000,0.000000000,auto_capture
pendulum_real_ws,SWING_UP,4.611,153.959529,-34.526771,-174.211390,0.111748756,4.240104608,2.687100702,0.000000,6,-1.742113898,-174.211389799,77.740478901,77.740478901,0.000000000,auto_capture
pendulum_real_ws,SWING_UP,4.662,179.155376,-36.227559,-102.540316,0.462107233,10.747843940,3.126851184,0.000000,6,-1.025403162,-102.540316199,32.886851149,32.886851149,0.000000000,auto_capture
pendulum_real_ws,SWING_UP,4.717,-147.184294,-30.638083,-63.393798,0.596611367,11.554127209,-2.568850543,0.000000,6,-0.633937976,-63.393797596,-145.000000000,-145.000000000,0.000000000,auto_capture
pendulum_real_ws,SWING_UP,4.774,-136.213023,-35.405374,-59.357799,0.109774505,0.404642579,-2.377365730,0.000000,6,-0.593577992,-59.357799192,52.700269747,52.700269747,0.000000000,auto_capture
pendulum_real_ws,SWING_UP,4.825,-128.974564,-37.222913,12.241907,0.194319691,3.490329689,-2.251030789,0.000000,6,0.122419066,12.241906608,34.578951933,34.578951933,0.000000000,auto_capture
pendulum_real_ws,SWING_UP,4.885,-118.458728,-31.990561,35.957534,0.256925816,3.588678625,-2.067494823,0.000000,6,0.359575342,35.957534222,25.683953016,25.683953016,0.000000000,auto_capture
pendulum_real_ws,SWING_UP,4.946,-111.124580,-27.488735,-49.227237,0.299884804,3.496590893,-1.939489798,0.000000,6,-0.306033448,-30.603344780,-55.348534709,-55.348534709,1.908091104,auto_capture
pendulum_real_ws,SWING_UP,5.001,-106.355893,-31.906140,-34.707578,0.334519566,3.627000666,-1.856260508,0.000000,6,-0.347075784,-34.707578432,68.062947668,68.062947668,-2.393515872,auto_capture
pendulum_real_ws,SWING_UP,5.055,-98.411515,-35.625497,41.157699,0.364278121,2.705508958,-1.717604953,0.000000,6,0.411576992,41.157699167,31.863344156,31.863344156,-4.343770131,auto_capture
pendulum_real_ws,SWING_UP,5.108,-93.400073,-32.477029,25.790740,0.369262534,0.183613498,-1.630138799,0.000000,6,0.257907399,25.790739940,11.586563385,11.586563385,4.500000000,auto_capture
pendulum_real_ws,SWING_UP,5.158,-88.536388,-26.457521,5.078482,0.409578988,1.337561040,-1.545251475,0.000000,6,0.032460448,3.246044755,2.318603396,2.318603396,4.470980772,auto_capture
pendulum_real_ws,SWING_UP,5.209,-82.438243,-19.138946,42.028748,0.489996403,3.389639325,-1.438818767,0.000000,6,0.420287476,42.028747619,30.020534014,30.020534014,-3.243150574,auto_capture
pendulum_real_ws,SWING_UP,5.260,-77.077907,-8.409954,41.695572,0.495832922,1.980031155,-1.345263255,0.000000,6,0.416955722,41.695572212,29.782551580,29.782551580,-0.178179706,auto_capture
pendulum_real_ws,SWING_UP,5.310,-73.070843,2.590046,40.935642,0.509145269,0.787825719,-1.275326789,0.000000,6,0.407024970,40.702497019,29.073212156,29.073212156,0.759037653,auto_capture
pendulum_real_ws,SWING_UP,5.362,-68.558088,13.590046,38.584549,0.550331386,1.903058083,-1.196564357,0.000000,6,0.385845488,38.584548784,27.560391989,27.560391989,-0.499020586,auto_capture
pendulum_real_ws,SWING_UP,5.412,-63.894025,24.590046,36.966667,0.578673210,1.844202505,-1.115161105,0.000000,6,0.369666669,36.966666903,26.404762074,26.404762074,-0.634538255,auto_capture
pendulum_real_ws,SWING_UP,5.463,-59.485475,34.500512,-5.446554,0.603930176,1.752599289,-1.038217396,0.000000,6,-0.054465539,-5.446553850,-64.952989210,-64.952989210,-0.676299147,auto_capture
pendulum_real_ws,SWING_UP,5.514,-55.327805,35.287444,-43.804116,0.621738615,1.235912262,-0.965652368,0.000000,6,-0.438041157,-43.804115744,-31.288654103,-31.288654103,0.317028624,auto_capture
pendulum_real_ws,SWING_UP,5.575,-50.778691,28.443422,-6.070214,0.643649621,0.884342572,-0.886255353,0.000000,6,-0.060702137,-6.070213653,23.755367145,23.755367145,0.890846029,auto_capture
pendulum_real_ws,SWING_UP,5.626,-48.477584,23.583941,32.662333,0.654075922,0.622264920,-0.846093452,0.000000,6,0.326623327,32.662332705,23.330237646,23.330237646,1.383281930,auto_capture
pendulum_real_ws,SWING_UP,5.677,-45.914911,22.874163,31.765609,0.669784608,1.046634149,-0.801366377,0.000000,6,0.317656085,31.765608535,22.689720382,22.689720382,0.212723724,auto_capture
pendulum_real_ws,SWING_UP,5.729,-43.640357,26.243371,31.274565,0.678386635,0.709273075,-0.761667919,0.000000,6,0.312959437,31.295943733,22.354245524,22.354245524,0.308770908,auto_capture
pendulum_real_ws,SWING_UP,5.780,-41.159183,33.304486,2.398682,0.699012110,1.671858453,-0.718363260,0.000000,6,0.023986820,2.398682031,-64.834143484,-64.834143484,-1.570025204,auto_capture
pendulum_real_ws,SWING_UP,5.831,-37.100856,34.698177,-42.401660,0.714643501,1.522752624,-0.647532087,0.000000,6,-0.424016604,-42.401660357,-30.286900255,-30.286900255,-1.452997203,auto_capture
pendulum_real_ws,SWING_UP,5.882,-34.522488,29.990920,-19.753619,0.716558595,0.463339979,-0.602531075,0.000000,6,-0.343379634,-34.337963410,-24.527116721,-24.527116721,-0.566553700,auto_capture
pendulum_real_ws,SWING_UP,5.933,-33.092926,24.720141,28.773660,0.722197137,0.512313299,-0.577580525,0.000000,6,0.287736598,28.773659847,20.552614177,20.552614177,0.734221867,auto_capture
pendulum_real_ws,SWING_UP,5.984,-31.591070,23.121112,28.448340,0.727896051,0.558202228,-0.551368183,0.000000,6,0.285216744,28.521674374,20.372624553,20.372624553,0.598640219,auto_capture
pendulum_real_ws,SWING_UP,6.035,-30.313832,25.166371,28.231617,0.731692569,0.368768261,-0.529076183,0.000000,6,0.282316169,28.231616861,20.165440615,20.165440615,0.913815194,auto_capture
pendulum_real_ws,SWING_UP,6.086,-29.064148,30.811665,27.972517,0.736231445,0.459314198,-0.507265080,0.000000,6,0.280388672,28.038867206,20.027762290,20.027762290,0.864463616,auto_capture
pendulum_real_ws,SWING_UP,6.137,-26.871131,36.531090,-43.875473,0.743871422,0.600138028,-0.468989707,0.000000,6,-0.438754733,-43.875473284,-52.898229552,-52.898229552,0.154233737,auto_capture
pendulum_real_ws,SWING_UP,6.189,-23.824745,37.125122,-17.197689,0.763755122,1.760211065,-0.415820250,0.000000,6,-0.171976890,-17.197689010,-12.284063579,-12.284063579,-2.810717705,auto_capture
pendulum_real_ws,SWING_UP,6.239,-22.267995,34.653281,-21.581221,0.755936734,-0.316750448,-0.388649832,0.000000,6,-0.215812207,-21.581220701,-15.415157644,-15.415157644,2.081610504,auto_capture
pendulum_real_ws,SWING_UP,6.290,-20.690438,28.908732,-6.227957,0.760326000,0.456787319,-0.361116264,0.000000,6,-0.062279572,-6.227957171,-0.290583042,-0.290583042,0.131505731,auto_capture
pendulum_real_ws,SWING_UP,6.342,-19.071007,21.755785,1.661474,0.765395174,0.730118998,-0.332851862,0.000000,6,0.016614735,1.661473543,1.186766816,1.186766816,-0.620589264,auto_capture
pendulum_real_ws,SWING_UP,6.392,-18.264955,14.703914,0.151166,0.765038693,-0.047019723,-0.318783603,0.000000,6,0.001511665,0.151166482,0.107976059,0.107976059,1.196711586,auto_capture
pendulum_real_ws,SWING_UP,6.443,-17.113270,7.825612,3.588779,0.769198398,0.665573423,-0.298682910,0.000000,6,0.035887790,3.588779026,2.563413590,2.563413590,-0.581854324,manual_A_near_upright
pendulum_real_ws,SWING_UP,6.494,-17.202614,3.811400,28.083035,0.768112401,0.465420803,-0.300242259,0.000000,6,0.280830347,28.083034716,13.695916541,13.695916541,-0.096186245,manual_A_near_upright
pendulum_real_ws,SWING_UP,6.544,-16.606957,5.130120,6.140112,0.768877763,0.333766240,-0.289846078,0.000000,6,0.061401115,6.140111541,4.385793958,4.385793958,0.184437688,manual_A_near_upright
pendulum_real_ws,SWING_UP,6.595,-15.733607,7.910709,0.777625,0.770486467,0.311678011,-0.274603239,0.000000,6,-0.014316789,-1.431678893,-1.022627781,-1.022627781,0.016303697,manual_A_near_upright
pendulum_real_ws,SWING_UP,6.646,-14.751397,10.850958,-1.928994,0.772281000,0.321950923,-0.257460451,0.000000,6,-0.019289939,-1.928993942,-1.377852816,-1.377852816,0.102683317,manual_A_near_upright
pendulum_real_ws,SWING_UP,6.697,-13.824899,13.386962,-2.833408,0.773841887,0.319964132,-0.241290011,0.000000,6,-0.028334083,-2.833408332,-2.023863094,-2.023863094,0.052472120,manual_A_near_upright
pendulum_real_ws,SWING_UP,6.748,-12.934247,15.611093,-2.776231,0.775211054,0.302982099,-0.225745205,0.000000,6,-0.027762309,-2.776230895,-1.983022068,-1.983022068,0.040376659,manual_A_near_upright
pendulum_real_ws,SWING_UP,6.798,-12.105182,17.487139,-2.417016,0.776391732,0.281527427,-0.211275284,0.000000,6,-0.024645010,-2.464500965,-1.760357832,-1.760357832,0.043593466,manual_A_near_upright
pendulum_real_ws,SWING_UP,6.849,-11.333583,19.054960,-2.082229,0.777421857,0.261628808,-0.197808338,0.000000,6,-0.021471627,-2.147162689,-1.533687635,-1.533687635,0.044191083,manual_A_near_upright
pendulum_real_ws,SWING_UP,6.900,-10.614284,20.354052,-1.815434,0.778323825,0.243926770,-0.185254207,0.000000,6,-0.018649669,-1.864966902,-1.332119216,-1.332119216,0.044545106,manual_A_near_upright
pendulum_real_ws,SWING_UP,6.951,-9.943387,21.418880,-1.584483,0.779112823,0.227552722,-0.173544836,0.000000,6,-0.016280903,-1.628090339,-1.162921671,-1.162921671,0.044070672,manual_A_near_upright
pendulum_real_ws,SWING_UP,7.002,-9.317422,22.279512,-1.397205,0.779803669,0.212594689,-0.162619691,0.000000,6,-0.013972050,-1.397205017,-0.998003583,-0.998003583,0.042679696,manual_A_near_upright
pendulum_real_ws,BALANCE,7.053,-8.839704,23.033974,7.865911,0.780164412,0.079511374,-0.154281945,22.708629,7,0.073149087,7.314908715,5.224934797,5.224934797,0.220831892,manual_A_near_upright
pendulum_real_ws,BALANCE,7.105,-8.348118,24.283002,0.396538,0.780750147,0.164267524,-0.145702139,22.708629,7,0.003965379,0.396537934,0.283241381,0.283241381,0.101145217,manual_A_near_upright
pendulum_real_ws,BALANCE,7.156,-7.813514,25.606682,-1.275636,0.781286807,0.180226099,-0.136371543,22.544749,7,-0.012756363,-1.275636332,-0.911168808,-0.911168808,0.031120610,manual_A_near_upright
pendulum_real_ws,BALANCE,7.206,-7.317019,26.764077,-1.350585,0.781720950,0.170585911,-0.127706064,22.148458,7,-0.013505846,-1.350584571,-0.964703265,-0.964703265,0.024794433,manual_A_near_upright
pendulum_real_ws,BALANCE,7.257,-6.862995,27.744666,-1.180087,0.782088371,0.158132977,-0.119781856,21.756752,7,-0.012102166,-1.210216577,-0.864440412,-0.864440412,0.027463078,manual_A_near_upright
pendulum_real_ws,BALANCE,7.309,-6.429616,28.599126,-1.040179,0.782418471,0.147139456,-0.112217961,21.370179,7,-0.010401794,-1.040179375,-0.742985268,-0.742985268,0.028406374,manual_A_near_upright
pendulum_real_ws,BALANCE,7.360,-6.024361,29.319733,-0.939410,0.782708594,0.137547226,-0.105144940,20.988494,7,-0.009394097,-0.939409709,-0.671006935,-0.671006935,0.027379452,manual_A_near_upright
pendulum_real_ws,BALANCE,7.411,-5.645316,29.919415,-0.849039,0.782963040,0.128662455,-0.098529354,20.616265,7,-0.008490389,-0.849038856,-0.606456326,-0.606456326,0.026209910,manual_A_near_upright
pendulum_real_ws,BALANCE,7.462,-5.290860,30.410022,-0.768619,0.783186099,0.120364328,-0.092342931,20.250645,7,-0.007851238,-0.785123778,-0.560802699,-0.560802699,0.025243378,manual_A_near_upright
pendulum_real_ws,BALANCE,7.513,-4.959380,30.802189,-0.694066,0.783381635,0.112569982,-0.086557514,19.892111,7,-0.006940659,-0.694065911,-0.495761365,-0.495761365,0.024127592,manual_A_near_upright
pendulum_real_ws,BALANCE,7.572,-4.559641,31.135837,-2.566595,0.783632326,0.136220056,-0.079580753,19.477240,7,-0.028970566,-2.897056592,-2.069326137,-2.069326137,-0.029043443,manual_A_near_upright
pendulum_real_ws,BALANCE,7.624,-4.129892,30.781900,13.804903,0.783956540,-0.209444094,-0.072080215,19.128777,7,-0.008077607,-0.807760724,-0.576971946,-0.576971946,-0.459918519,manual_A_near_upright
pendulum_real_ws,BALANCE,7.676,-4.096734,30.611001,6.241840,0.783808705,-0.053251661,-0.071501496,18.787309,7,0.062418400,6.241840050,4.458457179,4.458457179,0.370909072,manual_A_near_upright
pendulum_real_ws,BALANCE,7.727,-3.847826,30.701132,0.630246,0.783930953,0.062252331,-0.067157234,18.454603,7,0.006302462,0.630246244,0.450175889,0.450175889,0.078929001,manual_A_near_upright
pendulum_real_ws,BALANCE,7.778,-3.595581,30.760107,-0.664834,0.784057842,0.086969063,-0.062754721,18.125166,7,0.001914327,0.191432664,0.136737617,0.136737617,0.054769523,manual_A_near_upright
pendulum_real_ws,BALANCE,7.830,-3.368443,30.764920,-0.567648,0.784147689,0.080035724,-0.058790426,17.801223,7,-0.005676477,-0.567647685,-0.405462632,-0.405462632,0.007801711,manual_A_near_upright
pendulum_real_ws,BALANCE,7.880,-3.159733,30.720103,-0.390554,0.784224097,0.071838950,-0.055147739,17.487434,7,-0.003905537,-0.390553718,-0.278966941,-0.278966941,0.015088834,manual_A_near_upright
pendulum_real_ws,BALANCE,7.931,-2.964896,30.631037,-0.308475,0.784292280,0.066221734,-0.051747197,17.176942,7,-0.003429319,-0.342931870,-0.244951336,-0.244951336,0.015578935,manual_A_near_upright
pendulum_real_ws,BALANCE,7.982,-2.778705,30.499386,-0.270785,0.784353946,0.061887788,-0.048497551,16.874048,7,-0.002871297,-0.287129695,-0.205092640,-0.205092640,0.016102211,manual_A_near_upright
pendulum_real_ws,BALANCE,8.032,-2.611022,30.338379,-0.249751,0.784406142,0.058141785,-0.045570925,16.577107,7,-0.002558763,-0.255876277,-0.182768769,-0.182768769,0.015497382,manual_A_near_upright
pendulum_real_ws,BALANCE,8.084,-2.450619,30.142749,-0.224827,0.784453007,0.054494971,-0.042771378,16.283984,7,-0.002248266,-0.224826628,-0.160590449,-0.160590449,0.014634755,manual_A_near_upright
pendulum_real_ws,BALANCE,8.135,-2.300330,29.918789,-0.202568,0.784494229,0.051084636,-0.040148331,15.992511,7,-0.002025684,-0.202568404,-0.144691717,-0.144691717,0.013901199,manual_A_near_upright
pendulum_real_ws,BALANCE,8.187,-2.159524,29.669472,-0.179818,0.784530470,0.047848410,-0.037690811,15.705848,7,-0.001798179,-0.179817918,-0.128441370,-0.128441370,0.013312573,manual_A_near_upright
pendulum_real_ws,BALANCE,8.237,-2.027631,29.397659,-0.158354,0.784562346,0.044819620,-0.035388836,15.428461,7,-0.001583539,-0.158353856,-0.113109897,-0.113109897,0.012754953,manual_A_near_upright
pendulum_real_ws,BALANCE,8.288,-1.904046,29.106059,-0.139485,0.784590399,0.041994968,-0.033231879,15.156188,7,-0.001394848,-0.139484805,-0.099632003,-0.099632003,0.012200464,manual_A_near_upright
pendulum_real_ws,BALANCE,8.339,-1.788235,28.797053,-0.121988,0.784615090,0.039347222,-0.031210597,14.888899,7,-0.001219884,-0.121988352,-0.087134537,-0.087134537,0.011682695,manual_A_near_upright
pendulum_real_ws,BALANCE,8.390,-1.679704,28.472840,-0.107129,0.784636830,0.036883965,-0.029316370,14.625910,7,-0.001071291,-0.107129139,-0.076520813,-0.076520813,0.011154144,manual_A_near_upright
pendulum_real_ws,BALANCE,8.442,-1.577970,28.135384,-0.093775,0.784655975,0.034577345,-0.027540780,14.365804,7,-0.000937746,-0.093774600,-0.066981857,-0.066981857,0.010653022,manual_A_near_upright
pendulum_real_ws,BALANCE,8.492,-1.482601,27.786431,-0.080846,0.784672839,0.032416043,-0.025876276,14.111338,7,-0.000826963,-0.082696267,-0.059068762,-0.059068762,0.010298676,manual_A_near_upright
pendulum_real_ws,BALANCE,8.542,-1.393209,27.427671,-0.068948,0.784687693,0.030390732,-0.024316077,13.862477,7,-0.000710680,-0.071067984,-0.050762846,-0.050762846,0.009840079,manual_A_near_upright
pendulum_real_ws,BALANCE,8.593,-1.309403,27.060618,-0.057926,0.784700780,0.028486802,-0.022853397,13.617496,7,-0.000600738,-0.060073751,-0.042909822,-0.042909822,0.009408585,manual_A_near_upright
pendulum_real_ws,BALANCE,8.644,-1.230825,26.686646,-0.047976,0.784712316,0.026709370,-0.021481957,13.376878,7,-0.000479765,-0.047976473,-0.034268910,-0.034268910,0.008936164,manual_A_near_upright
pendulum_real_ws,BALANCE,8.696,-1.155711,26.299355,-0.038086,0.784722679,0.025017248,-0.020170960,13.137893,7,-0.000380856,-0.038085634,-0.027204024,-0.027204024,0.008539871,manual_A_near_upright
pendulum_real_ws,BALANCE,8.748,-1.086654,25.915031,-0.030428,0.784731632,0.023466491,-0.018965690,12.900096,7,-0.000304283,-0.030428283,-0.021734488,-0.021734488,0.008163768,manual_A_near_upright
pendulum_real_ws,BALANCE,8.799,-1.021965,25.527094,-0.023110,0.784739520,0.022013830,-0.017836656,12.671490,7,-0.000231099,-0.023109917,-0.016507084,-0.016507084,0.007811438,manual_A_near_upright
pendulum_real_ws,BALANCE,8.850,-0.962446,25.144440,-0.016573,0.784746346,0.020651445,-0.016797859,12.447542,7,-0.000165730,-0.016572967,-0.011837834,-0.011837834,0.007549250,manual_A_near_upright
pendulum_real_ws,BALANCE,8.900,-0.905455,24.752295,-0.009972,0.784752503,0.019369120,-0.015803176,12.228163,7,-0.000112473,-0.011247261,-0.008033758,-0.008033758,0.007295488,manual_A_near_upright
pendulum_real_ws,BALANCE,8.951,-0.851993,24.359291,-0.004656,0.784757938,0.018174013,-0.014870082,12.012104,7,-0.000046565,-0.004656466,-0.003326047,-0.003326047,0.006940648,manual_A_near_upright
pendulum_real_ws,BALANCE,9.002,-0.801832,23.966135,0.000424,0.784762738,0.017052003,-0.013994613,11.800057,7,-0.000005601,-0.000560138,-0.000400099,-0.000400099,0.006708230,manual_A_near_upright
pendulum_real_ws,BALANCE,9.053,-0.754772,23.573470,0.005062,0.784766977,0.016001159,-0.013173260,11.592021,7,0.000050619,0.005061926,0.003615661,0.003615661,0.006386304,manual_A_near_upright
pendulum_real_ws,BALANCE,9.104,-0.710619,23.181875,0.008940,0.784770721,0.015012187,-0.012402644,11.386394,7,0.000089397,0.008939664,0.006385474,0.006385474,0.006139740,manual_A_near_upright
pendulum_real_ws,BALANCE,9.155,-0.669183,22.791868,0.012592,0.784774031,0.014090078,-0.011679448,11.185066,7,0.000125920,0.012592023,0.008994302,0.008994302,0.005893936,manual_A_near_upright
pendulum_real_ws,BALANCE,9.205,-0.630296,22.403910,0.016339,0.784776956,0.013218707,-0.011000736,10.987656,7,0.000163388,0.016338845,0.011670603,0.011670603,0.005677604,manual_A_near_upright
pendulum_real_ws,BALANCE,9.256,-0.593788,22.018426,0.019406,0.784779544,0.012409235,-0.010363553,10.793250,7,0.000181278,0.018127775,0.012948411,0.012948411,0.005460322,manual_A_near_upright
pendulum_real_ws,BALANCE,9.307,-0.559546,21.635808,0.022497,0.784781830,0.011640150,-0.009765925,10.603757,7,0.000224972,0.022497197,0.016069427,0.016069427,0.005267783,manual_A_near_upright
pendulum_real_ws,BALANCE,9.358,-0.527387,21.256465,0.023214,0.784783857,0.010952223,-0.009204637,10.415543,7,0.000232140,0.023214016,0.016581440,0.016581440,0.005010433,manual_A_near_upright
pendulum_real_ws,BALANCE,9.409,-0.497216,20.880626,0.025470,0.784785646,0.010267056,-0.008678060,10.230873,7,0.000254696,0.025469583,0.018192560,0.018192560,0.004864470,manual_A_near_upright
pendulum_real_ws,BALANCE,9.459,-0.468863,20.508575,0.028115,0.784787233,0.009639840,-0.008183206,10.051368,7,0.000280472,0.028047193,0.020033710,0.020033710,0.004734529,manual_A_near_upright
pendulum_real_ws,BALANCE,9.511,-0.442237,20.140511,0.029422,0.784788640,0.009057674,-0.007718486,9.872898,7,0.000294222,0.029422221,0.021015872,0.021015872,0.004504435,manual_A_near_upright
pendulum_real_ws,BALANCE,9.561,-0.417234,19.776627,0.031369,0.784789885,0.008503119,-0.007282100,9.698550,7,0.000313689,0.031368926,0.022406376,0.022406376,0.004351656,manual_A_near_upright
pendulum_real_ws,BALANCE,9.612,-0.393756,19.417132,0.032830,0.784790989,0.007984376,-0.006872334,9.527571,7,0.000328300,0.032830036,0.023450026,0.023450026,0.004203434,manual_A_near_upright
pendulum_real_ws,BALANCE,9.663,-0.371703,19.062199,0.033251,0.784791968,0.007501721,-0.006487435,9.357446,7,0.000332507,0.033250667,0.023750477,0.023750477,0.004053149,manual_A_near_upright
pendulum_real_ws,BALANCE,9.715,-0.350976,18.711920,0.034288,0.784792837,0.007053251,-0.006125694,9.191734,7,0.000342879,0.034287896,0.024491354,0.024491354,0.003899557,manual_A_near_upright
pendulum_real_ws,BALANCE,9.766,-0.331511,18.366395,0.035313,0.784793607,0.006622609,-0.005785952,9.028544,7,0.000353126,0.035312567,0.025223262,0.025223262,0.003777976,manual_A_near_upright
pendulum_real_ws,BALANCE,9.816,-0.313228,18.025757,0.036274,0.784794291,0.006219446,-0.005466861,8.869543,7,0.000362752,0.036275193,0.025910852,0.025910852,0.003690592,manual_A_near_upright
pendulum_real_ws,BALANCE,9.867,-0.296047,17.690118,0.036907,0.784794899,0.005845109,-0.005166992,8.713554,7,0.000367560,0.036755980,0.026254271,0.026254271,0.003564149,manual_A_near_upright
pendulum_real_ws,BALANCE,9.918,-0.279892,17.359541,0.036722,0.784795439,0.005504072,-0.004885042,8.559110,7,0.000367222,0.036722191,0.026230136,0.026230136,0.003399370,manual_A_near_upright
pendulum_real_ws,BALANCE,9.968,-0.264729,17.034049,0.037604,0.784795918,0.005157918,-0.004620390,8.408430,7,0.000377929,0.037792878,0.026994913,0.026994913,0.003368248,manual_A_near_upright
pendulum_real_ws,BALANCE,10.020,-0.250449,16.713715,0.037015,0.784796346,0.004866017,-0.004371155,8.259338,7,0.000370149,0.037014869,0.026439192,0.026439192,0.003242269,manual_A_near_upright
pendulum_real_ws,BALANCE,10.071,-0.236764,16.392271,0.037568,0.784796734,0.004577836,-0.004132304,8.112540,7,0.000375680,0.037568000,0.026834286,0.026834286,0.003063026,manual_A_near_upright
pendulum_real_ws,BALANCE,10.121,-0.224407,16.088484,0.037901,0.784797064,0.004293379,-0.003916646,7.970619,7,0.000379015,0.037901465,0.027072475,0.027072475,0.003000640,manual_A_near_upright
pendulum_real_ws,BALANCE,10.172,-0.212548,15.783617,0.037814,0.784797365,0.004036044,-0.003709671,7.829837,7,0.000378140,0.037814026,0.027010019,0.027010019,0.002926376,manual_A_near_upright
pendulum_real_ws,BALANCE,10.222,-0.201390,15.483937,0.036888,0.784797634,0.003812521,-0.003514917,7.691569,7,0.000371219,0.037121916,0.026515654,0.026515654,0.002839174,manual_A_near_upright
pendulum_real_ws,BALANCE,10.273,-0.190895,15.189389,0.037678,0.784797873,0.003572065,-0.003331744,7.556365,7,0.000376781,0.037678137,0.026912955,0.026912955,0.002754973,manual_A_near_upright
pendulum_real_ws,BALANCE,10.324,-0.181016,14.899978,0.037342,0.784798087,0.003360855,-0.003159331,7.422537,7,0.000373421,0.037342062,0.026672901,0.026672901,0.002675672,manual_A_near_upright
pendulum_real_ws,BALANCE,10.375,-0.171718,14.615653,0.036847,0.784798278,0.003164295,-0.002997052,7.290554,7,0.000371592,0.037159165,0.026542261,0.026542261,0.002609178,manual_A_near_upright
pendulum_real_ws,BALANCE,10.426,-0.162965,14.336364,0.037041,0.784798448,0.002976951,-0.002844275,7.162225,7,0.000370408,0.037040754,0.026457682,0.026457682,0.002525851,manual_A_near_upright
pendulum_real_ws,BALANCE,10.477,-0.154731,14.062094,0.036531,0.784798601,0.002804417,-0.002700562,7.035466,7,0.000365313,0.036531323,0.026093802,0.026093802,0.002451311,manual_A_near_upright
pendulum_real_ws,BALANCE,10.528,-0.146977,13.792796,0.036195,0.784798737,0.002641712,-0.002565227,6.911012,7,0.000361949,0.036194929,0.025853521,0.025853521,0.002389633,manual_A_near_upright
pendulum_real_ws,BALANCE,10.579,-0.139678,13.528422,0.035510,0.784798859,0.002489829,-0.002437842,6.788229,7,0.000356711,0.035671130,0.025479379,0.025479379,0.002327842,manual_A_near_upright
pendulum_real_ws,BALANCE,10.630,-0.132799,13.268905,0.035456,0.784798968,0.002342176,-0.002317779,6.668073,7,0.000354562,0.035456222,0.025325873,0.025325873,0.002259226,manual_A_near_upright
pendulum_real_ws,BALANCE,10.681,-0.126323,13.014194,0.035015,0.784799066,0.002206589,-0.002204746,6.549847,7,0.000350153,0.035015293,0.025010923,0.025010923,0.002200322,manual_A_near_upright
pendulum_real_ws,BALANCE,10.732,-0.120223,12.764237,0.034601,0.784799153,0.002076173,-0.002098289,6.433520,7,0.000346005,0.034600538,0.024714670,0.024714670,0.002149262,manual_A_near_upright
pendulum_real_ws,BALANCE,10.783,-0.114471,12.518970,0.033919,0.784799232,0.001959183,-0.001997904,6.318720,7,0.000339194,0.033919401,0.024228143,0.024228143,0.002090834,manual_A_near_upright
pendulum_real_ws,BALANCE,10.835,-0.109051,12.278308,0.033631,0.784799303,0.001846016,-0.001903305,6.206530,7,0.000336310,0.033631049,0.024022178,0.024022178,0.002040798,manual_A_near_upright
pendulum_real_ws,BALANCE,10.885,-0.103952,12.042212,0.033619,0.784799366,0.001735285,-0.001814301,6.097601,7,0.000336192,0.033619241,0.024013744,0.024013744,0.002003939,manual_A_near_upright
pendulum_real_ws,BALANCE,10.936,-0.099140,11.810658,0.032823,0.784799423,0.001643379,-0.001730319,5.990085,7,0.000328233,0.032823348,0.023445249,0.023445249,0.001938975,manual_A_near_upright
pendulum_real_ws,BALANCE,10.986,-0.094609,11.583567,0.032249,0.784799475,0.001545812,-0.001651244,5.884153,7,0.000324705,0.032470506,0.023193219,0.023193219,0.001910283,manual_A_near_upright
pendulum_real_ws,BALANCE,11.038,-0.090331,11.360878,0.031677,0.784799521,0.001459270,-0.001576574,5.780154,7,0.000316771,0.031677078,0.022626484,0.022626484,0.001858102,manual_A_near_upright
pendulum_real_ws,BALANCE,11.089,-0.086297,11.142499,0.031337,0.784799562,0.001371532,-0.001506159,5.677903,7,0.000313375,0.031337495,0.022383925,0.022383925,0.001829263,manual_A_near_upright
pendulum_real_ws,BALANCE,11.140,-0.082480,10.928365,0.030545,0.784799600,0.001298800,-0.001439551,5.576767,7,0.000305446,0.030544606,0.021817576,0.021817576,0.001777354,manual_A_near_upright
pendulum_real_ws,BALANCE,11.191,-0.078882,10.718374,0.030122,0.784799634,0.001224136,-0.001376759,5.477609,7,0.000302221,0.030222052,0.021587180,0.021587180,0.001746347,manual_A_near_upright
pendulum_real_ws,BALANCE,11.242,-0.075489,10.512473,0.029288,0.784799665,0.001156947,-0.001317526,5.379783,7,0.000292876,0.029287582,0.020919702,0.020919702,0.001702916,manual_A_near_upright
pendulum_real_ws,BALANCE,11.293,-0.072286,10.310600,0.028915,0.784799692,0.001093675,-0.001261637,5.285118,7,0.000289154,0.028915360,0.020653829,0.020653829,0.001664745,manual_A_near_upright
pendulum_real_ws,BALANCE,11.344,-0.069261,10.112693,0.028258,0.784799718,0.001032940,-0.001208827,5.191187,7,0.000282576,0.028257593,0.020183995,0.020183995,0.001630957,manual_A_near_upright
pendulum_real_ws,BALANCE,11.395,-0.066401,9.918675,0.027626,0.784799740,0.000978442,-0.001158911,5.099018,7,0.000276260,0.027625960,0.019732828,0.019732828,0.001592036,manual_A_near_upright
pendulum_real_ws,BALANCE,11.447,-0.063697,9.728464,0.027208,0.784799761,0.000923222,-0.001111727,5.008419,7,0.000272083,0.027208272,0.019434480,0.019434480,0.001564140,manual_A_near_upright
pendulum_real_ws,BALANCE,11.497,-0.061146,9.542001,0.026698,0.784799780,0.000874342,-0.001067196,4.919893,7,0.000266975,0.026697547,0.019069677,0.019069677,0.001530044,manual_A_near_upright
pendulum_real_ws,BALANCE,11.548,-0.058726,9.359202,0.026331,0.784799797,0.000825689,-0.001024954,4.832051,7,0.000263399,0.026339902,0.018814216,0.018814216,0.001512323,manual_A_near_upright
pendulum_real_ws,BALANCE,11.600,-0.056442,9.179986,0.025872,0.784799812,0.000778826,-0.000985094,4.745695,7,0.000259525,0.025952474,0.018537481,0.018537481,0.001485562,manual_A_near_upright
pendulum_real_ws,BALANCE,11.651,-0.054283,9.004296,0.025511,0.784799826,0.000736273,-0.000947411,4.661440,7,0.000255113,0.025511311,0.018222365,0.018222365,0.001460339,manual_A_near_upright
pendulum_real_ws,BALANCE,11.701,-0.052244,8.832080,0.025185,0.784799839,0.000696057,-0.000911822,4.579151,7,0.000251117,0.025111706,0.017936933,0.017936933,0.001436916,manual_A_near_upright
pendulum_real_ws,BALANCE,11.753,-0.050316,8.663288,0.024607,0.784799850,0.000659704,-0.000878175,4.498104,7,0.000246073,0.024607334,0.017576667,0.017576667,0.001402506,manual_A_near_upright
pendulum_real_ws,BALANCE,11.804,-0.048490,8.497854,0.024055,0.784799861,0.000622285,-0.000846317,4.418095,7,0.000240554,0.024055399,0.017182428,0.017182428,0.001383996,manual_A_near_upright
pendulum_real_ws,BALANCE,11.854,-0.046769,8.335720,0.023715,0.784799871,0.000586741,-0.000816271,4.340587,7,0.000241106,0.024110569,0.017221835,0.017221835,0.001375689,manual_A_near_upright
pendulum_real_ws,BALANCE,11.905,-0.045128,8.176828,0.023241,0.784799880,0.000555444,-0.000787634,4.263655,7,0.000232414,0.023241390,0.016600993,0.016600993,0.001344890,manual_A_near_upright
pendulum_real_ws,BALANCE,11.957,-0.043574,8.021090,0.022855,0.784799888,0.000526156,-0.000760515,4.188211,7,0.000228549,0.022854947,0.016324962,0.016324962,0.001322978,manual_A_near_upright
pendulum_real_ws,BALANCE,12.008,-0.042106,7.868449,0.021885,0.784799895,0.000499965,-0.000734881,4.112958,7,0.000223434,0.022343383,0.015959559,0.015959559,0.001298873,manual_A_near_upright
pendulum_real_ws,BALANCE,12.058,-0.040686,7.715883,0.021867,0.784799902,0.000477415,-0.000710112,4.040537,7,0.000221311,0.022131108,0.015807934,0.015807934,0.001292901,manual_A_near_upright
pendulum_real_ws,BALANCE,12.109,-0.039389,7.572231,0.021166,0.784799908,0.000454799,-0.000687467,3.969953,7,0.000211543,0.021154300,0.015110215,0.015110215,0.001250644,manual_A_near_upright
pendulum_real_ws,BALANCE,12.160,-0.038113,7.425686,0.021165,0.784799914,0.000428206,-0.000665192,3.899335,7,0.000208473,0.020847277,0.014890912,0.014890912,0.001235670,manual_A_near_upright
pendulum_real_ws,BALANCE,12.210,-0.036952,7.287708,0.020200,0.784799919,0.000409449,-0.000644941,3.831109,7,0.000204311,0.020431122,0.014593658,0.014593658,0.001221286,manual_A_near_upright
pendulum_real_ws,BALANCE,12.261,-0.035825,7.149689,0.019900,0.784799924,0.000383954,-0.000625262,3.763123,7,0.000201344,0.020134445,0.014381746,0.014381746,0.001211243,manual_A_near_upright
pendulum_real_ws,BALANCE,12.313,-0.034751,7.014410,0.019627,0.784799928,0.000366008,-0.000606515,3.696978,7,0.000196268,0.019626761,0.014019115,0.014019115,0.001183731,manual_A_near_upright
pendulum_real_ws,BALANCE,12.373,-0.033536,6.855623,0.019219,0.784799933,0.000342847,-0.000585312,3.618966,7,0.000192187,0.019218715,0.013727653,0.013727653,0.001167226,manual_A_near_upright
pendulum_real_ws,BALANCE,12.425,-0.032577,6.726196,0.018304,0.784799937,0.000328001,-0.000568579,3.553851,7,0.000183044,0.018304440,0.013074600,0.013074600,0.001145964,manual_A_near_upright
pendulum_real_ws,BALANCE,12.476,-0.031660,6.599314,0.017984,0.784799940,0.000312436,-0.000552575,3.490433,7,0.000179839,0.017983938,0.012845670,0.012845670,0.001128909,manual_A_near_upright
pendulum_real_ws,BALANCE,12.528,-0.030790,6.474914,0.017638,0.784799944,0.000296624,-0.000537395,3.428084,7,0.000176375,0.017637540,0.012598243,0.012598243,0.001115247,manual_A_near_upright
pendulum_real_ws,BALANCE,12.578,-0.029964,6.352954,0.017562,0.784799947,0.000280232,-0.000522972,3.367494,7,0.000175622,0.017562154,0.012544395,0.012544395,0.001105549,manual_A_near_upright
pendulum_real_ws,BALANCE,12.630,-0.029180,6.233398,0.016966,0.784799949,0.000268351,-0.000509290,3.307276,7,0.000169665,0.016966484,0.012118917,0.012118917,0.001087544,manual_A_near_upright
pendulum_real_ws,BALANCE,12.681,-0.028434,6.116192,0.016574,0.784799952,0.000256183,-0.000496263,3.248414,7,0.000165738,0.016573845,0.011838461,0.011838461,0.001072456,manual_A_near_upright
pendulum_real_ws,BALANCE,12.733,-0.027720,6.001282,0.016162,0.784799954,0.000244189,-0.000483804,3.190103,7,0.000161617,0.016161669,0.011544049,0.011544049,0.001058881,manual_A_near_upright
pendulum_real_ws,BALANCE,12.784,-0.027045,5.888618,0.016078,0.784799956,0.000229971,-0.000472024,3.133764,7,0.000160776,0.016077633,0.011484023,0.011484023,0.001052953,manual_A_near_upright
pendulum_real_ws,BALANCE,12.835,-0.026399,5.778172,0.015612,0.784799959,0.000219601,-0.000460757,3.077730,7,0.000156118,0.015611831,0.011151308,0.011151308,0.001039531,manual_A_near_upright
pendulum_real_ws,BALANCE,12.886,-0.025784,5.669887,0.015417,0.784799960,0.000208480,-0.000450020,3.023077,7,0.000154166,0.015416602,0.011011859,0.011011859,0.001029715,manual_A_near_upright
pendulum_real_ws,BALANCE,12.937,-0.025201,5.563726,0.015032,0.784799962,0.000199541,-0.000439834,2.969452,7,0.000150317,0.015031721,0.010736944,0.010736944,0.001016536,manual_A_near_upright
pendulum_real_ws,BALANCE,12.988,-0.024644,5.459654,0.014676,0.784799964,0.000190637,-0.000430115,2.916796,7,0.000146758,0.014675791,0.010482708,0.010482708,0.001004861,manual_A_near_upright
pendulum_real_ws,BALANCE,13.039,-0.024112,5.357625,0.014450,0.784799965,0.000181121,-0.000420837,2.865203,7,0.000144501,0.014450085,0.010321489,0.010321489,0.000996156,manual_A_near_upright
pendulum_real_ws,BALANCE,13.090,-0.023605,5.257599,0.014059,0.784799967,0.000174264,-0.000411978,2.814371,7,0.000140678,0.014067839,0.010048457,0.010048457,0.000984746,manual_A_near_upright
pendulum_real_ws,BALANCE,13.141,-0.023120,5.159532,0.013727,0.784799968,0.000166015,-0.000403524,2.764373,7,0.000137267,0.013726655,0.009804754,0.009804754,0.000973543,manual_A_near_upright
pendulum_real_ws,BALANCE,13.192,-0.022657,5.063385,0.013573,0.784799969,0.000158735,-0.000395438,2.715785,7,0.000135727,0.013572742,0.009694816,0.009694816,0.000963525,manual_A_near_upright
pendulum_real_ws,BALANCE,13.243,-0.022217,4.969126,0.013123,0.784799971,0.000151310,-0.000387757,2.667450,7,0.000131226,0.013122560,0.009373257,0.009373257,0.000955229,manual_A_near_upright
pendulum_real_ws,BALANCE,13.294,-0.021793,4.876710,0.012872,0.784799972,0.000144948,-0.000380357,2.620208,7,0.000128719,0.012871897,0.009194212,0.009194212,0.000945341,manual_A_near_upright
pendulum_real_ws,BALANCE,13.345,-0.021388,4.786095,0.012571,0.784799973,0.000139567,-0.000373293,2.573847,7,0.000125708,0.012570768,0.008979120,0.008979120,0.000934236,manual_A_near_upright
pendulum_real_ws,BALANCE,13.396,-0.020999,4.697244,0.012354,0.784799974,0.000133077,-0.000366506,2.528202,7,0.000123539,0.012353936,0.008824240,0.008824240,0.000926738,manual_A_near_upright
pendulum_real_ws,BALANCE,13.447,-0.020628,4.610120,0.012068,0.784799975,0.000127833,-0.000360020,2.483381,7,0.000120474,0.012047400,0.008605286,0.008605286,0.000914195,manual_A_near_upright
pendulum_real_ws,BALANCE,13.498,-0.020272,4.524688,0.011804,0.784799975,0.000122631,-0.000353819,2.439338,7,0.000118041,0.011804114,0.008431510,0.008431510,0.000908672,manual_A_near_upright
pendulum_real_ws,BALANCE,13.549,-0.019933,4.440910,0.011672,0.784799976,0.000115444,-0.000347892,2.396149,7,0.000116721,0.011672147,0.008337248,0.008337248,0.000905768,manual_A_near_upright
pendulum_real_ws,BALANCE,13.600,-0.019608,4.358761,0.011301,0.784799977,0.000111285,-0.000342229,2.353608,7,0.000113014,0.011301371,0.008072408,0.008072408,0.000896495,manual_A_near_upright
pendulum_real_ws,BALANCE,13.651,-0.019295,4.278205,0.011113,0.784799978,0.000107063,-0.000336761,2.312032,7,0.000111132,0.011113161,0.007937972,0.007937972,0.000888038,manual_A_near_upright
pendulum_real_ws,BALANCE,13.702,-0.018996,4.199208,0.010775,0.784799978,0.000103177,-0.000331543,2.270953,7,0.000107748,0.010774836,0.007696312,0.007696312,0.000879622,manual_A_near_upright
pendulum_real_ws,BALANCE,13.753,-0.018706,4.121733,0.010516,0.784799979,0.000099419,-0.000326488,2.230469,7,0.000105158,0.010515809,0.007511292,0.007511292,0.000871454,manual_A_near_upright
pendulum_real_ws,BALANCE,13.804,-0.018429,4.045745,0.010265,0.784799980,0.000095620,-0.000321644,2.190719,7,0.000102653,0.010265264,0.007332331,0.007332331,0.000864103,manual_A_near_upright
pendulum_real_ws,BALANCE,13.856,-0.018163,3.971215,0.010026,0.784799980,0.000091404,-0.000317012,2.151693,7,0.000100261,0.010026103,0.007161502,0.007161502,0.000858471,manual_A_near_upright
pendulum_real_ws,BALANCE,13.907,-0.017909,3.898116,0.009851,0.784799981,0.000086580,-0.000312568,2.113458,7,0.000099805,0.009980483,0.007128917,0.007128917,0.000855926,manual_A_near_upright
pendulum_real_ws,BALANCE,13.957,-0.017666,3.826425,0.009709,0.784799981,0.000083608,-0.000308330,2.076410,7,0.000097086,0.009708583,0.006934702,0.006934702,0.000847663,manual_A_near_upright
pendulum_real_ws,BALANCE,14.009,-0.017430,3.756116,0.009351,0.784799982,0.000081473,-0.000304205,2.039317,7,0.000093510,0.009350960,0.006679257,0.006679257,0.000838762,manual_A_near_upright
pendulum_real_ws,BALANCE,14.060,-0.017204,3.687153,0.009250,0.784799982,0.000077378,-0.000300274,2.003371,7,0.000092497,0.009249722,0.006606944,0.006606944,0.000835223,manual_A_near_upright
pendulum_real_ws,BALANCE,14.111,-0.016987,3.619516,0.009048,0.784799983,0.000074924,-0.000296481,1.968023,7,0.000090482,0.009048159,0.006462971,0.006462971,0.000828219,manual_A_near_upright
pendulum_real_ws,BALANCE,14.162,-0.016777,3.553175,0.008830,0.784799983,0.000072239,-0.000292808,1.933061,7,0.000088295,0.008829503,0.006306788,0.006306788,0.000822176,manual_A_near_upright
pendulum_real_ws,BALANCE,14.213,-0.016575,3.488100,0.008674,0.784799984,0.000068787,-0.000289295,1.898805,7,0.000086737,0.008673708,0.006195506,0.006195506,0.000818515,manual_A_near_upright
pendulum_real_ws,BALANCE,14.264,-0.016379,3.424265,0.008240,0.784799984,0.000069070,-0.000285860,1.864598,7,0.000082397,0.008239701,0.005885500,0.005885500,0.000806157,manual_A_near_upright
pendulum_real_ws,BALANCE,14.315,-0.016189,3.361628,0.008307,0.784799984,0.000063670,-0.000282556,1.831462,7,0.000083070,0.008306990,0.005933564,0.005933564,0.000807882,manual_A_near_upright
pendulum_real_ws,BALANCE,14.366,-0.016010,3.300179,0.008237,0.784799985,0.000060280,-0.000279425,1.799229,7,0.000082560,0.008256015,0.005897153,0.005897153,0.000804954,manual_A_near_upright
pendulum_real_ws,BALANCE,14.417,-0.015836,3.239906,0.007929,0.784799985,0.000059923,-0.000276397,1.767316,7,0.000079293,0.007929282,0.005663773,0.005663773,0.000795935,manual_A_near_upright
pendulum_real_ws,BALANCE,14.468,-0.015668,3.180779,0.007820,0.784799985,0.000057422,-0.000273466,1.736090,7,0.000077857,0.007785737,0.005561241,0.005561241,0.000791346,manual_A_near_upright
pendulum_real_ws,BALANCE,14.519,-0.015508,3.122780,0.007463,0.784799986,0.000057145,-0.000270665,1.705169,7,0.000074628,0.007462821,0.005330587,0.005330587,0.000787825,manual_A_near_upright
pendulum_real_ws,BALANCE,14.570,-0.015350,3.065875,0.007377,0.784799986,0.000054333,-0.000267905,1.674829,7,0.000073770,0.007377006,0.005269290,0.005269290,0.000780478,manual_A_near_upright
pendulum_real_ws,BALANCE,14.622,-0.015198,3.010043,0.007238,0.784799986,0.000052104,-0.000265254,1.645036,7,0.000072378,0.007237820,0.005169872,0.005169872,0.000776813,manual_A_near_upright
pendulum_real_ws,BALANCE,14.673,-0.015052,2.955262,0.007103,0.784799986,0.000050464,-0.000262702,1.615854,7,0.000071031,0.007103065,0.005073618,0.005073618,0.000772074,manual_A_near_upright
pendulum_real_ws,BALANCE,14.723,-0.014912,2.901516,0.006998,0.784799987,0.000047952,-0.000260269,1.587345,7,0.000069983,0.006998285,0.004998775,0.004998775,0.000769828,manual_A_near_upright
pendulum_real_ws,BALANCE,14.775,-0.014777,2.848790,0.006747,0.784799987,0.000045970,-0.000257915,1.559017,7,0.000067471,0.006747112,0.004819366,0.004819366,0.000766583,manual_A_near_upright
pendulum_real_ws,BALANCE,14.826,-0.014645,2.797060,0.006608,0.784799987,0.000046131,-0.000255597,1.531507,7,0.000066076,0.006607632,0.004719737,0.004719737,0.000758315,manual_A_near_upright
pendulum_real_ws,BALANCE,14.877,-0.014518,2.746303,0.006498,0.784799987,0.000043892,-0.000253378,1.504390,7,0.000064981,0.006498149,0.004641535,0.004641535,0.000756145,manual_A_near_upright
pendulum_real_ws,BALANCE,14.928,-0.014395,2.696504,0.006186,0.784799988,0.000044290,-0.000251242,1.477542,7,0.000061865,0.006186478,0.004418913,0.004418913,0.000747927,manual_A_near_upright
pendulum_real_ws,BALANCE,14.979,-0.014274,2.647637,0.006191,0.784799988,0.000041663,-0.000249135,1.451429,7,0.000061913,0.006191304,0.004422360,0.004422360,0.000747069,manual_A_near_upright
pendulum_real_ws,BALANCE,15.030,-0.014160,2.599687,0.006080,0.784799988,0.000039659,-0.000247139,1.425786,7,0.000060796,0.006079559,0.004342542,0.004342542,0.000745091,manual_A_near_upright
pendulum_real_ws,BALANCE,15.081,-0.014048,2.552639,0.005901,0.784799988,0.000038931,-0.000245177,1.400404,7,0.000059007,0.005900743,0.004214816,0.004214816,0.000740730,manual_A_near_upright
pendulum_real_ws,BALANCE,15.131,-0.013940,2.506472,0.005828,0.784799988,0.000037243,-0.000243308,1.375770,7,0.000058284,0.005828366,0.004163118,0.004163118,0.000740512,manual_A_near_upright
pendulum_real_ws,BALANCE,15.182,-0.013836,2.461174,0.005679,0.784799989,0.000036178,-0.000241476,1.351386,7,0.000057174,0.005717364,0.004083832,0.004083832,0.000735297,manual_A_near_upright
pendulum_real_ws,BALANCE,15.234,-0.013734,2.416723,0.005564,0.784799989,0.000034372,-0.000239702,1.327377,7,0.000055641,0.005564105,0.003974361,0.003974361,0.000732494,manual_A_near_upright
pendulum_real_ws,BALANCE,15.285,-0.013634,2.373102,0.005385,0.784799989,0.000034574,-0.000237957,1.303717,7,0.000053846,0.005384574,0.003846124,0.003846124,0.000726075,manual_A_near_upright
pendulum_real_ws,BALANCE,15.337,-0.013536,2.330286,0.005242,0.784799989,0.000033710,-0.000236252,1.280336,7,0.000052421,0.005242142,0.003744387,0.003744387,0.000722352,manual_A_near_upright
pendulum_real_ws,BALANCE,15.388,-0.013442,2.288260,0.005086,0.784799989,0.000032670,-0.000234603,1.257292,7,0.000050859,0.005085863,0.003632760,0.003632760,0.000719244,manual_A_near_upright
pendulum_real_ws,BALANCE,15.439,-0.013351,2.247006,0.005093,0.784799989,0.000030548,-0.000233012,1.234978,7,0.000050945,0.005094505,0.003638932,0.003638932,0.000718137,manual_A_near_upright
pendulum_real_ws,BALANCE,15.491,-0.013262,2.206515,0.004884,0.784799989,0.000030597,-0.000231465,1.212741,7,0.000049029,0.004902931,0.003502094,0.003502094,0.000713938,manual_A_near_upright
pendulum_real_ws,BALANCE,15.543,-0.013176,2.166768,0.004767,0.784799990,0.000029685,-0.000229960,1.190965,7,0.000047666,0.004766555,0.003404682,0.003404682,0.000710621,manual_A_near_upright
pendulum_real_ws,BALANCE,15.594,-0.013092,2.127751,0.004677,0.784799990,0.000028994,-0.000228501,1.169661,7,0.000046768,0.004676835,0.003340596,0.003340596,0.000707318,manual_A_near_upright
pendulum_real_ws,BALANCE,15.646,-0.013012,2.089450,0.004643,0.784799990,0.000026655,-0.000227101,1.148756,7,0.000046428,0.004642754,0.003316253,0.003316253,0.000708171,manual_A_near_upright
pendulum_real_ws,BALANCE,15.697,-0.012934,2.051857,0.004531,0.784799990,0.000026520,-0.000225744,1.128317,7,0.000045661,0.004566071,0.003261479,0.003261479,0.000704891,manual_A_near_upright
pendulum_real_ws,BALANCE,15.748,-0.012858,2.014959,0.004368,0.784799990,0.000026978,-0.000224420,1.108177,7,0.000044115,0.004411489,0.003151063,0.003151063,0.000700925,manual_A_near_upright
pendulum_real_ws,BALANCE,15.800,-0.012784,1.978739,0.004295,0.784799990,0.000025659,-0.000223128,1.088337,7,0.000042954,0.004295388,0.003068134,0.003068134,0.000697054,manual_A_near_upright
pendulum_real_ws,BALANCE,15.851,-0.012713,1.943185,0.004243,0.784799990,0.000024815,-0.000221885,1.069019,7,0.000042431,0.004243128,0.003030806,0.003030806,0.000694851,manual_A_near_upright
pendulum_real_ws,BALANCE,15.902,-0.012645,1.908290,0.004154,0.784799990,0.000023994,-0.000220695,1.050090,7,0.000041537,0.004153744,0.002966960,0.002966960,0.000692776,manual_A_near_upright
pendulum_real_ws,BALANCE,15.954,-0.012576,1.874040,0.003961,0.784799991,0.000024090,-0.000219497,1.031112,7,0.000039611,0.003961106,0.002829361,0.002829361,0.000688474,manual_A_near_upright
pendulum_real_ws,BALANCE,16.005,-0.012509,1.840413,0.003943,0.784799991,0.000022743,-0.000218326,1.012645,7,0.000039429,0.003942895,0.002816354,0.002816354,0.000687726,manual_A_near_upright
pendulum_real_ws,BALANCE,16.056,-0.012446,1.807402,0.003918,0.784799991,0.000021271,-0.000217226,0.994679,7,0.000039185,0.003918507,0.002798934,0.002798934,0.000686861,manual_A_near_upright
pendulum_real_ws,BALANCE,16.109,-0.012384,1.774999,0.003736,0.784799991,0.000021368,-0.000216142,0.976773,7,0.000037357,0.003735706,0.002668362,0.002668362,0.000683600,manual_A_near_upright
pendulum_real_ws,BALANCE,16.159,-0.012323,1.743191,0.003728,0.784799991,0.000020824,-0.000215080,0.959516,7,0.000037280,0.003728005,0.002662861,0.002662861,0.000681294,manual_A_near_upright
pendulum_real_ws,BALANCE,16.210,-0.012265,1.711968,0.003591,0.784799991,0.000020598,-0.000214058,0.942356,7,0.000036116,0.003611602,0.002579716,0.002579716,0.000678729,manual_A_near_upright
pendulum_real_ws,BALANCE,16.262,-0.012207,1.681319,0.003534,0.784799991,0.000019453,-0.000213059,0.925524,7,0.000035341,0.003534116,0.002524368,0.002524368,0.000678004,manual_A_near_upright
pendulum_real_ws,BALANCE,16.313,-0.012152,1.651232,0.003472,0.784799991,0.000019554,-0.000212086,0.909167,7,0.000034718,0.003471849,0.002479892,0.002479892,0.000674163,manual_A_near_upright
pendulum_real_ws,BALANCE,16.364,-0.012098,1.621701,0.003338,0.784799991,0.000019191,-0.000211151,0.892944,7,0.000033377,0.003337722,0.002384087,0.002384087,0.000671855,manual_A_near_upright
pendulum_real_ws,BALANCE,16.416,-0.012044,1.592712,0.003277,0.784799991,0.000018435,-0.000210214,0.876972,7,0.000032775,0.003277486,0.002341061,0.002341061,0.000670482,manual_A_near_upright
pendulum_real_ws,BALANCE,16.467,-0.011993,1.564253,0.003220,0.784799991,0.000017540,-0.000209317,0.861336,7,0.000032780,0.003277974,0.002341410,0.002341410,0.000671183,manual_A_near_upright
pendulum_real_ws,BALANCE,16.527,-0.011934,1.530793,0.003173,0.784799991,0.000016989,-0.000208288,0.843261,7,0.000032249,0.003224871,0.002303479,0.002303479,0.000668419,manual_A_near_upright
pendulum_real_ws,BALANCE,16.579,-0.011884,1.503477,0.003059,0.784799992,0.000016856,-0.000207423,0.828149,7,0.000030497,0.003049686,0.002178347,0.002178347,0.000664231,manual_A_near_upright
pendulum_real_ws,BALANCE,16.630,-0.011837,1.476660,0.003019,0.784799992,0.000016315,-0.000206590,0.813473,7,0.000030191,0.003019061,0.002156472,0.002156472,0.000663251,manual_A_near_upright
pendulum_real_ws,BALANCE,16.681,-0.011790,1.450335,0.002943,0.784799992,0.000016371,-0.000205779,0.799064,7,0.000029430,0.002943022,0.002102158,0.002102158,0.000660357,manual_A_near_upright
pendulum_real_ws,BALANCE,16.732,-0.011744,1.423982,0.002955,0.784799992,0.000015870,-0.000204978,0.784864,7,0.000029551,0.002955079,0.002110771,0.002110771,0.000658838,manual_A_near_upright
pendulum_real_ws,BALANCE,16.783,-0.011701,1.399131,0.002812,0.784799992,0.000015237,-0.000204227,0.771041,7,0.000027623,0.002762250,0.001973036,0.001973036,0.000655319,manual_A_near_upright
pendulum_real_ws,BALANCE,16.834,-0.011660,1.374235,0.002772,0.784799992,0.000013683,-0.000203499,0.757413,7,0.000027716,0.002771564,0.001979689,0.001979689,0.000659057,manual_A_near_upright
pendulum_real_ws,BALANCE,16.884,-0.011617,1.349798,0.002718,0.784799992,0.000013842,-0.000202755,0.744039,7,0.000027178,0.002717787,0.001941277,0.001941277,0.000656146,manual_A_near_upright
pendulum_real_ws,BALANCE,16.935,-0.011576,1.325809,0.002658,0.784799992,0.000013774,-0.000202045,0.730952,7,0.000026585,0.002658488,0.001898920,0.001898920,0.000653895,manual_A_near_upright
pendulum_real_ws,BALANCE,16.986,-0.011536,1.302262,0.002534,0.784799992,0.000014167,-0.000201346,0.717991,7,0.000025343,0.002534308,0.001810220,0.001810220,0.000650576,manual_A_near_upright
pendulum_real_ws,BALANCE,17.037,-0.011497,1.279148,0.002468,0.784799992,0.000013754,-0.000200652,0.705226,7,0.000024677,0.002467670,0.001762621,0.001762621,0.000649208,manual_A_near_upright
pendulum_real_ws,BALANCE,17.088,-0.011458,1.256455,0.002401,0.784799992,0.000013487,-0.000199981,0.692725,7,0.000024015,0.002401500,0.001715357,0.001715357,0.000647566,manual_A_near_upright
pendulum_real_ws,BALANCE,17.139,-0.011420,1.234177,0.002365,0.784799992,0.000012904,-0.000199317,0.680449,7,0.000023690,0.002369047,0.001692176,0.001692176,0.000646233,manual_A_near_upright
pendulum_real_ws,BALANCE,17.191,-0.011382,1.211872,0.002330,0.784799992,0.000013145,-0.000198657,0.668260,7,0.000023298,0.002329829,0.001664164,0.001664164,0.000643884,manual_A_near_upright
pendulum_real_ws,BALANCE,17.241,-0.011347,1.190832,0.002256,0.784799992,0.000012120,-0.000198039,0.656507,7,0.000022637,0.002263685,0.001616918,0.001616918,0.000642992,manual_A_near_upright
pendulum_real_ws,BALANCE,17.292,-0.011312,1.169751,0.002199,0.784799992,0.000012249,-0.000197432,0.644962,7,0.000021990,0.002198980,0.001570700,0.001570700,0.000641872,manual_A_near_upright
pendulum_real_ws,BALANCE,17.343,-0.011278,1.149056,0.002135,0.784799992,0.000012045,-0.000196833,0.633550,7,0.000021347,0.002134695,0.001524782,0.001524782,0.000640325,manual_A_near_upright
pendulum_real_ws,BALANCE,17.394,-0.011244,1.128740,0.002079,0.784799992,0.000011649,-0.000196248,0.622336,7,0.000020987,0.002098665,0.001499047,0.001499047,0.000639445,manual_A_near_upright
pendulum_real_ws,BALANCE,17.445,-0.011211,1.108793,0.002027,0.784799992,0.000011313,-0.000195666,0.611260,7,0.000020269,0.002026861,0.001447758,0.001447758,0.000638111,manual_A_near_upright
pendulum_real_ws,BALANCE,17.496,-0.011178,1.089207,0.002011,0.784799993,0.000010974,-0.000195099,0.600490,7,0.000020115,0.002011478,0.001436770,0.001436770,0.000636999,manual_A_near_upright
pendulum_real_ws,BALANCE,17.547,-0.011147,1.069980,0.001929,0.784799993,0.000011058,-0.000194557,0.589879,7,0.000019289,0.001928925,0.001377804,0.001377804,0.000634953,manual_A_near_upright
pendulum_real_ws,BALANCE,17.597,-0.011117,1.051104,0.001893,0.784799993,0.000010633,-0.000194025,0.579485,7,0.000018933,0.001893271,0.001352336,0.001352336,0.000634167,manual_A_near_upright
pendulum_real_ws,BALANCE,17.648,-0.011086,1.032573,0.001793,0.784799993,0.000011113,-0.000193493,0.569192,7,0.000018081,0.001808072,0.001291480,0.001291480,0.000631484,manual_A_near_upright
pendulum_real_ws,BALANCE,17.699,-0.011057,1.014378,0.001787,0.784799993,0.000009987,-0.000192978,0.559099,7,0.000017871,0.001787068,0.001276477,0.001276477,0.000632158,manual_A_near_upright
pendulum_real_ws,BALANCE,17.751,-0.011027,0.996511,0.001747,0.784799993,0.000009635,-0.000192465,0.549135,7,0.000017466,0.001746610,0.001247579,0.001247579,0.000631255,manual_A_near_upright
pendulum_real_ws,BALANCE,17.811,-0.010994,0.975499,0.001705,0.784799993,0.000009447,-0.000191882,0.537604,7,0.000017054,0.001705418,0.001218156,0.001218156,0.000629726,manual_A_near_upright
pendulum_real_ws,BALANCE,17.863,-0.010966,0.958339,0.001612,0.784799993,0.000009606,-0.000191390,0.527952,7,0.000016138,0.001613839,0.001152742,0.001152742,0.000627070,manual_A_near_upright
pendulum_real_ws,BALANCE,17.914,-0.010939,0.941488,0.001600,0.784799993,0.000009227,-0.000190923,0.518665,7,0.000016004,0.001600366,0.001143119,0.001143119,0.000626994,manual_A_near_upright
pendulum_real_ws,BALANCE,17.964,-0.010913,0.924944,0.001548,0.784799993,0.000009250,-0.000190460,0.509484,7,0.000015483,0.001548273,0.001105909,0.001105909,0.000625364,manual_A_near_upright
pendulum_real_ws,BALANCE,18.016,-0.010887,0.908698,0.001475,0.784799993,0.000009491,-0.000190009,0.500423,7,0.000014754,0.001475351,0.001053822,0.001053822,0.000623251,manual_A_near_upright
pendulum_real_ws,BALANCE,18.066,-0.010862,0.892746,0.001482,0.784799993,0.000008413,-0.000189575,0.491621,7,0.000014821,0.001482059,0.001058614,0.001058614,0.000625840,manual_A_near_upright
pendulum_real_ws,BALANCE,18.117,-0.010837,0.877085,0.001442,0.784799993,0.000008447,-0.000189137,0.482943,7,0.000014422,0.001442209,0.001030149,0.001030149,0.000622793,manual_A_near_upright
pendulum_real_ws,BALANCE,18.168,-0.010812,0.861707,0.001404,0.784799993,0.000008404,-0.000188712,0.474416,7,0.000014044,0.001404408,0.001003149,0.001003149,0.000621450,manual_A_near_upright
pendulum_real_ws,BALANCE,18.219,-0.010789,0.846607,0.001347,0.784799993,0.000008358,-0.000188300,0.466012,7,0.000013472,0.001347217,0.000962298,0.000962298,0.000620159,manual_A_near_upright
pendulum_real_ws,BALANCE,18.270,-0.010765,0.831781,0.001308,0.784799993,0.000008408,-0.000187889,0.457777,7,0.000013075,0.001307520,0.000933943,0.000933943,0.000618644,manual_A_near_upright
pendulum_real_ws,BALANCE,18.321,-0.010743,0.817223,0.001272,0.784799993,0.000007898,-0.000187495,0.449657,7,0.000012718,0.001271777,0.000908412,0.000908412,0.000618527,manual_A_near_upright
pendulum_real_ws,BALANCE,18.371,-0.010721,0.802928,0.001253,0.784799993,0.000007317,-0.000187111,0.441734,7,0.000012911,0.001291142,0.000922245,0.000922245,0.000617995,manual_A_near_upright
pendulum_real_ws,BALANCE,18.422,-0.010699,0.788893,0.001194,0.784799993,0.000007727,-0.000186731,0.433944,7,0.000011942,0.001194196,0.000852997,0.000852997,0.000616338,manual_A_near_upright
pendulum_real_ws,BALANCE,18.473,-0.010677,0.775111,0.001189,0.784799993,0.000007372,-0.000186352,0.426312,7,0.000011888,0.001188817,0.000849155,0.000849155,0.000615903,manual_A_near_upright
pendulum_real_ws,BALANCE,18.524,-0.010656,0.761579,0.001126,0.784799993,0.000007253,-0.000185989,0.418731,7,0.000011263,0.001126324,0.000804517,0.000804517,0.000614956,manual_A_near_upright
pendulum_real_ws,BALANCE,18.575,-0.010636,0.748290,0.001096,0.784799993,0.000007136,-0.000185625,0.411305,7,0.000010956,0.001095554,0.000782539,0.000782539,0.000613999,manual_A_near_upright
pendulum_real_ws,BALANCE,18.626,-0.010615,0.735240,0.001055,0.784799993,0.000007004,-0.000185274,0.404016,7,0.000010765,0.001076495,0.000768925,0.000768925,0.000613456,manual_A_near_upright
pendulum_real_ws,BALANCE,18.677,-0.010596,0.722425,0.001034,0.784799993,0.000006882,-0.000184932,0.396919,7,0.000010338,0.001033773,0.000738409,0.000738409,0.000612253,manual_A_near_upright
pendulum_real_ws,BALANCE,18.728,-0.010576,0.709593,0.001022,0.784799993,0.000006820,-0.000184583,0.389814,7,0.000010216,0.001021626,0.000729733,0.000729733,0.000611214,manual_A_near_upright
pendulum_real_ws,BALANCE,18.779,-0.010557,0.697485,0.000953,0.784799993,0.000006613,-0.000184254,0.382918,7,0.000009525,0.000952514,0.000680367,0.000680367,0.000610593,manual_A_near_upright
pendulum_real_ws,BALANCE,18.830,-0.010538,0.685347,0.000942,0.784799993,0.000006476,-0.000183921,0.376124,7,0.000009419,0.000941927,0.000672805,0.000672805,0.000609788,manual_A_near_upright
pendulum_real_ws,BALANCE,18.881,-0.010520,0.673427,0.000885,0.784799993,0.000006584,-0.000183603,0.369414,7,0.000008929,0.000892927,0.000637805,0.000637805,0.000608862,manual_A_near_upright
pendulum_real_ws,BALANCE,18.932,-0.010502,0.661719,0.000886,0.784799993,0.000006062,-0.000183290,0.362875,7,0.000008860,0.000886049,0.000632892,0.000632892,0.000608635,manual_A_near_upright
pendulum_real_ws,BALANCE,18.983,-0.010484,0.650221,0.000859,0.784799993,0.000005832,-0.000182985,0.356437,7,0.000008590,0.000858977,0.000613555,0.000613555,0.000608153,manual_A_near_upright
pendulum_real_ws,BALANCE,19.034,-0.010467,0.638930,0.000822,0.784799993,0.000005920,-0.000182686,0.350119,7,0.000008272,0.000827187,0.000590848,0.000590848,0.000607140,manual_A_near_upright
pendulum_real_ws,BALANCE,19.085,-0.010450,0.627840,0.000802,0.784799993,0.000005622,-0.000182393,0.343913,7,0.000008020,0.000801995,0.000572853,0.000572853,0.000606643,manual_A_near_upright
pendulum_real_ws,BALANCE,19.137,-0.010434,0.616950,0.000770,0.784799993,0.000005725,-0.000182105,0.337823,7,0.000007695,0.000769502,0.000549644,0.000549644,0.000605420,manual_A_near_upright
pendulum_real_ws,BALANCE,19.187,-0.010418,0.606255,0.000734,0.784799994,0.000005626,-0.000181823,0.331808,7,0.000007393,0.000739298,0.000528070,0.000528070,0.000604769,manual_A_near_upright
pendulum_real_ws,BALANCE,19.238,-0.010402,0.595751,0.000726,0.784799994,0.000005351,-0.000181547,0.325947,7,0.000007219,0.000721853,0.000515609,0.000515609,0.000604297,manual_A_near_upright
pendulum_real_ws,BALANCE,19.289,-0.010387,0.585435,0.000704,0.784799994,0.000004983,-0.000181282,0.320171,7,0.000007122,0.000712158,0.000508685,0.000508685,0.000603931,manual_A_near_upright
pendulum_real_ws,BALANCE,19.340,-0.010372,0.575306,0.000672,0.784799994,0.000005152,-0.000181020,0.314533,7,0.000006774,0.000677432,0.000483880,0.000483880,0.000603304,manual_A_near_upright
pendulum_real_ws,BALANCE,19.391,-0.010357,0.565359,0.000646,0.784799994,0.000005143,-0.000180761,0.308981,7,0.000006461,0.000646123,0.000461516,0.000461516,0.000602244,manual_A_near_upright
pendulum_real_ws,BALANCE,19.442,-0.010342,0.555590,0.000615,0.784799994,0.000005016,-0.000180510,0.303511,7,0.000006153,0.000615331,0.000439522,0.000439522,0.000601696,manual_A_near_upright
pendulum_real_ws,BALANCE,19.492,-0.010328,0.545998,0.000592,0.784799994,0.000004927,-0.000180265,0.298165,7,0.000006101,0.000610127,0.000435805,0.000435805,0.000601635,manual_A_near_upright
pendulum_real_ws,BALANCE,19.543,-0.010314,0.536578,0.000570,0.784799994,0.000004836,-0.000180020,0.292898,7,0.000005737,0.000573736,0.000409812,0.000409812,0.000600579,manual_A_near_upright
pendulum_real_ws,BALANCE,19.595,-0.010301,0.527327,0.000531,0.784799994,0.000004812,-0.000179778,0.287670,7,0.000005309,0.000530914,0.000379224,0.000379224,0.000599697,manual_A_near_upright
pendulum_real_ws,BALANCE,19.646,-0.010287,0.518240,0.000510,0.784799994,0.000004730,-0.000179538,0.282545,7,0.000005104,0.000510386,0.000364562,0.000364562,0.000599078,manual_A_near_upright
pendulum_real_ws,BALANCE,19.698,-0.010273,0.509315,0.000483,0.784799994,0.000004760,-0.000179302,0.277502,7,0.000004830,0.000483009,0.000345006,0.000345006,0.000598203,manual_A_near_upright
pendulum_real_ws,BALANCE,19.750,-0.010259,0.500546,0.000450,0.784799994,0.000004781,-0.000179054,0.272435,7,0.000004497,0.000449728,0.000321234,0.000321234,0.000597309,manual_A_near_upright
pendulum_real_ws,BALANCE,19.801,-0.010247,0.491929,0.000456,0.784799994,0.000004360,-0.000178837,0.267609,7,0.000004555,0.000455532,0.000325380,0.000325380,0.000597580,manual_A_near_upright
pendulum_real_ws,BALANCE,19.852,-0.010234,0.483466,0.000440,0.784799994,0.000004309,-0.000178620,0.262867,7,0.000004396,0.000439560,0.000313972,0.000313972,0.000597090,manual_A_near_upright
pendulum_real_ws,BALANCE,19.903,-0.010222,0.475155,0.000413,0.784799994,0.000004283,-0.000178407,0.258184,7,0.000004129,0.000412864,0.000294903,0.000294903,0.000596306,manual_A_near_upright
pendulum_real_ws,BALANCE,19.954,-0.010210,0.466991,0.000414,0.784799994,0.000003908,-0.000178201,0.253620,7,0.000004063,0.000406350,0.000290250,0.000290250,0.000596046,manual_A_near_upright
pendulum_real_ws,BALANCE,20.005,-0.010199,0.458975,0.000377,0.784799994,0.000004020,-0.000178003,0.249135,7,0.000003768,0.000376786,0.000269133,0.000269133,0.000595565,manual_A_near_upright
pendulum_real_ws,BALANCE,20.056,-0.010187,0.451102,0.000361,0.784799994,0.000003948,-0.000177803,0.244726,7,0.000003612,0.000361207,0.000258005,0.000258005,0.000595056,manual_A_near_upright
pendulum_real_ws,BALANCE,20.107,-0.010176,0.443370,0.000331,0.784799994,0.000003910,-0.000177609,0.240366,7,0.000003310,0.000330961,0.000236401,0.000236401,0.000594595,manual_A_near_upright
pendulum_real_ws,BALANCE,20.158,-0.010165,0.435776,0.000318,0.784799994,0.000003871,-0.000177412,0.236093,7,0.000003177,0.000317669,0.000226906,0.000226906,0.000593911,manual_A_near_upright
pendulum_real_ws,BALANCE,20.209,-0.010154,0.428317,0.000300,0.784799994,0.000003775,-0.000177226,0.231911,7,0.000003004,0.000300431,0.000214593,0.000214593,0.000593506,manual_A_near_upright
pendulum_real_ws,BALANCE,20.260,-0.010144,0.420992,0.000285,0.784799994,0.000003626,-0.000177042,0.227799,7,0.000002854,0.000285416,0.000203869,0.000203869,0.000593239,manual_A_near_upright
pendulum_real_ws,BALANCE,20.311,-0.010133,0.413797,0.000269,0.784799994,0.000003555,-0.000176861,0.223764,7,0.000002692,0.000269186,0.000192276,0.000192276,0.000592796,manual_A_near_upright
pendulum_real_ws,BALANCE,20.362,-0.010123,0.406731,0.000251,0.784799994,0.000003597,-0.000176683,0.219810,7,0.000002508,0.000250833,0.000179167,0.000179167,0.000592089,manual_A_near_upright
pendulum_real_ws,BALANCE,20.414,-0.010113,0.399791,0.000234,0.784799994,0.000003367,-0.000176507,0.215881,7,0.000002342,0.000234166,0.000167261,0.000167261,0.000592045,manual_A_near_upright
pendulum_real_ws,BALANCE,20.464,-0.010103,0.392975,0.000216,0.784799994,0.000003381,-0.000176338,0.212059,7,0.000002169,0.000216944,0.000154960,0.000154960,0.000591605,manual_A_near_upright
pendulum_real_ws,BALANCE,20.516,-0.010094,0.386280,0.000200,0.784799994,0.000003282,-0.000176169,0.208287,7,0.000001999,0.000199898,0.000142785,0.000142785,0.000591279,manual_A_near_upright
pendulum_real_ws,BALANCE,20.567,-0.010084,0.379705,0.000183,0.784799994,0.000003239,-0.000176006,0.204601,7,0.000001826,0.000182647,0.000130462,0.000130462,0.000590648,manual_A_near_upright
pendulum_real_ws,BALANCE,20.617,-0.010075,0.373248,0.000163,0.784799994,0.000003237,-0.000175844,0.200969,7,0.000001694,0.000169399,0.000120999,0.000120999,0.000590462,manual_A_near_upright
pendulum_real_ws,BALANCE,20.669,-0.010066,0.366905,0.000147,0.784799994,0.000003214,-0.000175684,0.197397,7,0.000001469,0.000146865,0.000104903,0.000104903,0.000589612,manual_A_near_upright
pendulum_real_ws,BALANCE,20.721,-0.010057,0.360676,0.000088,0.784799994,0.000003109,-0.000175531,0.193775,7,0.000000878,0.000087842,0.000062744,0.000062744,0.000589342,manual_A_near_upright
pendulum_real_ws,BALANCE,20.773,-0.010047,0.354555,0.000132,0.784799994,0.000002758,-0.000175361,0.190340,7,0.000001324,0.000132351,0.000094537,0.000094537,0.000589608,manual_A_near_upright
pendulum_real_ws,BALANCE,20.823,-0.010039,0.348541,0.000128,0.784799994,0.000002747,-0.000175216,0.187014,7,0.000001278,0.000127785,0.000091275,0.000091275,0.000589140,manual_A_near_upright
pendulum_real_ws,BALANCE,20.874,-0.010031,0.342636,0.000099,0.784799994,0.000002824,-0.000175075,0.183713,7,0.000000994,0.000099381,0.000070987,0.000070987,0.000588475,manual_A_near_upright
pendulum_real_ws,BALANCE,20.925,-0.010023,0.336837,0.000068,0.784799994,0.000002944,-0.000174930,0.180429,7,0.000000681,0.000068102,0.000048644,0.000048644,0.000587697,manual_A_near_upright
pendulum_real_ws,BALANCE,20.976,-0.010015,0.331142,0.000055,0.784799994,0.000002836,-0.000174788,0.177215,7,0.000000554,0.000055430,0.000039593,0.000039593,0.000587472,manual_A_near_upright
pendulum_real_ws,BALANCE,21.027,-0.010007,0.325547,0.000050,0.784799994,0.000002765,-0.000174648,0.174078,7,0.000000495,0.000049545,0.000035389,0.000035389,0.000587167,manual_A_near_upright
pendulum_real_ws,BALANCE,21.078,-0.009999,0.320053,0.000047,0.784799994,0.000002553,-0.000174514,0.171003,7,0.000000467,0.000046660,0.000033328,0.000033328,0.000587220,manual_A_near_upright
pendulum_real_ws,BALANCE,21.129,-0.009991,0.314656,0.000021,0.784799994,0.000002657,-0.000174380,0.167957,7,0.000000211,0.000021083,0.000015060,0.000015060,0.000586515,manual_A_near_upright
pendulum_real_ws,BALANCE,21.181,-0.009984,0.309356,0.000002,0.784799994,0.000002716,-0.000174248,0.164961,7,0.000000023,0.000002314,0.000001653,0.000001653,0.000585923,manual_A_near_upright
pendulum_real_ws,BALANCE,21.232,-0.009976,0.304150,-0.000011,0.784799994,0.000002630,-0.000174118,0.162013,7,-0.000000111,-0.000011120,-0.000007943,-0.000007943,0.000585689,manual_A_near_upright
pendulum_real_ws,BALANCE,21.284,-0.009969,0.299036,-0.000016,0.784799994,0.000002475,-0.000173989,0.159129,7,-0.000000157,-0.000015677,-0.000011198,-0.000011198,0.000585625,manual_A_near_upright
pendulum_real_ws,BALANCE,21.334,-0.009962,0.294012,-0.000027,0.784799994,0.000002448,-0.000173866,0.156307,7,-0.000000267,-0.000026718,-0.000019084,-0.000019084,0.000585270,manual_A_near_upright
pendulum_real_ws,BALANCE,21.385,-0.009955,0.289078,-0.000039,0.784799994,0.000002470,-0.000173745,0.153539,7,-0.000000392,-0.000039213,-0.000028009,-0.000028009,0.000584803,manual_A_near_upright
pendulum_real_ws,BALANCE,21.437,-0.009948,0.284233,-0.000057,0.784799994,0.000002385,-0.000173626,0.150790,7,-0.000000571,-0.000057144,-0.000040817,-0.000040817,0.000584602,manual_A_near_upright
pendulum_real_ws,BALANCE,21.488,-0.009941,0.279473,-0.000063,0.784799994,0.000002342,-0.000173507,0.148118,7,-0.000000630,-0.000062972,-0.000044980,-0.000044980,0.000584305,manual_A_near_upright
pendulum_real_ws,BALANCE,21.539,-0.009935,0.274798,-0.000065,0.784799994,0.000002175,-0.000173393,0.145500,7,-0.000000654,-0.000065415,-0.000046725,-0.000046725,0.000584076,manual_A_near_upright
pendulum_real_ws,BALANCE,21.590,-0.009928,0.270206,-0.000080,0.784799994,0.000002164,-0.000173282,0.142923,7,-0.000000798,-0.000079765,-0.000056975,-0.000056975,0.000583968,manual_A_near_upright
pendulum_real_ws,BALANCE,21.641,-0.009922,0.265697,-0.000100,0.784799994,0.000002180,-0.000173171,0.140365,7,-0.000000945,-0.000094505,-0.000067504,-0.000067504,0.000583418,manual_A_near_upright
pendulum_real_ws,BALANCE,21.692,-0.009916,0.261268,-0.000107,0.784799994,0.000002116,-0.000173062,0.137873,7,-0.000001074,-0.000107361,-0.000076686,-0.000076686,0.000583333,manual_A_near_upright
pendulum_real_ws,BALANCE,21.743,-0.009910,0.256917,-0.000104,0.784799994,0.000001955,-0.000172955,0.135447,7,-0.000001039,-0.000103898,-0.000074213,-0.000074213,0.000583356,manual_A_near_upright
pendulum_real_ws,BALANCE,21.794,-0.009904,0.252645,-0.000124,0.784799994,0.000002044,-0.000172852,0.133046,7,-0.000001236,-0.000123591,-0.000088279,-0.000088279,0.000582790,manual_A_near_upright
pendulum_real_ws,BALANCE,21.845,-0.009898,0.248449,-0.000134,0.784799994,0.000002003,-0.000172749,0.130687,7,-0.000001340,-0.000133968,-0.000095691,-0.000095691,0.000582541,manual_A_near_upright
pendulum_real_ws,BALANCE,21.895,-0.009892,0.244328,-0.000146,0.784799994,0.000002026,-0.000172650,0.128377,7,-0.000001465,-0.000146486,-0.000104633,-0.000104633,0.000582243,manual_A_near_upright
pendulum_real_ws,BALANCE,21.946,-0.009887,0.240281,-0.000153,0.784799994,0.000001899,-0.000172554,0.126121,7,-0.000001530,-0.000152956,-0.000109254,-0.000109254,0.000582127,manual_A_near_upright
pendulum_real_ws,BALANCE,21.997,-0.009881,0.236306,-0.000168,0.784799994,0.000001920,-0.000172456,0.123878,7,-0.000001683,-0.000168297,-0.000120212,-0.000120212,0.000581745,manual_A_near_upright
pendulum_real_ws,BALANCE,22.049,-0.009875,0.232402,-0.000182,0.784799994,0.000001912,-0.000172358,0.121654,7,-0.000001825,-0.000182453,-0.000130323,-0.000130323,0.000581427,manual_A_near_upright
pendulum_real_ws,BALANCE,22.101,-0.009870,0.228567,-0.000194,0.784799994,0.000001887,-0.000172260,0.119467,7,-0.000001935,-0.000193502,-0.000138216,-0.000138216,0.000581157,manual_A_near_upright
pendulum_real_ws,BALANCE,22.152,-0.009864,0.224799,-0.000199,0.784799994,0.000001874,-0.000172166,0.117343,7,-0.000001958,-0.000195781,-0.000139843,-0.000139843,0.000581018,manual_A_near_upright
pendulum_real_ws,BALANCE,22.203,-0.009859,0.221098,-0.000200,0.784799994,0.000001781,-0.000172075,0.115272,7,-0.000002022,-0.000202184,-0.000144417,-0.000144417,0.000580715,manual_A_near_upright
pendulum_real_ws,BALANCE,22.255,-0.009854,0.217463,-0.000226,0.784799994,0.000001907,-0.000171985,0.113190,7,-0.000002290,-0.000228968,-0.000163549,-0.000163549,0.000580271,manual_A_near_upright
pendulum_real_ws,BALANCE,22.306,-0.009849,0.213892,-0.000220,0.784799994,0.000001713,-0.000171899,0.111196,7,-0.000002204,-0.000220383,-0.000157416,-0.000157416,0.000580344,manual_A_near_upright
pendulum_real_ws,BALANCE,22.357,-0.009844,0.210385,-0.000233,0.784799994,0.000001696,-0.000171814,0.109218,7,-0.000002334,-0.000233371,-0.000166694,-0.000166694,0.000580099,manual_A_near_upright
pendulum_real_ws,BALANCE,22.409,-0.009839,0.206940,-0.000251,0.784799994,0.000001719,-0.000171728,0.107246,7,-0.000002512,-0.000251243,-0.000179459,-0.000179459,0.000579752,manual_A_near_upright
pendulum_real_ws,BALANCE,22.459,-0.009835,0.203557,-0.000248,0.784799994,0.000001669,-0.000171646,0.105369,7,-0.000002477,-0.000247689,-0.000176921,-0.000176921,0.000579591,manual_A_near_upright
pendulum_real_ws,BALANCE,22.510,-0.009830,0.200233,-0.000256,0.784799994,0.000001638,-0.000171566,0.103501,7,-0.000002564,-0.000256386,-0.000183133,-0.000183133,0.000579392,manual_A_near_upright
pendulum_real_ws,BALANCE,22.563,-0.009825,0.196969,-0.000280,0.784799994,0.000001745,-0.000171480,0.101601,7,-0.000002797,-0.000279736,-0.000199812,-0.000199812,0.000578845,manual_A_near_upright
pendulum_real_ws,BALANCE,22.615,-0.009820,0.193760,-0.000274,0.784799994,0.000001562,-0.000171399,0.099781,7,-0.000002736,-0.000273588,-0.000195420,-0.000195420,0.000579010,manual_A_near_upright
pendulum_real_ws,BALANCE,22.666,-0.009816,0.190608,-0.000276,0.784799994,0.000001477,-0.000171325,0.098017,7,-0.000002756,-0.000275602,-0.000196859,-0.000196859,0.000578958,manual_A_near_upright
pendulum_real_ws,BALANCE,22.717,-0.009812,0.187513,-0.000290,0.784799994,0.000001503,-0.000171250,0.096262,7,-0.000002896,-0.000289616,-0.000206869,-0.000206869,0.000578642,manual_A_near_upright
pendulum_real_ws,BALANCE,22.768,-0.009808,0.184472,-0.000289,0.784799994,0.000001441,-0.000171175,0.094559,7,-0.000002885,-0.000288516,-0.000206083,-0.000206083,0.000578537,manual_A_near_upright
pendulum_real_ws,BALANCE,22.820,-0.009803,0.181485,-0.000316,0.784799994,0.000001655,-0.000171100,0.092841,7,-0.000003157,-0.000315654,-0.000225467,-0.000225467,0.000577770,manual_A_near_upright
pendulum_real_ws,BALANCE,22.872,-0.009799,0.178551,-0.000309,0.784799994,0.000001394,-0.000171028,0.091179,7,-0.000003112,-0.000311209,-0.000222292,-0.000222292,0.000577914,manual_A_near_upright
pendulum_real_ws,BALANCE,22.923,-0.009795,0.175668,-0.000308,0.784799994,0.000001218,-0.000170961,0.089568,7,-0.000003078,-0.000307758,-0.000219827,-0.000219827,0.000578345,manual_A_near_upright
pendulum_real_ws,BALANCE,22.974,-0.009791,0.172838,-0.000321,0.784799994,0.000001309,-0.000170894,0.087971,7,-0.000003210,-0.000321017,-0.000229298,-0.000229298,0.000577896,manual_A_near_upright
pendulum_real_ws,BALANCE,23.026,-0.009788,0.170057,-0.000335,0.784799994,0.000001406,-0.000170826,0.086397,7,-0.000003348,-0.000334838,-0.000239170,-0.000239170,0.000577433,manual_A_near_upright
pendulum_real_ws,BALANCE,23.077,-0.009784,0.167326,-0.000338,0.784799994,0.000001358,-0.000170758,0.084852,7,-0.000003377,-0.000337657,-0.000241183,-0.000241183,0.000577318,manual_A_near_upright
pendulum_real_ws,BALANCE,23.128,-0.009780,0.164643,-0.000340,0.784799994,0.000001290,-0.000170694,0.083345,7,-0.000003418,-0.000341786,-0.000244133,-0.000244133,0.000577336,manual_A_near_upright
pendulum_real_ws,BALANCE,23.179,-0.009776,0.162008,-0.000346,0.784799994,0.000001266,-0.000170631,0.081864,7,-0.000003462,-0.000346151,-0.000247250,-0.000247250,0.000577106,manual_A_near_upright
pendulum_real_ws,BALANCE,23.231,-0.009773,0.159420,-0.000359,0.784799994,0.000001260,-0.000170570,0.080399,7,-0.000003592,-0.000359243,-0.000256602,-0.000256602,0.000576916,manual_A_near_upright
pendulum_real_ws,BALANCE,23.282,-0.009769,0.156877,-0.000361,0.784799994,0.000001260,-0.000170507,0.078967,7,-0.000003613,-0.000361297,-0.000258069,-0.000258069,0.000576702,manual_A_near_upright
pendulum_real_ws,BALANCE,23.333,-0.009766,0.154380,-0.000367,0.784799994,0.000001211,-0.000170447,0.077557,7,-0.000003670,-0.000367015,-0.000262153,-0.000262153,0.000576614,manual_A_near_upright
pendulum_real_ws,BALANCE,23.385,-0.009762,0.151927,-0.000368,0.784799994,0.000001102,-0.000170387,0.076170,7,-0.000003679,-0.000367932,-0.000262809,-0.000262809,0.000576671,manual_A_near_upright
pendulum_real_ws,BALANCE,23.437,-0.009759,0.149518,-0.000382,0.784799994,0.000001177,-0.000170328,0.074794,7,-0.000003823,-0.000382261,-0.000273043,-0.000273043,0.000576289,manual_A_near_upright
pendulum_real_ws,BALANCE,23.488,-0.009756,0.147151,-0.000382,0.784799994,0.000001144,-0.000170272,0.073474,7,-0.000003821,-0.000382134,-0.000272953,-0.000272953,0.000576180,manual_A_near_upright
pendulum_real_ws,BALANCE,23.539,-0.009753,0.144826,-0.000388,0.784799994,0.000001108,-0.000170217,0.072169,7,-0.000003878,-0.000387804,-0.000277003,-0.000277003,0.000576077,manual_A_near_upright
pendulum_real_ws,BALANCE,23.590,-0.009750,0.142543,-0.000392,0.784799994,0.000001022,-0.000170163,0.070882,7,-0.000003924,-0.000392361,-0.000280258,-0.000280258,0.000576102,manual_A_near_upright
pendulum_real_ws,BALANCE,23.641,-0.009747,0.140301,-0.000398,0.784799994,0.000001046,-0.000170109,0.069626,7,-0.000003975,-0.000397515,-0.000283939,-0.000283939,0.000575860,manual_A_near_upright
pendulum_real_ws,BALANCE,23.691,-0.009744,0.138099,-0.000402,0.784799994,0.000001007,-0.000170058,0.068398,7,-0.000003986,-0.000398634,-0.000284739,-0.000284739,0.000575817,manual_A_near_upright
pendulum_real_ws,BALANCE,23.743,-0.009741,0.135936,-0.000413,0.784799994,0.000001046,-0.000170006,0.067174,7,-0.000004127,-0.000412727,-0.000294805,-0.000294805,0.000575510,manual_A_near_upright
pendulum_real_ws,BALANCE,23.794,-0.009738,0.133812,-0.000415,0.784799994,0.000001004,-0.000169954,0.065979,7,-0.000004147,-0.000414728,-0.000296234,-0.000296234,0.000575432,manual_A_near_upright
pendulum_real_ws,BALANCE,23.846,-0.009735,0.131726,-0.000426,0.784799994,0.000001033,-0.000169903,0.064789,7,-0.000004264,-0.000426375,-0.000304553,-0.000304553,0.000575191,manual_A_near_upright
pendulum_real_ws,BALANCE,23.898,-0.009732,0.129676,-0.000425,0.784799994,0.000000972,-0.000169852,0.063636,7,-0.000004247,-0.000424661,-0.000303329,-0.000303329,0.000575165,manual_A_near_upright
pendulum_real_ws,BALANCE,23.948,-0.009729,0.127663,-0.000426,0.784799994,0.000000934,-0.000169805,0.062515,7,-0.000004263,-0.000426261,-0.000304472,-0.000304472,0.000575095,manual_A_near_upright
pendulum_real_ws,BALANCE,23.999,-0.009726,0.125686,-0.000437,0.784799994,0.000000977,-0.000169759,0.061407,7,-0.000004365,-0.000436524,-0.000311803,-0.000311803,0.000574835,manual_A_near_upright
pendulum_real_ws,BALANCE,24.050,-0.009724,0.123745,-0.000440,0.784799994,0.000000952,-0.000169713,0.060323,7,-0.000004400,-0.000439994,-0.000314282,-0.000314282,0.000574740,manual_A_near_upright
pendulum_real_ws,BALANCE,24.101,-0.009721,0.121838,-0.000444,0.784799994,0.000000923,-0.000169667,0.059253,7,-0.000004437,-0.000443704,-0.000316931,-0.000316931,0.000574654,manual_A_near_upright
pendulum_real_ws,BALANCE,24.152,-0.009719,0.119966,-0.000448,0.784799994,0.000000911,-0.000169622,0.058202,7,-0.000004482,-0.000448204,-0.000320146,-0.000320146,0.000574529,manual_A_near_upright
pendulum_real_ws,BALANCE,24.203,-0.009716,0.118127,-0.000453,0.784799994,0.000000910,-0.000169578,0.057171,7,-0.000004532,-0.000453184,-0.000323703,-0.000323703,0.000574382,manual_A_near_upright
pendulum_real_ws,BALANCE,24.254,-0.009714,0.116321,-0.000459,0.784799994,0.000000894,-0.000169535,0.056155,7,-0.000004591,-0.000459142,-0.000327959,-0.000327959,0.000574275,manual_A_near_upright
pendulum_real_ws,BALANCE,24.306,-0.009711,0.114547,-0.000463,0.784799994,0.000000842,-0.000169492,0.055156,7,-0.000004626,-0.000462553,-0.000330395,-0.000330395,0.000574252,manual_A_near_upright
pendulum_real_ws,BALANCE,24.356,-0.009709,0.112805,-0.000464,0.784799994,0.000000804,-0.000169450,0.054178,7,-0.000004642,-0.000464169,-0.000331550,-0.000331550,0.000574201,manual_A_near_upright
pendulum_real_ws,BALANCE,24.408,-0.009706,0.111094,-0.000470,0.784799994,0.000000816,-0.000169408,0.053213,7,-0.000004705,-0.000470477,-0.000336055,-0.000336055,0.000574031,manual_A_near_upright
pendulum_real_ws,BALANCE,24.458,-0.009704,0.109413,-0.000473,0.784799994,0.000000790,-0.000169369,0.052277,7,-0.000004735,-0.000473489,-0.000338206,-0.000338206,0.000573960,manual_A_near_upright
pendulum_real_ws,BALANCE,24.509,-0.009702,0.107763,-0.000481,0.784799994,0.000000836,-0.000169330,0.051353,7,-0.000004805,-0.000480513,-0.000343224,-0.000343224,0.000573714,manual_A_near_upright
pendulum_real_ws,BALANCE,24.561,-0.009700,0.106142,-0.000488,0.784799994,0.000000862,-0.000169288,0.050428,7,-0.000004879,-0.000487862,-0.000348473,-0.000348473,0.000573511,manual_A_near_upright
pendulum_real_ws,BALANCE,24.613,-0.009697,0.104550,-0.000489,0.784799994,0.000000780,-0.000169249,0.049524,7,-0.000004890,-0.000489039,-0.000349314,-0.000349314,0.000573574,manual_A_near_upright
pendulum_real_ws,BALANCE,24.663,-0.009695,0.102986,-0.000490,0.784799994,0.000000764,-0.000169211,0.048650,7,-0.000004896,-0.000489558,-0.000349684,-0.000349684,0.000573485,manual_A_near_upright
pendulum_real_ws,BALANCE,24.714,-0.009693,0.101450,-0.000490,0.784799994,0.000000725,-0.000169174,0.047793,7,-0.000004904,-0.000490424,-0.000350303,-0.000350303,0.000573439,manual_A_near_upright
pendulum_real_ws,BALANCE,24.766,-0.009691,0.099941,-0.000503,0.784799994,0.000000790,-0.000169139,0.046937,7,-0.000005026,-0.000502624,-0.000359017,-0.000359017,0.000573174,manual_A_near_upright
pendulum_real_ws,BALANCE,24.817,-0.009689,0.098459,-0.000503,0.784799994,0.000000728,-0.000169101,0.046095,7,-0.000005025,-0.000502524,-0.000358946,-0.000358946,0.000573196,manual_A_near_upright
pendulum_real_ws,BALANCE,24.868,-0.009687,0.097003,-0.000506,0.784799994,0.000000711,-0.000169066,0.045273,7,-0.000005064,-0.000506410,-0.000361721,-0.000361721,0.000573125,manual_A_near_upright
pendulum_real_ws,BALANCE,24.920,-0.009685,0.095573,-0.000512,0.784799994,0.000000709,-0.000169031,0.044459,7,-0.000005106,-0.000510608,-0.000364720,-0.000364720,0.000573070,manual_A_near_upright
pendulum_real_ws,BALANCE,24.972,-0.009683,0.094169,-0.000512,0.784799994,0.000000667,-0.000168996,0.043665,7,-0.000005125,-0.000512485,-0.000366061,-0.000366061,0.000572985,manual_A_near_upright
pendulum_real_ws,BALANCE,25.022,-0.009681,0.092789,-0.000513,0.784799994,0.000000641,-0.000168963,0.042895,7,-0.000005130,-0.000512976,-0.000366411,-0.000366411,0.000572934,manual_A_near_upright
pendulum_real_ws,BALANCE,25.074,-0.009679,0.091434,-0.000523,0.784799994,0.000000721,-0.000168930,0.042130,7,-0.000005225,-0.000522545,-0.000373246,-0.000373246,0.000572630,manual_A_near_upright
pendulum_real_ws,BALANCE,25.125,-0.009677,0.090103,-0.000524,0.784799994,0.000000629,-0.000168898,0.041377,7,-0.000005236,-0.000523562,-0.000373973,-0.000373973,0.000572743,manual_A_near_upright
pendulum_real_ws,BALANCE,25.176,-0.009675,0.088795,-0.000524,0.784799994,0.000000597,-0.000168866,0.040643,7,-0.000005239,-0.000523861,-0.000374186,-0.000374186,0.000572713,manual_A_near_upright
pendulum_real_ws,BALANCE,25.227,-0.009674,0.087511,-0.000528,0.784799994,0.000000599,-0.000168835,0.039917,7,-0.000005275,-0.000527539,-0.000376814,-0.000376814,0.000572601,manual_A_near_upright
pendulum_real_ws,BALANCE,25.279,-0.009672,0.086250,-0.000533,0.784799994,0.000000629,-0.000168803,0.039199,7,-0.000005333,-0.000533345,-0.000380961,-0.000380961,0.000572423,manual_A_near_upright
pendulum_real_ws,BALANCE,25.331,-0.009670,0.085010,-0.000536,0.784799994,0.000000606,-0.000168773,0.038497,7,-0.000005360,-0.000535989,-0.000382849,-0.000382849,0.000572375,manual_A_near_upright
pendulum_real_ws,BALANCE,25.381,-0.009668,0.083793,-0.000535,0.784799994,0.000000558,-0.000168745,0.037820,7,-0.000005350,-0.000535030,-0.000382165,-0.000382165,0.000572393,manual_A_near_upright
pendulum_real_ws,BALANCE,25.432,-0.009667,0.082598,-0.000539,0.784799994,0.000000548,-0.000168716,0.037149,7,-0.000005388,-0.000538797,-0.000384855,-0.000384855,0.000572321,manual_A_near_upright
pendulum_real_ws,BALANCE,25.484,-0.009665,0.081424,-0.000541,0.784799994,0.000000521,-0.000168688,0.036490,7,-0.000005405,-0.000540513,-0.000386081,-0.000386081,0.000572288,manual_A_near_upright
pendulum_real_ws,BALANCE,25.536,-0.009663,0.080271,-0.000547,0.784799994,0.000000550,-0.000168660,0.035835,7,-0.000005469,-0.000546875,-0.000390625,-0.000390625,0.000572124,manual_A_near_upright
pendulum_real_ws,BALANCE,25.587,-0.009662,0.079138,-0.000551,0.784799994,0.000000562,-0.000168631,0.035189,7,-0.000005508,-0.000550773,-0.000393409,-0.000393409,0.000571998,manual_A_near_upright
pendulum_real_ws,BALANCE,25.638,-0.009660,0.078025,-0.000550,0.784799994,0.000000524,-0.000168605,0.034566,7,-0.000005505,-0.000550462,-0.000393187,-0.000393187,0.000571998,manual_A_near_upright
pendulum_real_ws,BALANCE,25.689,-0.009659,0.076932,-0.000552,0.784799994,0.000000519,-0.000168578,0.033955,7,-0.000005521,-0.000552132,-0.000394380,-0.000394380,0.000571921,manual_A_near_upright
pendulum_real_ws,BALANCE,25.740,-0.009657,0.075859,-0.000555,0.784799994,0.000000506,-0.000168553,0.033352,7,-0.000005551,-0.000555111,-0.000396508,-0.000396508,0.000571866,manual_A_near_upright
pendulum_real_ws,BALANCE,25.791,-0.009656,0.074805,-0.000558,0.784799994,0.000000501,-0.000168528,0.032759,7,-0.000005587,-0.000558657,-0.000399041,-0.000399041,0.000571753,manual_A_near_upright
pendulum_real_ws,BALANCE,25.841,-0.009655,0.073770,-0.000560,0.784799994,0.000000481,-0.000168503,0.032182,7,-0.000005594,-0.000559351,-0.000399537,-0.000399537,0.000571746,manual_A_near_upright
pendulum_real_ws,BALANCE,25.892,-0.009653,0.072753,-0.000560,0.784799994,0.000000456,-0.000168480,0.031622,7,-0.000005596,-0.000559620,-0.000399729,-0.000399729,0.000571749,manual_A_near_upright
pendulum_real_ws,BALANCE,25.951,-0.009652,0.071558,-0.000563,0.784799994,0.000000451,-0.000168453,0.030964,7,-0.000005620,-0.000561974,-0.000401410,-0.000401410,0.000571694,manual_A_near_upright
pendulum_real_ws,BALANCE,26.002,-0.009650,0.070582,-0.000568,0.784799994,0.000000456,-0.000168431,0.030421,7,-0.000005660,-0.000565975,-0.000404268,-0.000404268,0.000571605,manual_A_near_upright
pendulum_real_ws,BALANCE,26.053,-0.009649,0.069623,-0.000573,0.784799994,0.000000456,-0.000168407,0.029878,7,-0.000005709,-0.000570900,-0.000407786,-0.000407786,0.000571505,manual_A_near_upright
pendulum_real_ws,BALANCE,26.105,-0.009648,0.068682,-0.000574,0.784799994,0.000000443,-0.000168384,0.029351,7,-0.000005735,-0.000573516,-0.000409654,-0.000409654,0.000571443,manual_A_near_upright
pendulum_real_ws,BALANCE,26.155,-0.009646,0.067758,-0.000574,0.784799994,0.000000428,-0.000168362,0.028836,7,-0.000005738,-0.000573843,-0.000409888,-0.000409888,0.000571403,manual_A_near_upright
pendulum_real_ws,BALANCE,26.206,-0.009645,0.066850,-0.000579,0.784799994,0.000000451,-0.000168340,0.028325,7,-0.000005794,-0.000579361,-0.000413829,-0.000413829,0.000571272,manual_A_near_upright
pendulum_real_ws,BALANCE,26.258,-0.009644,0.065958,-0.000583,0.784799994,0.000000454,-0.000168317,0.027816,7,-0.000005833,-0.000583290,-0.000416636,-0.000416636,0.000571188,manual_A_near_upright
pendulum_real_ws,BALANCE,26.310,-0.009643,0.065082,-0.000587,0.784799994,0.000000462,-0.000168294,0.027309,7,-0.000005874,-0.000587429,-0.000419592,-0.000419592,0.000571091,manual_A_near_upright
pendulum_real_ws,BALANCE,26.361,-0.009641,0.064221,-0.000586,0.784799994,0.000000428,-0.000168272,0.026821,7,-0.000005862,-0.000586194,-0.000418710,-0.000418710,0.000571069,manual_A_near_upright
pendulum_real_ws,BALANCE,26.413,-0.009640,0.063375,-0.000588,0.784799994,0.000000416,-0.000168251,0.026341,7,-0.000005880,-0.000588004,-0.000420003,-0.000420003,0.000571056,manual_A_near_upright
pendulum_real_ws,BALANCE,26.465,-0.009639,0.062544,-0.000592,0.784799994,0.000000433,-0.000168230,0.025865,7,-0.000005917,-0.000591697,-0.000422641,-0.000422641,0.000570942,manual_A_near_upright
pendulum_real_ws,BALANCE,26.517,-0.009638,0.061727,-0.000590,0.784799994,0.000000373,-0.000168210,0.025402,7,-0.000005903,-0.000590274,-0.000421624,-0.000421624,0.000571018,manual_A_near_upright
pendulum_real_ws,BALANCE,26.568,-0.009637,0.060925,-0.000593,0.784799994,0.000000377,-0.000168190,0.024947,7,-0.000005928,-0.000592754,-0.000423395,-0.000423395,0.000570942,manual_A_near_upright
pendulum_real_ws,BALANCE,26.619,-0.009635,0.060137,-0.000595,0.784799994,0.000000377,-0.000168171,0.024500,7,-0.000005954,-0.000595401,-0.000425286,-0.000425286,0.000570887,manual_A_near_upright
pendulum_real_ws,BALANCE,26.673,-0.009634,0.059363,-0.000600,0.784799994,0.000000396,-0.000168152,0.024056,7,-0.000005999,-0.000599945,-0.000428532,-0.000428532,0.000570765,manual_A_near_upright
pendulum_real_ws,BALANCE,26.731,-0.009633,0.058738,-0.000644,0.784799994,0.000000772,-0.000168125,0.023578,7,-0.000006405,-0.000640484,-0.000457489,-0.000457489,0.000569611,manual_A_near_upright
pendulum_real_ws,BALANCE,26.790,-0.009631,0.057850,-0.000595,0.784799994,0.000000245,-0.000168099,0.023087,7,-0.000005952,-0.000595164,-0.000425117,-0.000425117,0.000570949,manual_A_near_upright
pendulum_real_ws,BALANCE,26.840,-0.009631,0.057112,-0.000597,0.784799994,0.000000286,-0.000168084,0.022681,7,-0.000005974,-0.000597409,-0.000426720,-0.000426720,0.000570799,manual_A_near_upright
pendulum_real_ws,BALANCE,26.891,-0.009630,0.056386,-0.000603,0.784799994,0.000000309,-0.000168069,0.022275,7,-0.000006026,-0.000602605,-0.000430432,-0.000430432,0.000570692,manual_A_near_upright
pendulum_real_ws,BALANCE,26.942,-0.009629,0.055675,-0.000603,0.784799994,0.000000306,-0.000168054,0.021885,7,-0.000006028,-0.000602819,-0.000430585,-0.000430585,0.000570649,manual_A_near_upright
pendulum_real_ws,BALANCE,26.993,-0.009628,0.054976,-0.000607,0.784799994,0.000000325,-0.000168038,0.021493,7,-0.000006066,-0.000606592,-0.000433280,-0.000433280,0.000570550,manual_A_near_upright
pendulum_real_ws,BALANCE,27.044,-0.009627,0.054289,-0.000605,0.784799994,0.000000287,-0.000168023,0.021113,7,-0.000006053,-0.000605286,-0.000432347,-0.000432347,0.000570589,manual_A_near_upright
pendulum_real_ws,BALANCE,27.095,-0.009626,0.053615,-0.000608,0.784799994,0.000000293,-0.000168009,0.020739,7,-0.000006080,-0.000607989,-0.000434278,-0.000434278,0.000570525,manual_A_near_upright
pendulum_real_ws,BALANCE,27.146,-0.009625,0.052954,-0.000609,0.784799994,0.000000281,-0.000167994,0.020372,7,-0.000006086,-0.000608618,-0.000434727,-0.000434727,0.000570504,manual_A_near_upright
pendulum_real_ws,BALANCE,27.197,-0.009625,0.052304,-0.000611,0.784799994,0.000000276,-0.000167980,0.020013,7,-0.000006109,-0.000610927,-0.000436376,-0.000436376,0.000570469,manual_A_near_upright
pendulum_real_ws,BALANCE,27.248,-0.009624,0.051666,-0.000615,0.784799994,0.000000299,-0.000167965,0.019653,7,-0.000006150,-0.000614951,-0.000439251,-0.000439251,0.000570392,manual_A_near_upright
pendulum_real_ws,BALANCE,27.300,-0.009623,0.051040,-0.000615,0.784799994,0.000000284,-0.000167951,0.019303,7,-0.000006151,-0.000615135,-0.000439382,-0.000439382,0.000570351,manual_A_near_upright
pendulum_real_ws,BALANCE,27.351,-0.009622,0.050425,-0.000617,0.784799994,0.000000280,-0.000167936,0.018957,7,-0.000006168,-0.000616828,-0.000440592,-0.000440592,0.000570311,manual_A_near_upright
pendulum_real_ws,BALANCE,27.402,-0.009621,0.049821,-0.000618,0.784799994,0.000000275,-0.000167922,0.018620,7,-0.000006177,-0.000617679,-0.000441199,-0.000441199,0.000570275,manual_A_near_upright
pendulum_real_ws,BALANCE,27.454,-0.009620,0.049227,-0.000620,0.784799994,0.000000272,-0.000167909,0.018287,7,-0.000006200,-0.000620002,-0.000442858,-0.000442858,0.000570238,manual_A_near_upright
pendulum_real_ws,BALANCE,27.505,-0.009620,0.048645,-0.000621,0.784799994,0.000000266,-0.000167895,0.017962,7,-0.000006212,-0.000621230,-0.000443735,-0.000443735,0.000570205,manual_A_near_upright
pendulum_real_ws,BALANCE,27.556,-0.009619,0.048072,-0.000623,0.784799994,0.000000267,-0.000167882,0.017642,7,-0.000006228,-0.000622805,-0.000444861,-0.000444861,0.000570163,manual_A_near_upright
pendulum_real_ws,BALANCE,27.607,-0.009618,0.047511,-0.000623,0.784799994,0.000000255,-0.000167869,0.017331,7,-0.000006231,-0.000623071,-0.000445051,-0.000445051,0.000570142,manual_A_near_upright
pendulum_real_ws,BALANCE,27.658,-0.009617,0.046959,-0.000625,0.784799994,0.000000256,-0.000167857,0.017026,7,-0.000006250,-0.000625022,-0.000446445,-0.000446445,0.000570099,manual_A_near_upright
pendulum_real_ws,BALANCE,27.709,-0.009617,0.046417,-0.000627,0.784799994,0.000000253,-0.000167844,0.016722,7,-0.000006269,-0.000626902,-0.000447787,-0.000447787,0.000570062,manual_A_near_upright
pendulum_real_ws,BALANCE,27.760,-0.009616,0.045886,-0.000628,0.784799994,0.000000249,-0.000167831,0.016426,7,-0.000006282,-0.000628197,-0.000448712,-0.000448712,0.000570030,manual_A_near_upright
pendulum_real_ws,BALANCE,27.811,-0.009615,0.045363,-0.000629,0.784799994,0.000000246,-0.000167819,0.016136,7,-0.000006295,-0.000629480,-0.000449628,-0.000449628,0.000569996,manual_A_near_upright
pendulum_real_ws,BALANCE,27.862,-0.009615,0.044850,-0.000630,0.784799994,0.000000243,-0.000167807,0.015849,7,-0.000006305,-0.000630453,-0.000450324,-0.000450324,0.000569961,manual_A_near_upright
pendulum_real_ws,BALANCE,27.923,-0.009614,0.044247,-0.000632,0.784799994,0.000000227,-0.000167793,0.015515,7,-0.000006320,-0.000631989,-0.000451421,-0.000451421,0.000569966,manual_A_near_upright
pendulum_real_ws,BALANCE,27.974,-0.009613,0.043755,-0.000634,0.784799994,0.000000238,-0.000167781,0.015239,7,-0.000006341,-0.000634063,-0.000452902,-0.000452902,0.000569887,manual_A_near_upright
pendulum_real_ws,BALANCE,28.025,-0.009612,0.043271,-0.000635,0.784799994,0.000000234,-0.000167769,0.014968,7,-0.000006348,-0.000634766,-0.000453404,-0.000453404,0.000569858,manual_A_near_upright
pendulum_real_ws,BALANCE,28.076,-0.009612,0.042796,-0.000636,0.784799994,0.000000223,-0.000167758,0.014702,7,-0.000006358,-0.000635758,-0.000454113,-0.000454113,0.000569842,manual_A_near_upright
pendulum_real_ws,BALANCE,28.127,-0.009611,0.042329,-0.000637,0.784799994,0.000000215,-0.000167747,0.014440,7,-0.000006371,-0.000637104,-0.000455075,-0.000455075,0.000569791,manual_A_near_upright
pendulum_real_ws,BALANCE,28.179,-0.009611,0.041871,-0.000638,0.784799994,0.000000216,-0.000167736,0.014183,7,-0.000006380,-0.000638025,-0.000455732,-0.000455732,0.000569784,manual_A_near_upright
pendulum_real_ws,BALANCE,28.229,-0.009610,0.041421,-0.000639,0.784799994,0.000000210,-0.000167725,0.013933,7,-0.000006386,-0.000638581,-0.000456129,-0.000456129,0.000569779,manual_A_near_upright
pendulum_real_ws,BALANCE,28.280,-0.009609,0.040979,-0.000640,0.784799994,0.000000195,-0.000167714,0.013685,7,-0.000006399,-0.000639897,-0.000457069,-0.000457069,0.000569762,manual_A_near_upright
pendulum_real_ws,BALANCE,28.331,-0.009609,0.040545,-0.000641,0.784799994,0.000000198,-0.000167704,0.013443,7,-0.000006409,-0.000640926,-0.000457805,-0.000457805,0.000569713,manual_A_near_upright
pendulum_real_ws,BALANCE,28.382,-0.009608,0.040119,-0.000642,0.784799994,0.000000198,-0.000167694,0.013206,7,-0.000006418,-0.000641826,-0.000458447,-0.000458447,0.000569685,manual_A_near_upright
pendulum_real_ws,BALANCE,28.433,-0.009608,0.039700,-0.000643,0.784799994,0.000000199,-0.000167684,0.012973,7,-0.000006431,-0.000643087,-0.000459348,-0.000459348,0.000569648,manual_A_near_upright
pendulum_real_ws,BALANCE,28.484,-0.009607,0.039290,-0.000645,0.784799994,0.000000203,-0.000167674,0.012743,7,-0.000006444,-0.000644400,-0.000460286,-0.000460286,0.000569628,manual_A_near_upright
pendulum_real_ws,BALANCE,28.535,-0.009606,0.038886,-0.000646,0.784799994,0.000000204,-0.000167664,0.012516,7,-0.000006461,-0.000646134,-0.000461524,-0.000461524,0.000569579,manual_A_near_upright
pendulum_real_ws,BALANCE,28.587,-0.009606,0.038490,-0.000647,0.784799994,0.000000196,-0.000167654,0.012292,7,-0.000006472,-0.000647175,-0.000462268,-0.000462268,0.000569554,manual_A_near_upright
pendulum_real_ws,BALANCE,28.638,-0.009605,0.038100,-0.000648,0.784799994,0.000000192,-0.000167644,0.012073,7,-0.000006479,-0.000647936,-0.000462812,-0.000462812,0.000569529,manual_A_near_upright
pendulum_real_ws,BALANCE,28.690,-0.009605,0.037794,-0.000668,0.784799994,0.000000396,-0.000167634,0.011858,7,-0.000006619,-0.000661872,-0.000472766,-0.000472766,0.000569298,manual_A_near_upright
pendulum_real_ws,BALANCE,28.748,-0.009604,0.037415,-0.000661,0.784799994,0.000000352,-0.000167618,0.011619,7,-0.000006613,-0.000661337,-0.000472384,-0.000472384,0.000569057,manual_A_near_upright
pendulum_real_ws,BALANCE,28.802,-0.009603,0.037042,-0.000656,0.784799994,0.000000270,-0.000167608,0.011402,7,-0.000006556,-0.000655617,-0.000468298,-0.000468298,0.000569221,manual_A_near_upright
pendulum_real_ws,BALANCE,28.858,-0.009603,0.036741,-0.000675,0.784799994,0.000000505,-0.000167596,0.011179,7,-0.000006749,-0.000674869,-0.000482049,-0.000482049,0.000568613,manual_A_near_upright
pendulum_real_ws,BALANCE,28.914,-0.009602,0.036392,-0.000660,0.784799994,0.000000300,-0.000167585,0.010967,7,-0.000006569,-0.000656891,-0.000469208,-0.000469208,0.000568993,manual_A_near_upright
pendulum_real_ws,BALANCE,28.964,-0.009602,0.036027,-0.000647,0.784799994,0.000000080,-0.000167578,0.010770,7,-0.000006471,-0.000647113,-0.000462224,-0.000462224,0.000569574,manual_A_near_upright
pendulum_real_ws,BALANCE,29.024,-0.009601,0.035600,-0.000649,0.784799994,0.000000111,-0.000167572,0.010545,7,-0.000006484,-0.000648379,-0.000463128,-0.000463128,0.000569512,manual_A_near_upright
pendulum_real_ws,BALANCE,29.077,-0.009601,0.035263,-0.000656,0.784799994,0.000000180,-0.000167564,0.010349,7,-0.000006557,-0.000655672,-0.000468337,-0.000468337,0.000569285,manual_A_near_upright
pendulum_real_ws,BALANCE,29.128,-0.009600,0.034926,-0.000652,0.784799994,0.000000122,-0.000167558,0.010168,7,-0.000006520,-0.000652032,-0.000465737,-0.000465737,0.000569404,manual_A_near_upright
pendulum_real_ws,BALANCE,29.178,-0.009600,0.034595,-0.000653,0.784799994,0.000000118,-0.000167552,0.009990,7,-0.000006530,-0.000653019,-0.000466442,-0.000466442,0.000569394,manual_A_near_upright
pendulum_real_ws,BALANCE,29.229,-0.009600,0.034271,-0.000655,0.784799994,0.000000127,-0.000167546,0.009813,7,-0.000006544,-0.000654396,-0.000467425,-0.000467425,0.000569360,manual_A_near_upright
pendulum_real_ws,BALANCE,29.280,-0.009599,0.033952,-0.000656,0.784799994,0.000000129,-0.000167539,0.009639,7,-0.000006557,-0.000655738,-0.000468384,-0.000468384,0.000569323,manual_A_near_upright
pendulum_real_ws,BALANCE,29.331,-0.009599,0.033640,-0.000657,0.784799994,0.000000136,-0.000167533,0.009468,7,-0.000006567,-0.000656666,-0.000469047,-0.000469047,0.000569285,manual_A_near_upright
pendulum_real_ws,BALANCE,29.382,-0.009599,0.033333,-0.000657,0.784799994,0.000000131,-0.000167526,0.009301,7,-0.000006573,-0.000657326,-0.000469519,-0.000469519,0.000569275,manual_A_near_upright
pendulum_real_ws,BALANCE,29.433,-0.009598,0.033032,-0.000658,0.784799994,0.000000135,-0.000167520,0.009136,7,-0.000006585,-0.000658496,-0.000470355,-0.000470355,0.000569243,manual_A_near_upright
pendulum_real_ws,BALANCE,29.484,-0.009598,0.032736,-0.000659,0.784799994,0.000000134,-0.000167514,0.008974,7,-0.000006595,-0.000659451,-0.000471036,-0.000471036,0.000569224,manual_A_near_upright
pendulum_real_ws,BALANCE,29.535,-0.009597,0.032446,-0.000660,0.784799994,0.000000124,-0.000167507,0.008815,7,-0.000006597,-0.000659747,-0.000471248,-0.000471248,0.000569227,manual_A_near_upright
pendulum_real_ws,BALANCE,29.586,-0.009597,0.032162,-0.000661,0.784799994,0.000000132,-0.000167501,0.008659,7,-0.000006611,-0.000661088,-0.000472205,-0.000472205,0.000569187,manual_A_near_upright
pendulum_real_ws,BALANCE,29.638,-0.009597,0.031882,-0.000662,0.784799994,0.000000129,-0.000167495,0.008503,7,-0.000006622,-0.000662206,-0.000473004,-0.000473004,0.000569171,manual_A_near_upright
pendulum_real_ws,BALANCE,29.688,-0.009596,0.031608,-0.000662,0.784799994,0.000000122,-0.000167488,0.008354,7,-0.000006618,-0.000661841,-0.000472743,-0.000472743,0.000569167,manual_A_near_upright
pendulum_real_ws,BALANCE,29.738,-0.009596,0.031338,-0.000663,0.784799994,0.000000121,-0.000167483,0.008208,7,-0.000006626,-0.000662569,-0.000473264,-0.000473264,0.000569150,manual_A_near_upright
pendulum_real_ws,BALANCE,29.789,-0.009596,0.031074,-0.000663,0.784799994,0.000000117,-0.000167477,0.008064,7,-0.000006630,-0.000662970,-0.000473550,-0.000473550,0.000569141,manual_A_near_upright
pendulum_real_ws,BALANCE,29.839,-0.009595,0.030815,-0.000664,0.784799994,0.000000119,-0.000167471,0.007922,7,-0.000006642,-0.000664185,-0.000474418,-0.000474418,0.000569116,manual_A_near_upright
pendulum_real_ws,BALANCE,29.890,-0.009595,0.030560,-0.000665,0.784799994,0.000000117,-0.000167465,0.007781,7,-0.000006648,-0.000664832,-0.000474880,-0.000474880,0.000569097,manual_A_near_upright
pendulum_real_ws,BALANCE,29.942,-0.009595,0.030310,-0.000665,0.784799994,0.000000114,-0.000167459,0.007644,7,-0.000006654,-0.000665376,-0.000475269,-0.000475269,0.000569088,manual_A_near_upright
pendulum_real_ws,BALANCE,29.992,-0.009594,0.030065,-0.000666,0.784799994,0.000000111,-0.000167453,0.007510,7,-0.000006659,-0.000665892,-0.000475637,-0.000475637,0.000569068,manual_A_near_upright
pendulum_real_ws,BALANCE,30.042,-0.009594,0.029824,-0.000667,0.784799994,0.000000115,-0.000167448,0.007377,7,-0.000006669,-0.000666897,-0.000476355,-0.000476355,0.000569049,manual_A_near_upright
pendulum_real_ws,BALANCE,30.094,-0.009594,0.029588,-0.000668,0.784799994,0.000000116,-0.000167442,0.007246,7,-0.000006678,-0.000667805,-0.000477004,-0.000477004,0.000569026,manual_A_near_upright
pendulum_real_ws,BALANCE,30.145,-0.009593,0.029355,-0.000668,0.784799994,0.000000114,-0.000167436,0.007118,7,-0.000006684,-0.000668396,-0.000477426,-0.000477426,0.000569010,manual_A_near_upright
pendulum_real_ws,BALANCE,30.195,-0.009593,0.029128,-0.000669,0.784799994,0.000000110,-0.000167431,0.006992,7,-0.000006689,-0.000668880,-0.000477771,-0.000477771,0.000569000,manual_A_near_upright
pendulum_real_ws,BALANCE,30.246,-0.009593,0.028904,-0.000670,0.784799995,0.000000110,-0.000167425,0.006868,7,-0.000006695,-0.000669515,-0.000478225,-0.000478225,0.000568983,manual_A_near_upright
pendulum_real_ws,BALANCE,30.297,-0.009592,0.028684,-0.000670,0.784799995,0.000000107,-0.000167420,0.006747,7,-0.000006700,-0.000670018,-0.000478584,-0.000478584,0.000568970,manual_A_near_upright
pendulum_real_ws,BALANCE,30.348,-0.009592,0.028469,-0.000670,0.784799995,0.000000101,-0.000167415,0.006629,7,-0.000006701,-0.000670094,-0.000478639,-0.000478639,0.000568967,manual_A_near_upright
pendulum_real_ws,BALANCE,30.399,-0.009592,0.028257,-0.000671,0.784799995,0.000000100,-0.000167410,0.006512,7,-0.000006710,-0.000670956,-0.000479254,-0.000479254,0.000568954,manual_A_near_upright
pendulum_real_ws,BALANCE,30.449,-0.009592,0.028049,-0.000672,0.784799995,0.000000095,-0.000167405,0.006396,7,-0.000006710,-0.000670961,-0.000479258,-0.000479258,0.000568933,manual_A_near_upright
pendulum_real_ws,BALANCE,30.500,-0.009591,0.027845,-0.000673,0.784799995,0.000000106,-0.000167400,0.006283,7,-0.000006721,-0.000672104,-0.000480074,-0.000480074,0.000568940,manual_A_near_upright
pendulum_pid_ws,SWING_UP,0.283,-179.410042,0.293660,13.638804,0.000086378,-0.128039401,-3.131295940,0.000000,6,0.136388042,13.638804200,107.396477972,107.396477972,0.000000000,auto_capture
pendulum_pid_ws,SWING_UP,0.342,-177.871891,1.187733,-2.358372,0.017729751,2.089205076,-3.104450148,0.000000,6,-0.023583716,-2.358371610,-145.000000000,-145.000000000,0.000000000,auto_capture
pendulum_pid_ws,SWING_UP,0.393,-177.400894,1.813194,24.538212,0.009961567,-1.545792331,-3.096229691,0.000000,6,0.245382117,24.538211705,145.000000000,145.000000000,0.000000000,auto_capture
pendulum_pid_ws,SWING_UP,0.445,-176.363474,2.855704,9.964958,0.022193663,2.313199296,-3.078123305,0.000000,6,0.099649579,9.964957906,-145.000000000,-145.000000000,0.000000000,auto_capture
pendulum_pid_ws,SWING_UP,0.496,-174.918746,4.317943,-5.500283,0.012247952,1.635990370,-3.052908037,0.000000,6,-0.055002835,-5.500283495,-145.000000000,-145.000000000,0.000000000,auto_capture
pendulum_pid_ws,SWING_UP,0.547,-177.077640,4.167808,8.788959,0.021554884,-2.293718689,-3.090587843,0.000000,6,0.087889593,8.788959306,145.000000000,145.000000000,0.000000000,auto_capture
pendulum_pid_ws,SWING_UP,0.598,-177.206043,5.029593,23.241108,0.004115712,-0.955151832,-3.092828898,0.000000,6,0.232411075,23.241107502,103.952117458,103.952117458,0.000000000,auto_capture
pendulum_pid_ws,SWING_UP,0.650,-176.384357,6.531840,9.766514,0.023020776,2.357950505,-3.078487784,0.000000,6,0.097665135,9.766513500,-145.000000000,-145.000000000,0.000000000,auto_capture
pendulum_pid_ws,SWING_UP,0.709,-176.219407,8.177861,10.076894,0.022580982,-2.330614947,-3.075608864,0.000000,6,-0.043470181,-4.347018092,-145.000000000,-145.000000000,0.000000000,auto_capture
pendulum_pid_ws,SWING_UP,0.760,-178.279200,8.596889,25.051107,0.025049436,-2.493615487,-3.111559027,0.000000,6,0.250511073,25.051107311,145.000000000,145.000000000,0.000000000,auto_capture
pendulum_pid_ws,SWING_UP,0.812,-177.608550,10.252776,10.859911,0.018948273,2.156763753,-3.099853975,0.000000,6,0.108599107,10.859910713,-145.000000000,-145.000000000,0.000000000,auto_capture
pendulum_pid_ws,SWING_UP,0.863,-176.647189,12.147458,-4.013045,0.006897114,1.247543263,-3.083075065,0.000000,6,0.107047641,10.704764117,-145.000000000,-145.000000000,0.000000000,auto_capture
pendulum_pid_ws,SWING_UP,0.914,-178.561788,12.727308,11.235741,0.025480863,-2.517798940,-3.116491119,0.000000,6,0.112357407,11.235740722,145.000000000,145.000000000,0.000000000,auto_capture
pendulum_pid_ws,SWING_UP,0.964,179.477343,13.224711,25.903433,0.013630456,-1.844866509,3.132470569,0.000000,6,0.259034329,25.903432915,145.000000000,145.000000000,0.000000000,auto_capture
pendulum_pid_ws,SWING_UP,1.015,-179.899764,14.885847,12.342336,0.017793213,2.109064496,-3.139843197,0.000000,6,0.261003093,26.100309312,145.000000000,145.000000000,0.000000000,auto_capture
pendulum_pid_ws,SWING_UP,1.068,-178.568476,16.871350,-3.110143,0.019991048,2.228709157,-3.116607845,0.000000,6,0.116771831,11.677183112,-145.000000000,-145.000000000,0.000000000,auto_capture
pendulum_pid_ws,SWING_UP,1.119,-179.403116,17.940399,10.997174,0.026344505,-2.565307619,-3.131175069,0.000000,6,0.109971737,10.997173711,145.000000000,145.000000000,0.000000000,auto_capture
pendulum_pid_ws,SWING_UP,1.171,178.953898,18.577047,24.809274,0.012148129,-1.738010886,3.123334738,0.000000,6,0.248092741,24.809274111,145.000000000,145.000000000,0.000000000,auto_capture
pendulum_pid_ws,SWING_UP,1.222,-178.719342,21.119877,10.370971,0.019994192,2.230256393,-3.119240949,0.000000,6,0.103709705,10.370970512,-145.000000000,-145.000000000,0.000000000,auto_capture
pendulum_pid_ws,SWING_UP,1.273,-177.848031,23.078222,-4.548892,0.011326583,1.662065047,-3.104033711,0.000000,6,-0.045488925,-4.548892489,-145.000000000,-145.000000000,0.000000000,auto_capture
pendulum_pid_ws,SWING_UP,1.325,-178.989229,24.130472,9.338534,0.020976072,-2.286646743,-3.123951368,0.000000,6,0.093385335,9.338533521,145.000000000,145.000000000,0.000000000,auto_capture
pendulum_pid_ws,SWING_UP,1.376,179.630988,25.066205,23.689830,0.011065341,-1.662618605,3.135152185,0.000000,6,0.236898299,23.689829921,145.000000000,145.000000000,0.000000000,auto_capture
pendulum_pid_ws,SWING_UP,1.427,-179.311303,27.158055,8.930910,0.020091121,2.239574418,-3.129572616,0.000000,6,0.089309095,8.930909523,-145.000000000,-145.000000000,0.000000000,auto_capture
pendulum_pid_ws,SWING_UP,1.477,-179.457043,28.691649,-5.634529,0.002769145,0.829386171,-3.132116274,0.000000,6,-0.056345295,-5.634529482,-29.787799656,-29.787799656,0.000000000,auto_capture
pendulum_pid_ws,SWING_UP,1.528,179.171441,29.517934,-28.888354,0.004910992,-1.103399609,3.127131578,0.000000,6,-0.288883541,-28.888354141,-20.634538672,-20.634538672,0.000000000,auto_capture
pendulum_pid_ws,SWING_UP,1.579,176.502741,29.425129,-29.199414,0.002899012,-0.736249307,3.080553964,0.000000,6,-0.291994137,-29.199413714,-20.856724081,-20.856724081,0.000000000,auto_capture
pendulum_pid_ws,SWING_UP,1.630,175.755731,30.019969,-17.956809,0.023572550,-2.371520033,3.067516181,0.000000,6,-0.179568089,-17.956808867,145.000000000,145.000000000,0.000000000,auto_capture
pendulum_pid_ws,SWING_UP,1.681,173.444735,29.595303,-25.815250,0.004984685,-0.777697502,3.027181697,0.000000,6,-0.258152504,-25.815250405,-18.439464575,-18.439464575,0.000000000,auto_capture
pendulum_pid_ws,SWING_UP,1.732,172.479304,29.401954,-8.679989,0.011551036,-1.429639231,3.010331752,0.000000,6,-0.086799890,-8.679989000,145.000000000,145.000000000,0.000000000,auto_capture
pendulum_pid_ws,SWING_UP,1.783,172.114777,29.156092,-25.412485,0.003977173,-0.258352142,3.003969546,0.000000,6,-0.254124854,-25.412485352,-18.151775251,-18.151775251,0.000000000,auto_capture
pendulum_pid_ws,SWING_UP,1.835,172.509656,28.980620,-19.121119,0.007255343,-0.988298252,3.010861497,0.000000,6,-0.191211193,-19.121119298,-13.657942356,-13.657942356,0.000000000,auto_capture
pendulum_pid_ws,SWING_UP,1.886,171.976535,28.014936,-7.703475,0.023895854,-2.239120726,3.001556778,0.000000,6,-0.077034753,-7.703475308,145.000000000,145.000000000,0.000000000,auto_capture
pendulum_pid_ws,SWING_UP,1.937,169.543973,25.732078,-11.913278,0.009599310,-0.877966883,2.959100553,0.000000,6,-0.119132777,-11.913277710,-8.509484079,-8.509484079,0.000000000,auto_capture
pendulum_pid_ws,SWING_UP,1.988,170.226822,24.418910,-12.038908,0.006372419,-0.411613378,2.971018514,0.000000,6,-0.120389079,-12.038907882,-8.599219916,-8.599219916,0.000000000,auto_capture
pendulum_pid_ws,SWING_UP,2.040,168.753308,21.539088,-6.208965,0.008928338,0.590106286,2.945300850,0.000000,6,-0.062089654,-6.208965388,-122.970956608,-122.970956608,0.000000000,auto_capture
pendulum_pid_ws,SWING_UP,2.090,166.995366,17.922933,-10.905719,0.034440772,-2.468625381,2.914618968,0.000000,6,-0.109057186,-10.905718574,145.000000000,145.000000000,0.000000000,auto_capture
pendulum_pid_ws,SWING_UP,2.141,166.451655,14.297926,3.589477,0.017574391,-1.289856493,2.905129429,0.000000,6,0.035894768,3.589476822,134.834086612,134.834086612,0.000000000,auto_capture
pendulum_pid_ws,SWING_UP,2.192,168.171253,11.371764,-10.394097,0.032597505,2.462963617,2.935142068,0.000000,6,0.041123740,4.112374025,140.879090159,140.879090159,0.000000000,auto_capture
pendulum_pid_ws,SWING_UP,2.243,170.150290,8.255199,-24.905087,0.017308007,1.697348869,2.969682777,0.000000,6,-0.249050872,-24.905087176,-145.000000000,-145.000000000,0.000000000,auto_capture
pendulum_pid_ws,SWING_UP,2.294,169.706221,3.654472,-10.744061,0.020675690,-1.894715974,2.961932317,0.000000,6,-0.247240742,-24.724074171,-145.000000000,-145.000000000,0.000000000,auto_capture
pendulum_pid_ws,SWING_UP,2.345,170.196610,-0.784625,3.941573,0.007883939,-0.733833378,2.970491215,0.000000,6,-0.105259196,-10.525919568,145.000000000,145.000000000,0.000000000,auto_capture
pendulum_pid_ws,SWING_UP,2.398,171.468281,-5.096175,-10.208288,0.023653048,2.197197323,2.992686067,0.000000,6,-0.102082876,-10.208287561,-145.000000000,-145.000000000,0.000000000,auto_capture
pendulum_pid_ws,SWING_UP,2.449,172.615242,-9.755143,-25.303986,0.009879795,1.286952823,3.012704312,0.000000,6,-0.100795366,-10.079536559,-145.000000000,-145.000000000,0.000000000,auto_capture
pendulum_pid_ws,SWING_UP,2.500,171.905074,-15.585734,-11.604842,0.019127827,-1.950513072,3.000309543,0.000000,6,-0.116048422,-11.604842169,145.000000000,145.000000000,0.000000000,auto_capture
pendulum_pid_ws,SWING_UP,2.551,171.572204,-21.474508,2.970698,0.010002707,-1.200553639,2.994499867,0.000000,6,0.029706978,2.970697831,134.770770911,134.770770911,0.000000000,auto_capture
pendulum_pid_ws,SWING_UP,2.602,172.976594,-26.714088,17.498195,0.008593939,1.188431820,3.019011102,0.000000,6,0.174981954,17.498195432,34.698966079,34.698966079,0.000000000,auto_capture
pendulum_pid_ws,SWING_UP,2.654,174.846599,-31.844846,60.857584,0.008959074,1.357654869,3.051648841,0.000000,6,0.608575842,60.857584233,47.572603457,47.572603457,0.000000000,auto_capture
pendulum_pid_ws,SWING_UP,2.705,-172.701458,-31.538298,34.881149,0.131246891,5.658346466,-3.014209071,0.000000,6,0.348811487,34.881148659,24.915106185,24.915106185,0.000000000,auto_capture
pendulum_pid_ws,SWING_UP,2.756,-167.915131,-33.387561,46.694501,0.011498379,0.836993054,-2.930671893,0.000000,6,0.466945010,46.694501036,33.353215026,33.353215026,0.000000000,auto_capture
pendulum_pid_ws,SWING_UP,2.808,-156.427677,-30.802876,20.903334,0.125940170,4.826923155,-2.730177997,0.000000,6,0.209033342,20.903334237,-145.000000000,-145.000000000,0.000000000,auto_capture
pendulum_pid_ws,SWING_UP,2.859,-155.508990,-31.915411,30.137328,0.038947647,0.954198332,-2.714143894,0.000000,6,0.301373279,30.137327896,21.526662783,21.526662783,0.000000000,auto_capture
pendulum_pid_ws,SWING_UP,2.909,-153.087184,-30.914341,43.418425,0.048592603,-1.234324980,-2.671875398,0.000000,6,0.434184249,43.418424893,118.701307565,118.701307565,0.000000000,auto_capture
pendulum_pid_ws,SWING_UP,2.961,-153.062604,-29.878510,25.820378,0.043083073,0.356536807,-2.671446396,0.000000,6,0.258203782,25.820378236,13.776658690,13.776658690,0.000000000,auto_capture
pendulum_pid_ws,SWING_UP,3.012,-151.561605,-26.841149,4.818225,0.063819158,2.029046096,-2.645249025,0.000000,6,0.048182251,4.818225102,-145.000000000,-145.000000000,0.000000000,auto_capture
pendulum_pid_ws,SWING_UP,3.064,-151.398695,-23.228105,5.378176,0.048584687,-0.418607432,-2.642405713,0.000000,6,0.053781755,5.378175527,3.841553948,3.841553948,0.000000000,auto_capture
pendulum_pid_ws,SWING_UP,3.115,-152.673366,-19.215647,19.400801,0.048336338,-1.066072462,-2.664652922,0.000000,6,0.194008009,19.400800930,99.478299908,99.478299908,0.000000000,auto_capture
pendulum_pid_ws,SWING_UP,3.166,-152.388362,-13.166523,5.162923,0.046730911,0.714188569,-2.659678660,0.000000,6,0.051629227,5.162922737,-66.208402198,-66.208402198,0.000000000,auto_capture
pendulum_pid_ws,SWING_UP,3.217,-152.215622,-5.957022,19.456487,0.045257107,-0.064354771,-2.656663771,0.000000,6,0.194564873,19.456487347,48.154654159,48.154654159,0.000000000,auto_capture
pendulum_pid_ws,SWING_UP,3.269,-153.261159,1.820849,33.986021,0.042564826,-0.388637075,-2.674911841,0.000000,6,0.339860205,33.986020546,48.264431167,48.264431167,0.000000000,auto_capture
pendulum_pid_ws,SWING_UP,3.320,-152.967818,11.505557,48.709706,0.042918796,-0.111399255,-2.669792071,0.000000,6,0.487097058,48.709705755,48.249998121,48.249998121,0.000000000,auto_capture
pendulum_pid_ws,SWING_UP,3.371,-153.693720,21.855098,62.531218,0.040767150,-0.179837820,-2.682461454,0.000000,6,0.625312184,62.531218359,48.337730901,48.337730901,0.000000000,auto_capture
pendulum_pid_ws,SWING_UP,3.422,-156.417206,32.188763,48.768475,0.036362139,-0.947369159,-2.729995245,0.000000,6,0.487684750,48.768474961,-60.842885781,-60.842885781,0.000000000,auto_capture
pendulum_pid_ws,SWING_UP,3.474,-170.963172,36.842893,-22.943444,0.269277103,-8.130290156,-2.983870255,0.000000,6,-0.229434436,-22.943443639,-33.932918317,-33.932918317,0.000000000,auto_capture
pendulum_pid_ws,SWING_UP,3.525,160.981870,32.772762,-37.819174,0.459568629,-10.466012547,2.809663663,0.000000,6,-0.378191741,-37.819174060,-27.013695757,-27.013695757,0.000000000,auto_capture
pendulum_pid_ws,SWING_UP,3.576,141.008717,29.437003,-5.866304,0.089426700,-0.709990046,2.461066392,0.000000,6,-0.058663041,-5.866304102,-40.480539698,-40.480539698,0.000000000,auto_capture
pendulum_pid_ws,SWING_UP,3.627,139.064357,33.799235,-48.666601,0.111275218,-1.956542439,2.427130896,0.000000,6,-0.486666006,-48.666600609,-34.761857578,-34.761857578,0.000000000,auto_capture
pendulum_pid_ws,SWING_UP,3.679,131.054276,31.445337,-34.659901,0.172090872,-3.058138992,2.287328606,0.000000,6,-0.346599012,-34.659901205,-24.757072289,-24.757072289,0.000000000,auto_capture
pendulum_pid_ws,SWING_UP,3.731,129.550098,30.267215,-49.345816,0.143268618,0.427307062,2.261075759,0.000000,6,-0.493458158,-49.345815799,-44.158262254,-44.158262254,0.000000000,auto_capture
pendulum_pid_ws,SWING_UP,3.782,129.640745,27.418297,-61.668467,0.142124934,0.127531537,2.262657852,0.000000,6,-0.616684668,-61.668466756,-44.204895671,-44.204895671,0.000000000,auto_capture
pendulum_pid_ws,SWING_UP,3.833,130.381407,22.166949,-61.371649,0.139588420,0.594492466,2.275584842,0.000000,6,-0.613716486,-61.371648551,-44.308321320,-44.308321320,0.000000000,auto_capture
pendulum_pid_ws,SWING_UP,3.884,131.223567,14.201353,-62.284909,0.137371259,0.943719113,2.290283301,0.000000,6,-0.622849089,-62.284908882,-55.970748225,-55.970748225,0.000000000,auto_capture
pendulum_pid_ws,SWING_UP,3.935,132.008157,3.578322,-62.501119,0.131364323,0.627033785,2.303976976,0.000000,6,-0.625011191,-62.501119150,-44.643656535,-44.643656535,0.000000000,auto_capture
pendulum_pid_ws,SWING_UP,3.986,135.697011,-7.421678,-127.232192,0.123215930,1.705832877,2.368359635,0.000000,6,-1.272321919,-127.232191939,-108.638981640,-108.638981640,0.000000000,auto_capture
pendulum_pid_ws,SWING_UP,4.038,141.984589,-18.421678,-198.491503,0.108106618,2.492842108,2.478098568,0.000000,6,-1.984915031,-198.491503137,-145.000000000,-145.000000000,0.000000000,auto_capture
pendulum_pid_ws,SWING_UP,4.089,150.009163,-29.421678,-203.000000,0.087858108,2.971441142,2.618153806,0.000000,6,-2.030000000,-203.000000000,-145.000000000,-145.000000000,0.000000000,auto_capture
pendulum_pid_ws,SWING_UP,4.140,167.166304,-35.829086,-131.043458,0.343166156,9.129123297,2.917602400,0.000000,6,-1.310434580,-131.043458003,39.072408885,39.072408885,0.000000000,auto_capture
pendulum_pid_ws,SWING_UP,4.192,-161.597386,-32.913746,-59.302404,0.546682238,11.474052619,-2.820406452,0.000000,6,-0.593024040,-59.302404003,27.253367781,27.253367781,0.000000000,auto_capture
pendulum_pid_ws,SWING_UP,4.243,-139.021127,-30.779238,-102.164227,0.106553795,1.612198997,-2.426376403,0.000000,6,-1.021642272,-102.164227201,-109.248301426,-109.248301426,0.000000000,auto_capture
pendulum_pid_ws,SWING_UP,4.294,-137.638581,-38.262323,-30.167990,0.122804370,2.255678871,-2.402246410,0.000000,6,-0.301679896,-30.167989600,53.711083525,53.711083525,0.000000000,auto_capture
pendulum_pid_ws,SWING_UP,4.345,-126.850776,-36.472001,46.623362,0.227779900,4.204614195,-2.213963704,0.000000,6,0.466233623,46.623362322,33.302401658,33.302401658,0.000000000,auto_capture
pendulum_pid_ws,SWING_UP,4.397,-115.641594,-29.158645,8.178311,0.252842908,2.750009576,-2.018326568,0.000000,6,0.081783113,8.178311292,-86.961334012,-86.961334012,0.000000000,auto_capture
pendulum_pid_ws,SWING_UP,4.448,-109.931220,-30.589588,-55.011492,0.262566535,0.991526821,-1.918661747,0.000000,6,-0.550114924,-55.011492383,-39.293923131,-39.293923131,4.143785568,auto_capture
pendulum_pid_ws,SWING_UP,4.499,-102.883369,-35.524352,16.832460,0.323560967,2.159472276,-1.795653532,0.000000,6,0.024966492,2.496649218,46.571301050,46.571301050,3.327263563,auto_capture
pendulum_pid_ws,SWING_UP,4.549,-95.434131,-32.779471,37.835142,0.395617872,3.177211215,-1.665639811,0.000000,6,0.401806572,40.180657173,28.700469409,28.700469409,-0.081739582,auto_capture
pendulum_pid_ws,SWING_UP,4.601,-89.682797,-26.810306,3.710913,0.405027685,1.616730796,-1.565260083,0.000000,6,0.037109134,3.710913393,2.650652423,2.650652423,1.441730374,auto_capture
pendulum_pid_ws,SWING_UP,4.653,-84.435065,-20.776939,44.782498,0.441756589,1.681076238,-1.473669889,0.000000,6,0.447824985,44.782498481,31.987498915,31.987498915,0.975894652,auto_capture
pendulum_pid_ws,SWING_UP,4.705,-79.065387,-10.345647,42.320303,0.484888986,2.124569017,-1.379951336,0.000000,6,0.423203026,42.320302558,30.228787541,30.228787541,-0.407131099,auto_capture
pendulum_pid_ws,SWING_UP,4.756,-74.155106,0.654353,40.931069,0.509225386,1.556181254,-1.294250753,0.000000,6,0.409310687,40.931068706,29.236477647,29.236477647,-0.321864702,auto_capture
pendulum_pid_ws,SWING_UP,4.807,-69.806276,11.654353,39.449641,0.535176818,1.352972780,-1.218349348,0.000000,6,0.394496414,39.449641381,28.178315272,28.178315272,0.895253110,auto_capture
pendulum_pid_ws,SWING_UP,4.858,-65.423814,22.654353,37.685577,0.566079443,1.618576736,-1.141860956,0.000000,6,0.376855772,37.685577159,26.918269400,26.918269400,-0.002256917,auto_capture
pendulum_pid_ws,SWING_UP,4.909,-61.101514,33.386387,8.386033,0.597302831,1.953963872,-1.066422590,0.000000,6,0.083860327,8.386032727,-76.683760224,-76.683760224,-1.063676487,auto_capture
pendulum_pid_ws,SWING_UP,4.960,-56.345986,35.896553,-45.253796,0.620613474,1.639711010,-0.983422975,0.000000,6,-0.480901754,-48.090175371,-34.350125265,-34.350125265,-0.637657861,auto_capture
pendulum_pid_ws,SWING_UP,5.012,-52.524345,31.454995,-34.682888,0.636090690,1.111867879,-0.916722751,0.000000,6,-0.346828877,-34.682887675,-24.773491197,-24.773491197,0.448374443,auto_capture
pendulum_pid_ws,SWING_UP,5.062,-49.679975,24.796423,32.736024,0.652785013,1.272804056,-0.867079129,0.000000,6,0.327360237,32.736023749,23.382874106,23.382874106,-0.106660694,auto_capture
pendulum_pid_ws,SWING_UP,5.114,-47.118154,22.124162,32.218760,0.661846367,0.778233590,-0.822366927,0.000000,6,0.322187599,32.218759870,23.013399907,23.013399907,0.928286936,auto_capture
pendulum_pid_ws,SWING_UP,5.165,-44.983125,23.581092,31.687168,0.671158711,0.549614018,-0.785103646,0.000000,6,0.316871684,31.687168404,22.633691717,22.633691717,1.350278751,auto_capture
pendulum_pid_ws,SWING_UP,5.216,-42.640104,29.061620,30.899019,0.684965392,0.988291177,-0.744210214,0.000000,6,0.308990194,30.899019392,22.070728137,22.070728137,0.158415901,auto_capture
pendulum_pid_ws,SWING_UP,5.268,-38.860298,35.606750,-26.896696,0.701769651,0.976776056,-0.678240146,0.000000,6,-0.268966959,-26.896695856,-47.581616095,-47.581616095,-0.038246037,auto_capture
pendulum_pid_ws,SWING_UP,5.319,-36.313242,34.110148,-41.002152,0.709970001,0.586822392,-0.633785638,0.000000,6,-0.410021523,-41.002152327,-29.287251662,-29.287251662,0.746497429,auto_capture
pendulum_pid_ws,SWING_UP,5.369,-33.790179,27.784295,7.269807,0.721580280,0.875294707,-0.589749886,0.000000,6,0.072698066,7.269806553,20.577766379,20.577766379,-0.095557685,auto_capture
pendulum_pid_ws,SWING_UP,5.421,-32.159599,23.511200,28.586787,0.725470742,0.468290472,-0.561290893,0.000000,6,0.285867874,28.586787411,20.419133865,20.419133865,0.784491904,auto_capture
pendulum_pid_ws,SWING_UP,5.473,-31.042200,22.911386,28.394115,0.728845955,0.246197303,-0.541788605,0.000000,6,0.283941147,28.394114688,20.281510492,20.281510492,1.251207730,auto_capture
pendulum_pid_ws,SWING_UP,5.524,-29.589810,25.912486,28.017117,0.735450143,0.675623182,-0.516439607,0.000000,6,0.280171172,28.017117195,20.012226568,20.012226568,0.134399027,auto_capture
pendulum_pid_ws,SWING_UP,5.575,-28.400047,32.505756,13.499278,0.737890894,0.281490084,-0.495674328,0.000000,6,0.134992781,13.499278129,-68.524254071,-68.524254071,1.009716512,auto_capture
pendulum_pid_ws,SWING_UP,5.627,-25.372675,37.253237,-29.745570,0.764629513,2.102410159,-0.442836722,0.000000,6,-0.297455697,-29.745569676,-16.746518026,-16.746518026,-3.540139528,auto_capture
pendulum_pid_ws,SWING_UP,5.678,-23.039257,37.163156,-23.739037,0.753501019,0.003530292,-0.402110885,0.000000,6,-0.237390372,-23.739037249,-16.956455178,-16.956455178,1.358704308,auto_capture
pendulum_pid_ws,SWING_UP,5.729,-22.362269,34.314459,-20.940709,0.755547304,-0.253499681,-0.390295229,0.000000,6,-0.209407095,-20.940709467,-14.957649619,-14.957649619,1.935403013,auto_capture
pendulum_pid_ws,SWING_UP,5.780,-19.771992,29.041140,0.667170,0.773328164,1.707455700,-0.345086369,0.000000,6,0.006671696,0.667169623,0.476549731,0.476549731,-0.253721602,auto_capture
pendulum_pid_ws,SWING_UP,5.831,-19.003784,23.055279,-4.084725,0.764901788,-0.610069167,-0.331678607,0.000000,6,-0.040847251,-4.084725056,-2.917660755,-2.917660755,2.591873266,auto_capture
pendulum_pid_ws,SWING_UP,5.883,-18.224696,16.947847,11.089493,0.765306614,0.218198924,-0.318080959,0.000000,6,0.110894928,11.089492767,39.217664108,39.217664108,0.557797843,manual_A_near_upright
pendulum_pid_ws,SWING_UP,5.934,-17.733545,13.861433,27.219124,0.768275690,0.728223259,-0.309508741,0.000000,6,0.272191236,27.219123555,3.706399146,3.706399146,-0.695406103,manual_A_near_upright
pendulum_pid_ws,SWING_UP,5.985,-16.950735,15.329403,0.931917,0.768535368,0.442400799,-0.295846136,0.000000,6,0.009319167,0.931916748,0.665654820,0.665654820,-0.055885055,manual_A_near_upright
pendulum_pid_ws,SWING_UP,6.037,-16.037556,17.966097,0.542235,0.769928991,0.316575077,-0.279908156,0.000000,6,0.005422350,0.542234960,0.387310686,0.387310686,0.191907546,manual_A_near_upright
pendulum_pid_ws,SWING_UP,6.087,-15.070733,20.633897,-1.160284,0.771684144,0.308430725,-0.263033919,0.000000,6,-0.011602843,-1.160284301,-0.828774501,-0.828774501,0.154081585,manual_A_near_upright
pendulum_pid_ws,SWING_UP,6.138,-14.113827,22.996965,-2.672962,0.773370366,0.322361460,-0.246332754,0.000000,6,-0.026729623,-2.672962324,-1.909258803,-1.909258803,0.063863859,manual_A_near_upright
pendulum_pid_ws,SWING_UP,6.189,-13.204729,24.994237,-2.786499,0.774807443,0.309224476,-0.230466003,0.000000,6,-0.027864987,-2.786498689,-1.990356206,-1.990356206,0.041445668,manual_A_near_upright
pendulum_pid_ws,SWING_UP,6.241,-12.359510,26.644889,-2.420589,0.776035609,0.287208887,-0.215714135,0.000000,6,-0.024205890,-2.420589026,-1.728992161,-1.728992161,0.044126730,manual_A_near_upright
pendulum_pid_ws,SWING_UP,6.291,-11.572810,27.988610,-2.080269,0.777107587,0.266860550,-0.201983633,0.000000,6,-0.021501859,-2.150185914,-1.535847082,-1.535847082,0.045575234,manual_A_near_upright
pendulum_pid_ws,SWING_UP,6.343,-10.839515,29.064324,-1.800937,0.778045872,0.248574035,-0.189185226,0.000000,6,-0.018009375,-1.800937479,-1.286383913,-1.286383913,0.046220942,manual_A_near_upright
pendulum_pid_ws,SWING_UP,6.393,-10.155535,29.907208,-1.575407,0.778867451,0.231993179,-0.177247518,0.000000,6,-0.015754069,-1.575406891,-1.125290636,-1.125290636,0.045857934,manual_A_near_upright
pendulum_pid_ws,SWING_UP,6.445,-9.517141,30.547132,-1.378854,0.779586752,0.216607655,-0.166105453,0.000000,6,-0.013788540,-1.378854037,-0.984895741,-0.984895741,0.044900169,manual_A_near_upright
pendulum_pid_ws,SWING_UP,6.496,-8.921029,31.009832,-3.642857,0.780216856,0.202307088,-0.155701333,0.000000,6,-0.036428566,-3.642856616,-2.602040440,-2.602040440,0.043847521,manual_A_near_upright
pendulum_pid_ws,SWING_UP,6.547,-8.191108,31.107443,-8.525581,0.781782568,0.496410541,-0.142961806,0.000000,6,-0.085255806,-8.525580637,-6.089700455,-6.089700455,-0.705315159,manual_A_near_upright
pendulum_pid_ws,SWING_UP,6.599,-7.778675,30.574100,-3.847456,0.781553485,0.301760793,-0.135763497,0.000000,6,-0.038474557,-3.847455655,-2.748182611,-2.748182611,-0.262630013,manual_A_near_upright
pendulum_pid_ws,SWING_UP,6.650,-7.354844,30.578691,-0.754845,0.781689105,0.171486696,-0.128366237,0.000000,6,-0.007548454,-0.754845351,-0.539175250,-0.539175250,0.024877137,manual_A_near_upright
pendulum_pid_ws,SWING_UP,6.700,-6.926683,30.598430,0.026612,0.782013351,0.139074276,-0.120893429,0.000000,6,0.000266123,0.026612303,0.019008788,0.019008788,0.011401995,manual_A_near_upright
pendulum_pid_ws,SWING_UP,6.751,-6.505249,30.554220,-0.311861,0.782350707,0.138908726,-0.113538018,0.000000,6,-0.004214888,-0.421488763,-0.301063402,-0.301063402,0.047731482,manual_A_near_upright
pendulum_pid_ws,SWING_UP,6.802,-6.105094,30.441749,-0.462496,0.782647374,0.134975552,-0.106553989,0.000000,6,-0.004624959,-0.462495936,-0.330354240,-0.330354240,0.038342237,manual_A_near_upright
pendulum_pid_ws,SWING_UP,6.854,-5.730649,30.267666,-0.448242,0.782903931,0.127503986,-0.100018691,0.000000,6,-0.004482419,-0.448241914,-0.320172796,-0.320172796,0.034053984,manual_A_near_upright
pendulum_pid_ws,SWING_UP,6.905,-5.380614,30.039909,-0.378017,0.783127750,0.119124973,-0.093909427,0.000000,6,-0.003780166,-0.378016620,-0.270011872,-0.270011872,0.033392117,manual_A_near_upright
pendulum_pid_ws,BALANCE,6.956,-5.224361,30.153103,0.951946,0.783238431,0.130909500,-0.091182303,29.561748,7,0.009519458,0.951945814,0.679961296,0.679961296,-0.004162971,manual_A_near_upright
pendulum_pid_ws,BALANCE,7.007,-4.917885,30.847024,-1.021823,0.783415636,0.122702622,-0.085833291,29.037401,7,-0.010218233,-1.021823267,-0.729873762,-0.729873762,-0.002653102,manual_A_near_upright
pendulum_pid_ws,BALANCE,7.059,-4.520762,31.411075,-1.972642,0.783645279,0.128549092,-0.078902184,28.520081,7,-0.019726419,-1.972641870,-1.409029907,-1.409029907,-0.040250394,manual_A_near_upright
pendulum_pid_ws,BALANCE,7.109,-3.823838,30.737906,-13.451616,0.784595414,0.408953314,-0.066738559,28.014907,7,-0.134516158,-13.451615801,4.080171536,4.080171536,0.005353987,manual_A_near_upright
pendulum_pid_ws,BALANCE,7.160,-3.945828,29.669579,0.123228,0.784164210,0.271279833,-0.068867683,27.522438,7,0.001232280,0.123227994,-2.779945271,-2.779945271,-0.416921475,manual_A_near_upright
pendulum_pid_ws,BALANCE,7.211,-3.788056,30.046885,-0.833560,0.783981488,0.098461698,-0.066114057,27.031473,7,-0.008335604,-0.833560372,-0.595400266,-0.595400266,-0.011520283,manual_A_near_upright
pendulum_pid_ws,BALANCE,7.262,-3.585776,30.504512,0.165604,0.784048325,0.064287805,-0.062583591,26.552166,7,0.001656036,0.165603598,0.118288284,0.118288284,0.058493478,manual_A_near_upright
pendulum_pid_ws,BALANCE,7.314,-3.367812,30.905511,-0.147770,0.784140670,0.067729194,-0.058779404,26.079558,7,-0.001477703,-0.147770332,-0.105550237,-0.105550237,0.037299906,manual_A_near_upright
pendulum_pid_ws,BALANCE,7.365,-3.109873,31.188207,-1.100620,0.784250645,0.084436345,-0.054277531,25.614393,7,-0.011006196,-1.100619578,-0.786156841,-0.786156841,-0.018103625,manual_A_near_upright
pendulum_pid_ws,BALANCE,7.416,-3.003019,30.740771,17.852177,0.784517205,-0.253011106,-0.052412573,25.159704,7,0.178521770,17.852177026,12.751555019,12.751555019,0.785429403,manual_A_near_upright
pendulum_pid_ws,BALANCE,7.468,-2.817562,30.814651,0.378363,0.784337975,0.055544273,-0.049175737,24.706566,7,0.003783626,0.378362620,0.270259014,0.270259014,0.303694417,manual_A_near_upright
pendulum_pid_ws,BALANCE,7.519,-2.613062,31.010996,-2.526569,0.784419439,0.082848523,-0.045606529,24.266894,7,-0.025265691,-2.526569100,-1.804692214,-1.804692214,-0.043774256,manual_A_near_upright
pendulum_pid_ws,BALANCE,7.571,-2.120983,30.855861,-0.514734,0.784767984,0.243318075,-0.037018139,23.832178,7,-0.005147339,-0.514733922,-0.367667087,-0.367667087,-0.458101707,manual_A_near_upright
pendulum_pid_ws,BALANCE,7.622,-2.256208,30.514549,2.430589,0.784495942,0.005906378,-0.039378263,23.406463,7,0.024305887,2.430588657,1.736134755,1.736134755,0.119710785,manual_A_near_upright
pendulum_pid_ws,BALANCE,7.674,-2.173501,30.572512,1.525184,0.784517849,0.006236704,-0.037934747,22.986774,7,0.015251837,1.525183735,1.089416954,1.089416954,0.114010050,manual_A_near_upright
pendulum_pid_ws,BALANCE,7.725,-2.038827,30.630317,0.354780,0.784555419,0.030940502,-0.035584251,22.575974,7,0.003547801,0.354780123,0.253414374,0.253414374,0.046729249,manual_A_near_upright
pendulum_pid_ws,BALANCE,7.776,-1.907142,30.653253,-0.276703,0.784590216,0.043521156,-0.033285909,22.174732,7,-0.002767032,-0.276703220,-0.197645157,-0.197645157,0.008721316,manual_A_near_upright
pendulum_pid_ws,BALANCE,7.827,-1.786541,30.641845,-0.308899,0.784616289,0.041924154,-0.031181014,21.782864,7,-0.003088992,-0.308899161,-0.220642258,-0.220642258,0.005397478,manual_A_near_upright
pendulum_pid_ws,BALANCE,7.879,-1.674903,30.599207,-0.251261,0.784638242,0.038378535,-0.029232568,21.389543,7,-0.002512611,-0.251261053,-0.179472181,-0.179472181,0.007282246,manual_A_near_upright
pendulum_pid_ws,BALANCE,7.930,-1.570808,30.527891,-0.207066,0.784657556,0.035409605,-0.027415779,21.012609,7,-0.002070658,-0.207065840,-0.147904171,-0.147904171,0.008230596,manual_A_near_upright
pendulum_pid_ws,BALANCE,7.980,-1.473404,30.430527,-0.183684,0.784674629,0.033048829,-0.025715760,20.644376,7,-0.001836836,-0.183683643,-0.131202602,-0.131202602,0.007885470,manual_A_near_upright
pendulum_pid_ws,BALANCE,8.031,-1.382118,30.309524,-0.169340,0.784689674,0.030970518,-0.024122517,20.278249,7,-0.001739443,-0.173944259,-0.124245899,-0.124245899,0.007658559,manual_A_near_upright
pendulum_pid_ws,BALANCE,8.082,-1.296616,30.166931,-0.156848,0.784702901,0.029049967,-0.022630222,19.918159,7,-0.001568484,-0.156848425,-0.112034589,-0.112034589,0.007222835,manual_A_near_upright
pendulum_pid_ws,BALANCE,8.134,-1.216524,30.004610,-0.143674,0.784714518,0.027220107,-0.021232357,19.563057,7,-0.001436745,-0.143674474,-0.102624624,-0.102624624,0.006861757,manual_A_near_upright
pendulum_pid_ws,BALANCE,8.185,-1.141520,29.824311,-0.131119,0.784724723,0.025490484,-0.019923281,19.212053,7,-0.001311189,-0.131118937,-0.093656384,-0.093656384,0.006561992,manual_A_near_upright
pendulum_pid_ws,BALANCE,8.236,-1.071286,29.627675,-0.117447,0.784733690,0.023866426,-0.018697476,18.873618,7,-0.001174466,-0.117446591,-0.083890422,-0.083890422,0.006291994,manual_A_near_upright
pendulum_pid_ws,BALANCE,8.287,-1.005508,29.416364,-0.106006,0.784741574,0.022350418,-0.017549425,18.539191,7,-0.001060060,-0.106006001,-0.075718572,-0.075718572,0.006027039,manual_A_near_upright
pendulum_pid_ws,BALANCE,8.338,-0.943889,29.191791,-0.095214,0.784748505,0.020923621,-0.016473966,18.208708,7,-0.000952138,-0.095213808,-0.068009863,-0.068009863,0.005794794,manual_A_near_upright
pendulum_pid_ws,BALANCE,8.389,-0.886190,28.955277,-0.086539,0.784754602,0.019604646,-0.015466928,17.883331,7,-0.000883332,-0.088333243,-0.063095174,-0.063095174,0.005573254,manual_A_near_upright
pendulum_pid_ws,BALANCE,8.440,-0.832141,28.708058,-0.076046,0.784759963,0.018352867,-0.014523597,17.568683,7,-0.000760458,-0.076045755,-0.054318396,-0.054318396,0.005333348,manual_A_near_upright
pendulum_pid_ws,BALANCE,8.491,-0.781532,28.451389,-0.068998,0.784764680,0.017202011,-0.013640313,17.257409,7,-0.000689982,-0.068998162,-0.049284402,-0.049284402,0.005092237,manual_A_near_upright
pendulum_pid_ws,BALANCE,8.542,-0.734113,28.186321,-0.061186,0.784768830,0.016116947,-0.012812685,16.953040,7,-0.000611856,-0.061185573,-0.043703980,-0.043703980,0.004882454,manual_A_near_upright
pendulum_pid_ws,BALANCE,8.593,-0.689678,27.913815,-0.054585,0.784772486,0.015110119,-0.012037157,16.652647,7,-0.000545851,-0.054585131,-0.038989379,-0.038989379,0.004725911,manual_A_near_upright
pendulum_pid_ws,BALANCE,8.643,-0.648072,27.634761,-0.046381,0.784775698,0.014133012,-0.011310989,16.360950,7,-0.000463809,-0.046380924,-0.033129232,-0.033129232,0.004538134,manual_A_near_upright
pendulum_pid_ws,BALANCE,8.695,-0.608323,27.344341,-0.039962,0.784778584,0.013232433,-0.010617240,16.068429,7,-0.000399624,-0.039962359,-0.028544542,-0.028544542,0.004340775,manual_A_near_upright
pendulum_pid_ws,BALANCE,8.745,-0.572542,27.060535,-0.036128,0.784781026,0.012427243,-0.009992737,15.787332,7,-0.000361278,-0.036127757,-0.025805541,-0.025805541,0.004149924,manual_A_near_upright
pendulum_pid_ws,BALANCE,8.796,-0.538318,26.766784,-0.030471,0.784783222,0.011636409,-0.009395423,15.508990,7,-0.000304708,-0.030470765,-0.021764832,-0.021764832,0.004017057,manual_A_near_upright
pendulum_pid_ws,BALANCE,8.847,-0.506237,26.469526,-0.025591,0.784785159,0.010903314,-0.008835495,15.234640,7,-0.000255913,-0.025591264,-0.018279474,-0.018279474,0.003872730,manual_A_near_upright
pendulum_pid_ws,BALANCE,8.898,-0.476167,26.169333,-0.021350,0.784786866,0.010212653,-0.008310680,14.962946,7,-0.000213495,-0.021349518,-0.015249656,-0.015249656,0.003745944,manual_A_near_upright
pendulum_pid_ws,BALANCE,8.948,-0.448005,25.866770,-0.015749,0.784788370,0.009561219,-0.007819157,14.701911,7,-0.000157493,-0.015749325,-0.011249518,-0.011249518,0.003638210,manual_A_near_upright
pendulum_pid_ws,BALANCE,8.999,-0.421602,25.562451,-0.012475,0.784789699,0.008971062,-0.007358345,14.442365,7,-0.000139236,-0.013923597,-0.009945426,-0.009945426,0.003511140,manual_A_near_upright
pendulum_pid_ws,BALANCE,9.050,-0.396858,25.256822,-0.009888,0.784790871,0.008418349,-0.006926485,14.186148,7,-0.000098878,-0.009887807,-0.007062719,-0.007062719,0.003346011,manual_A_near_upright
pendulum_pid_ws,BALANCE,9.101,-0.373662,24.950302,-0.007001,0.784791904,0.007891645,-0.006521632,13.933811,7,-0.000070008,-0.007000793,-0.005000566,-0.005000566,0.003233601,manual_A_near_upright
pendulum_pid_ws,BALANCE,9.152,-0.351920,24.643279,-0.003609,0.784792817,0.007394382,-0.006142160,13.687512,7,-0.000036087,-0.003608708,-0.002577648,-0.002577648,0.003136826,manual_A_near_upright
pendulum_pid_ws,BALANCE,9.203,-0.331549,24.336173,-0.000599,0.784793622,0.006925547,-0.005786615,13.446155,7,-0.000005990,-0.000598972,-0.000427837,-0.000427837,0.003053180,manual_A_near_upright
pendulum_pid_ws,BALANCE,9.254,-0.312439,24.029340,0.001805,0.784794334,0.006492062,-0.005453090,13.207412,7,0.000018053,0.001805340,0.001289528,0.001289528,0.002959557,manual_A_near_upright
pendulum_pid_ws,BALANCE,9.304,-0.294537,23.723074,0.004653,0.784794963,0.006084735,-0.005140639,12.975587,7,0.000046528,0.004652841,0.003323458,0.003323458,0.002874808,manual_A_near_upright
pendulum_pid_ws,BALANCE,9.356,-0.277726,23.417687,0.005516,0.784795521,0.005713659,-0.004847236,12.742084,7,0.000055161,0.005516139,0.003940099,0.003940099,0.002767819,manual_A_near_upright
pendulum_pid_ws,BALANCE,9.407,-0.261974,23.113349,0.008257,0.784796013,0.005348449,-0.004572311,12.515962,7,0.000078225,0.007822484,0.005587489,0.005587489,0.002714706,manual_A_near_upright
pendulum_pid_ws,BALANCE,9.459,-0.247194,22.810340,0.009548,0.784796449,0.005016787,-0.004314345,12.291086,7,0.000095483,0.009548337,0.006820241,0.006820241,0.002628485,manual_A_near_upright
pendulum_pid_ws,BALANCE,9.510,-0.233335,22.508851,0.011135,0.784796835,0.004710411,-0.004072465,12.071701,7,0.000111351,0.011135071,0.007953622,0.007953622,0.002541396,manual_A_near_upright
pendulum_pid_ws,BALANCE,9.562,-0.220342,22.209107,0.012663,0.784797176,0.004411856,-0.003845699,11.855570,7,0.000126625,0.012662509,0.009044649,0.009044649,0.002486923,manual_A_near_upright
pendulum_pid_ws,BALANCE,9.612,-0.208161,21.911324,0.015054,0.784797479,0.004133984,-0.003633088,11.646925,7,0.000150538,0.015053835,0.010752739,0.010752739,0.002430949,manual_A_near_upright
pendulum_pid_ws,BALANCE,9.663,-0.196748,21.615723,0.016747,0.784797746,0.003868466,-0.003433896,11.441330,7,0.000167469,0.016746862,0.011962045,0.011962045,0.002390928,manual_A_near_upright
pendulum_pid_ws,BALANCE,9.715,-0.186031,21.322492,0.016896,0.784797985,0.003639186,-0.003246853,11.237125,7,0.000168957,0.016895714,0.012068367,0.012068367,0.002305253,manual_A_near_upright
pendulum_pid_ws,BALANCE,9.766,-0.175969,21.031706,0.017108,0.784798196,0.003427051,-0.003071234,11.036026,7,0.000169431,0.016943087,0.012102205,0.012102205,0.002242636,manual_A_near_upright
pendulum_pid_ws,BALANCE,9.818,-0.166527,20.743453,0.018220,0.784798384,0.003215136,-0.002906447,10.839222,7,0.000182199,0.018219944,0.013014246,0.013014246,0.002165596,manual_A_near_upright
pendulum_pid_ws,BALANCE,9.868,-0.157678,20.457882,0.019577,0.784798550,0.003013738,-0.002752008,10.647858,7,0.000195582,0.019558208,0.013970149,0.013970149,0.002145699,manual_A_near_upright
pendulum_pid_ws,BALANCE,9.919,-0.149369,20.175130,0.020336,0.784798698,0.002826111,-0.002606988,10.458453,7,0.000199654,0.019965399,0.014260999,0.014260999,0.002076508,manual_A_near_upright
pendulum_pid_ws,BALANCE,9.971,-0.141578,19.895273,0.021191,0.784798830,0.002648186,-0.002471005,10.272996,7,0.000211913,0.021191293,0.015136638,0.015136638,0.002045770,manual_A_near_upright
pendulum_pid_ws,BALANCE,10.022,-0.134259,19.618398,0.021630,0.784798947,0.002484298,-0.002343258,10.089817,7,0.000213164,0.021316440,0.015226028,0.015226028,0.001993095,manual_A_near_upright
pendulum_pid_ws,BALANCE,10.072,-0.127402,19.344571,0.022961,0.784799052,0.002323604,-0.002223579,9.912889,7,0.000229282,0.022928173,0.016377267,0.016377267,0.001981757,manual_A_near_upright
pendulum_pid_ws,BALANCE,10.124,-0.120952,19.073923,0.021832,0.784799145,0.002200907,-0.002111010,9.735795,7,0.000218322,0.021832189,0.015594421,0.015594421,0.001895257,manual_A_near_upright
pendulum_pid_ws,BALANCE,10.175,-0.114888,18.806410,0.022460,0.784799228,0.002062739,-0.002005167,9.562188,7,0.000224603,0.022460271,0.016043051,0.016043051,0.001866996,manual_A_near_upright
pendulum_pid_ws,BALANCE,10.227,-0.109194,18.542080,0.022557,0.784799302,0.001937950,-0.001905796,9.391328,7,0.000225572,0.022557195,0.016112282,0.016112282,0.001828625,manual_A_near_upright
pendulum_pid_ws,BALANCE,10.277,-0.103842,18.280959,0.023427,0.784799369,0.001816905,-0.001812390,9.224637,7,0.000232769,0.023276905,0.016626361,0.016626361,0.001802018,manual_A_near_upright
pendulum_pid_ws,BALANCE,10.329,-0.098824,18.023092,0.023749,0.784799428,0.001706797,-0.001724808,9.060992,7,0.000237485,0.023748519,0.016963228,0.016963228,0.001768032,manual_A_near_upright
pendulum_pid_ws,BALANCE,10.380,-0.094103,17.768520,0.023660,0.784799481,0.001604881,-0.001642409,8.898884,7,0.000237139,0.023713857,0.016938470,0.016938470,0.001741542,manual_A_near_upright
pendulum_pid_ws,BALANCE,10.431,-0.089670,17.517247,0.024018,0.784799529,0.001506605,-0.001565029,8.740894,7,0.000240180,0.024017969,0.017155692,0.017155692,0.001705247,manual_A_near_upright
pendulum_pid_ws,BALANCE,10.482,-0.085501,17.269307,0.024091,0.784799571,0.001418015,-0.001492280,8.585512,7,0.000240910,0.024090974,0.017207839,0.017207839,0.001670516,manual_A_near_upright
pendulum_pid_ws,BALANCE,10.533,-0.081586,17.024711,0.023936,0.784799609,0.001335086,-0.001423939,8.432639,7,0.000239894,0.023989375,0.017135268,0.017135268,0.001649826,manual_A_near_upright
pendulum_pid_ws,BALANCE,10.585,-0.077902,16.783455,0.024225,0.784799644,0.001252734,-0.001359645,8.282768,7,0.000242253,0.024225297,0.017303783,0.017303783,0.001616232,manual_A_near_upright
pendulum_pid_ws,BALANCE,10.636,-0.074436,16.545552,0.024017,0.784799674,0.001183862,-0.001299158,8.135661,7,0.000240166,0.024016643,0.017154745,0.017154745,0.001575866,manual_A_near_upright
pendulum_pid_ws,BALANCE,10.687,-0.071183,16.311002,0.024241,0.784799702,0.001106036,-0.001242386,7.991167,7,0.000242406,0.024240584,0.017314703,0.017314703,0.001569625,manual_A_near_upright
pendulum_pid_ws,BALANCE,10.738,-0.068118,16.079809,0.023951,0.784799727,0.001042436,-0.001188876,7.848709,7,0.000240183,0.024018345,0.017155961,0.017155961,0.001541066,manual_A_near_upright
pendulum_pid_ws,BALANCE,10.789,-0.065234,15.851944,0.023879,0.784799750,0.000981283,-0.001138550,7.709200,7,0.000238788,0.023878796,0.017056283,0.017056283,0.001515993,manual_A_near_upright
pendulum_pid_ws,BALANCE,10.841,-0.062514,15.627393,0.023760,0.784799770,0.000925164,-0.001091082,7.571784,7,0.000237599,0.023759874,0.016971339,0.016971339,0.001489285,manual_A_near_upright
pendulum_pid_ws,BALANCE,10.891,-0.059963,15.406141,0.024374,0.784799788,0.000867353,-0.001046547,7.439117,7,0.000243740,0.024374004,0.017410003,0.017410003,0.001476613,manual_A_near_upright
pendulum_pid_ws,BALANCE,10.942,-0.057565,15.188232,0.023649,0.784799805,0.000819678,-0.001004701,7.307067,7,0.000236494,0.023649421,0.016892444,0.016892444,0.001448756,manual_A_near_upright
pendulum_pid_ws,BALANCE,10.993,-0.055295,14.973616,0.023630,0.784799820,0.000774827,-0.000965071,7.177801,7,0.000236297,0.023629745,0.016878389,0.016878389,0.001421657,manual_A_near_upright
pendulum_pid_ws,BALANCE,11.044,-0.053164,14.762262,0.023099,0.784799833,0.000729775,-0.000927891,7.050049,7,0.000230990,0.023098996,0.016499283,0.016499283,0.001403368,manual_A_near_upright
pendulum_pid_ws,BALANCE,11.095,-0.051365,14.595351,0.014893,0.784799845,0.000806487,-0.000896494,6.926873,7,0.000128866,0.012886590,0.009204707,0.009204707,0.001076296,manual_A_near_upright
pendulum_pid_ws,BALANCE,11.150,-0.049344,14.388807,0.021145,0.784799856,0.000672564,-0.000861223,6.793194,7,0.000169489,0.016948884,0.012106345,0.012106345,0.001119553,manual_A_near_upright
pendulum_pid_ws,BALANCE,11.201,-0.047808,14.225528,0.011169,0.784799866,0.000772389,-0.000834406,6.673064,7,0.000134333,0.013433320,0.009595228,0.009595228,0.001142884,manual_A_near_upright
pendulum_pid_ws,BALANCE,11.257,-0.045948,14.023579,0.016208,0.784799876,0.000704184,-0.000801937,6.544602,7,0.000162085,0.016208482,0.011577487,0.011577487,0.001036544,manual_A_near_upright
pendulum_pid_ws,BALANCE,11.316,-0.044282,13.824257,0.016086,0.784799884,0.000618103,-0.000772865,6.410618,7,0.000160860,0.016085959,0.011599490,0.011599490,0.001127914,manual_A_near_upright
pendulum_pid_ws,BALANCE,11.368,-0.042723,13.627623,0.022604,0.784799892,0.000518733,-0.000745663,6.293806,7,0.000203739,0.020373911,0.014552794,0.014552794,0.001209506,manual_A_near_upright
pendulum_pid_ws,BALANCE,11.421,-0.041319,13.433990,0.021662,0.784799899,0.000492515,-0.000721153,6.177983,7,0.000213229,0.021322899,0.015230642,0.015230642,0.001226672,manual_A_near_upright
pendulum_pid_ws,BALANCE,11.471,-0.040014,13.243479,0.023929,0.784799905,0.000437320,-0.000698372,6.070310,7,0.000239290,0.023928983,0.017092131,0.017092131,0.001324896,manual_A_near_upright
pendulum_pid_ws,BALANCE,11.522,-0.038786,13.056183,0.023457,0.784799911,0.000415329,-0.000676943,5.963371,7,0.000234571,0.023457099,0.016755071,0.016755071,0.001304818,manual_A_near_upright
pendulum_pid_ws,BALANCE,11.573,-0.037618,12.872081,0.022723,0.784799916,0.000398663,-0.000656555,5.857847,7,0.000227233,0.022723297,0.016230927,0.016230927,0.001275494,manual_A_near_upright
pendulum_pid_ws,BALANCE,11.624,-0.036508,12.691105,0.022086,0.784799921,0.000379467,-0.000637187,5.753499,7,0.000220860,0.022086039,0.015775742,0.015775742,0.001255714,manual_A_near_upright
pendulum_pid_ws,BALANCE,11.675,-0.035456,12.513190,0.022269,0.784799925,0.000355018,-0.000618830,5.652305,7,0.000222692,0.022269191,0.015906565,0.015906565,0.001251978,manual_A_near_upright
pendulum_pid_ws,BALANCE,11.725,-0.034461,12.338319,0.021748,0.784799929,0.000340501,-0.000601461,5.552571,7,0.000217481,0.021748097,0.015534355,0.015534355,0.001227766,manual_A_near_upright
pendulum_pid_ws,BALANCE,11.776,-0.033514,12.166442,0.021281,0.784799933,0.000324577,-0.000584928,5.454096,7,0.000212812,0.021281194,0.015200853,0.015200853,0.001209769,manual_A_near_upright
pendulum_pid_ws,BALANCE,11.827,-0.032614,11.997500,0.020930,0.784799937,0.000309189,-0.000569215,5.357325,7,0.000209304,0.020930389,0.014950278,0.014950278,0.001193278,manual_A_near_upright
pendulum_pid_ws,BALANCE,11.878,-0.031761,11.831445,0.020601,0.784799940,0.000293372,-0.000554339,5.262297,7,0.000206010,0.020600993,0.014714995,0.014714995,0.001180660,manual_A_near_upright
pendulum_pid_ws,BALANCE,11.930,-0.030951,11.668232,0.020254,0.784799943,0.000275983,-0.000540191,5.168348,7,0.000202539,0.020253868,0.014467048,0.014467048,0.001174291,manual_A_near_upright
pendulum_pid_ws,BALANCE,11.981,-0.030178,11.507806,0.019908,0.784799946,0.000261371,-0.000526703,5.075971,7,0.000199083,0.019908256,0.014220183,0.014220183,0.001163497,manual_A_near_upright
pendulum_pid_ws,BALANCE,12.033,-0.029442,11.350119,0.019475,0.784799948,0.000251367,-0.000513856,4.985311,7,0.000194748,0.019474805,0.013910575,0.013910575,0.001143829,manual_A_near_upright
pendulum_pid_ws,BALANCE,12.084,-0.028744,11.195126,0.019222,0.784799951,0.000236640,-0.000501684,4.896234,7,0.000192218,0.019221776,0.013729840,0.013729840,0.001137788,manual_A_near_upright
pendulum_pid_ws,BALANCE,12.135,-0.028066,11.039776,0.019271,0.784799953,0.000229059,-0.000489848,4.808635,7,0.000192707,0.019270663,0.013764760,0.013764760,0.001115740,manual_A_near_upright
pendulum_pid_ws,BALANCE,12.186,-0.027444,10.893084,0.018768,0.784799955,0.000214278,-0.000478987,4.723303,7,0.000187682,0.018768228,0.013405877,0.013405877,0.001114289,manual_A_near_upright
pendulum_pid_ws,BALANCE,12.238,-0.026845,10.745942,0.018257,0.784799957,0.000203659,-0.000468542,4.638413,7,0.000182566,0.018256586,0.013040419,0.013040419,0.001104259,manual_A_near_upright
pendulum_pid_ws,BALANCE,12.289,-0.026274,10.601329,0.018222,0.784799959,0.000191261,-0.000458567,4.555921,7,0.000182225,0.018222458,0.013016041,0.013016041,0.001100104,manual_A_near_upright
pendulum_pid_ws,BALANCE,12.340,-0.025727,10.456425,0.018430,0.784799961,0.000184453,-0.000449025,4.475893,7,0.000184295,0.018429542,0.013163958,0.013163958,0.001083996,manual_A_near_upright
pendulum_pid_ws,BALANCE,12.391,-0.025221,10.319667,0.017421,0.784799962,0.000175849,-0.000440195,4.396525,7,0.000174214,0.017421436,0.012443883,0.012443883,0.001074624,manual_A_near_upright
pendulum_pid_ws,BALANCE,12.442,-0.024727,10.182524,0.017308,0.784799964,0.000167057,-0.000431569,4.318718,7,0.000173084,0.017308362,0.012363116,0.012363116,0.001066399,manual_A_near_upright
pendulum_pid_ws,BALANCE,12.493,-0.024252,10.047772,0.016866,0.784799965,0.000163252,-0.000423270,4.241837,7,0.000168659,0.016865922,0.012047087,0.012047087,0.001047313,manual_A_near_upright
pendulum_pid_ws,BALANCE,12.545,-0.023800,9.915370,0.016480,0.784799966,0.000158014,-0.000415388,4.166473,7,0.000164796,0.016479595,0.011771139,0.011771139,0.001033087,manual_A_near_upright
pendulum_pid_ws,BALANCE,12.595,-0.023367,9.785281,0.016286,0.784799967,0.000150706,-0.000407832,4.092512,7,0.000163201,0.016320100,0.011657214,0.011657214,0.001030286,manual_A_near_upright
pendulum_pid_ws,BALANCE,12.646,-0.022957,9.657468,0.016178,0.784799969,0.000140716,-0.000400667,4.020031,7,0.000162617,0.016261712,0.011615509,0.011615509,0.001022670,manual_A_near_upright
pendulum_pid_ws,BALANCE,12.698,-0.022560,9.531903,0.015838,0.784799970,0.000135345,-0.000393753,3.948469,7,0.000158382,0.015838240,0.011313029,0.011313029,0.001013934,manual_A_near_upright
pendulum_pid_ws,BALANCE,12.749,-0.022180,9.408530,0.015717,0.784799971,0.000128745,-0.000387109,3.878341,7,0.000157166,0.015716625,0.011226161,0.011226161,0.001007182,manual_A_near_upright
pendulum_pid_ws,BALANCE,12.800,-0.021822,9.287323,0.015536,0.784799972,0.000122264,-0.000380872,3.809892,7,0.000155360,0.015535980,0.011097129,0.011097129,0.001001531,manual_A_near_upright
pendulum_pid_ws,BALANCE,12.851,-0.021478,9.168266,0.015178,0.784799972,0.000117998,-0.000374870,3.742506,7,0.000151781,0.015178056,0.010841468,0.010841468,0.000991362,manual_A_near_upright
pendulum_pid_ws,BALANCE,12.910,-0.021093,9.028203,0.014854,0.784799973,0.000109962,-0.000368141,3.664182,7,0.000152939,0.015293940,0.010924243,0.010924243,0.000984636,manual_A_near_upright
pendulum_pid_ws,BALANCE,12.962,-0.020776,8.913786,0.014480,0.784799974,0.000107471,-0.000362603,3.599293,7,0.000145514,0.014551427,0.010393877,0.010393877,0.000972420,manual_A_near_upright
pendulum_pid_ws,BALANCE,13.013,-0.020471,8.801387,0.014153,0.784799975,0.000103961,-0.000357289,3.535408,7,0.000141534,0.014153361,0.010109544,0.010109544,0.000965276,manual_A_near_upright
pendulum_pid_ws,BALANCE,13.064,-0.020175,8.690964,0.013982,0.784799976,0.000099377,-0.000352129,3.472558,7,0.000139820,0.013981977,0.009987126,0.009987126,0.000958733,manual_A_near_upright
pendulum_pid_ws,BALANCE,13.115,-0.019893,8.582480,0.013736,0.784799976,0.000095295,-0.000347199,3.410781,7,0.000137360,0.013736009,0.009811435,0.009811435,0.000951769,manual_A_near_upright
pendulum_pid_ws,BALANCE,13.166,-0.019621,8.475908,0.013329,0.784799977,0.000094544,-0.000342444,3.350038,7,0.000133286,0.013328587,0.009520419,0.009520419,0.000937406,manual_A_near_upright
pendulum_pid_ws,BALANCE,13.217,-0.019360,8.371213,0.013156,0.784799978,0.000091164,-0.000337890,3.290757,7,0.000131563,0.013156255,0.009397325,0.009397325,0.000930032,manual_A_near_upright
pendulum_pid_ws,BALANCE,13.269,-0.019110,8.268373,0.012702,0.784799978,0.000088503,-0.000333539,3.231979,7,0.000127022,0.012702232,0.009073023,0.009073023,0.000921626,manual_A_near_upright
pendulum_pid_ws,BALANCE,13.319,-0.018868,8.167345,0.012722,0.784799979,0.000083257,-0.000329301,3.174834,7,0.000127221,0.012722142,0.009087244,0.009087244,0.000919807,manual_A_near_upright
pendulum_pid_ws,BALANCE,13.370,-0.018635,8.068102,0.012603,0.784799979,0.000078960,-0.000325248,3.118677,7,0.000125886,0.012588631,0.008991879,0.008991879,0.000914449,manual_A_near_upright
pendulum_pid_ws,BALANCE,13.422,-0.018413,7.970623,0.012279,0.784799980,0.000077272,-0.000321369,3.063444,7,0.000122789,0.012278950,0.008770678,0.008770678,0.000907203,manual_A_near_upright
pendulum_pid_ws,BALANCE,13.472,-0.018199,7.874878,0.012183,0.784799980,0.000073146,-0.000317634,3.009516,7,0.000121552,0.012155246,0.008682319,0.008682319,0.000906192,manual_A_near_upright
pendulum_pid_ws,BALANCE,13.523,-0.017991,7.780841,0.011850,0.784799981,0.000071342,-0.000313996,2.956090,7,0.000118499,0.011849858,0.008464184,0.008464184,0.000896162,manual_A_near_upright
pendulum_pid_ws,BALANCE,13.573,-0.017791,7.688478,0.011708,0.784799981,0.000068031,-0.000310507,2.904009,7,0.000117661,0.011766091,0.008404351,0.008404351,0.000891247,manual_A_near_upright
pendulum_pid_ws,BALANCE,13.625,-0.017596,7.597762,0.011261,0.784799982,0.000066751,-0.000307110,2.852081,7,0.000112610,0.011260974,0.008043553,0.008043553,0.000883972,manual_A_near_upright
pendulum_pid_ws,BALANCE,13.676,-0.017405,7.508650,0.011089,0.784799982,0.000066529,-0.000303771,2.801598,7,0.000112002,0.011200247,0.008000177,0.008000177,0.000877815,manual_A_near_upright
pendulum_pid_ws,BALANCE,13.727,-0.017221,7.421111,0.011039,0.784799982,0.000063844,-0.000300557,2.752131,7,0.000110391,0.011039106,0.007885076,0.007885076,0.000868671,manual_A_near_upright
pendulum_pid_ws,BALANCE,13.778,-0.017046,7.335129,0.010703,0.784799983,0.000061549,-0.000297507,2.703110,7,0.000107030,0.010703018,0.007645013,0.007645013,0.000863805,manual_A_near_upright
pendulum_pid_ws,BALANCE,13.830,-0.016873,7.250673,0.010431,0.784799983,0.000060118,-0.000294495,2.654819,7,0.000104306,0.010430634,0.007450453,0.007450453,0.000857001,manual_A_near_upright
pendulum_pid_ws,BALANCE,13.880,-0.016708,7.167705,0.010479,0.784799983,0.000054771,-0.000291609,2.607840,7,0.000105174,0.010517387,0.007512419,0.007512419,0.000857305,manual_A_near_upright
pendulum_pid_ws,BALANCE,13.933,-0.016546,7.086212,0.009883,0.784799984,0.000057175,-0.000288783,2.560844,7,0.000098830,0.009882952,0.007059251,0.007059251,0.000844642,manual_A_near_upright
pendulum_pid_ws,BALANCE,13.983,-0.016390,7.006153,0.009996,0.784799984,0.000053614,-0.000286057,2.515757,7,0.000099964,0.009996385,0.007140275,0.007140275,0.000843918,manual_A_near_upright
pendulum_pid_ws,BALANCE,14.034,-0.016240,6.927517,0.009811,0.784799984,0.000052540,-0.000283436,2.471253,7,0.000098114,0.009811352,0.007008108,0.007008108,0.000837586,manual_A_near_upright
pendulum_pid_ws,BALANCE,14.085,-0.016094,6.850283,0.009642,0.784799985,0.000050737,-0.000280901,2.427509,7,0.000096420,0.009641967,0.006887120,0.006887120,0.000833294,manual_A_near_upright
pendulum_pid_ws,BALANCE,14.136,-0.015954,6.774429,0.009513,0.784799985,0.000049016,-0.000278449,2.384730,7,0.000095131,0.009513147,0.006795105,0.006795105,0.000829087,manual_A_near_upright
pendulum_pid_ws,BALANCE,14.187,-0.015819,6.699933,0.009416,0.784799985,0.000045531,-0.000276087,2.342691,7,0.000094157,0.009415690,0.006725493,0.006725493,0.000829422,manual_A_near_upright
pendulum_pid_ws,BALANCE,14.237,-0.015686,6.626776,0.009183,0.784799985,0.000045364,-0.000273773,2.301349,7,0.000091770,0.009177034,0.006555024,0.006555024,0.000820558,manual_A_near_upright
pendulum_pid_ws,BALANCE,14.289,-0.015557,6.554927,0.008918,0.784799986,0.000044621,-0.000271512,2.260475,7,0.000089177,0.008917659,0.006369757,0.006369757,0.000816052,manual_A_near_upright
pendulum_pid_ws,BALANCE,14.339,-0.015430,6.484359,0.008800,0.784799986,0.000043228,-0.000269303,2.220527,7,0.000087954,0.008795417,0.006282440,0.006282440,0.000811112,manual_A_near_upright
pendulum_pid_ws,BALANCE,14.390,-0.015308,6.415052,0.008569,0.784799986,0.000042502,-0.000267181,2.181225,7,0.000085694,0.008569352,0.006120966,0.006120966,0.000806409,manual_A_near_upright
pendulum_pid_ws,BALANCE,14.442,-0.015186,6.346980,0.008190,0.784799986,0.000043021,-0.000265041,2.141917,7,0.000082610,0.008261005,0.005900718,0.005900718,0.000798839,manual_A_near_upright
pendulum_pid_ws,BALANCE,14.493,-0.015067,6.280102,0.008194,0.784799986,0.000040982,-0.000262967,2.103909,7,0.000082519,0.008251866,0.005894190,0.005894190,0.000798160,manual_A_near_upright
pendulum_pid_ws,BALANCE,14.545,-0.014951,6.214404,0.007961,0.784799987,0.000040082,-0.000260940,2.066051,7,0.000079608,0.007960832,0.005686309,0.005686309,0.000790999,manual_A_near_upright
pendulum_pid_ws,BALANCE,14.596,-0.014838,6.149860,0.007836,0.784799987,0.000038250,-0.000258971,2.028987,7,0.000078362,0.007836229,0.005597306,0.005597306,0.000788701,manual_A_near_upright
pendulum_pid_ws,BALANCE,14.648,-0.014727,6.086450,0.007651,0.784799987,0.000038613,-0.000257030,1.992552,7,0.000076507,0.007650730,0.005464807,0.005464807,0.000781232,manual_A_near_upright
pendulum_pid_ws,BALANCE,14.700,-0.014621,6.024151,0.007562,0.784799987,0.000036478,-0.000255180,1.956862,7,0.000075616,0.007561609,0.005401150,0.005401150,0.000780064,manual_A_near_upright
pendulum_pid_ws,BALANCE,14.751,-0.014518,5.962952,0.007415,0.784799987,0.000035362,-0.000253390,1.921805,7,0.000074148,0.007414755,0.005296253,0.005296253,0.000776655,manual_A_near_upright
pendulum_pid_ws,BALANCE,14.802,-0.014419,5.902835,0.007426,0.784799988,0.000034027,-0.000251654,1.887874,7,0.000074262,0.007426237,0.005304455,0.005304455,0.000773958,manual_A_near_upright
pendulum_pid_ws,BALANCE,14.853,-0.014325,5.843795,0.007268,0.784799988,0.000032813,-0.000250021,1.854520,7,0.000072682,0.007268169,0.005191549,0.005191549,0.000771318,manual_A_near_upright
pendulum_pid_ws,BALANCE,14.904,-0.014231,5.785816,0.007154,0.784799988,0.000031981,-0.000248383,1.821696,7,0.000071539,0.007153864,0.005109903,0.005109903,0.000767747,manual_A_near_upright
pendulum_pid_ws,BALANCE,14.954,-0.014145,5.728880,0.007056,0.784799988,0.000029061,-0.000246875,1.789615,7,0.000070683,0.007068324,0.005048803,0.005048803,0.000771628,manual_A_near_upright
pendulum_pid_ws,BALANCE,15.005,-0.014054,5.672971,0.006866,0.784799988,0.000030305,-0.000245293,1.757944,7,0.000068657,0.006865655,0.004904039,0.004904039,0.000761263,manual_A_near_upright
pendulum_pid_ws,BALANCE,15.057,-0.013967,5.618064,0.006616,0.784799988,0.000030952,-0.000243770,1.726692,7,0.000066157,0.006615689,0.004725492,0.004725492,0.000754535,manual_A_near_upright
pendulum_pid_ws,BALANCE,15.107,-0.013882,5.564138,0.006586,0.784799988,0.000029211,-0.000242285,1.696234,7,0.000065863,0.006586335,0.004704525,0.004704525,0.000753662,manual_A_near_upright
pendulum_pid_ws,BALANCE,15.158,-0.013799,5.511181,0.006459,0.784799989,0.000028821,-0.000240839,1.666291,7,0.000064591,0.006459109,0.004613649,0.004613649,0.000749684,manual_A_near_upright
pendulum_pid_ws,BALANCE,15.209,-0.013718,5.459176,0.006255,0.784799989,0.000028318,-0.000239432,1.636700,7,0.000062546,0.006254634,0.004467595,0.004467595,0.000745935,manual_A_near_upright
pendulum_pid_ws,BALANCE,15.260,-0.013638,5.408102,0.006147,0.784799989,0.000028129,-0.000238032,1.607737,7,0.000061470,0.006146982,0.004390701,0.004390701,0.000741799,manual_A_near_upright
pendulum_pid_ws,BALANCE,15.311,-0.013559,5.357940,0.006071,0.784799989,0.000027372,-0.000236658,1.579288,7,0.000060709,0.006070917,0.004336369,0.004336369,0.000738944,manual_A_near_upright
pendulum_pid_ws,BALANCE,15.363,-0.013484,5.308675,0.005873,0.784799989,0.000026593,-0.000235334,1.551100,7,0.000058734,0.005873377,0.004195270,0.004195270,0.000736313,manual_A_near_upright
pendulum_pid_ws,BALANCE,15.414,-0.013408,5.260287,0.005835,0.784799989,0.000024809,-0.000234011,1.523491,7,0.000058347,0.005834682,0.004167630,0.004167630,0.000733303,manual_A_near_upright
pendulum_pid_ws,BALANCE,15.466,-0.013332,5.212749,0.005895,0.784799989,0.000020586,-0.000232691,1.496034,7,0.000058951,0.005895138,0.004210813,0.004210813,0.000741744,manual_A_near_upright
pendulum_pid_ws,BALANCE,15.517,-0.013261,5.166054,0.005581,0.784799989,0.000023644,-0.000231455,1.469391,7,0.000055809,0.005580869,0.003986335,0.003986335,0.000730199,manual_A_near_upright
pendulum_pid_ws,BALANCE,15.569,-0.013189,5.120193,0.005320,0.784799990,0.000026038,-0.000230195,1.443060,7,0.000053198,0.005319840,0.003799886,0.003799886,0.000720172,manual_A_near_upright
pendulum_pid_ws,BALANCE,15.620,-0.013119,5.075139,0.005346,0.784799990,0.000023758,-0.000228967,1.417282,7,0.000053461,0.005346133,0.003818666,0.003818666,0.000720269,manual_A_near_upright
pendulum_pid_ws,BALANCE,15.671,-0.013051,5.030882,0.005311,0.784799990,0.000022048,-0.000227785,1.391974,7,0.000053107,0.005310750,0.003793393,0.003793393,0.000721556,manual_A_near_upright
pendulum_pid_ws,BALANCE,15.722,-0.012988,4.987417,0.005090,0.784799990,0.000022425,-0.000226687,1.367207,7,0.000050901,0.005090058,0.003635756,0.003635756,0.000719139,manual_A_near_upright
pendulum_pid_ws,BALANCE,15.774,-0.012923,4.944732,0.004958,0.784799990,0.000023144,-0.000225546,1.342846,7,0.000049578,0.004957832,0.003541309,0.003541309,0.000711311,manual_A_near_upright
pendulum_pid_ws,BALANCE,15.825,-0.012860,4.902802,0.004978,0.784799990,0.000021298,-0.000224446,1.319013,7,0.000049785,0.004978453,0.003556038,0.003556038,0.000711957,manual_A_near_upright
pendulum_pid_ws,BALANCE,15.876,-0.012798,4.861622,0.004804,0.784799990,0.000021363,-0.000223369,1.295389,7,0.000048038,0.004803842,0.003431315,0.003431315,0.000708184,manual_A_near_upright
pendulum_pid_ws,BALANCE,15.927,-0.012738,4.821175,0.004741,0.784799990,0.000020690,-0.000222318,1.272336,7,0.000047412,0.004741166,0.003386547,0.003386547,0.000706224,manual_A_near_upright
pendulum_pid_ws,BALANCE,15.979,-0.012679,4.781451,0.004584,0.784799990,0.000020681,-0.000221297,1.249578,7,0.000045839,0.004583864,0.003274189,0.003274189,0.000702776,manual_A_near_upright
pendulum_pid_ws,BALANCE,16.030,-0.012622,4.742434,0.004611,0.784799990,0.000018897,-0.000220302,1.227488,7,0.000046109,0.004610914,0.003293510,0.003293510,0.000703676,manual_A_near_upright
pendulum_pid_ws,BALANCE,16.081,-0.012567,4.704118,0.004530,0.784799991,0.000018423,-0.000219329,1.205758,7,0.000045303,0.004530275,0.003235911,0.003235911,0.000701504,manual_A_near_upright
pendulum_pid_ws,BALANCE,16.132,-0.012512,4.666492,0.004423,0.784799991,0.000018309,-0.000218384,1.184417,7,0.000044231,0.004423147,0.003159391,0.003159391,0.000698562,manual_A_near_upright
pendulum_pid_ws,BALANCE,16.183,-0.012458,4.629543,0.004207,0.784799991,0.000018897,-0.000217434,1.163114,7,0.000042069,0.004206926,0.003004947,0.003004947,0.000693924,manual_A_near_upright
pendulum_pid_ws,BALANCE,16.235,-0.012405,4.593252,0.004113,0.784799991,0.000018861,-0.000216504,1.142369,7,0.000041134,0.004113441,0.002938172,0.002938172,0.000694139,manual_A_near_upright
pendulum_pid_ws,BALANCE,16.286,-0.012352,4.557607,0.004089,0.784799991,0.000018474,-0.000215581,1.122123,7,0.000040888,0.004088840,0.002920600,0.002920600,0.000688638,manual_A_near_upright
pendulum_pid_ws,BALANCE,16.337,-0.012302,4.522600,0.004038,0.784799991,0.000017336,-0.000214702,1.102217,7,0.000040384,0.004038409,0.002884578,0.002884578,0.000688381,manual_A_near_upright
pendulum_pid_ws,BALANCE,16.387,-0.012253,4.488223,0.004068,0.784799991,0.000016007,-0.000213854,1.082935,7,0.000040677,0.004067664,0.002905474,0.002905474,0.000688686,manual_A_near_upright
pendulum_pid_ws,BALANCE,16.439,-0.012205,4.454471,0.003782,0.784799991,0.000017430,-0.000213011,1.063462,7,0.000037817,0.003781684,0.002701203,0.002701203,0.000682836,manual_A_near_upright
pendulum_pid_ws,BALANCE,16.490,-0.012155,4.421320,0.003720,0.784799991,0.000016871,-0.000212150,1.044404,7,0.000037204,0.003720373,0.002657409,0.002657409,0.000680819,manual_A_near_upright
pendulum_pid_ws,BALANCE,16.541,-0.012108,4.388758,0.003750,0.784799991,0.000015986,-0.000211323,1.026001,7,0.000037496,0.003749555,0.002678254,0.002678254,0.000680131,manual_A_near_upright
pendulum_pid_ws,BALANCE,16.593,-0.012062,4.356782,0.003566,0.784799991,0.000016248,-0.000210528,1.007616,7,0.000035658,0.003565777,0.002546983,0.002546983,0.000676800,manual_A_near_upright
pendulum_pid_ws,BALANCE,16.644,-0.012016,4.325377,0.003510,0.784799991,0.000015741,-0.000209721,0.989595,7,0.000035104,0.003510404,0.002507431,0.002507431,0.000675271,manual_A_near_upright
pendulum_pid_ws,BALANCE,16.695,-0.011973,4.294533,0.003493,0.784799991,0.000014798,-0.000208972,0.972171,7,0.000035558,0.003555777,0.002539841,0.002539841,0.000676907,manual_A_near_upright
pendulum_pid_ws,BALANCE,16.746,-0.011930,4.264248,0.003458,0.784799991,0.000014187,-0.000208226,0.955069,7,0.000034582,0.003458165,0.002470118,0.002470118,0.000673919,manual_A_near_upright
pendulum_pid_ws,BALANCE,16.796,-0.011888,4.234512,0.003331,0.784799992,0.000014647,-0.000207489,0.938146,7,0.000033578,0.003357794,0.002398424,0.002398424,0.000670517,manual_A_near_upright
pendulum_pid_ws,BALANCE,16.848,-0.011846,4.205312,0.003243,0.784799992,0.000014360,-0.000206756,0.921445,7,0.000032435,0.003243492,0.002316780,0.002316780,0.000668506,manual_A_near_upright
pendulum_pid_ws,BALANCE,16.899,-0.011805,4.176636,0.003143,0.784799992,0.000014309,-0.000206033,0.904973,7,0.000031669,0.003166910,0.002262078,0.002262078,0.000666808,manual_A_near_upright
pendulum_pid_ws,BALANCE,16.950,-0.011763,4.148470,0.003124,0.784799992,0.000013958,-0.000205311,0.888903,7,0.000031002,0.003100196,0.002214426,0.002214426,0.000664040,manual_A_near_upright
pendulum_pid_ws,BALANCE,17.001,-0.011725,4.120811,0.003019,0.784799992,0.000013969,-0.000204636,0.873139,7,0.000030495,0.003049475,0.002178197,0.002178197,0.000663000,manual_A_near_upright
pendulum_pid_ws,BALANCE,17.052,-0.011687,4.093652,0.002971,0.784799992,0.000013477,-0.000203970,0.857727,7,0.000030020,0.003001976,0.002144268,0.002144268,0.000662189,manual_A_near_upright
pendulum_pid_ws,BALANCE,17.102,-0.011649,4.066984,0.002932,0.784799992,0.000012562,-0.000203321,0.842582,7,0.000029813,0.002981312,0.002129509,0.002129509,0.000661402,manual_A_near_upright
pendulum_pid_ws,BALANCE,17.154,-0.011612,4.040799,0.002866,0.784799992,0.000012487,-0.000202672,0.827686,7,0.000028658,0.002865787,0.002046991,0.002046991,0.000659116,manual_A_near_upright
pendulum_pid_ws,BALANCE,17.205,-0.011576,4.015087,0.002797,0.784799992,0.000012220,-0.000202033,0.813007,7,0.000027970,0.002796980,0.001997843,0.001997843,0.000657585,manual_A_near_upright
pendulum_pid_ws,BALANCE,17.256,-0.011539,3.989837,0.002693,0.784799992,0.000012473,-0.000201400,0.798514,7,0.000026931,0.002693058,0.001923613,0.001923613,0.000654827,manual_A_near_upright
pendulum_pid_ws,BALANCE,17.307,-0.011503,3.965040,0.002648,0.784799992,0.000012513,-0.000200768,0.784334,7,0.000026506,0.002650613,0.001893295,0.001893295,0.000653798,manual_A_near_upright
pendulum_pid_ws,BALANCE,17.358,-0.011469,3.940688,0.002576,0.784799992,0.000012416,-0.000200165,0.770429,7,0.000025755,0.002575550,0.001839678,0.001839678,0.000650761,manual_A_near_upright
pendulum_pid_ws,BALANCE,17.409,-0.011435,3.916776,0.002511,0.784799992,0.000012067,-0.000199576,0.756763,7,0.000025452,0.002545152,0.001817966,0.001817966,0.000650635,manual_A_near_upright
pendulum_pid_ws,BALANCE,17.460,-0.011402,3.893295,0.002449,0.784799992,0.000011804,-0.000199000,0.743359,7,0.000024486,0.002448579,0.001748985,0.001748985,0.000650321,manual_A_near_upright
pendulum_pid_ws,BALANCE,17.512,-0.011368,3.870236,0.002373,0.784799992,0.000011990,-0.000198403,0.730045,7,0.000023726,0.002372627,0.001694734,0.001694734,0.000645795,manual_A_near_upright
pendulum_pid_ws,BALANCE,17.563,-0.011335,3.847589,0.002373,0.784799992,0.000010958,-0.000197842,0.717118,7,0.000023732,0.002373193,0.001695138,0.001695138,0.000646362,manual_A_near_upright
pendulum_pid_ws,BALANCE,17.614,-0.011303,3.825348,0.002312,0.784799992,0.000010730,-0.000197281,0.704318,7,0.000023116,0.002311562,0.001651116,0.001651116,0.000645005,manual_A_near_upright
pendulum_pid_ws,BALANCE,17.665,-0.011272,3.803507,0.002235,0.784799992,0.000011199,-0.000196737,0.691811,7,0.000022352,0.002235172,0.001596551,0.001596551,0.000642029,manual_A_near_upright
pendulum_pid_ws,BALANCE,17.716,-0.011242,3.782059,0.002178,0.784799992,0.000011060,-0.000196207,0.679530,7,0.000021781,0.002178129,0.001555807,0.001555807,0.000640558,manual_A_near_upright
pendulum_pid_ws,BALANCE,17.767,-0.011213,3.760998,0.002119,0.784799992,0.000010777,-0.000195697,0.667509,7,0.000021775,0.002177547,0.001555391,0.001555391,0.000641815,manual_A_near_upright
pendulum_pid_ws,BALANCE,17.818,-0.011183,3.740318,0.002068,0.784799993,0.000010664,-0.000195172,0.655608,7,0.000020812,0.002081172,0.001486552,0.001486552,0.000638908,manual_A_near_upright
pendulum_pid_ws,BALANCE,17.869,-0.011154,3.720008,0.002113,0.784799993,0.000009521,-0.000194666,0.644082,7,0.000021132,0.002113215,0.001509440,0.001509440,0.000639014,manual_A_near_upright
pendulum_pid_ws,BALANCE,17.921,-0.011125,3.700065,0.001978,0.784799993,0.000009980,-0.000194175,0.632532,7,0.000019779,0.001977876,0.001412768,0.001412768,0.000636243,manual_A_near_upright
pendulum_pid_ws,BALANCE,17.972,-0.011097,3.680480,0.001930,0.784799993,0.000009683,-0.000193678,0.621184,7,0.000019303,0.001930332,0.001378809,0.001378809,0.000635266,manual_A_near_upright
pendulum_pid_ws,BALANCE,18.023,-0.011070,3.661246,0.001907,0.784799993,0.000009555,-0.000193205,0.610219,7,0.000019291,0.001929101,0.001377929,0.001377929,0.000634999,manual_A_near_upright
pendulum_pid_ws,BALANCE,18.074,-0.011044,3.642360,0.001857,0.784799993,0.000009182,-0.000192749,0.599423,7,0.000019019,0.001901924,0.001358517,0.001358517,0.000634186,manual_A_near_upright
pendulum_pid_ws,BALANCE,18.125,-0.011017,3.623816,0.001785,0.784799993,0.000009381,-0.000192281,0.588700,7,0.000017848,0.001784830,0.001274879,0.001274879,0.000631241,manual_A_near_upright
pendulum_pid_ws,BALANCE,18.176,-0.010991,3.605604,0.001805,0.784799993,0.000008861,-0.000191824,0.578337,7,0.000018046,0.001804634,0.001289024,0.001289024,0.000630937,manual_A_near_upright
pendulum_pid_ws,BALANCE,18.227,-0.010966,3.587722,0.001719,0.784799993,0.000008925,-0.000191387,0.568025,7,0.000017190,0.001718993,0.001227852,0.001227852,0.000629297,manual_A_near_upright
pendulum_pid_ws,BALANCE,18.278,-0.010941,3.570163,0.001724,0.784799993,0.000008269,-0.000190955,0.558012,7,0.000017236,0.001723583,0.001231131,0.001231131,0.000629401,manual_A_near_upright
pendulum_pid_ws,BALANCE,18.329,-0.010917,3.552922,0.001677,0.784799993,0.000008161,-0.000190533,0.548131,7,0.000016774,0.001677394,0.001198139,0.001198139,0.000628224,manual_A_near_upright
pendulum_pid_ws,BALANCE,18.380,-0.010893,3.535994,0.001605,0.784799993,0.000008304,-0.000190122,0.538410,7,0.000016050,0.001604976,0.001146411,0.001146411,0.000626485,manual_A_near_upright
pendulum_pid_ws,BALANCE,18.432,-0.010869,3.519373,0.001548,0.784799993,0.000008164,-0.000189707,0.528791,7,0.000015479,0.001547868,0.001105620,0.001105620,0.000625411,manual_A_near_upright
pendulum_pid_ws,BALANCE,18.483,-0.010846,3.503050,0.001526,0.784799993,0.000007624,-0.000189297,0.519323,7,0.000015255,0.001525527,0.001089662,0.001089662,0.000625313,manual_A_near_upright
pendulum_pid_ws,BALANCE,18.534,-0.010823,3.486703,0.001540,0.784799993,0.000007785,-0.000188900,0.510159,7,0.000015405,0.001540463,0.001100330,0.001100330,0.000623576,manual_A_near_upright
pendulum_pid_ws,BALANCE,18.585,-0.010801,3.470973,0.001502,0.784799993,0.000007361,-0.000188513,0.501129,7,0.000015022,0.001502209,0.001073006,0.001073006,0.000623280,manual_A_near_upright
pendulum_pid_ws,BALANCE,18.635,-0.010780,3.455834,0.001427,0.784799993,0.000007198,-0.000188139,0.492307,7,0.000014272,0.001427219,0.001019442,0.001019442,0.000622395,manual_A_near_upright
pendulum_pid_ws,BALANCE,18.686,-0.010758,3.440663,0.001404,0.784799993,0.000006981,-0.000187764,0.483609,7,0.000014044,0.001404418,0.001003156,0.001003156,0.000621641,manual_A_near_upright
pendulum_pid_ws,BALANCE,18.738,-0.010737,3.425768,0.001349,0.784799993,0.000007055,-0.000187403,0.475062,7,0.000013490,0.001349019,0.000963585,0.000963585,0.000620239,manual_A_near_upright
pendulum_pid_ws,BALANCE,18.797,-0.010714,3.408254,0.001314,0.784799993,0.000006785,-0.000186989,0.465115,7,0.000013422,0.001342158,0.000958684,0.000958684,0.000619831,manual_A_near_upright
pendulum_pid_ws,BALANCE,18.848,-0.010693,3.393954,0.001267,0.784799993,0.000006899,-0.000186635,0.456916,7,0.000012674,0.001267351,0.000905251,0.000905251,0.000618002,manual_A_near_upright
pendulum_pid_ws,BALANCE,18.899,-0.010674,3.379916,0.001204,0.784799993,0.000007391,-0.000186288,0.448857,7,0.000012037,0.001203718,0.000859799,0.000859799,0.000615642,manual_A_near_upright
pendulum_pid_ws,BALANCE,18.949,-0.010654,3.366133,0.001212,0.784799993,0.000006799,-0.000185955,0.441044,7,0.000012123,0.001212333,0.000865952,0.000865952,0.000615929,manual_A_near_upright
pendulum_pid_ws,BALANCE,19.000,-0.010636,3.352604,0.001126,0.784799993,0.000006973,-0.000185625,0.433210,7,0.000011258,0.001125823,0.000804160,0.000804160,0.000614390,manual_A_near_upright
pendulum_pid_ws,BALANCE,19.051,-0.010617,3.339322,0.001100,0.784799993,0.000006841,-0.000185295,0.425579,7,0.000010999,0.001099914,0.000785653,0.000785653,0.000613584,manual_A_near_upright
pendulum_pid_ws,BALANCE,19.101,-0.010598,3.326282,0.001102,0.784799993,0.000006355,-0.000184972,0.418126,7,0.000011023,0.001102287,0.000787348,0.000787348,0.000613652,manual_A_near_upright
pendulum_pid_ws,BALANCE,19.153,-0.010580,3.313480,0.001049,0.784799993,0.000006501,-0.000184649,0.410721,7,0.000010486,0.001048550,0.000748964,0.000748964,0.000612205,manual_A_near_upright
pendulum_pid_ws,BALANCE,19.203,-0.010562,3.300911,0.001031,0.784799993,0.000005980,-0.000184342,0.403493,7,0.000010409,0.001040941,0.000743529,0.000743529,0.000612162,manual_A_near_upright
pendulum_pid_ws,BALANCE,19.253,-0.010545,3.288573,0.000981,0.784799993,0.000006328,-0.000184038,0.396398,7,0.000009807,0.000980707,0.000700505,0.000700505,0.000610542,manual_A_near_upright
pendulum_pid_ws,BALANCE,19.304,-0.010527,3.276459,0.000977,0.784799993,0.000006051,-0.000183727,0.389433,7,0.000009770,0.000977010,0.000697865,0.000697865,0.000610149,manual_A_near_upright
pendulum_pid_ws,BALANCE,19.355,-0.010510,3.264566,0.000901,0.784799993,0.000006152,-0.000183429,0.382467,7,0.000009010,0.000900955,0.000643539,0.000643539,0.000608894,manual_A_near_upright
pendulum_pid_ws,BALANCE,19.406,-0.010493,3.252888,0.000893,0.784799993,0.000005986,-0.000183131,0.375717,7,0.000008926,0.000892633,0.000637595,0.000637595,0.000608279,manual_A_near_upright
pendulum_pid_ws,BALANCE,19.457,-0.010477,3.241423,0.000860,0.784799993,0.000005791,-0.000182853,0.369112,7,0.000008603,0.000860291,0.000614494,0.000614494,0.000607803,manual_A_near_upright
pendulum_pid_ws,BALANCE,19.507,-0.010463,3.232402,0.000444,0.784799993,0.000005662,-0.000182622,0.362693,7,0.000004439,0.000443876,0.000317054,0.000317054,0.000607326,manual_A_near_upright
pendulum_pid_ws,BALANCE,19.567,-0.010437,3.221281,0.000615,0.784799993,0.000005531,-0.000182160,0.355457,7,0.000006154,0.000615382,0.000439559,0.000439559,0.000606069,manual_A_near_upright
pendulum_pid_ws,BALANCE,19.626,-0.010412,3.210309,0.000486,0.784799994,0.000007684,-0.000181719,0.347830,7,0.000004626,0.000462580,0.000330414,0.000330414,0.000598066,manual_A_near_upright
pendulum_pid_ws,BALANCE,19.689,-0.010390,3.199491,0.000384,0.784799994,0.000008094,-0.000181331,0.340343,7,0.000003876,0.000387645,0.000276889,0.000276889,0.000592587,manual_A_near_upright
pendulum_pid_ws,BALANCE,19.742,-0.010372,3.188826,0.000882,0.784799994,0.000001677,-0.000181031,0.334016,7,0.000008825,0.000882475,0.000630339,0.000630339,0.000611482,manual_A_near_upright
pendulum_pid_ws,BALANCE,19.792,-0.010361,3.178345,0.000855,0.784799994,0.000003068,-0.000180837,0.328164,7,0.000008550,0.000855038,0.000610741,0.000610741,0.000607482,manual_A_near_upright
pendulum_pid_ws,BALANCE,19.843,-0.010351,3.168063,0.000810,0.784799994,0.000003275,-0.000180654,0.322429,7,0.000008095,0.000809548,0.000578248,0.000578248,0.000606363,manual_A_near_upright
pendulum_pid_ws,BALANCE,19.896,-0.010337,3.157978,0.000604,0.784799994,0.000005816,-0.000180419,0.316392,7,0.000006039,0.000603860,0.000431329,0.000431329,0.000599467,manual_A_near_upright
pendulum_pid_ws,BALANCE,19.950,-0.010325,3.147877,0.000692,0.784799994,0.000003990,-0.000180204,0.310583,7,0.000006920,0.000692021,0.000494300,0.000494300,0.000603116,manual_A_near_upright
pendulum_pid_ws,BALANCE,20.010,-0.010312,3.136431,0.000663,0.784799994,0.000004013,-0.000179981,0.304077,7,0.000006630,0.000663014,0.000473581,0.000473581,0.000602303,manual_A_near_upright
pendulum_pid_ws,BALANCE,20.061,-0.010301,3.126929,0.000650,0.784799994,0.000004023,-0.000179784,0.298691,7,0.000006497,0.000649666,0.000464047,0.000464047,0.000601610,manual_A_near_upright
pendulum_pid_ws,BALANCE,20.111,-0.010290,3.117606,0.000627,0.784799994,0.000004021,-0.000179592,0.293409,7,0.000006270,0.000627037,0.000447883,0.000447883,0.000600964,manual_A_near_upright
pendulum_pid_ws,BALANCE,20.163,-0.010279,3.108461,0.000595,0.784799994,0.000003899,-0.000179403,0.288188,7,0.000005949,0.000594935,0.000424953,0.000424953,0.000600610,manual_A_near_upright
pendulum_pid_ws,BALANCE,20.213,-0.010268,3.099488,0.000582,0.784799994,0.000003762,-0.000179213,0.283096,7,0.000005843,0.000584303,0.000417360,0.000417360,0.000600477,manual_A_near_upright
pendulum_pid_ws,BALANCE,20.265,-0.010257,3.090685,0.000558,0.784799994,0.000003734,-0.000179022,0.278071,7,0.000005579,0.000557887,0.000398490,0.000398490,0.000599713,manual_A_near_upright
pendulum_pid_ws,BALANCE,20.315,-0.010247,3.082048,0.000546,0.784799994,0.000003573,-0.000178836,0.273169,7,0.000005464,0.000546435,0.000390311,0.000390311,0.000599467,manual_A_near_upright
pendulum_pid_ws,BALANCE,20.367,-0.010236,3.073574,0.000496,0.784799994,0.000003830,-0.000178647,0.268284,7,0.000004958,0.000495792,0.000354137,0.000354137,0.000598208,manual_A_near_upright
pendulum_pid_ws,BALANCE,20.419,-0.010224,3.065260,0.000457,0.784799994,0.000003757,-0.000178451,0.263401,7,0.000004571,0.000457111,0.000326508,0.000326508,0.000597089,manual_A_near_upright
pendulum_pid_ws,BALANCE,20.471,-0.010214,3.057099,0.000451,0.784799994,0.000003704,-0.000178263,0.258717,7,0.000004511,0.000451145,0.000322246,0.000322246,0.000597203,manual_A_near_upright
pendulum_pid_ws,BALANCE,20.522,-0.010203,3.049090,0.000416,0.784799994,0.000003791,-0.000178074,0.254052,7,0.000004162,0.000416160,0.000297257,0.000297257,0.000596352,manual_A_near_upright
pendulum_pid_ws,BALANCE,20.574,-0.010192,3.041230,0.000410,0.784799994,0.000003594,-0.000177891,0.249522,7,0.000004103,0.000410283,0.000293060,0.000293060,0.000596203,manual_A_near_upright
pendulum_pid_ws,BALANCE,20.625,-0.010182,3.033518,0.000379,0.784799994,0.000003502,-0.000177714,0.245042,7,0.000003794,0.000379437,0.000271026,0.000271026,0.000595823,manual_A_near_upright
pendulum_pid_ws,BALANCE,20.676,-0.010172,3.025950,0.000377,0.784799994,0.000003508,-0.000177532,0.240700,7,0.000003813,0.000381281,0.000272343,0.000272343,0.000595514,manual_A_near_upright
pendulum_pid_ws,BALANCE,20.728,-0.010162,3.018525,0.000352,0.784799994,0.000003439,-0.000177361,0.236416,7,0.000003519,0.000351853,0.000251323,0.000251323,0.000594772,manual_A_near_upright
pendulum_pid_ws,BALANCE,20.780,-0.010152,3.011240,0.000283,0.784799994,0.000003791,-0.000177186,0.232098,7,0.000002832,0.000283248,0.000202320,0.000202320,0.000593336,manual_A_near_upright
pendulum_pid_ws,BALANCE,20.833,-0.010141,3.004088,0.000290,0.784799994,0.000003584,-0.000176999,0.227888,7,0.000002904,0.000290361,0.000207400,0.000207400,0.000593197,manual_A_near_upright
pendulum_pid_ws,BALANCE,20.883,-0.010132,2.997068,0.000302,0.784799994,0.000003240,-0.000176832,0.223850,7,0.000003021,0.000302073,0.000215767,0.000215767,0.000593453,manual_A_near_upright
pendulum_pid_ws,BALANCE,20.935,-0.010122,2.990180,0.000256,0.784799994,0.000003547,-0.000176660,0.219786,7,0.000002557,0.000255654,0.000182610,0.000182610,0.000592131,manual_A_near_upright
pendulum_pid_ws,BALANCE,20.988,-0.010113,2.983420,0.000229,0.784799994,0.000003188,-0.000176499,0.215783,7,0.000002295,0.000229467,0.000163905,0.000163905,0.000592446,manual_A_near_upright
pendulum_pid_ws,BALANCE,21.039,-0.010103,2.976786,0.000246,0.784799994,0.000003105,-0.000176331,0.211957,7,0.000002459,0.000245932,0.000175666,0.000175666,0.000592072,manual_A_near_upright
pendulum_pid_ws,BALANCE,21.090,-0.010094,2.970276,0.000240,0.784799994,0.000002935,-0.000176179,0.208217,7,0.000002398,0.000239782,0.000171273,0.000171273,0.000591962,manual_A_near_upright
pendulum_pid_ws,BALANCE,21.141,-0.010086,2.963891,0.000218,0.784799994,0.000003036,-0.000176027,0.204542,7,0.000002183,0.000218327,0.000155948,0.000155948,0.000591206,manual_A_near_upright
pendulum_pid_ws,BALANCE,21.201,-0.010076,2.956390,0.000206,0.784799994,0.000002980,-0.000175856,0.200284,7,0.000002058,0.000205838,0.000147027,0.000147027,0.000590758,manual_A_near_upright
pendulum_pid_ws,BALANCE,21.251,-0.010067,2.950273,0.000176,0.784799994,0.000002885,-0.000175710,0.196718,7,0.000001796,0.000179607,0.000128291,0.000128291,0.000590345,manual_A_near_upright
pendulum_pid_ws,BALANCE,21.302,-0.010059,2.944271,0.000166,0.784799994,0.000002901,-0.000175561,0.193249,7,0.000001615,0.000161519,0.000115371,0.000115371,0.000589806,manual_A_near_upright
pendulum_pid_ws,BALANCE,21.353,-0.010051,2.938385,0.000129,0.784799994,0.000003097,-0.000175420,0.189831,7,0.000001291,0.000129057,0.000092184,0.000092184,0.000588996,manual_A_near_upright
pendulum_pid_ws,BALANCE,21.405,-0.010042,2.932611,0.000099,0.784799994,0.000003186,-0.000175273,0.186417,7,0.000000986,0.000098564,0.000070403,0.000070403,0.000588282,manual_A_near_upright
pendulum_pid_ws,BALANCE,21.457,-0.010034,2.926944,0.000092,0.784799994,0.000003099,-0.000175118,0.183043,7,0.000000919,0.000091911,0.000065651,0.000065651,0.000587963,manual_A_near_upright
pendulum_pid_ws,BALANCE,21.513,-0.010024,2.921382,-0.000032,0.784799994,0.000004413,-0.000174955,0.179496,7,-0.000000322,-0.000032169,-0.000022978,-0.000022978,0.000584257,manual_A_near_upright
pendulum_pid_ws,BALANCE,21.569,-0.010014,2.915807,0.000006,0.784799994,0.000003618,-0.000174780,0.176001,7,0.000000117,0.000011657,0.000008326,0.000008326,0.000585797,manual_A_near_upright
pendulum_pid_ws,BALANCE,21.626,-0.010004,2.910543,-0.000090,0.784799994,0.000004911,-0.000174610,0.172557,7,-0.000000898,-0.000089848,-0.000064177,-0.000064177,0.000581886,manual_A_near_upright
pendulum_pid_ws,BALANCE,21.683,-0.009995,2.905259,-0.000063,0.784799994,0.000003740,-0.000174447,0.169101,7,-0.000000661,-0.000066098,-0.000047213,-0.000047213,0.000584466,manual_A_near_upright
pendulum_pid_ws,BALANCE,21.744,-0.009986,2.900064,-0.000118,0.784799994,0.000003360,-0.000174296,0.165581,7,-0.000001175,-0.000117536,-0.000083954,-0.000083954,0.000585412,manual_A_near_upright
pendulum_pid_ws,BALANCE,21.795,-0.009978,2.894954,0.000062,0.784799994,0.000001867,-0.000174140,0.162603,7,0.000000620,0.000061997,0.000044284,0.000044284,0.000587596,manual_A_near_upright
pendulum_pid_ws,BALANCE,21.845,-0.009972,2.889938,0.000060,0.784799994,0.000001933,-0.000174040,0.159772,7,0.000000598,0.000059793,0.000042709,0.000042709,0.000587094,manual_A_near_upright
pendulum_pid_ws,BALANCE,21.898,-0.009966,2.885021,0.000012,0.784799994,0.000002133,-0.000173933,0.156860,7,0.000000116,0.000011612,0.000008294,0.000008294,0.000586254,manual_A_near_upright
pendulum_pid_ws,BALANCE,21.948,-0.009960,2.880200,0.000019,0.784799994,0.000002036,-0.000173828,0.154105,7,0.000000193,0.000019343,0.000013816,0.000013816,0.000586440,manual_A_near_upright
pendulum_pid_ws,BALANCE,21.998,-0.009954,2.875474,0.000010,0.784799994,0.000002022,-0.000173727,0.151409,7,0.000000103,0.000010343,0.000007388,0.000007388,0.000586084,manual_A_near_upright
pendulum_pid_ws,BALANCE,22.049,-0.009948,2.870841,-0.000011,0.784799994,0.000002036,-0.000173627,0.148731,7,-0.000000069,-0.000006871,-0.000004908,-0.000004908,0.000585557,manual_A_near_upright
pendulum_pid_ws,BALANCE,22.100,-0.009942,2.866301,-0.000024,0.784799994,0.000002014,-0.000173527,0.146115,7,-0.000000236,-0.000023551,-0.000016822,-0.000016822,0.000585160,manual_A_near_upright
pendulum_pid_ws,BALANCE,22.151,-0.009936,2.861850,-0.000045,0.784799994,0.000002102,-0.000173424,0.143517,7,-0.000000449,-0.000044857,-0.000032041,-0.000032041,0.000584598,manual_A_near_upright
pendulum_pid_ws,BALANCE,22.202,-0.009931,2.857486,-0.000055,0.784799994,0.000002033,-0.000173323,0.140976,7,-0.000000551,-0.000055124,-0.000039375,-0.000039375,0.000584419,manual_A_near_upright
pendulum_pid_ws,BALANCE,22.252,-0.009925,2.853209,-0.000056,0.784799994,0.000001944,-0.000173223,0.138512,7,-0.000000558,-0.000055760,-0.000039828,-0.000039828,0.000584290,manual_A_near_upright
pendulum_pid_ws,BALANCE,22.312,-0.009918,2.848188,-0.000067,0.784799994,0.000001891,-0.000173109,0.135629,7,-0.000000643,-0.000064333,-0.000045952,-0.000045952,0.000584111,manual_A_near_upright
pendulum_pid_ws,BALANCE,22.363,-0.009913,2.844096,-0.000095,0.784799994,0.000002012,-0.000173013,0.133235,7,-0.000000948,-0.000094824,-0.000067731,-0.000067731,0.000583648,manual_A_near_upright
pendulum_pid_ws,BALANCE,22.414,-0.009907,2.840084,-0.000095,0.784799994,0.000001796,-0.000172911,0.130865,7,-0.000000952,-0.000095230,-0.000068021,-0.000068021,0.000583588,manual_A_near_upright
pendulum_pid_ws,BALANCE,22.465,-0.009902,2.836151,-0.000118,0.784799994,0.000001978,-0.000172815,0.128558,7,-0.000001176,-0.000117645,-0.000084032,-0.000084032,0.000582823,manual_A_near_upright
pendulum_pid_ws,BALANCE,22.515,-0.009896,2.832296,-0.000118,0.784799994,0.000001863,-0.000172719,0.126312,7,-0.000001184,-0.000118422,-0.000084587,-0.000084587,0.000582772,manual_A_near_upright
pendulum_pid_ws,BALANCE,22.565,-0.009891,2.828518,-0.000133,0.784799994,0.000001836,-0.000172627,0.124102,7,-0.000001330,-0.000133031,-0.000095022,-0.000095022,0.000582526,manual_A_near_upright
pendulum_pid_ws,BALANCE,22.617,-0.009885,2.824815,-0.000153,0.784799994,0.000001853,-0.000172530,0.121876,7,-0.000001528,-0.000152752,-0.000109109,-0.000109109,0.000582156,manual_A_near_upright
pendulum_pid_ws,BALANCE,22.669,-0.009880,2.821184,-0.000172,0.784799994,0.000001964,-0.000172433,0.119691,7,-0.000001717,-0.000171747,-0.000122676,-0.000122676,0.000581560,manual_A_near_upright
pendulum_pid_ws,BALANCE,22.719,-0.009874,2.817623,-0.000171,0.784799994,0.000001847,-0.000172339,0.117574,7,-0.000001714,-0.000171400,-0.000122428,-0.000122428,0.000581571,manual_A_near_upright
pendulum_pid_ws,BALANCE,22.770,-0.009869,2.814132,-0.000179,0.784799994,0.000001802,-0.000172247,0.115495,7,-0.000001790,-0.000179041,-0.000127887,-0.000127887,0.000581202,manual_A_near_upright
pendulum_pid_ws,BALANCE,22.822,-0.009864,2.810711,-0.000197,0.784799994,0.000001897,-0.000172156,0.113447,7,-0.000001966,-0.000196620,-0.000140443,-0.000140443,0.000580778,manual_A_near_upright
pendulum_pid_ws,BALANCE,22.872,-0.009859,2.807356,-0.000198,0.784799994,0.000001666,-0.000172069,0.111436,7,-0.000001985,-0.000198483,-0.000141774,-0.000141774,0.000580884,manual_A_near_upright
pendulum_pid_ws,BALANCE,22.932,-0.009852,2.804067,-0.000315,0.784799994,0.000002990,-0.000171948,0.109129,7,-0.000003226,-0.000322570,-0.000230407,-0.000230407,0.000576943,manual_A_near_upright
pendulum_pid_ws,BALANCE,22.984,-0.009846,2.800833,-0.000226,0.784799994,0.000001799,-0.000171851,0.107155,7,-0.000002264,-0.000226423,-0.000161731,-0.000161731,0.000578914,manual_A_near_upright
pendulum_pid_ws,BALANCE,23.035,-0.009842,2.797660,-0.000217,0.784799994,0.000001507,-0.000171774,0.105269,7,-0.000002173,-0.000217296,-0.000155212,-0.000155212,0.000580416,manual_A_near_upright
pendulum_pid_ws,BALANCE,23.085,-0.009837,2.794551,-0.000227,0.784799994,0.000001511,-0.000171696,0.103409,7,-0.000002272,-0.000227190,-0.000162278,-0.000162278,0.000580141,manual_A_near_upright
pendulum_pid_ws,BALANCE,23.136,-0.009833,2.791505,-0.000233,0.784799994,0.000001470,-0.000171618,0.101586,7,-0.000002326,-0.000232629,-0.000166164,-0.000166164,0.000579970,manual_A_near_upright
pendulum_pid_ws,BALANCE,23.187,-0.009829,2.788519,-0.000245,0.784799994,0.000001496,-0.000171541,0.099793,7,-0.000002486,-0.000248613,-0.000177581,-0.000177581,0.000579477,manual_A_near_upright
pendulum_pid_ws,BALANCE,23.238,-0.009824,2.785594,-0.000258,0.784799994,0.000001543,-0.000171465,0.098022,7,-0.000002582,-0.000258189,-0.000184421,-0.000184421,0.000579276,manual_A_near_upright
pendulum_pid_ws,BALANCE,23.290,-0.009820,2.782727,-0.000271,0.784799994,0.000001545,-0.000171389,0.096271,7,-0.000002714,-0.000271350,-0.000193822,-0.000193822,0.000579018,manual_A_near_upright
pendulum_pid_ws,BALANCE,23.340,-0.009816,2.779917,-0.000276,0.784799994,0.000001491,-0.000171315,0.094570,7,-0.000002762,-0.000276163,-0.000197259,-0.000197259,0.000578890,manual_A_near_upright
pendulum_pid_ws,BALANCE,23.392,-0.009811,2.777163,-0.000287,0.784799994,0.000001508,-0.000171240,0.092885,7,-0.000002873,-0.000287317,-0.000205226,-0.000205226,0.000578597,manual_A_near_upright
pendulum_pid_ws,BALANCE,23.443,-0.009807,2.774464,-0.000295,0.784799994,0.000001511,-0.000171165,0.091225,7,-0.000002946,-0.000294605,-0.000210432,-0.000210432,0.000578335,manual_A_near_upright
pendulum_pid_ws,BALANCE,23.494,-0.009803,2.771819,-0.000300,0.784799994,0.000001445,-0.000171094,0.089609,7,-0.000002998,-0.000299763,-0.000214117,-0.000214117,0.000578252,manual_A_near_upright
pendulum_pid_ws,BALANCE,23.545,-0.009799,2.769228,-0.000310,0.784799994,0.000001429,-0.000171024,0.088013,7,-0.000003073,-0.000307264,-0.000219474,-0.000219474,0.000578092,manual_A_near_upright
pendulum_pid_ws,BALANCE,23.597,-0.009795,2.766688,-0.000313,0.784799994,0.000001355,-0.000170954,0.086451,7,-0.000003131,-0.000313055,-0.000223611,-0.000223611,0.000577993,manual_A_near_upright
pendulum_pid_ws,BALANCE,23.647,-0.009791,2.764199,-0.000318,0.784799994,0.000001309,-0.000170886,0.084921,7,-0.000003177,-0.000317663,-0.000226902,-0.000226902,0.000577871,manual_A_near_upright
pendulum_pid_ws,BALANCE,23.698,-0.009787,2.761761,-0.000328,0.784799994,0.000001318,-0.000170819,0.083409,7,-0.000003279,-0.000327888,-0.000234206,-0.000234206,0.000577621,manual_A_near_upright
pendulum_pid_ws,BALANCE,23.749,-0.009783,2.759371,-0.000332,0.784799994,0.000001269,-0.000170753,0.081935,7,-0.000003321,-0.000332097,-0.000237212,-0.000237212,0.000577514,manual_A_near_upright
pendulum_pid_ws,BALANCE,23.800,-0.009780,2.757031,-0.000341,0.784799994,0.000001283,-0.000170688,0.080482,7,-0.000003399,-0.000339862,-0.000242759,-0.000242759,0.000577274,manual_A_near_upright
pendulum_pid_ws,BALANCE,23.851,-0.009776,2.754737,-0.000348,0.784799994,0.000001266,-0.000170625,0.079056,7,-0.000003469,-0.000346909,-0.000247792,-0.000247792,0.000577099,manual_A_near_upright
pendulum_pid_ws,BALANCE,23.902,-0.009772,2.752491,-0.000353,0.784799994,0.000001248,-0.000170562,0.077663,7,-0.000003535,-0.000353508,-0.000252506,-0.000252506,0.000576937,manual_A_near_upright
pendulum_pid_ws,BALANCE,23.953,-0.009769,2.750290,-0.000360,0.784799994,0.000001228,-0.000170500,0.076286,7,-0.000003605,-0.000360498,-0.000257498,-0.000257498,0.000576752,manual_A_near_upright
pendulum_pid_ws,BALANCE,24.004,-0.009765,2.748134,-0.000366,0.784799994,0.000001216,-0.000170440,0.074937,7,-0.000003665,-0.000366460,-0.000261757,-0.000261757,0.000576577,manual_A_near_upright
pendulum_pid_ws,BALANCE,24.056,-0.009762,2.746022,-0.000373,0.784799994,0.000001207,-0.000170379,0.073606,7,-0.000003734,-0.000373419,-0.000266728,-0.000266728,0.000576393,manual_A_near_upright
pendulum_pid_ws,BALANCE,24.106,-0.009759,2.743953,-0.000380,0.784799994,0.000001176,-0.000170320,0.072296,7,-0.000003811,-0.000381054,-0.000272182,-0.000272182,0.000576187,manual_A_near_upright
pendulum_pid_ws,BALANCE,24.157,-0.009755,2.741927,-0.000383,0.784799994,0.000001129,-0.000170262,0.071021,7,-0.000003844,-0.000384400,-0.000274572,-0.000274572,0.000576134,manual_A_near_upright
pendulum_pid_ws,BALANCE,24.208,-0.009752,2.739942,-0.000394,0.784799994,0.000001146,-0.000170205,0.069748,7,-0.000003933,-0.000393348,-0.000280963,-0.000280963,0.000575942,manual_A_near_upright
pendulum_pid_ws,BALANCE,24.260,-0.009749,2.737997,-0.000394,0.784799994,0.000001044,-0.000170147,0.068502,7,-0.000003937,-0.000393690,-0.000281207,-0.000281207,0.000575994,manual_A_near_upright
pendulum_pid_ws,BALANCE,24.311,-0.009746,2.736093,-0.000404,0.784799994,0.000001079,-0.000170093,0.067280,7,-0.000004040,-0.000404002,-0.000288573,-0.000288573,0.000575726,manual_A_near_upright
pendulum_pid_ws,BALANCE,24.363,-0.009742,2.734227,-0.000410,0.784799994,0.000001081,-0.000170038,0.066082,7,-0.000004096,-0.000409580,-0.000292557,-0.000292557,0.000575536,manual_A_near_upright
pendulum_pid_ws,BALANCE,24.413,-0.009739,2.732400,-0.000411,0.784799994,0.000001005,-0.000169985,0.064913,7,-0.000004104,-0.000410409,-0.000293149,-0.000293149,0.000575515,manual_A_near_upright
pendulum_pid_ws,BALANCE,24.465,-0.009736,2.730611,-0.000421,0.784799994,0.000001006,-0.000169933,0.063747,7,-0.000004205,-0.000420535,-0.000300382,-0.000300382,0.000575360,manual_A_near_upright
pendulum_pid_ws,BALANCE,24.518,-0.009733,2.728859,-0.000428,0.784799994,0.000001020,-0.000169879,0.062589,7,-0.000004278,-0.000427824,-0.000305588,-0.000305588,0.000575142,manual_A_near_upright
pendulum_pid_ws,BALANCE,24.568,-0.009730,2.727142,-0.000426,0.784799994,0.000000981,-0.000169829,0.061491,7,-0.000004262,-0.000426185,-0.000304418,-0.000304418,0.000575065,manual_A_near_upright
pendulum_pid_ws,BALANCE,24.620,-0.009728,2.725462,-0.000436,0.784799994,0.000001004,-0.000169780,0.060391,7,-0.000004361,-0.000436112,-0.000311509,-0.000311509,0.000574879,manual_A_near_upright
pendulum_pid_ws,BALANCE,24.671,-0.009725,2.723816,-0.000440,0.784799994,0.000000950,-0.000169732,0.059310,7,-0.000004403,-0.000440283,-0.000314488,-0.000314488,0.000574806,manual_A_near_upright
pendulum_pid_ws,BALANCE,24.723,-0.009722,2.722205,-0.000445,0.784799994,0.000000940,-0.000169683,0.058246,7,-0.000004451,-0.000445113,-0.000317938,-0.000317938,0.000574667,manual_A_near_upright
pendulum_pid_ws,BALANCE,24.773,-0.009720,2.720628,-0.000448,0.784799994,0.000000897,-0.000169638,0.057220,7,-0.000004476,-0.000447571,-0.000319693,-0.000319693,0.000574616,manual_A_near_upright
pendulum_pid_ws,BALANCE,24.824,-0.009717,2.719084,-0.000453,0.784799994,0.000000914,-0.000169593,0.056213,7,-0.000004529,-0.000452930,-0.000323522,-0.000323522,0.000574421,manual_A_near_upright
pendulum_pid_ws,BALANCE,24.875,-0.009714,2.717574,-0.000458,0.784799994,0.000000901,-0.000169548,0.055220,7,-0.000004576,-0.000457629,-0.000326878,-0.000326878,0.000574303,manual_A_near_upright
pendulum_pid_ws,BALANCE,24.926,-0.009712,2.716095,-0.000460,0.784799994,0.000000847,-0.000169505,0.054244,7,-0.000004605,-0.000460472,-0.000328908,-0.000328908,0.000574297,manual_A_near_upright
pendulum_pid_ws,BALANCE,24.977,-0.009709,2.714648,-0.000468,0.784799994,0.000000885,-0.000169461,0.053276,7,-0.000004672,-0.000467201,-0.000333715,-0.000333715,0.000574082,manual_A_near_upright
pendulum_pid_ws,BALANCE,25.031,-0.009707,2.713204,-0.000480,0.784799994,0.000000997,-0.000169415,0.052283,7,-0.000004803,-0.000480253,-0.000343038,-0.000343038,0.000573619,manual_A_near_upright
pendulum_pid_ws,BALANCE,25.082,-0.009704,2.711845,-0.000481,0.784799994,0.000000948,-0.000169372,0.051352,7,-0.000004813,-0.000481317,-0.000343798,-0.000343798,0.000573590,manual_A_near_upright
pendulum_pid_ws,BALANCE,25.134,-0.009702,2.710487,-0.000479,0.784799994,0.000000791,-0.000169331,0.050428,7,-0.000004782,-0.000478226,-0.000341590,-0.000341590,0.000573815,manual_A_near_upright
pendulum_pid_ws,BALANCE,25.184,-0.009700,2.709159,-0.000480,0.784799994,0.000000793,-0.000169292,0.049545,7,-0.000004805,-0.000480498,-0.000343213,-0.000343213,0.000573688,manual_A_near_upright
pendulum_pid_ws,BALANCE,25.235,-0.009697,2.707860,-0.000486,0.784799994,0.000000789,-0.000169253,0.048667,7,-0.000004864,-0.000486360,-0.000347400,-0.000347400,0.000573568,manual_A_near_upright
pendulum_pid_ws,BALANCE,25.286,-0.009695,2.706589,-0.000492,0.784799994,0.000000773,-0.000169215,0.047799,7,-0.000004917,-0.000491719,-0.000351228,-0.000351228,0.000573475,manual_A_near_upright
pendulum_pid_ws,BALANCE,25.337,-0.009693,2.705345,-0.000492,0.784799994,0.000000734,-0.000169177,0.046958,7,-0.000004920,-0.000491956,-0.000351397,-0.000351397,0.000573440,manual_A_near_upright
pendulum_pid_ws,BALANCE,25.388,-0.009691,2.704130,-0.000497,0.784799994,0.000000724,-0.000169140,0.046119,7,-0.000004978,-0.000497792,-0.000355566,-0.000355566,0.000573269,manual_A_near_upright
pendulum_pid_ws,BALANCE,25.439,-0.009689,2.702940,-0.000500,0.784799994,0.000000703,-0.000169103,0.045302,7,-0.000005002,-0.000500237,-0.000357312,-0.000357312,0.000573262,manual_A_near_upright
pendulum_pid_ws,BALANCE,25.491,-0.009687,2.701777,-0.000504,0.784799994,0.000000697,-0.000169068,0.044499,7,-0.000005040,-0.000503960,-0.000359971,-0.000359971,0.000573156,manual_A_near_upright
pendulum_pid_ws,BALANCE,25.541,-0.009685,2.700640,-0.000507,0.784799994,0.000000690,-0.000169033,0.043715,7,-0.000005072,-0.000507233,-0.000362309,-0.000362309,0.000573055,manual_A_near_upright
pendulum_pid_ws,BALANCE,25.592,-0.009683,2.699529,-0.000512,0.784799994,0.000000683,-0.000168999,0.042941,7,-0.000005115,-0.000511549,-0.000365392,-0.000365392,0.000572957,manual_A_near_upright
pendulum_pid_ws,BALANCE,25.643,-0.009681,2.698442,-0.000515,0.784799994,0.000000675,-0.000168964,0.042182,7,-0.000005145,-0.000514530,-0.000367521,-0.000367521,0.000572867,manual_A_near_upright
pendulum_pid_ws,BALANCE,25.693,-0.009679,2.697380,-0.000518,0.784799994,0.000000658,-0.000168931,0.041436,7,-0.000005175,-0.000517500,-0.000369643,-0.000369643,0.000572788,manual_A_near_upright
pendulum_pid_ws,BALANCE,25.744,-0.009677,2.696342,-0.000520,0.784799994,0.000000640,-0.000168899,0.040707,7,-0.000005204,-0.000520419,-0.000371728,-0.000371728,0.000572722,manual_A_near_upright
pendulum_pid_ws,BALANCE,25.795,-0.009675,2.695327,-0.000524,0.784799994,0.000000629,-0.000168867,0.039990,7,-0.000005236,-0.000523637,-0.000374027,-0.000374027,0.000572638,manual_A_near_upright
pendulum_pid_ws,BALANCE,25.846,-0.009674,2.694336,-0.000530,0.784799994,0.000000647,-0.000168835,0.039277,7,-0.000005295,-0.000529536,-0.000378240,-0.000378240,0.000572536,manual_A_near_upright
pendulum_pid_ws,BALANCE,25.897,-0.009672,2.693367,-0.000530,0.784799994,0.000000610,-0.000168804,0.038586,7,-0.000005302,-0.000530158,-0.000378685,-0.000378685,0.000572470,manual_A_near_upright
pendulum_pid_ws,BALANCE,25.948,-0.009670,2.692420,-0.000534,0.784799994,0.000000605,-0.000168774,0.037903,7,-0.000005342,-0.000534210,-0.000381579,-0.000381579,0.000572409,manual_A_near_upright
pendulum_pid_ws,BALANCE,25.999,-0.009668,2.691496,-0.000537,0.784799994,0.000000601,-0.000168744,0.037231,7,-0.000005373,-0.000537253,-0.000383752,-0.000383752,0.000572287,manual_A_near_upright
pendulum_pid_ws,BALANCE,26.050,-0.009667,2.690592,-0.000540,0.784799994,0.000000589,-0.000168714,0.036570,7,-0.000005402,-0.000540222,-0.000385873,-0.000385873,0.000572214,manual_A_near_upright
pendulum_pid_ws,BALANCE,26.101,-0.009665,2.689710,-0.000543,0.784799994,0.000000580,-0.000168685,0.035923,7,-0.000005432,-0.000543250,-0.000388036,-0.000388036,0.000572137,manual_A_near_upright
pendulum_pid_ws,BALANCE,26.152,-0.009663,2.688849,-0.000547,0.784799994,0.000000588,-0.000168657,0.035287,7,-0.000005467,-0.000546662,-0.000390473,-0.000390473,0.000572022,manual_A_near_upright
pendulum_pid_ws,BALANCE,26.203,-0.009662,2.688008,-0.000550,0.784799994,0.000000566,-0.000168629,0.034660,7,-0.000005483,-0.000548321,-0.000391658,-0.000391658,0.000572011,manual_A_near_upright
pendulum_pid_ws,BALANCE,26.255,-0.009660,2.687186,-0.000552,0.784799994,0.000000545,-0.000168601,0.034041,7,-0.000005518,-0.000551831,-0.000394165,-0.000394165,0.000571936,manual_A_near_upright
pendulum_pid_ws,BALANCE,26.308,-0.009659,2.686384,-0.000559,0.784799994,0.000000563,-0.000168573,0.033411,7,-0.000005585,-0.000558532,-0.000398951,-0.000398951,0.000571797,manual_A_near_upright
pendulum_pid_ws,BALANCE,26.360,-0.009657,2.685601,-0.000558,0.784799994,0.000000547,-0.000168546,0.032814,7,-0.000005583,-0.000558292,-0.000398780,-0.000398780,0.000571742,manual_A_near_upright
pendulum_pid_ws,BALANCE,26.410,-0.009655,2.684837,-0.000558,0.784799994,0.000000489,-0.000168520,0.032231,7,-0.000005578,-0.000557787,-0.000398419,-0.000398419,0.000571795,manual_A_near_upright
pendulum_pid_ws,BALANCE,26.462,-0.009654,2.684091,-0.000562,0.784799994,0.000000508,-0.000168494,0.031655,7,-0.000005622,-0.000562152,-0.000401537,-0.000401537,0.000571663,manual_A_near_upright
pendulum_pid_ws,BALANCE,26.513,-0.009653,2.683363,-0.000564,0.784799994,0.000000495,-0.000168470,0.031092,7,-0.000005639,-0.000563881,-0.000402772,-0.000402772,0.000571630,manual_A_near_upright
pendulum_pid_ws,BALANCE,26.564,-0.009651,2.682653,-0.000567,0.784799994,0.000000480,-0.000168445,0.030535,7,-0.000005668,-0.000566823,-0.000404873,-0.000404873,0.000571572,manual_A_near_upright
pendulum_pid_ws,BALANCE,26.615,-0.009650,2.681961,-0.000568,0.784799994,0.000000464,-0.000168421,0.029995,7,-0.000005682,-0.000568237,-0.000405884,-0.000405884,0.000571510,manual_A_near_upright
pendulum_pid_ws,BALANCE,26.667,-0.009648,2.681285,-0.000572,0.784799994,0.000000468,-0.000168398,0.029456,7,-0.000005716,-0.000571603,-0.000408288,-0.000408288,0.000571428,manual_A_near_upright
pendulum_pid_ws,BALANCE,26.718,-0.009647,2.680627,-0.000574,0.784799994,0.000000469,-0.000168374,0.028930,7,-0.000005743,-0.000574264,-0.000410189,-0.000410189,0.000571348,manual_A_near_upright
pendulum_pid_ws,BALANCE,26.770,-0.009646,2.679985,-0.000576,0.784799994,0.000000455,-0.000168352,0.028411,7,-0.000005765,-0.000576468,-0.000411763,-0.000411763,0.000571318,manual_A_near_upright
pendulum_pid_ws,BALANCE,26.821,-0.009645,2.679360,-0.000578,0.784799994,0.000000433,-0.000168329,0.027907,7,-0.000005768,-0.000576839,-0.000412028,-0.000412028,0.000571261,manual_A_near_upright
pendulum_pid_ws,BALANCE,26.872,-0.009643,2.678750,-0.000580,0.784799994,0.000000429,-0.000168308,0.027412,7,-0.000005802,-0.000580226,-0.000414447,-0.000414447,0.000571217,manual_A_near_upright
pendulum_pid_ws,BALANCE,26.923,-0.009642,2.678157,-0.000582,0.784799994,0.000000430,-0.000168286,0.026926,7,-0.000005820,-0.000581991,-0.000415708,-0.000415708,0.000571172,manual_A_near_upright
pendulum_pid_ws,BALANCE,26.974,-0.009641,2.677579,-0.000584,0.784799994,0.000000417,-0.000168265,0.026448,7,-0.000005842,-0.000584192,-0.000417280,-0.000417280,0.000571096,manual_A_near_upright
pendulum_pid_ws,BALANCE,27.025,-0.009640,2.677016,-0.000586,0.784799994,0.000000407,-0.000168245,0.025978,7,-0.000005862,-0.000586187,-0.000418705,-0.000418705,0.000571042,manual_A_near_upright
pendulum_pid_ws,BALANCE,27.076,-0.009639,2.676468,-0.000588,0.784799994,0.000000395,-0.000168225,0.025517,7,-0.000005879,-0.000587924,-0.000419946,-0.000419946,0.000571000,manual_A_near_upright
pendulum_pid_ws,BALANCE,27.128,-0.009637,2.675934,-0.000591,0.784799994,0.000000399,-0.000168205,0.025059,7,-0.000005908,-0.000590838,-0.000422027,-0.000422027,0.000570939,manual_A_near_upright
pendulum_pid_ws,BALANCE,27.179,-0.009636,2.675415,-0.000592,0.784799994,0.000000391,-0.000168185,0.024615,7,-0.000005922,-0.000592239,-0.000423028,-0.000423028,0.000570906,manual_A_near_upright
pendulum_pid_ws,BALANCE,27.230,-0.009635,2.674910,-0.000594,0.784799994,0.000000386,-0.000168166,0.024179,7,-0.000005942,-0.000594195,-0.000424425,-0.000424425,0.000570850,manual_A_near_upright
pendulum_pid_ws,BALANCE,27.281,-0.009634,2.674419,-0.000596,0.784799994,0.000000377,-0.000168147,0.023747,7,-0.000005961,-0.000596108,-0.000425792,-0.000425792,0.000570800,manual_A_near_upright
pendulum_pid_ws,BALANCE,27.333,-0.009633,2.673942,-0.000598,0.784799994,0.000000368,-0.000168129,0.023322,7,-0.000005980,-0.000597980,-0.000427129,-0.000427129,0.000570760,manual_A_near_upright
pendulum_pid_ws,BALANCE,27.384,-0.009632,2.673478,-0.000600,0.784799994,0.000000364,-0.000168111,0.022906,7,-0.000005997,-0.000599727,-0.000428376,-0.000428376,0.000570720,manual_A_near_upright
pendulum_pid_ws,BALANCE,27.435,-0.009631,2.673027,-0.000601,0.784799994,0.000000350,-0.000168093,0.022499,7,-0.000006013,-0.000601308,-0.000429506,-0.000429506,0.000570677,manual_A_near_upright
pendulum_pid_ws,BALANCE,27.486,-0.009630,2.672589,-0.000603,0.784799994,0.000000344,-0.000168075,0.022099,7,-0.000006030,-0.000602956,-0.000430683,-0.000430683,0.000570631,manual_A_near_upright
pendulum_pid_ws,BALANCE,27.538,-0.009629,2.672163,-0.000605,0.784799994,0.000000341,-0.000168058,0.021704,7,-0.000006049,-0.000604936,-0.000432097,-0.000432097,0.000570585,manual_A_near_upright
pendulum_pid_ws,BALANCE,27.589,-0.009628,2.671750,-0.000606,0.784799994,0.000000334,-0.000168041,0.021319,7,-0.000006064,-0.000606398,-0.000433141,-0.000433141,0.000570541,manual_A_near_upright
pendulum_pid_ws,BALANCE,27.640,-0.009627,2.671350,-0.000608,0.784799994,0.000000328,-0.000168025,0.020936,7,-0.000006083,-0.000608259,-0.000434470,-0.000434470,0.000570494,manual_A_near_upright
pendulum_pid_ws,BALANCE,27.692,-0.009626,2.670961,-0.000610,0.784799994,0.000000317,-0.000168009,0.020564,7,-0.000006093,-0.000609264,-0.000435189,-0.000435189,0.000570475,manual_A_near_upright
pendulum_pid_ws,BALANCE,27.743,-0.009625,2.670584,-0.000612,0.784799994,0.000000318,-0.000167993,0.020196,7,-0.000006118,-0.000611799,-0.000436999,-0.000436999,0.000570411,manual_A_near_upright
pendulum_pid_ws,BALANCE,27.795,-0.009624,2.670218,-0.000613,0.784799994,0.000000312,-0.000167977,0.019835,7,-0.000006132,-0.000613222,-0.000438016,-0.000438016,0.000570372,manual_A_near_upright
pendulum_pid_ws,BALANCE,27.846,-0.009623,2.669864,-0.000615,0.784799994,0.000000305,-0.000167961,0.019480,7,-0.000006144,-0.000614401,-0.000438858,-0.000438858,0.000570344,manual_A_near_upright
pendulum_pid_ws,BALANCE,27.897,-0.009623,2.669522,-0.000616,0.784799994,0.000000298,-0.000167946,0.019136,7,-0.000006157,-0.000615678,-0.000439770,-0.000439770,0.000570308,manual_A_near_upright
pendulum_pid_ws,BALANCE,27.948,-0.009622,2.669190,-0.000618,0.784799994,0.000000294,-0.000167932,0.018794,7,-0.000006173,-0.000617326,-0.000440947,-0.000440947,0.000570267,manual_A_near_upright
pendulum_pid_ws,BALANCE,27.999,-0.009621,2.668869,-0.000619,0.784799994,0.000000288,-0.000167917,0.018460,7,-0.000006187,-0.000618728,-0.000441948,-0.000441948,0.000570233,manual_A_near_upright
pendulum_pid_ws,BALANCE,28.051,-0.009620,2.668558,-0.000620,0.784799994,0.000000284,-0.000167903,0.018132,7,-0.000006202,-0.000620191,-0.000442994,-0.000442994,0.000570200,manual_A_near_upright
pendulum_pid_ws,BALANCE,28.102,-0.009619,2.668258,-0.000622,0.784799994,0.000000279,-0.000167889,0.017811,7,-0.000006215,-0.000621468,-0.000443905,-0.000443905,0.000570165,manual_A_near_upright
pendulum_pid_ws,BALANCE,28.153,-0.009619,2.667968,-0.000623,0.784799994,0.000000273,-0.000167875,0.017496,7,-0.000006229,-0.000622854,-0.000444896,-0.000444896,0.000570129,manual_A_near_upright
pendulum_pid_ws,BALANCE,28.204,-0.009618,2.667688,-0.000625,0.784799994,0.000000268,-0.000167862,0.017183,7,-0.000006246,-0.000624601,-0.000446144,-0.000446144,0.000570086,manual_A_near_upright
pendulum_pid_ws,BALANCE,28.255,-0.009617,2.667418,-0.000626,0.784799994,0.000000263,-0.000167848,0.016879,7,-0.000006259,-0.000625880,-0.000447057,-0.000447057,0.000570052,manual_A_near_upright
pendulum_pid_ws,BALANCE,28.307,-0.009616,2.667158,-0.000627,0.784799994,0.000000260,-0.000167835,0.016577,7,-0.000006273,-0.000627299,-0.000448071,-0.000448071,0.000570016,manual_A_near_upright
pendulum_pid_ws,BALANCE,28.358,-0.009616,2.666907,-0.000629,0.784799994,0.000000254,-0.000167822,0.016283,7,-0.000006285,-0.000628504,-0.000448931,-0.000448931,0.000569986,manual_A_near_upright
pendulum_pid_ws,BALANCE,28.408,-0.009615,2.666665,-0.000630,0.784799994,0.000000250,-0.000167810,0.015994,7,-0.000006295,-0.000629474,-0.000449624,-0.000449624,0.000569961,manual_A_near_upright
pendulum_pid_ws,BALANCE,28.460,-0.009614,2.666433,-0.000631,0.784799994,0.000000245,-0.000167797,0.015708,7,-0.000006310,-0.000630996,-0.000450711,-0.000450711,0.000569922,manual_A_near_upright
pendulum_pid_ws,BALANCE,28.511,-0.009613,2.666209,-0.000632,0.784799994,0.000000241,-0.000167785,0.015430,7,-0.000006322,-0.000632176,-0.000451554,-0.000451554,0.000569892,manual_A_near_upright
pendulum_pid_ws,BALANCE,28.562,-0.009613,2.665995,-0.000633,0.784799994,0.000000236,-0.000167773,0.015156,7,-0.000006334,-0.000633373,-0.000452409,-0.000452409,0.000569862,manual_A_near_upright
pendulum_pid_ws,BALANCE,28.613,-0.009612,2.665789,-0.000635,0.784799994,0.000000232,-0.000167762,0.014888,7,-0.000006343,-0.000634314,-0.000453082,-0.000453082,0.000569838,manual_A_near_upright
pendulum_pid_ws,BALANCE,28.664,-0.009611,2.665591,-0.000636,0.784799994,0.000000229,-0.000167750,0.014624,7,-0.000006355,-0.000635491,-0.000453922,-0.000453922,0.000569808,manual_A_near_upright
pendulum_pid_ws,BALANCE,28.716,-0.009611,2.665402,-0.000637,0.784799994,0.000000224,-0.000167739,0.014363,7,-0.000006368,-0.000636803,-0.000454859,-0.000454859,0.000569776,manual_A_near_upright
pendulum_pid_ws,BALANCE,28.767,-0.009610,2.665221,-0.000638,0.784799994,0.000000220,-0.000167728,0.014107,7,-0.000006377,-0.000637712,-0.000455508,-0.000455508,0.000569752,manual_A_near_upright
pendulum_pid_ws,BALANCE,28.818,-0.009609,2.665049,-0.000639,0.784799994,0.000000216,-0.000167717,0.013857,7,-0.000006390,-0.000639026,-0.000456447,-0.000456447,0.000569719,manual_A_near_upright
pendulum_pid_ws,BALANCE,28.869,-0.009609,2.664884,-0.000640,0.784799994,0.000000212,-0.000167706,0.013610,7,-0.000006399,-0.000639901,-0.000457072,-0.000457072,0.000569696,manual_A_near_upright
pendulum_pid_ws,BALANCE,28.921,-0.009608,2.664727,-0.000641,0.784799994,0.000000207,-0.000167696,0.013367,7,-0.000006410,-0.000641046,-0.000457890,-0.000457890,0.000569669,manual_A_near_upright
pendulum_pid_ws,BALANCE,28.972,-0.009608,2.664577,-0.000642,0.784799994,0.000000205,-0.000167686,0.013129,7,-0.000006421,-0.000642127,-0.000458662,-0.000458662,0.000569646,manual_A_near_upright
pendulum_pid_ws,BALANCE,29.023,-0.009607,2.664435,-0.000643,0.784799994,0.000000201,-0.000167675,0.012894,7,-0.000006429,-0.000642937,-0.000459241,-0.000459241,0.000569620,manual_A_near_upright
pendulum_pid_ws,BALANCE,29.074,-0.009607,2.664301,-0.000644,0.784799994,0.000000198,-0.000167665,0.012666,7,-0.000006440,-0.000643959,-0.000459971,-0.000459971,0.000569592,manual_A_near_upright
pendulum_pid_ws,BALANCE,29.126,-0.009606,2.664173,-0.000645,0.784799994,0.000000191,-0.000167656,0.012440,7,-0.000006450,-0.000644966,-0.000460690,-0.000460690,0.000569570,manual_A_near_upright
pendulum_pid_ws,BALANCE,29.177,-0.009605,2.664053,-0.000646,0.784799994,0.000000190,-0.000167646,0.012220,7,-0.000006462,-0.000646170,-0.000461550,-0.000461550,0.000569540,manual_A_near_upright
pendulum_pid_ws,BALANCE,29.228,-0.009605,2.663940,-0.000647,0.784799994,0.000000185,-0.000167637,0.012001,7,-0.000006467,-0.000646654,-0.000461896,-0.000461896,0.000569528,manual_A_near_upright
pendulum_pid_ws,BALANCE,29.279,-0.009604,2.663834,-0.000648,0.784799994,0.000000182,-0.000167628,0.011787,7,-0.000006477,-0.000647658,-0.000462613,-0.000462613,0.000569497,manual_A_near_upright
pendulum_pid_ws,BALANCE,29.331,-0.009604,2.663734,-0.000649,0.784799994,0.000000181,-0.000167618,0.011576,7,-0.000006489,-0.000648874,-0.000463481,-0.000463481,0.000569468,manual_A_near_upright
pendulum_pid_ws,BALANCE,29.381,-0.009603,2.663641,-0.000650,0.784799994,0.000000180,-0.000167610,0.011371,7,-0.000006498,-0.000649759,-0.000464113,-0.000464113,0.000569446,manual_A_near_upright
pendulum_pid_ws,BALANCE,29.433,-0.009603,2.663555,-0.000651,0.784799994,0.000000178,-0.000167601,0.011170,7,-0.000006508,-0.000650846,-0.000464890,-0.000464890,0.000569415,manual_A_near_upright
pendulum_pid_ws,BALANCE,29.483,-0.009602,2.663475,-0.000651,0.784799994,0.000000170,-0.000167592,0.010972,7,-0.000006515,-0.000651471,-0.000465336,-0.000465336,0.000569405,manual_A_near_upright
pendulum_pid_ws,BALANCE,29.535,-0.009602,2.663401,-0.000652,0.784799994,0.000000167,-0.000167584,0.010777,7,-0.000006523,-0.000652281,-0.000465915,-0.000465915,0.000569383,manual_A_near_upright
pendulum_pid_ws,BALANCE,29.586,-0.009601,2.663333,-0.000653,0.784799994,0.000000166,-0.000167575,0.010586,7,-0.000006533,-0.000653277,-0.000466626,-0.000466626,0.000569359,manual_A_near_upright
pendulum_pid_ws,BALANCE,29.637,-0.009601,2.663271,-0.000654,0.784799994,0.000000163,-0.000167567,0.010398,7,-0.000006540,-0.000654013,-0.000467152,-0.000467152,0.000569337,manual_A_near_upright
pendulum_pid_ws,BALANCE,29.688,-0.009600,2.663216,-0.000655,0.784799994,0.000000160,-0.000167559,0.010214,7,-0.000006547,-0.000654747,-0.000467676,-0.000467676,0.000569321,manual_A_near_upright
pendulum_pid_ws,BALANCE,29.739,-0.009600,2.663166,-0.000656,0.784799994,0.000000156,-0.000167551,0.010033,7,-0.000006557,-0.000655650,-0.000468322,-0.000468322,0.000569300,manual_A_near_upright
pendulum_pid_ws,BALANCE,29.790,-0.009600,2.663121,-0.000656,0.784799994,0.000000154,-0.000167544,0.009854,7,-0.000006561,-0.000656062,-0.000468616,-0.000468616,0.000569280,manual_A_near_upright
pendulum_pid_ws,BALANCE,29.840,-0.009599,2.663083,-0.000657,0.784799994,0.000000151,-0.000167536,0.009680,7,-0.000006571,-0.000657146,-0.000469390,-0.000469390,0.000569259,manual_A_near_upright
pendulum_pid_ws,BALANCE,29.891,-0.009599,2.663050,-0.000658,0.784799994,0.000000149,-0.000167528,0.009509,7,-0.000006580,-0.000657951,-0.000469965,-0.000469965,0.000569241,manual_A_near_upright
pendulum_pid_ws,BALANCE,29.942,-0.009598,2.663022,-0.000659,0.784799994,0.000000145,-0.000167521,0.009341,7,-0.000006585,-0.000658543,-0.000470388,-0.000470388,0.000569230,manual_A_near_upright
pendulum_pid_ws,BALANCE,29.993,-0.009598,2.663000,-0.000659,0.784799994,0.000000142,-0.000167514,0.009177,7,-0.000006592,-0.000659212,-0.000470866,-0.000470866,0.000569211,manual_A_near_upright
pendulum_pid_ws,BALANCE,30.044,-0.009597,2.662982,-0.000660,0.784799994,0.000000139,-0.000167507,0.009014,7,-0.000006598,-0.000659844,-0.000471317,-0.000471317,0.000569189,manual_A_near_upright
pendulum_pid_ws,BALANCE,30.095,-0.009597,2.662970,-0.000661,0.784799994,0.000000135,-0.000167500,0.008855,7,-0.000006606,-0.000660569,-0.000471835,-0.000471835,0.000569175,manual_A_near_upright
pendulum_pid_ws,BALANCE,30.146,-0.009597,2.662963,-0.000661,0.784799994,0.000000132,-0.000167493,0.008697,7,-0.000006611,-0.000661145,-0.000472247,-0.000472247,0.000569159,manual_A_near_upright
pendulum_pid_ws,BALANCE,30.197,-0.009596,2.662961,-0.000665,0.784799994,0.000000224,-0.000167486,0.008543,7,-0.000006621,-0.000662086,-0.000472919,-0.000472919,0.000569137,manual_A_near_upright
pendulum_pid_ws,BALANCE,30.248,-0.009595,2.662961,-0.000642,0.784799994,0.000000643,-0.000167461,0.008391,7,-0.000006423,-0.000642300,-0.000458786,-0.000458786,0.000567825,manual_A_near_upright
pendulum_pid_ws,BALANCE,30.299,-0.009594,2.662961,-0.000593,0.784799994,0.000000410,-0.000167440,0.008243,7,-0.000005928,-0.000592792,-0.000423423,-0.000423423,0.000568312,manual_A_near_upright
pendulum_pid_ws,BALANCE,30.350,-0.009593,2.662961,-0.000546,0.784799995,0.000000283,-0.000167422,0.008097,7,-0.000005459,-0.000545908,-0.000389935,-0.000389935,0.000568557,manual_A_near_upright
pendulum_pid_ws,BALANCE,30.402,-0.009592,2.662961,-0.000508,0.784799995,0.000000407,-0.000167403,0.007953,7,-0.000005075,-0.000507539,-0.000362528,-0.000362528,0.000568196,manual_A_near_upright
pendulum_pid_ws,BALANCE,30.452,-0.009590,2.662961,-0.000462,0.784799995,0.000000353,-0.000167386,0.007812,7,-0.000004618,-0.000461781,-0.000329843,-0.000329843,0.000568265,manual_A_near_upright
pendulum_pid_ws,BALANCE,30.503,-0.009590,2.662961,-0.000415,0.784799995,0.000000289,-0.000167370,0.007675,7,-0.000004147,-0.000414669,-0.000296192,-0.000296192,0.000568363,manual_A_near_upright
